{"type": "FeatureCollection", "features": [{"id": "17", "type": "Feature", "properties": {"iso3": "SGS", "name": "S. Geo. and the Is."}, "geometry": {"type": "MultiPolygon", "coordinates": [[[[-26.259863281249977, -58.492285156250006], [-26.451025390625006, -58.41533203125002], [-26.303466796875, -58.382226562499994], [-26.259863281249977, -58.492285156250006]]], [[[-36.32646484374999, -54.25117187500001], [-35.798583984375, -54.76347656250002], [-36.08549804687499, -54.866796875000006], [-36.885986328125, -54.339453125000006], [-38.017431640625006, -54.00800781250001], [-37.382226562499994, -53.98408203125001], [-36.32646484374999, -54.25117187500001]]]]}}, {"id": "22", "type": "Feature", "properties": {"iso3": "FLK", "name": "Falkland Is."}, "geometry": {"type": "MultiPolygon", "coordinates": [[[[-58.42583007812499, -51.32421875], [-58.508935546874994, -51.48359375000001], [-58.27158203124999, -51.57470703125], [-58.259228515625, -51.417089843750006], [-57.976513671875, -51.384375000000006], [-57.808496093749994, -51.517968749999994], [-57.96044921875, -51.58320312500001], [-57.79179687499999, -51.636132812499994], [-58.683496093749994, -51.93623046875001], [-58.652783203125, -52.099218750000006], [-59.19584960937499, -52.017675781250006], [-59.068017578124994, -52.17304687500001], [-59.5322265625, -52.236425781250006], [-59.64873046874999, -52.134375000000006], [-59.57080078125, -51.925390625000006], [-59.059521484375, -51.685449218749994], [-59.096630859375, -51.49140625000001], [-58.85019531249999, -51.269921874999994], [-58.42583007812499, -51.32421875]]], [[[-59.387597656249994, -51.359960937500006], [-59.26806640625, -51.42753906250002], [-60.384228515625, -52.15400390625001], [-60.96142578125, -52.05732421875001], [-60.2384765625, -51.77197265625], [-60.58251953125, -51.71269531250002], [-60.24516601562499, -51.63886718750001], [-60.56845703124999, -51.357812499999994], [-60.28623046874999, -51.4619140625], [-59.387597656249994, -51.359960937500006]]], [[[-60.8759765625, -51.79423828125002], [-60.94755859374999, -51.9462890625], [-61.14501953125, -51.839453125000006], [-60.8759765625, -51.79423828125002]]], [[[-58.43271484374999, -52.099023437499994], [-58.541406249999994, -52.028417968750006], [-58.4970703125, -51.999414062499994], [-58.43271484374999, -52.099023437499994]]], [[[-60.24882812499999, -51.39599609375], [-60.275341796875, -51.28056640625002], [-60.06982421875, -51.30791015625002], [-60.24882812499999, -51.39599609375]]], [[[-59.76445312499999, -52.2421875], [-59.79331054687499, -52.134179687499994], [-59.68100585937499, -52.180078124999994], [-59.76445312499999, -52.2421875]]]]}}, {"id": "8", "type": "Feature", "properties": {"iso3": "URY", "name": "Uruguay"}, "geometry": {"type": "Polygon", "coordinates": [[[-53.785302734374994, -34.38037109375], [-54.902294921875, -34.93281250000001], [-55.67314453124999, -34.77568359375], [-56.249951171875, -34.90126953125001], [-57.17070312499999, -34.45234375000001], [-57.8732421875, -34.44765625000001], [-58.438134765624994, -33.71914062500001], [-58.363525390625, -33.18232421875001], [-58.092675781249994, -32.967382812500006], [-58.18901367187499, -31.92421875000001], [-57.98886718749999, -31.62060546875], [-57.872509765625, -30.59101562500001], [-57.645751953125, -30.22695312500001], [-57.21445312499999, -30.28339843750001], [-56.83271484375, -30.107226562500003], [-56.044824218749994, -30.777636718750003], [-56.00468749999999, -31.079199218750006], [-55.60302734375, -30.85078125000001], [-55.17353515625, -31.279589843750003], [-54.587646484375, -31.485156250000003], [-53.76171875, -32.05683593750001], [-53.601708984374994, -32.40302734375001], [-53.12558593749999, -32.73671875000001], [-53.53134765624999, -33.1708984375], [-53.53134765624999, -33.65546875000001], [-53.37060546875, -33.7421875], [-53.785302734374994, -34.38037109375]]]}}, {"id": "92", "type": "Feature", "properties": {"iso3": "NZL", "name": "New Zealand"}, "geometry": {"type": "MultiPolygon", "coordinates": [[[[173.94716796875002, -40.92412109375002], [173.7978515625, -41.27197265625], [173.99941406250002, -40.993261718750006], [174.30253906250005, -41.01953125], [174.03857421875, -41.24189453125001], [174.3701171875, -41.10371093750001], [174.0693359375, -41.42949218750002], [174.21542968750003, -41.850195312500006], [173.22119140625, -42.9765625], [172.6240234375, -43.2724609375], [172.73476562500002, -43.35478515625002], [172.52666015625005, -43.464746093749994], [173.0732421875, -43.676171874999994], [173.0939453125, -43.844140624999994], [172.50273437500005, -43.843652343749994], [172.48037109375002, -43.726660156250006], [172.29658203125, -43.86787109375001], [172.03554687500002, -43.701757812500006], [172.17978515625003, -43.89599609375], [171.24072265625, -44.26416015625], [171.14628906250005, -44.91230468750001], [170.9990234375, -44.91142578125002], [171.11328125, -45.03925781250001], [170.70058593750002, -45.68427734375001], [170.77626953125002, -45.87089843750002], [170.33544921875, -45.991796875000006], [169.68662109375003, -46.551660156249994], [169.0986328125, -46.63066406250002], [168.38212890625005, -46.605371093749994], [168.18916015625, -46.362207031249994], [167.8419921875, -46.3662109375], [167.53945312500002, -46.148535156250006], [166.83076171875, -46.225488281249994], [166.712109375, -46.133691406249994], [166.91669921875, -45.95722656250001], [166.4931640625, -45.9638671875], [166.512890625, -45.81171875000001], [167.00332031250002, -45.71210937500001], [166.79765625000005, -45.645605468750006], [166.99082031250003, -45.53173828125], [166.73398437500003, -45.543554687500006], [166.86923828125003, -45.31123046875001], [167.15566406250002, -45.41093750000002], [167.23007812500003, -45.29033203125002], [167.02587890625, -45.123632812500006], [167.25947265625, -45.08222656250001], [167.171875, -44.9970703125], [167.41074218750003, -44.82792968750002], [167.46621093750002, -44.95830078125002], [167.48496093750003, -44.771386718749994], [167.78701171875002, -44.59501953125002], [167.90898437500005, -44.66474609375001], [167.85654296875003, -44.50068359375001], [168.36660156250002, -44.08203125], [169.17890625, -43.9130859375], [169.16953125000003, -43.77705078125001], [170.39609375000003, -43.182226562500006], [170.30283203125003, -43.10761718750001], [170.73525390625002, -43.02978515625], [170.969921875, -42.718359375000006], [171.03837890625005, -42.86210937500002], [171.48623046875002, -41.79472656250002], [171.94804687500005, -41.538671875000006], [172.27275390625005, -40.758691406249994], [172.640625, -40.51826171875001], [172.94365234375005, -40.51875000000001], [172.70439453125005, -40.66777343750002], [172.98867187500002, -40.848242187500006], [173.11533203125003, -41.279296875], [173.94716796875002, -40.92412109375002]]], [[[173.78085937500003, -40.921777343749994], [173.96445312500003, -40.712988281250006], [173.91464843750003, -40.863671874999994], [173.78085937500003, -40.921777343749994]]], [[[166.72919921875, -45.72968750000001], [166.53203125000005, -45.699804687500006], [166.68564453125003, -45.61503906250002], [166.72919921875, -45.72968750000001]]], [[[167.02265625, -45.2998046875], [166.89267578125003, -45.24052734375002], [166.9794921875, -45.1796875], [167.02265625, -45.2998046875]]], [[[168.0431640625, -46.9326171875], [168.24091796875, -47.07001953125001], [167.52197265625, -47.258691406249994], [167.80078125, -46.90654296875002], [167.78398437500005, -46.699804687500006], [168.14492187500002, -46.862207031249994], [168.0431640625, -46.9326171875]]], [[[175.55117187500002, -36.33388671875001], [175.34619140625, -36.2177734375], [175.38955078125002, -36.077734375000006], [175.55117187500002, -36.33388671875001]]], [[[173.44785156250003, -34.844335937500006], [174.10400390625, -35.14287109375], [174.14316406250003, -35.30000000000001], [174.3203125, -35.246679687500006], [174.58066406250003, -35.78554687500001], [174.39580078125005, -35.79736328125], [174.80214843750002, -36.30947265625001], [174.72246093750005, -36.84121093750001], [175.54248046875, -37.20136718750001], [175.46083984375002, -36.475683593750006], [175.77216796875, -36.73515625], [176.1083984375, -37.645117187500006], [177.27402343750003, -37.99345703125], [178.00917968750002, -37.55488281250001], [178.53623046875003, -37.69208984375001], [178.26767578125003, -38.551171874999994], [177.97617187500003, -38.722265625000006], [177.90878906250003, -39.23955078125002], [177.52294921875, -39.073828125000006], [177.07675781250003, -39.221777343750006], [176.93925781250005, -39.555273437500006], [177.10986328125, -39.67314453125002], [176.84218750000002, -40.157812500000006], [175.98291015625, -41.213281249999994], [175.309765625, -41.61064453125002], [175.16562500000003, -41.417382812499994], [174.88134765625, -41.42402343750001], [174.86562500000002, -41.223046874999994], [174.63535156250003, -41.289453124999994], [175.16250000000002, -40.62158203125], [175.15595703125, -40.11494140625001], [173.763671875, -39.318749999999994], [173.84433593750003, -39.13935546875001], [174.59736328125, -38.785058593749994], [174.92802734375005, -37.8044921875], [174.58583984375002, -37.097753906250006], [174.73427734375002, -37.21523437500001], [174.92890625, -37.084765625], [174.4755859375, -36.94189453125], [174.18886718750002, -36.492285156250006], [174.4015625, -36.60195312500001], [174.3927734375, -36.2400390625], [174.03642578125005, -36.12246093750001], [173.91445312500002, -35.90869140625], [173.91728515625005, -36.018164062500006], [174.16640625000002, -36.32763671875], [174.0546875, -36.35976562500001], [173.41220703125003, -35.542578125000006], [173.626171875, -35.319140625], [173.31396484375, -35.443359375], [173.11669921875, -35.20527343750001], [173.190625, -35.016210937500006], [172.70595703125002, -34.455175781250006], [173.0439453125, -34.42910156250001], [172.96376953125002, -34.53515625], [173.26943359375002, -34.93476562500001], [173.44785156250003, -34.844335937500006]]], [[[169.23349609375003, -52.548242187499994], [169.02177734375005, -52.49541015625002], [169.12861328125, -52.48515625000002], [169.23349609375003, -52.548242187499994]]], [[[166.24287109375, -50.845703125], [165.88916015625, -50.807714843750006], [166.10136718750005, -50.538964843749994], [166.26748046875002, -50.55859375], [166.24287109375, -50.845703125]]], [[[-176.516552734375, -43.784765625000006], [-176.33359375, -44.025292968749994], [-176.51552734375, -44.116601562499994], [-176.629345703125, -44.0361328125], [-176.555126953125, -43.851953124999994], [-176.84765625, -43.82392578125001], [-176.17763671875, -43.740332031250006], [-176.516552734375, -43.784765625000006]]], [[[-176.22080078125, -44.33056640625], [-176.229296875, -44.236718749999994], [-176.12255859375, -44.268457031249994], [-176.22080078125, -44.33056640625]]], [[[-172.48369140625, -8.582910156250009], [-172.497021484375, -8.546484375000006], [-172.481103515625, -8.567480468750006], [-172.48369140625, -8.582910156250009]]], [[[-171.200048828125, -9.3447265625], [-171.204443359375, -9.333300781250003], [-171.19443359375, -9.338769531250009], [-171.200048828125, -9.3447265625]]]]}}, {"id": "81", "type": "Feature", "properties": {"iso3": "PRY", "name": "Paraguay"}, "geometry": {"type": "Polygon", "coordinates": [[[-57.830224609374994, -20.99794921875001], [-57.95590820312499, -22.109179687500003], [-56.937255859375, -22.271289062500003], [-56.44780273437499, -22.076171875], [-56.246044921875, -22.2646484375], [-55.84916992187499, -22.3076171875], [-55.61767578125, -22.671484375000006], [-55.415917968749994, -23.95136718750001], [-55.1943359375, -24.01748046875001], [-54.62548828125, -23.8125], [-54.24179687499999, -24.04726562500001], [-54.755078125, -26.53291015625001], [-55.1359375, -26.93115234375], [-55.426660156249994, -27.00927734375], [-55.71464843749999, -27.414843750000003], [-56.1640625, -27.32148437500001], [-56.437158203124994, -27.553808593750006], [-58.60483398437499, -27.31435546875001], [-58.618603515625, -27.132128906250003], [-58.191308593749994, -26.629980468750006], [-58.11113281249999, -26.18017578125], [-57.571679687499994, -25.5341796875], [-57.64389648437499, -25.328417968750003], [-59.892480468749994, -24.093554687500003], [-61.03291015625, -23.755664062500003], [-61.79853515625, -23.18203125000001], [-62.65097656249999, -22.233691406250003], [-62.27666015624999, -21.066015625000006], [-62.276318359375, -20.5625], [-61.7568359375, -19.645312500000003], [-60.00737304687499, -19.29755859375001], [-59.09052734375, -19.286230468750006], [-58.18017578125, -19.81787109375], [-57.830224609374994, -20.99794921875001]]]}}, {"id": "169", "type": "Feature", "properties": {"iso3": "FJI", "name": "Fiji"}, "geometry": {"type": "MultiPolygon", "coordinates": [[[[179.56416015625, -16.63691406250001], [179.56816406250005, -16.74746093750001], [179.93037109375, -16.51943359375001], [179.9279296875, -16.744433593750003], [179.41933593750002, -16.80654296875001], [179.20234375, -16.712695312500003], [178.70664062500003, -16.976171875000006], [178.49746093750002, -16.787890625000003], [178.58359375000003, -16.621875000000003], [179.99921875, -16.168554687500006], [179.56416015625, -16.63691406250001]]], [[[178.59160156250005, -17.651464843750006], [178.66767578125, -18.080859375000003], [177.95546875000002, -18.26406250000001], [177.32138671875003, -18.07753906250001], [177.26396484375005, -17.86347656250001], [177.50449218750003, -17.53955078125], [178.18759765625003, -17.31298828125], [178.59160156250005, -17.651464843750006]]], [[[-180.0, -16.78554687500001], [-179.860986328125, -16.688281250000003], [-179.822314453125, -16.76533203125001], [-179.97490234375, -16.9248046875], [-180.0, -16.78554687500001]]], [[[179.89697265625, -16.96406250000001], [180.0, -16.785742187500006], [179.99921875, -16.85878906250001], [179.89697265625, -16.96406250000001]]], [[[178.162109375, -19.12148437500001], [177.95869140625, -19.12158203125], [178.33427734375005, -18.93447265625001], [178.48789062500003, -18.97412109375], [178.162109375, -19.12148437500001]]], [[[-179.039208984375, -17.988378906250006], [-179.07900390625, -17.944140625000003], [-179.047607421875, -17.92041015625], [-179.039208984375, -17.988378906250006]]], [[[-178.7736328125, -18.25244140625], [-178.847900390625, -18.20205078125001], [-178.7630859375, -18.19140625], [-178.7736328125, -18.25244140625]]], [[[-178.3068359375, -17.96328125000001], [-178.3572265625, -17.9208984375], [-178.280322265625, -17.88642578125001], [-178.3068359375, -17.96328125000001]]], [[[-179.00390625, -17.294921875], [-179.005029296875, -17.14833984375001], [-178.91484375, -17.22304687500001], [-179.00390625, -17.294921875]]], [[[-178.595947265625, -19.1513671875], [-178.589306640625, -19.11884765625001], [-178.556689453125, -19.11298828125001], [-178.595947265625, -19.1513671875]]], [[[-179.797607421875, -18.969824218750006], [-179.8650390625, -18.99873046875001], [-179.856201171875, -18.94326171875001], [-179.797607421875, -18.969824218750006]]], [[[177.1828125, -17.163867187500003], [177.28740234375005, -17.048632812500003], [177.27578125000002, -17.10488281250001], [177.1828125, -17.163867187500003]]], [[[179.38896484375005, -17.393847656250003], [179.37314453125003, -17.256152343750003], [179.4328125, -17.271582031250006], [179.38896484375005, -17.393847656250003]]], [[[179.25351562500003, -18.030566406250003], [179.30644531250005, -17.94404296875001], [179.36240234375003, -18.065234375000003], [179.25351562500003, -18.030566406250003]]], [[[178.74765625000003, -17.68574218750001], [178.787109375, -17.62441406250001], [178.8310546875, -17.61884765625001], [178.74765625000003, -17.68574218750001]]], [[[-179.999951171875, -16.5400390625], [-179.900927734375, -16.43154296875001], [-179.929443359375, -16.50283203125001], [-179.999951171875, -16.5400390625]]], [[[-180.0, -16.168261718750003], [-179.969384765625, -16.126074218750006], [-179.95615234375, -16.149218750000003], [-180.0, -16.168261718750003]]], [[[179.98466796875005, -16.52216796875001], [180.0, -16.488867187500006], [180.0, -16.5400390625], [179.98466796875005, -16.52216796875001]]], [[[177.08242187500002, -12.515625], [177.00625000000002, -12.491113281250009], [177.11806640625002, -12.482324218750009], [177.08242187500002, -12.515625]]], [[[174.59296875, -21.70234375000001], [174.58720703125005, -21.68007812500001], [174.60419921875, -21.66748046875], [174.59296875, -21.70234375000001]]], [[[-178.7291015625, -20.66015625], [-178.7275390625, -20.64521484375001], [-178.719189453125, -20.65234375], [-178.7291015625, -20.66015625]]]]}}, {"id": "209", "type": "Feature", "properties": {"iso3": "BRA", "name": "Brazil"}, "geometry": {"type": "MultiPolygon", "coordinates": [[[[-66.347119140625, 0.7671874999999915], [-65.68144531249999, 0.9834472656249886], [-65.473388671875, 0.6912597656249915], [-65.103759765625, 1.1081054687499972], [-64.205029296875, 1.5294921874999972], [-64.00849609375, 1.9315917968749972], [-63.432519531249994, 2.1555664062499886], [-63.38925781249999, 2.4119140624999886], [-64.04658203125, 2.502392578124997], [-64.22109375, 3.58740234375], [-64.78867187499999, 4.276025390624994], [-64.19248046874999, 4.126855468749994], [-64.021484375, 3.9291015624999943], [-63.33867187499999, 3.9438964843749886], [-62.85698242187499, 3.593457031249997], [-62.712109375, 4.0179199218749915], [-61.002832031249994, 4.5352539062499915], [-60.627587890624994, 4.892529296874997], [-60.6513671875, 5.221142578124997], [-60.142041015625, 5.238818359374989], [-59.990673828125, 5.0828613281249915], [-60.1486328125, 4.533251953124989], [-59.703271484374994, 4.381103515625], [-59.55112304687499, 3.933544921874997], [-59.854394531249994, 3.5874999999999915], [-59.9943359375, 2.6899902343749886], [-59.66660156249999, 1.7462890624999972], [-58.8625, 1.20361328125], [-58.511865234374994, 1.28466796875], [-58.34067382812499, 1.5875488281249943], [-58.03466796875, 1.520263671875], [-57.118896484375, 2.0139648437499886], [-55.963330078125, 1.8570800781249943], [-55.91533203124999, 2.03955078125], [-56.1376953125, 2.259033203125], [-55.957470703125, 2.520458984374997], [-55.73056640624999, 2.4061523437499943], [-54.978662109374994, 2.59765625], [-54.130078125, 2.121044921874997], [-53.7677734375, 2.3548339843749915], [-52.96484375, 2.183544921874997], [-52.65317382812499, 2.425732421874997], [-52.327880859375, 3.1817382812499915], [-51.461523437500006, 4.313769531249989], [-51.21992187499998, 4.0936035156249915], [-50.71440429687499, 2.134033203125], [-50.458886718749994, 1.82958984375], [-49.957128906250006, 1.6598632812499972], [-49.89887695312498, 1.1629882812499943], [-50.75507812499998, 0.22255859374999432], [-51.28291015624998, -0.085205078125], [-51.980810546875006, -1.3679687500000028], [-52.66416015624999, -1.5517578125], [-51.94755859374999, -1.5867187500000028], [-50.894921874999994, -0.9375976562500057], [-50.690039062500006, -1.76171875], [-50.403222656249994, -2.0155273437500085], [-49.31367187499998, -1.7317382812500028], [-49.63652343749999, -2.6569335937500114], [-49.211035156250006, -1.91650390625], [-48.71000976562499, -1.4876953125000085], [-48.46293945312499, -1.6139648437500114], [-48.34980468749998, -1.4821289062500114], [-48.449804687500006, -1.1455078125], [-48.115087890625006, -0.7375000000000114], [-47.41865234374998, -0.7659179687500028], [-47.439062500000006, -0.6476562500000114], [-47.26860351562499, -0.6454101562500085], [-45.458593750000006, -1.3562500000000028], [-45.32915039062499, -1.71728515625], [-45.07636718749998, -1.4664062500000057], [-44.77851562499998, -1.798828125], [-44.651269531249994, -1.7458007812500114], [-44.53779296874998, -2.052734375], [-44.75634765625, -2.2655273437500085], [-44.66240234374999, -2.3732421875000114], [-44.435449218749994, -2.1680664062500057], [-44.3818359375, -2.365527343750003], [-44.589013671874994, -2.5734375000000114], [-44.723046874999994, -3.2047851562500114], [-44.43754882812499, -2.9444335937500057], [-44.228613281250006, -2.4712890625000057], [-44.105566406250006, -2.493457031250003], [-44.19267578124999, -2.8095703125], [-43.38007812499998, -2.3760742187500057], [-41.47993164062498, -2.91650390625], [-39.964697265625006, -2.8615234375000114], [-38.47578124999998, -3.7174804687500114], [-37.174658203125006, -4.912402343750003], [-36.590722656249994, -5.0975585937500085], [-35.549414062500006, -5.12939453125], [-35.235449218750006, -5.566699218750003], [-34.80546874999999, -7.288378906250003], [-34.966650390625006, -8.407617187500009], [-35.597070312499994, -9.540625000000006], [-35.89082031249998, -9.68701171875], [-36.398339843749994, -10.484082031250011], [-36.93779296874999, -10.820410156250006], [-37.35600585937499, -11.403906250000006], [-37.359228515625006, -11.252539062500006], [-37.688720703125, -12.100000000000009], [-38.23974609375, -12.84423828125], [-38.498925781249994, -12.956640625000006], [-38.69096679687499, -12.623925781250009], [-38.85175781249998, -12.790136718750006], [-38.76372070312499, -12.9072265625], [-39.030908203124994, -13.365136718750009], [-39.08935546875, -13.588183593750003], [-39.04814453124999, -14.0439453125], [-38.94233398437498, -14.030664062500009], [-39.0595703125, -14.65478515625], [-38.880615234375, -15.8642578125], [-39.202880859375, -17.17812500000001], [-39.15400390624998, -17.703906250000003], [-39.650781249999994, -18.25234375000001], [-39.783300781250006, -19.57177734375], [-40.95454101562498, -21.237890625000006], [-41.00029296874999, -21.9990234375], [-41.70551757812498, -22.309667968750006], [-41.98041992187498, -22.580664062500006], [-42.042382812499994, -22.947070312500003], [-42.95830078124999, -22.967089843750003], [-43.154296875, -22.725195312500006], [-43.22416992187499, -22.9912109375], [-43.898828124999994, -23.10146484375001], [-43.67597656249998, -23.00947265625001], [-43.86616210937498, -22.91054687500001], [-44.63725585937499, -23.055468750000003], [-44.569677734375006, -23.274023437500006], [-45.32539062499998, -23.599707031250006], [-45.46430664062498, -23.802539062500003], [-45.972070312499994, -23.795507812500006], [-46.867285156250006, -24.236328125], [-47.989160156249994, -25.035742187500006], [-47.92939453124998, -25.168261718750003], [-48.202734375000006, -25.41650390625], [-48.402490234374994, -25.272070312500006], [-48.47612304687499, -25.442968750000006], [-48.73173828124999, -25.368750000000006], [-48.40117187499999, -25.59736328125001], [-48.665771484375, -25.844335937500006], [-48.61943359374999, -26.17939453125001], [-48.748291015625, -26.268652343750006], [-48.55415039062498, -27.19599609375001], [-48.799658203125006, -28.575292968750006], [-49.745996093749994, -29.36318359375001], [-50.92138671875, -31.258398437500006], [-52.039208984374994, -32.114843750000006], [-52.063232421875, -31.830371093750003], [-51.6806640625, -31.77460937500001], [-51.27216796874998, -31.47695312500001], [-51.16142578124999, -31.11884765625001], [-50.980078125000006, -31.09423828125], [-50.689306640625006, -30.704199218750006], [-50.71630859375, -30.42597656250001], [-50.581933593749994, -30.43886718750001], [-50.56352539062499, -30.25361328125001], [-51.02495117187499, -30.36865234375], [-51.29804687499998, -30.03486328125001], [-51.15727539062499, -30.3642578125], [-51.283056640625006, -30.751562500000006], [-51.35908203124998, -30.67451171875001], [-51.50629882812498, -31.1044921875], [-51.97246093749999, -31.3837890625], [-52.1935546875, -31.885546875000003], [-52.127392578125, -32.1677734375], [-52.652246093749994, -33.137792968750006], [-53.37060546875, -33.7421875], [-53.53134765624999, -33.65546875000001], [-53.53134765624999, -33.1708984375], [-53.12558593749999, -32.73671875000001], [-53.601708984374994, -32.40302734375001], [-53.76171875, -32.05683593750001], [-54.587646484375, -31.485156250000003], [-55.17353515625, -31.279589843750003], [-55.60302734375, -30.85078125000001], [-56.00468749999999, -31.079199218750006], [-56.044824218749994, -30.777636718750003], [-56.83271484375, -30.107226562500003], [-57.21445312499999, -30.28339843750001], [-57.60888671875, -30.187792968750003], [-55.890527343749994, -28.37001953125001], [-55.687255859375, -28.381640625000003], [-55.725488281249994, -28.2041015625], [-54.8291015625, -27.550585937500003], [-53.83818359374999, -27.12109375], [-53.671289062499994, -26.22509765625], [-54.01230468749999, -25.577929687500003], [-54.615869140624994, -25.57607421875001], [-54.24179687499999, -24.04726562500001], [-54.62548828125, -23.8125], [-55.1943359375, -24.01748046875001], [-55.415917968749994, -23.95136718750001], [-55.61767578125, -22.671484375000006], [-55.799560546875, -22.35390625000001], [-56.44780273437499, -22.076171875], [-56.937255859375, -22.271289062500003], [-57.98569335937499, -22.04638671875], [-57.830224609374994, -20.99794921875001], [-58.15976562499999, -20.164648437500006], [-57.860742187499994, -19.979589843750006], [-58.131494140624994, -19.74453125000001], [-57.716796875, -19.044042968750006], [-57.49565429687499, -18.214648437500003], [-57.832470703125, -17.51210937500001], [-58.39599609375, -17.23427734375001], [-58.47812499999999, -16.70068359375], [-58.345605468749994, -16.28437500000001], [-60.17558593749999, -16.269335937500003], [-60.242333984374994, -15.479589843750006], [-60.583203125, -15.098339843750011], [-60.273339843749994, -15.088769531250009], [-60.506591796875, -13.789843750000003], [-61.07700195312499, -13.48974609375], [-61.789941406249994, -13.525585937500011], [-62.11801757812499, -13.159765625000006], [-62.76547851562499, -12.997265625000011], [-63.06748046874999, -12.669140625000011], [-64.42050781249999, -12.439746093750003], [-64.99252929687499, -11.975195312500006], [-65.389892578125, -11.246289062500011], [-65.396142578125, -9.71240234375], [-66.575341796875, -9.89990234375], [-68.62265624999999, -11.109179687500003], [-69.228515625, -10.955664062500006], [-70.642333984375, -11.01025390625], [-70.54111328124999, -9.4375], [-71.237939453125, -9.966015625000011], [-72.181591796875, -10.003710937500003], [-72.379052734375, -9.510156250000009], [-73.209423828125, -9.411425781250003], [-72.9740234375, -8.9931640625], [-74.00205078124999, -7.5560546875000085], [-73.964306640625, -7.37890625], [-73.72041015625, -7.309277343750011], [-73.75810546874999, -6.90576171875], [-73.137353515625, -6.4658203125], [-73.235546875, -6.098437500000003], [-72.88706054687499, -5.122753906250011], [-71.8447265625, -4.50439453125], [-70.97368164062499, -4.3504882812500085], [-70.79951171875, -4.17333984375], [-69.97202148437499, -4.3011718750000085], [-69.40024414062499, -1.1949218750000057], [-69.633984375, -0.50927734375], [-70.0705078125, -0.13886718750001137], [-70.05390625, 0.57861328125], [-69.1533203125, 0.6587890624999915], [-69.31181640624999, 1.0504882812499972], [-69.85214843749999, 1.0595214843749972], [-69.848583984375, 1.708740234375], [-68.17656249999999, 1.7198242187499915], [-68.193798828125, 1.9870117187499972], [-67.93623046875, 1.7484863281249972], [-67.40043945312499, 2.11669921875], [-67.11923828124999, 1.70361328125], [-67.082275390625, 1.1854003906249915], [-66.87602539062499, 1.2230468749999943], [-66.347119140625, 0.7671874999999915]]], [[[-48.392675781250006, -0.29736328125], [-48.833593750000006, -1.3900390625000085], [-49.038476562499994, -1.5140625000000085], [-49.172705078125006, -1.41259765625], [-49.233984375000006, -1.5995117187500085], [-49.50664062499999, -1.5116210937500085], [-49.80512695312498, -1.7902343750000114], [-50.50761718749999, -1.7879882812500085], [-50.759765625, -1.240234375], [-50.57695312499999, -1.1031250000000057], [-50.79609374999998, -0.90625], [-50.6455078125, -0.2728515625000085], [-50.24824218749998, -0.11640625000001137], [-48.392675781250006, -0.29736328125]]], [[[-44.320068359375, -23.21230468750001], [-44.36015624999999, -23.17207031250001], [-44.24287109374998, -23.07412109375001], [-44.129296874999994, -23.141894531250003], [-44.320068359375, -23.21230468750001]]], [[[-48.665771484375, -26.289648437500006], [-48.53974609374998, -26.17031250000001], [-48.49760742187499, -26.21875], [-48.58442382812498, -26.40156250000001], [-48.665771484375, -26.289648437500006]]], [[[-45.260888671874994, -23.94130859375001], [-45.451416015625, -23.895605468750006], [-45.302343750000006, -23.7275390625], [-45.260888671874994, -23.94130859375001]]], [[[-44.597753906250006, -3.03759765625], [-44.4814453125, -2.717578125000003], [-44.49931640624999, -2.9396484375000114], [-44.597753906250006, -3.03759765625]]], [[[-38.786962890625006, -13.055078125000009], [-38.668115234374994, -12.880175781250003], [-38.601171875000006, -12.992578125000009], [-38.786962890625006, -13.055078125000009]]], [[[-38.97758789062499, -13.523535156250006], [-39.02216796874998, -13.445605468750003], [-38.907128906249994, -13.401074218750011], [-38.97758789062499, -13.523535156250006]]], [[[-44.967871093750006, -1.3908203125000114], [-45.020849609375006, -1.3723632812500028], [-44.978662109374994, -1.2672851562500114], [-44.967871093750006, -1.3908203125000114]]], [[[-49.917089843750006, -0.023193359375], [-50.339453125000006, 0.043359374999994316], [-50.27265624999998, 0.23173828124998863], [-49.73823242187498, 0.2681640624999915], [-49.917089843750006, -0.023193359375]]], [[[-50.45610351562499, 1.9104980468749915], [-50.49101562499999, 2.128613281249997], [-50.34199218749998, 2.1417480468749943], [-50.298974609374994, 1.9385253906249886], [-50.45610351562499, 1.9104980468749915]]], [[[-50.926367187500006, -0.32734375000001137], [-51.0380859375, -0.22587890625000284], [-50.842187499999994, -0.050195312500008527], [-50.65288085937499, -0.13164062500000284], [-50.926367187500006, -0.32734375000001137]]], [[[-49.708837890625006, -0.14375000000001137], [-49.830078125, -0.09389648437500853], [-49.50346679687499, 0.08369140624999716], [-49.372314453125, 0.0010742187499914735], [-49.708837890625006, -0.14375000000001137]]], [[[-50.443945312500006, -0.007666015625005684], [-50.623925781249994, 0.05439453124999716], [-50.37275390624998, 0.5908691406249886], [-50.443945312500006, -0.007666015625005684]]], [[[-50.261328125000006, 0.35917968749998863], [-50.28168945312498, 0.5165039062499943], [-50.058837890625, 0.6380371093749915], [-50.261328125000006, 0.35917968749998863]]], [[[-51.938378906249994, -1.45263671875], [-51.546044921874994, -0.6496093750000114], [-51.254003906250006, -0.5414062500000085], [-51.27631835937498, -1.0217773437500028], [-51.938378906249994, -1.45263671875]]], [[[-48.54218749999998, -27.574804687500006], [-48.414892578125006, -27.39960937500001], [-48.48588867187499, -27.76699218750001], [-48.54218749999998, -27.574804687500006]]]]}}, {"id": "19", "type": "Feature", "properties": {"iso3": "SHN", "name": "Saint Helena"}, "geometry": {"type": "MultiPolygon", "coordinates": [[[[-5.782519531249989, -16.004003906250006], [-5.707861328124977, -15.906152343750009], [-5.662499999999994, -15.912792968750011], [-5.782519531249989, -16.004003906250006]]], [[[-14.414941406249994, -7.9437500000000085], [-14.383642578124977, -7.882617187500003], [-14.302539062499989, -7.9354492187500085], [-14.414941406249994, -7.9437500000000085]]]]}}, {"id": "130", "type": "Feature", "properties": {"iso3": "KIR", "name": "Kiribati"}, "geometry": {"type": "MultiPolygon", "coordinates": [[[[172.90625, 3.095898437499997], [172.88710937500002, 3.101269531249997], [172.96250000000003, 3.1487792968749915], [172.90625, 3.095898437499997]]], [[[172.77031250000005, 3.0125488281249915], [172.75048828125, 3.0330566406249915], [172.88710937500002, 3.073974609375], [172.77031250000005, 3.0125488281249915]]], [[[173.0236328125, 1.8225585937499886], [172.934765625, 1.9437011718749915], [172.96914062500002, 1.9126953124999915], [173.0236328125, 1.8225585937499886]]], [[[172.99326171875003, 1.7130859374999972], [173.0236328125, 1.809326171875], [173.04521484375005, 1.7415527343749915], [172.99326171875003, 1.7130859374999972]]], [[[173.08652343750003, 0.9734374999999886], [172.99111328125002, 0.83544921875], [173.06503906250003, 0.9626953124999886], [173.08652343750003, 0.9734374999999886]]], [[[174.47636718750005, -0.8290039062500085], [174.3810546875, -0.591796875], [174.4748046875, -0.6421875000000057], [174.47636718750005, -0.8290039062500085]]], [[[174.77890625000003, -1.2633789062500114], [174.716796875, -1.1336914062500085], [174.744140625, -1.1473632812500085], [174.77890625000003, -1.2633789062500114]]], [[[173.01132812500003, 1.33837890625], [173.171875, 1.3751464843749943], [173.1630859375, 1.3575195312499915], [173.01132812500003, 1.33837890625]]], [[[169.52294921875, -0.8656250000000085], [169.5255859375, -0.8526367187500057], [169.55527343750003, -0.8565429687500057], [169.52294921875, -0.8656250000000085]]], [[[-172.18095703125, -4.514843750000011], [-172.20830078125, -4.5179687500000085], [-172.1978515625, -4.49169921875], [-172.18095703125, -4.514843750000011]]], [[[-171.096728515625, -3.1369140625000114], [-171.0876953125, -3.115039062500003], [-171.081005859375, -3.120410156250003], [-171.096728515625, -3.1369140625000114]]], [[[-171.254541015625, -4.466503906250011], [-171.261962890625, -4.44921875], [-171.239404296875, -4.444140625000003], [-171.254541015625, -4.466503906250011]]], [[[-174.501025390625, -4.6947265625000085], [-174.5408203125, -4.657324218750006], [-174.531396484375, -4.659472656250003], [-174.501025390625, -4.6947265625000085]]], [[[-154.99462890625, -4.071093750000003], [-155.0150390625, -4.048046875000011], [-154.951220703125, -4.031054687500003], [-154.99462890625, -4.071093750000003]]], [[[-151.806689453125, -11.451269531250006], [-151.81328125, -11.391796875000011], [-151.802783203125, -11.392675781250006], [-151.806689453125, -11.451269531250006]]], [[[-155.91435546875, -5.631640625000003], [-155.92861328125, -5.607617187500011], [-155.872265625, -5.611328125], [-155.91435546875, -5.631640625000003]]], [[[-157.17578125, 1.7398437499999915], [-157.578955078125, 1.9020507812499972], [-157.43583984375, 1.8472656249999915], [-157.44189453125, 2.0250488281249943], [-157.17578125, 1.7398437499999915]]], [[[-159.259326171875, 3.8392089843749915], [-159.274755859375, 3.796582031249997], [-159.409033203125, 3.873242187499997], [-159.259326171875, 3.8392089843749915]]], [[[-171.6396484375, -2.8112304687500114], [-171.62841796875, -2.8558593750000085], [-171.69609375, -2.82568359375], [-171.6396484375, -2.8112304687500114]]]]}}, {"id": "230", "type": "Feature", "properties": {"iso3": "ARG", "name": "Argentina"}, "geometry": {"type": "MultiPolygon", "coordinates": [[[[-57.872509765625, -30.59101562500001], [-57.98886718749999, -31.62060546875], [-58.18901367187499, -31.92421875000001], [-58.17099609374999, -32.95927734375], [-58.424462890624994, -33.11152343750001], [-58.54721679687499, -33.66347656250001], [-58.392480468749994, -34.192968750000006], [-58.52548828124999, -34.29619140625], [-58.283349609374994, -34.68349609375001], [-57.170654296875, -35.36250000000001], [-57.37548828125, -35.90029296875001], [-57.076171875, -36.29677734375001], [-56.71738281249999, -36.38906250000001], [-56.72714843749999, -36.95771484375001], [-57.54697265624999, -38.08564453125001], [-58.17919921875, -38.43583984375002], [-61.112207031249994, -38.99296875000002], [-62.33476562499999, -38.80009765625002], [-62.295068359374994, -39.243261718750006], [-62.053662109375, -39.37382812500002], [-62.179345703124994, -39.380468750000006], [-62.13154296875, -39.82539062500001], [-62.40185546875, -40.19658203125002], [-62.246337890625, -40.67460937500002], [-62.39501953125, -40.89082031250001], [-63.62177734375, -41.159765625000006], [-64.86948242187499, -40.73583984375], [-65.06943359374999, -40.805273437500006], [-65.15498046875, -41.10566406250001], [-64.98637695312499, -42.10205078125], [-64.42041015625, -42.43378906250001], [-64.10087890624999, -42.395117187500006], [-64.061181640625, -42.26611328125], [-64.228515625, -42.21826171875], [-63.795556640624994, -42.113867187500006], [-63.6298828125, -42.28271484375], [-63.617333984374994, -42.69580078125], [-64.03476562499999, -42.881249999999994], [-64.48784179687499, -42.51347656250002], [-64.970703125, -42.66630859375002], [-65.02690429687499, -42.758886718750006], [-64.31914062499999, -42.96894531250001], [-65.25234375, -43.571875000000006], [-65.26552734375, -44.279687499999994], [-65.647607421875, -44.66142578125002], [-65.63876953124999, -45.0078125], [-66.19013671875, -44.964746093749994], [-66.94140625, -45.25732421875], [-67.599560546875, -46.05253906250002], [-67.50644531249999, -46.442773437499994], [-66.77685546875, -47.005859375], [-65.853662109375, -47.15673828125], [-65.775390625, -47.568359375], [-66.225244140625, -47.826757812500006], [-65.81005859375, -47.94111328125001], [-67.46630859375, -48.951757812500006], [-67.91396484375, -49.984472656250006], [-68.2572265625, -50.104589843750006], [-68.66757812499999, -49.752539062500006], [-68.66162109375, -49.93574218750001], [-68.97958984374999, -50.003027343750006], [-68.421875, -50.15791015625001], [-68.939453125, -50.38232421875], [-69.35859375, -51.02812500000002], [-69.20102539062499, -50.99365234375], [-69.05830078125, -51.54716796875002], [-69.46542968749999, -51.58447265625], [-68.96533203125, -51.677148437499994], [-68.39375, -52.307031249999994], [-69.96025390624999, -52.008203124999994], [-71.97109375, -51.96416015625002], [-72.407666015625, -51.54082031250002], [-72.340234375, -50.68183593750001], [-73.15292968749999, -50.73828125], [-73.50126953124999, -50.12529296875002], [-73.57626953124999, -49.582910156249994], [-73.461572265625, -49.313867187499994], [-73.13525390625, -49.300683593749994], [-73.033642578125, -49.01435546875001], [-72.614404296875, -48.792871093749994], [-72.6083984375, -48.51933593750002], [-72.29301757812499, -48.229101562500006], [-72.51791992187499, -47.876367187499994], [-72.345947265625, -47.49267578125], [-71.90498046875, -47.20166015625], [-71.94023437499999, -46.83125000000001], [-71.699658203125, -46.6513671875], [-71.87568359375, -46.160546874999994], [-71.63154296875, -45.953710937500006], [-71.74619140624999, -45.57890625000002], [-71.50810546874999, -45.5126953125], [-71.353759765625, -45.23046875], [-72.063720703125, -44.771874999999994], [-71.2611328125, -44.763085937499994], [-71.15971679687499, -44.56025390625001], [-71.21259765625, -44.44121093750002], [-71.82001953125, -44.38310546875002], [-71.680078125, -43.929589843749994], [-71.90498046875, -43.347558593749994], [-71.750634765625, -43.2373046875], [-72.146435546875, -42.99003906250002], [-72.10820312499999, -42.251855468749994], [-71.75, -42.046777343749994], [-71.911279296875, -41.650390625], [-71.93212890625, -40.69169921875002], [-71.708984375, -40.381738281249994], [-71.818310546875, -40.176660156249994], [-71.65976562499999, -40.02080078125002], [-71.719921875, -39.63525390625], [-71.539453125, -39.602441406249994], [-71.4015625, -38.93505859375], [-70.858642578125, -38.6044921875], [-71.16757812499999, -37.762304687500006], [-71.19218749999999, -36.84365234375001], [-71.05551757812499, -36.52373046875], [-70.40478515625, -36.06171875000001], [-70.55517578125, -35.246875], [-70.05205078124999, -34.30078125], [-69.85244140625, -34.22431640625001], [-69.81962890624999, -33.283789062500006], [-70.08486328125, -33.201757812500006], [-70.02197265625, -32.8845703125], [-70.34462890625, -32.17646484375001], [-70.25439453125, -31.95771484375001], [-70.585205078125, -31.569433593750006], [-70.5546875, -31.3173828125], [-70.30908203125, -31.02265625000001], [-70.16962890625, -30.385546875000003], [-69.84428710937499, -30.17500000000001], [-70.026806640625, -29.324023437500003], [-69.827880859375, -29.10322265625001], [-69.65693359375, -28.41357421875], [-69.17441406249999, -27.92470703125001], [-68.846337890625, -27.15371093750001], [-68.31865234374999, -26.973242187500006], [-68.59160156249999, -26.47041015625001], [-68.414501953125, -26.15371093750001], [-68.60029296875, -25.485644531250003], [-68.384228515625, -25.091894531250006], [-68.56201171875, -24.837695312500003], [-68.507275390625, -24.62978515625001], [-67.356201171875, -24.033789062500006], [-67.0087890625, -23.00136718750001], [-67.19487304687499, -22.82167968750001], [-66.71171874999999, -22.21630859375], [-66.365185546875, -22.11376953125], [-66.220166015625, -21.802539062500003], [-65.77104492187499, -22.099609375], [-64.60551757812499, -22.228808593750003], [-64.32529296874999, -22.82763671875], [-63.92167968749999, -22.028613281250003], [-62.84335937499999, -21.99726562500001], [-61.92802734374999, -23.05927734375001], [-61.03291015625, -23.755664062500003], [-59.892480468749994, -24.093554687500003], [-57.64389648437499, -25.328417968750003], [-57.571679687499994, -25.5341796875], [-58.11113281249999, -26.18017578125], [-58.191308593749994, -26.629980468750006], [-58.618603515625, -27.132128906250003], [-58.60483398437499, -27.31435546875001], [-56.437158203124994, -27.553808593750006], [-56.1640625, -27.32148437500001], [-55.71464843749999, -27.414843750000003], [-55.426660156249994, -27.00927734375], [-54.82548828124999, -26.65224609375001], [-54.615869140624994, -25.57607421875001], [-54.15458984374999, -25.523046875000006], [-53.89116210937499, -25.66884765625001], [-53.66855468749999, -26.288183593750006], [-53.83818359374999, -27.12109375], [-54.8291015625, -27.550585937500003], [-55.725488281249994, -28.2041015625], [-55.687255859375, -28.381640625000003], [-55.890527343749994, -28.37001953125001], [-57.872509765625, -30.59101562500001]]], [[[-68.62993164062499, -52.65263671875002], [-68.24013671875, -53.08183593750002], [-68.43115234375, -53.055273437500006], [-68.488525390625, -53.26093750000001], [-68.1611328125, -53.30644531250002], [-67.29423828124999, -54.0498046875], [-66.23564453124999, -54.53349609375002], [-65.17900390624999, -54.678124999999994], [-65.471142578125, -54.914648437500006], [-66.5111328125, -55.032128906249994], [-68.65322265625, -54.853613281250006], [-68.62993164062499, -52.65263671875002]]], [[[-64.43881835937499, -54.739355468750006], [-63.8154296875, -54.72509765625], [-64.75732421875, -54.826562499999994], [-64.43881835937499, -54.739355468750006]]], [[[-61.91801757812499, -39.227441406249994], [-62.093017578125, -39.08623046875002], [-61.907128906249994, -39.135644531249994], [-61.91801757812499, -39.227441406249994]]]]}}, {"id": "197", "type": "Feature", "properties": {"iso3": "CHL", "name": "Chile"}, "geometry": {"type": "MultiPolygon", "coordinates": [[[[-109.434130859375, -27.17128906250001], [-109.39047851562499, -27.068359375], [-109.2228515625, -27.10107421875], [-109.434130859375, -27.17128906250001]]], [[[-78.983349609375, -33.6677734375], [-78.989453125, -33.661718750000006], [-78.87744140625, -33.5751953125], [-78.804150390625, -33.646484375], [-78.983349609375, -33.6677734375]]], [[[-69.92636718749999, -18.2060546875], [-69.85209960937499, -17.70380859375001], [-69.5109375, -17.50605468750001], [-69.31337890625, -17.943164062500003], [-69.0939453125, -18.05048828125001], [-68.96831054687499, -18.96796875000001], [-68.462890625, -19.43281250000001], [-68.69829101562499, -19.72109375000001], [-68.560693359375, -19.967089843750003], [-68.755810546875, -20.0908203125], [-68.76054687499999, -20.41621093750001], [-68.484326171875, -20.62841796875], [-68.558251953125, -20.901953125000006], [-68.197021484375, -21.30029296875], [-67.87944335937499, -22.82294921875001], [-67.19487304687499, -22.82167968750001], [-67.0087890625, -23.00136718750001], [-67.356201171875, -24.033789062500006], [-68.25029296874999, -24.39199218750001], [-68.56201171875, -24.747363281250003], [-68.384228515625, -25.091894531250006], [-68.59208984374999, -25.420019531250006], [-68.414501953125, -26.15371093750001], [-68.59160156249999, -26.47041015625001], [-68.31865234374999, -26.973242187500006], [-68.846337890625, -27.15371093750001], [-69.17441406249999, -27.92470703125001], [-69.65693359375, -28.41357421875], [-69.827880859375, -29.10322265625001], [-70.026806640625, -29.324023437500003], [-69.84428710937499, -30.17500000000001], [-70.15322265625, -30.360937500000006], [-70.30908203125, -31.02265625000001], [-70.51958007812499, -31.1484375], [-70.585205078125, -31.569433593750006], [-70.25439453125, -31.95771484375001], [-70.36376953125, -32.08349609375], [-70.02197265625, -32.8845703125], [-70.08486328125, -33.201757812500006], [-69.81962890624999, -33.283789062500006], [-69.85244140625, -34.22431640625001], [-70.05205078124999, -34.30078125], [-70.55517578125, -35.246875], [-70.40478515625, -36.06171875000001], [-71.05551757812499, -36.52373046875], [-71.19218749999999, -36.84365234375001], [-71.16757812499999, -37.762304687500006], [-70.84765625, -38.541601562500006], [-70.951611328125, -38.73847656250001], [-71.4015625, -38.93505859375], [-71.539453125, -39.602441406249994], [-71.719921875, -39.63525390625], [-71.65976562499999, -40.02080078125002], [-71.818310546875, -40.176660156249994], [-71.6953125, -40.33525390625002], [-71.941357421875, -40.789160156250006], [-71.75, -42.046777343749994], [-72.10820312499999, -42.251855468749994], [-72.143701171875, -42.5771484375], [-72.10239257812499, -43.06562500000001], [-71.750634765625, -43.2373046875], [-71.90498046875, -43.347558593749994], [-71.680078125, -43.929589843749994], [-71.82001953125, -44.38310546875002], [-71.21259765625, -44.44121093750002], [-71.15971679687499, -44.56025390625001], [-71.2611328125, -44.763085937499994], [-72.063720703125, -44.771874999999994], [-71.353759765625, -45.23046875], [-71.50810546874999, -45.5126953125], [-71.74619140624999, -45.57890625000002], [-71.63154296875, -45.953710937500006], [-71.87568359375, -46.160546874999994], [-71.699658203125, -46.6513671875], [-71.94023437499999, -46.83125000000001], [-71.90498046875, -47.20166015625], [-72.345947265625, -47.49267578125], [-72.51791992187499, -47.876367187499994], [-72.29301757812499, -48.229101562500006], [-72.6083984375, -48.51933593750002], [-72.614404296875, -48.792871093749994], [-73.033642578125, -49.01435546875001], [-73.13525390625, -49.300683593749994], [-73.461572265625, -49.313867187499994], [-73.57626953124999, -49.582910156249994], [-73.50126953124999, -50.12529296875002], [-73.15292968749999, -50.73828125], [-72.340234375, -50.68183593750001], [-72.407666015625, -51.54082031250002], [-71.97109375, -51.96416015625002], [-69.96025390624999, -52.008203124999994], [-68.46098632812499, -52.290429687499994], [-69.24101562499999, -52.205468749999994], [-69.6203125, -52.464746093749994], [-70.7951171875, -52.76875000000001], [-70.995849609375, -53.779296875], [-71.29775390625, -53.883398437500006], [-72.17441406249999, -53.63232421875], [-72.41289062499999, -53.350195312500006], [-71.94169921874999, -53.23408203125001], [-71.89169921874999, -53.523535156250006], [-71.791455078125, -53.48457031250001], [-71.74052734374999, -53.23261718750001], [-71.28896484375, -53.03369140625], [-71.22714843749999, -52.810644531250006], [-72.27802734375, -53.13232421875], [-72.54892578124999, -53.46074218750002], [-73.052734375, -53.24345703125002], [-72.727685546875, -52.762304687500006], [-71.51127929687499, -52.605371093749994], [-72.712109375, -52.535546874999994], [-73.1224609375, -53.07392578125001], [-73.64521484375, -52.837011718750006], [-73.24082031249999, -52.707128906250006], [-73.12392578125, -52.48798828125001], [-73.585693359375, -52.68574218750001], [-74.01445312499999, -52.63935546875001], [-74.295654296875, -52.11787109375001], [-73.83447265625, -52.233984375000006], [-73.684326171875, -52.077734375000006], [-73.26044921875, -52.157812500000006], [-72.79501953124999, -51.94951171875002], [-72.57084960937499, -52.200097656249994], [-72.714013671875, -52.35673828125002], [-72.52333984375, -52.255468750000006], [-72.54252929687499, -51.706152343750006], [-73.16874999999999, -51.45390625000002], [-72.600048828125, -51.79912109375002], [-73.51816406249999, -52.041015625], [-73.75263671875, -51.795507812500006], [-74.1966796875, -51.680566406249994], [-73.92978515624999, -51.61787109375001], [-73.93950195312499, -51.26630859375001], [-74.81474609374999, -51.062890624999994], [-75.094677734375, -50.681250000000006], [-74.6857421875, -50.662011718749994], [-74.77587890625, -50.46992187500001], [-74.644482421875, -50.360937500000006], [-74.139404296875, -50.817773437499994], [-73.80654296875, -50.938378906249994], [-73.654443359375, -50.49267578125], [-73.97802734375, -50.827050781249994], [-74.197216796875, -50.609765624999994], [-74.18559570312499, -50.4853515625], [-73.950341796875, -50.51054687500002], [-74.62958984375, -50.19404296875001], [-74.333740234375, -49.974609375], [-73.95859374999999, -49.994726562500006], [-74.32392578125, -49.78339843750001], [-74.29082031249999, -49.604101562500006], [-73.836376953125, -49.609375], [-74.09443359375, -49.4296875], [-73.9349609375, -49.020898437499994], [-74.22128906249999, -49.500585937500006], [-74.36655273437499, -49.400488281250006], [-74.341015625, -48.595703125], [-74.00908203124999, -48.474999999999994], [-74.47441406249999, -48.463964843750006], [-74.58466796875, -47.9990234375], [-73.391064453125, -48.145898437499994], [-73.71586914062499, -47.65546875000001], [-73.940869140625, -47.92939453125001], [-74.22705078125, -47.96894531250001], [-74.654931640625, -47.702246093750006], [-74.53378906249999, -47.56767578125002], [-74.13408203124999, -47.5908203125], [-74.482666015625, -47.43046875000002], [-74.1583984375, -47.182519531249994], [-74.31357421874999, -46.788183593750006], [-74.51225585937499, -46.885156249999994], [-75.00595703124999, -46.741113281249994], [-74.98417968749999, -46.512109374999994], [-75.54033203124999, -46.69873046875], [-75.43037109375, -46.9345703125], [-75.70639648437499, -46.70527343750001], [-74.924462890625, -46.15966796875], [-75.06669921874999, -45.874902343749994], [-74.157861328125, -45.767187500000006], [-74.122705078125, -45.496191406250006], [-73.957177734375, -45.404394531250006], [-73.82499999999999, -45.446875000000006], [-74.019921875, -46.05585937500001], [-74.39296875, -46.217382812500006], [-73.96757812499999, -46.15410156250002], [-73.73525390625, -45.81171875000001], [-73.9486328125, -46.533105468749994], [-73.845361328125, -46.566015625000006], [-73.59184570312499, -45.89912109375001], [-73.73076171874999, -45.47998046875], [-73.26621093749999, -45.34619140625], [-72.933837890625, -45.45234375000001], [-73.444970703125, -45.238183593749994], [-73.40488281249999, -45.10234375000002], [-72.680078125, -44.59394531250001], [-72.66386718749999, -44.436425781249994], [-73.265087890625, -44.16865234375001], [-72.99658203125, -43.63154296875001], [-73.07597656249999, -43.323632812499994], [-72.7580078125, -43.039453124999994], [-72.848046875, -42.66914062500001], [-72.6318359375, -42.509667968749994], [-72.77324218749999, -42.257714843749994], [-72.6310546875, -42.199804687500006], [-72.412353515625, -42.38818359375], [-72.4994140625, -41.980859374999994], [-72.82407226562499, -41.908789062500006], [-72.36040039062499, -41.64912109375001], [-72.31826171875, -41.4990234375], [-72.5423828125, -41.69062500000001], [-72.95283203125, -41.514746093750006], [-73.24179687499999, -41.780859375000006], [-73.73515624999999, -41.74248046875002], [-73.62392578125, -41.58134765625002], [-73.85502929687499, -41.446386718750006], [-73.98359375, -40.97431640625001], [-73.67099609374999, -39.96318359375002], [-73.410400390625, -39.789160156250006], [-73.22646484375, -39.22441406250002], [-73.52021484375, -38.509375000000006], [-73.464794921875, -38.04033203125002], [-73.66240234374999, -37.34101562500001], [-73.60166015624999, -37.1884765625], [-73.215966796875, -37.16689453125001], [-72.62392578125, -35.5857421875], [-72.223779296875, -35.09619140625], [-72.00283203125, -34.16533203125], [-71.66435546874999, -33.65263671875], [-71.74296874999999, -33.09511718750001], [-71.45224609374999, -32.65957031250001], [-71.708935546875, -30.628027343750006], [-71.66948242187499, -30.330371093750003], [-71.400390625, -30.14296875000001], [-71.31572265624999, -29.649707031250003], [-71.51923828125, -28.92646484375001], [-71.18642578125, -28.37783203125001], [-70.64658203124999, -26.329394531250003], [-70.71372070312499, -25.7841796875], [-70.45219726562499, -25.25185546875001], [-70.57412109375, -24.644335937500003], [-70.392333984375, -23.56591796875], [-70.59335937499999, -23.255468750000006], [-70.331689453125, -22.8486328125], [-70.087548828125, -21.49306640625001], [-70.157421875, -19.705859375000003], [-70.41826171874999, -18.34560546875001], [-69.92636718749999, -18.2060546875]]], [[[-68.65322265625, -54.853613281250006], [-71.9015625, -54.6015625], [-71.80014648437499, -54.433984374999994], [-71.07993164062499, -54.444238281249994], [-70.797265625, -54.327246093750006], [-70.701123046875, -54.485449218750006], [-70.310986328125, -54.52851562500001], [-70.86308593749999, -54.110449218750006], [-70.86772460937499, -53.884179687499994], [-70.53129882812499, -53.627343749999994], [-70.37973632812499, -53.986718749999994], [-70.629833984375, -54.00556640625001], [-70.535302734375, -54.136132812499994], [-70.16899414062499, -54.379296874999994], [-69.741845703125, -54.30585937500001], [-69.253173828125, -54.55742187500002], [-69.0443359375, -54.40673828125], [-69.98813476562499, -54.10908203125001], [-70.151123046875, -53.888085937499994], [-70.09111328124999, -53.721777343750006], [-69.35595703125, -53.41630859375002], [-70.329296875, -53.37763671875001], [-70.443359375, -53.085546875000006], [-70.130615234375, -52.942773437499994], [-70.380126953125, -52.751953125], [-69.93544921875, -52.82109375000002], [-69.4140625, -52.486230468749994], [-69.16704101562499, -52.667578125000006], [-68.62993164062499, -52.65263671875002], [-68.65322265625, -54.853613281250006]]], [[[-67.33969726562499, -55.292578125000006], [-68.07001953125, -55.221093749999994], [-68.30136718749999, -54.98066406250001], [-67.245263671875, -54.977636718750006], [-67.07993164062499, -55.15380859375], [-67.33969726562499, -55.292578125000006]]], [[[-74.387353515625, -43.23164062500001], [-74.03666992187499, -41.795507812500006], [-73.52783203125, -41.89628906250002], [-73.42290039062499, -42.19287109375], [-73.47080078124999, -42.46630859375], [-73.7892578125, -42.58574218750002], [-73.43632812499999, -42.9365234375], [-73.749658203125, -43.159082031249994], [-73.773388671875, -43.34589843750001], [-74.387353515625, -43.23164062500001]]], [[[-74.5947265625, -50.00664062500002], [-74.76298828124999, -50.01142578125001], [-74.88041992187499, -49.72587890625002], [-74.723828125, -49.423828125], [-74.960107421875, -49.53300781250002], [-75.06601562499999, -49.85234375000002], [-75.5498046875, -49.79130859375002], [-75.305859375, -49.494042968749994], [-75.46748046875, -49.35888671875], [-75.08603515624999, -49.27021484375001], [-75.21015625, -49.148046875000006], [-74.896240234375, -48.73320312500002], [-74.54609375, -48.76689453125002], [-74.5947265625, -50.00664062500002]]], [[[-75.62285156249999, -48.7646484375], [-75.560693359375, -48.070898437500006], [-75.39140624999999, -48.01972656250001], [-75.15849609374999, -48.622656250000006], [-75.62285156249999, -48.7646484375]]], [[[-73.65400390625, -53.06982421875], [-73.135205078125, -53.353906249999994], [-74.27021484375, -53.08154296875], [-74.71201171874999, -52.74873046875001], [-73.65400390625, -53.06982421875]]], [[[-74.923046875, -48.62646484375], [-75.247265625, -48.026757812499994], [-74.82744140624999, -47.85039062500002], [-74.56728515625, -48.59199218750001], [-74.923046875, -48.62646484375]]], [[[-72.8822265625, -53.57832031250001], [-72.48227539062499, -53.58808593750001], [-72.20541992187499, -53.80742187500002], [-72.87099609375, -54.126562500000006], [-72.95859374999999, -54.06591796875], [-72.76376953124999, -53.864843750000006], [-73.039453125, -53.83281250000002], [-73.21064453125, -53.98583984375], [-73.31435546875, -53.72919921875001], [-73.845458984375, -53.545800781249994], [-73.44707031249999, -53.410058593749994], [-73.099365234375, -53.51191406250001], [-73.05361328125, -53.394433593749994], [-72.8822265625, -53.57832031250001]]], [[[-74.53681640625, -51.96513671875002], [-74.694482421875, -52.279199218749994], [-74.851806640625, -52.27070312500001], [-75.10537109375, -51.78886718750002], [-74.82294921875, -51.63017578125002], [-74.53681640625, -51.96513671875002]]], [[[-68.4580078125, -54.95966796875001], [-68.61328125, -55.15556640625002], [-68.282666015625, -55.25517578125002], [-68.04833984375, -55.643164062500006], [-68.86704101562499, -55.4501953125], [-68.890087890625, -55.2412109375], [-69.192626953125, -55.171875], [-69.35922851562499, -55.300683593749994], [-69.180859375, -55.47480468750001], [-69.41181640625, -55.444238281249994], [-69.97978515624999, -55.1474609375], [-69.884423828125, -54.88203125000001], [-68.4580078125, -54.95966796875001]]], [[[-71.021923828125, -54.11181640625], [-71.0048828125, -54.246679687500006], [-71.14326171875, -54.3740234375], [-71.473291015625, -54.23115234375001], [-71.94853515624999, -54.300878906250006], [-72.21044921875, -54.047753906249994], [-71.996484375, -53.884863281250006], [-71.021923828125, -54.11181640625]]], [[[-74.00205078124999, -44.590917968750006], [-73.752099609375, -45.26679687500001], [-74.099072265625, -45.32539062500001], [-74.61777343749999, -44.64794921875], [-74.50180664062499, -44.473535156249994], [-74.09721679687499, -44.38935546875001], [-73.99492187499999, -44.140234375000006], [-73.70322265624999, -44.27412109375001], [-74.00205078124999, -44.590917968750006]]], [[[-73.39707031249999, -44.774316406249994], [-73.260009765625, -44.35029296875001], [-72.7763671875, -44.50859375000002], [-72.98613281249999, -44.78007812500002], [-73.39707031249999, -44.774316406249994]]], [[[-75.09873046874999, -44.901757812499994], [-75.14213867187499, -44.81562500000001], [-75.0794921875, -44.79511718750001], [-75.09873046874999, -44.901757812499994]]], [[[-75.33046875, -50.772363281249994], [-75.43852539062499, -50.741113281249994], [-75.42763671875, -50.480566406250006], [-75.11533203124999, -50.51044921875001], [-75.33046875, -50.772363281249994]]], [[[-75.38994140624999, -49.1591796875], [-75.64116210937499, -49.195410156250006], [-75.48764648437499, -49.082421874999994], [-75.58310546874999, -48.85888671875], [-75.118603515625, -48.77294921875], [-75.38994140624999, -49.1591796875]]], [[[-75.26103515624999, -47.76386718750001], [-74.92646484375, -47.72314453125], [-75.11220703125, -47.83769531250002], [-75.26103515624999, -47.76386718750001]]], [[[-74.81044921875, -43.625390624999994], [-74.8419921875, -43.5703125], [-74.74501953125, -43.53593750000002], [-74.66874999999999, -43.607812499999994], [-74.81044921875, -43.625390624999994]]], [[[-73.81845703124999, -44.65214843750002], [-73.7794921875, -44.559179687500006], [-73.64121093749999, -44.61083984375], [-73.63217773437499, -44.82148437500001], [-73.81845703124999, -44.65214843750002]]], [[[-74.620361328125, -51.39570312500001], [-75.04736328125, -51.398339843749994], [-75.28911132812499, -51.625390624999994], [-75.15366210937499, -51.27880859375], [-74.55864257812499, -51.27705078125001], [-74.620361328125, -51.39570312500001]]], [[[-75.250390625, -50.37626953125002], [-75.44912109375, -50.343359375000006], [-75.32666015625, -50.011816406250006], [-74.83857421875, -50.197265625], [-75.250390625, -50.37626953125002]]], [[[-73.78964843749999, -43.87646484375], [-73.95566406249999, -43.921972656250006], [-74.13994140624999, -43.82099609375001], [-73.78964843749999, -43.87646484375]]], [[[-74.33867187499999, -51.89794921875], [-74.47539062499999, -51.725683593750006], [-74.13339843749999, -51.87089843750002], [-74.33867187499999, -51.89794921875]]], [[[-74.46552734375, -45.757226562499994], [-74.677734375, -45.73857421875002], [-74.310546875, -45.17265625000002], [-74.22919921875, -45.611328125], [-74.46552734375, -45.757226562499994]]], [[[-67.83154296875, -55.864843750000006], [-67.84970703124999, -55.84257812500002], [-67.51728515625, -55.83281250000002], [-67.83154296875, -55.864843750000006]]], [[[-66.551708984375, -55.272851562499994], [-66.63662109375, -55.234375], [-66.52314453125, -55.16552734375], [-66.551708984375, -55.272851562499994]]], [[[-70.41752929687499, -54.90888671875001], [-70.2978515625, -55.11376953125], [-71.43720703125, -54.889257812500006], [-70.41752929687499, -54.90888671875001]]], [[[-67.32529296874999, -55.784765625000006], [-67.5634765625, -55.70781250000002], [-67.37407226562499, -55.58935546875], [-67.32529296874999, -55.784765625000006]]]]}}, {"id": "20", "type": "Feature", "properties": {"iso3": "PCN", "name": "Pitcairn Is."}, "geometry": {"type": "Polygon", "coordinates": [[[-128.3421875, -24.370703125000006], [-128.330126953125, -24.3232421875], [-128.30361328125, -24.333593750000006], [-128.3421875, -24.370703125000006]]]}}, {"id": "94", "type": "Feature", "properties": {"iso3": "COK", "name": "Cook Is."}, "geometry": {"type": "Polygon", "coordinates": [[[-159.839599609375, -21.238085937500003], [-159.84248046875, -21.229101562500006], [-159.768359375, -21.1884765625], [-159.839599609375, -21.238085937500003]]]}}, {"id": "39", "type": "Feature", "properties": {"iso3": "TON", "name": "Tonga"}, "geometry": {"type": "MultiPolygon", "coordinates": [[[[-175.156591796875, -21.263671875], [-175.362353515625, -21.10683593750001], [-175.31806640625, -21.06826171875001], [-175.156591796875, -21.263671875]]], [[[-173.99130859375, -18.69863281250001], [-174.069140625, -18.640234375000006], [-173.96806640625, -18.56533203125001], [-173.99130859375, -18.69863281250001]]], [[[-174.91865234375, -21.45058593750001], [-174.97294921875, -21.34980468750001], [-174.913134765625, -21.30048828125001], [-174.91865234375, -21.45058593750001]]]]}}, {"id": "93", "type": "Feature", "properties": {"iso3": "NIU", "name": "Niue"}, "geometry": {"type": "Polygon", "coordinates": [[[-169.90380859375, -19.13789062500001], [-169.94833984375, -19.072851562500006], [-169.834033203125, -18.96601562500001], [-169.90380859375, -19.13789062500001]]]}}, {"id": "212", "type": "Feature", "properties": {"iso3": "BOL", "name": "Bolivia"}, "geometry": {"type": "Polygon", "coordinates": [[[-69.62485351562499, -17.2001953125], [-68.8427734375, -16.337890625], [-69.21757812499999, -16.14912109375001], [-69.4208984375, -15.640625], [-69.17246093749999, -15.236621093750003], [-69.35947265624999, -14.795312500000009], [-68.87089843749999, -14.169726562500003], [-69.07412109375, -13.682812500000011], [-68.97861328124999, -12.880078125000011], [-68.68525390625, -12.501953125], [-69.57861328125, -10.951757812500006], [-68.62265624999999, -11.109179687500003], [-66.575341796875, -9.89990234375], [-65.396142578125, -9.71240234375], [-65.389892578125, -11.246289062500011], [-64.99252929687499, -11.975195312500006], [-64.42050781249999, -12.439746093750003], [-63.06748046874999, -12.669140625000011], [-62.76547851562499, -12.997265625000011], [-62.11801757812499, -13.159765625000006], [-61.789941406249994, -13.525585937500011], [-61.07700195312499, -13.48974609375], [-60.506591796875, -13.789843750000003], [-60.273339843749994, -15.088769531250009], [-60.583203125, -15.098339843750011], [-60.242333984374994, -15.479589843750006], [-60.17558593749999, -16.269335937500003], [-58.345605468749994, -16.28437500000001], [-58.47812499999999, -16.70068359375], [-58.39599609375, -17.23427734375001], [-57.832470703125, -17.51210937500001], [-57.49565429687499, -18.214648437500003], [-57.716796875, -19.044042968750006], [-58.131494140624994, -19.74453125000001], [-57.860742187499994, -19.979589843750006], [-58.09375, -20.15107421875001], [-58.18017578125, -19.81787109375], [-59.09052734375, -19.286230468750006], [-60.00737304687499, -19.29755859375001], [-61.7568359375, -19.645312500000003], [-62.276318359375, -20.5625], [-62.27666015624999, -21.066015625000006], [-62.65097656249999, -22.233691406250003], [-62.84335937499999, -21.99726562500001], [-63.92167968749999, -22.028613281250003], [-64.32529296874999, -22.82763671875], [-64.60551757812499, -22.228808593750003], [-65.77104492187499, -22.099609375], [-66.220166015625, -21.802539062500003], [-66.365185546875, -22.11376953125], [-66.71171874999999, -22.21630859375], [-67.19487304687499, -22.82167968750001], [-67.70732421874999, -22.88916015625], [-67.87944335937499, -22.82294921875001], [-68.197021484375, -21.30029296875], [-68.558251953125, -20.901953125000006], [-68.484326171875, -20.62841796875], [-68.76054687499999, -20.41621093750001], [-68.755810546875, -20.0908203125], [-68.560693359375, -19.967089843750003], [-68.69829101562499, -19.72109375000001], [-68.470166015625, -19.409960937500003], [-68.96831054687499, -18.96796875000001], [-69.0939453125, -18.05048828125001], [-69.31337890625, -17.943164062500003], [-69.62485351562499, -17.2001953125]]]}}, {"id": "164", "type": "Feature", "properties": {"iso3": "PYF", "name": "Fr. Polynesia"}, "geometry": {"type": "MultiPolygon", "coordinates": [[[[-151.504150390625, -16.64697265625], [-151.50576171875, -16.574023437500003], [-151.4380859375, -16.62343750000001], [-151.504150390625, -16.64697265625]]], [[[-149.886572265625, -17.552832031250006], [-149.9021484375, -17.469531250000003], [-149.782421875, -17.48779296875], [-149.886572265625, -17.552832031250006]]], [[[-151.485498046875, -16.86367187500001], [-151.466748046875, -16.73964843750001], [-151.364501953125, -16.8642578125], [-151.485498046875, -16.86367187500001]]], [[[-149.181787109375, -17.8623046875], [-149.57890625, -17.734960937500006], [-149.635009765625, -17.564257812500003], [-149.37919921875, -17.52236328125001], [-149.181787109375, -17.8623046875]]], [[[-138.874462890625, -9.747167968750006], [-138.82734375, -9.741601562500009], [-139.13408203125, -9.829492187500009], [-138.874462890625, -9.747167968750006]]], [[[-139.133984375, -10.009570312500003], [-139.134228515625, -9.92626953125], [-139.059716796875, -9.931347656250011], [-139.133984375, -10.009570312500003]]], [[[-138.687744140625, -10.532421875000011], [-138.690380859375, -10.425585937500003], [-138.624462890625, -10.462988281250006], [-138.687744140625, -10.532421875000011]]], [[[-140.217431640625, -8.9296875], [-140.2400390625, -8.797558593750011], [-140.057666015625, -8.801464843750011], [-140.217431640625, -8.9296875]]], [[[-140.144384765625, -9.359375], [-140.070947265625, -9.328125], [-140.031103515625, -9.3447265625], [-140.144384765625, -9.359375]]], [[[-140.8515625, -17.86660156250001], [-140.80361328125, -17.75166015625001], [-140.638232421875, -17.678027343750003], [-140.8515625, -17.86660156250001]]], [[[-139.62099609375, -8.947949218750011], [-139.611767578125, -8.872363281250003], [-139.508349609375, -8.897070312500006], [-139.62099609375, -8.947949218750011]]], [[[-140.671875, -18.416113281250006], [-140.78173828125, -18.33417968750001], [-140.6853515625, -18.3798828125], [-140.671875, -18.416113281250006]]], [[[-140.822705078125, -18.216894531250006], [-140.97353515625, -18.059179687500006], [-140.925146484375, -18.083789062500003], [-140.822705078125, -18.216894531250006]]], [[[-136.3140625, -18.56630859375001], [-136.478515625, -18.470800781250006], [-136.426123046875, -18.47431640625001], [-136.3140625, -18.56630859375001]]], [[[-136.971337890625, -18.360937500000006], [-137.067578125, -18.26533203125001], [-137.029638671875, -18.27285156250001], [-136.971337890625, -18.360937500000006]]], [[[-138.53486328125, -20.87587890625001], [-138.54638671875, -20.77119140625001], [-138.51494140625, -20.81337890625001], [-138.53486328125, -20.87587890625001]]], [[[-142.52958984375, -16.10712890625001], [-142.481201171875, -16.01777343750001], [-142.51181640625, -16.096289062500006], [-142.52958984375, -16.10712890625001]]], [[[-143.386181640625, -16.66884765625001], [-143.55068359375, -16.62109375], [-143.515576171875, -16.6123046875], [-143.386181640625, -16.66884765625001]]], [[[-143.61064453125, -16.640429687500003], [-143.707421875, -16.580859375000003], [-143.67021484375, -16.580859375000003], [-143.61064453125, -16.640429687500003]]], [[[-145.057666015625, -15.901074218750011], [-145.1607421875, -15.757031250000011], [-145.133544921875, -15.762011718750003], [-145.057666015625, -15.901074218750011]]], [[[-145.609130859375, -16.16523437500001], [-145.613818359375, -16.079199218750006], [-145.577099609375, -16.15986328125001], [-145.486669921875, -16.32978515625001], [-145.609130859375, -16.16523437500001]]]]}}, {"id": "14", "type": "Feature", "properties": {"iso3": "ASM", "name": "American Samoa"}, "geometry": {"type": "Polygon", "coordinates": [[[-170.8205078125, -14.312109375000006], [-170.568115234375, -14.266796875000011], [-170.640478515625, -14.2822265625], [-170.8205078125, -14.312109375000006]]]}}, {"id": "161", "type": "Feature", "properties": {"iso3": "WLF", "name": "Wallis and Futuna Is."}, "geometry": {"type": "MultiPolygon", "coordinates": [[[[-176.195361328125, -13.301660156250009], [-176.14794921875, -13.2216796875], [-176.128076171875, -13.268164062500006], [-176.195361328125, -13.301660156250009]]], [[[-178.15859375, -14.311914062500009], [-178.194384765625, -14.255468750000006], [-178.142236328125, -14.242578125000009], [-178.0466796875, -14.318359375], [-178.15859375, -14.311914062500009]]]]}}, {"id": "69", "type": "Feature", "properties": {"iso3": "WSM", "name": "Samoa"}, "geometry": {"type": "MultiPolygon", "coordinates": [[[[-172.224951171875, -13.804296875000006], [-172.535693359375, -13.791699218750011], [-172.778515625, -13.516796875000011], [-172.33349609375, -13.465234375000009], [-172.224951171875, -13.804296875000006]]], [[[-171.9119140625, -14.001660156250011], [-172.0458984375, -13.857128906250011], [-171.60390625, -13.879199218750003], [-171.4541015625, -14.046484375000006], [-171.9119140625, -14.001660156250011]]]]}}, {"id": "80", "type": "Feature", "properties": {"iso3": "PER", "name": "Peru"}, "geometry": {"type": "Polygon", "coordinates": [[[-70.05332031249999, -4.333105468750006], [-70.40463867187499, -4.150097656250011], [-70.79951171875, -4.17333984375], [-70.97368164062499, -4.3504882812500085], [-71.8447265625, -4.50439453125], [-72.88706054687499, -5.122753906250011], [-73.235546875, -6.098437500000003], [-73.137353515625, -6.4658203125], [-73.75810546874999, -6.90576171875], [-73.72041015625, -7.309277343750011], [-73.964306640625, -7.37890625], [-74.00205078124999, -7.5560546875000085], [-72.9740234375, -8.9931640625], [-73.209423828125, -9.411425781250003], [-72.379052734375, -9.510156250000009], [-72.181591796875, -10.003710937500003], [-71.237939453125, -9.966015625000011], [-70.54111328124999, -9.4375], [-70.642333984375, -11.01025390625], [-69.57861328125, -10.951757812500006], [-68.68525390625, -12.501953125], [-68.97861328124999, -12.880078125000011], [-69.07412109375, -13.682812500000011], [-68.87089843749999, -14.169726562500003], [-69.35947265624999, -14.795312500000009], [-69.17246093749999, -15.236621093750003], [-69.4208984375, -15.640625], [-69.21757812499999, -16.14912109375001], [-68.8427734375, -16.337890625], [-69.62485351562499, -17.2001953125], [-69.5109375, -17.50605468750001], [-69.85209960937499, -17.70380859375001], [-69.92636718749999, -18.2060546875], [-70.41826171874999, -18.34560546875001], [-71.33696289062499, -17.68251953125001], [-71.5322265625, -17.29433593750001], [-75.104248046875, -15.411914062500003], [-75.93388671874999, -14.633593750000003], [-76.37646484375, -13.863085937500003], [-76.2236328125, -13.371191406250006], [-77.152734375, -12.060351562500003], [-77.22031249999999, -11.663378906250003], [-77.633203125, -11.287792968750011], [-78.76225585937499, -8.616992187500003], [-79.99497070312499, -6.7689453125000085], [-81.142041015625, -6.056738281250006], [-81.164306640625, -5.875292968750003], [-80.9306640625, -5.8408203125], [-80.88193359374999, -5.635058593750003], [-81.33662109375, -4.669531250000006], [-81.23203124999999, -4.2342773437500085], [-80.324658203125, -3.3878906250000114], [-80.17924804687499, -3.877734375000003], [-80.49013671875, -4.010058593750003], [-80.35288085937499, -4.20849609375], [-80.47856445312499, -4.4300781250000085], [-80.13955078125, -4.296093750000011], [-79.63852539062499, -4.454882812500003], [-79.33095703125, -4.927832031250006], [-79.03330078124999, -4.9691406250000085], [-78.68603515625, -4.5624023437500085], [-78.345361328125, -3.3973632812500085], [-78.15849609374999, -3.465136718750003], [-77.860595703125, -2.9816406250000114], [-76.6791015625, -2.5625976562500057], [-75.570556640625, -1.53125], [-75.40805664062499, -0.92431640625], [-75.24960937499999, -0.9518554687500114], [-75.25937499999999, -0.5901367187500028], [-75.62626953124999, -0.12285156250000284], [-75.224609375, -0.041748046875], [-74.616357421875, -0.3700195312500085], [-74.24638671874999, -0.9706054687500085], [-73.664306640625, -1.2488281250000028], [-73.4962890625, -1.6930664062500114], [-73.19697265625, -1.8302734375000114], [-73.1544921875, -2.2782226562500085], [-72.94111328125, -2.39404296875], [-72.21845703125, -2.4004882812500057], [-71.75253906249999, -2.1527343750000085], [-71.39697265625, -2.3340820312500057], [-70.96855468749999, -2.206835937500003], [-70.095849609375, -2.658203125], [-70.735107421875, -3.781542968750003], [-70.339501953125, -3.8143554687500085], [-69.96591796874999, -4.235937500000006], [-70.05332031249999, -4.333105468750006]]]}}, {"id": "176", "type": "Feature", "properties": {"iso3": "ECU", "name": "Ecuador"}, "geometry": {"type": "MultiPolygon", "coordinates": [[[[-75.62626953124999, -0.12285156250000284], [-75.25937499999999, -0.5901367187500028], [-75.24960937499999, -0.9518554687500114], [-75.40805664062499, -0.92431640625], [-75.570556640625, -1.53125], [-76.6791015625, -2.5625976562500057], [-77.860595703125, -2.9816406250000114], [-78.15849609374999, -3.465136718750003], [-78.345361328125, -3.3973632812500085], [-78.68603515625, -4.5624023437500085], [-79.03330078124999, -4.9691406250000085], [-79.33095703125, -4.927832031250006], [-79.63852539062499, -4.454882812500003], [-80.13955078125, -4.296093750000011], [-80.47856445312499, -4.4300781250000085], [-80.35288085937499, -4.20849609375], [-80.49013671875, -4.010058593750003], [-80.17924804687499, -3.877734375000003], [-80.324658203125, -3.3878906250000114], [-79.963330078125, -3.15771484375], [-79.7298828125, -2.5791015625], [-79.84213867187499, -2.0673828125], [-79.92558593749999, -2.5485351562500114], [-80.00664062499999, -2.353808593750003], [-80.28471679687499, -2.7067382812500114], [-80.93217773437499, -2.2691406250000057], [-80.76059570312499, -1.9345703125], [-80.90239257812499, -1.0789062500000028], [-80.55390625, -0.8479492187500028], [-80.45546875, -0.58544921875], [-80.282373046875, -0.6205078125000085], [-80.48227539062499, -0.3682617187500057], [-80.046142578125, 0.15537109374999147], [-80.03593749999999, 0.8345703124999915], [-78.899658203125, 1.2062499999999972], [-78.85966796874999, 1.4553710937499886], [-78.1806640625, 0.9685546874999886], [-77.702880859375, 0.8378417968749972], [-77.39633789062499, 0.3938964843749915], [-76.49462890625, 0.23544921874999147], [-76.27060546874999, 0.43940429687499716], [-75.28447265624999, -0.10654296875000568], [-75.62626953124999, -0.12285156250000284]]], [[[-80.27294921875, -2.995898437500003], [-80.22368164062499, -2.7531250000000114], [-79.90903320312499, -2.7255859375], [-80.27294921875, -2.995898437500003]]], [[[-78.99169921875, 1.293212890625], [-78.8998046875, 1.3597656249999943], [-78.90922851562499, 1.2527832031249915], [-78.99169921875, 1.293212890625]]], [[[-90.531689453125, -0.5814453125000085], [-90.26938476562499, -0.48466796875000284], [-90.19272460937499, -0.6587890625000057], [-90.33486328125, -0.7715820312500057], [-90.531689453125, -0.5814453125000085]]], [[[-89.60859375, -0.8885742187500085], [-89.287841796875, -0.6898437500000085], [-89.418896484375, -0.9110351562500085], [-89.60859375, -0.8885742187500085]]], [[[-91.6107421875, -0.4439453125000057], [-91.6466796875, -0.28447265625000284], [-91.46015625, -0.25566406250000284], [-91.4259765625, -0.4608398437500085], [-91.6107421875, -0.4439453125000057]]], [[[-90.51953125, -1.2991210937500028], [-90.477197265625, -1.2209960937500028], [-90.379150390625, -1.2922851562500028], [-90.51953125, -1.2991210937500028]]], [[[-90.79965820312499, -0.7520507812500057], [-91.1310546875, -1.0196289062500057], [-91.49541015624999, -0.8609375000000057], [-91.12094726562499, -0.55908203125], [-91.428857421875, -0.02338867187501137], [-91.596826171875, 0.0020996093749943157], [-91.36137695312499, 0.12583007812499147], [-90.79965820312499, -0.7520507812500057]]], [[[-90.809033203125, -0.32939453125000284], [-90.86777343749999, -0.2713867187500085], [-90.78037109374999, -0.16044921875000284], [-90.57392578125, -0.333984375], [-90.809033203125, -0.32939453125000284]]]]}}, {"id": "193", "type": "Feature", "properties": {"iso3": "COL", "name": "Colombia"}, "geometry": {"type": "MultiPolygon", "coordinates": [[[[-71.95810546874999, 11.666406249999994], [-72.690087890625, 10.835839843749994], [-73.00654296875, 9.789160156249991], [-73.3662109375, 9.194140624999989], [-73.05839843749999, 9.259570312499989], [-72.79638671875, 9.108984374999991], [-72.39033203125, 8.287060546874997], [-72.47197265624999, 7.5242675781249915], [-72.00664062499999, 7.032617187499994], [-70.73715820312499, 7.090039062499997], [-70.12919921874999, 6.95361328125], [-69.4271484375, 6.123974609374997], [-67.85917968749999, 6.2898925781249915], [-67.48198242187499, 6.1802734374999915], [-67.82490234375, 5.270458984374997], [-67.85527343749999, 4.506884765624989], [-67.66162109375, 3.8642578125], [-67.31113281249999, 3.4158691406249915], [-67.85908203125, 2.7936035156249943], [-67.61870117187499, 2.7936035156249943], [-67.21083984375, 2.39013671875], [-66.88447265625, 1.3582519531249915], [-66.87602539062499, 1.2230468749999943], [-67.082275390625, 1.1854003906249915], [-67.11923828124999, 1.70361328125], [-67.40043945312499, 2.11669921875], [-67.93623046875, 1.7484863281249972], [-68.193798828125, 1.9870117187499972], [-68.17656249999999, 1.7198242187499915], [-69.848583984375, 1.708740234375], [-69.85214843749999, 1.0595214843749972], [-69.31181640624999, 1.0504882812499972], [-69.1533203125, 0.6587890624999915], [-70.05390625, 0.57861328125], [-70.0705078125, -0.13886718750001137], [-69.633984375, -0.50927734375], [-69.40024414062499, -1.1949218750000057], [-69.96591796874999, -4.235937500000006], [-70.339501953125, -3.8143554687500085], [-70.735107421875, -3.781542968750003], [-70.095849609375, -2.658203125], [-70.96855468749999, -2.206835937500003], [-71.39697265625, -2.3340820312500057], [-71.75253906249999, -2.1527343750000085], [-72.21845703125, -2.4004882812500057], [-72.94111328125, -2.39404296875], [-73.1544921875, -2.2782226562500085], [-73.19697265625, -1.8302734375000114], [-73.4962890625, -1.6930664062500114], [-73.664306640625, -1.2488281250000028], [-74.24638671874999, -0.9706054687500085], [-74.8017578125, -0.20009765625000853], [-75.77666015624999, 0.08925781249999432], [-76.27060546874999, 0.43940429687499716], [-76.49462890625, 0.23544921874999147], [-77.39633789062499, 0.3938964843749915], [-77.702880859375, 0.8378417968749972], [-78.31210937499999, 1.0460937499999972], [-79.02543945312499, 1.6236816406249943], [-78.79296875, 1.8487304687499915], [-78.576904296875, 1.7737792968749915], [-78.59169921875, 2.356640624999997], [-78.066650390625, 2.5091308593749915], [-77.81357421874999, 2.7163574218749886], [-77.076806640625, 3.913281249999997], [-77.26352539062499, 3.8932128906249943], [-77.27802734375, 4.058496093749994], [-77.35820312499999, 3.9447265624999943], [-77.40874023437499, 4.247753906249997], [-77.520703125, 4.212792968749994], [-77.286328125, 4.721728515624989], [-77.534423828125, 5.537109375], [-77.249267578125, 5.780175781249994], [-77.46943359375, 6.1767578125], [-77.368798828125, 6.575585937499994], [-77.90117187499999, 7.2293457031249915], [-77.7619140625, 7.6988281249999915], [-77.53828125, 7.5662597656249915], [-77.19599609375, 7.972460937499989], [-77.478515625, 8.498437499999994], [-77.39306640625, 8.644677734374994], [-76.786572265625, 7.931591796874997], [-76.92045898437499, 8.57373046875], [-76.27685546875, 8.989111328124991], [-76.02724609375, 9.365771484374989], [-75.63935546875, 9.450439453125], [-75.53857421875, 10.205175781249991], [-75.70834960937499, 10.143408203124991], [-75.44599609375, 10.610888671874989], [-74.84458007812499, 11.109716796874991], [-74.330224609375, 10.996679687499991], [-74.516259765625, 10.862499999999997], [-74.40087890625, 10.765234374999991], [-74.14291992187499, 11.320849609374989], [-73.31337890625, 11.295751953124991], [-72.27499999999999, 11.889257812499991], [-72.1357421875, 12.188574218749991], [-71.71455078125, 12.419970703124989], [-71.262109375, 12.335302734374991], [-71.13730468749999, 12.046337890624997], [-71.95810546874999, 11.666406249999994]]], [[[-78.19248046874999, 2.559277343749997], [-78.17841796875, 2.6463378906249915], [-78.137646484375, 2.6341796874999943], [-78.19248046874999, 2.559277343749997]]]]}}, {"id": "4", "type": "Feature", "properties": {"iso3": "VEN", "name": "Venezuela"}, "geometry": {"type": "MultiPolygon", "coordinates": [[[[-60.94140625, 9.105566406249991], [-60.90727539062499, 9.1787109375], [-60.73583984375, 9.203320312499997], [-60.94140625, 9.105566406249991]]], [[[-63.917626953124994, 10.887548828124991], [-64.40234375, 10.981591796874994], [-64.0283203125, 11.001855468749994], [-63.89311523437499, 11.167236328125], [-63.917626953124994, 10.887548828124991]]], [[[-65.26640624999999, 10.883984374999997], [-65.41464843749999, 10.937890624999994], [-65.30234374999999, 10.973828124999997], [-65.26640624999999, 10.883984374999997]]], [[[-61.059960937499994, 8.847021484374991], [-60.91582031249999, 9.0703125], [-60.86142578124999, 8.949609374999994], [-61.059960937499994, 8.847021484374991]]], [[[-59.849072265625, 8.248681640624994], [-60.718652343749994, 7.535937499999989], [-60.63330078125, 7.211083984374994], [-60.34506835937499, 7.1499999999999915], [-60.35209960937499, 7.002880859374997], [-61.14560546874999, 6.694531249999997], [-61.12871093749999, 6.214306640624997], [-61.3908203125, 5.938769531249989], [-60.67197265624999, 5.164355468749989], [-60.627587890624994, 4.892529296874997], [-61.55424804687499, 4.287792968749997], [-62.712109375, 4.0179199218749915], [-62.85698242187499, 3.593457031249997], [-63.33867187499999, 3.9438964843749886], [-64.021484375, 3.9291015624999943], [-64.19248046874999, 4.126855468749994], [-64.78867187499999, 4.276025390624994], [-64.22109375, 3.58740234375], [-64.04658203125, 2.502392578124997], [-63.38925781249999, 2.4119140624999886], [-63.393945312499994, 2.2225097656249915], [-64.00849609375, 1.9315917968749972], [-64.205029296875, 1.5294921874999972], [-65.0265625, 1.158447265625], [-65.5560546875, 0.68798828125], [-65.644677734375, 0.9703613281249943], [-66.30166015625, 0.751953125], [-66.87602539062499, 1.2230468749999943], [-67.21083984375, 2.39013671875], [-67.61870117187499, 2.7936035156249943], [-67.85908203125, 2.7936035156249943], [-67.31113281249999, 3.4158691406249915], [-67.66162109375, 3.8642578125], [-67.85527343749999, 4.506884765624989], [-67.82490234375, 5.270458984374997], [-67.48198242187499, 6.1802734374999915], [-67.85917968749999, 6.2898925781249915], [-69.4271484375, 6.123974609374997], [-70.12919921874999, 6.95361328125], [-70.73715820312499, 7.090039062499997], [-72.00664062499999, 7.032617187499994], [-72.47197265624999, 7.5242675781249915], [-72.39033203125, 8.287060546874997], [-72.79638671875, 9.108984374999991], [-73.05839843749999, 9.259570312499989], [-73.3662109375, 9.194140624999989], [-73.00654296875, 9.789160156249991], [-72.690087890625, 10.835839843749994], [-71.95810546874999, 11.666406249999994], [-71.3197265625, 11.861914062499991], [-71.95693359375, 11.569921874999991], [-71.59433593749999, 10.657373046874994], [-72.11284179687499, 9.815576171874994], [-71.68671875, 9.072509765625], [-71.24140625, 9.160449218749989], [-71.052685546875, 9.705810546875], [-71.49423828124999, 10.533203125], [-71.46953124999999, 10.964160156249989], [-70.097119140625, 11.519775390625], [-69.80478515624999, 11.474218749999991], [-69.817333984375, 11.672070312499997], [-70.192578125, 11.624609374999991], [-70.2865234375, 11.886035156249989], [-70.00395507812499, 12.177880859374994], [-69.631591796875, 11.479931640624997], [-68.82797851562499, 11.431738281249991], [-68.3986328125, 11.160986328124991], [-68.13994140624999, 10.492724609374989], [-66.247216796875, 10.632226562499994], [-65.8517578125, 10.257763671874997], [-65.1291015625, 10.070068359375], [-63.731884765625, 10.50341796875], [-64.29819335937499, 10.635156249999994], [-61.87949218749999, 10.741015624999989], [-62.91357421875, 10.531494140625], [-62.68583984374999, 10.289794921875], [-62.74057617187499, 10.05615234375], [-62.55034179687499, 10.200439453125], [-62.32041015624999, 9.783056640624991], [-62.077099609375, 9.975048828124997], [-61.73593749999999, 9.631201171874991], [-61.76591796874999, 9.813818359374991], [-61.5888671875, 9.89453125], [-60.79248046875, 9.360742187499994], [-61.02314453125, 9.154589843749989], [-61.247265625, 8.600341796875], [-61.61870117187499, 8.597460937499989], [-61.30400390624999, 8.410400390625], [-60.8009765625, 8.592138671874991], [-60.017529296875, 8.54931640625], [-59.849072265625, 8.248681640624994]]]]}}, {"id": "83", "type": "Feature", "properties": {"iso3": "PAN", "name": "Panama"}, "geometry": {"type": "MultiPolygon", "coordinates": [[[[-77.478515625, 8.498437499999994], [-77.19599609375, 7.972460937499989], [-77.53828125, 7.5662597656249915], [-77.7619140625, 7.6988281249999915], [-77.90117187499999, 7.2293457031249915], [-78.42158203125, 8.060986328124997], [-78.14189453124999, 8.386083984374991], [-77.76054687499999, 8.133251953124997], [-78.09946289062499, 8.496972656249994], [-78.223046875, 8.396630859374994], [-78.39921874999999, 8.505664062499989], [-78.40986328125, 8.355322265624991], [-78.5140625, 8.628173828125], [-79.086376953125, 8.997167968749991], [-79.507080078125, 8.970068359374991], [-79.750439453125, 8.595507812499989], [-80.458984375, 8.2138671875], [-80.01123046875, 7.500048828124989], [-80.66669921875, 7.2256835937499915], [-80.90122070312499, 7.277148437499989], [-81.0638671875, 7.8997558593749915], [-81.26840820312499, 7.62548828125], [-81.504150390625, 7.72119140625], [-81.72763671874999, 8.137548828124991], [-82.67954101562499, 8.321972656249997], [-82.879345703125, 8.070654296874991], [-83.02734375, 8.337744140624991], [-82.72783203124999, 8.916064453124989], [-82.94033203125, 9.060107421874989], [-82.801025390625, 9.591796875], [-82.37080078125, 9.428564453124991], [-82.077880859375, 8.934863281249989], [-81.780224609375, 8.957226562499997], [-81.894482421875, 9.140429687499989], [-81.35478515624999, 8.780566406249989], [-80.127099609375, 9.209912109374997], [-79.577294921875, 9.597851562499997], [-79.112255859375, 9.536767578124994], [-78.082763671875, 9.236279296874997], [-77.37421875, 8.658300781249991], [-77.478515625, 8.498437499999994]]], [[[-78.960595703125, 8.435839843749989], [-78.883251953125, 8.460253906249989], [-78.83916015624999, 8.347900390625], [-78.960595703125, 8.435839843749989]]], [[[-81.85205078125, 7.453320312499997], [-81.812158203125, 7.5923828124999915], [-81.728759765625, 7.6211914062499915], [-81.603271484375, 7.332812499999989], [-81.85205078125, 7.453320312499997]]], [[[-82.24443359374999, 9.334082031249991], [-82.321728515625, 9.418115234374994], [-82.259423828125, 9.430273437499991], [-82.24443359374999, 9.334082031249991]]], [[[-79.1103515625, 8.209814453124991], [-79.09628906249999, 8.29541015625], [-79.0654296875, 8.254199218749989], [-79.1103515625, 8.209814453124991]]]]}}, {"id": "189", "type": "Feature", "properties": {"iso3": "CRI", "name": "Costa Rica"}, "geometry": {"type": "Polygon", "coordinates": [[[-82.93984375, 9.449169921874997], [-82.94033203125, 9.060107421874989], [-82.72783203124999, 8.916064453124989], [-83.02734375, 8.337744140624991], [-82.879345703125, 8.070654296874991], [-83.285791015625, 8.664355468749989], [-83.4697265625, 8.706835937499989], [-83.29150390625, 8.406005859375], [-83.604736328125, 8.480322265624991], [-83.73408203125, 8.614453124999997], [-83.613720703125, 8.804052734374991], [-83.73691406249999, 9.150292968749994], [-84.58159179687499, 9.568359375], [-84.71494140624999, 9.8994140625], [-85.025048828125, 10.11572265625], [-85.26318359375, 10.256640624999989], [-84.88642578125, 9.820947265624994], [-85.114501953125, 9.581787109375], [-85.62485351562499, 9.902441406249991], [-85.84965820312499, 10.292041015624989], [-85.667236328125, 10.745019531249994], [-85.90800781249999, 10.897558593749991], [-85.5841796875, 11.189453125], [-84.9091796875, 10.9453125], [-84.348291015625, 10.979882812499994], [-83.91928710937499, 10.7353515625], [-83.6419921875, 10.917236328125], [-83.346826171875, 10.315380859374997], [-82.56357421874999, 9.57666015625], [-82.93984375, 9.449169921874997]]]}}, {"id": "38", "type": "Feature", "properties": {"iso3": "TTO", "name": "Trinidad and Tobago"}, "geometry": {"type": "MultiPolygon", "coordinates": [[[[-60.80429687499999, 11.208398437499994], [-60.708935546875, 11.277246093749994], [-60.52548828124999, 11.325390624999997], [-60.80429687499999, 11.208398437499994]]], [[[-61.174267578125, 10.078027343749994], [-61.90610351562499, 10.069140624999989], [-61.49931640624999, 10.2685546875], [-61.478271484375, 10.603369140624991], [-61.65117187499999, 10.718066406249989], [-60.917626953124994, 10.840234374999994], [-61.012109374999994, 10.134326171874989], [-61.174267578125, 10.078027343749994]]]]}}, {"id": "152", "type": "Feature", "properties": {"iso3": "GRD", "name": "Grenada"}, "geometry": {"type": "Polygon", "coordinates": [[[-61.782177734375, 12.008447265624994], [-61.60703124999999, 12.223291015624994], [-61.6271484375, 12.053955078125], [-61.782177734375, 12.008447265624994]]]}}, {"id": "97", "type": "Feature", "properties": {"iso3": "CUW", "name": "Cura\u00e7ao"}, "geometry": {"type": "Polygon", "coordinates": [[[-68.9951171875, 12.141845703125], [-69.15888671875, 12.380273437499994], [-68.827392578125, 12.158544921874991], [-68.75107421874999, 12.059765624999997], [-68.9951171875, 12.141845703125]]]}}, {"id": "67", "type": "Feature", "properties": {"iso3": "STP", "name": "S\u00e3o Tom\u00e9 and Principe"}, "geometry": {"type": "MultiPolygon", "coordinates": [[[[7.330664062500006, 1.6033691406249915], [7.414453125000023, 1.6991210937499943], [7.450390625000011, 1.6619628906249915], [7.330664062500006, 1.6033691406249915]]], [[[6.519726562500011, 0.06630859374999432], [6.524316406250023, 0.34028320312499716], [6.686914062500023, 0.4043945312499915], [6.75, 0.24345703124998863], [6.519726562500011, 0.06630859374999432]]]]}}, {"id": "50", "type": "Feature", "properties": {"iso3": "SUR", "name": "Suriname"}, "geometry": {"type": "Polygon", "coordinates": [[[-54.45219726562499, 5.013476562499989], [-54.350732421874994, 4.054101562499994], [-53.990478515625, 3.589550781249997], [-54.402001953124994, 2.4615234374999915], [-54.661865234375, 2.3275390624999943], [-54.978662109374994, 2.59765625], [-55.73056640624999, 2.4061523437499943], [-55.957470703125, 2.520458984374997], [-56.1376953125, 2.259033203125], [-55.91533203124999, 2.03955078125], [-55.963330078125, 1.8570800781249943], [-56.704345703125, 2.0364746093749915], [-57.19736328124999, 2.853271484375], [-57.303662109375, 3.3770996093749943], [-57.646728515625, 3.39453125], [-58.0322265625, 4.001953125], [-57.881103515625, 4.880615234375], [-57.30576171874999, 5.049560546875], [-57.20732421874999, 5.2142089843749915], [-57.3185546875, 5.335351562499994], [-56.96982421874999, 5.992871093749997], [-55.897607421874994, 5.6993164062499915], [-55.82817382812499, 5.961669921875], [-54.83369140625, 5.988330078124989], [-54.05419921875, 5.807910156249989], [-54.45219726562499, 5.013476562499989]]]}}, {"id": "148", "type": "Feature", "properties": {"iso3": "GUY", "name": "Guyana"}, "geometry": {"type": "Polygon", "coordinates": [[[-61.3908203125, 5.938769531249989], [-61.12871093749999, 6.214306640624997], [-61.14560546874999, 6.694531249999997], [-60.35209960937499, 7.002880859374997], [-60.34506835937499, 7.1499999999999915], [-60.63330078125, 7.211083984374994], [-60.718652343749994, 7.535937499999989], [-59.849072265625, 8.248681640624994], [-60.017529296875, 8.54931640625], [-59.20024414062499, 8.074609374999994], [-58.51108398437499, 7.3980468749999915], [-58.67294921874999, 6.390771484374994], [-58.29843749999999, 6.879296874999994], [-57.2275390625, 6.178417968749997], [-57.194775390625, 5.5484374999999915], [-57.3185546875, 5.335351562499994], [-57.20981445312499, 5.1954101562499915], [-57.331005859375, 5.020166015624994], [-57.881103515625, 4.880615234375], [-58.05429687499999, 4.1016601562499915], [-57.646728515625, 3.39453125], [-57.303662109375, 3.3770996093749943], [-57.19736328124999, 2.853271484375], [-56.704345703125, 2.0364746093749915], [-56.482812499999994, 1.942138671875], [-57.31748046874999, 1.9634765624999915], [-58.03466796875, 1.520263671875], [-58.34067382812499, 1.5875488281249943], [-58.511865234374994, 1.28466796875], [-58.82177734375, 1.2012207031249886], [-59.231201171875, 1.3760253906249886], [-59.66660156249999, 1.7462890624999972], [-59.9943359375, 2.6899902343749886], [-59.854394531249994, 3.5874999999999915], [-59.55112304687499, 3.933544921874997], [-59.703271484374994, 4.381103515625], [-60.1486328125, 4.533251953124989], [-59.990673828125, 5.0828613281249915], [-60.142041015625, 5.238818359374989], [-60.742138671875, 5.202050781249994], [-61.3908203125, 5.938769531249989]]]}}, {"id": "122", "type": "Feature", "properties": {"iso3": "LBR", "name": "Liberia"}, "geometry": {"type": "Polygon", "coordinates": [[[-10.6474609375, 7.7593749999999915], [-10.283203125, 8.485156249999989], [-9.66357421875, 8.473535156249994], [-9.369140625, 7.703808593749997], [-9.463818359374983, 7.4158691406249915], [-9.117578124999994, 7.2159179687499915], [-8.8896484375, 7.2626953125], [-8.578857421875, 7.677050781249989], [-8.296630859375, 7.074023437499989], [-8.603564453124989, 6.5078125], [-7.888623046874983, 6.23486328125], [-7.796533203124994, 5.97509765625], [-7.454394531249989, 5.84130859375], [-7.544970703124989, 4.351318359375], [-9.132177734374977, 5.054638671874997], [-10.2763671875, 6.07763671875], [-11.507519531249983, 6.906542968749989], [-10.6474609375, 7.7593749999999915]]]}}, {"id": "188", "type": "Feature", "properties": {"iso3": "CIV", "name": "C\u00f4te d'Ivoire"}, "geometry": {"type": "MultiPolygon", "coordinates": [[[[-3.114013671875, 5.088671874999989], [-3.2463867187499886, 5.114062499999989], [-3.2148925781249886, 5.147216796875], [-3.114013671875, 5.088671874999989]]], [[[-7.6611328125, 10.427441406249997], [-7.01708984375, 10.143261718749997], [-6.950341796874994, 10.342333984374989], [-6.693261718749994, 10.349462890624991], [-6.654150390624977, 10.656445312499997], [-6.423925781249977, 10.559130859374989], [-6.261132812499994, 10.724072265624997], [-6.238378906249977, 10.261621093749994], [-6.1171875, 10.201904296875], [-5.556591796874983, 10.43994140625], [-5.099853515625, 10.241601562499994], [-4.969921874999983, 9.930078124999994], [-4.625830078124977, 9.713574218749997], [-4.332226562499983, 9.645703124999997], [-3.7906249999999773, 9.917187499999997], [-3.2235351562499943, 9.895458984374997], [-2.8167480468749773, 9.425830078124989], [-2.6958496093749886, 9.481347656249994], [-2.7469238281249773, 9.045117187499997], [-2.505859375, 8.208740234375], [-2.789746093749983, 7.931933593749989], [-3.243896484375, 6.648681640625], [-2.998291015625, 5.711328124999994], [-2.793652343749983, 5.60009765625], [-2.815673828125, 5.153027343749997], [-3.168701171875, 5.203027343749994], [-3.199951171875, 5.3544921875], [-3.3475585937499943, 5.130664062499989], [-4.120166015624989, 5.309716796874994], [-4.60888671875, 5.235888671874989], [-4.037207031249977, 5.230126953124994], [-5.282373046874994, 5.210253906249989], [-5.367529296874977, 5.150781249999994], [-5.061816406249989, 5.130664062499989], [-5.913769531249983, 5.010937499999997], [-7.544970703124989, 4.351318359375], [-7.454394531249989, 5.84130859375], [-7.796533203124994, 5.97509765625], [-7.888623046874983, 6.23486328125], [-8.603564453124989, 6.5078125], [-8.302343749999977, 6.98095703125], [-8.486425781249977, 7.558496093749994], [-8.231884765624983, 7.5567382812499915], [-8.009863281249977, 8.078515624999994], [-8.256103515625, 8.253710937499989], [-8.236962890624994, 8.455664062499991], [-7.681201171874989, 8.410351562499997], [-7.719580078124977, 8.643017578124997], [-7.950976562499989, 8.786816406249997], [-7.777978515624994, 9.080859374999989], [-7.896191406249983, 9.415869140624991], [-8.136962890625, 9.495703124999991], [-8.155175781249994, 9.973193359374989], [-7.6611328125, 10.427441406249997]]]]}}, {"id": "154", "type": "Feature", "properties": {"iso3": "GHA", "name": "Ghana"}, "geometry": {"type": "Polygon", "coordinates": [[[-0.08632812499999432, 10.673046874999997], [0.380859375, 10.291845703124991], [0.2333984375, 9.463525390624994], [0.525683593750017, 9.398486328124989], [0.37255859375, 8.75927734375], [0.686328125000017, 8.354882812499994], [0.5255859375000114, 6.8509277343749915], [0.7369140625000057, 6.452587890624997], [1.1872070312500114, 6.089404296874989], [0.94970703125, 5.810253906249997], [0.25966796875002274, 5.75732421875], [-2.0018554687499943, 4.762451171875], [-3.114013671875, 5.088671874999989], [-2.815673828125, 5.153027343749997], [-2.7549804687499773, 5.432519531249994], [-2.998291015625, 5.711328124999994], [-3.235791015624983, 6.8072265624999915], [-2.789746093749983, 7.931933593749989], [-2.505859375, 8.208740234375], [-2.7469238281249773, 9.045117187499997], [-2.7665039062499943, 10.238183593749994], [-2.9148925781249773, 10.592333984374989], [-2.8299316406249773, 10.998388671874991], [-0.627148437499983, 10.927392578124994], [-0.2994628906249943, 11.166894531249994], [-0.068603515625, 11.115624999999994], [-0.08632812499999432, 10.673046874999997]]]}}, {"id": "62", "type": "Feature", "properties": {"iso3": "SLE", "name": "Sierra Leone"}, "geometry": {"type": "MultiPolygon", "coordinates": [[[[-10.6474609375, 7.7593749999999915], [-11.507519531249983, 6.906542968749989], [-12.485644531249989, 7.386279296874989], [-12.480273437499989, 7.7532714843749915], [-12.850878906249989, 7.8187011718749915], [-13.272753906249989, 8.429736328124989], [-12.894091796874989, 8.629785156249994], [-13.181835937499983, 8.576904296875], [-13.206933593749994, 8.843115234374991], [-13.059472656249994, 8.881152343749989], [-13.292675781249983, 9.049218749999994], [-13.028027343749983, 9.103564453124989], [-12.427978515625, 9.898144531249997], [-11.273632812499983, 9.996533203124997], [-10.690527343749977, 9.314257812499989], [-10.747021484374983, 9.095263671874989], [-10.500537109374989, 8.687548828124989], [-10.712109374999983, 8.335253906249989], [-10.283203125, 8.485156249999989], [-10.6474609375, 7.7593749999999915]]], [[[-12.540624999999977, 7.4102539062499915], [-12.951611328124983, 7.570849609374989], [-12.615234375, 7.63720703125], [-12.540624999999977, 7.4102539062499915]]]]}}, {"id": "40", "type": "Feature", "properties": {"iso3": "TGO", "name": "Togo"}, "geometry": {"type": "Polygon", "coordinates": [[[0.7633789062500114, 10.386669921874997], [1.330078125, 9.996972656249994], [1.3857421875, 9.361669921874991], [1.6001953125000057, 9.050048828125], [1.5309570312500114, 6.992431640625], [1.7779296875000057, 6.294628906249997], [1.1872070312500114, 6.089404296874989], [0.7369140625000057, 6.452587890624997], [0.5255859375000114, 6.8509277343749915], [0.634765625, 7.353662109374994], [0.5, 7.546875], [0.6880859375000057, 8.304248046874989], [0.37255859375, 8.75927734375], [0.525683593750017, 9.398486328124989], [0.2333984375, 9.463525390624994], [0.380859375, 10.291845703124991], [-0.09018554687497726, 10.715527343749997], [-0.068603515625, 11.115624999999994], [0.9004882812500057, 10.993261718749991], [0.7633789062500114, 10.386669921874997]]]}}, {"id": "214", "type": "Feature", "properties": {"iso3": "BEN", "name": "Benin"}, "geometry": {"type": "Polygon", "coordinates": [[[1.7779296875000057, 6.294628906249997], [1.5309570312500114, 6.992431640625], [1.6001953125000057, 9.050048828125], [1.3857421875, 9.361669921874991], [1.330078125, 9.996972656249994], [0.7799804687500114, 10.359570312499997], [0.7875000000000227, 10.710253906249989], [0.9004882812500057, 10.993261718749991], [1.4267578125, 11.447119140624991], [1.9803710937500227, 11.418408203124997], [2.36328125, 11.840087890625], [2.366015625000017, 12.221923828125], [2.8052734375000057, 12.383837890624989], [3.5954101562500114, 11.6962890625], [3.48779296875, 11.395410156249994], [3.83447265625, 10.607421875], [3.044921875, 9.083837890624991], [2.7748046875000227, 9.048535156249997], [2.7064453125000227, 6.3692382812499915], [1.6226562500000057, 6.216796875], [1.7779296875000057, 6.294628906249997]]]}}, {"id": "150", "type": "Feature", "properties": {"iso3": "GIN", "name": "Guinea"}, "geometry": {"type": "Polygon", "coordinates": [[[-10.712109374999983, 8.335253906249989], [-10.500537109374989, 8.687548828124989], [-10.747021484374983, 9.095263671874989], [-10.690527343749977, 9.314257812499989], [-11.205664062499977, 9.977734374999997], [-12.427978515625, 9.898144531249997], [-13.028027343749983, 9.103564453124989], [-13.292675781249983, 9.049218749999994], [-13.436279296875, 9.420312499999994], [-13.691357421874983, 9.535791015624994], [-13.689794921874977, 9.927783203124989], [-14.426904296874994, 10.248339843749989], [-14.775927734374989, 10.931640625], [-15.051220703124983, 10.834570312499991], [-14.682958984374977, 11.508496093749997], [-13.732763671874977, 11.736035156249997], [-13.737988281249983, 12.009667968749994], [-13.948876953124994, 12.178173828124997], [-13.707910156249994, 12.312695312499997], [-13.729248046875, 12.673925781249991], [-13.082910156249994, 12.633544921875], [-13.061279296875, 12.489990234375], [-12.399072265624994, 12.340087890625], [-11.389404296875, 12.404394531249991], [-11.502197265625, 12.198632812499994], [-11.30517578125, 12.015429687499989], [-10.933203124999977, 12.205175781249991], [-10.709228515625, 11.898730468749989], [-10.274853515624983, 12.212646484375], [-9.754003906249977, 12.029931640624994], [-9.358105468749983, 12.255419921874989], [-9.395361328124977, 12.464648437499989], [-9.043066406249977, 12.40234375], [-8.822021484375, 11.673242187499994], [-8.398535156249977, 11.366552734374991], [-8.666699218749983, 11.009472656249997], [-8.33740234375, 10.990624999999994], [-8.266650390624989, 10.485986328124994], [-7.985693359374977, 10.278417968749991], [-8.155175781249994, 9.973193359374989], [-8.136962890625, 9.495703124999991], [-7.896191406249983, 9.415869140624991], [-7.777978515624994, 9.080859374999989], [-7.950976562499989, 8.786816406249997], [-7.719580078124977, 8.643017578124997], [-7.681201171874989, 8.410351562499997], [-8.2099609375, 8.483251953124991], [-8.256103515625, 8.253710937499989], [-8.009863281249977, 8.078515624999994], [-8.205957031249994, 7.590234374999994], [-8.659765624999977, 7.688378906249994], [-8.8896484375, 7.2626953125], [-9.117578124999994, 7.2159179687499915], [-9.463818359374983, 7.4158691406249915], [-9.369140625, 7.703808593749997], [-9.518261718749983, 8.346093749999994], [-9.781982421875, 8.537695312499991], [-10.712109374999983, 8.335253906249989]]]}}, {"id": "96", "type": "Feature", "properties": {"iso3": "ABW", "name": "Aruba"}, "geometry": {"type": "Polygon", "coordinates": [[[-70.06611328125, 12.546972656249991], [-70.035107421875, 12.614111328124991], [-69.97314453125, 12.567626953125], [-69.89912109375, 12.452001953124991], [-70.06611328125, 12.546972656249991]]]}}, {"id": "91", "type": "Feature", "properties": {"iso3": "NIC", "name": "Nicaragua"}, "geometry": {"type": "Polygon", "coordinates": [[[-83.413720703125, 14.825341796874994], [-83.187744140625, 14.340087890625], [-83.567333984375, 13.3203125], [-83.5109375, 12.411816406249997], [-83.59335937499999, 12.713085937499997], [-83.75424804687499, 12.501953125], [-83.680419921875, 12.024316406249994], [-83.82890624999999, 11.861035156249997], [-83.6517578125, 11.642041015624997], [-83.86787109375, 11.300048828125], [-83.6419921875, 10.917236328125], [-83.71293945312499, 10.785888671875], [-84.168359375, 10.780371093749991], [-84.348291015625, 10.979882812499994], [-84.9091796875, 10.9453125], [-85.5841796875, 11.189453125], [-85.7443359375, 11.062109374999991], [-87.66752929687499, 12.903564453125], [-87.58505859374999, 13.043310546874991], [-87.3896484375, 12.920654296875], [-86.95888671875, 13.0537109375], [-86.710693359375, 13.313378906249994], [-86.733642578125, 13.763476562500003], [-86.33173828125, 13.770068359375003], [-86.04038085937499, 14.050146484374991], [-85.73393554687499, 13.858691406250003], [-85.17949218749999, 14.343310546875003], [-84.98515624999999, 14.75244140625], [-84.453564453125, 14.643701171874994], [-83.15751953124999, 14.993066406249994], [-83.413720703125, 14.825341796874994]]]}}, {"id": "70", "type": "Feature", "properties": {"iso3": "VCT", "name": "St. Vin. and Gren."}, "geometry": {"type": "MultiPolygon", "coordinates": [[[[-61.268457031249994, 13.287695312499991], [-61.13896484374999, 13.358740234374991], [-61.17451171875, 13.158105468749994], [-61.268457031249994, 13.287695312499991]]], [[[-61.27695312499999, 12.989892578124994], [-61.201171875, 13.052539062499989], [-61.193749999999994, 13.038281249999997], [-61.27695312499999, 12.989892578124994]]], [[[-61.353515625, 12.698144531249994], [-61.31987304687499, 12.735449218749991], [-61.314843749999994, 12.722558593749994], [-61.353515625, 12.698144531249994]]]]}}, {"id": "174", "type": "Feature", "properties": {"iso3": "SLV", "name": "El Salvador"}, "geometry": {"type": "Polygon", "coordinates": [[[-89.1205078125, 14.370214843749991], [-88.482666015625, 13.854248046875], [-88.151025390625, 13.987353515625003], [-87.7314453125, 13.841064453125], [-87.820703125, 13.28515625], [-88.1806640625, 13.164013671874997], [-88.68564453124999, 13.281494140625], [-88.51201171874999, 13.183935546874991], [-90.09521484375, 13.736523437499997], [-89.54716796874999, 14.241259765625003], [-89.5736328125, 14.390087890624997], [-89.1205078125, 14.370214843749991]]]}}, {"id": "71", "type": "Feature", "properties": {"iso3": "LCA", "name": "Saint Lucia"}, "geometry": {"type": "Polygon", "coordinates": [[[-60.951416015625, 13.717578125000003], [-61.073144531249994, 13.865576171874991], [-60.908105468749994, 14.093359374999991], [-60.951416015625, 13.717578125000003]]]}}, {"id": "146", "type": "Feature", "properties": {"iso3": "HND", "name": "Honduras"}, "geometry": {"type": "MultiPolygon", "coordinates": [[[[-84.453564453125, 14.643701171874994], [-84.98515624999999, 14.75244140625], [-85.17949218749999, 14.343310546875003], [-85.73393554687499, 13.858691406250003], [-86.04038085937499, 14.050146484374991], [-86.33173828125, 13.770068359375003], [-86.758984375, 13.746142578125003], [-86.710693359375, 13.313378906249994], [-87.05917968749999, 12.991455078125], [-87.33725585937499, 12.979248046875], [-87.48911132812499, 13.352929687499994], [-87.814208984375, 13.399169921875], [-87.80224609375, 13.889990234374991], [-88.151025390625, 13.987353515625003], [-88.482666015625, 13.854248046875], [-89.36259765624999, 14.416015625], [-89.17177734375, 14.606884765624997], [-89.142578125, 15.072314453125003], [-88.22832031249999, 15.72900390625], [-87.70185546875, 15.91064453125], [-86.9072265625, 15.762353515624994], [-86.356640625, 15.783203125], [-85.98564453124999, 16.024169921875], [-85.48369140624999, 15.899511718749991], [-84.97373046874999, 15.989892578124994], [-84.26142578125, 15.822607421874991], [-83.765283203125, 15.405468749999997], [-83.972802734375, 15.519628906249991], [-84.09506835937499, 15.400927734375003], [-83.49794921875, 15.222119140624997], [-83.64638671875, 15.368408203125], [-83.15751953124999, 14.993066406249994], [-84.453564453125, 14.643701171874994]]], [[[-86.5802734375, 16.300244140624997], [-86.63041992187499, 16.3017578125], [-86.43828124999999, 16.413867187500003], [-86.255517578125, 16.42822265625], [-86.5802734375, 16.300244140624997]]], [[[-85.947216796875, 16.403613281250003], [-85.83378906249999, 16.510888671874994], [-85.87094726562499, 16.46152343749999], [-85.947216796875, 16.403613281250003]]]]}}, {"id": "178", "type": "Feature", "properties": {"iso3": "DMA", "name": "Dominica"}, "geometry": {"type": "Polygon", "coordinates": [[[-61.375390624999994, 15.227294921875], [-61.45810546874999, 15.633105468750003], [-61.277246093749994, 15.526708984374991], [-61.375390624999994, 15.227294921875]]]}}, {"id": "151", "type": "Feature", "properties": {"iso3": "GTM", "name": "Guatemala"}, "geometry": {"type": "Polygon", "coordinates": [[[-92.07480468749999, 15.07421875], [-92.204248046875, 15.274999999999991], [-91.736572265625, 16.07016601562499], [-90.44716796875, 16.072705078124997], [-90.4169921875, 16.391015624999994], [-91.409619140625, 17.255859375], [-90.99296874999999, 17.25244140625], [-90.98916015625, 17.81640625], [-89.16147460937499, 17.814843749999994], [-89.2375, 15.894433593749994], [-88.60336914062499, 15.76416015625], [-88.5939453125, 15.950292968749991], [-88.22832031249999, 15.72900390625], [-89.1703125, 15.039892578124991], [-89.17177734375, 14.606884765624997], [-89.5736328125, 14.390087890624997], [-89.54716796874999, 14.241259765625003], [-90.09521484375, 13.736523437499997], [-91.37734375, 13.990185546874997], [-92.23515624999999, 14.54541015625], [-92.07480468749999, 15.07421875]]]}}, {"id": "27", "type": "Feature", "properties": {"iso3": "MSR", "name": "Montserrat"}, "geometry": {"type": "Polygon", "coordinates": [[[-62.154248046875, 16.681201171875003], [-62.221630859375, 16.699511718750003], [-62.191357421875, 16.804394531249997], [-62.154248046875, 16.681201171875003]]]}}, {"id": "215", "type": "Feature", "properties": {"iso3": "BLZ", "name": "Belize"}, "geometry": {"type": "MultiPolygon", "coordinates": [[[[-89.133544921875, 17.97080078124999], [-88.80634765625, 17.965527343749997], [-88.52299804687499, 18.44589843749999], [-88.295654296875, 18.472412109375], [-88.349267578125, 18.358837890624997], [-88.1302734375, 18.350732421874994], [-88.09721679687499, 18.121630859375003], [-88.313427734375, 16.632763671874997], [-88.89404296875, 15.890625], [-89.2375, 15.894433593749994], [-89.133544921875, 17.97080078124999]]], [[[-87.99809570312499, 17.90634765624999], [-87.85893554687499, 18.154052734375], [-87.84853515625, 18.140380859375], [-87.99809570312499, 17.90634765624999]]], [[[-87.92998046874999, 17.283007812500003], [-87.826416015625, 17.546289062499994], [-87.8529296875, 17.4228515625], [-87.92998046874999, 17.283007812500003]]]]}}, {"id": "149", "type": "Feature", "properties": {"iso3": "GNB", "name": "Guinea-Bissau"}, "geometry": {"type": "MultiPolygon", "coordinates": [[[[-15.574804687499977, 12.490380859374994], [-15.196093749999989, 12.679931640625], [-13.729248046875, 12.673925781249991], [-13.707910156249994, 12.312695312499997], [-13.948876953124994, 12.178173828124997], [-13.737988281249983, 12.009667968749994], [-13.732763671874977, 11.736035156249997], [-14.682958984374977, 11.508496093749997], [-15.043017578124989, 10.940136718749997], [-15.054589843749994, 11.141943359374991], [-15.222119140624983, 11.030908203124994], [-15.4794921875, 11.410302734374994], [-15.072656249999994, 11.597802734374994], [-15.501904296874983, 11.723779296874994], [-15.078271484374994, 11.968994140625], [-15.941748046874977, 11.78662109375], [-15.920214843749989, 11.937792968749989], [-16.328076171874983, 12.051611328124991], [-16.244580078124983, 12.237109374999989], [-16.711816406249994, 12.354833984374991], [-15.574804687499977, 12.490380859374994]]], [[[-16.236425781249977, 11.113427734374994], [-16.067333984374983, 11.197216796874997], [-16.05278320312499, 11.117529296874991], [-16.236425781249977, 11.113427734374994]]], [[[-15.963964843749977, 11.058984374999994], [-15.937695312499983, 11.192773437499994], [-15.909130859374983, 11.161328124999997], [-15.963964843749977, 11.058984374999994]]], [[[-15.77978515625, 11.194531249999997], [-15.658349609374994, 11.286474609374991], [-15.687109374999977, 11.234326171874997], [-15.77978515625, 11.194531249999997]]], [[[-15.61962890625, 11.533496093749989], [-15.482470703124989, 11.63232421875], [-15.484423828124989, 11.567529296874994], [-15.61962890625, 11.533496093749989]]], [[[-16.023193359375, 11.477148437499991], [-15.964550781249983, 11.598291015624994], [-15.915332031249989, 11.589111328125], [-16.023193359375, 11.477148437499991]]], [[[-16.038330078125, 11.759716796874997], [-16.152441406249977, 11.876806640624991], [-16.021874999999994, 11.886669921874997], [-16.038330078125, 11.759716796874997]]]]}}, {"id": "206", "type": "Feature", "properties": {"iso3": "BFA", "name": "Burkina Faso"}, "geometry": {"type": "Polygon", "coordinates": [[[0.49267578125, 10.954980468749994], [-0.2994628906249943, 11.166894531249994], [-0.627148437499983, 10.927392578124994], [-2.8299316406249773, 10.998388671874991], [-2.9148925781249773, 10.592333984374989], [-2.78662109375, 10.401904296874989], [-2.7666015625, 9.424707031249994], [-3.2235351562499943, 9.895458984374997], [-3.7906249999999773, 9.917187499999997], [-4.332226562499983, 9.645703124999997], [-4.625830078124977, 9.713574218749997], [-4.969921874999983, 9.930078124999994], [-5.099853515625, 10.241601562499994], [-5.523535156249977, 10.426025390625], [-5.490478515625, 11.042382812499994], [-5.250244140625, 11.375781249999989], [-5.288134765624989, 11.827929687499989], [-4.4287109375, 12.337597656249997], [-4.480615234374994, 12.672216796874991], [-4.227099609374989, 12.793701171875], [-4.328710937499977, 13.119042968749994], [-4.151025390624994, 13.306201171875003], [-3.9473144531249886, 13.402197265624991], [-3.5276367187499886, 13.182714843749991], [-3.3017578125, 13.28076171875], [-3.2486328124999773, 13.658349609374994], [-2.9508300781249943, 13.6484375], [-2.5867187499999886, 14.227587890625003], [-2.113232421874983, 14.16845703125], [-1.9730468749999943, 14.45654296875], [-0.666455078124983, 15.069775390624997], [0.21748046875001137, 14.911474609374991], [0.16386718750001705, 14.497216796874994], [0.42919921875, 13.972119140624997], [1.201171875, 13.357519531249991], [0.9884765625000114, 13.364843749999991], [0.9873046875, 13.041894531249994], [1.56494140625, 12.635400390624994], [2.0738281250000057, 12.713964843749991], [2.2115234375000057, 12.538427734374991], [2.058398437500017, 12.357958984374989], [2.38916015625, 11.897070312499991], [2.2872070312500057, 11.691259765624991], [1.9803710937500227, 11.418408203124997], [1.4267578125, 11.447119140624991], [1.0845703125000057, 11.076367187499997], [0.49267578125, 10.954980468749994]]]}}, {"id": "218", "type": "Feature", "properties": {"iso3": "BRB", "name": "Barbados"}, "geometry": {"type": "Polygon", "coordinates": [[[-59.611328125, 13.102099609374989], [-59.6466796875, 13.303124999999994], [-59.427636718749994, 13.152783203124997], [-59.611328125, 13.102099609374989]]]}}, {"id": "157", "type": "Feature", "properties": {"iso3": "GMB", "name": "Gambia"}, "geometry": {"type": "Polygon", "coordinates": [[[-15.509667968749994, 13.586230468750003], [-15.108349609374983, 13.812109374999991], [-13.826708984374989, 13.407812499999991], [-14.246777343749983, 13.23583984375], [-15.151123046875, 13.556494140624991], [-15.286230468749977, 13.39599609375], [-15.814404296874983, 13.325146484374997], [-15.834277343749989, 13.156445312499997], [-16.763330078124994, 13.064160156249997], [-16.824804687499977, 13.341064453125], [-16.669335937499994, 13.474999999999994], [-16.41337890624999, 13.269726562499997], [-15.427490234375, 13.468359374999991], [-16.351806640625, 13.343359374999991], [-16.56230468749999, 13.587304687499994], [-15.509667968749994, 13.586230468750003]]]}}, {"id": "65", "type": "Feature", "properties": {"iso3": "SEN", "name": "Senegal"}, "geometry": {"type": "Polygon", "coordinates": [[[-12.019189453124994, 14.206494140624997], [-12.05419921875, 13.633056640625], [-11.831689453124994, 13.315820312499994], [-11.634960937499983, 13.369873046875], [-11.390380859375, 12.941992187499991], [-11.389404296875, 12.404394531249991], [-12.291210937499983, 12.328027343749994], [-13.061279296875, 12.489990234375], [-13.082910156249994, 12.633544921875], [-15.196093749999989, 12.679931640625], [-15.574804687499977, 12.490380859374994], [-16.711816406249994, 12.354833984374991], [-16.76030273437499, 12.525781249999994], [-16.44287109375, 12.609472656249991], [-16.767968749999994, 12.62841796875], [-16.648779296874977, 13.154150390624991], [-15.834277343749989, 13.156445312499997], [-15.814404296874983, 13.325146484374997], [-15.286230468749977, 13.39599609375], [-15.151123046875, 13.556494140624991], [-14.246777343749983, 13.23583984375], [-13.826708984374989, 13.407812499999991], [-15.108349609374983, 13.812109374999991], [-15.509667968749994, 13.586230468750003], [-16.56230468749999, 13.587304687499994], [-16.766943359374977, 13.904931640624994], [-16.618115234374983, 14.04052734375], [-16.791748046875, 14.004150390625], [-17.168066406249977, 14.640625], [-17.53564453125, 14.755126953125], [-17.147167968749983, 14.922021484374994], [-16.843408203124994, 15.293994140625003], [-16.239013671875, 16.531298828125003], [-14.959521484374989, 16.678906249999997], [-14.300097656249989, 16.580273437499997], [-13.868457031249989, 16.148144531249997], [-13.506982421874994, 16.135205078124997], [-13.206445312499994, 15.616894531249997], [-12.280615234374977, 14.809033203124997], [-12.019189453124994, 14.206494140624997]]]}}, {"id": "159", "type": "Feature", "properties": {"iso3": "FRA", "name": "France"}, "geometry": {"type": "MultiPolygon", "coordinates": [[[[9.550683593750023, 42.129736328125], [9.186132812500006, 41.384912109374994], [8.807519531250023, 41.58837890625], [8.886816406250006, 41.70068359375], [8.621875000000017, 41.930712890624996], [8.565625000000011, 42.357714843749996], [8.814843750000023, 42.60791015625], [9.313378906250023, 42.713183593749996], [9.363183593750023, 43.017382812499996], [9.550683593750023, 42.129736328125]]], [[[6.968359375000006, 47.45322265625], [7.000585937500006, 47.322509765625], [6.456250000000011, 46.94833984375], [5.970019531250017, 46.214697265625], [6.199414062500011, 46.19306640625], [6.428906250000011, 46.430517578125], [6.776074218750011, 46.406640624999994], [6.772070312500006, 46.16513671875], [7.021093750000006, 45.92578125], [6.790917968750023, 45.740869140624994], [7.153417968750006, 45.400927734374996], [6.634765625, 45.068164062499996], [6.99267578125, 44.827294921874994], [6.900195312500017, 44.335742187499996], [7.63720703125, 44.164843749999996], [7.4931640625, 43.767138671874996], [6.115917968750011, 43.07236328125], [5.059765625000011, 43.44453125], [4.712109375000011, 43.373291015625], [3.9108398437500114, 43.5630859375], [3.0517578125, 42.91513671875], [3.21142578125, 42.43115234375], [2.03271484375, 42.353515625], [1.7098632812500227, 42.604443359375], [0.764453125000017, 42.838037109374994], [0.631640625000017, 42.689599609374994], [-0.041162109374994316, 42.689111328124994], [-1.4608398437499943, 43.0517578125], [-1.4106933593749886, 43.240087890625], [-1.7940429687499773, 43.40732421875], [-1.48486328125, 43.563769531249996], [-1.2455078124999943, 44.559863281249996], [-1.0769531249999886, 44.689843749999994], [-1.2452148437499773, 44.66669921875], [-1.081005859374983, 45.532421875], [-0.5484863281249943, 45.0005859375], [-0.790771484375, 45.468017578125], [-1.195996093749983, 45.714453125], [-1.03173828125, 45.741064453125], [-1.1462890624999886, 46.311376953125], [-1.7865234374999943, 46.51484375], [-2.0593749999999886, 46.810302734375], [-2.0188964843749773, 47.037646484374996], [-2.1970703124999886, 47.162939453125], [-1.7425292968749773, 47.215966796874994], [-2.503124999999983, 47.312060546874996], [-2.427685546874983, 47.4708984375], [-2.7872070312499773, 47.625537109374996], [-4.312109374999977, 47.822900390624994], [-4.678808593749977, 48.039501953125], [-4.329443359374977, 48.169970703124996], [-4.5771484375, 48.2900390625], [-4.241406249999983, 48.303662109375], [-4.762499999999989, 48.450244140624996], [-4.531201171874983, 48.619970703125], [-3.2314453125, 48.8408203125], [-2.692333984374983, 48.53681640625], [-1.37646484375, 48.652587890625], [-1.5654785156249886, 48.805517578125], [-1.5831054687499773, 49.202392578125], [-1.8564453125, 49.6837890625], [-1.2586425781249773, 49.68017578125], [-1.1385253906249773, 49.387890625], [-0.16347656249999432, 49.296777343749994], [0.41689453125002274, 49.448388671874994], [0.12939453125, 49.508447265624994], [0.18671875000001137, 49.703027343749994], [1.2455078125000227, 49.9982421875], [1.5927734375, 50.252197265625], [1.6722656250000227, 50.885009765625], [2.52490234375, 51.097119140625], [2.7593750000000057, 50.750634765624994], [3.1068359375000227, 50.779443359374994], [3.6893554687500227, 50.306054687499994], [4.174609375000017, 50.246484374999994], [4.176074218750017, 49.960253906249996], [4.545019531250006, 49.960253906249996], [4.818652343750017, 50.153173828125], [4.867578125000023, 49.788134765624996], [5.50732421875, 49.510888671874994], [6.2421875, 49.4943359375], [6.735449218750006, 49.160595703125], [8.134863281250006, 48.973583984375], [7.616601562500023, 48.156787109374996], [7.615625000000023, 47.592724609375], [6.968359375000006, 47.45322265625]]], [[[-1.213574218749983, 45.8166015625], [-1.388671875, 46.050390625], [-1.2850585937499943, 46.002685546875], [-1.213574218749983, 45.8166015625]]], [[[45.069433593750006, -12.895605468750006], [45.092382812500006, -12.653027343750011], [45.22314453125, -12.752148437500011], [45.180273437500006, -12.976757812500011], [45.069433593750006, -12.895605468750006]]], [[[55.36269531250002, -21.27363281250001], [55.31132812500002, -20.904101562500003], [55.66191406250002, -20.90625], [55.79736328125, -21.33935546875], [55.36269531250002, -21.27363281250001]]], [[[-60.86210937499999, 14.42626953125], [-61.063720703125, 14.467089843750003], [-61.213330078125, 14.848583984374997], [-60.927148437499994, 14.755175781250003], [-60.86210937499999, 14.42626953125]]], [[[-61.52216796875, 16.22802734375], [-61.47119140625, 16.506640625000003], [-61.172607421875, 16.256103515625], [-61.52216796875, 16.22802734375]]], [[[-61.759423828124994, 16.062060546875003], [-61.748046875, 16.355273437500003], [-61.55234374999999, 16.270898437499994], [-61.58955078125, 16.00693359374999], [-61.759423828124994, 16.062060546875003]]], [[[-61.3107421875, 15.894677734374994], [-61.25, 16.006298828124997], [-61.20341796874999, 15.921240234374991], [-61.3107421875, 15.894677734374994]]], [[[-54.1955078125, 2.81787109375], [-53.990478515625, 3.589550781249997], [-54.350732421874994, 4.054101562499994], [-54.47333984375, 4.914697265624994], [-53.919921875, 5.768994140624997], [-52.899316406249994, 5.425048828125], [-52.29052734375, 4.942187499999989], [-52.324609374999994, 4.770898437499994], [-52.219970703125, 4.86279296875], [-52.05810546875, 4.7173828124999915], [-52.0029296875, 4.352294921875], [-51.827539062499994, 4.635693359374997], [-51.65253906249998, 4.061279296875], [-52.327880859375, 3.1817382812499915], [-52.700634765625, 2.3636718749999943], [-53.009716796875, 2.1817382812499915], [-53.7677734375, 2.3548339843749915], [-54.130078125, 2.121044921874997], [-54.61625976562499, 2.3267578124999915], [-54.1955078125, 2.81787109375]]]]}}, {"id": "200", "type": "Feature", "properties": {"iso3": "CPV", "name": "Cabo Verde"}, "geometry": {"type": "MultiPolygon", "coordinates": [[[[-25.337109374999983, 17.091015624999997], [-25.03466796875, 17.176464843749997], [-24.979687499999983, 17.0947265625], [-25.169824218749994, 16.946484374999997], [-25.337109374999983, 17.091015624999997]]], [[[-23.70537109374999, 14.961328124999994], [-23.74809570312499, 15.328515624999994], [-23.444238281249994, 15.007958984374994], [-23.70537109374999, 14.961328124999994]]], [[[-25.019970703124983, 16.79721679687499], [-25.09306640624999, 16.83251953125], [-24.936474609374983, 16.922119140625], [-25.019970703124983, 16.79721679687499]]], [[[-22.692626953125, 16.16904296874999], [-22.710107421874994, 16.043359374999994], [-22.95927734374999, 16.045117187499997], [-22.917724609375, 16.237255859374997], [-22.692626953125, 16.16904296874999]]], [[[-24.440527343749977, 14.834814453124991], [-24.49687499999999, 14.980273437500003], [-24.329492187499994, 15.019482421874997], [-24.308251953124994, 14.856298828124991], [-24.440527343749977, 14.834814453124991]]], [[[-24.03271484375, 16.572021484375], [-24.322363281249977, 16.493115234374997], [-24.376708984375, 16.677783203125003], [-24.03271484375, 16.572021484375]]], [[[-22.920263671874977, 16.60791015625], [-22.980615234374994, 16.700878906249997], [-22.93291015624999, 16.841015624999997], [-22.920263671874977, 16.60791015625]]], [[[-23.251806640624977, 15.178124999999994], [-23.21025390624999, 15.323535156250003], [-23.119335937499983, 15.268408203124991], [-23.251806640624977, 15.178124999999994]]]]}}, {"id": "112", "type": "Feature", "properties": {"iso3": "MLI", "name": "Mali"}, "geometry": {"type": "Polygon", "coordinates": [[[-11.390380859375, 12.941992187499991], [-11.634960937499983, 13.369873046875], [-11.831689453124994, 13.315820312499994], [-12.05419921875, 13.633056640625], [-12.019189453124994, 14.206494140624997], [-12.280615234374977, 14.809033203124997], [-12.104687499999983, 14.745361328125], [-11.94091796875, 14.886914062499997], [-11.760156249999994, 15.425537109375], [-11.502685546875, 15.636816406249991], [-10.9482421875, 15.151123046875], [-10.696582031249989, 15.422656250000003], [-9.446923828124994, 15.458203124999997], [-9.3505859375, 15.677392578124994], [-9.176806640624989, 15.49609375], [-5.512499999999989, 15.496289062499997], [-5.359912109374989, 16.282861328124994], [-5.628662109375, 16.568652343750003], [-6.594091796874977, 24.99462890625], [-4.822607421874977, 24.99560546875], [1.1455078125, 21.102246093749997], [1.1657226562500114, 20.817431640625003], [1.753222656250017, 20.331591796875003], [3.1302734375000227, 19.85019531249999], [3.255859375, 19.410937500000003], [3.1060546875000057, 19.150097656249997], [3.2559570312500057, 19.01328124999999], [4.227636718750006, 19.142773437499997], [4.18212890625, 16.581787109375], [3.876953125, 15.755273437499994], [3.5042968750000227, 15.356347656249994], [1.3001953125000227, 15.272265625000003], [0.9474609375000114, 14.982128906249997], [0.21748046875001137, 14.911474609374991], [-0.666455078124983, 15.069775390624997], [-1.9730468749999943, 14.45654296875], [-2.113232421874983, 14.16845703125], [-2.5867187499999886, 14.227587890625003], [-2.9508300781249943, 13.6484375], [-3.2486328124999773, 13.658349609374994], [-3.3017578125, 13.28076171875], [-3.5276367187499886, 13.182714843749991], [-3.9473144531249886, 13.402197265624991], [-4.328710937499977, 13.119042968749994], [-4.227099609374989, 12.793701171875], [-4.480615234374994, 12.672216796874991], [-4.4287109375, 12.337597656249997], [-5.288134765624989, 11.827929687499989], [-5.250244140625, 11.375781249999989], [-5.490478515625, 11.042382812499994], [-5.523535156249977, 10.426025390625], [-6.034570312499994, 10.19482421875], [-6.238378906249977, 10.261621093749994], [-6.261132812499994, 10.724072265624997], [-6.423925781249977, 10.559130859374989], [-6.654150390624977, 10.656445312499997], [-6.693261718749994, 10.349462890624991], [-6.950341796874994, 10.342333984374989], [-7.01708984375, 10.143261718749997], [-7.497949218749994, 10.439794921874991], [-7.990624999999994, 10.162499999999994], [-8.266650390624989, 10.485986328124994], [-8.33740234375, 10.990624999999994], [-8.666699218749983, 11.009472656249997], [-8.398535156249977, 11.366552734374991], [-8.822021484375, 11.673242187499994], [-9.120458984374977, 12.449951171875], [-9.395361328124977, 12.464648437499989], [-9.358105468749983, 12.255419921874989], [-9.714746093749994, 12.04248046875], [-10.274853515624983, 12.212646484375], [-10.709228515625, 11.898730468749989], [-10.933203124999977, 12.205175781249991], [-11.30517578125, 12.015429687499989], [-11.502197265625, 12.198632812499994], [-11.390380859375, 12.941992187499991]]]}}, {"id": "110", "type": "Feature", "properties": {"iso3": "MRT", "name": "Mauritania"}, "geometry": {"type": "MultiPolygon", "coordinates": [[[[-16.43754882812499, 19.609277343749994], [-16.477001953124983, 19.710351562499994], [-16.343652343749994, 19.8662109375], [-16.43754882812499, 19.609277343749994]]], [[[-12.858496093749977, 15.242529296874991], [-13.40966796875, 16.05917968749999], [-13.868457031249989, 16.148144531249997], [-14.533740234374989, 16.655957031249997], [-16.239013671875, 16.531298828125003], [-16.535253906249977, 15.83837890625], [-16.463623046875, 16.601513671874997], [-16.07890624999999, 17.545849609374997], [-16.046728515624977, 18.22314453125], [-16.213085937499983, 19.003320312499994], [-16.51445312499999, 19.361962890624994], [-16.305273437499977, 19.512646484374997], [-16.44487304687499, 19.47314453125], [-16.21044921875, 20.227929687499994], [-16.927929687499983, 21.114794921875003], [-17.048046874999983, 20.80615234375], [-16.964550781249983, 21.329248046874994], [-13.016210937499977, 21.333935546874997], [-13.153271484374983, 22.820507812499997], [-12.620410156249989, 23.27133789062499], [-12.0234375, 23.467578125000003], [-12.016308593749983, 25.995410156250003], [-8.682226562499977, 25.995507812499994], [-8.683349609375, 27.285937499999996], [-4.822607421874977, 24.99560546875], [-6.594091796874977, 24.99462890625], [-5.628662109375, 16.568652343750003], [-5.359912109374989, 16.282861328124994], [-5.512499999999989, 15.496289062499997], [-9.176806640624989, 15.49609375], [-9.3505859375, 15.677392578124994], [-9.446923828124994, 15.458203124999997], [-10.696582031249989, 15.422656250000003], [-10.9482421875, 15.151123046875], [-11.502685546875, 15.636816406249991], [-12.104687499999983, 14.745361328125], [-12.858496093749977, 15.242529296874991]]]]}}, {"id": "103", "type": "Feature", "properties": {"iso3": "ESH", "name": "W. Sahara"}, "geometry": {"type": "Polygon", "coordinates": [[[-8.683349609375, 27.656445312499997], [-8.682226562499977, 25.995507812499994], [-12.016308593749983, 25.995410156250003], [-12.0234375, 23.467578125000003], [-12.620410156249989, 23.27133789062499], [-13.153271484374983, 22.820507812499997], [-13.016210937499977, 21.333935546874997], [-16.964550781249983, 21.329248046874994], [-17.098779296874994, 20.856884765624997], [-17.00297851562499, 21.42075195312499], [-14.7509765625, 21.50058593749999], [-14.22119140625, 22.31015624999999], [-13.89111328125, 23.69101562499999], [-13.310986328124983, 23.98105468749999], [-12.991162109374983, 24.47031249999999], [-12.43115234375, 24.83066406249999], [-12.060986328124983, 25.99082031249999], [-11.718212890624983, 26.1041015625], [-11.337890625, 26.6333984375], [-11.392578125, 26.8833984375], [-10.757763671874983, 27.0201171875], [-9.81787109375, 26.8501953125], [-9.413037109374983, 27.0884765625], [-8.794873046874983, 27.120703125], [-8.817773437499994, 27.655908203124994], [-8.683349609375, 27.656445312499997]]]}}, {"id": "72", "type": "Feature", "properties": {"iso3": "KNA", "name": "St. Kitts and Nevis"}, "geometry": {"type": "MultiPolygon", "coordinates": [[[[-62.624902343749994, 17.129589843749997], [-62.61528320312499, 17.199121093749994], [-62.5341796875, 17.170117187499997], [-62.624902343749994, 17.129589843749997]]], [[[-62.83891601562499, 17.339257812499994], [-62.827050781249994, 17.386425781249997], [-62.71372070312499, 17.353271484375], [-62.63066406249999, 17.239990234375], [-62.83891601562499, 17.339257812499994]]]]}}, {"id": "231", "type": "Feature", "properties": {"iso3": "ATG", "name": "Antigua and Barb."}, "geometry": {"type": "MultiPolygon", "coordinates": [[[[-61.85966796874999, 17.013330078124994], [-61.887109374999994, 17.09814453125], [-61.817285156249994, 17.1689453125], [-61.68603515625, 17.098437500000003], [-61.85966796874999, 17.013330078124994]]], [[[-61.84379882812499, 17.596142578124997], [-61.866162109375, 17.704296874999997], [-61.74960937499999, 17.661328124999997], [-61.84379882812499, 17.596142578124997]]]]}}, {"id": "163", "type": "Feature", "properties": {"iso3": "BLM", "name": "St-Barth\u00e9lemy"}, "geometry": {"type": "Polygon", "coordinates": [[[-62.85893554687499, 17.88364257812499], [-62.87421875, 17.922265624999994], [-62.799707031249994, 17.90869140625], [-62.85893554687499, 17.88364257812499]]]}}, {"id": "12", "type": "Feature", "properties": {"iso3": "VIR", "name": "U.S. Virgin Is."}, "geometry": {"type": "MultiPolygon", "coordinates": [[[[-64.91997070312499, 18.3212890625], [-65.0236328125, 18.367578124999994], [-64.889111328125, 18.374218749999997], [-64.91997070312499, 18.3212890625]]], [[[-64.7259765625, 18.327880859375], [-64.78769531249999, 18.341113281250003], [-64.75244140625, 18.371972656249994], [-64.7259765625, 18.327880859375]]], [[[-64.6818359375, 17.750195312499997], [-64.58046875, 17.750195312499997], [-64.889111328125, 17.701708984375003], [-64.6818359375, 17.750195312499997]]]]}}, {"id": "239", "type": "Feature", "properties": {"iso3": "SXM", "name": "Sint Maarten"}, "geometry": {"type": "Polygon", "coordinates": [[[-63.011181640625, 18.06894531249999], [-63.01230468749999, 18.04541015625], [-63.02304687499999, 18.019189453124994], [-63.123046875, 18.06894531249999], [-63.011181640625, 18.06894531249999]]]}}, {"id": "162", "type": "Feature", "properties": {"iso3": "MAF", "name": "St-Martin"}, "geometry": {"type": "Polygon", "coordinates": [[[-63.123046875, 18.06894531249999], [-63.06308593749999, 18.11533203124999], [-63.011181640625, 18.06894531249999], [-63.123046875, 18.06894531249999]]]}}, {"id": "135", "type": "Feature", "properties": {"iso3": "JAM", "name": "Jamaica"}, "geometry": {"type": "Polygon", "coordinates": [[[-76.349853515625, 18.15185546875], [-76.21079101562499, 17.913525390624997], [-76.85322265625, 17.97373046874999], [-77.20498046875, 17.71494140624999], [-77.76816406249999, 17.877392578124997], [-78.339501953125, 18.28720703124999], [-77.8734375, 18.522216796875], [-76.349853515625, 18.15185546875]]]}}, {"id": "21", "type": "Feature", "properties": {"iso3": "AIA", "name": "Anguilla"}, "geometry": {"type": "Polygon", "coordinates": [[[-63.16000976562499, 18.17138671875], [-63.026025390624994, 18.269726562499997], [-63.001220703125, 18.22177734374999], [-63.16000976562499, 18.17138671875]]]}}, {"id": "15", "type": "Feature", "properties": {"iso3": "PRI", "name": "Puerto Rico"}, "geometry": {"type": "MultiPolygon", "coordinates": [[[[-65.62880859375, 18.381396484375003], [-65.620849609375, 18.242333984374994], [-65.97080078124999, 17.974365234375], [-67.19687499999999, 17.994189453125003], [-67.158642578125, 18.499218749999997], [-65.62880859375, 18.381396484375003]]], [[[-65.555078125, 18.107666015625], [-65.572216796875, 18.13730468749999], [-65.294873046875, 18.133349609375003], [-65.555078125, 18.107666015625]]], [[[-67.93037109375, 18.0869140625], [-67.930615234375, 18.115136718749994], [-67.84365234375, 18.111035156249997], [-67.93037109375, 18.0869140625]]]]}}, {"id": "25", "type": "Feature", "properties": {"iso3": "VGB", "name": "British Virgin Is."}, "geometry": {"type": "MultiPolygon", "coordinates": [[[[-64.42607421874999, 18.513085937499994], [-64.324658203125, 18.517480468749994], [-64.39521484375, 18.464599609375], [-64.42607421874999, 18.513085937499994]]], [[[-64.671826171875, 18.399121093749997], [-64.69511718749999, 18.411669921875003], [-64.545166015625, 18.438134765624994], [-64.671826171875, 18.399121093749997]]], [[[-64.273583984375, 18.70712890624999], [-64.41142578124999, 18.751171874999997], [-64.32309570312499, 18.752685546875], [-64.273583984375, 18.70712890624999]]]]}}, {"id": "202", "type": "Feature", "properties": {"iso3": "CMR", "name": "Cameroon"}, "geometry": {"type": "Polygon", "coordinates": [[[8.997167968750006, 5.917724609375], [9.779882812500006, 6.760156249999994], [10.1435546875, 6.9964355468749915], [10.482324218750023, 6.891259765624994], [10.606250000000017, 7.0630859374999915], [11.2373046875, 6.4505371093749915], [11.861425781250006, 7.116406249999997], [11.767382812500017, 7.272265624999989], [12.2333984375, 8.282324218749991], [12.403515625000011, 8.595556640624991], [12.7822265625, 8.81787109375], [12.929492187500017, 9.42626953125], [13.19873046875, 9.563769531249989], [13.269921875000023, 10.036181640624989], [13.699902343750011, 10.873144531249991], [13.9814453125, 11.211865234374997], [14.559765625000011, 11.492285156249991], [14.619726562500006, 12.150976562499991], [14.197460937500011, 12.3837890625], [14.06396484375, 13.078515624999994], [14.461718750000017, 13.021777343749989], [15.081250000000011, 11.845507812499989], [15.132226562500023, 10.648486328124989], [15.654882812500006, 10.0078125], [14.243261718750006, 9.979736328125], [13.977246093750011, 9.691552734374994], [15.1162109375, 8.557324218749997], [15.557812500000011, 7.738037109375], [14.764062500000023, 6.316357421874997], [14.43115234375, 6.038720703124994], [14.616894531250011, 5.865136718749994], [14.708984375, 4.665576171874989], [15.063574218750006, 4.284863281249997], [15.062109375000006, 3.947216796874997], [16.0634765625, 2.9085937499999943], [16.136132812500023, 1.7242187499999915], [14.578906250000017, 2.1991210937499943], [11.558984375000023, 2.302197265624997], [11.348437500000017, 2.2997070312499943], [11.328710937500006, 2.167431640624997], [9.979882812500023, 2.1677734374999886], [9.80078125, 2.304443359375], [9.9150390625, 3.2396484374999943], [9.55615234375, 3.798046874999997], [9.739648437500023, 3.8529296874999943], [9.688867187500023, 4.056396484375], [9.483691406250017, 4.066113281249997], [9.42529296875, 3.922314453124997], [9.000097656250006, 4.091601562499989], [8.918261718750017, 4.553759765624989], [8.660351562500011, 4.6709960937499915], [8.574414062500011, 4.5262207031249915], [8.997167968750006, 5.917724609375]]]}}, {"id": "89", "type": "Feature", "properties": {"iso3": "NGA", "name": "Nigeria"}, "geometry": {"type": "MultiPolygon", "coordinates": [[[[7.203906250000017, 4.387646484374997], [7.140429687500017, 4.3951171874999915], [7.227343750000017, 4.52734375], [7.327929687500017, 4.487207031249994], [7.203906250000017, 4.387646484374997]]], [[[14.06396484375, 13.078515624999994], [14.197460937500011, 12.3837890625], [14.619726562500006, 12.150976562499991], [14.575390625000011, 11.532421874999997], [13.9814453125, 11.211865234374997], [13.699902343750011, 10.873144531249991], [13.269921875000023, 10.036181640624989], [13.19873046875, 9.563769531249989], [12.929492187500017, 9.42626953125], [12.731152343750011, 8.745654296874989], [12.403515625000011, 8.595556640624991], [11.767382812500017, 7.272265624999989], [11.861425781250006, 7.116406249999997], [11.401757812500023, 6.533935546875], [11.1064453125, 6.457714843749997], [11.008691406250023, 6.7391113281249915], [10.606250000000017, 7.0630859374999915], [10.413183593750006, 6.877734374999989], [10.1435546875, 6.9964355468749915], [9.060156250000006, 6.009082031249989], [8.555859375000011, 4.7552246093749915], [8.233789062500023, 4.907470703125], [8.293066406250006, 4.5576171875], [7.644238281250011, 4.525341796874997], [7.53076171875, 4.655175781249994], [7.284375000000011, 4.547656249999989], [7.076562500000023, 4.7161621093749915], [7.154687500000023, 4.514404296875], [6.923242187500023, 4.390673828124989], [6.767675781250006, 4.7247070312499915], [6.8603515625, 4.373339843749989], [6.633007812500011, 4.340234374999994], [6.579980468750023, 4.475976562499994], [6.554589843750023, 4.3414062499999915], [6.263671875, 4.3094238281249915], [6.27099609375, 4.43212890625], [6.17333984375, 4.277392578124989], [5.587792968750023, 4.647216796875], [5.364160156250023, 5.25927734375], [5.549707031250023, 5.4742187499999915], [5.19921875, 5.5335449218749915], [5.456640625000006, 5.611718749999994], [5.112402343750006, 5.641552734374997], [4.431347656250011, 6.348583984374997], [3.4507812500000057, 6.427050781249989], [3.7169921875000114, 6.597949218749989], [3.3355468750000057, 6.396923828124997], [2.7064453125000227, 6.3692382812499915], [2.7748046875000227, 9.048535156249997], [3.044921875, 9.083837890624991], [3.3251953125, 9.778466796874994], [3.60205078125, 10.004541015624994], [3.6041015625000057, 10.350683593749991], [3.7837890625000057, 10.435888671874991], [3.7164062500000057, 11.07958984375], [3.48779296875, 11.395410156249994], [3.6647460937500114, 11.762451171875], [3.6466796875000114, 12.529980468749997], [4.038769531250011, 12.934667968749991], [4.147558593750006, 13.457714843749997], [4.42138671875, 13.647509765625003], [5.491992187500017, 13.872851562500003], [6.2998046875, 13.658789062499991], [6.937207031250011, 13.008203124999994], [7.830468750000023, 13.340917968749991], [8.750585937500006, 12.908154296874997], [9.615917968750011, 12.810644531249991], [10.045117187500011, 13.206152343749991], [10.475878906250017, 13.330224609374994], [11.411914062500017, 13.353613281249991], [12.463183593750017, 13.09375], [12.871679687500006, 13.449023437500003], [13.606347656250023, 13.70458984375], [14.06396484375, 13.078515624999994]]]]}}, {"id": "198", "type": "Feature", "properties": {"iso3": "TCD", "name": "Chad"}, "geometry": {"type": "Polygon", "coordinates": [[[23.970800781250006, 15.721533203124991], [23.10517578125001, 15.702539062499994], [22.933886718750017, 15.533105468749994], [22.93232421875001, 15.162109375], [22.38154296875001, 14.550488281249997], [22.53857421875, 14.161865234375], [22.1064453125, 13.7998046875], [22.228125000000006, 13.32958984375], [21.825292968750006, 12.79052734375], [22.352343750000017, 12.660449218749989], [22.591113281250017, 11.579882812499989], [22.922656250000017, 11.344873046874994], [22.86005859375001, 10.919677734375], [22.49384765625001, 10.996240234374994], [21.771484375, 10.642822265625], [21.682714843750006, 10.289843749999989], [20.342089843750017, 9.127099609374994], [18.95625000000001, 8.938867187499994], [18.886035156250017, 8.836035156249991], [19.108691406250017, 8.656152343749994], [18.56416015625001, 8.0458984375], [17.6494140625, 7.983593749999997], [16.784765625000006, 7.550976562499997], [16.545312500000023, 7.865478515625], [15.957617187500006, 7.507568359375], [15.480078125000006, 7.5237792968749915], [15.5498046875, 7.787890624999989], [15.1162109375, 8.557324218749997], [13.977246093750011, 9.691552734374994], [14.243261718750006, 9.979736328125], [15.654882812500006, 10.0078125], [15.132226562500023, 10.648486328124989], [15.081250000000011, 11.845507812499989], [14.847070312500023, 12.502099609374994], [14.461718750000017, 13.021777343749989], [14.06396484375, 13.078515624999994], [13.606347656250023, 13.70458984375], [13.4482421875, 14.380664062500003], [14.367968750000017, 15.750146484374994], [15.474316406250011, 16.908398437499997], [15.735058593750011, 19.904052734375], [15.963183593750017, 20.34619140625], [15.181835937500011, 21.523388671874997], [14.97900390625, 22.99619140624999], [15.984082031250011, 23.445214843749994], [23.980273437500017, 19.496630859375003], [23.970800781250006, 15.721533203124991]]]}}, {"id": "90", "type": "Feature", "properties": {"iso3": "NER", "name": "Niger"}, "geometry": {"type": "Polygon", "coordinates": [[[12.871679687500006, 13.449023437500003], [12.463183593750017, 13.09375], [11.411914062500017, 13.353613281249991], [10.475878906250017, 13.330224609374994], [10.045117187500011, 13.206152343749991], [9.615917968750011, 12.810644531249991], [8.750585937500006, 12.908154296874997], [7.830468750000023, 13.340917968749991], [6.937207031250011, 13.008203124999994], [6.2998046875, 13.658789062499991], [5.491992187500017, 13.872851562500003], [4.664843750000017, 13.733203125000003], [4.147558593750006, 13.457714843749997], [4.038769531250011, 12.934667968749991], [3.6466796875000114, 12.529980468749997], [3.5954101562500114, 11.6962890625], [2.8052734375000057, 12.383837890624989], [2.366015625000017, 12.221923828125], [2.38916015625, 11.897070312499991], [2.0729492187500114, 12.309374999999989], [2.2262695312500114, 12.466064453125], [2.1045898437500057, 12.701269531249991], [1.56494140625, 12.635400390624994], [0.9873046875, 13.041894531249994], [0.9884765625000114, 13.364843749999991], [1.201171875, 13.357519531249991], [0.6181640625, 13.703417968750003], [0.16386718750001705, 14.497216796874994], [0.22871093750001137, 14.963671875000003], [0.9474609375000114, 14.982128906249997], [1.3001953125000227, 15.272265625000003], [3.5042968750000227, 15.356347656249994], [3.876953125, 15.755273437499994], [4.18212890625, 16.581787109375], [4.227636718750006, 19.142773437499997], [5.836621093750011, 19.479150390624994], [7.481738281250017, 20.873095703125003], [11.967871093750006, 23.517871093750003], [13.481250000000017, 23.18017578125], [14.215527343750011, 22.619677734375003], [14.978906250000023, 22.996289062499997], [15.181835937500011, 21.523388671874997], [15.963183593750017, 20.34619140625], [15.735058593750011, 19.904052734375], [15.474316406250011, 16.908398437499997], [14.367968750000017, 15.750146484374994], [13.4482421875, 14.380664062500003], [13.606347656250023, 13.70458984375], [12.871679687500006, 13.449023437500003]]]}}, {"id": "121", "type": "Feature", "properties": {"iso3": "LBY", "name": "Libya"}, "geometry": {"type": "Polygon", "coordinates": [[[9.89501953125, 30.3873046875], [10.216406250000006, 30.783203125], [10.114941406250011, 31.463769531249994], [10.274609375000011, 31.684960937499994], [11.504980468750006, 32.413671875], [11.504589843750011, 33.181933593749996], [12.279882812500006, 32.858544921874994], [13.283496093750017, 32.9146484375], [15.176562500000017, 32.391162109374996], [15.705957031250023, 31.426416015624994], [17.830468750000023, 30.927587890625], [19.12373046875001, 30.26611328125], [19.713281250000023, 30.48837890625], [20.11152343750001, 30.963720703125], [19.926367187500006, 31.817529296874994], [20.03095703125001, 32.107861328125], [21.062304687500017, 32.775537109374994], [22.187402343750023, 32.918261718749996], [23.090625000000017, 32.61875], [23.106250000000017, 32.331445312499994], [23.28632812500001, 32.213818359375], [24.95068359375, 31.9537109375], [25.150488281250006, 31.654980468749997], [24.85273437500001, 31.334814453125], [24.96142578125, 30.678515624999996], [24.703222656250006, 30.201074218749994], [24.980273437500017, 29.181884765625], [24.9794921875, 20.002587890624994], [23.980273437500017, 19.99594726562499], [23.980273437500017, 19.496630859375003], [15.984082031250011, 23.445214843749994], [14.215527343750011, 22.619677734375003], [13.481250000000017, 23.18017578125], [11.967871093750006, 23.517871093750003], [11.507617187500017, 24.314355468749994], [10.325781250000006, 24.530224609374997], [10.000683593750011, 25.332080078125003], [9.42236328125, 26.1470703125], [9.859375, 26.551953124999997], [9.74755859375, 27.330859374999996], [9.916015625, 27.785693359374996], [9.820703125000023, 29.114794921874996], [9.310253906250011, 30.115234375], [9.89501953125, 30.3873046875]]]}}, {"id": "37", "type": "Feature", "properties": {"iso3": "TUN", "name": "Tunisia"}, "geometry": {"type": "MultiPolygon", "coordinates": [[[[11.504980468750006, 32.413671875], [10.274609375000011, 31.684960937499994], [10.114941406250011, 31.463769531249994], [10.216406250000006, 30.783203125], [9.89501953125, 30.3873046875], [9.518750000000011, 30.229394531249994], [9.044042968750006, 32.07236328125], [8.333398437500023, 32.543603515624994], [8.112500000000011, 33.055322265624994], [7.731347656250023, 33.268505859375], [7.500195312500011, 33.832470703125], [7.513867187500011, 34.080517578125], [8.24560546875, 34.73408203125], [8.394238281250011, 35.203857421875], [8.2470703125, 35.801806640624996], [8.348730468750006, 36.367968749999996], [8.207617187500006, 36.518945312499994], [8.576562500000023, 36.93720703125], [9.68798828125, 37.340380859374996], [9.838476562500006, 37.308984374999994], [9.830273437500011, 37.1353515625], [9.875585937500006, 37.254150390625], [10.196386718750006, 37.205859374999996], [10.412304687500011, 36.731835937499994], [11.053906250000011, 37.072509765625], [11.126660156250011, 36.874072265624996], [10.4765625, 36.175146484375], [10.5908203125, 35.887255859374996], [11.004296875000023, 35.633837890624996], [11.1201171875, 35.240283203124996], [10.049023437500011, 34.056298828124994], [10.305273437500006, 33.728271484375], [10.713183593750017, 33.689013671874996], [10.722753906250006, 33.514404296875], [10.9580078125, 33.626318359375], [11.20263671875, 33.24921875], [11.504589843750011, 33.181933593749996], [11.504980468750006, 32.413671875]]], [[[11.123632812500006, 34.681689453124996], [11.2548828125, 34.8203125], [11.278027343750011, 34.753808593749994], [11.123632812500006, 34.681689453124996]]], [[[10.722070312500023, 33.738916015624994], [10.745214843750006, 33.888671875], [11.017871093750017, 33.82333984375], [10.722070312500023, 33.738916015624994]]]]}}, {"id": "111", "type": "Feature", "properties": {"iso3": "MLT", "name": "Malta"}, "geometry": {"type": "MultiPolygon", "coordinates": [[[[14.436425781250023, 35.821679687499994], [14.351269531250011, 35.978417968749994], [14.448339843750006, 35.957421874999994], [14.566210937500017, 35.852734375], [14.436425781250023, 35.821679687499994]]], [[[14.253613281250011, 36.012158203125], [14.180371093750011, 36.060400390625], [14.263281250000006, 36.07578125], [14.253613281250011, 36.012158203125]]]]}}, {"id": "153", "type": "Feature", "properties": {"iso3": "GRC", "name": "Greece"}, "geometry": {"type": "MultiPolygon", "coordinates": [[[[27.838281250000023, 36.537988281249994], [27.785742187500006, 36.60751953125], [27.86250000000001, 36.641162109374996], [27.838281250000023, 36.537988281249994]]], [[[20.788867187500017, 38.14208984375], [20.761328125000006, 38.070556640625], [20.3525390625, 38.1798828125], [20.56318359375001, 38.474951171875], [20.788867187500017, 38.14208984375]]], [[[20.993945312500017, 37.7080078125], [20.81855468750001, 37.66474609375], [20.691503906250006, 37.929541015625], [20.993945312500017, 37.7080078125]]], [[[20.5546875, 38.582568359374996], [20.694140625000017, 38.84423828125], [20.68671875000001, 38.608691406249996], [20.5546875, 38.582568359374996]]], [[[20.709277343750017, 38.318603515625], [20.623632812500006, 38.480322265625], [20.701269531250006, 38.451416015625], [20.709277343750017, 38.318603515625]]], [[[20.099609375, 39.376611328124994], [19.88398437500001, 39.4615234375], [19.646484375, 39.76708984375], [19.926074218750017, 39.773730468749996], [20.099609375, 39.376611328124994]]], [[[24.127539062500006, 38.648486328124996], [24.275781250000023, 38.220019531249996], [24.578515625000023, 38.020166015624994], [24.359472656250006, 38.0185546875], [24.040136718750006, 38.389990234375], [23.650781250000023, 38.44306640625], [23.25214843750001, 38.801220703125], [22.87031250000001, 38.870507812499994], [23.258203125000023, 39.03134765625], [24.127539062500006, 38.648486328124996]]], [[[23.666113281250006, 39.095361328124994], [23.59394531250001, 39.20859375], [23.77978515625, 39.114404296874994], [23.666113281250006, 39.095361328124994]]], [[[23.841210937500023, 39.14658203125], [23.97089843750001, 39.267724609374994], [23.939746093750017, 39.200537109375], [23.841210937500023, 39.14658203125]]], [[[24.541015625, 38.788671875], [24.485644531250017, 38.980273437499996], [24.564062500000006, 38.942236328125], [24.674707031250023, 38.809228515624994], [24.541015625, 38.788671875]]], [[[24.645898437500023, 40.579443359375], [24.516699218750006, 40.68720703125], [24.719140625000023, 40.786279296874994], [24.774218750000017, 40.615185546875], [24.645898437500023, 40.579443359375]]], [[[23.466796875, 37.902392578124996], [23.419335937500023, 37.93125], [23.483691406250017, 37.991113281249994], [23.466796875, 37.902392578124996]]], [[[22.91083984375001, 36.220996093749996], [22.950488281250017, 36.383935546874994], [23.097070312500023, 36.24658203125], [22.91083984375001, 36.220996093749996]]], [[[27.13789062500001, 35.409082031249994], [27.070703125000023, 35.59775390625], [27.22314453125, 35.820458984374994], [27.13789062500001, 35.409082031249994]]], [[[26.919921875, 36.945214843749994], [26.888671875, 37.087255859375], [27.040136718750006, 37.0015625], [26.919921875, 36.945214843749994]]], [[[27.214941406250006, 36.8986328125], [27.352148437500006, 36.868896484375], [27.150976562500006, 36.777587890625], [26.949609375000023, 36.727099609374996], [27.214941406250006, 36.8986328125]]], [[[25.361914062500006, 37.07041015625], [25.525292968750023, 37.19638671875], [25.587890625, 37.1525390625], [25.5458984375, 36.967578124999996], [25.361914062500006, 37.07041015625]]], [[[25.19941406250001, 36.99130859375], [25.10546875, 37.034960937499996], [25.23505859375001, 37.14853515625], [25.19941406250001, 36.99130859375]]], [[[25.435937500000023, 36.340087890625], [25.370507812500023, 36.358935546874996], [25.408984375000017, 36.47373046875], [25.435937500000023, 36.340087890625]]], [[[25.364355468750006, 36.658349609374994], [25.25996093750001, 36.758447265624994], [25.40693359375001, 36.717333984374996], [25.364355468750006, 36.658349609374994]]], [[[27.055078125000023, 37.709277343749996], [26.5810546875, 37.72373046875], [26.82441406250001, 37.811425781249994], [27.055078125000023, 37.709277343749996]]], [[[26.086328125000023, 37.634912109374994], [26.351367187500017, 37.67431640625], [26.204882812500017, 37.568505859374994], [26.029296875, 37.52939453125], [26.086328125000023, 37.634912109374994]]], [[[25.7431640625, 36.78974609375], [26.00068359375001, 36.937402343749994], [26.064453125, 36.902734374999994], [25.7431640625, 36.78974609375]]], [[[26.331445312500023, 36.511376953124994], [26.27001953125, 36.546923828124996], [26.370019531250023, 36.638574218749994], [26.46064453125001, 36.585400390625], [26.331445312500023, 36.511376953124994]]], [[[24.288964843750023, 37.528271484375], [24.37910156250001, 37.68271484375], [24.400781250000023, 37.6490234375], [24.288964843750023, 37.528271484375]]], [[[24.37890625, 37.314111328124994], [24.431250000000006, 37.4751953125], [24.4814453125, 37.408007812499996], [24.37890625, 37.314111328124994]]], [[[24.530664062500023, 36.683984374999994], [24.325976562500017, 36.655615234375], [24.357421875, 36.744287109374994], [24.530664062500023, 36.683984374999994]]], [[[24.937890625000023, 37.389697265624996], [24.911523437500023, 37.390576171875], [24.906542968750017, 37.50888671875], [24.937890625000023, 37.389697265624996]]], [[[24.962207031250017, 37.6923828125], [24.7001953125, 37.961669921875], [24.956347656250017, 37.90478515625], [24.962207031250017, 37.6923828125]]], [[[25.156347656250006, 37.545068359374994], [24.996484375000023, 37.676904296874994], [25.225390625000017, 37.630664062499996], [25.156347656250006, 37.545068359374994]]], [[[24.67646484375001, 36.959277343749996], [24.681445312500017, 37.021630859374994], [24.76318359375, 36.94921875], [24.67646484375001, 36.959277343749996]]], [[[25.891894531250017, 38.243310546874994], [25.99140625000001, 38.353515625], [25.846093750000023, 38.574023437499996], [26.16035156250001, 38.54072265625], [26.094042968750017, 38.218066406249996], [25.891894531250017, 38.243310546874994]]], [[[26.547167968750017, 38.994140625], [26.16083984375001, 39.02587890625], [26.27314453125001, 39.197558593749996], [26.072363281250006, 39.095605468749994], [25.844140625000023, 39.200048828125], [26.41015625, 39.329443359375], [26.547167968750017, 38.994140625]]], [[[25.572656250000023, 40.400439453124996], [25.448046875000017, 40.482812499999994], [25.56855468750001, 40.515869140625], [25.68574218750001, 40.426562499999996], [25.572656250000023, 40.400439453124996]]], [[[25.357031250000006, 39.80810546875], [25.06220703125001, 39.852392578125], [25.058007812500023, 39.999658203124994], [25.449121093750023, 40.034814453124994], [25.357031250000006, 39.80810546875]]], [[[25.30712890625, 37.412988281249994], [25.31269531250001, 37.489306640624996], [25.462988281250006, 37.471093749999994], [25.30712890625, 37.412988281249994]]], [[[24.4248046875, 37.131982421874994], [24.441210937500017, 37.186865234375], [24.529101562500017, 37.192333984375], [24.4248046875, 37.131982421874994]]], [[[27.71630859375, 36.17158203125], [28.231835937500023, 36.433642578124996], [28.087792968750023, 36.065332031249994], [27.8427734375, 35.929296875], [27.71630859375, 36.17158203125]]], [[[24.166015625, 35.59521484375], [24.108984375000006, 35.49580078125], [24.35400390625, 35.35947265625], [25.73017578125001, 35.348583984375], [25.791308593750017, 35.122851562499996], [26.320214843750023, 35.31513671875], [26.165625000000006, 35.018603515624996], [24.7998046875, 34.934472656249994], [24.463671875000017, 35.1603515625], [23.5927734375, 35.257226562499994], [23.56982421875, 35.534765625], [23.736914062500006, 35.655517578125], [23.85224609375001, 35.535449218749996], [24.166015625, 35.59521484375]]], [[[26.581347656250017, 41.60126953125], [26.624902343750023, 41.401757812499994], [26.330664062500006, 41.23876953125], [26.354101562500006, 40.9970703125], [26.109179687500017, 40.749658203124994], [25.1044921875, 40.9947265625], [23.762792968750006, 40.747802734375], [23.866796875000006, 40.4185546875], [24.343359375000006, 40.147705078125], [23.727929687500023, 40.329736328124994], [23.947070312500017, 39.965576171875], [23.42626953125, 40.263964843749996], [23.674121093750017, 39.958886718749994], [23.395605468750006, 39.98984375], [23.31201171875, 40.216455078124994], [22.896484375, 40.39990234375], [22.922265625000023, 40.590869140624996], [22.629492187500006, 40.495556640625], [22.592187500000023, 40.036914062499996], [23.327734375000006, 39.17490234375], [23.154687500000023, 39.101464843749994], [23.161718750000006, 39.257763671875], [22.92138671875, 39.30634765625], [23.066699218750017, 39.037939453125], [22.569140625000017, 38.867480468749996], [23.96699218750001, 38.275], [24.05537109375001, 37.709619140624994], [23.501757812500017, 38.03486328125], [23.03632812500001, 37.878369140625], [23.4892578125, 37.440185546875], [23.161523437500023, 37.333837890625], [22.725390625000017, 37.542138671874994], [23.16015625, 36.448095703125], [22.717187500000023, 36.7939453125], [22.427734375, 36.47578125], [22.080468750000023, 37.028955078124994], [21.892382812500017, 36.7373046875], [21.738085937500017, 36.863232421875], [21.582910156250023, 37.080957031249994], [21.67890625000001, 37.38720703125], [21.12470703125001, 37.8916015625], [21.403710937500023, 38.196679687499994], [21.95332031250001, 38.321191406249994], [22.920312500000023, 37.958300781249996], [23.183496093750023, 38.133691406249994], [22.421679687500017, 38.438525390624996], [21.472558593750023, 38.32138671875], [21.3310546875, 38.4873046875], [21.1826171875, 38.345556640625], [20.7685546875, 38.874414062499994], [21.111621093750017, 38.896289062499996], [21.11835937500001, 39.02998046875], [20.779687500000023, 39.008544921875], [20.30078125, 39.327099609375], [20.001269531250017, 39.709423828125], [20.24824218750001, 39.678369140624994], [20.382421875000006, 39.802636718749994], [20.311132812500006, 39.979443359375], [20.65742187500001, 40.1173828125], [21.030859375000006, 40.622460937499994], [20.964257812500023, 40.849902343749996], [21.575781250000006, 40.868945312499996], [21.99335937500001, 41.13095703125], [22.493554687500023, 41.118505859375], [22.78388671875001, 41.331982421875], [24.056054687500023, 41.527246093749994], [24.51826171875001, 41.552539062499996], [25.25117187500001, 41.243554687499994], [25.92333984375, 41.311914062499994], [26.135351562500006, 41.3857421875], [26.085546875000006, 41.704150390624996], [26.581347656250017, 41.60126953125]]]]}}, {"id": "235", "type": "Feature", "properties": {"iso3": "ALB", "name": "Albania"}, "geometry": {"type": "Polygon", "coordinates": [[[19.280664062500023, 42.17255859375], [19.703417968750017, 42.64794921875], [19.78828125000001, 42.476171875], [20.06396484375, 42.547265624999994], [20.522851562500023, 42.171484375], [20.48896484375001, 41.272607421874994], [20.709277343750017, 40.928369140624994], [20.933496093750023, 40.903124999999996], [21.030859375000006, 40.622460937499994], [20.65742187500001, 40.1173828125], [20.311132812500006, 39.979443359375], [20.382421875000006, 39.802636718749994], [20.206835937500017, 39.653515625], [19.322265625, 40.407080078125], [19.45917968750001, 40.40537109375], [19.337500000000006, 40.663818359375], [19.57568359375, 41.640429687499996], [19.577539062500023, 41.787499999999994], [19.342382812500006, 41.869091796875], [19.280664062500023, 42.17255859375]]]}}, {"id": "117", "type": "Feature", "properties": {"iso3": "MKD", "name": "North Macedonia"}, "geometry": {"type": "Polygon", "coordinates": [[[22.23974609375, 42.358154296875], [23.00361328125001, 41.73984375], [22.9296875, 41.356103515624994], [22.603613281250006, 41.140185546874996], [21.99335937500001, 41.13095703125], [21.575781250000006, 40.868945312499996], [20.740820312500006, 40.9052734375], [20.48896484375001, 41.272607421874994], [20.553125000000023, 41.862353515624996], [20.725000000000023, 41.87353515625], [20.778125000000017, 42.071044921875], [22.23974609375, 42.358154296875]]]}}, {"id": "234", "type": "Feature", "properties": {"iso3": "DZA", "name": "Algeria"}, "geometry": {"type": "Polygon", "coordinates": [[[8.207617187500006, 36.518945312499994], [8.348730468750006, 36.367968749999996], [8.2470703125, 35.801806640624996], [8.394238281250011, 35.203857421875], [8.24560546875, 34.73408203125], [7.513867187500011, 34.080517578125], [7.500195312500011, 33.832470703125], [7.731347656250023, 33.268505859375], [8.112500000000011, 33.055322265624994], [8.333398437500023, 32.543603515624994], [9.044042968750006, 32.07236328125], [9.518750000000011, 30.229394531249994], [9.310253906250011, 30.115234375], [9.805273437500006, 29.176953124999997], [9.916015625, 27.785693359374996], [9.74755859375, 27.330859374999996], [9.883203125000023, 26.630810546874997], [9.42236328125, 26.1470703125], [10.000683593750011, 25.332080078125003], [10.255859375, 24.591015624999997], [11.507617187500017, 24.314355468749994], [11.967871093750006, 23.517871093750003], [7.481738281250017, 20.873095703125003], [5.836621093750011, 19.479150390624994], [3.2559570312500057, 19.01328124999999], [3.1060546875000057, 19.150097656249997], [3.255859375, 19.410937500000003], [3.1302734375000227, 19.85019531249999], [1.753222656250017, 20.331591796875003], [1.1657226562500114, 20.817431640625003], [1.1455078125, 21.102246093749997], [-4.516992187499994, 24.804492187500003], [-8.683349609375, 27.285937499999996], [-8.678417968749983, 28.689404296874997], [-8.265185546874989, 28.980517578124996], [-7.142431640624977, 29.619580078124997], [-6.635351562499977, 29.568798828124997], [-6.479736328125, 29.820361328124996], [-5.448779296874989, 29.956933593749994], [-4.96826171875, 30.465380859374996], [-3.6667968749999886, 30.964013671874994], [-3.8333984374999943, 31.197802734374996], [-3.7681640624999773, 31.68955078125], [-3.0173828124999886, 31.834277343749996], [-2.8634277343749943, 32.07470703125], [-1.2259277343749773, 32.107226562499996], [-1.2403320312499773, 32.33759765625], [-1.0655273437499773, 32.468310546874996], [-1.4499999999999886, 32.784814453124994], [-1.67919921875, 33.318652343749996], [-1.795605468749983, 34.751904296875], [-2.2196289062499943, 35.10419921875], [-1.6736328124999886, 35.18310546875], [-0.42612304687497726, 35.8615234375], [-0.048242187499994316, 35.832812499999996], [0.31220703125001137, 36.162353515625], [1.2572265625000227, 36.519580078124996], [2.5933593750000057, 36.60068359375], [3.7790039062500114, 36.89619140625], [4.758105468750017, 36.896337890625], [5.29541015625, 36.648242187499996], [6.486523437500011, 37.085742187499996], [6.927539062500017, 36.91943359375], [7.238476562500011, 36.968505859375], [7.204296875000011, 37.0923828125], [7.910449218750017, 36.856347656249994], [8.576562500000023, 36.93720703125], [8.207617187500006, 36.518945312499994]]]}}, {"id": "102", "type": "Feature", "properties": {"iso3": "MAR", "name": "Morocco"}, "geometry": {"type": "Polygon", "coordinates": [[[-1.795605468749983, 34.751904296875], [-1.67919921875, 33.318652343749996], [-1.4499999999999886, 32.784814453124994], [-1.0655273437499773, 32.468310546874996], [-1.2403320312499773, 32.33759765625], [-1.2259277343749773, 32.107226562499996], [-2.8634277343749943, 32.07470703125], [-3.0173828124999886, 31.834277343749996], [-3.7681640624999773, 31.68955078125], [-3.8333984374999943, 31.197802734374996], [-3.6667968749999886, 30.964013671874994], [-4.96826171875, 30.465380859374996], [-5.448779296874989, 29.956933593749994], [-6.479736328125, 29.820361328124996], [-6.635351562499977, 29.568798828124997], [-7.142431640624977, 29.619580078124997], [-8.265185546874989, 28.980517578124996], [-8.678417968749983, 28.689404296874997], [-8.794873046874983, 27.120703125], [-9.413037109374983, 27.0884765625], [-9.81787109375, 26.8501953125], [-10.757763671874983, 27.0201171875], [-11.392578125, 26.8833984375], [-11.337890625, 26.6333984375], [-11.718212890624983, 26.1041015625], [-12.060986328124983, 25.99082031249999], [-12.43115234375, 24.83066406249999], [-12.991162109374983, 24.47031249999999], [-13.310986328124983, 23.98105468749999], [-13.89111328125, 23.69101562499999], [-14.22119140625, 22.31015624999999], [-14.7509765625, 21.50058593749999], [-17.003076171874994, 21.420703125000003], [-16.930859374999983, 21.89999999999999], [-16.358740234374977, 22.594531250000003], [-15.789257812499983, 23.792871093749994], [-15.980712890625, 23.670312499999994], [-15.899316406249994, 23.844433593749997], [-14.904296875, 24.719775390625003], [-14.794921875, 25.40415039062499], [-14.413867187499989, 26.253710937499996], [-13.575781249999977, 26.735107421875], [-12.948925781249983, 27.91416015625], [-11.552685546874983, 28.310107421874996], [-10.200585937499994, 29.38037109375], [-9.667089843749977, 30.109277343749994], [-9.652929687499977, 30.447558593749996], [-9.87548828125, 30.717919921874994], [-9.808691406249977, 31.424609374999996], [-9.347460937499989, 32.086376953125], [-9.245849609375, 32.5724609375], [-8.512841796874994, 33.25244140625], [-6.900976562499977, 33.969042968749996], [-6.353124999999977, 34.77607421875], [-5.9248046875, 35.785791015624994], [-5.27783203125, 35.902734374999994], [-5.252685546875, 35.61474609375], [-4.628320312499994, 35.206396484375], [-3.394726562499983, 35.211816406249994], [-2.9722167968749886, 35.407275390624996], [-2.8399414062499773, 35.127832031249994], [-2.2196289062499943, 35.10419921875], [-1.795605468749983, 34.751904296875]]]}}, {"id": "95", "type": "Feature", "properties": {"iso3": "NLD", "name": "Netherlands"}, "geometry": {"type": "MultiPolygon", "coordinates": [[[[5.639453125000017, 50.843603515625], [5.796484375000006, 51.153076171875], [5.214160156250017, 51.278955078124994], [5.030957031250011, 51.469091796875], [4.373730468750011, 51.356005859374996], [4.006542968750011, 51.443212890625], [3.5869140625, 51.453906249999996], [3.4489257812500114, 51.540771484375], [4.274121093750011, 51.471630859375], [4.004785156250023, 51.595849609374994], [4.1826171875, 51.610302734375], [3.9468750000000057, 51.810546875], [4.482812500000023, 52.3091796875], [4.768750000000011, 52.94130859375], [5.87353515625, 53.3751953125], [6.816210937500017, 53.441162109375], [7.197265625, 53.282275390624996], [7.033007812500017, 52.6513671875], [6.691601562500011, 52.53017578125], [7.001855468750023, 52.418994140624996], [7.019628906250006, 52.266015625], [6.724511718750023, 52.080224609375], [6.741796875000006, 51.910888671875], [5.94873046875, 51.802685546875], [6.198828125000006, 51.449999999999996], [6.129980468750006, 51.147412109375], [5.857519531250006, 51.030126953125], [6.048437500000006, 50.9048828125], [5.993945312500017, 50.750439453125], [5.639453125000017, 50.843603515625]]], [[[3.9020507812500114, 51.207666015624994], [3.4325195312500227, 51.245751953124994], [3.35009765625, 51.377685546875], [4.226171875000006, 51.386474609375], [3.9020507812500114, 51.207666015624994]]], [[[6.193261718750023, 53.476806640625], [6.159277343750006, 53.483935546874996], [6.290917968750023, 53.514990234375], [6.193261718750023, 53.476806640625]]], [[[5.732031250000006, 53.442626953125], [5.654296875, 53.46650390625], [5.876269531250017, 53.47509765625], [5.732031250000006, 53.442626953125]]], [[[4.923730468750023, 53.2345703125], [4.907910156250011, 53.246240234375], [5.027050781250011, 53.310205078125], [4.923730468750023, 53.2345703125]]], [[[5.190234375000017, 53.391796875], [5.582617187500006, 53.4380859375], [5.325781250000006, 53.3857421875], [5.190234375000017, 53.391796875]]], [[[4.787109375, 52.999804687499996], [4.709179687500011, 53.03603515625], [4.886425781250011, 53.18330078125], [4.787109375, 52.999804687499996]]], [[[4.075097656250023, 51.648779296875], [3.699023437500017, 51.709912109375], [3.7890625, 51.746435546875], [4.075097656250023, 51.648779296875]]], [[[6.64208984375, 53.57919921875], [6.800878906250006, 53.62548828125], [6.734765625000023, 53.58251953125], [6.64208984375, 53.57919921875]]], [[[-68.254345703125, 12.032080078124991], [-68.36923828124999, 12.301953124999997], [-68.219482421875, 12.231249999999989], [-68.254345703125, 12.032080078124991]]], [[[-62.98310546875, 17.47690429687499], [-62.99960937499999, 17.53037109374999], [-62.97934570312499, 17.521191406249997], [-62.98310546875, 17.47690429687499]]], [[[-63.25449218749999, 17.628662109375], [-63.241650390625, 17.651806640624997], [-63.22690429687499, 17.63413085937499], [-63.25449218749999, 17.628662109375]]]]}}, {"id": "54", "type": "Feature", "properties": {"iso3": "ESP", "name": "Spain"}, "geometry": {"type": "MultiPolygon", "coordinates": [[[[1.40576171875, 38.67099609375], [1.4019531250000057, 38.71142578125], [1.436328125000017, 38.768212890624994], [1.5939453125000114, 38.6720703125], [1.40576171875, 38.67099609375]]], [[[3.4618164062500227, 39.69775390625], [3.0728515625000057, 39.30126953125], [2.3700195312500227, 39.572070312499996], [3.15869140625, 39.970507812499996], [3.145312500000017, 39.790087890624996], [3.4618164062500227, 39.69775390625]]], [[[3.8671875, 39.958740234375], [3.8534179687500227, 40.063037109374996], [4.225781250000011, 40.032373046874994], [4.293652343750011, 39.841845703124996], [3.8671875, 39.958740234375]]], [[[1.408984375000017, 38.857275390625], [1.2233398437500114, 38.903857421874996], [1.3486328125, 39.080810546875], [1.6131835937500227, 39.08740234375], [1.408984375000017, 38.857275390625]]], [[[-1.4106933593749886, 43.240087890625], [-1.4287597656249886, 43.036767578124994], [-0.041162109374994316, 42.689111328124994], [0.631640625000017, 42.689599609374994], [0.6968750000000057, 42.845117187499994], [1.349414062500017, 42.690673828125], [1.4488281250000057, 42.437451171875], [3.21142578125, 42.43115234375], [3.248046875, 41.944238281249994], [2.0826171875000057, 41.287402343749996], [1.0329101562500114, 41.062060546874996], [0.714648437500017, 40.8228515625], [0.89111328125, 40.72236328125], [0.5960937500000227, 40.614501953125], [-0.32700195312497726, 39.519873046875], [-0.20493164062497726, 39.06259765625], [0.20156250000002274, 38.759179687499994], [-0.5208007812499886, 38.317285156249994], [-0.814648437499983, 37.769921874999994], [-0.7215820312499943, 37.6310546875], [-1.6409667968749773, 37.386962890625], [-2.111523437499983, 36.776660156249996], [-4.366845703124994, 36.718115234375], [-5.171484374999977, 36.423779296875], [-5.62548828125, 36.025927734374996], [-6.040673828124994, 36.188427734375], [-6.384130859374977, 36.637011718749996], [-6.216796875, 36.91357421875], [-6.396191406249983, 36.831640625], [-6.86376953125, 37.27890625], [-7.406152343749994, 37.179443359375], [-7.443945312499977, 37.728271484375], [-6.957568359374989, 38.187890624999994], [-7.343017578125, 38.457421874999994], [-6.997949218749994, 39.056445312499996], [-7.535693359374989, 39.661572265625], [-6.975390624999989, 39.798388671874996], [-6.896093749999977, 40.021826171875], [-7.032617187499994, 40.167919921875], [-6.810156249999977, 40.343115234375], [-6.928466796875, 41.009130859375], [-6.212499999999977, 41.532031249999996], [-6.542187499999983, 41.672509765624994], [-6.618261718749977, 41.9423828125], [-8.152490234374994, 41.811962890625], [-8.266064453124983, 42.13740234375], [-8.852343749999989, 41.926904296874994], [-8.88720703125, 42.105273437499996], [-8.69091796875, 42.274169921875], [-8.815820312499994, 42.28525390625], [-8.8115234375, 42.64033203125], [-9.033105468749994, 42.59384765625], [-8.927197265624983, 42.798583984375], [-9.235205078124977, 42.976904296875], [-9.178076171874977, 43.1740234375], [-7.698144531249994, 43.764550781249994], [-7.060986328124983, 43.553955078125], [-5.8466796875, 43.645068359374996], [-4.523046874999977, 43.41572265625], [-3.6046386718749943, 43.519482421875], [-3.045605468749983, 43.37158203125], [-1.7940429687499773, 43.40732421875], [-1.4106933593749886, 43.240087890625]]], [[[-16.65800781249999, 28.007177734375], [-16.90532226562499, 28.339599609375], [-16.123632812499977, 28.575976562499996], [-16.65800781249999, 28.007177734375]]], [[[-13.859912109374989, 28.869091796874997], [-13.463574218749983, 29.237207031249994], [-13.477929687499994, 29.006591796875], [-13.859912109374989, 28.869091796874997]]], [[[-14.332617187499977, 28.056005859375], [-14.491796874999977, 28.100927734375], [-14.231982421874989, 28.2158203125], [-14.003369140624983, 28.706689453124994], [-13.857226562499989, 28.738037109375], [-13.928027343749989, 28.253466796874996], [-14.332617187499977, 28.056005859375]]], [[[-15.436767578125, 27.810693359374994], [-15.807324218749983, 27.887548828125], [-15.682763671874994, 28.154052734375], [-15.400585937499983, 28.147363281249994], [-15.436767578125, 27.810693359374994]]], [[[-17.324902343749983, 28.11767578125], [-17.25859374999999, 28.203173828124996], [-17.103759765625, 28.111132812499996], [-17.324902343749983, 28.11767578125]]], [[[-17.984765624999994, 27.646386718749994], [-18.160546874999994, 27.761474609375], [-17.924511718749983, 27.850146484374996], [-17.984765624999994, 27.646386718749994]]], [[[-18.00078124999999, 28.758251953124997], [-17.928808593749977, 28.844580078125], [-17.7265625, 28.724462890625], [-17.83427734374999, 28.493212890624996], [-18.00078124999999, 28.758251953124997]]]]}}, {"id": "77", "type": "Feature", "properties": {"iso3": "PRT", "name": "Portugal"}, "geometry": {"type": "MultiPolygon", "coordinates": [[[[-16.92919921875, 32.84140625], [-16.693261718749994, 32.7580078125], [-17.018261718749983, 32.66279296875], [-17.190869140624983, 32.868603515625], [-16.92919921875, 32.84140625]]], [[[-8.266064453124983, 42.13740234375], [-8.152490234374994, 41.811962890625], [-6.618261718749977, 41.9423828125], [-6.542187499999983, 41.672509765624994], [-6.212499999999977, 41.532031249999996], [-6.928466796875, 41.009130859375], [-6.810156249999977, 40.343115234375], [-7.032617187499994, 40.167919921875], [-6.896093749999977, 40.021826171875], [-6.975390624999989, 39.798388671874996], [-7.535693359374989, 39.661572265625], [-6.997949218749994, 39.056445312499996], [-7.343017578125, 38.457421874999994], [-6.957568359374989, 38.187890624999994], [-7.443945312499977, 37.728271484375], [-7.406152343749994, 37.179443359375], [-7.834130859374994, 37.005712890625], [-8.997802734375, 37.032275390624996], [-8.814160156249983, 37.430810546874994], [-8.881103515625, 38.446679687499994], [-8.668310546874977, 38.42431640625], [-8.798876953124989, 38.5181640625], [-9.213281249999994, 38.448095703125], [-9.250390624999994, 38.65673828125], [-9.021484375, 38.746874999999996], [-8.791601562499977, 39.078173828124996], [-9.135791015624989, 38.7427734375], [-9.47412109375, 38.730859374999994], [-9.374755859375, 39.338281249999994], [-8.837841796874983, 40.115673828125], [-8.684619140624989, 40.7525390625], [-8.755419921874989, 41.698388671874994], [-8.887597656249994, 41.764599609375], [-8.266064453124983, 42.13740234375]]], [[[-25.159912109375, 36.943359375], [-25.198388671874994, 36.996533203125], [-25.082910156249994, 37.0240234375], [-25.159912109375, 36.943359375]]], [[[-31.282958984375, 39.394091796874996], [-31.260839843750006, 39.49677734375], [-31.138623046874983, 39.479443359375], [-31.282958984375, 39.394091796874996]]], [[[-27.302832031250006, 38.661035156249994], [-27.385937499999983, 38.7658203125], [-27.12700195312499, 38.789843749999996], [-27.07524414062499, 38.643457031249994], [-27.302832031250006, 38.661035156249994]]], [[[-28.09233398437499, 38.620556640625], [-28.310644531250006, 38.743896484375], [-27.962646484375, 38.636328125], [-27.778466796874994, 38.555615234375], [-28.09233398437499, 38.620556640625]]], [[[-28.743847656249983, 38.522363281249994], [-28.842041015625, 38.598437499999996], [-28.69775390625, 38.638476562499996], [-28.743847656249983, 38.522363281249994]]], [[[-28.064794921875006, 38.412744140624994], [-28.454492187499994, 38.408642578125], [-28.548828125, 38.5185546875], [-28.064794921875006, 38.412744140624994]]], [[[-25.2666015625, 37.8486328125], [-25.18193359374999, 37.837890625], [-25.43901367187499, 37.71533203125], [-25.845898437499983, 37.89404296875], [-25.2666015625, 37.8486328125]]]]}}, {"id": "233", "type": "Feature", "properties": {"iso3": "AND", "name": "Andorra"}, "geometry": {"type": "Polygon", "coordinates": [[[1.4488281250000057, 42.437451171875], [1.414843750000017, 42.548388671874996], [1.568164062500017, 42.635009765625], [1.7060546875, 42.503320312499994], [1.4488281250000057, 42.437451171875]]]}}, {"id": "16", "type": "Feature", "properties": {"iso3": "USA", "name": "United States of America"}, "geometry": {"type": "MultiPolygon", "coordinates": [[[[-132.948046875, 56.567236328125], [-132.842529296875, 56.794775390625], [-132.56796875, 56.575830078125], [-132.948046875, 56.567236328125]]], [[[-132.891455078125, 56.259423828125], [-133.037646484375, 56.36484375], [-132.643359375, 56.43515625], [-132.891455078125, 56.259423828125]]], [[[-134.45625, 58.20654296875], [-134.661572265625, 58.290917968749994], [-134.519970703125, 58.33251953125], [-134.312744140625, 58.228906249999994], [-134.45625, 58.20654296875]]], [[[-145.15048828125, 60.312646484374994], [-145.28427734375, 60.336816406249994], [-145.128125, 60.401123046875], [-145.15048828125, 60.312646484374994]]], [[[-144.444921875, 59.95068359375], [-144.2357421875, 60.015185546875], [-144.248974609375, 59.98212890625], [-144.565625, 59.818408203125], [-144.444921875, 59.95068359375]]], [[[-148.074169921875, 60.034716796875], [-148.271875, 60.053271484375], [-148.07958984375, 60.15166015625], [-147.914208984375, 60.092333984375], [-148.074169921875, 60.034716796875]]], [[[-151.959716796875, 60.503759765625], [-151.8994140625, 60.490380859374994], [-151.8873046875, 60.472705078125], [-152.020751953125, 60.361718749999994], [-151.959716796875, 60.503759765625]]], [[[-160.343310546875, 55.2587890625], [-160.51748046875, 55.333837890625], [-160.3623046875, 55.356982421874996], [-160.343310546875, 55.2587890625]]], [[[-159.421337890625, 54.978125], [-159.4619140625, 55.0587890625], [-159.3904296875, 55.040869140625], [-159.421337890625, 54.978125]]], [[[-159.5349609375, 55.059619140624996], [-159.648486328125, 55.074560546875], [-159.574755859375, 55.217724609375], [-159.5349609375, 55.059619140624996]]], [[[-166.250732421875, 53.7677734375], [-166.113720703125, 53.843066406249996], [-166.138623046875, 53.787402343749996], [-166.250732421875, 53.7677734375]]], [[[-176.204443359375, 51.834814453125], [-176.19365234375, 51.886279296874996], [-176.071630859375, 51.843310546874996], [-176.204443359375, 51.834814453125]]], [[[-166.1486328125, 66.221826171875], [-165.822216796875, 66.328076171875], [-165.8298828125, 66.317138671875], [-166.1486328125, 66.221826171875]]], [[[-170.874609375, 63.593994140625], [-170.430419921875, 63.698828125], [-169.554541015625, 63.373486328125], [-168.716015625, 63.310595703125], [-169.6763671875, 62.956103515625], [-170.527099609375, 63.379296874999994], [-171.790966796875, 63.424707031249994], [-171.74638671875, 63.703076171875], [-170.874609375, 63.593994140625]]], [[[-165.7296875, 60.314208984375], [-165.591796875, 59.913134765625], [-166.14873046875, 59.764111328125], [-167.43642578125, 60.206640625], [-166.47568359375, 60.382763671875], [-165.7296875, 60.314208984375]]], [[[-152.8908203125, 57.768994140625], [-152.428759765625, 57.82568359375], [-152.4826171875, 57.7033203125], [-152.2162109375, 57.577001953125], [-152.41220703125, 57.45478515625], [-152.940771484375, 57.498095703124996], [-152.679052734375, 57.3451171875], [-153.274365234375, 57.226367187499996], [-153.732568359375, 57.05234375], [-153.643310546875, 56.960742187499996], [-153.972705078125, 56.774218749999996], [-154.070849609375, 56.820654296875], [-153.793212890625, 56.989501953125], [-154.24375, 57.143017578125], [-154.381103515625, 57.096533203125], [-154.184326171875, 57.005322265625], [-154.33896484375, 56.9208984375], [-154.70595703125, 57.3353515625], [-154.535302734375, 57.559423828125], [-154.116162109375, 57.651220703125], [-153.6876953125, 57.305126953125], [-153.841552734375, 57.862841796874996], [-153.487939453125, 57.73095703125], [-153.21748046875, 57.795751953125], [-153.225927734375, 57.9576171875], [-152.850390625, 57.896777343749996], [-152.8908203125, 57.768994140625]]], [[[-130.146533203125, 55.6544921875], [-130.036572265625, 55.297900390624996], [-130.575341796875, 54.769677734375], [-130.849609375, 54.8076171875], [-131.0478515625, 55.157666015625], [-130.748193359375, 55.318017578125], [-131.127685546875, 55.96015625], [-131.032763671875, 56.0880859375], [-131.7841796875, 55.8765625], [-131.94501953125, 55.554150390625], [-132.118994140625, 55.569775390625], [-132.20751953125, 55.75341796875], [-131.84384765625, 56.160107421875], [-131.5513671875, 56.206787109375], [-132.18203125, 56.420654296875], [-132.824609375, 57.055810546875], [-133.465869140625, 57.172167968749996], [-133.64873046875, 57.64228515625], [-133.117041015625, 57.566210937499996], [-133.535205078125, 57.832958984375], [-133.1943359375, 57.877685546875], [-133.722314453125, 57.84423828125], [-134.031103515625, 58.072167968749994], [-133.8767578125, 58.5181640625], [-134.208837890625, 58.232958984375], [-134.776123046875, 58.453857421875], [-135.1318359375, 58.84287109375], [-135.363671875, 59.41943359375], [-135.50234375, 59.202294921874994], [-135.090234375, 58.245849609375], [-135.89755859375, 58.4001953125], [-136.043115234375, 58.821630859375], [-135.8263671875, 58.89794921875], [-136.0166015625, 58.873974609375], [-136.150048828125, 59.048095703125], [-136.225830078125, 58.765478515625], [-136.989013671875, 59.03447265625], [-137.059033203125, 58.87373046875], [-136.613916015625, 58.80927734375], [-136.061474609375, 58.452734375], [-136.607421875, 58.243994140625], [-137.543994140625, 58.581201171874994], [-138.514892578125, 59.165917968749994], [-139.79912109375, 59.546240234375], [-139.513037109375, 59.698095703125], [-139.5123046875, 59.953564453125], [-139.33095703125, 59.877001953125], [-139.28671875, 59.6109375], [-139.22080078125, 59.819873046875], [-138.9880859375, 59.835009765625], [-139.4314453125, 60.012255859375], [-140.41982421875, 59.7107421875], [-141.40830078125, 59.902783203125], [-141.28994140625, 60.004150390625], [-141.408740234375, 60.11767578125], [-141.670166015625, 59.969873046874994], [-142.945654296875, 60.09697265625], [-144.147216796875, 60.01640625], [-144.185498046875, 60.150732421875], [-144.901318359375, 60.33515625], [-144.69111328125, 60.669091796874994], [-145.248291015625, 60.380126953125], [-145.898876953125, 60.478173828124994], [-145.67490234375, 60.651123046875], [-146.570458984375, 60.729150390624994], [-146.3919921875, 60.81083984375], [-146.63603515625, 60.992529296875], [-146.284912109375, 61.112646484375], [-146.384375, 61.13583984375], [-147.8076171875, 60.885400390624994], [-148.005126953125, 60.9685546875], [-147.75185546875, 61.2189453125], [-148.34189453125, 61.060400390625], [-148.20869140625, 61.029931640624994], [-148.557373046875, 60.8029296875], [-148.284228515625, 60.609326171875], [-148.64013671875, 60.489453125], [-147.964111328125, 60.48486328125], [-148.430712890625, 59.989111328125], [-149.395263671875, 60.10576171875], [-149.598046875, 59.770458984375], [-149.7138671875, 59.919580078124994], [-150.198046875, 59.566552734374994], [-150.607373046875, 59.563378906249994], [-150.934521484375, 59.24912109375], [-151.94951171875, 59.265087890625], [-151.046484375, 59.771826171875], [-151.45009765625, 59.650390625], [-151.85322265625, 59.782080078125], [-151.39599609375, 60.274462890625], [-151.32177734375, 60.742919921875], [-150.441259765625, 61.023583984374994], [-149.07509765625, 60.876416015625], [-150.053271484375, 61.17109375], [-149.329052734375, 61.49736328125], [-149.433544921875, 61.50078125], [-149.97568359375, 61.279345703125], [-150.9455078125, 61.1982421875], [-151.733984375, 60.9107421875], [-151.75048828125, 60.7548828125], [-152.270703125, 60.528125], [-152.36884765625, 60.336328124999994], [-153.025, 60.295654296875], [-152.660107421875, 59.997216796874994], [-153.21123046875, 59.842724609375], [-153.024609375, 59.793994140625], [-153.093603515625, 59.709130859374994], [-153.6525390625, 59.647021484375], [-154.1783203125, 59.15556640625], [-153.41826171875, 58.9599609375], [-153.43759765625, 58.754833984375], [-154.289013671875, 58.304345703124994], [-154.247021484375, 58.159423828125], [-155.006884765625, 58.016064453125], [-156.435888671875, 57.3599609375], [-156.40048828125, 57.204833984375], [-156.62900390625, 57.0099609375], [-158.414404296875, 56.435839843749996], [-158.5521484375, 56.3126953125], [-158.275634765625, 56.196240234375], [-158.476123046875, 56.075488281249996], [-158.591162109375, 56.184521484375], [-159.65966796875, 55.625927734375], [-159.77138671875, 55.841113281249996], [-161.17802734375, 55.3888671875], [-161.4638671875, 55.38251953125], [-161.413330078125, 55.5361328125], [-161.202099609375, 55.5435546875], [-161.516943359375, 55.618408203125], [-162.073974609375, 55.139306640625], [-162.386376953125, 55.05234375], [-162.63037109375, 55.2466796875], [-162.674365234375, 54.99658203125], [-163.11962890625, 55.064697265625], [-163.335302734375, 54.839160156249996], [-163.27880859375, 55.121826171875], [-161.697314453125, 55.9072265625], [-161.215625, 56.021435546875], [-160.8986328125, 55.99365234375], [-161.00537109375, 55.887158203125], [-160.80283203125, 55.754443359374996], [-160.70634765625, 55.870458984375], [-160.29169921875, 55.805078125], [-160.5390625, 56.006298828125], [-160.30205078125, 56.314111328125], [-158.918017578125, 56.882177734375], [-158.675146484375, 56.794873046875], [-158.660791015625, 57.039404296875], [-158.320947265625, 57.297900390624996], [-157.845751953125, 57.528076171875], [-157.4619140625, 57.506201171875], [-157.697216796875, 57.679443359375], [-157.610888671875, 58.050830078125], [-157.193701171875, 58.194189453125], [-157.48837890625, 58.2537109375], [-157.5236328125, 58.421337890625], [-156.974658203125, 58.736328125], [-156.80888671875, 59.13427734375], [-157.142041015625, 58.87763671875], [-158.19091796875, 58.6142578125], [-158.503173828125, 58.850341796875], [-158.425634765625, 58.99931640625], [-158.080517578125, 58.977441406249994], [-158.422802734375, 59.08984375], [-158.80947265625, 58.973876953125], [-158.788623046875, 58.440966796875], [-158.95068359375, 58.404541015625], [-159.670263671875, 58.9111328125], [-159.92021484375, 58.819873046875], [-160.363134765625, 59.051171874999994], [-161.361328125, 58.66953125], [-162.144921875, 58.64423828125], [-161.724365234375, 58.794287109375], [-161.788671875, 59.01640625], [-161.644384765625, 59.10966796875], [-161.9810546875, 59.146142578124994], [-161.8287109375, 59.588623046875], [-162.421337890625, 60.283984375], [-161.94658203125, 60.684814453125], [-162.6849609375, 60.268945312499994], [-162.526953125, 60.199121093749994], [-162.570751953125, 59.98974609375], [-163.906884765625, 59.806787109374994], [-165.026513671875, 60.500634765624994], [-165.35380859375, 60.5412109375], [-164.80517578125, 60.892041015625], [-164.318505859375, 60.7712890625], [-164.37236328125, 60.591845703125], [-163.999560546875, 60.766064453125], [-163.72998046875, 60.589990234374994], [-163.420947265625, 60.757421875], [-163.90654296875, 60.85380859375], [-163.5869140625, 60.902978515624994], [-165.11484375, 60.9328125], [-164.868994140625, 61.111767578125], [-165.344873046875, 61.197705078125], [-165.2736328125, 61.274853515625], [-165.565869140625, 61.10234375], [-165.86396484375, 61.335693359375], [-165.8453125, 61.53623046875], [-166.093994140625, 61.506738281249994], [-166.168115234375, 61.650830078125], [-165.808935546875, 61.69609375], [-166.07880859375, 61.803124999999994], [-165.61279296875, 61.869287109374994], [-165.707275390625, 62.100439453125], [-165.19453125, 62.473535156249994], [-164.757861328125, 62.496728515624994], [-164.844384765625, 62.5810546875], [-164.589453125, 62.709374999999994], [-164.79267578125, 62.623193359374994], [-164.799658203125, 62.91806640625], [-164.384228515625, 63.03046875], [-164.5251953125, 63.12763671875], [-164.409033203125, 63.2150390625], [-163.94287109375, 63.247216796874994], [-163.61630859375, 63.125146484374994], [-163.737841796875, 63.01640625], [-163.287841796875, 63.046435546875], [-162.2828125, 63.529199218749994], [-161.505419921875, 63.468164062499994], [-160.926708984375, 63.660546874999994], [-160.778564453125, 63.8189453125], [-160.987548828125, 64.25126953125], [-161.49072265625, 64.4337890625], [-160.93193359375, 64.5791015625], [-160.886962890625, 64.795556640625], [-161.13017578125, 64.925439453125], [-161.759375, 64.816259765625], [-162.711083984375, 64.3775390625], [-163.20390625, 64.652001953125], [-163.30283203125, 64.605908203125], [-163.0517578125, 64.5197265625], [-163.1443359375, 64.423828125], [-163.7130859375, 64.588232421875], [-164.978759765625, 64.453662109375], [-166.1427734375, 64.582763671875], [-166.481396484375, 64.728076171875], [-166.415234375, 64.926513671875], [-166.92841796875, 65.157080078125], [-166.15703125, 65.28583984375], [-167.40400390625, 65.422119140625], [-168.08837890625, 65.657763671875], [-166.39873046875, 66.14443359375], [-165.629931640625, 66.131201171875], [-165.811865234375, 66.2884765625], [-164.460498046875, 66.588427734375], [-163.638232421875, 66.574658203125], [-163.8939453125, 66.57587890625], [-163.77548828125, 66.531103515625], [-164.033740234375, 66.21552734375], [-163.695361328125, 66.083837890625], [-161.93369140625, 66.04287109375], [-161.455419921875, 66.281396484375], [-161.03427734375, 66.188818359375], [-161.1203125, 66.334326171875], [-161.828173828125, 66.370849609375], [-162.607421875, 66.894384765625], [-162.36162109375, 66.947314453125], [-161.591015625, 66.459521484375], [-160.231689453125, 66.420263671875], [-160.360888671875, 66.6125], [-161.398046875, 66.55185546875], [-161.856689453125, 66.700341796875], [-161.622216796875, 66.979345703125], [-161.719921875, 67.020556640625], [-163.5318359375, 67.102587890625], [-164.1251953125, 67.60673828125], [-166.786279296875, 68.359619140625], [-166.380517578125, 68.425146484375], [-166.20908203125, 68.8853515625], [-164.30234375, 68.936474609375], [-163.535693359375, 69.1701171875], [-163.161474609375, 69.387939453125], [-162.952099609375, 69.75810546875], [-161.88095703125, 70.33173828125], [-161.761083984375, 70.257666015625], [-162.073876953125, 70.161962890625], [-160.117138671875, 70.5912109375], [-159.963134765625, 70.5681640625], [-160.095068359375, 70.33330078125], [-159.865673828125, 70.278857421875], [-159.814990234375, 70.4970703125], [-159.386767578125, 70.52451171875], [-160.081591796875, 70.63486328125], [-159.680908203125, 70.786767578125], [-157.909375, 70.860107421875], [-156.47021484375, 71.407666015625], [-156.567236328125, 71.341552734375], [-155.579443359375, 71.12109375], [-156.14658203125, 70.92783203125], [-155.97353515625, 70.8419921875], [-154.943798828125, 71.083056640625], [-154.673681640625, 70.987109375], [-154.785205078125, 70.894287109375], [-154.19521484375, 70.801123046875], [-153.23291015625, 70.932568359375], [-152.300390625, 70.84677734375], [-152.47060546875, 70.65361328125], [-151.76904296875, 70.56015625], [-151.944677734375, 70.452099609375], [-149.26943359375, 70.50078125], [-147.70537109375, 70.217236328125], [-144.619189453125, 69.98212890625], [-143.218310546875, 70.116259765625], [-141.0021484375, 69.65078125], [-141.0021484375, 60.300244140625125], [-139.973291015625, 60.183154296875], [-139.07924804687502, 60.343701171875125], [-139.18515625, 60.08359375], [-137.593310546875, 59.22626953125001], [-137.43857421875, 58.903125], [-136.81328125, 59.15004882812508], [-136.578759765625, 59.152246093749994], [-136.466357421875, 59.45908203125], [-136.247119140625, 59.532910156250125], [-136.321826171875, 59.604833984375], [-135.475927734375, 59.79326171875], [-135.051025390625, 59.578662109375], [-134.94375000000002, 59.28828125000001], [-133.401123046875, 58.410888671875], [-132.232177734375, 57.198535156249996], [-132.33798828125, 57.079443359375], [-132.03154296875, 57.0265625], [-132.104296875, 56.856787109375], [-131.866162109375, 56.792822265625], [-131.824267578125, 56.589990234375], [-130.0978515625, 56.10927734375], [-130.146533203125, 55.6544921875]]], [[[-163.378955078125, 54.81552734375], [-163.083251953125, 54.668994140624996], [-164.073291015625, 54.62099609375], [-164.5908203125, 54.404345703124996], [-164.903955078125, 54.544775390625], [-164.47861328125, 54.9068359375], [-163.476025390625, 54.980712890625], [-163.378955078125, 54.81552734375]]], [[[-133.281689453125, 55.497851562499996], [-133.6501953125, 55.269287109375], [-133.737109375, 55.496923828125], [-133.281689453125, 55.497851562499996]]], [[[-131.23203125, 54.903759765625], [-131.592236328125, 55.025683593749996], [-131.578466796875, 55.248779296875], [-131.23203125, 54.903759765625]]], [[[-132.132958984375, 55.94326171875], [-132.6990234375, 56.198193359375], [-132.379833984375, 56.498779296875], [-132.06689453125, 56.24423828125], [-132.132958984375, 55.94326171875]]], [[[-131.187890625, 55.206298828125], [-131.44755859375, 55.4087890625], [-131.810986328125, 55.223095703125], [-131.624951171875, 55.831689453125], [-131.26923828125, 55.955371093749996], [-130.997802734375, 55.72763671875], [-131.187890625, 55.206298828125]]], [[[-133.07080078125, 56.974267578125], [-133.0041015625, 56.62373046875], [-133.328955078125, 56.830078125], [-133.180810546875, 56.473974609375], [-133.602783203125, 56.464111328125], [-133.68095703125, 56.797509765625], [-133.979443359375, 57.009570312499996], [-133.07080078125, 56.974267578125]]], [[[-132.617236328125, 54.892431640625], [-132.705810546875, 54.6841796875], [-133.429052734375, 55.30380859375], [-133.097412109375, 55.213720703125], [-132.862255859375, 54.89443359375], [-132.617236328125, 54.892431640625]]], [[[-146.10224609375, 60.411181640625], [-146.5953125, 60.268457031249994], [-146.702880859375, 60.39560546875], [-146.10224609375, 60.411181640625]]], [[[-147.8724609375, 59.828369140625], [-147.180859375, 60.358251953125], [-146.957861328125, 60.2888671875], [-147.49931640625, 59.890185546875], [-147.8724609375, 59.828369140625]]], [[[-147.73212890625, 60.222070312499994], [-147.8158203125, 60.18515625], [-147.891455078125, 60.2994140625], [-147.658251953125, 60.45048828125], [-147.73212890625, 60.222070312499994]]], [[[-148.057421875, 60.817919921875], [-148.123779296875, 60.8443359375], [-148.037744140625, 60.92412109375], [-147.930712890625, 60.826171875], [-148.057421875, 60.817919921875]]], [[[-153.29541015625, 57.000439453125], [-153.374609375, 57.051904296875], [-153.285205078125, 57.18505859375], [-152.9083984375, 57.15244140625], [-153.29541015625, 57.000439453125]]], [[[-152.63662109375, 58.54169921875], [-152.367919921875, 58.611083984375], [-152.362255859375, 58.570849609375], [-152.63662109375, 58.54169921875]]], [[[-153.294970703125, 57.8294921875], [-153.520068359375, 57.95576171875], [-153.34697265625, 57.9328125], [-153.294970703125, 57.8294921875]]], [[[-155.680615234375, 55.791845703125], [-155.737353515625, 55.82978515625], [-155.5939453125, 55.92431640625], [-155.680615234375, 55.791845703125]]], [[[-154.7771484375, 56.439892578125], [-154.62373046875, 56.561328124999996], [-154.444873046875, 56.573193359375], [-154.7771484375, 56.439892578125]]], [[[-154.322216796875, 56.570605468749996], [-154.110400390625, 56.6029296875], [-154.115966796875, 56.543896484375], [-154.322216796875, 56.570605468749996]]], [[[-160.552783203125, 55.38076171875], [-160.487548828125, 55.184863281249996], [-160.795068359375, 55.14521484375], [-160.8396484375, 55.335400390625], [-160.552783203125, 55.38076171875]]], [[[-162.390771484375, 54.872998046875], [-162.43388671875, 54.93154296875], [-162.264599609375, 54.98349609375], [-162.390771484375, 54.872998046875]]], [[[-162.73310546875, 54.402294921875], [-162.820556640625, 54.49453125], [-162.64541015625, 54.462060546875], [-162.55439453125, 54.4013671875], [-162.73310546875, 54.402294921875]]], [[[-160.169580078125, 54.941699218749996], [-160.22705078125, 54.922705078125], [-159.920458984375, 55.267529296875], [-159.872998046875, 55.128759765625], [-160.169580078125, 54.941699218749996]]], [[[-166.03642578125, 54.047167968749996], [-166.105810546875, 54.144824218749996], [-165.89287109375, 54.206982421875], [-165.69287109375, 54.099902343749996], [-166.03642578125, 54.047167968749996]]], [[[-165.654150390625, 54.2533203125], [-165.407861328125, 54.196826171874996], [-165.5611328125, 54.13671875], [-165.654150390625, 54.2533203125]]], [[[-161.131494140625, 58.668212890625], [-160.71513671875, 58.79521484375], [-160.918994140625, 58.577099609375], [-161.131494140625, 58.668212890625]]], [[[-172.3875, 60.398486328125], [-172.232080078125, 60.29912109375], [-173.0740234375, 60.493212890625], [-172.923876953125, 60.606835937499994], [-172.3875, 60.398486328125]]], [[[-170.264013671875, 57.136767578124996], [-170.38662109375, 57.20302734375], [-170.116162109375, 57.241796875], [-170.264013671875, 57.136767578124996]]], [[[-169.72275390625, 52.792333984375], [-169.991845703125, 52.829833984375], [-169.820654296875, 52.8833984375], [-169.72275390625, 52.792333984375]]], [[[-170.82705078125, 52.600732421875], [-170.682080078125, 52.697558593749996], [-170.584619140625, 52.667578125], [-170.82705078125, 52.600732421875]]], [[[-172.61982421875, 52.2728515625], [-172.47041015625, 52.388037109375], [-172.313623046875, 52.32958984375], [-172.61982421875, 52.2728515625]]], [[[-169.55048828125, 56.628125], [-169.47431640625, 56.594042968749996], [-169.6326171875, 56.545703124999996], [-169.755224609375, 56.635058593749996], [-169.55048828125, 56.628125]]], [[[-176.349658203125, 51.73330078125], [-176.413720703125, 51.840576171875], [-176.378564453125, 51.861132812499996], [-176.349658203125, 51.73330078125]]], [[[-176.14287109375, 52.004296875], [-176.184521484375, 52.0560546875], [-176.077392578125, 52.099951171875], [-175.97529296875, 52.028955078125], [-176.14287109375, 52.004296875]]], [[[-177.6548828125, 51.676562499999996], [-177.67021484375, 51.70107421875], [-177.11005859375, 51.928759765624996], [-177.148193359375, 51.716748046875], [-177.6548828125, 51.676562499999996]]], [[[178.51181640625003, 51.89912109375], [178.47500000000002, 51.967724609375], [178.57060546875005, 51.9775390625], [178.51181640625003, 51.89912109375]]], [[[179.27812500000005, 51.372216796874994], [178.64794921875, 51.643896484375], [178.90800781250005, 51.615576171875], [179.45156250000002, 51.372607421874996], [179.27812500000005, 51.372216796874994]]], [[[173.6162109375, 52.391259765625], [173.40234375, 52.40478515625], [173.77607421875, 52.4951171875], [173.6162109375, 52.391259765625]]], [[[-134.620703125, 56.718310546874996], [-134.681884765625, 56.216162109375], [-134.98056640625, 56.5189453125], [-134.883447265625, 56.679052734375], [-135.330615234375, 56.821875], [-135.199609375, 57.02734375], [-135.454931640625, 57.2494140625], [-135.8123046875, 57.009521484375], [-135.82275390625, 57.280419921875], [-135.448681640625, 57.534375], [-134.969775390625, 57.351416015625], [-134.620703125, 56.718310546874996]]], [[[-134.240087890625, 58.143994140625], [-133.82275390625, 57.628662109375], [-134.306884765625, 58.034375], [-133.908837890625, 57.368701171874996], [-134.435302734375, 57.056982421875], [-134.6130859375, 57.137939453125], [-134.486767578125, 57.48203125], [-134.923486328125, 58.354638671874994], [-134.6802734375, 58.161669921875], [-134.240087890625, 58.143994140625]]], [[[-135.613232421875, 57.991845703125], [-135.346630859375, 58.12412109375], [-134.9546875, 58.01533203125], [-134.970654296875, 57.817236328125], [-135.3384765625, 57.76865234375], [-134.978857421875, 57.724365234375], [-134.931494140625, 57.48115234375], [-135.564208984375, 57.66640625], [-135.691943359375, 57.419921875], [-135.910791015625, 57.446582031249996], [-136.568603515625, 57.97216796875], [-136.32197265625, 58.218896484374994], [-136.14375, 58.098486328125], [-135.73037109375, 58.24423828125], [-135.613232421875, 57.991845703125]]], [[[-133.202978515625, 56.31982421875], [-133.096630859375, 56.0900390625], [-132.597607421875, 55.89501953125], [-132.172705078125, 55.480615234375], [-132.511279296875, 55.5939453125], [-132.631298828125, 55.473193359374996], [-131.976416015625, 55.20859375], [-132.0216796875, 54.726318359375], [-133.1185546875, 55.32763671875], [-132.95888671875, 55.395556640624996], [-133.0333984375, 55.589697265625], [-133.68017578125, 55.78515625], [-133.24150390625, 55.92080078125], [-133.371240234375, 56.035888671875], [-133.742529296875, 55.96484375], [-133.530859375, 56.145654296875], [-133.56611328125, 56.339208984375], [-133.202978515625, 56.31982421875]]], [[[-133.73837890625, 56.650439453124996], [-133.94970703125, 56.127734374999996], [-134.189599609375, 56.076953124999996], [-134.084375, 56.456347656249996], [-134.373681640625, 56.838671874999996], [-134.14326171875, 56.93232421875], [-133.73837890625, 56.650439453124996]]], [[[-151.98251953125, 58.2443359375], [-152.92841796875, 57.993701171874996], [-153.38134765625, 58.08720703125], [-152.771875, 58.278564453125], [-152.84111328125, 58.416406249999994], [-151.98251953125, 58.2443359375]]], [[[-168.505615234375, 53.0431640625], [-169.088916015625, 52.83203125], [-168.68984375, 53.22724609375], [-168.380419921875, 53.283447265625], [-168.2876953125, 53.500146484375], [-167.828076171875, 53.507958984375], [-168.505615234375, 53.0431640625]]], [[[-166.230859375, 53.9326171875], [-166.54921875, 53.700976562499996], [-166.30947265625, 53.697509765625], [-166.77041015625, 53.476025390625], [-167.8087890625, 53.323779296874996], [-166.741259765625, 53.712939453124996], [-167.071484375, 53.7833984375], [-167.0380859375, 53.942187499999996], [-166.230859375, 53.9326171875]]], [[[-173.3572265625, 52.095654296875], [-173.022900390625, 52.079150390624996], [-173.835791015625, 52.048193359375], [-173.99248046875, 52.123339843749996], [-173.3572265625, 52.095654296875]]], [[[-175.295556640625, 52.02216796875], [-174.30615234375, 52.216162109375], [-174.435546875, 52.317236328125], [-174.168896484375, 52.420166015625], [-174.018359375, 52.331787109375], [-174.120654296875, 52.135205078125], [-175.295556640625, 52.02216796875]]], [[[-176.45234375, 51.735693359375], [-176.96162109375, 51.603662109375], [-176.69833984375, 51.98603515625], [-176.45234375, 51.735693359375]]], [[[-178.05888671875, 51.672607421875], [-177.986376953125, 51.7642578125], [-178.19453125, 51.8822265625], [-177.644482421875, 51.82626953125], [-178.05888671875, 51.672607421875]]], [[[179.54960937500005, 51.89404296875], [179.50390625, 51.97958984375], [179.6271484375, 52.030419921875], [179.77998046875, 51.966845703124996], [179.54960937500005, 51.89404296875]]], [[[177.32851562500002, 51.841064453125], [177.25029296875005, 51.9029296875], [177.66962890625, 52.10302734375], [177.32851562500002, 51.841064453125]]], [[[173.10214843750003, 52.99560546875], [173.43603515625, 52.85205078125], [172.93515625000003, 52.752099609375], [172.49482421875, 52.937890625], [173.10214843750003, 52.99560546875]]], [[[-155.68076171875, 18.967675781249994], [-155.881298828125, 19.070507812499997], [-156.048681640625, 19.749951171874997], [-155.8203125, 20.01416015625], [-155.831640625, 20.275830078124997], [-155.198779296875, 19.994384765625], [-154.80419921875, 19.524462890625003], [-155.68076171875, 18.967675781249994]]], [[[-156.95234375, 21.19970703125], [-156.712158203125, 21.155078125000003], [-157.29033203125, 21.112597656250003], [-156.95234375, 21.19970703125]]], [[[-156.2775390625, 20.95126953124999], [-155.98984375, 20.757128906250003], [-156.4087890625, 20.605175781249997], [-156.69775390625, 20.94907226562499], [-156.2775390625, 20.95126953124999]]], [[[-157.635400390625, 21.3076171875], [-158.1103515625, 21.318603515625], [-158.27314453125, 21.585253906250003], [-157.9625, 21.701367187499997], [-157.635400390625, 21.3076171875]]], [[[-159.608837890625, 21.90952148437499], [-159.78916015625, 22.041796875000003], [-159.35205078125, 22.21958007812499], [-159.37275390625, 21.932373046875], [-159.608837890625, 21.90952148437499]]], [[[-160.234716796875, 21.803662109374997], [-160.2208984375, 21.897265625000003], [-160.04873046875, 22.004638671875], [-160.234716796875, 21.803662109374997]]], [[[-156.973388671875, 20.757519531249997], [-157.0505859375, 20.91245117187499], [-156.88056640625, 20.904833984375003], [-156.973388671875, 20.757519531249997]]], [[[-71.517529296875, 45.007568359375], [-71.327294921875, 45.290087890624996], [-70.86503906249999, 45.270703125], [-70.29624023437499, 45.906103515625], [-70.00771484375, 46.708935546875], [-69.24287109375, 47.46298828125], [-68.93720703125, 47.211230468749996], [-68.235498046875, 47.345947265625], [-67.806787109375, 47.082812499999996], [-67.80224609375, 45.7275390625], [-67.43266601562499, 45.603125], [-67.47255859375, 45.27587890625], [-67.12485351562499, 45.16943359375], [-66.98701171875, 44.827685546874996], [-68.056640625, 44.384326171874996], [-68.4505859375, 44.507617187499996], [-68.53251953124999, 44.258642578125], [-68.8119140625, 44.33935546875], [-68.7626953125, 44.570751953125], [-69.13725585937499, 44.037841796875], [-69.62392578125, 43.880615234375], [-69.65288085937499, 43.993896484375], [-69.808349609375, 43.772314453125], [-70.06235351562499, 43.834619140624994], [-70.26923828125, 43.671923828124996], [-70.829052734375, 42.825341796874994], [-70.612939453125, 42.6232421875], [-71.04619140624999, 42.331103515624996], [-70.73828125, 42.228857421875], [-70.42666015625, 41.757275390625], [-70.001416015625, 41.826171875], [-70.24106445312499, 42.091210937499994], [-70.10893554687499, 42.0783203125], [-69.97788085937499, 41.961279296875], [-69.9486328125, 41.677148437499994], [-70.65712890625, 41.534228515624996], [-70.701123046875, 41.71484375], [-71.16855468749999, 41.489404296874994], [-71.14873046874999, 41.745703125], [-71.39013671875, 41.795312499999994], [-71.5228515625, 41.378955078124996], [-72.92470703125, 41.28515625], [-73.98710937499999, 40.751367187499994], [-73.87197265625, 41.05517578125], [-73.969921875, 41.24970703125], [-73.927197265625, 40.9142578125], [-74.26420898437499, 40.528613281249996], [-73.97226562499999, 40.400341796875], [-74.07993164062499, 39.788134765624996], [-74.064599609375, 39.993115234375], [-74.79448242187499, 39.001904296875], [-74.954296875, 38.949951171875], [-74.89702148437499, 39.145458984375], [-75.52421874999999, 39.490185546875], [-75.421875, 39.789697265624994], [-75.074169921875, 39.98349609375], [-75.400634765625, 39.831591796874996], [-75.58759765625, 39.640771484374994], [-75.39218749999999, 39.0927734375], [-75.08867187499999, 38.7775390625], [-75.18710937499999, 38.591113281249996], [-75.03876953125, 38.4263671875], [-75.93437499999999, 37.151904296874996], [-75.975048828125, 37.3984375], [-75.65927734374999, 37.953955078125], [-75.850830078125, 37.971582031249994], [-75.85869140624999, 38.362060546875], [-76.051220703125, 38.279541015625], [-76.2646484375, 38.436425781249994], [-76.26416015625, 38.599951171875], [-76.01694335937499, 38.62509765625], [-76.34116210937499, 38.70966796875], [-76.1681640625, 38.852734375], [-76.33066406249999, 38.908593749999994], [-76.135205078125, 39.08212890625], [-76.23569335937499, 39.1916015625], [-75.87294921875, 39.510888671874994], [-76.06298828125, 39.5611328125], [-76.4208984375, 39.224999999999994], [-76.57041015624999, 39.269335937499996], [-76.42758789062499, 39.126025390624996], [-76.558544921875, 39.065234374999996], [-76.39409179687499, 38.368994140625], [-76.66855468749999, 38.537499999999994], [-76.34116210937499, 38.08701171875], [-77.001171875, 38.445263671875], [-77.23251953124999, 38.40771484375], [-77.01816406249999, 38.777734374999994], [-77.03037109374999, 38.8892578125], [-77.260400390625, 38.599999999999994], [-77.27324218749999, 38.3517578125], [-76.26425781249999, 37.8935546875], [-76.344140625, 37.675683593749994], [-76.49248046874999, 37.6822265625], [-77.111083984375, 38.165673828124994], [-76.549462890625, 37.669140625], [-76.30556640625, 37.571484375], [-76.26347656249999, 37.35703125], [-76.45390624999999, 37.27353515625], [-76.75771484375, 37.505419921874996], [-76.28330078124999, 37.052685546875], [-76.40087890625, 36.99130859375], [-76.63090820312499, 37.221728515624996], [-77.25087890625, 37.32919921875], [-76.671875, 37.17294921875], [-76.48784179687499, 36.897021484374996], [-75.9994140625, 36.912646484374996], [-75.5341796875, 35.819091796875], [-75.946484375, 36.659082031249994], [-75.820068359375, 36.112841796874996], [-76.1478515625, 36.279296875], [-76.14999999999999, 36.145751953125], [-76.55937499999999, 36.01533203125], [-76.733642578125, 36.229150390624994], [-76.726220703125, 35.9576171875], [-76.069775390625, 35.9703125], [-76.08359374999999, 35.69052734375], [-75.85390625, 35.96015625], [-75.75883789062499, 35.84326171875], [-75.77392578125, 35.64697265625], [-76.173828125, 35.354150390624994], [-77.039990234375, 35.527392578124996], [-76.512939453125, 35.270410156249994], [-76.77915039062499, 34.99033203125], [-77.070263671875, 35.154638671875], [-76.97495117187499, 35.025195312499996], [-76.74497070312499, 34.940966796874996], [-76.45673828125, 34.98935546875], [-76.43979492187499, 34.842919921874994], [-77.29624023437499, 34.602929687499994], [-77.412255859375, 34.730810546875], [-77.37978515625, 34.526611328125], [-77.750732421875, 34.284960937499996], [-77.92783203124999, 33.939746093749996], [-77.953271484375, 34.168994140624996], [-78.013330078125, 33.91181640625], [-78.841455078125, 33.724072265625], [-79.193798828125, 33.244140625], [-79.22646484375, 33.4048828125], [-79.276025390625, 33.135400390624994], [-79.93310546875, 32.81005859375], [-79.94072265624999, 32.667138671874994], [-80.6341796875, 32.51171875], [-80.474267578125, 32.422753906249994], [-80.579345703125, 32.2873046875], [-80.80253906249999, 32.448046874999996], [-80.69423828125, 32.215722656249994], [-81.11328125, 31.878613281249997], [-81.4603515625, 31.12705078125], [-81.51621093749999, 30.801806640624996], [-81.24951171875, 29.793798828125], [-80.52412109375, 28.486083984375], [-80.45688476562499, 27.900683593749996], [-80.60693359375, 28.522900390624997], [-80.693505859375, 28.344970703125], [-80.83818359374999, 28.757666015625], [-80.74863281249999, 28.381005859374994], [-80.050048828125, 26.80771484375], [-80.1263671875, 25.83349609375], [-80.48466796874999, 25.22983398437499], [-81.110498046875, 25.13803710937499], [-81.13603515624999, 25.30966796874999], [-80.9404296875, 25.264208984375003], [-81.36494140625, 25.8310546875], [-81.715478515625, 25.983154296875], [-81.958935546875, 26.489941406249997], [-81.82866210937499, 26.687060546874996], [-82.03959960937499, 26.552050781249996], [-82.01328124999999, 26.961572265624994], [-82.2900390625, 26.870800781249997], [-82.714599609375, 27.499609375], [-82.40576171875, 27.862890625], [-82.6751953125, 27.963769531249994], [-82.610986328125, 27.777246093749994], [-82.74287109375, 27.709374999999994], [-82.843505859375, 27.845996093749996], [-82.65146484374999, 28.887499999999996], [-83.69438476562499, 29.925976562499997], [-84.30966796874999, 30.064746093749996], [-84.3828125, 29.907373046874994], [-85.31894531249999, 29.680224609374996], [-85.67578125, 30.121923828125], [-85.603515625, 30.286767578124994], [-85.755810546875, 30.1669921875], [-86.45444335937499, 30.399121093749997], [-86.12382812499999, 30.405810546874996], [-86.25737304687499, 30.493017578125], [-87.201171875, 30.339257812499994], [-86.985791015625, 30.430859374999997], [-86.99755859375, 30.5703125], [-87.28105468749999, 30.339257812499994], [-88.00595703124999, 30.230908203124997], [-87.790283203125, 30.291796874999996], [-88.01132812499999, 30.694189453125], [-88.13544921875, 30.366601562499994], [-88.905224609375, 30.41513671875], [-89.58847656249999, 30.165966796874997], [-90.1259765625, 30.369091796874997], [-90.331982421875, 30.277587890625], [-90.413037109375, 30.140332031249997], [-90.17534179687499, 30.029101562499996], [-89.737451171875, 30.17197265625], [-89.815185546875, 30.007275390624997], [-89.63168945312499, 29.90380859375], [-89.40073242187499, 30.046044921874994], [-89.354443359375, 29.820214843749994], [-89.7208984375, 29.619287109374994], [-89.01572265624999, 29.202880859375], [-89.376123046875, 28.981347656249994], [-89.44316406249999, 29.194140624999996], [-90.15908203125, 29.537158203124996], [-90.05278320312499, 29.336816406249994], [-90.21279296875, 29.104931640624997], [-90.37919921874999, 29.295117187499997], [-90.75102539062499, 29.130859375], [-91.29013671874999, 29.288964843749994], [-91.15078125, 29.317919921874996], [-91.24882812499999, 29.564208984375], [-91.51420898437499, 29.555371093749997], [-91.89316406249999, 29.83603515625], [-92.26083984374999, 29.556835937499997], [-93.17568359375, 29.778955078124994], [-93.82646484374999, 29.725146484374996], [-93.841455078125, 29.979736328125], [-93.89047851562499, 29.689355468749994], [-94.75961914062499, 29.38427734375], [-94.52626953125, 29.54794921875], [-94.778271484375, 29.5478515625], [-94.741943359375, 29.75], [-95.0228515625, 29.702343749999997], [-94.88828124999999, 29.370556640624997], [-95.27348632812499, 28.9638671875], [-96.234521484375, 28.488964843749997], [-96.01103515624999, 28.63193359375], [-96.6400390625, 28.708789062499996], [-96.42109375, 28.457324218749996], [-96.77353515624999, 28.421630859375], [-96.839501953125, 28.194384765624996], [-97.156494140625, 28.144335937499996], [-97.07309570312499, 27.986083984375], [-97.43149414062499, 27.837207031249996], [-97.288720703125, 27.670605468749997], [-97.439111328125, 27.328271484374994], [-97.76845703125, 27.45751953125], [-97.485107421875, 27.23740234375], [-97.43505859375, 26.48583984375], [-97.14018554687499, 26.029736328124997], [-97.358154296875, 25.870507812499994], [-99.10776367187499, 26.446923828124994], [-99.45654296875, 27.056689453124996], [-99.505322265625, 27.54833984375], [-100.296044921875, 28.327685546874996], [-100.75458984375, 29.182519531249994], [-101.38037109375, 29.742578124999994], [-102.34306640624999, 29.864990234375], [-102.73417968749999, 29.643945312499994], [-102.8919921875, 29.21640625], [-103.25771484375, 29.001123046874994], [-104.400634765625, 29.57373046875], [-104.91787109375, 30.583349609375], [-106.44541015624999, 31.768408203125], [-108.21181640625, 31.779345703124996], [-108.21445312499999, 31.329443359375], [-111.0419921875, 31.32421875], [-114.8359375, 32.50830078125], [-114.724755859375, 32.71533203125], [-117.128271484375, 32.533349609374994], [-117.467431640625, 33.2955078125], [-118.080517578125, 33.72216796875], [-118.41044921874999, 33.743945312499996], [-118.506201171875, 34.017382812499996], [-119.14375, 34.11201171875], [-119.6060546875, 34.418017578124996], [-120.644677734375, 34.579980468749994], [-120.65908203125, 35.122412109375], [-121.877392578125, 36.3310546875], [-121.80742187499999, 36.851220703124994], [-122.394921875, 37.20751953125], [-122.49921875, 37.542626953124994], [-122.44560546874999, 37.797998046874994], [-122.0705078125, 37.478271484375], [-122.31425781249999, 38.00732421875], [-121.525341796875, 38.055908203125], [-122.39335937499999, 38.144824218749996], [-122.521337890625, 37.826416015625], [-122.998779296875, 37.988623046875], [-122.908154296875, 38.196582031249996], [-123.701123046875, 38.907275390624996], [-123.83291015625, 39.77548828125], [-124.32402343749999, 40.251953125], [-124.071923828125, 41.459521484374996], [-124.5396484375, 42.812890624999994], [-124.14873046874999, 43.691748046875], [-123.929345703125, 45.576953124999996], [-123.98930664062499, 46.219384765624994], [-123.22060546875, 46.153613281249996], [-124.07275390625, 46.279443359374994], [-124.0443359375, 46.605078125], [-123.946142578125, 46.432568359375], [-123.88916015625, 46.660009765625], [-124.112548828125, 46.862695312499994], [-123.84287109375, 46.963183593749996], [-124.1392578125, 46.9546875], [-124.37602539062499, 47.658642578125], [-124.6630859375, 47.97412109375], [-124.7099609375, 48.38037109375], [-123.97578125, 48.16845703125], [-122.77861328124999, 48.137597656249994], [-122.656640625, 47.881152343749996], [-123.1390625, 47.386083984375], [-122.92216796874999, 47.407666015625], [-123.06015625, 47.453662109374996], [-122.5328125, 47.919726562499996], [-122.67548828125, 47.612353515624996], [-122.577880859375, 47.2931640625], [-122.7677734375, 47.218359375], [-122.828466796875, 47.336572265624994], [-122.91953125, 47.2896484375], [-123.027587890625, 47.138916015625], [-122.70195312499999, 47.110888671874996], [-122.35380859374999, 47.37158203125], [-122.401806640625, 47.78427734375], [-122.24199218749999, 48.0107421875], [-122.5169921875, 48.15966796875], [-122.408544921875, 48.293896484375], [-122.66899414062499, 48.465234374999994], [-122.49677734375, 48.50556640625], [-122.51274414062499, 48.66943359375], [-122.78876953125, 48.993017578125], [-95.162060546875, 48.991748046874996], [-95.1552734375, 49.3696777343751], [-94.85434570312499, 49.304589843749994], [-94.62089843749999, 48.742626953125], [-93.70771484375, 48.525439453124996], [-92.996240234375, 48.61181640625], [-92.41459960937499, 48.276611328125], [-92.00517578124999, 48.30185546875], [-91.518310546875, 48.058300781250125], [-90.91606445312499, 48.209130859374994], [-89.45566406249999, 47.996240234374994], [-88.378173828125, 48.30307617187509], [-84.8759765625, 46.89990234375], [-84.561767578125, 46.457373046875], [-84.14946289062499, 46.542773437499996], [-83.977783203125, 46.084912109375], [-83.615966796875, 46.11684570312502], [-83.469482421875, 45.99467773437499], [-83.59267578125002, 45.81713867187506], [-82.55107421874999, 45.34736328125], [-82.13784179687502, 43.570898437500034], [-82.5453125, 42.62470703125], [-83.149658203125, 42.141943359375], [-83.02998046875, 41.832958984375], [-82.69003906249999, 41.675195312499994], [-79.03671874999999, 42.80234375], [-78.91508789062499, 42.90913085937501], [-79.171875, 43.466552734375114], [-78.84555664062499, 43.583349609375], [-76.81997070312502, 43.62880859375008], [-76.15117187499999, 44.303955078125], [-75.17939453125001, 44.899365234375125], [-71.517529296875, 45.007568359375]]], [[[-72.58085937499999, 40.921337890625], [-71.90322265625, 41.060693359374994], [-73.194287109375, 40.654199218749994], [-74.014892578125, 40.581201171874994], [-73.57382812499999, 40.91962890625], [-72.27412109375, 41.15302734375], [-72.58085937499999, 40.921337890625]]], [[[-68.315087890625, 44.24970703125], [-68.41171874999999, 44.294335937499994], [-68.29941406249999, 44.456494140625], [-68.187255859375, 44.332470703125], [-68.315087890625, 44.24970703125]]], [[[-74.18818359375, 40.614599609375], [-74.06875, 40.649316406249994], [-74.07968749999999, 40.586474609374996], [-74.18818359375, 40.614599609375]]], [[[-70.785302734375, 41.327441406249996], [-70.82919921874999, 41.358984375], [-70.61601562499999, 41.4572265625], [-70.509912109375, 41.376318359375], [-70.785302734375, 41.327441406249996]]], [[[-71.34624023437499, 41.469384765624994], [-71.23203124999999, 41.654296875], [-71.24140625, 41.491943359375], [-71.34624023437499, 41.469384765624994]]], [[[-70.055078125, 41.249462890625], [-70.233056640625, 41.286328125], [-70.0412109375, 41.3974609375], [-70.055078125, 41.249462890625]]], [[[-75.65078125, 35.835595703124994], [-75.7171875, 35.946142578125], [-75.648876953125, 35.910400390625], [-75.65078125, 35.835595703124994]]], [[[-75.690087890625, 35.221582031249994], [-75.536376953125, 35.278613281249996], [-75.50351562499999, 35.769140625], [-75.46474609375, 35.448632812499994], [-75.544140625, 35.240087890625], [-75.690087890625, 35.221582031249994]]], [[[-75.96367187499999, 35.11884765625], [-75.98417968749999, 35.123095703124996], [-75.86494140625, 35.174121093749996], [-75.96367187499999, 35.11884765625]]], [[[-76.43701171875, 34.75634765625], [-76.20737304687499, 34.938916015625], [-76.35771484374999, 34.803662109375], [-76.503662109375, 34.642968749999994], [-76.43701171875, 34.75634765625]]], [[[-82.144970703125, 26.446679687499994], [-82.2013671875, 26.548046874999997], [-82.11606445312499, 26.4609375], [-82.144970703125, 26.446679687499994]]], [[[-82.085205078125, 26.493603515624997], [-82.169140625, 26.700732421874996], [-82.12114257812499, 26.66552734375], [-82.085205078125, 26.493603515624997]]], [[[-80.58056640625, 24.954248046874994], [-80.257080078125, 25.347607421874997], [-80.3818359375, 25.142285156249997], [-80.58056640625, 24.954248046874994]]], [[[-91.83085937499999, 29.486474609374994], [-92.00664062499999, 29.610302734374997], [-91.875244140625, 29.640966796875], [-91.83085937499999, 29.486474609374994]]], [[[-96.978662109375, 28.013867187499997], [-96.857421875, 28.13291015625], [-96.83974609375, 28.088818359374997], [-97.01435546875, 27.901611328125], [-96.978662109375, 28.013867187499997]]], [[[-96.755615234375, 28.202441406249996], [-96.403564453125, 28.381591796875], [-96.413330078125, 28.337792968749994], [-96.755615234375, 28.202441406249996]]], [[[-97.38481445312499, 27.242529296875], [-97.29501953124999, 27.523095703124994], [-97.060546875, 27.822021484375], [-97.38481445312499, 27.242529296875]]], [[[-95.08964843749999, 29.136328125], [-94.76762695312499, 29.339062499999997], [-94.86494140625, 29.252880859374997], [-95.08964843749999, 29.136328125]]], [[[-97.402099609375, 26.820507812499997], [-97.385986328125, 27.196484374999997], [-97.351220703125, 26.801464843749997], [-97.17070312499999, 26.159374999999997], [-97.402099609375, 26.820507812499997]]], [[[-120.359716796875, 34.022265624999996], [-120.441552734375, 34.03291015625], [-120.36772460937499, 34.073291015624996], [-120.359716796875, 34.022265624999996]]], [[[-119.54365234375, 33.224609375], [-119.5751953125, 33.2783203125], [-119.47880859374999, 33.274609375], [-119.54365234375, 33.224609375]]], [[[-118.47319335937499, 32.838916015624996], [-118.590185546875, 33.011181640625], [-118.557080078125, 33.032666015625], [-118.35039062499999, 32.827587890625], [-118.47319335937499, 32.838916015624996]]], [[[-120.167138671875, 33.91806640625], [-120.251904296875, 34.0138671875], [-120.07182617187499, 34.026513671874994], [-119.98393554687499, 33.97333984375], [-120.167138671875, 33.91806640625]]], [[[-119.56914062499999, 34.052978515625], [-119.549267578125, 34.028173828125], [-119.8095703125, 33.9677734375], [-119.88237304687499, 34.0796875], [-119.56914062499999, 34.052978515625]]], [[[-118.2974609375, 33.312109375], [-118.4462890625, 33.31708984375], [-118.56943359375, 33.464160156249996], [-118.2974609375, 33.312109375]]], [[[-122.892529296875, 48.594482421875], [-123.00283203125, 48.652197265625], [-122.897705078125, 48.710351562499994], [-122.78212890625, 48.672705078125], [-122.892529296875, 48.594482421875]]], [[[-123.13994140624999, 48.507958984374994], [-123.16215820312499, 48.606396484375], [-123.11416015625, 48.61328125], [-123.013134765625, 48.500878906249994], [-123.13994140624999, 48.507958984374994]]], [[[-122.36674804687499, 47.98544921875], [-122.383154296875, 47.923193359375], [-122.74150390624999, 48.22529296875], [-122.62861328125, 48.384228515625], [-122.542431640625, 48.293994140624996], [-122.697021484375, 48.228662109374994], [-122.36674804687499, 47.98544921875]]], [[[-71.39306640625, 41.466748046875], [-71.383984375, 41.570556640625], [-71.3544921875, 41.542285156249996], [-71.39306640625, 41.466748046875]]], [[[-74.25048828125, 39.52939453125], [-74.10673828124999, 39.746435546875], [-74.133203125, 39.68076171875], [-74.25048828125, 39.52939453125]]], [[[-75.37851562499999, 37.8720703125], [-75.097900390625, 38.298095703125], [-75.13623046875, 38.180517578125], [-75.37851562499999, 37.8720703125]]], [[[-76.6078125, 34.66357421875], [-76.67392578124999, 34.700146484375], [-76.622265625, 34.69453125], [-76.6078125, 34.66357421875]]], [[[-81.379052734375, 24.636279296875003], [-81.420068359375, 24.75], [-81.32231445312499, 24.68505859375], [-81.379052734375, 24.636279296875003]]], [[[-80.84833984375, 24.803662109374997], [-80.78520507812499, 24.835253906250003], [-80.786767578125, 24.821044921875], [-80.84833984375, 24.803662109374997]]], [[[-80.66513671874999, 24.8984375], [-80.61459960937499, 24.937939453124997], [-80.63828124999999, 24.90317382812499], [-80.66513671874999, 24.8984375]]], [[[-81.137353515625, 24.710498046875003], [-80.93046874999999, 24.759472656249997], [-80.988916015625, 24.72788085937499], [-81.137353515625, 24.710498046875003]]], [[[-81.46347656249999, 30.727783203125], [-81.484619140625, 30.897851562499994], [-81.41899414062499, 30.971435546875], [-81.46347656249999, 30.727783203125]]], [[[-81.631494140625, 24.590039062499997], [-81.56230468749999, 24.689160156249997], [-81.5322265625, 24.614160156249994], [-81.631494140625, 24.590039062499997]]], [[[-80.17050781249999, 27.204785156249997], [-80.4369140625, 27.850537109374997], [-80.395751953125, 27.79453125], [-80.17050781249999, 27.204785156249997]]], [[[-81.81142578125, 24.557812499999997], [-81.738671875, 24.575439453125], [-81.73974609375, 24.554492187500003], [-81.81142578125, 24.557812499999997]]], [[[-88.943603515625, 29.66025390625], [-88.87265624999999, 29.752978515624996], [-88.889306640625, 29.712597656249997], [-88.943603515625, 29.66025390625]]], [[[-88.65922851562499, 30.2255859375], [-88.7228515625, 30.2642578125], [-88.573974609375, 30.229150390624994], [-88.65922851562499, 30.2255859375]]], [[[-88.159326171875, 30.230908203124997], [-88.31625976562499, 30.240429687499997], [-88.109375, 30.273730468749996], [-88.159326171875, 30.230908203124997]]], [[[-89.220458984375, 30.03759765625], [-89.3419921875, 30.062841796875], [-89.18466796874999, 30.168652343749997], [-89.220458984375, 30.03759765625]]], [[[-88.8556640625, 29.77587890625], [-88.86689453125, 30.05673828125], [-88.81259765624999, 29.933349609375], [-88.8556640625, 29.77587890625]]], [[[-85.008251953125, 29.606640624999997], [-85.11674804687499, 29.6328125], [-84.73715820312499, 29.732421875], [-85.008251953125, 29.606640624999997]]], [[[-122.87675781249999, 47.1861328125], [-122.91191406249999, 47.254345703125], [-122.885107421875, 47.274707031249996], [-122.87675781249999, 47.1861328125]]], [[[-122.509912109375, 47.3580078125], [-122.486474609375, 47.48876953125], [-122.468603515625, 47.489990234375], [-122.509912109375, 47.3580078125]]], [[[-122.575927734375, 47.619482421875], [-122.549755859375, 47.703955078125], [-122.50786132812499, 47.682666015624996], [-122.575927734375, 47.619482421875]]], [[[-122.921630859375, 48.456933593749994], [-122.91220703125, 48.537988281249994], [-122.868896484375, 48.548632812499996], [-122.8208984375, 48.43134765625], [-122.921630859375, 48.456933593749994]]], [[[-68.70170898437499, 44.182666015624996], [-68.70302734375, 44.231982421874996], [-68.6767578125, 44.256201171875], [-68.70170898437499, 44.182666015624996]]]]}}, {"id": "160", "type": "Feature", "properties": {"iso3": "SPM", "name": "St. Pierre and Miquelon"}, "geometry": {"type": "MultiPolygon", "coordinates": [[[[-56.17167968749999, 46.752832031249994], [-56.24326171874999, 46.7671875], [-56.15263671874999, 46.811083984374996], [-56.17167968749999, 46.752832031249994]]], [[[-56.384765625, 46.81943359375], [-56.364648437499994, 47.098974609375], [-56.287353515625, 47.07099609375], [-56.26708984375, 46.8384765625], [-56.384765625, 46.81943359375]]]]}}, {"id": "28", "type": "Feature", "properties": {"iso3": "JEY", "name": "Jersey"}, "geometry": {"type": "Polygon", "coordinates": [[[-2.0099121093749943, 49.180810546874994], [-2.23583984375, 49.1763671875], [-2.2205078124999886, 49.266357421875], [-2.0099121093749943, 49.180810546874994]]]}}, {"id": "29", "type": "Feature", "properties": {"iso3": "GGY", "name": "Guernsey"}, "geometry": {"type": "Polygon", "coordinates": [[[-2.54736328125, 49.4287109375], [-2.6461425781249943, 49.468212890625], [-2.542187499999983, 49.506591796875], [-2.54736328125, 49.4287109375]]]}}, {"id": "136", "type": "Feature", "properties": {"iso3": "ITA", "name": "Italy"}, "geometry": {"type": "MultiPolygon", "coordinates": [[[[7.787890625000017, 45.921826171875], [8.422558593750011, 46.446044921875], [8.458398437500023, 46.245898437499996], [9.023730468750017, 45.845703125], [9.304394531250011, 46.495556640625], [9.528710937500023, 46.306201171874996], [9.939257812500017, 46.36181640625], [10.08056640625, 46.227978515625], [10.087011718750006, 46.599902343749996], [10.4306640625, 46.550048828125], [10.452832031250011, 46.86494140625], [10.993261718750006, 46.777001953124994], [11.244433593750017, 46.97568359375], [12.16943359375, 47.08212890625], [12.388281250000006, 46.70263671875], [13.700000000000017, 46.520263671875], [13.378222656250017, 46.261621093749994], [13.632519531250011, 46.177050781249996], [13.487695312500023, 45.987109374999996], [13.874707031250011, 45.61484375], [13.206347656250017, 45.771386718749994], [12.274316406250023, 45.446044921875], [12.225683593750006, 45.241503906249996], [12.5234375, 44.96796875], [12.248339843750017, 44.722509765625], [12.396289062500017, 44.223876953125], [13.564160156250011, 43.5712890625], [14.010449218750011, 42.68955078125], [14.540722656250011, 42.244287109374994], [15.168750000000017, 41.934033203125], [16.164648437500006, 41.89619140625], [15.900488281250006, 41.512060546875], [17.954980468750023, 40.655175781249994], [18.46064453125001, 40.221044921875], [18.393457031250023, 39.903613281249996], [18.077929687500017, 39.936962890625], [17.865039062500017, 40.280175781249994], [16.92822265625, 40.458056640624996], [16.521875000000023, 39.74755859375], [17.114550781250017, 39.380615234375], [17.174609375000017, 38.998095703124996], [16.61669921875, 38.800146484375], [16.54560546875001, 38.409082031249994], [16.05683593750001, 37.941845703125], [15.724511718750023, 37.939111328124994], [15.64306640625, 38.175390625], [16.2099609375, 38.94111328125], [15.692773437500023, 39.990185546875], [14.950878906250011, 40.239013671875], [14.765722656250006, 40.668408203125], [14.339941406250006, 40.598828125], [14.460546875000006, 40.7287109375], [14.044335937500023, 40.812255859375], [13.7333984375, 41.235644531249996], [13.088671875000017, 41.24384765625], [11.637304687500006, 42.287548828125], [11.103222656250011, 42.4166015625], [11.167773437500017, 42.53515625], [10.514843750000011, 42.967529296875], [10.245800781250011, 43.852099609374996], [10.047656250000017, 44.019970703125], [8.765820312500011, 44.422314453125], [8.004980468750006, 43.876757812499996], [7.4931640625, 43.767138671874996], [7.63720703125, 44.164843749999996], [6.900195312500017, 44.335742187499996], [6.99267578125, 44.827294921874994], [6.634765625, 45.068164062499996], [7.146386718750023, 45.381738281249994], [6.790917968750023, 45.740869140624994], [7.021093750000006, 45.92578125], [7.787890625000017, 45.921826171875]], [[12.438378906250023, 41.906201171875], [12.427539062500017, 41.900732421875], [12.430566406250023, 41.89755859375], [12.438378906250023, 41.906201171875]], [[12.503710937500017, 43.98974609375], [12.396875000000023, 43.9345703125], [12.426367187500006, 43.894091796874996], [12.503710937500017, 43.98974609375]]], [[[10.419335937500023, 42.713183593749996], [10.109765625000023, 42.785058593749994], [10.358984375000006, 42.822314453124996], [10.419335937500023, 42.713183593749996]]], [[[13.86767578125, 40.708740234375], [13.871191406250006, 40.76181640625], [13.962109375000011, 40.739404296874994], [13.86767578125, 40.708740234375]]], [[[11.940625000000011, 36.78037109375], [11.936425781250023, 36.82861328125], [12.024218750000017, 36.820947265624994], [11.940625000000011, 36.78037109375]]], [[[15.099511718750023, 37.45859375], [15.295703125000017, 37.05517578125], [15.112597656250017, 36.687841796875], [14.501855468750023, 36.798681640625], [14.259082031250017, 37.046435546874996], [12.640234375000006, 37.5943359375], [12.435546875, 37.819775390625], [12.734375, 38.183056640625], [12.902734375000023, 38.03486328125], [13.291113281250006, 38.191455078124996], [13.788867187500017, 37.981201171875], [15.634667968750023, 38.267578125], [15.099511718750023, 37.45859375]]], [[[9.805273437500006, 40.499560546874996], [9.642968750000023, 40.268408203125], [9.5625, 39.166015625], [9.056347656250011, 39.239160156249994], [8.966601562500017, 38.963720703125], [8.648535156250006, 38.926562499999996], [8.418164062500011, 39.205712890624994], [8.547753906250023, 39.839208984375], [8.407812500000006, 39.917236328125], [8.471289062500006, 40.29267578125], [8.18994140625, 40.651611328125], [8.224218750000006, 40.913330078125], [8.571875000000006, 40.8501953125], [9.228417968750023, 41.257080078125], [9.615332031250006, 41.01728515625], [9.805273437500006, 40.499560546874996]]], [[[8.421484375000006, 38.968652343749994], [8.358593750000011, 39.098779296874994], [8.366796875000006, 39.11591796875], [8.421484375000006, 38.968652343749994]]], [[[8.252734375000017, 40.994140625], [8.205664062500006, 40.997460937499994], [8.320214843750023, 41.121874999999996], [8.252734375000017, 40.994140625]]]]}}, {"id": "5", "type": "Feature", "properties": {"iso3": "VAT", "name": "Vatican"}, "geometry": {"type": "Polygon", "coordinates": [[[12.430566406250023, 41.89755859375], [12.427539062500017, 41.900732421875], [12.438378906250023, 41.906201171875], [12.430566406250023, 41.89755859375]]]}}, {"id": "129", "type": "Feature", "properties": {"iso3": "-99", "name": "Kosovo"}, "geometry": {"type": "Polygon", "coordinates": [[[20.800585937500017, 43.261083984375], [21.390625, 42.751416015625], [21.75214843750001, 42.651513671874994], [21.5625, 42.247509765625], [20.778125000000017, 42.071044921875], [20.578515625000023, 41.8662109375], [20.485449218750006, 42.223388671875], [20.06396484375, 42.547265624999994], [20.054296875000006, 42.760058593749996], [20.344335937500006, 42.827929687499996], [20.800585937500017, 43.261083984375]]]}}, {"id": "104", "type": "Feature", "properties": {"iso3": "MNE", "name": "Montenegro"}, "geometry": {"type": "Polygon", "coordinates": [[[20.34765625, 42.852783203125], [20.054296875000006, 42.760058593749996], [19.939062500000006, 42.506689453125], [19.65449218750001, 42.628564453124994], [19.280664062500023, 42.17255859375], [19.342382812500006, 41.869091796875], [18.438085937500006, 42.52294921875], [18.5458984375, 42.6416015625], [18.46015625000001, 42.997900390625], [18.85107421875, 43.346337890624994], [19.026660156250017, 43.292431640625], [18.95068359375, 43.526660156249996], [19.1943359375, 43.53330078125], [20.34765625, 42.852783203125]]]}}, {"id": "207", "type": "Feature", "properties": {"iso3": "BGR", "name": "Bulgaria"}, "geometry": {"type": "Polygon", "coordinates": [[[27.53486328125001, 41.920800781249994], [27.24433593750001, 42.09326171875], [26.615332031250006, 41.964892578124996], [26.107421875, 41.72568359375], [26.135351562500006, 41.3857421875], [25.92333984375, 41.311914062499994], [25.25117187500001, 41.243554687499994], [24.487890625000006, 41.555224609374996], [22.916015625, 41.336279296875], [23.00361328125001, 41.73984375], [22.344042968750017, 42.31396484375], [22.523535156250006, 42.440966796874996], [22.466796875, 42.84248046875], [22.976855468750017, 43.18798828125], [22.499121093750006, 43.518847656249996], [22.399023437500006, 43.969531249999996], [22.705078125, 44.23779296875], [23.02851562500001, 44.077978515625], [22.919042968750006, 43.83447265625], [25.4970703125, 43.670800781249994], [26.2158203125, 44.007275390625], [27.0869140625, 44.167382812499994], [28.585351562500023, 43.742236328124996], [28.465429687500006, 43.389306640624994], [28.133691406250023, 43.39560546875], [27.92890625000001, 43.1861328125], [27.88886718750001, 42.74970703125], [27.484765625000023, 42.468066406249996], [28.014453125000017, 41.969042968749996], [27.53486328125001, 41.920800781249994]]]}}, {"id": "107", "type": "Feature", "properties": {"iso3": "MCO", "name": "Monaco"}, "geometry": {"type": "Polygon", "coordinates": [[[7.377734375000017, 43.731738281249996], [7.39501953125, 43.76533203125], [7.438671875000011, 43.750439453125], [7.377734375000017, 43.731738281249996]]]}}, {"id": "211", "type": "Feature", "properties": {"iso3": "BIH", "name": "Bosnia and Herz."}, "geometry": {"type": "Polygon", "coordinates": [[[19.118457031250017, 44.3599609375], [19.583789062500017, 44.04345703125], [19.245019531250023, 43.9650390625], [19.47998046875, 43.595166015625], [18.95068359375, 43.526660156249996], [19.026660156250017, 43.292431640625], [18.85107421875, 43.346337890624994], [18.44384765625, 42.96845703125], [18.5458984375, 42.6416015625], [18.436328125000017, 42.559716796874994], [17.58515625000001, 42.938378906249994], [17.273828125000023, 43.445751953125], [16.300097656250017, 44.12451171875], [16.103417968750023, 44.52099609375], [15.736621093750017, 44.7658203125], [15.822851562500006, 45.202783203124994], [16.293359375000023, 45.008837890624996], [16.91865234375001, 45.2765625], [19.3486328125, 44.880908203124996], [19.118457031250017, 44.3599609375]]]}}, {"id": "68", "type": "Feature", "properties": {"iso3": "SMR", "name": "San Marino"}, "geometry": {"type": "Polygon", "coordinates": [[[12.426367187500006, 43.894091796874996], [12.396875000000023, 43.9345703125], [12.503710937500017, 43.98974609375], [12.426367187500006, 43.894091796874996]]]}}, {"id": "64", "type": "Feature", "properties": {"iso3": "SRB", "name": "Serbia"}, "geometry": {"type": "Polygon", "coordinates": [[[22.093066406250017, 44.541943359375], [22.497656250000006, 44.70625], [22.72089843750001, 44.605517578124996], [22.502343750000023, 44.489599609375], [22.705078125, 44.23779296875], [22.36962890625, 43.781298828124996], [22.554589843750023, 43.454492187499994], [22.976855468750017, 43.18798828125], [22.466796875, 42.84248046875], [22.42207031250001, 42.328857421875], [21.5625, 42.247509765625], [21.7529296875, 42.669824218749994], [21.390625, 42.751416015625], [20.800585937500017, 43.261083984375], [20.344335937500006, 42.827929687499996], [19.21875, 43.449951171875], [19.4951171875, 43.642871093749996], [19.245019531250023, 43.9650390625], [19.583789062500017, 44.04345703125], [19.118457031250017, 44.3599609375], [19.3486328125, 44.880908203124996], [18.995507812500023, 44.90400390625], [19.13691406250001, 45.196240234375], [19.400000000000006, 45.2125], [19.004687500000017, 45.39951171875], [18.83906250000001, 45.835742187499996], [19.53076171875, 46.155175781249994], [20.21015625000001, 46.126025390624996], [20.775000000000006, 45.749804687499996], [20.794042968750006, 45.46787109375], [21.490234375, 45.147900390625], [21.352929687500023, 45.008984375], [21.532324218750006, 44.900683593749996], [21.36005859375001, 44.82666015625], [22.093066406250017, 44.541943359375]]]}}, {"id": "187", "type": "Feature", "properties": {"iso3": "HRV", "name": "Croatia"}, "geometry": {"type": "MultiPolygon", "coordinates": [[[[14.369921875000017, 45.4814453125], [14.56884765625, 45.6572265625], [14.793066406250006, 45.47822265625], [15.339453125000006, 45.467041015625], [15.277050781250011, 45.7326171875], [15.652148437500017, 45.862158203125], [15.608984375000006, 46.171923828124996], [16.227441406250023, 46.372851562499996], [16.321191406250023, 46.534619140625], [17.80712890625, 45.790429687499994], [18.358300781250023, 45.75302734375], [18.905371093750006, 45.93173828125], [19.004687500000017, 45.39951171875], [19.400976562500006, 45.1890625], [19.13691406250001, 45.196240234375], [18.941308593750023, 44.865185546875], [18.66259765625, 45.077441406249996], [16.91865234375001, 45.2765625], [16.293359375000023, 45.008837890624996], [15.7880859375, 45.178955078125], [15.736621093750017, 44.7658203125], [16.103417968750023, 44.52099609375], [16.300097656250017, 44.12451171875], [17.273828125000023, 43.445751953125], [17.58515625000001, 42.938378906249994], [16.903125000000017, 43.392431640625], [15.985546875000011, 43.519775390625], [15.185839843750017, 44.172119140625], [15.122949218750023, 44.256787109375], [15.470996093750017, 44.27197265625], [14.981347656250023, 44.602929687499994], [14.854589843750006, 45.081005859375], [14.550488281250011, 45.297705078125], [14.312695312500011, 45.337792968749994], [13.860742187500023, 44.83740234375], [13.517187500000006, 45.481787109375], [14.369921875000017, 45.4814453125]]], [[[17.093652343750023, 42.96435546875], [17.188281250000017, 42.917041015624996], [16.850683593750006, 42.8955078125], [16.650683593750017, 42.99658203125], [17.093652343750023, 42.96435546875]]], [[[16.67919921875, 43.12314453125], [16.37646484375, 43.213769531249994], [16.521386718750023, 43.229248046875], [17.19404296875001, 43.125781249999996], [16.67919921875, 43.12314453125]]], [[[16.62744140625, 43.26806640625], [16.423144531250017, 43.317236328125], [16.44892578125001, 43.387060546875], [16.89130859375001, 43.3146484375], [16.62744140625, 43.26806640625]]], [[[15.246679687500006, 44.02705078125], [15.065820312500023, 44.157666015625], [15.231054687500006, 44.062304687499996], [15.246679687500006, 44.02705078125]]], [[[14.68701171875, 44.955615234374996], [14.437890625000023, 45.0986328125], [14.571093750000017, 45.224755859374994], [14.810253906250011, 44.97705078125], [14.68701171875, 44.955615234374996]]], [[[14.856640625000011, 44.71484375], [14.660351562500011, 44.7998046875], [14.754199218750017, 44.84482421875], [14.856640625000011, 44.71484375]]], [[[14.912792968750011, 44.48583984375], [14.741894531250011, 44.69736328125], [15.239941406250011, 44.3501953125], [14.912792968750011, 44.48583984375]]], [[[15.135839843750006, 43.907275390624996], [14.865039062500017, 44.16796875], [14.952539062500023, 44.1171875], [15.135839843750006, 43.907275390624996]]], [[[15.437207031250011, 43.89951171875], [15.27001953125, 44.0107421875], [15.371386718750017, 43.973828125], [15.437207031250011, 43.89951171875]]], [[[14.312402343750023, 44.900390625], [14.331250000000011, 45.164990234375], [14.467382812500006, 44.97021484375], [14.488085937500017, 44.660058593749994], [14.312402343750023, 44.900390625]]], [[[17.744238281250006, 42.700341796874994], [17.344140625000023, 42.790380859375], [17.431933593750017, 42.800390625], [17.744238281250006, 42.700341796874994]]], [[[18.517480468750023, 42.432910156249996], [17.04541015625, 43.014892578125], [17.80195312500001, 42.902246093749994], [18.517480468750023, 42.432910156249996]]]]}}, {"id": "226", "type": "Feature", "properties": {"iso3": "HMD", "name": "Heard I. and McDonald Is."}, "geometry": {"type": "Polygon", "coordinates": [[[73.46513671875002, -53.184179687500006], [73.25117187500001, -52.97578125000001], [73.83779296875002, -53.11279296875], [73.46513671875002, -53.184179687500006]]]}}, {"id": "224", "type": "Feature", "properties": {"iso3": "AUS", "name": "Australia"}, "geometry": {"type": "MultiPolygon", "coordinates": [[[[143.11025390625002, -12.303515625000003], [143.4015625, -12.639941406250003], [143.75634765625, -14.348828125000011], [143.96181640625002, -14.462890625], [144.47304687500002, -14.231835937500009], [145.28769531250003, -14.943164062500003], [145.42607421875005, -16.40615234375001], [145.912109375, -16.91250000000001], [146.12587890625002, -17.63525390625], [146.0322265625, -18.27285156250001], [146.333203125, -18.5537109375], [146.38339843750003, -18.97705078125], [147.13876953125003, -19.393164062500006], [147.41855468750003, -19.37812500000001], [147.7423828125, -19.770117187500006], [148.75937500000003, -20.28955078125], [148.884765625, -20.48085937500001], [148.68369140625003, -20.580175781250006], [149.4541015625, -21.578710937500006], [149.70390625000005, -22.440527343750006], [149.97441406250005, -22.55068359375001], [150.02060546875003, -22.16835937500001], [150.54130859375005, -22.55908203125], [150.62285156250005, -22.367285156250006], [150.84316406250002, -23.4580078125], [151.15380859375, -23.78408203125001], [151.83164062500003, -24.12294921875001], [152.91347656250002, -25.43212890625], [152.92050781250003, -25.688574218750006], [153.16494140625002, -25.964160156250003], [153.11679687500003, -27.194433593750006], [153.61689453125, -28.67304687500001], [153.03056640625005, -30.56337890625001], [152.94394531250003, -31.434863281250003], [152.47041015625, -32.439062500000006], [151.81289062500002, -32.90107421875001], [151.29208984375003, -33.58095703125001], [151.2802734375, -33.92666015625001], [150.8712890625, -34.499121093750006], [150.80458984375002, -35.01289062500001], [150.1953125, -35.833593750000006], [149.93271484375003, -37.52851562500001], [149.48085937500002, -37.77119140625001], [147.87675781250005, -37.934179687500006], [146.85683593750002, -38.663476562499994], [146.21748046875, -38.727441406249994], [146.33662109375, -38.89423828125001], [146.46660156250005, -38.84033203125], [146.40000000000003, -39.1455078125], [146.1583984375, -38.86572265625], [145.93535156250005, -38.901757812499994], [145.79082031250005, -38.6669921875], [145.39726562500005, -38.53535156250001], [145.5421875, -38.39384765625002], [145.47578125, -38.243750000000006], [145.29277343750005, -38.23759765625002], [144.95957031250003, -38.50078125000002], [144.7177734375, -38.34033203125], [144.91142578125005, -38.34404296875002], [145.11992187500005, -38.09130859375], [144.89130859375, -37.89980468750001], [144.3955078125, -38.13691406250001], [144.665234375, -38.2099609375], [143.53896484375002, -38.820898437500006], [142.45585937500005, -38.386328125000006], [141.42421875000002, -38.36347656250001], [140.39042968750005, -37.89667968750001], [139.78427734375003, -37.24580078125001], [139.85732421875002, -36.662109375], [139.72900390625, -36.37138671875], [138.9689453125, -35.58076171875001], [139.28945312500002, -35.611328125], [139.28251953125005, -35.37539062500001], [138.52187500000002, -35.6423828125], [138.18437500000005, -35.61269531250001], [138.51113281250002, -35.0244140625], [138.08925781250002, -34.16982421875001], [137.69169921875005, -35.14296875000001], [136.88359375000005, -35.23974609375], [137.01425781250003, -34.9158203125], [137.39101562500002, -34.91328125000001], [137.49384765625, -34.1611328125], [137.9318359375, -33.5791015625], [137.85234375000005, -33.200781250000006], [137.99257812500002, -33.09423828125], [137.783203125, -32.578125], [137.79091796875002, -32.8232421875], [137.2373046875, -33.629492187500006], [136.4306640625, -34.02998046875001], [135.89101562500002, -34.6609375], [135.9697265625, -34.98183593750001], [135.64755859375003, -34.93964843750001], [135.123046875, -34.5857421875], [135.45000000000005, -34.5810546875], [135.2189453125, -33.959765625], [134.71904296875005, -33.25517578125], [134.30126953125, -33.1650390625], [134.10039062500005, -32.748632812500006], [134.23417968750005, -32.54853515625001], [133.66533203125005, -32.20722656250001], [132.75742187500003, -31.95625000000001], [132.21464843750005, -32.00712890625], [131.14365234375003, -31.495703125000006], [128.94619140625002, -31.70263671875], [127.31982421875, -32.26406250000001], [125.91718750000001, -32.296972656250006], [124.24375000000003, -33.015234375000006], [123.5068359375, -33.91621093750001], [122.15097656250003, -33.991796875000006], [121.40507812499999, -33.826757812500006], [119.85410156250003, -33.974707031250006], [119.45058593750002, -34.368261718750006], [118.89531249999999, -34.47988281250001], [117.86308593749999, -35.05498046875], [116.51718750000003, -34.987890625000006], [115.0087890625, -34.255859375], [114.99384765625001, -33.51533203125001], [115.35878906250002, -33.63994140625], [115.68300781250002, -33.19287109375], [115.69843750000001, -31.69453125000001], [115.07792968749999, -30.56044921875001], [114.85683593750002, -29.14296875000001], [114.16513671875003, -28.080664062500006], [114.02812499999999, -27.347265625000006], [113.18476562500001, -26.182226562500006], [113.3232421875, -26.24384765625001], [113.35605468750003, -26.08046875000001], [113.58164062500003, -26.55810546875], [113.83642578125, -26.500585937500006], [113.45136718750001, -25.59912109375], [113.71308593750001, -25.83076171875001], [113.72373046875003, -26.12978515625001], [113.85390625000002, -26.014453125000003], [113.99199218749999, -26.32148437500001], [114.21572265625002, -26.28945312500001], [114.21425781250002, -25.8515625], [113.41767578125001, -24.435644531250006], [113.48984375000003, -23.86962890625], [113.75703125000001, -23.41816406250001], [113.68281250000001, -22.637792968750006], [114.02285156250002, -21.881445312500006], [114.12392578125002, -21.82861328125], [114.1416015625, -22.48310546875001], [114.70927734374999, -21.82343750000001], [116.70673828125001, -20.65380859375], [117.40625, -20.72119140625], [118.75146484375, -20.26191406250001], [119.1044921875, -19.99531250000001], [119.5859375, -20.03828125000001], [120.99794921875002, -19.60439453125001], [121.33769531249999, -19.319921875000006], [121.83378906249999, -18.47705078125], [122.34541015625001, -18.111914062500006], [122.1474609375, -17.54902343750001], [122.26093750000001, -17.1357421875], [122.970703125, -16.436816406250003], [123.56308593750003, -17.52089843750001], [123.59355468749999, -17.030371093750006], [123.8310546875, -17.12080078125001], [123.87441406250002, -16.91865234375001], [123.49042968750001, -16.49072265625], [123.60703125000003, -16.22402343750001], [123.85917968749999, -16.38232421875], [124.04443359375, -16.264941406250003], [124.77197265625, -16.402636718750003], [124.40488281250003, -16.298925781250006], [124.64853515625003, -15.870214843750006], [124.50429687500002, -15.972460937500003], [124.38164062499999, -15.758203125000009], [124.43955078125003, -15.493554687500009], [124.56162109375003, -15.496289062500011], [124.69257812500001, -15.273632812500011], [125.06298828125, -15.442285156250009], [124.83906250000001, -15.160742187500006], [125.03818359375003, -15.004101562500011], [125.35566406250001, -15.119824218750011], [125.1787109375, -14.714746093750009], [125.57978515625001, -14.483203125000003], [125.62773437499999, -14.256640625000003], [125.66162109375, -14.529492187500011], [125.81953125000001, -14.469140625000009], [125.890625, -14.617968750000003], [126.02070312500001, -14.494531250000009], [126.05390625000001, -13.977246093750011], [126.25849609375001, -14.16357421875], [126.40312499999999, -14.018945312500009], [126.56972656250002, -14.160937500000003], [126.90322265625002, -13.744140625], [127.45761718750003, -14.031445312500011], [128.1994140625, -14.751757812500003], [128.06943359375003, -15.329296875000011], [128.25468750000005, -15.298535156250011], [128.175, -15.043164062500011], [128.57578125000003, -14.774511718750006], [129.05820312500003, -14.884375000000006], [129.2158203125, -15.160253906250006], [129.267578125, -14.871484375000009], [129.634765625, -15.139746093750006], [129.63710937500002, -14.850976562500009], [129.84873046875003, -14.828906250000003], [129.37871093750005, -14.392480468750009], [129.8388671875, -13.572949218750011], [130.259765625, -13.30224609375], [130.1681640625, -12.957421875000009], [130.61748046875005, -12.646875000000009], [130.62265625000003, -12.431054687500009], [130.8673828125, -12.557812500000011], [130.87382812500005, -12.3671875], [131.29160156250003, -12.06787109375], [131.43828125000005, -12.276953125000006], [132.25322265625005, -12.18603515625], [132.41103515625002, -12.295117187500011], [132.71279296875002, -12.123437500000009], [132.67421875000002, -11.649023437500006], [131.8224609375, -11.302441406250011], [131.96152343750003, -11.180859375000011], [132.15546875, -11.311132812500006], [132.333984375, -11.223535156250009], [132.6828125, -11.505566406250011], [132.96103515625003, -11.407324218750006], [133.18525390625, -11.705664062500006], [134.41738281250002, -12.052734375], [134.73027343750005, -11.984375], [135.02968750000002, -12.193750000000009], [135.92246093750003, -11.825781250000006], [135.70439453125005, -12.209863281250009], [136.00849609375, -12.19140625], [136.08183593750005, -12.422460937500006], [136.26064453125002, -12.433789062500011], [136.27011718750003, -12.131640625000003], [136.540234375, -11.957617187500006], [136.9474609375, -12.349902343750003], [136.53701171875002, -12.784277343750006], [136.46103515625003, -13.225195312500006], [136.294140625, -13.137988281250003], [135.92734375000003, -13.304296875000006], [135.95449218750002, -13.934863281250003], [135.40517578125002, -14.758203125000009], [135.4533203125, -14.923144531250003], [136.29140625000002, -15.570117187500003], [136.70488281250005, -15.685253906250011], [136.78466796875, -15.894238281250011], [137.70371093750003, -16.233007812500006], [138.24501953125002, -16.718359375000006], [139.00986328125003, -16.89931640625001], [139.24843750000002, -17.32861328125], [140.03583984375, -17.70263671875], [140.51113281250002, -17.62451171875], [140.83046875000002, -17.41445312500001], [141.41191406250005, -16.06953125000001], [141.62548828125, -15.056640625], [141.47255859375002, -13.797558593750011], [141.61357421875005, -12.943457031250006], [141.92978515625003, -12.739843750000006], [141.68857421875003, -12.35107421875], [141.87050781250002, -11.9755859375], [141.9611328125, -12.054296875000006], [142.16835937500002, -10.946582031250003], [142.45644531250002, -10.707324218750003], [142.77968750000002, -11.115332031250006], [142.87255859375, -11.821386718750006], [143.17890625, -11.954492187500009], [143.11025390625002, -12.303515625000003]]], [[[153.0380859375, -25.193164062500003], [153.25693359375003, -24.72890625000001], [153.35019531250003, -25.063085937500006], [153.07744140625005, -25.750781250000003], [153.0380859375, -25.193164062500003]]], [[[139.43056640625002, -16.66103515625001], [139.15957031250002, -16.74169921875], [139.29296875, -16.46728515625], [139.587890625, -16.39521484375001], [139.69775390625, -16.514941406250003], [139.43056640625002, -16.66103515625001]]], [[[136.8908203125, -13.78662109375], [136.7453125, -14.072656250000009], [136.95078125000003, -14.184277343750011], [136.89433593750005, -14.293066406250006], [136.33544921875, -14.211816406250009], [136.42470703125002, -13.864843750000006], [136.65566406250002, -13.675878906250006], [136.8908203125, -13.78662109375]]], [[[130.60625000000005, -11.816601562500011], [130.04326171875005, -11.787304687500011], [130.294921875, -11.336816406250009], [130.60625000000005, -11.816601562500011]]], [[[131.26826171875, -11.189843750000009], [131.53857421875, -11.436914062500009], [130.95097656250005, -11.926464843750011], [130.5119140625, -11.617871093750011], [130.38457031250005, -11.192187500000003], [130.61884765625, -11.376074218750006], [131.26826171875, -11.189843750000009]]], [[[112.96425781250002, -25.78310546875001], [112.94707031249999, -25.531542968750003], [112.982421875, -25.52021484375001], [113.18300781250002, -26.05312500000001], [112.96425781250002, -25.78310546875001]]], [[[138.12343750000002, -35.85234375], [137.4484375, -36.074804687500006], [136.54062500000003, -35.89013671875], [137.33408203125003, -35.59248046875001], [138.12343750000002, -35.85234375]]], [[[145.33583984375002, -38.420996093750006], [145.2802734375, -38.390625], [145.29531250000002, -38.318945312500006], [145.4865234375, -38.354882812499994], [145.33583984375002, -38.420996093750006]]], [[[145.35507812500003, -38.557031249999994], [145.12841796875, -38.52763671875002], [145.2177734375, -38.458593750000006], [145.35507812500003, -38.557031249999994]]], [[[148.93886718750002, -20.28369140625], [148.98105468750003, -20.15351562500001], [149.04531250000002, -20.27753906250001], [148.93886718750002, -20.28369140625]]], [[[148.8869140625, -20.1435546875], [148.96787109375003, -20.04433593750001], [148.95625, -20.13466796875001], [148.8869140625, -20.1435546875]]], [[[151.24013671875002, -23.52968750000001], [151.23828125, -23.77578125000001], [151.03330078125003, -23.53017578125001], [151.24013671875002, -23.52968750000001]]], [[[150.46240234375, -22.307714843750006], [150.4884765625, -22.210742187500003], [150.548828125, -22.306933593750003], [150.46240234375, -22.307714843750006]]], [[[149.86953125000002, -22.150390625], [149.9123046875, -22.04873046875001], [149.9279296875, -22.14931640625001], [149.86953125000002, -22.150390625]]], [[[153.45273437500003, -27.711718750000003], [153.42656250000005, -27.70644531250001], [153.43544921875002, -27.405371093750006], [153.53876953125, -27.43642578125001], [153.45273437500003, -27.711718750000003]]], [[[153.36503906250005, -27.13886718750001], [153.43232421875, -27.029882812500006], [153.466796875, -27.0380859375], [153.44248046875003, -27.316015625000006], [153.36503906250005, -27.13886718750001]]], [[[142.19140625, -10.762011718750003], [142.1310546875, -10.640625], [142.19794921875, -10.591992187500011], [142.19140625, -10.762011718750003]]], [[[142.27939453125003, -10.254199218750003], [142.19511718750005, -10.199316406250006], [142.29873046875002, -10.140429687500003], [142.27939453125003, -10.254199218750003]]], [[[142.09765625, -10.121777343750011], [142.14882812500002, -10.0517578125], [142.19199218750003, -10.085253906250003], [142.09765625, -10.121777343750011]]], [[[146.3419921875, -18.40009765625001], [146.298828125, -18.48476562500001], [146.098828125, -18.251757812500003], [146.2783203125, -18.231250000000003], [146.3419921875, -18.40009765625001]]], [[[136.5265625, -11.438867187500009], [136.7802734375, -11.012500000000003], [136.74140625, -11.194628906250003], [136.5265625, -11.438867187500009]]], [[[136.18027343750003, -11.6767578125], [136.47929687500005, -11.465917968750006], [136.47050781250005, -11.50927734375], [136.18027343750003, -11.6767578125]]], [[[136.94267578125005, -15.711718750000003], [137.00957031250005, -15.594824218750006], [137.09365234375002, -15.778125000000003], [136.94267578125005, -15.711718750000003]]], [[[136.84560546875002, -15.544042968750006], [136.87685546875002, -15.502539062500006], [136.89023437500003, -15.5888671875], [136.84560546875002, -15.544042968750006]]], [[[136.51425781250003, -15.627343750000009], [136.52255859375003, -15.543164062500011], [136.6123046875, -15.544140625000011], [136.51425781250003, -15.627343750000009]]], [[[139.408203125, -17.090625000000003], [139.49277343750003, -16.99042968750001], [139.57089843750003, -17.09443359375001], [139.408203125, -17.090625000000003]]], [[[136.12265625000003, -13.816601562500011], [136.21542968750003, -13.664746093750011], [136.275390625, -13.791113281250006], [136.12265625000003, -13.816601562500011]]], [[[132.48378906250002, -11.037304687500011], [132.57880859375, -10.968847656250006], [132.6291015625, -11.169140625000011], [132.59335937500003, -11.302832031250006], [132.48378906250002, -11.037304687500011]]], [[[125.09121093750002, -14.591699218750009], [125.15996093749999, -14.4560546875], [125.19882812500003, -14.579492187500009], [125.09121093750002, -14.591699218750009]]], [[[124.52421874999999, -15.421484375000006], [124.51933593749999, -15.267480468750009], [124.60507812500003, -15.356542968750006], [124.52421874999999, -15.421484375000006]]], [[[115.38808593750002, -20.866015625000003], [115.31806640625001, -20.8505859375], [115.4345703125, -20.66796875], [115.38808593750002, -20.866015625000003]]], [[[146.31748046875003, -41.163476562499994], [146.84814453125, -41.168066406250006], [146.98984375000003, -40.99238281250001], [147.45478515625, -41.00166015625001], [147.96875, -40.77958984375002], [148.21523437500002, -40.854882812499994], [148.34257812500005, -42.21533203125], [148.21367187500005, -41.97001953125002], [148.02275390625005, -42.25947265625001], [147.98085937500002, -43.15703125000002], [147.78583984375, -43.22001953125002], [147.64794921875, -43.020605468750006], [147.8, -42.928124999999994], [147.57382812500003, -42.845703125], [147.45234375, -43.03339843750001], [147.29794921875003, -42.790917968749994], [147.24501953125002, -43.215917968750006], [146.99697265625002, -43.156347656250006], [147.07734375, -43.27587890625], [146.87392578125002, -43.61250000000001], [146.0431640625, -43.54716796875002], [145.99443359375005, -43.376074218750006], [146.2080078125, -43.31621093750002], [145.8732421875, -43.292382812499994], [145.48759765625005, -42.926660156249994], [145.19882812500003, -42.230859374999994], [145.46826171875, -42.49287109375001], [145.5166015625, -42.3544921875], [145.23486328125, -42.19697265625001], [144.76611328125, -41.390039062499994], [144.71855468750005, -40.672265624999994], [146.31748046875003, -41.163476562499994]]], [[[143.83857421875, -39.90410156250002], [144.00078125000005, -39.580175781250006], [144.14101562500002, -39.95380859375001], [143.9279296875, -40.116113281249994], [143.83857421875, -39.90410156250002]]], [[[148.29736328125, -39.985742187499994], [148.31357421875003, -40.17353515625001], [148.1056640625, -40.262109374999994], [147.76718750000003, -39.87031250000001], [147.93300781250002, -39.725976562499994], [148.29736328125, -39.985742187499994]]], [[[147.30888671875005, -43.50078125000002], [147.10498046875, -43.43115234375], [147.28388671875, -43.278906250000006], [147.30888671875005, -43.50078125000002]]], [[[148.02968750000002, -42.71484375], [148.07255859375005, -42.593164062499994], [148.16953125000003, -42.651757812499994], [148.02968750000002, -42.71484375]]], [[[147.29609375, -43.161718750000006], [147.3525390625, -43.08027343750001], [147.39726562500005, -43.118261718750006], [147.4345703125, -43.24072265625], [147.29609375, -43.161718750000006]]], [[[144.748046875, -40.589453125000006], [144.71015625, -40.485253906249994], [144.7833984375, -40.43486328125002], [144.748046875, -40.589453125000006]]], [[[148.40400390625, -40.48652343750001], [148.01044921875, -40.38056640625001], [148.32626953125003, -40.30693359375002], [148.40400390625, -40.48652343750001]]], [[[148.18779296875005, -40.59257812500002], [148.11728515625003, -40.521484375], [148.19316406250005, -40.50312500000001], [148.18779296875005, -40.59257812500002]]], [[[158.84521484375, -54.74921875000001], [158.95888671875002, -54.47236328125001], [158.94560546875005, -54.57500000000002], [158.84521484375, -54.74921875000001]]]]}}, {"id": "227", "type": "Feature", "properties": {"iso3": "NFK", "name": "Norfolk Island"}, "geometry": {"type": "Polygon", "coordinates": [[[167.9904296875, -29.042089843750006], [167.96074218750005, -29.096289062500006], [167.9142578125, -29.06191406250001], [167.9904296875, -29.042089843750006]]]}}, {"id": "165", "type": "Feature", "properties": {"iso3": "NCL", "name": "New Caledonia"}, "geometry": {"type": "MultiPolygon", "coordinates": [[[[165.19179687500002, -20.768847656250003], [165.66279296875, -21.267187500000006], [166.9423828125, -22.090136718750003], [166.97031250000003, -22.322851562500006], [166.46796875, -22.25605468750001], [164.92744140625, -21.289843750000003], [164.04052734375, -20.1728515625], [165.19179687500002, -20.768847656250003]]], [[[167.44375000000002, -22.63916015625], [167.44345703125003, -22.54140625000001], [167.5294921875, -22.579199218750006], [167.44375000000002, -22.63916015625]]], [[[159.92822265625, -19.17431640625], [159.95986328125002, -19.11464843750001], [159.97509765625, -19.23828125], [159.92822265625, -19.17431640625]]], [[[168.13906250000002, -21.44521484375001], [168.12070312500003, -21.615820312500006], [167.966796875, -21.6416015625], [167.8154296875, -21.392675781250006], [168.13906250000002, -21.44521484375001]]], [[[166.49355468750002, -20.708593750000006], [166.62470703125, -20.418261718750003], [166.67080078125002, -20.4501953125], [166.49355468750002, -20.708593750000006]]], [[[167.07265625000002, -20.99726562500001], [167.189453125, -20.803515625000003], [167.05576171875003, -20.72021484375], [167.29794921875003, -20.732519531250006], [167.40087890625, -21.16064453125], [167.07265625000002, -20.99726562500001]]]]}}, {"id": "6", "type": "Feature", "properties": {"iso3": "VUT", "name": "Vanuatu"}, "geometry": {"type": "MultiPolygon", "coordinates": [[[[166.81015625000003, -15.157421875000011], [167.07558593750002, -14.935644531250006], [167.20078125000003, -15.443066406250011], [167.0939453125, -15.580859375000003], [166.75830078125, -15.631152343750003], [166.6310546875, -15.406054687500003], [166.5673828125, -14.641796875000011], [166.81015625000003, -15.157421875000011]]], [[[167.68134765625, -16.260546875000003], [167.83662109375, -16.44970703125], [167.44931640625003, -16.554980468750003], [167.34921875000003, -16.15449218750001], [167.15146484375003, -16.08046875000001], [167.19951171875005, -15.885058593750003], [167.68134765625, -16.260546875000003]]], [[[168.46015625, -16.835058593750006], [168.18144531250005, -16.804003906250003], [168.19921875, -16.593847656250006], [168.46015625, -16.835058593750006]]], [[[168.0216796875, -16.31562500000001], [167.92900390625005, -16.22871093750001], [168.16386718750005, -16.081640625000006], [168.29667968750005, -16.336523437500006], [168.0216796875, -16.31562500000001]]], [[[168.524609375, -17.79804687500001], [168.158203125, -17.710546875000006], [168.27314453125, -17.55224609375], [168.44580078125, -17.54218750000001], [168.524609375, -17.79804687500001]]], [[[167.84423828125, -15.481835937500009], [167.67421875000002, -15.451562500000009], [167.82626953125003, -15.31201171875], [168.00253906250003, -15.283203125], [167.84423828125, -15.481835937500009]]], [[[168.12285156250005, -15.680859375000011], [168.15996093750005, -15.461816406250009], [168.2677734375, -15.892285156250011], [168.12285156250005, -15.680859375000011]]], [[[168.171875, -15.390625], [168.11494140625, -14.988574218750003], [168.18691406250002, -15.196875000000006], [168.171875, -15.390625]]], [[[167.0947265625, -15.685253906250011], [167.11904296875002, -15.62255859375], [167.234375, -15.64501953125], [167.0947265625, -15.685253906250011]]], [[[167.43027343750003, -14.294921875], [167.41074218750003, -14.197460937500011], [167.50644531250003, -14.142187500000006], [167.58486328125002, -14.260937500000011], [167.43027343750003, -14.294921875]]], [[[167.391796875, -13.788378906250003], [167.48105468750003, -13.70947265625], [167.55351562500005, -13.81396484375], [167.48886718750003, -13.9072265625], [167.391796875, -13.788378906250003]]], [[[169.86113281250005, -20.241796875000006], [169.7375, -20.2021484375], [169.82949218750002, -20.14472656250001], [169.86113281250005, -20.241796875000006]]], [[[169.34726562500003, -19.62353515625], [169.24746093750002, -19.3447265625], [169.33671875000005, -19.32929687500001], [169.49130859375003, -19.540136718750006], [169.34726562500003, -19.62353515625]]], [[[168.98691406250003, -18.87128906250001], [169.0158203125, -18.64375000000001], [169.14384765625005, -18.63105468750001], [169.33437500000002, -18.940234375000003], [168.98691406250003, -18.87128906250001]]]]}}, {"id": "228", "type": "Feature", "properties": {"iso3": "AUS", "name": "Ashmore and Cartier Is."}, "geometry": {"type": "Polygon", "coordinates": [[[123.59521484375, -12.435937500000009], [123.57314453125002, -12.434179687500006], [123.57246093750001, -12.423925781250006], [123.59521484375, -12.435937500000009]]]}}, {"id": "225", "type": "Feature", "properties": {"iso3": "AUS", "name": "Indian Ocean Ter."}, "geometry": {"type": "MultiPolygon", "coordinates": [[[[105.69687500000003, -10.564160156250011], [105.58408203125003, -10.512500000000003], [105.70546875000002, -10.4306640625], [105.69687500000003, -10.564160156250011]]], [[[96.87363281250003, -12.187695312500011], [96.83486328125002, -12.1796875], [96.82587890625001, -12.126171875000011], [96.87363281250003, -12.187695312500011]]], [[[96.89296875000002, -12.187207031250011], [96.92050781250003, -12.161523437500009], [96.92529296875, -12.173242187500009], [96.89296875000002, -12.187207031250011]]]]}}, {"id": "58", "type": "Feature", "properties": {"iso3": "SLB", "name": "Solomon Is."}, "geometry": {"type": "MultiPolygon", "coordinates": [[[[159.56923828125002, -8.484765625000009], [159.55322265625, -8.399218750000003], [159.6416015625, -8.414453125000009], [159.56923828125002, -8.484765625000009]]], [[[166.80595703125005, -11.677343750000006], [166.74746093750002, -11.5908203125], [166.85546875, -11.578808593750011], [166.92919921875, -11.665136718750006], [166.80595703125005, -11.677343750000006]]], [[[165.90400390625, -10.851464843750009], [165.791015625, -10.784765625000006], [166.02382812500002, -10.6611328125], [166.162109375, -10.693066406250011], [165.90400390625, -10.851464843750009]]], [[[160.44306640625, -11.81494140625], [159.986328125, -11.494726562500006], [160.57626953125003, -11.7978515625], [160.44306640625, -11.81494140625]]], [[[161.55380859375003, -9.769726562500011], [161.40976562500003, -9.681640625], [161.36416015625002, -9.353417968750009], [161.55380859375003, -9.769726562500011]]], [[[159.07109375000005, -9.109667968750003], [159.036328125, -9.075000000000003], [159.12978515625002, -8.993066406250009], [159.18857421875003, -9.12353515625], [159.07109375000005, -9.109667968750003]]], [[[160.25351562500003, -9.00732421875], [160.40751953125005, -9.140332031250011], [160.27597656250003, -9.168652343750011], [160.10537109375002, -9.080761718750011], [160.25351562500003, -9.00732421875]]], [[[157.8193359375, -8.612011718750011], [157.55800781250002, -8.269921875000009], [157.21757812500005, -8.262792968750006], [157.49062500000002, -7.9657226562500085], [157.76347656250005, -8.2421875], [157.8193359375, -8.612011718750011]]], [[[158.15537109375003, -8.785937500000003], [158.2099609375, -8.678125000000009], [158.25341796875, -8.79736328125], [158.15537109375003, -8.785937500000003]]], [[[157.93759765625003, -8.736425781250006], [157.90927734375003, -8.565625000000011], [158.10546875, -8.536816406250011], [157.93759765625003, -8.736425781250006]]], [[[157.21230468750002, -8.565039062500006], [157.37949218750003, -8.4208984375], [157.3322265625, -8.650683593750003], [157.21230468750002, -8.565039062500006]]], [[[156.5109375, -7.707812500000003], [156.56093750000002, -7.574023437500003], [156.80908203125, -7.722851562500011], [156.68789062500002, -7.923046875000011], [156.5109375, -7.707812500000003]]], [[[156.53964843750003, -8.072949218750011], [156.5703125, -7.958789062500003], [156.61240234375003, -8.09619140625], [156.53964843750003, -8.072949218750011]]], [[[156.95830078125005, -8.014355468750011], [157.02412109375, -7.867871093750011], [157.18613281250003, -7.941210937500003], [157.171875, -8.108105468750011], [156.95830078125005, -8.014355468750011]]], [[[155.73935546875003, -7.12109375], [155.67753906250005, -7.088964843750006], [155.73896484375, -6.972949218750003], [155.86464843750002, -7.043261718750003], [155.73935546875003, -7.12109375]]], [[[157.58583984375002, -8.783105468750009], [157.45351562500002, -8.705957031250009], [157.579296875, -8.703710937500006], [157.58583984375002, -8.783105468750009]]], [[[159.97060546875002, -9.433300781250011], [160.35458984375003, -9.421582031250011], [160.81894531250003, -9.86279296875], [159.802734375, -9.763476562500003], [159.6123046875, -9.470703125], [159.75039062500002, -9.272656250000011], [159.97060546875002, -9.433300781250011]]], [[[158.94404296875, -8.040722656250011], [158.45742187500002, -7.544726562500003], [159.43144531250005, -8.029003906250011], [159.84306640625005, -8.326953125000003], [159.8791015625, -8.534277343750006], [158.94404296875, -8.040722656250011]]], [[[157.1015625, -7.3236328125000085], [156.45253906250002, -6.638281250000006], [157.0302734375, -6.8919921875000085], [157.48671875000002, -7.330371093750003], [157.1015625, -7.3236328125000085]]], [[[160.99765625000003, -8.612011718750011], [160.9443359375, -8.799023437500011], [161.15869140625, -8.961816406250009], [161.3673828125, -9.611230468750009], [160.77207031250003, -8.9638671875], [160.59042968750003, -8.372753906250011], [160.74941406250002, -8.31396484375], [160.99765625000003, -8.612011718750011]]], [[[162.10537109375002, -10.453808593750011], [162.37333984375005, -10.8232421875], [161.78681640625, -10.716894531250006], [161.30478515625003, -10.204394531250003], [162.10537109375002, -10.453808593750011]]]]}}, {"id": "41", "type": "Feature", "properties": {"iso3": "TLS", "name": "Timor-Leste"}, "geometry": {"type": "MultiPolygon", "coordinates": [[[[125.57949218750002, -8.311816406250003], [125.50712890624999, -8.275097656250011], [125.58408203125003, -8.178613281250009], [125.57949218750002, -8.311816406250003]]], [[[124.96015625000001, -9.213769531250009], [125.14902343750003, -9.042578125000006], [124.92226562500002, -8.942480468750006], [125.17802734374999, -8.647851562500009], [126.96640625000003, -8.315722656250003], [127.29609375000001, -8.424511718750011], [125.06816406249999, -9.511914062500011], [124.96015625000001, -9.213769531250009]]], [[[124.19814453125002, -9.256152343750003], [124.44443359375003, -9.190332031250009], [124.28232421875003, -9.427929687500011], [124.03632812500001, -9.341601562500003], [124.19814453125002, -9.256152343750003]]]]}}, {"id": "240", "type": "Feature", "properties": {"iso3": "TUV", "name": "Tuvalu"}, "geometry": {"type": "Polygon", "coordinates": [[[179.19570312500002, -8.534765625000006], [179.20302734375002, -8.46630859375], [179.21660156250005, -8.514843750000011], [179.19570312500002, -8.534765625000006]]]}}, {"id": "166", "type": "Feature", "properties": {"iso3": "ATF", "name": "Fr. S. Antarctic Lands"}, "geometry": {"type": "MultiPolygon", "coordinates": [[[[69.5927734375, -48.97099609375002], [69.64404296875, -49.11738281250001], [69.40507812500002, -49.181738281250006], [69.54238281250002, -49.25566406250002], [70.32021484375002, -49.05859375], [70.55546875000002, -49.20146484375002], [70.38613281250002, -49.433984374999994], [69.75996093750001, -49.43017578125], [70.30712890625, -49.58349609375], [70.12431640625002, -49.70439453125002], [69.15312500000002, -49.529687499999994], [68.81474609375002, -49.699609374999994], [68.8833984375, -49.164941406249994], [68.76953125, -49.06591796875], [69.00244140625, -48.661230468750006], [69.13613281250002, -48.86103515625001], [69.05214843750002, -49.081933593749994], [69.18486328125002, -49.10957031250001], [69.5927734375, -48.97099609375002]]], [[[69.22060546875002, -49.066796874999994], [69.16718750000001, -48.882910156250006], [69.36875, -48.89042968750002], [69.22060546875002, -49.066796874999994]]], [[[51.69658203125002, -46.428124999999994], [51.659277343750006, -46.373632812500006], [51.74189453125001, -46.32685546875001], [51.834570312500006, -46.43994140625], [51.69658203125002, -46.428124999999994]]]]}}, {"id": "123", "type": "Feature", "properties": {"iso3": "LSO", "name": "Lesotho"}, "geometry": {"type": "Polygon", "coordinates": [[[28.39208984375, -30.147558593750006], [28.05683593750001, -30.63105468750001], [27.75312500000001, -30.60000000000001], [27.388476562500017, -30.31591796875], [27.056933593750017, -29.625585937500006], [27.73554687500001, -28.940039062500006], [28.625781250000017, -28.58173828125001], [29.390722656250006, -29.26972656250001], [29.098046875000023, -29.919042968750006], [28.39208984375, -30.147558593750006]]]}}, {"id": "49", "type": "Feature", "properties": {"iso3": "SWZ", "name": "eSwatini"}, "geometry": {"type": "Polygon", "coordinates": [[[32.060546875, -26.018359375000003], [32.112890625000006, -26.839453125000006], [31.994726562500006, -26.817480468750006], [31.958398437500023, -27.30585937500001], [31.063378906250023, -27.1123046875], [30.794335937500023, -26.764257812500006], [30.7890625, -26.45546875000001], [31.382617187500017, -25.742968750000003], [32.060546875, -26.018359375000003]]]}}, {"id": "109", "type": "Feature", "properties": {"iso3": "MUS", "name": "Mauritius"}, "geometry": {"type": "Polygon", "coordinates": [[[57.31767578125002, -20.42763671875001], [57.65654296875002, -19.98994140625001], [57.7919921875, -20.21259765625001], [57.65126953125002, -20.48486328125], [57.31767578125002, -20.42763671875001]]]}}, {"id": "0", "type": "Feature", "properties": {"iso3": "ZWE", "name": "Zimbabwe"}, "geometry": {"type": "Polygon", "coordinates": [[[29.364843750000006, -22.193945312500006], [29.042382812500023, -22.018359375000003], [29.02558593750001, -21.796875], [28.014062500000023, -21.55419921875], [27.66943359375, -21.064257812500003], [27.699609375000023, -20.53066406250001], [27.28076171875, -20.47871093750001], [27.17822265625, -20.10097656250001], [26.168066406250006, -19.53828125000001], [25.2587890625, -17.793554687500006], [25.995898437500017, -17.969824218750006], [27.020800781250017, -17.95839843750001], [27.932226562500006, -16.89619140625001], [28.760546875000017, -16.53212890625001], [28.9130859375, -15.98779296875], [29.729589843750006, -15.644628906250006], [30.396093750000006, -15.64306640625], [30.437792968750017, -15.995312500000011], [31.236230468750023, -16.02363281250001], [31.939843750000023, -16.428808593750006], [32.94804687500002, -16.71230468750001], [32.99306640625002, -18.35957031250001], [32.69970703125, -18.94091796875], [32.84980468750001, -19.10439453125001], [32.77763671875002, -19.388769531250006], [32.992773437500006, -19.98486328125], [32.49238281250001, -20.659765625000006], [32.429785156250006, -21.29707031250001], [31.287890625000017, -22.40205078125001], [29.364843750000006, -22.193945312500006]]]}}, {"id": "116", "type": "Feature", "properties": {"iso3": "MDG", "name": "Madagascar"}, "geometry": {"type": "MultiPolygon", "coordinates": [[[[49.9375, -13.072265625], [50.2353515625, -14.732031250000006], [50.44130859375002, -15.149316406250009], [50.40458984375002, -15.629101562500011], [50.18496093750002, -15.957812500000003], [49.892578125, -15.457714843750011], [49.66435546875002, -15.521582031250006], [49.83906250000001, -16.48652343750001], [49.449316406250006, -17.24062500000001], [49.362890625000006, -18.33632812500001], [47.177343750000006, -24.787207031250006], [46.728515625, -25.14990234375], [46.15869140625, -25.23037109375001], [45.50800781250001, -25.56318359375001], [45.115234375, -25.543066406250006], [44.03535156250001, -24.995703125000006], [43.670019531250006, -24.30029296875], [43.722265625000006, -23.52968750000001], [43.26484375000001, -22.383593750000003], [43.50185546875002, -21.3564453125], [43.80019531250002, -21.17919921875], [44.40468750000002, -19.92207031250001], [44.448828125000006, -19.4287109375], [44.0400390625, -18.28847656250001], [43.97939453125002, -17.3916015625], [44.42138671875, -16.70263671875], [44.476171875000006, -16.21728515625], [46.15751953125002, -15.73828125], [46.39960937500001, -15.924609375000003], [46.33144531250002, -15.713671875000003], [46.47509765625, -15.513476562500003], [46.94228515625002, -15.219042968750003], [47.099218750000006, -15.434179687500006], [47.09257812500002, -15.150097656250011], [47.35195312500002, -14.76611328125], [47.46474609375002, -14.713281250000009], [47.47832031250002, -15.009375000000006], [47.774023437500006, -14.63671875], [47.96416015625002, -14.672558593750011], [47.77333984375002, -14.369921875000003], [47.99550781250002, -13.96044921875], [47.941015625000006, -13.662402343750003], [48.25527343750002, -13.719335937500006], [48.796484375000006, -13.267480468750009], [48.91943359375, -12.839062500000011], [48.78632812500001, -12.470898437500011], [49.20703125, -12.07958984375], [49.9375, -13.072265625]]], [[[48.2119140625, -13.38525390625], [48.19121093750002, -13.259960937500011], [48.30888671875002, -13.1982421875], [48.34218750000002, -13.363867187500006], [48.2119140625, -13.38525390625]]], [[[49.82402343750002, -17.086523437500006], [50.023046875000006, -16.6953125], [49.93642578125002, -16.902929687500006], [49.82402343750002, -17.086523437500006]]]]}}, {"id": "101", "type": "Feature", "properties": {"iso3": "MOZ", "name": "Mozambique"}, "geometry": {"type": "Polygon", "coordinates": [[[32.429785156250006, -21.29707031250001], [32.49238281250001, -20.659765625000006], [32.992773437500006, -19.98486328125], [32.77763671875002, -19.388769531250006], [32.84980468750001, -19.10439453125001], [32.69970703125, -18.94091796875], [32.99306640625002, -18.35957031250001], [32.94804687500002, -16.71230468750001], [31.939843750000023, -16.428808593750006], [31.236230468750023, -16.02363281250001], [30.40937500000001, -15.978222656250011], [30.231835937500023, -14.990332031250006], [33.201757812500006, -14.013378906250011], [33.63642578125001, -14.568164062500003], [34.375, -14.4248046875], [34.55546875000002, -15.140917968750003], [34.24824218750001, -15.887500000000003], [34.41640625000002, -16.24677734375001], [35.07988281250002, -16.83388671875001], [35.06464843750001, -17.07861328125], [35.272558593750006, -17.118457031250003], [35.16718750000001, -16.56025390625001], [35.358496093750006, -16.16054687500001], [35.75527343750002, -16.05830078125001], [35.89277343750001, -14.891796875000011], [35.24746093750002, -13.896875000000009], [34.56367187500001, -13.360156250000003], [34.35781250000002, -12.164746093750011], [34.61855468750002, -11.620214843750006], [35.56435546875002, -11.602343750000003], [35.91132812500001, -11.454687500000006], [36.3056640625, -11.706347656250003], [36.97890625000002, -11.566992187500006], [37.37285156250002, -11.71044921875], [37.72480468750001, -11.580664062500006], [37.92021484375002, -11.294726562500003], [38.491796875000006, -11.413281250000011], [39.32158203125002, -11.12255859375], [40.46357421875001, -10.46435546875], [40.61171875000002, -10.661523437500009], [40.40283203125, -11.33203125], [40.58085937500002, -12.635546875000003], [40.43681640625002, -12.983105468750011], [40.56875000000002, -12.984667968750003], [40.646093750000006, -14.538671875000006], [40.775000000000006, -14.421289062500009], [40.84453125000002, -14.718652343750009], [40.55898437500002, -15.473437500000003], [39.79091796875002, -16.294531250000006], [39.84462890625002, -16.435644531250006], [39.08437500000002, -16.97285156250001], [37.512304687500006, -17.57070312500001], [36.93935546875002, -17.993457031250003], [36.40371093750002, -18.76972656250001], [35.85371093750001, -18.99335937500001], [34.947851562500006, -19.81269531250001], [34.6494140625, -19.70136718750001], [34.705078125, -20.47304687500001], [34.98232421875002, -20.806250000000006], [35.267675781250006, -21.650976562500006], [35.31572265625002, -22.39687500000001], [35.45634765625002, -22.11591796875001], [35.53007812500002, -22.248144531250006], [35.57539062500001, -22.96308593750001], [35.37041015625002, -23.79824218750001], [35.5419921875, -23.82441406250001], [35.48964843750002, -24.065527343750006], [34.99208984375002, -24.65058593750001], [33.34746093750002, -25.26093750000001], [32.79218750000001, -25.644335937500003], [32.590429687500006, -26.00410156250001], [32.84882812500001, -26.26806640625], [32.95488281250002, -26.083593750000006], [32.88613281250002, -26.84931640625001], [32.112890625000006, -26.839453125000006], [31.920312500000023, -25.77392578125], [31.98583984375, -24.46064453125001], [31.54560546875001, -23.48232421875001], [31.287890625000017, -22.40205078125001], [32.429785156250006, -21.29707031250001]], [[34.591406250000006, -11.971093750000009], [34.541601562500006, -12.018652343750006], [34.62177734375001, -12.066601562500011], [34.591406250000006, -11.971093750000009]], [[34.755957031250006, -12.03076171875], [34.67988281250001, -12.008886718750006], [34.662109375, -12.100781250000011], [34.755957031250006, -12.03076171875]]]}}, {"id": "115", "type": "Feature", "properties": {"iso3": "MWI", "name": "Malawi"}, "geometry": {"type": "MultiPolygon", "coordinates": [[[[34.662109375, -12.100781250000011], [34.67988281250001, -12.008886718750006], [34.755957031250006, -12.03076171875], [34.662109375, -12.100781250000011]]], [[[34.62177734375001, -12.066601562500011], [34.541601562500006, -12.018652343750006], [34.591406250000006, -11.971093750000009], [34.62177734375001, -12.066601562500011]]], [[[32.67041015625, -13.590429687500006], [32.96757812500002, -13.225000000000009], [33.021582031250006, -12.630468750000006], [33.512304687500006, -12.347753906250006], [33.25234375000002, -12.112597656250003], [33.23271484375002, -11.417675781250011], [33.37978515625002, -11.157910156250011], [33.261328125000006, -10.893359375000003], [33.66152343750002, -10.553125000000009], [32.97402343750002, -9.39501953125], [33.88886718750001, -9.670117187500011], [33.99560546875, -9.495410156250003], [34.52421875000002, -10.030175781250009], [34.60791015625, -11.080468750000009], [34.95947265625, -11.578125], [34.61855468750002, -11.620214843750006], [34.35781250000002, -12.164746093750011], [34.56367187500001, -13.360156250000003], [35.24746093750002, -13.896875000000009], [35.89277343750001, -14.891796875000011], [35.75527343750002, -16.05830078125001], [35.358496093750006, -16.16054687500001], [35.16718750000001, -16.56025390625001], [35.272558593750006, -17.118457031250003], [35.06464843750001, -17.07861328125], [35.07988281250002, -16.83388671875001], [34.41640625000002, -16.24677734375001], [34.24824218750001, -15.887500000000003], [34.54082031250002, -15.297265625000009], [34.50527343750002, -14.59814453125], [34.33251953125, -14.408593750000009], [33.63642578125001, -14.568164062500003], [32.67041015625, -13.590429687500006]]]]}}, {"id": "192", "type": "Feature", "properties": {"iso3": "COM", "name": "Comoros"}, "geometry": {"type": "MultiPolygon", "coordinates": [[[[44.52675781250002, -12.219531250000003], [44.504980468750006, -12.356542968750006], [44.22011718750002, -12.17138671875], [44.47636718750002, -12.08154296875], [44.52675781250002, -12.219531250000003]]], [[[43.858984375000006, -12.368261718750006], [43.663671875000006, -12.342871093750006], [43.63134765625, -12.2470703125], [43.858984375000006, -12.368261718750006]]], [[[43.226660156250006, -11.751855468750009], [43.29902343750001, -11.37451171875], [43.39296875000002, -11.408593750000009], [43.4658203125, -11.901269531250009], [43.226660156250006, -11.751855468750009]]]]}}, {"id": "43", "type": "Feature", "properties": {"iso3": "TZA", "name": "Tanzania"}, "geometry": {"type": "MultiPolygon", "coordinates": [[[[39.57304687500002, -6.387402343750011], [39.48095703125, -6.453710937500006], [39.18232421875001, -6.172558593750011], [39.30898437500002, -5.721972656250003], [39.57304687500002, -6.387402343750011]]], [[[39.85302734375, -5.255468750000006], [39.74931640625002, -5.44384765625], [39.673437500000006, -4.927050781250003], [39.86503906250002, -4.9061523437500085], [39.85302734375, -5.255468750000006]]], [[[30.968359375000006, -8.550976562500011], [30.212695312500017, -7.037890625000003], [29.540820312500017, -6.3138671875000085], [29.607031250000006, -5.72265625], [29.32343750000001, -4.8988281250000085], [29.403222656250023, -4.449316406250006], [29.947265625, -4.307324218750011], [30.811425781250023, -3.2005859375000085], [30.7802734375, -2.98486328125], [30.42402343750001, -2.824023437500003], [30.53369140625, -2.42626953125], [30.828710937500006, -2.3384765625000057], [30.876562500000006, -2.143359375000003], [30.812597656250006, -1.5630859375000057], [30.519921875000023, -1.0625], [33.97939453125002, -1.0020507812500057], [37.64384765625002, -3.04541015625], [37.60820312500002, -3.4970703125], [39.221777343750006, -4.6923828125], [38.8046875, -6.070117187500003], [38.8740234375, -6.331250000000011], [39.54609375000001, -7.024023437500006], [39.28847656250002, -7.517871093750003], [39.441015625000006, -8.011523437500003], [39.30400390625002, -8.44384765625], [39.64130859375001, -9.192480468750006], [39.725195312500006, -10.00048828125], [40.46357421875001, -10.46435546875], [39.32158203125002, -11.12255859375], [38.491796875000006, -11.413281250000011], [37.92021484375002, -11.294726562500003], [37.72480468750001, -11.580664062500006], [37.37285156250002, -11.71044921875], [36.97890625000002, -11.566992187500006], [36.3056640625, -11.706347656250003], [35.91132812500001, -11.454687500000006], [35.56435546875002, -11.602343750000003], [34.95947265625, -11.578125], [34.60791015625, -11.080468750000009], [34.569921875000006, -10.241113281250009], [34.320898437500006, -9.731542968750006], [33.99560546875, -9.495410156250003], [33.88886718750001, -9.670117187500011], [33.4208984375, -9.608007812500006], [30.968359375000006, -8.550976562500011]]], [[[39.60292968750002, -7.936132812500006], [39.90712890625002, -7.649218750000003], [39.82441406250001, -7.900683593750003], [39.60292968750002, -7.936132812500006]]]]}}, {"id": "56", "type": "Feature", "properties": {"iso3": "ZAF", "name": "South Africa"}, "geometry": {"type": "MultiPolygon", "coordinates": [[[[29.6630859375, -22.146289062500003], [31.287890625000017, -22.40205078125001], [31.54560546875001, -23.48232421875001], [31.966601562500017, -24.37646484375], [31.9482421875, -25.957617187500006], [31.415136718750006, -25.74658203125], [31.207324218750017, -25.843359375000006], [30.803320312500006, -26.41347656250001], [30.806738281250006, -26.785253906250006], [31.063378906250023, -27.1123046875], [31.958398437500023, -27.30585937500001], [31.994726562500006, -26.817480468750006], [32.88613281250002, -26.84931640625001], [32.37519531250001, -28.49824218750001], [31.33515625000001, -29.37812500000001], [30.288671875000006, -30.97011718750001], [27.860644531250017, -33.05390625000001], [26.613671875000023, -33.70742187500001], [25.80585937500001, -33.737109375], [25.57421875, -34.03535156250001], [25.0029296875, -33.9736328125], [24.595507812500017, -34.17451171875001], [23.697851562500006, -33.992773437500006], [22.553808593750006, -34.01005859375], [21.788964843750023, -34.372656250000006], [20.529882812500006, -34.46308593750001], [20.020605468750006, -34.785742187500006], [19.298242187500023, -34.6150390625], [19.09833984375001, -34.35009765625], [18.831347656250017, -34.3640625], [18.75214843750001, -34.082617187500006], [18.500390625000023, -34.10927734375001], [18.46162109375001, -34.34687500000001], [18.333398437500023, -34.07421875], [18.433007812500023, -33.71728515625], [17.85107421875, -32.82744140625], [18.325292968750006, -32.504980468750006], [18.210839843750023, -31.742480468750003], [17.347070312500023, -30.44482421875], [16.950000000000017, -29.403417968750006], [16.447558593750017, -28.61757812500001], [16.755761718750023, -28.4521484375], [16.875292968750017, -28.1279296875], [17.056250000000006, -28.031054687500003], [17.358691406250017, -28.26943359375001], [17.44794921875001, -28.69814453125001], [19.24580078125001, -28.901660156250003], [19.539843750000017, -28.57460937500001], [19.98046875, -28.451269531250006], [19.98046875, -24.77675781250001], [20.4306640625, -25.147070312500006], [20.79316406250001, -25.915625000000006], [20.626757812500017, -26.44384765625], [20.68505859375, -26.82246093750001], [21.694726562500023, -26.840917968750006], [22.59765625, -26.13271484375001], [23.057519531250023, -25.312304687500003], [23.389257812500006, -25.29140625000001], [23.89375000000001, -25.600878906250003], [24.748144531250006, -25.8173828125], [25.443652343750017, -25.714453125000006], [25.912109375, -24.74746093750001], [26.39716796875001, -24.613574218750003], [26.835058593750006, -24.240820312500006], [27.085546875000006, -23.577929687500003], [27.75830078125, -23.19677734375], [28.21015625000001, -22.693652343750003], [28.83984375, -22.48085937500001], [29.1298828125, -22.21328125000001], [29.6630859375, -22.146289062500003]], [[29.098046875000023, -29.919042968750006], [29.390722656250006, -29.26972656250001], [28.625781250000017, -28.58173828125001], [27.73554687500001, -28.940039062500006], [27.056933593750017, -29.625585937500006], [27.388476562500017, -30.31591796875], [27.75312500000001, -30.60000000000001], [28.05683593750001, -30.63105468750001], [28.39208984375, -30.147558593750006], [29.098046875000023, -29.919042968750006]]], [[[37.61181640625, -46.94648437500001], [37.59003906250001, -46.90800781250002], [37.78955078125, -46.837500000000006], [37.85693359375, -46.944238281249994], [37.61181640625, -46.94648437500001]]]]}}, {"id": "100", "type": "Feature", "properties": {"iso3": "NAM", "name": "Namibia"}, "geometry": {"type": "Polygon", "coordinates": [[[24.27490234375, -17.481054687500006], [25.001757812500017, -17.56855468750001], [25.2587890625, -17.793554687500006], [24.243945312500017, -18.0234375], [23.599707031250006, -18.4599609375], [23.219335937500006, -17.99970703125001], [20.97412109375, -18.31884765625], [20.970996093750017, -22.00019531250001], [19.977343750000017, -22.00019531250001], [19.98046875, -28.451269531250006], [19.539843750000017, -28.57460937500001], [19.161718750000006, -28.938769531250003], [18.10273437500001, -28.871679687500006], [17.44794921875001, -28.69814453125001], [17.358691406250017, -28.26943359375001], [17.056250000000006, -28.031054687500003], [16.447558593750017, -28.61757812500001], [15.719042968750017, -27.9658203125], [15.28759765625, -27.275000000000006], [14.84521484375, -25.725683593750006], [14.837109375000011, -25.033203125], [14.501562500000006, -24.201953125000003], [14.462792968750023, -22.44912109375001], [13.450585937500023, -20.91669921875001], [12.458203125000011, -18.9267578125], [11.77587890625, -18.001757812500003], [11.743066406250023, -17.24921875000001], [12.548144531250017, -17.212695312500003], [13.101171875000006, -16.96767578125001], [14.017480468750023, -17.40888671875001], [18.396386718750023, -17.3994140625], [18.95527343750001, -17.803515625000003], [21.416894531250023, -18.00068359375001], [24.27490234375, -17.481054687500006]]]}}, {"id": "210", "type": "Feature", "properties": {"iso3": "BWA", "name": "Botswana"}, "geometry": {"type": "Polygon", "coordinates": [[[26.168066406250006, -19.53828125000001], [27.17822265625, -20.10097656250001], [27.28076171875, -20.47871093750001], [27.699609375000023, -20.53066406250001], [27.66943359375, -21.064257812500003], [28.014062500000023, -21.55419921875], [29.02558593750001, -21.796875], [29.042382812500023, -22.018359375000003], [29.364843750000006, -22.193945312500006], [28.21015625000001, -22.693652343750003], [27.75830078125, -23.19677734375], [27.085546875000006, -23.577929687500003], [26.835058593750006, -24.240820312500006], [26.39716796875001, -24.613574218750003], [25.912109375, -24.74746093750001], [25.443652343750017, -25.714453125000006], [24.33056640625, -25.74287109375001], [23.148730468750017, -25.288671875000006], [22.878808593750023, -25.45791015625001], [22.59765625, -26.13271484375001], [21.694726562500023, -26.840917968750006], [20.68505859375, -26.82246093750001], [20.626757812500017, -26.44384765625], [20.79316406250001, -25.915625000000006], [20.4306640625, -25.147070312500006], [19.98046875, -24.77675781250001], [19.977343750000017, -22.00019531250001], [20.970996093750017, -22.00019531250001], [20.97412109375, -18.31884765625], [23.219335937500006, -17.99970703125001], [23.599707031250006, -18.4599609375], [24.243945312500017, -18.0234375], [25.2587890625, -17.793554687500006], [26.168066406250006, -19.53828125000001]]]}}, {"id": "1", "type": "Feature", "properties": {"iso3": "ZMB", "name": "Zambia"}, "geometry": {"type": "Polygon", "coordinates": [[[29.4873046875, -15.69677734375], [28.9130859375, -15.98779296875], [28.760546875000017, -16.53212890625001], [27.932226562500006, -16.89619140625001], [27.020800781250017, -17.95839843750001], [26.779882812500006, -18.04150390625], [25.86328125, -17.951953125000003], [24.73291015625, -17.51777343750001], [23.380664062500017, -17.640625], [22.150683593750017, -16.59716796875], [22.04023437500001, -16.262792968750006], [21.978906250000023, -13.0009765625], [23.962988281250006, -12.988476562500011], [23.96650390625001, -10.871777343750011], [24.36572265625, -11.1298828125], [24.3779296875, -11.417089843750006], [25.28876953125001, -11.21240234375], [25.349414062500017, -11.623046875], [26.025976562500006, -11.89013671875], [26.824023437500017, -11.965234375000009], [27.1591796875, -11.579199218750006], [27.573828125000006, -12.22705078125], [28.412890625000017, -12.51806640625], [29.014257812500006, -13.368847656250011], [29.55419921875, -13.248925781250009], [29.775195312500017, -13.438085937500006], [29.79511718750001, -12.155468750000011], [29.508203125000023, -12.228222656250011], [29.48554687500001, -12.41845703125], [29.064355468750023, -12.348828125000011], [28.383398437500006, -11.566699218750003], [28.6455078125, -10.550195312500009], [28.60419921875001, -9.678808593750006], [28.400683593750017, -9.224804687500011], [28.869531250000023, -8.785839843750011], [28.89814453125001, -8.485449218750006], [30.75117187500001, -8.193652343750003], [31.03339843750001, -8.59765625], [31.44921875, -8.653906250000006], [31.673632812500017, -8.908789062500006], [33.19570312500002, -9.626171875000011], [33.66152343750002, -10.553125000000009], [33.261328125000006, -10.893359375000003], [33.37978515625002, -11.157910156250011], [33.23271484375002, -11.417675781250011], [33.25234375000002, -12.112597656250003], [33.512304687500006, -12.347753906250006], [33.021582031250006, -12.630468750000006], [32.96757812500002, -13.225000000000009], [32.67041015625, -13.590429687500006], [32.99208984375002, -14.022167968750011], [33.201757812500006, -14.013378906250011], [30.231835937500023, -14.990332031250006], [30.396093750000006, -15.64306640625], [29.4873046875, -15.69677734375]]]}}, {"id": "232", "type": "Feature", "properties": {"iso3": "AGO", "name": "Angola"}, "geometry": {"type": "MultiPolygon", "coordinates": [[[[12.451464843750017, -5.071484375000011], [12.503710937500017, -5.69580078125], [12.213671875000017, -5.7586914062500085], [12.018359375000017, -5.0042968750000085], [12.798242187500023, -4.4305664062500085], [13.07275390625, -4.634765625], [12.451464843750017, -5.071484375000011]]], [[[23.962988281250006, -12.988476562500011], [21.978906250000023, -13.0009765625], [22.04023437500001, -16.262792968750006], [22.150683593750017, -16.59716796875], [23.380664062500017, -17.640625], [20.745507812500023, -18.01972656250001], [18.95527343750001, -17.803515625000003], [18.396386718750023, -17.3994140625], [14.017480468750023, -17.40888671875001], [13.101171875000006, -16.96767578125001], [12.548144531250017, -17.212695312500003], [11.743066406250023, -17.24921875000001], [11.750878906250023, -15.831933593750009], [12.01611328125, -15.513671875], [12.550488281250011, -13.437792968750003], [12.983203125000017, -12.775683593750003], [13.597949218750017, -12.2861328125], [13.847460937500017, -11.054394531250011], [12.99853515625, -9.048046875000011], [13.358984375000006, -8.687207031250011], [13.378515625000006, -8.369726562500006], [12.823437500000011, -6.954785156250011], [12.302539062500017, -6.092578125000003], [13.184375000000017, -5.856250000000003], [16.431445312500017, -5.900195312500003], [16.697265625, -6.164257812500011], [16.984765625000023, -7.257421875000006], [17.57958984375, -8.099023437500009], [19.3408203125, -7.966601562500003], [19.527636718750017, -7.1444335937500085], [19.87519531250001, -6.986328125], [20.59003906250001, -6.919921875], [20.607812500000023, -7.2777343750000085], [21.781640625000023, -7.314648437500011], [21.905371093750006, -8.693359375], [21.81318359375001, -9.46875], [22.274511718750006, -10.259082031250003], [22.226171875000006, -11.121972656250009], [23.833886718750023, -11.013671875], [23.96650390625001, -10.871777343750011], [23.962988281250006, -12.988476562500011]]]]}}, {"id": "190", "type": "Feature", "properties": {"iso3": "COD", "name": "Dem. Rep. Congo"}, "geometry": {"type": "Polygon", "coordinates": [[[28.89814453125001, -8.485449218750006], [28.869531250000023, -8.785839843750011], [28.400683593750017, -9.224804687500011], [28.63007812500001, -9.831250000000011], [28.63886718750001, -10.669238281250003], [28.357226562500017, -11.483007812500006], [28.482519531250006, -11.812109375000006], [29.064355468750023, -12.348828125000011], [29.48554687500001, -12.41845703125], [29.508203125000023, -12.228222656250011], [29.79511718750001, -12.155468750000011], [29.775195312500017, -13.438085937500006], [29.55419921875, -13.248925781250009], [29.111621093750017, -13.395117187500006], [28.412890625000017, -12.51806640625], [27.53339843750001, -12.1953125], [27.1591796875, -11.579199218750006], [26.824023437500017, -11.965234375000009], [26.025976562500006, -11.89013671875], [25.349414062500017, -11.623046875], [25.28876953125001, -11.21240234375], [24.3779296875, -11.417089843750006], [24.36572265625, -11.1298828125], [23.96650390625001, -10.871777343750011], [23.833886718750023, -11.013671875], [22.56103515625, -11.055859375000011], [22.27880859375, -11.194140625000003], [22.274511718750006, -10.259082031250003], [21.81318359375001, -9.46875], [21.905371093750006, -8.693359375], [21.781640625000023, -7.314648437500011], [20.607812500000023, -7.2777343750000085], [20.59003906250001, -6.919921875], [19.87519531250001, -6.986328125], [19.527636718750017, -7.1444335937500085], [19.3408203125, -7.966601562500003], [17.57958984375, -8.099023437500009], [16.984765625000023, -7.257421875000006], [16.697265625, -6.164257812500011], [16.431445312500017, -5.900195312500003], [13.003320312500023, -5.836132812500011], [12.514550781250023, -6.004199218750003], [12.213671875000017, -5.7586914062500085], [12.503710937500017, -5.69580078125], [12.451464843750017, -5.071484375000011], [12.829687500000006, -4.736621093750003], [13.136621093750023, -4.604296875000003], [13.414941406250023, -4.83740234375], [13.659570312500023, -4.721484375000003], [13.717089843750017, -4.4544921875000085], [14.358300781250023, -4.299414062500006], [14.410742187500006, -4.831250000000011], [14.707910156250023, -4.8817382812500085], [15.990039062500017, -3.7662109375000057], [16.217382812500006, -3.0302734375], [16.21533203125, -2.1778320312500057], [16.8798828125, -1.2258789062500028], [17.752832031250023, -0.5490234375000114], [18.072167968750023, 2.0132812499999915], [18.622167968750006, 3.3040527343749915], [18.567480468750006, 4.257568359375], [19.06855468750001, 4.891406249999989], [19.68603515625, 5.121386718749989], [20.55810546875, 4.462695312499989], [22.422167968750017, 4.134960937499997], [22.864550781250017, 4.723876953125], [23.41718750000001, 4.663134765624989], [24.31982421875, 4.994140625], [25.065234375000017, 4.967431640624994], [25.52509765625001, 5.3121093749999915], [26.822070312500017, 5.062402343749994], [27.11494140625001, 5.1978515624999915], [27.4033203125, 5.109179687499989], [28.19208984375001, 4.350244140624994], [28.72705078125, 4.5049804687499915], [29.224902343750017, 4.391894531249989], [29.469628906250023, 4.61181640625], [29.676855468750006, 4.5869140625], [30.895312500000017, 3.4636718749999886], [30.728613281250006, 2.4553710937499886], [31.274023437500006, 2.1462890624999886], [29.94287109375, 0.8192382812499943], [29.717675781250023, 0.09833984374999716], [29.576953125000017, -1.3878906250000114], [29.196582031250017, -1.7199218750000114], [29.13154296875001, -2.195117187500003], [28.85761718750001, -2.4466796875000085], [29.224414062500017, -3.053515625000003], [29.211816406250023, -3.833789062500003], [29.403222656250023, -4.449316406250006], [29.32343750000001, -4.8988281250000085], [29.607031250000006, -5.72265625], [29.540820312500017, -6.3138671875000085], [30.212695312500017, -7.037890625000003], [30.75117187500001, -8.193652343750003], [28.89814453125001, -8.485449218750006]]]}}, {"id": "158", "type": "Feature", "properties": {"iso3": "GAB", "name": "Gabon"}, "geometry": {"type": "Polygon", "coordinates": [[[13.21630859375, 1.2484374999999943], [14.180859375000011, 1.3702148437499915], [14.429882812500011, 0.9014648437499915], [14.32421875, 0.6242187499999972], [13.949609375000023, 0.35380859374998863], [13.860058593750011, -0.20332031250001137], [14.47412109375, -0.5734375000000114], [14.383984375000011, -1.8900390625000085], [13.993847656250011, -2.4906250000000085], [13.733789062500023, -2.138476562500003], [13.464941406250006, -2.3954101562500085], [12.991992187500017, -2.3133789062500085], [12.590429687500006, -1.8268554687500114], [12.43212890625, -1.9289062500000114], [12.446386718750006, -2.3299804687500085], [11.60546875, -2.342578125000003], [11.537792968750011, -2.836718750000003], [11.934179687500006, -3.3185546875000114], [11.8798828125, -3.6659179687500085], [11.504296875000023, -3.520312500000003], [11.130175781250017, -3.916308593750003], [9.722070312500023, -2.467578125000003], [10.06201171875, -2.5499023437500057], [9.624609375000006, -2.3670898437500085], [9.298925781250006, -1.9030273437500114], [9.483203125000017, -1.8946289062500057], [9.265625, -1.8250976562500085], [9.036328125000011, -1.3088867187500028], [9.31884765625, -1.6320312500000114], [9.501074218750006, -1.55517578125], [9.295800781250023, -1.5152343750000057], [9.3466796875, -1.3250000000000028], [9.064648437500011, -1.29833984375], [8.703125, -0.5910156250000114], [8.946386718750006, -0.6887695312500028], [9.296679687500017, -0.35126953125001137], [9.354882812500023, 0.3436035156249915], [9.796777343750023, 0.04423828124998863], [10.00146484375, 0.19497070312499432], [9.546484375000006, 0.29594726562498863], [9.324804687500006, 0.5520996093749915], [9.617968750000017, 0.5765136718749915], [9.5908203125, 1.031982421875], [11.335351562500023, 0.9997070312499972], [11.348437500000017, 2.2997070312499943], [13.293554687500006, 2.161572265624997], [13.21630859375, 1.2484374999999943]]]}}, {"id": "191", "type": "Feature", "properties": {"iso3": "COG", "name": "Congo"}, "geometry": {"type": "Polygon", "coordinates": [[[11.504296875000023, -3.520312500000003], [11.8798828125, -3.6659179687500085], [11.934179687500006, -3.3185546875000114], [11.537792968750011, -2.836718750000003], [11.60546875, -2.342578125000003], [12.446386718750006, -2.3299804687500085], [12.43212890625, -1.9289062500000114], [12.590429687500006, -1.8268554687500114], [12.991992187500017, -2.3133789062500085], [13.464941406250006, -2.3954101562500085], [13.733789062500023, -2.138476562500003], [13.993847656250011, -2.4906250000000085], [14.383984375000011, -1.8900390625000085], [14.47412109375, -0.5734375000000114], [13.860058593750011, -0.20332031250001137], [13.949609375000023, 0.35380859374998863], [14.32421875, 0.6242187499999972], [14.429882812500011, 0.9014648437499915], [14.180859375000011, 1.3702148437499915], [13.21630859375, 1.2484374999999943], [13.293554687500006, 2.161572265624997], [14.578906250000017, 2.1991210937499943], [14.902441406250006, 2.0123046874999915], [15.741601562500023, 1.9149902343749972], [16.059375000000017, 1.6762207031249972], [16.080078125, 2.1067871093749915], [16.468554687500017, 2.831738281249997], [16.610742187500023, 3.50537109375], [17.43798828125, 3.6846191406249886], [18.160937500000017, 3.4998046874999886], [18.499804687500017, 3.6041015624999915], [18.622167968750006, 3.3040527343749915], [18.072167968750023, 2.0132812499999915], [17.752832031250023, -0.5490234375000114], [16.8798828125, -1.2258789062500028], [16.21533203125, -2.1778320312500057], [16.146777343750017, -3.464160156250003], [15.872460937500023, -3.9342773437500114], [14.707910156250023, -4.8817382812500085], [14.410742187500006, -4.831250000000011], [14.358300781250023, -4.299414062500006], [13.717089843750017, -4.4544921875000085], [13.659570312500023, -4.721484375000003], [13.414941406250023, -4.83740234375], [12.798242187500023, -4.4305664062500085], [12.018359375000017, -5.0042968750000085], [11.130175781250017, -3.916308593750003], [11.504296875000023, -3.520312500000003]]]}}, {"id": "173", "type": "Feature", "properties": {"iso3": "GNQ", "name": "Eq. Guinea"}, "geometry": {"type": "MultiPolygon", "coordinates": [[[[8.946093750000017, 3.6275390624999915], [8.704003906250023, 3.2236328125], [8.474902343750017, 3.2646484375], [8.735742187500023, 3.75830078125], [8.946093750000017, 3.6275390624999915]]], [[[11.335351562500023, 0.9997070312499972], [9.90673828125, 0.9601074218749943], [9.385937500000011, 1.1392578124999915], [9.807031250000023, 1.927490234375], [9.80078125, 2.304443359375], [9.979882812500023, 2.1677734374999886], [11.328710937500006, 2.167431640624997], [11.335351562500023, 0.9997070312499972]]]]}}, {"id": "199", "type": "Feature", "properties": {"iso3": "CAF", "name": "Central African Rep."}, "geometry": {"type": "Polygon", "coordinates": [[[24.291406250000023, 8.291406249999994], [24.853320312500017, 8.137548828124991], [25.20039062500001, 7.807910156249989], [25.278906250000006, 7.427490234375], [26.36181640625, 6.635302734374989], [26.514257812500006, 6.069238281249994], [27.143945312500023, 5.722949218749989], [27.4033203125, 5.109179687499989], [27.071875000000006, 5.199755859374989], [26.822070312500017, 5.062402343749994], [25.52509765625001, 5.3121093749999915], [25.065234375000017, 4.967431640624994], [24.31982421875, 4.994140625], [23.41718750000001, 4.663134765624989], [22.864550781250017, 4.723876953125], [22.422167968750017, 4.134960937499997], [20.55810546875, 4.462695312499989], [20.226367187500017, 4.829638671874989], [19.5009765625, 5.127490234374989], [19.06855468750001, 4.891406249999989], [18.594140625000023, 4.346240234374989], [18.6103515625, 3.4784179687499943], [18.474414062500017, 3.622998046874997], [18.160937500000017, 3.4998046874999886], [17.491601562500023, 3.6873046874999886], [16.610742187500023, 3.50537109375], [16.183398437500017, 2.2700683593749886], [16.0634765625, 2.9085937499999943], [15.128710937500017, 3.826904296875], [15.063574218750006, 4.284863281249997], [14.731250000000017, 4.6023925781249915], [14.56298828125, 5.279931640624994], [14.616894531250011, 5.865136718749994], [14.440722656250017, 6.086718749999989], [14.7392578125, 6.27978515625], [15.480078125000006, 7.5237792968749915], [15.957617187500006, 7.507568359375], [16.545312500000023, 7.865478515625], [16.784765625000006, 7.550976562499997], [17.6494140625, 7.983593749999997], [18.56416015625001, 8.0458984375], [19.108691406250017, 8.656152343749994], [18.888281250000006, 8.889746093749991], [20.342089843750017, 9.127099609374994], [20.631445312500006, 9.301367187499991], [22.04316406250001, 10.822705078124997], [22.49384765625001, 10.996240234374994], [22.86005859375001, 10.919677734375], [23.646289062500017, 9.822900390624994], [23.46826171875, 9.11474609375], [23.53730468750001, 8.815820312499994], [24.147363281250023, 8.665624999999991], [24.291406250000023, 8.291406249999994]]]}}, {"id": "18", "type": "Feature", "properties": {"iso3": "IOT", "name": "Br. Indian Ocean Ter."}, "geometry": {"type": "Polygon", "coordinates": [[[72.42910156250002, -7.435351562500003], [72.34970703125, -7.263378906250011], [72.447265625, -7.395703125000011], [72.44560546875002, -7.220410156250011], [72.49199218750002, -7.37744140625], [72.42910156250002, -7.435351562500003]]]}}, {"id": "82", "type": "Feature", "properties": {"iso3": "PNG", "name": "Papua New Guinea"}, "geometry": {"type": "MultiPolygon", "coordinates": [[[[152.89169921875003, -4.8324218750000085], [152.6681640625, -4.1318359375], [152.27939453125003, -3.5824218750000085], [150.74609375, -2.7388671875000057], [150.825390625, -2.5729492187500114], [152.03291015625, -3.2513671875000085], [153.13251953125, -4.3524414062500085], [152.89169921875003, -4.8324218750000085]]], [[[152.1171875, -4.212207031250003], [152.40566406250002, -4.3407226562500085], [152.35117187500003, -4.8221679687500085], [151.98369140625005, -5.074414062500011], [152.07705078125002, -5.458300781250003], [151.51513671875, -5.552343750000006], [151.22929687500005, -5.919921875], [150.47353515625002, -6.263378906250011], [149.6525390625, -6.2904296875000085], [148.33720703125005, -5.66943359375], [148.43203125000002, -5.471777343750006], [149.83144531250002, -5.524121093750011], [150.0900390625, -5.011816406250006], [150.18310546875, -5.523632812500011], [150.90029296875002, -5.4471679687500085], [151.32656250000002, -4.9603515625000085], [151.67119140625005, -4.88330078125], [151.59306640625005, -4.200781250000006], [152.1171875, -4.212207031250003]]], [[[140.97519531250003, -6.905371093750006], [140.8623046875, -6.740039062500003], [140.97500000000002, -6.3460937500000085], [140.97343750000005, -2.6097656250000085], [143.508984375, -3.43115234375], [144.06640625, -3.80517578125], [144.477734375, -3.8252929687500057], [145.76699218750002, -4.823046875000003], [145.74521484375003, -5.402441406250006], [147.56669921875005, -6.056933593750003], [147.80205078125005, -6.315234375000003], [147.84550781250005, -6.662402343750003], [146.95361328125, -6.834082031250006], [147.19003906250003, -7.378125000000011], [148.12675781250005, -8.103613281250006], [148.58310546875003, -9.0517578125], [149.19833984375003, -9.03125], [149.26318359375, -9.497851562500003], [150.01103515625005, -9.688183593750011], [149.76123046875, -9.805859375000011], [149.87441406250002, -10.012988281250003], [150.84951171875002, -10.236035156250011], [150.44609375000005, -10.307324218750011], [150.64716796875, -10.517968750000009], [150.31992187500003, -10.654882812500006], [149.7541015625, -10.35302734375], [147.76865234375003, -10.070117187500003], [147.01718750000003, -9.387890625000011], [146.96376953125002, -9.0595703125], [146.630859375, -8.951171875], [146.033203125, -8.076367187500011], [144.50986328125003, -7.5673828125], [144.14287109375005, -7.7572265625000085], [143.65488281250003, -7.4603515625000085], [143.94228515625002, -7.9442382812500085], [143.51816406250003, -8.000683593750011], [143.61376953125, -8.200390625000011], [142.52412109375, -8.321679687500009], [142.34746093750005, -8.16748046875], [142.20683593750005, -8.19580078125], [142.4748046875, -8.369433593750003], [143.11181640625, -8.474511718750009], [143.37724609375005, -8.76220703125], [143.3662109375, -8.961035156250006], [142.64716796875, -9.327832031250011], [142.22958984375003, -9.169921875], [140.97617187500003, -9.118750000000006], [140.97519531250003, -6.905371093750006]]], [[[147.78105468750005, -5.627246093750003], [147.79462890625, -5.492382812500011], [148.05478515625003, -5.611523437500011], [148.02578125000002, -5.826367187500011], [147.78105468750005, -5.627246093750003]]], [[[145.88359375000005, -4.66748046875], [145.99580078125, -4.539257812500011], [146.01933593750005, -4.726171875000006], [145.88359375000005, -4.66748046875]]], [[[152.64619140625, -3.22119140625], [152.54326171875005, -3.0956054687500085], [152.63876953125003, -3.042773437500003], [152.64619140625, -3.22119140625]]], [[[152.05732421875, -2.994921875000003], [151.95458984375, -2.8705078125000085], [151.97470703125003, -2.8456054687500085], [152.05732421875, -2.994921875000003]]], [[[149.5458984375, -1.4716796875], [149.58095703125002, -1.3532226562500114], [149.72529296875, -1.4306640625], [149.76542968750005, -1.5530273437500028], [149.5458984375, -1.4716796875]]], [[[151.29648437500003, -9.956738281250011], [151.23085937500002, -10.194726562500009], [150.9591796875, -10.092578125000003], [150.77607421875, -9.709082031250006], [151.08095703125002, -10.020117187500006], [151.29648437500003, -9.956738281250011]]], [[[150.10976562500002, -9.361914062500006], [150.20830078125005, -9.206347656250003], [150.32011718750005, -9.26416015625], [150.34541015625, -9.493847656250011], [150.10976562500002, -9.361914062500006]]], [[[151.12412109375003, -8.804882812500011], [151.00498046875003, -8.523828125000009], [151.11757812500002, -8.418847656250009], [151.12412109375003, -8.804882812500011]]], [[[154.12119140625003, -11.425683593750009], [154.0234375, -11.347949218750003], [154.1017578125, -11.311425781250009], [154.28076171875, -11.361425781250006], [154.12119140625003, -11.425683593750009]]], [[[143.36689453125, -8.416894531250009], [143.32187500000003, -8.367578125000009], [143.58144531250002, -8.390917968750003], [143.36689453125, -8.416894531250009]]], [[[147.005859375, -5.3070312500000085], [147.1310546875, -5.1908203125000085], [147.20634765625005, -5.251562500000006], [147.17626953125, -5.431933593750003], [147.005859375, -5.3070312500000085]]], [[[147.42441406250003, -1.9945312500000085], [147.43808593750003, -2.0589843750000085], [146.54648437500003, -2.2085937500000057], [146.65625, -1.9740234375000085], [147.42441406250003, -1.9945312500000085]]], [[[150.16572265625, -2.6602539062500057], [149.96162109375, -2.4738281250000114], [150.22714843750003, -2.3841796875000085], [150.42949218750005, -2.4704101562500114], [150.43662109375003, -2.6618164062500114], [150.16572265625, -2.6602539062500057]]], [[[150.78867187500003, -9.41796875], [150.89404296875, -9.66748046875], [150.43623046875, -9.624609375000006], [150.43730468750005, -9.359960937500006], [150.78867187500003, -9.41796875]]], [[[152.81005859375, -8.967187500000009], [152.96689453125003, -9.208984375], [152.72011718750002, -9.16650390625], [152.51513671875, -9.009863281250006], [152.81005859375, -8.967187500000009]]], [[[153.75986328125003, -11.586328125000009], [153.28681640625, -11.516992187500009], [153.20361328125, -11.324121093750009], [153.75986328125003, -11.586328125000009]]], [[[143.60820312500005, -8.677148437500009], [143.20683593750005, -8.423437500000006], [143.443359375, -8.518945312500009], [143.60820312500005, -8.677148437500009]]], [[[147.84453125000005, -2.335742187500003], [147.735546875, -2.3155273437500057], [147.83583984375002, -2.2467773437500114], [147.84453125000005, -2.335742187500003]]], [[[151.93339843750005, -2.830371093750003], [151.94638671875003, -2.7085937500000057], [152.01132812500003, -2.8091796875000057], [151.93339843750005, -2.830371093750003]]], [[[150.88466796875002, -10.643457031250009], [150.78574218750003, -10.603417968750009], [150.79931640625, -10.554101562500009], [150.88466796875002, -10.643457031250009]]], [[[153.65009765625, -4.123046875], [153.59150390625, -4.095996093750003], [153.66298828125002, -4.041210937500011], [153.65009765625, -4.123046875]]], [[[155.71933593750003, -6.86279296875], [155.34404296875005, -6.7216796875], [155.2021484375, -6.3076171875], [154.75927734375, -5.931347656250011], [154.72929687500005, -5.444433593750006], [155.09384765625003, -5.620214843750006], [155.95761718750003, -6.686816406250003], [155.71933593750003, -6.86279296875]]], [[[154.5400390625, -5.11083984375], [154.63261718750005, -5.013867187500011], [154.72714843750003, -5.218066406250003], [154.64726562500005, -5.432714843750006], [154.5400390625, -5.11083984375]]]]}}, {"id": "142", "type": "Feature", "properties": {"iso3": "IDN", "name": "Indonesia"}, "geometry": {"type": "MultiPolygon", "coordinates": [[[[97.93193359374999, 0.9739257812499886], [97.82041015625003, 0.564453125], [97.07919921875003, 1.4254882812499972], [97.35595703125, 1.5397460937499972], [97.93193359374999, 0.9739257812499886]]], [[[98.82773437500003, -1.6099609375000057], [98.60175781250001, -1.1978515625000057], [98.67607421874999, -0.9705078125000028], [98.9326171875, -0.9540039062500085], [99.26728515625001, -1.6277343750000028], [99.16386718749999, -1.7779296875000057], [98.82773437500003, -1.6099609375000057]]], [[[116.58652343750003, -8.886132812500009], [115.85732421875002, -8.787890625000003], [116.07646484374999, -8.744921875000003], [116.06113281250003, -8.437402343750009], [116.40156250000001, -8.204199218750006], [116.71894531250001, -8.336035156250006], [116.58652343750003, -8.886132812500009]]], [[[115.70429687500001, -8.407128906250009], [115.14492187500002, -8.849023437500009], [115.05507812500002, -8.573046875000003], [114.46757812499999, -8.166308593750003], [115.44785156250003, -8.155175781250009], [115.70429687500001, -8.407128906250009]]], [[[106.36591796875001, -2.46484375], [106.81845703125003, -2.5733398437500057], [106.61201171875001, -2.8955078125], [106.66718750000001, -3.07177734375], [105.99873046875001, -2.8249023437500114], [105.78583984375001, -2.1813476562500114], [105.13339843750003, -2.0425781250000057], [105.45957031250003, -1.57470703125], [105.58544921875, -1.5267578125000085], [105.70087890625001, -1.7310546875000057], [105.72041015625001, -1.5338867187500114], [105.91005859375002, -1.5049804687500057], [106.36591796875001, -2.46484375]]], [[[123.19570312500002, -4.8226562500000085], [123.05517578125, -4.748242187500011], [122.9716796875, -5.138476562500003], [123.18730468749999, -5.3330078125], [122.64501953125, -5.663378906250003], [122.85332031249999, -4.618359375000011], [123.07460937500002, -4.386914062500011], [123.19570312500002, -4.8226562500000085]]], [[[122.56386718750002, -5.387500000000003], [122.28310546875002, -5.319531250000011], [122.36894531249999, -4.767187500000006], [122.70195312499999, -4.61865234375], [122.56386718750002, -5.387500000000003]]], [[[108.10039062499999, 3.704541015624997], [108.24326171875003, 3.8103515624999886], [108.00234375000002, 3.982861328124997], [108.24833984374999, 4.2171386718749915], [108.39287109374999, 3.9861816406249915], [108.31601562500003, 3.689648437499997], [108.10039062499999, 3.704541015624997]]], [[[108.05527343750003, -3.226855468750003], [107.85820312499999, -3.0863281250000085], [107.61445312500001, -3.2093750000000085], [107.66630859374999, -2.5663085937500085], [108.29062500000003, -2.8299804687500085], [108.05527343750003, -3.226855468750003]]], [[[135.8935546875, -0.7257812500000114], [136.37529296875005, -1.0940429687500028], [135.9150390625, -1.1784179687500114], [135.7470703125, -0.8230468750000028], [135.3830078125, -0.6513671875], [135.8935546875, -0.7257812500000114]]], [[[136.20156250000002, -1.6549804687500114], [136.892578125, -1.7997070312500085], [136.22812500000003, -1.8936523437500057], [135.47421875000003, -1.591796875], [136.20156250000002, -1.6549804687500114]]], [[[131.33974609375002, -0.29033203125000284], [131.00537109375, -0.3607421875000085], [130.62216796875003, -0.0859375], [130.89921875000005, -0.34443359375001137], [130.7501953125, -0.44384765625], [130.688671875, -0.29658203125001137], [130.23662109375005, -0.20966796875001137], [130.81328125000005, -0.004101562500011369], [131.33974609375002, -0.29033203125000284]]], [[[128.2958984375, 2.0347167968749886], [128.21796875, 2.2974609374999915], [128.60214843750003, 2.597607421874997], [128.6232421875, 2.2244140624999886], [128.2958984375, 2.0347167968749886]]], [[[127.56162109375003, -1.728515625], [127.39501953125, -1.58984375], [127.64667968750001, -1.3324218750000085], [128.15302734375, -1.6605468750000085], [127.56162109375003, -1.728515625]]], [[[125.86289062500003, -2.0771484375], [125.92275390625002, -1.9748046875000114], [125.99267578125, -2.0118164062500057], [126.05507812500002, -2.4512695312500057], [125.86289062500003, -2.0771484375]]], [[[126.33173828125001, -1.8228515625000057], [125.47919921875001, -1.9400390625000057], [125.38720703125, -1.8430664062500028], [126.33173828125001, -1.8228515625000057]]], [[[125.18789062500002, -1.712890625], [125.31406250000003, -1.8771484375000114], [124.41777343749999, -2.005175781250003], [124.41757812500003, -1.6592773437500057], [125.18789062500002, -1.712890625]]], [[[131.11376953125, -7.997363281250003], [131.13779296875003, -7.684863281250003], [131.64345703125002, -7.11279296875], [131.62441406250002, -7.626171875000011], [131.32558593750002, -7.99951171875], [131.11376953125, -7.997363281250003]]], [[[126.81269531250001, -7.737890625000006], [126.47207031250002, -7.950390625000011], [125.79824218750002, -7.984570312500011], [125.97529296875001, -7.663378906250003], [126.60957031250001, -7.57177734375], [126.81269531250001, -7.737890625000006]]], [[[125.05029296875, -8.179589843750009], [125.13173828125002, -8.326464843750003], [124.38066406249999, -8.415136718750006], [124.57558593750002, -8.140820312500011], [125.05029296875, -8.179589843750009]]], [[[130.78232421875003, -1.2554687500000057], [130.67294921875003, -0.9597656250000028], [131.03300781250005, -0.9175781250000057], [131.00185546875002, -1.3155273437500057], [130.78232421875003, -1.2554687500000057]]], [[[97.54716796874999, 5.205859374999989], [98.24843750000002, 4.41455078125], [98.30732421875001, 4.0928710937499915], [99.73232421875002, 3.183056640624997], [100.52382812500002, 2.189160156249997], [100.88789062500001, 1.9482421875], [100.82822265625003, 2.2425781249999943], [101.04619140624999, 2.2574707031249943], [101.47666015625003, 1.6930664062499972], [102.01992187500002, 1.442138671875], [102.38994140624999, 0.8419921874999972], [103.03183593750003, 0.5789062499999886], [103.00751953125001, 0.41533203124998863], [102.55000000000001, 0.21645507812499432], [103.33896484375003, 0.5137207031249886], [103.67265624999999, 0.2889160156249915], [103.78671875000003, 0.046972656249991473], [103.42851562499999, -0.19179687500000853], [103.43857421875003, -0.5755859375000085], [103.72109375000002, -0.88671875], [104.36054687500001, -1.0383789062500028], [104.51591796874999, -1.8194335937500057], [104.84521484375, -2.0929687500000114], [104.65078125000002, -2.59521484375], [104.97080078125003, -2.370898437500003], [105.39697265625, -2.380175781250003], [106.04433593750002, -3.106250000000003], [105.84375, -3.6136718750000085], [105.88720703125, -5.009570312500003], [105.74833984374999, -5.8182617187500085], [105.34941406249999, -5.549511718750011], [105.08134765624999, -5.7455078125000085], [104.63955078125002, -5.5204101562500085], [104.6015625, -5.904589843750003], [101.57861328125, -3.1669921875], [100.88955078125002, -2.24853515625], [100.30820312500003, -0.82666015625], [99.66982421875002, 0.045068359374994316], [99.1591796875, 0.35175781249999716], [98.59531250000003, 1.8645996093749915], [97.70078125000003, 2.3585449218749943], [97.5908203125, 2.8465820312499943], [96.96894531250001, 3.575146484374997], [96.44472656250002, 3.8163085937499943], [95.57861328125, 4.6619628906249915], [95.20664062500003, 5.2840332031249915], [95.22783203124999, 5.5647949218749915], [95.62890625, 5.609082031249997], [96.49257812500002, 5.2293457031249915], [97.54716796874999, 5.205859374999989]]], [[[121.03525390625003, -8.935449218750009], [119.90937500000001, -8.857617187500011], [119.80791015624999, -8.697656250000009], [119.87480468749999, -8.419824218750009], [120.61025390625002, -8.240429687500011], [121.44453125000001, -8.577832031250011], [121.96650390625001, -8.455175781250006], [122.3232421875, -8.628320312500009], [122.85048828125002, -8.304394531250011], [122.91914062500001, -8.221875000000011], [122.75859374999999, -8.185937500000009], [122.9169921875, -8.105566406250006], [123.00595703125003, -8.3291015625], [122.84677734375003, -8.562207031250011], [121.03525390625003, -8.935449218750009]]], [[[120.55556640625002, -9.719042968750003], [120.80419921875, -10.108496093750006], [120.25546875000003, -10.242285156250006], [119.60107421875, -9.773535156250006], [119.08544921875, -9.706933593750009], [118.95878906249999, -9.519335937500003], [119.94208984375001, -9.301464843750011], [120.55556640625002, -9.719042968750003]]], [[[118.61191406250003, -8.280664062500009], [118.7138671875, -8.414941406250009], [118.92617187500002, -8.297656250000003], [119.12968749999999, -8.668164062500011], [118.47861328125003, -8.8564453125], [118.37890625, -8.674609375000003], [117.06132812499999, -9.099023437500009], [116.78847656250002, -9.00634765625], [116.83505859375003, -8.532421875000011], [117.16484374999999, -8.3671875], [117.56708984375001, -8.426367187500006], [117.96953124999999, -8.72802734375], [118.23486328125, -8.591894531250006], [117.81484375000002, -8.342089843750003], [117.75527343750002, -8.149511718750006], [118.11748046874999, -8.122265625000011], [118.24238281250001, -8.317773437500009], [118.61191406250003, -8.280664062500009]]], [[[124.42753906249999, 0.4706054687499943], [123.75380859375002, 0.3055175781249915], [122.99687499999999, 0.4935058593749915], [120.57900390625002, 0.5283203125], [120.19228515625002, 0.26850585937499716], [120.01328125000003, -0.19619140625000853], [120.06289062500002, -0.5555664062500085], [120.66738281250002, -1.3701171875], [121.14853515625003, -1.3394531250000057], [121.57558593750002, -0.8285156250000085], [121.96962890625002, -0.9333007812500114], [123.17148437500003, -0.5707031250000085], [123.43417968750003, -0.7782226562500085], [123.3779296875, -1.0041015625000114], [122.90283203125, -0.9009765625000057], [122.25068359375001, -1.5552734375000057], [121.65097656250003, -1.8954101562500085], [121.35546875, -1.8782226562500028], [122.29169921875001, -2.9076171875000085], [122.39902343750003, -3.2008789062500114], [122.2529296875, -3.620410156250003], [122.68964843750001, -4.08447265625], [122.84794921874999, -4.064550781250006], [122.87226562500001, -4.3919921875000085], [122.1142578125, -4.540234375000011], [122.0380859375, -4.8324218750000085], [121.58867187499999, -4.759570312500003], [121.48652343750001, -4.5810546875], [121.61806640625002, -4.0926757812500085], [120.89179687500001, -3.5206054687500057], [121.05214843750002, -2.7516601562500114], [120.65361328124999, -2.6675781250000057], [120.26103515624999, -2.9493164062500057], [120.43662109375003, -3.707324218750003], [120.279296875, -5.146093750000006], [120.43037109375001, -5.591015625000011], [119.55742187499999, -5.611035156250011], [119.3603515625, -5.314160156250011], [119.62363281250003, -4.034375000000011], [119.46748046875001, -3.512988281250003], [118.99462890625, -3.53759765625], [118.86767578125, -3.3980468750000057], [118.78330078125003, -2.7208007812500057], [119.09218750000002, -2.48291015625], [119.32187500000003, -1.9296875], [119.30898437500002, -1.408203125], [119.50820312500002, -0.90673828125], [119.71132812500002, -0.6807617187500057], [119.84433593750003, -0.8619140625000057], [119.72187500000001, -0.08847656250000568], [120.26953125, 0.9708007812499915], [120.6025390625, 0.8543945312499943], [121.08173828125001, 1.32763671875], [121.591796875, 1.0679687499999915], [122.83828125000002, 0.845703125], [123.93076171875003, 0.8504394531249915], [124.94707031249999, 1.6721679687499886], [125.23378906250002, 1.5022949218749915], [124.42753906249999, 0.4706054687499943]]], [[[107.66679687499999, -6.2158203125], [108.33017578125003, -6.2860351562500085], [108.67783203125003, -6.79052734375], [110.42626953125, -6.947265625], [110.83476562499999, -6.4242187500000085], [111.18154296875002, -6.686718750000011], [111.54033203124999, -6.648242187500003], [112.53925781250001, -6.926464843750011], [112.79453125000003, -7.552441406250011], [113.01357421875002, -7.65771484375], [114.07070312500002, -7.633007812500011], [114.40927734375003, -7.79248046875], [114.38691406250001, -8.405175781250009], [114.58378906249999, -8.769628906250006], [113.25332031250002, -8.286718750000006], [112.67880859375003, -8.4091796875], [111.50996093750001, -8.305078125000009], [109.28164062500002, -7.704882812500003], [107.91748046875, -7.72412109375], [106.45527343750001, -7.36865234375], [106.51972656250001, -7.0537109375], [106.1982421875, -6.927832031250006], [105.25546875000003, -6.835253906250003], [105.78691406249999, -6.4569335937500085], [106.07499999999999, -5.914160156250006], [106.8251953125, -6.098242187500006], [107.04628906250002, -5.9041992187500085], [107.66679687499999, -6.2158203125]]], [[[109.65400390625001, 1.6148925781249943], [110.50576171875002, 0.8619628906249943], [111.10136718749999, 1.050537109375], [111.80898437500002, 1.0116699218749972], [112.47617187500003, 1.55908203125], [112.94296875000003, 1.5669921874999915], [113.62226562500001, 1.2359374999999915], [113.90234375, 1.4342773437499972], [114.51249999999999, 1.4520019531249915], [114.83056640625, 1.9800292968749886], [114.78642578124999, 2.25048828125], [115.17910156250002, 2.523193359375], [115.11757812500002, 2.8948730468749915], [115.45439453124999, 3.0343261718749943], [115.67880859375003, 4.193017578124994], [115.86074218750002, 4.348046874999994], [117.1005859375, 4.337060546874994], [117.57441406250001, 4.170605468749997], [117.46533203125, 4.076074218749994], [117.77724609375002, 3.6892578124999886], [117.05595703124999, 3.6226562499999915], [117.34628906250003, 3.4266113281249915], [117.35244140625002, 3.1937499999999943], [117.61064453124999, 3.0643554687499943], [117.56914062499999, 2.9292968749999915], [118.06660156250001, 2.317822265624997], [117.78925781250001, 2.02685546875], [118.98496093750003, 0.9821289062499972], [118.53476562500003, 0.8135253906249886], [117.91162109375, 1.0986816406249886], [117.96425781250002, 0.8895507812499943], [117.52216796875001, 0.23588867187498863], [117.5625, -0.7708984375000085], [116.91396484375002, -1.2236328125], [116.73984375000003, -1.0442382812500028], [116.75341796875, -1.3273437500000114], [116.27548828125003, -1.7848632812500114], [116.45195312499999, -1.9231445312500028], [116.31396484375, -2.1398437500000114], [116.5654296875, -2.2997070312500085], [116.529296875, -2.510546875000003], [116.31679687500002, -2.5518554687500057], [116.33066406250003, -2.902148437500003], [116.16630859374999, -2.9345703125], [116.25722656250002, -3.1263671875000085], [115.95615234375003, -3.595019531250003], [114.69355468750001, -4.169726562500003], [114.52558593750001, -3.3766601562500114], [114.34433593750003, -3.4444335937500057], [114.34433593750003, -3.235156250000003], [113.705078125, -3.4552734375000114], [113.61005859375001, -3.1957031250000085], [113.34316406250002, -3.2464843750000085], [113.03398437499999, -2.9334960937500085], [112.75800781250001, -3.3221679687500085], [112.28496093749999, -3.3209960937500114], [111.85810546875001, -3.5518554687500057], [111.69472656250002, -2.889453125000003], [110.93007812500002, -3.071093750000003], [110.89931640625002, -2.9085937500000085], [110.25605468750001, -2.966113281250003], [109.95986328125002, -1.86279296875], [109.98330078125002, -1.2748046875000085], [109.78740234374999, -1.0113281250000057], [109.2587890625, -0.8074218750000028], [109.37275390625001, -0.63818359375], [109.12109375, -0.39091796875000284], [109.25751953125001, 0.031152343749994316], [108.94453125000001, 0.35566406249999716], [109.07587890625001, 1.4958984374999886], [109.62890625, 2.027539062499997], [109.65400390625001, 1.6148925781249943]]], [[[127.88105468750001, 0.8321289062499915], [128.22246093750005, 1.400634765625], [128.68837890625002, 1.5725585937499886], [128.70263671875, 1.1063964843749972], [128.26064453125002, 0.7337890624999943], [128.899609375, 0.21625976562499716], [127.98310546875001, 0.47187499999999716], [127.88740234375001, 0.29833984375], [127.97783203125005, -0.24833984375000284], [128.42548828125, -0.8926757812500057], [128.04638671875, -0.7060546875], [127.69160156250001, -0.24189453125001137], [127.60800781250003, 0.8482421874999915], [127.42851562500005, 1.1399902343749915], [127.63173828125002, 1.8437011718749972], [128.03642578125005, 2.1990234374999886], [127.88681640625003, 1.8329589843749972], [128.01171875, 1.3317382812499972], [127.63437500000003, 0.9361328124999915], [127.88105468750001, 0.8321289062499915]]], [[[130.56992187500003, -3.130859375], [130.85996093750003, -3.5703125], [130.80507812500002, -3.857714843750003], [129.84414062500002, -3.3271484375], [129.51171875, -3.3285156250000085], [129.46767578125002, -3.4532226562500057], [128.8625, -3.2349609375000057], [128.5166015625, -3.4491210937500085], [128.13203125, -3.1574218750000114], [127.90234375, -3.4962890625000114], [127.8779296875, -3.2220703125000085], [128.19853515625005, -2.8659179687500114], [129.17441406250003, -2.9334960937500085], [129.48417968750005, -2.7857421875000057], [130.56992187500003, -3.130859375]]], [[[127.22734375000005, -3.3910156250000085], [127.22958984375003, -3.6330078125000114], [126.68632812499999, -3.8236328125000085], [126.05654296875002, -3.4209960937500057], [126.08828125000002, -3.10546875], [126.86113281249999, -3.087890625], [127.22734375000005, -3.3910156250000085]]], [[[125.14902343750003, -9.042578125000006], [124.96015625000001, -9.213769531250009], [125.06816406249999, -9.511914062500011], [124.96308593750001, -9.665625000000006], [124.42753906249999, -10.148632812500011], [123.64414062500003, -10.310937500000009], [123.70937500000002, -9.614843750000006], [124.03632812500001, -9.341601562500003], [124.3193359375, -9.413769531250011], [124.92226562500002, -8.942480468750006], [125.14902343750003, -9.042578125000006]]], [[[134.71416015625005, -6.295117187500011], [134.44111328125, -6.3348632812500085], [134.15488281250003, -6.0628906250000085], [134.34306640625005, -5.8330078125], [134.20537109375005, -5.707226562500011], [134.57080078125, -5.427343750000006], [134.74697265625002, -5.70703125], [134.71416015625005, -6.295117187500011]]], [[[134.32275390625, -6.848730468750006], [134.0908203125, -6.833789062500003], [134.11464843750002, -6.1908203125000085], [134.53681640625, -6.4422851562500085], [134.32275390625, -6.848730468750006]]], [[[138.29628906250002, -8.405175781250009], [137.650390625, -8.386132812500009], [137.83251953125, -7.932226562500006], [138.29550781250003, -7.4384765625], [138.76982421875005, -7.390429687500003], [138.98906250000005, -7.696093750000003], [138.78593750000005, -8.05908203125], [138.29628906250002, -8.405175781250009]]], [[[140.97500000000002, -6.3460937500000085], [140.8623046875, -6.740039062500003], [140.97519531250003, -6.905371093750006], [140.97617187500003, -9.118750000000006], [140.0029296875, -8.195507812500011], [140.11699218750005, -7.9237304687500085], [139.934765625, -8.101171875000006], [139.38564453125002, -8.189062500000006], [139.24882812500005, -7.982421875], [138.890625, -8.23779296875], [139.08798828125003, -7.587207031250003], [138.74794921875002, -7.25146484375], [139.17685546875003, -7.1904296875], [138.60136718750005, -6.9365234375], [138.86455078125005, -6.8583984375], [138.438671875, -6.343359375000006], [138.37460937500003, -5.8436523437500085], [138.19960937500002, -5.8070312500000085], [138.33964843750005, -5.6756835937500085], [138.087109375, -5.709179687500011], [138.06083984375005, -5.4652343750000085], [137.27978515625, -4.945410156250006], [135.9796875, -4.530859375000006], [135.19560546875005, -4.45068359375], [134.6796875, -4.0791015625], [134.88652343750005, -3.9384765625], [133.973828125, -3.8179687500000057], [133.67832031250003, -3.4794921875], [133.84150390625, -3.0547851562500057], [133.51816406250003, -3.411914062500003], [133.40087890625, -3.8990234375000057], [133.24873046875, -4.062304687500003], [132.91445312500002, -4.056933593750003], [132.75136718750002, -3.2946289062500114], [131.97119140625, -2.78857421875], [132.2306640625, -2.6803710937500114], [132.72500000000002, -2.7890625], [133.19101562500003, -2.437792968750003], [133.70009765625002, -2.6246093750000057], [133.92158203125, -2.10205078125], [132.3076171875, -2.2422851562500057], [132.0234375, -1.9903320312500057], [131.93037109375, -1.5596679687500057], [130.99589843750005, -1.4247070312500085], [131.25722656250002, -0.85546875], [132.39375, -0.35546875], [133.47265625, -0.7261718750000057], [133.97451171875002, -0.7443359375000114], [134.25957031250005, -1.3629882812500114], [134.10585937500002, -1.7209960937500028], [134.19482421875, -2.30908203125], [134.4599609375, -2.832324218750003], [134.48330078125002, -2.5830078125], [134.62744140625, -2.5367187500000057], [134.88681640625003, -3.2098632812500085], [135.25156250000003, -3.3685546875000085], [135.48662109375005, -3.3451171875000085], [135.85917968750005, -2.9953125000000114], [136.38994140625005, -2.2733398437500085], [137.07207031250005, -2.1050781250000057], [137.12343750000002, -1.8409179687500057], [137.80625000000003, -1.4832031250000028], [139.78955078125, -2.3482421875000057], [140.97343750000005, -2.6097656250000085], [140.97500000000002, -6.3460937500000085]]], [[[138.59423828125, -8.371484375000009], [138.56337890625002, -8.30908203125], [138.79619140625005, -8.173632812500003], [138.89511718750003, -8.388671875], [138.59423828125, -8.371484375000009]]], [[[101.71943359375001, 1.7891601562499915], [101.50078124999999, 1.7332031249999886], [101.40966796875, 2.021679687499997], [101.64072265625003, 2.126708984375], [101.71943359375001, 1.7891601562499915]]], [[[102.27958984374999, 1.07568359375], [102.25634765625, 1.3970703124999915], [102.44287109375, 1.2342285156249915], [102.42714843750002, 0.9901367187499943], [102.27958984374999, 1.07568359375]]], [[[102.49941406250002, 1.3309082031249915], [102.02402343750003, 1.6079589843749886], [102.49189453125001, 1.4591796874999972], [102.49941406250002, 1.3309082031249915]]], [[[102.49042968750001, 0.8566406249999972], [102.50664062499999, 1.0887695312499943], [103.00244140625, 0.8592773437499943], [103.02753906250001, 0.7466308593749886], [102.49042968750001, 0.8566406249999972]]], [[[102.70185546875001, 1.0537109375], [102.7255859375, 1.1588378906249943], [102.99941406250002, 1.0677734374999943], [103.16640625000002, 0.8701660156249886], [102.70185546875001, 1.0537109375]]], [[[103.13955078125002, 0.549072265625], [103.18740234375002, 0.6997558593749886], [103.29511718750001, 0.6139648437499972], [103.13955078125002, 0.549072265625]]], [[[103.34443359375001, 0.7778808593749886], [103.38613281250002, 0.8695800781249972], [103.49746093750002, 0.7227050781249886], [103.34443359375001, 0.7778808593749886]]], [[[104.13984375000001, 1.1655761718749886], [104.06611328125001, 0.9895507812499886], [103.93222656250003, 1.0713867187499915], [104.13984375000001, 1.1655761718749886]]], [[[104.5751953125, 0.8319335937499943], [104.43925781249999, 1.0504394531249943], [104.251953125, 1.014892578125], [104.58535156250002, 1.2161132812499886], [104.5751953125, 0.8319335937499943]]], [[[105.00537109375, -0.2828125000000057], [104.44707031249999, -0.18916015625001137], [104.54267578125001, 0.017724609374994316], [105.00537109375, -0.2828125000000057]]], [[[104.59013671874999, -0.46660156250000284], [104.36318359375002, -0.6585937500000085], [104.25712890624999, -0.4632812500000085], [104.47421875000003, -0.33466796875001137], [104.59013671874999, -0.46660156250000284]]], [[[103.60634765625002, -0.3829101562500057], [103.46132812500002, -0.35761718750001137], [103.54892578125003, -0.2275390625], [103.73652343750001, -0.34794921875000284], [103.60634765625002, -0.3829101562500057]]], [[[109.46367187499999, -1.2775390625000114], [109.47597656250002, -0.9853515625], [109.74335937500001, -1.0393554687500028], [109.46367187499999, -1.2775390625000114]]], [[[113.470703125, -7.218457031250011], [112.72587890624999, -7.07275390625], [113.0673828125, -6.879980468750006], [114.07363281250002, -6.960156250000011], [113.470703125, -7.218457031250011]]], [[[134.86171875000002, -1.1141601562500085], [134.82792968750005, -0.9788085937500028], [134.9962890625, -1.0340820312500085], [134.86171875000002, -1.1141601562500085]]], [[[127.119140625, -0.5205078125], [127.12646484375, -0.27861328125000284], [127.2900390625, -0.28437500000001137], [127.119140625, -0.5205078125]]], [[[127.60498046875, -0.6101562500000028], [127.88017578125005, -0.8086914062500057], [127.76113281250002, -0.8836914062500085], [127.46269531250005, -0.8059570312500028], [127.30000000000001, -0.5002929687500028], [127.32509765625002, -0.3358398437500085], [127.56699218750003, -0.3189453125000057], [127.60498046875, -0.6101562500000028]]], [[[132.84501953125005, -5.987988281250011], [133.13847656250005, -5.31787109375], [133.11962890625, -5.575976562500003], [132.84501953125005, -5.987988281250011]]], [[[132.68144531250005, -5.91259765625], [132.63017578125005, -5.607031250000006], [132.73779296875, -5.661718750000006], [132.80712890625, -5.850781250000011], [132.68144531250005, -5.91259765625]]], [[[127.97802734375, -3.77099609375], [127.92500000000001, -3.6993164062500057], [128.3291015625, -3.515917968750003], [127.97802734375, -3.77099609375]]], [[[126.70449218750002, 4.070996093749997], [126.75732421875, 4.547900390624989], [126.92109375000001, 4.291015625], [126.81660156250001, 4.033496093749989], [126.70449218750002, 4.070996093749997]]], [[[125.51152343749999, 3.461132812499997], [125.46884765625003, 3.7332519531249915], [125.54345703125, 3.67041015625], [125.65810546875002, 3.43603515625], [125.51152343749999, 3.461132812499997]]], [[[130.77519531250005, -8.349902343750003], [131.02011718750003, -8.09130859375], [131.17636718750003, -8.130761718750009], [130.77519531250005, -8.349902343750003]]], [[[129.71347656250003, -8.040722656250011], [129.60898437500003, -7.803417968750011], [129.81298828125, -7.8197265625000085], [129.71347656250003, -8.040722656250011]]], [[[128.098828125, -8.134863281250006], [128.11923828125003, -8.170703125000003], [128.02353515625003, -8.25537109375], [127.82343750000001, -8.098828125000011], [128.098828125, -8.134863281250006]]], [[[130.41884765625002, -1.9712890625000057], [130.248046875, -2.0477539062500085], [129.73769531250002, -1.8668945312500114], [130.35332031250005, -1.6905273437500057], [130.41884765625002, -1.9712890625000057]]], [[[102.28593749999999, -5.483496093750006], [102.11074218750002, -5.322558593750003], [102.37177734375001, -5.366406250000011], [102.28593749999999, -5.483496093750006]]], [[[100.46513671874999, -3.3285156250000085], [100.19853515624999, -2.7855468750000085], [100.45458984375, -3.001953125], [100.46513671874999, -3.3285156250000085]]], [[[100.01494140624999, -2.8197265625000085], [99.98789062500003, -2.525390625], [100.20195312499999, -2.6796875], [100.01494140624999, -2.8197265625000085]]], [[[99.60703125000003, -2.2575195312500114], [99.57216796875002, -2.0257812500000085], [99.68642578125002, -2.0633789062500085], [99.84306640624999, -2.343066406250003], [99.60703125000003, -2.2575195312500114]]], [[[98.30966796875003, -0.5318359375000057], [98.42714843750002, -0.22646484375000853], [98.32294921875001, -0.0007812500000028422], [98.54414062500001, -0.25761718750000284], [98.45927734374999, -0.5304687500000114], [98.30966796875003, -0.5318359375000057]]], [[[95.80859375, 2.6556152343749915], [95.71718750000002, 2.8259765624999886], [95.89580078124999, 2.8890624999999943], [96.46367187499999, 2.3600097656249943], [95.80859375, 2.6556152343749915]]], [[[121.80849609375002, -5.256152343750003], [121.91367187500003, -5.072265625], [122.041015625, -5.158789062500006], [122.04296875, -5.43798828125], [121.80849609375002, -5.256152343750003]]], [[[123.23779296875, -1.3893554687500114], [123.43476562500001, -1.23681640625], [123.51191406250001, -1.4473632812500057], [123.27490234375, -1.4372070312500114], [123.17294921875003, -1.6160156250000028], [123.150390625, -1.3044921875000028], [122.89042968749999, -1.5872070312500028], [122.90800781249999, -1.1822265625000057], [123.21230468750002, -1.1712890625000085], [123.23779296875, -1.3893554687500114]]], [[[121.88125000000002, -0.5026367187500114], [121.6552734375, -0.5261718750000028], [121.74931640624999, -0.40703125000000284], [121.88125000000002, -0.5026367187500114]]], [[[120.4873046875, -6.46484375], [120.47734374999999, -5.7752929687500085], [120.54921875000002, -5.96923828125], [120.4873046875, -6.46484375]]], [[[115.22031250000003, -6.9525390625000085], [115.41445312500002, -6.8397460937500085], [115.54609375000001, -6.938671875000011], [115.22031250000003, -6.9525390625000085]]], [[[116.05878906250001, -4.006933593750006], [116.06357421875003, -3.4579101562500085], [116.26972656250001, -3.2510742187500057], [116.30332031250003, -3.8681640625], [116.05878906250001, -4.006933593750006]]], [[[122.845703125, -10.761816406250006], [123.37109375, -10.474902343750003], [123.41816406250001, -10.651269531250009], [122.94892578125001, -10.909277343750006], [122.845703125, -10.761816406250006]]], [[[124.14667968750001, -8.531445312500011], [123.927734375, -8.448925781250011], [124.23955078124999, -8.203417968750003], [124.14667968750001, -8.531445312500011]]], [[[123.55302734374999, -8.566796875000009], [123.23007812500003, -8.530664062500009], [123.39121093750003, -8.280468750000011], [123.9248046875, -8.2724609375], [123.55302734374999, -8.566796875000009]]], [[[123.29726562500002, -8.398632812500011], [123.02500000000003, -8.3955078125], [123.21708984374999, -8.235449218750006], [123.29726562500002, -8.398632812500011]]], [[[134.66083984375, -6.558886718750003], [134.63369140625002, -6.477246093750011], [134.67910156250002, -6.4560546875], [134.66083984375, -6.558886718750003]]], [[[103.4296875, 0.9933593749999972], [103.3154296875, 1.0712890625], [103.37998046875003, 1.1336425781249915], [103.4296875, 0.9933593749999972]]], [[[103.74238281250001, 0.8299804687499943], [103.751953125, 0.891357421875], [103.806640625, 0.8463378906249943], [103.74238281250001, 0.8299804687499943]]], [[[104.1767578125, 0.8048828124999972], [104.10830078125002, 0.9335449218749972], [104.22705078125, 0.8798828125], [104.1767578125, 0.8048828124999972]]], [[[104.603515625, 0.09521484375], [104.49921875000001, 0.23208007812499432], [104.54384765625002, 0.22329101562499432], [104.603515625, 0.09521484375]]], [[[106.28369140625, 3.0882324218749915], [106.20097656249999, 3.2048828124999886], [106.27119140625001, 3.21630859375], [106.28369140625, 3.0882324218749915]]], [[[105.70615234375003, 2.888867187499997], [105.69218749999999, 3.0625], [105.83671874999999, 2.976513671874997], [105.70615234375003, 2.888867187499997]]], [[[108.8388671875, 2.85302734375], [108.78652343750002, 2.8856445312499943], [108.8857421875, 2.998974609374997], [108.8388671875, 2.85302734375]]], [[[108.837890625, -1.66162109375], [108.8037109375, -1.5677734375000085], [108.95683593749999, -1.5640625000000057], [108.837890625, -1.66162109375]]], [[[107.40927734375003, -2.9005859375000114], [107.41933593750002, -2.8380859375000114], [107.49970703125001, -2.845019531250003], [107.40927734375003, -2.9005859375000114]]], [[[106.81425781249999, -3.014453125000003], [106.74287109375001, -2.9328125000000114], [106.91064453125, -2.9339843750000085], [106.81425781249999, -3.014453125000003]]], [[[114.34687500000001, -7.163281250000011], [114.298828125, -7.0975585937500085], [114.38359374999999, -7.080664062500006], [114.34687500000001, -7.163281250000011]]], [[[112.60214843750003, -5.8436523437500085], [112.58603515625003, -5.8036132812500085], [112.69003906250003, -5.726171875000006], [112.60214843750003, -5.8436523437500085]]], [[[105.1904296875, -6.6625000000000085], [105.12138671874999, -6.614941406250011], [105.26054687499999, -6.52392578125], [105.1904296875, -6.6625000000000085]]], [[[97.32832031250001, 2.0532714843749886], [97.10830078125002, 2.2168945312499915], [97.29140625000002, 2.2008300781249943], [97.32832031250001, 2.0532714843749886]]], [[[95.283203125, 5.798535156249997], [95.21767578125002, 5.8895019531249915], [95.35917968749999, 5.876757812499989], [95.283203125, 5.798535156249997]]], [[[123.48251953125003, -1.6814453125000028], [123.52851562500001, -1.5028320312500085], [123.61640625000001, -1.62744140625], [123.48251953125003, -1.6814453125000028]]], [[[123.076171875, -4.227148437500006], [122.96904296874999, -4.029980468750011], [123.2119140625, -3.99755859375], [123.076171875, -4.227148437500006]]], [[[123.80351562499999, -1.9943359375000114], [123.78349609374999, -1.8783203125000085], [123.84824218750003, -1.9554687500000085], [123.80351562499999, -1.9943359375000114]]], [[[123.07880859375001, -1.89892578125], [123.1064453125, -1.7867187500000057], [123.15253906250001, -1.8165039062500057], [123.07880859375001, -1.89892578125]]], [[[119.38554687499999, -8.736035156250011], [119.44648437500001, -8.42919921875], [119.55722656250003, -8.518847656250003], [119.38554687499999, -8.736035156250011]]], [[[119.02089843750002, -8.199902343750011], [119.09775390625003, -8.13916015625], [119.13486328125003, -8.197070312500003], [119.02089843750002, -8.199902343750011]]], [[[115.58193359375002, -8.80419921875], [115.48046875, -8.715429687500006], [115.56142578125002, -8.669921875], [115.58193359375002, -8.80419921875]]], [[[117.884765625, 4.1861328124999915], [117.9228515625, 4.0542968749999915], [117.73681640625, 4.0040039062499915], [117.64902343750003, 4.168994140624989], [117.884765625, 4.1861328124999915]]], [[[117.56035156249999, 3.3282226562499915], [117.5478515625, 3.4319824218749915], [117.68085937500001, 3.4075195312499886], [117.56035156249999, 3.3282226562499915]]], [[[124.04208984375003, -6.021582031250006], [123.97578125000001, -5.880175781250003], [124.02294921875, -5.902148437500003], [124.04208984375003, -6.021582031250006]]], [[[123.62275390625001, -5.373046875], [123.58261718750003, -5.367382812500011], [123.54277343749999, -5.271093750000006], [123.62275390625001, -5.373046875]]], [[[120.64082031250001, -7.115820312500006], [120.63339843750003, -7.018261718750011], [120.78173828125, -7.063085937500006], [120.64082031250001, -7.115820312500006]]], [[[117.49052734374999, -8.183398437500003], [117.6650390625, -8.148242187500003], [117.55634765625001, -8.367285156250006], [117.49052734374999, -8.183398437500003]]], [[[116.38779296875003, -3.63671875], [116.32656250000002, -3.5390625], [116.42695312500001, -3.39990234375], [116.38779296875003, -3.63671875]]], [[[127.30605468750002, 0.7694335937499943], [127.29277343750005, 0.8424804687499972], [127.35380859375005, 0.8474609374999886], [127.30605468750002, 0.7694335937499943]]], [[[134.33505859375003, -2.09521484375], [134.36953125000002, -2.027636718750003], [134.41904296875003, -2.0517578125], [134.33505859375003, -2.09521484375]]], [[[133.62187500000005, -4.29931640625], [133.32089843750003, -4.111035156250011], [133.46435546875, -4.199804687500006], [133.62187500000005, -4.29931640625]]], [[[130.83242187500002, -0.8628906250000057], [130.40244140625003, -0.9239257812500057], [130.48427734375002, -0.83251953125], [130.9052734375, -0.7774414062500057], [130.83242187500002, -0.8628906250000057]]], [[[130.56914062500005, -0.5299804687500114], [130.46542968750003, -0.48652343750001137], [130.61591796875, -0.41728515625000284], [130.56914062500005, -0.5299804687500114]]], [[[129.3701171875, -0.06640625], [129.3087890625, 0.04541015625], [129.5419921875, -0.13925781250000568], [129.3701171875, -0.06640625]]], [[[127.39677734375005, 0.0166015625], [127.43134765625001, 0.142578125], [127.44941406250001, 0.06899414062499432], [127.39677734375005, 0.0166015625]]], [[[127.37363281250003, 0.6348632812499915], [127.38261718750005, 0.7435546874999943], [127.44257812500001, 0.7334472656249886], [127.37363281250003, 0.6348632812499915]]], [[[127.15644531250001, -0.7609375000000114], [127.20908203125003, -0.6193359375000114], [127.25820312500002, -0.6234375000000085], [127.30039062500003, -0.7809570312500114], [127.15644531250001, -0.7609375000000114]]], [[[128.61953125000002, -3.5885742187500114], [128.58515625, -3.51220703125], [128.594921875, -3.4948242187500114], [128.72246093750005, -3.546875], [128.61953125000002, -3.5885742187500114]]], [[[128.3916015625, -3.6378906250000114], [128.45156250000002, -3.5147460937500057], [128.56259765625003, -3.58544921875], [128.3916015625, -3.6378906250000114]]], [[[126.72177734375003, 3.83251953125], [126.63749999999999, 4.041943359374997], [126.73964843750002, 3.917724609375], [126.72177734375003, 3.83251953125]]], [[[126.79960937499999, 3.783886718749997], [126.77890625000003, 3.8431640624999943], [126.85703125000003, 3.8124023437499943], [126.79960937499999, 3.783886718749997]]], [[[125.36005859375001, 2.746826171875], [125.39082031250001, 2.805371093749997], [125.44648437500001, 2.7629882812499886], [125.40742187500001, 2.651611328125], [125.36005859375001, 2.746826171875]]], [[[131.96953125000005, -7.2513671875000085], [131.75078125000005, -7.116796875000006], [131.92226562500002, -7.1044921875], [131.96953125000005, -7.2513671875000085]]], [[[128.625, -7.208593750000006], [128.52978515625, -7.134570312500003], [128.62773437500005, -7.0687500000000085], [128.625, -7.208593750000006]]], [[[127.35527343750005, -7.646484375], [127.37070312500003, -7.512792968750006], [127.47519531250003, -7.531054687500003], [127.35527343750005, -7.646484375]]], [[[123.32558593750002, -10.26416015625], [123.45878906249999, -10.139941406250003], [123.49677734375001, -10.193945312500006], [123.32558593750002, -10.26416015625]]], [[[121.70468750000003, -10.5556640625], [121.99833984374999, -10.446972656250011], [121.88300781250001, -10.59033203125], [121.70468750000003, -10.5556640625]]], [[[134.79531250000002, -6.39306640625], [134.88583984375003, -6.323535156250003], [134.81953125, -6.434179687500006], [134.79531250000002, -6.39306640625]]], [[[134.6291015625, -6.7127929687500085], [134.73574218750002, -6.623339843750003], [134.72607421875, -6.668652343750011], [134.6291015625, -6.7127929687500085]]], [[[127.93769531250001, -3.02001953125], [127.83427734375005, -3.00439453125], [127.93837890625002, -2.9523437500000114], [127.93769531250001, -3.02001953125]]], [[[127.62929687500002, -3.359179687500003], [127.48769531250002, -3.2881835937500057], [127.55449218750005, -3.2542968750000085], [127.62929687500002, -3.359179687500003]]], [[[122.88779296875003, -8.587304687500009], [123.01054687499999, -8.448339843750006], [123.15312499999999, -8.475781250000011], [122.88779296875003, -8.587304687500009]]]]}}, {"id": "99", "type": "Feature", "properties": {"iso3": "NRU", "name": "Nauru"}, "geometry": {"type": "Polygon", "coordinates": [[[166.93896484375, -0.55078125], [166.90703125000005, -0.5237304687500028], [166.93896484375, -0.4893554687500057], [166.93896484375, -0.55078125]]]}}, {"id": "61", "type": "Feature", "properties": {"iso3": "SGP", "name": "Singapore"}, "geometry": {"type": "Polygon", "coordinates": [[[103.81992187500003, 1.265380859375], [103.65019531249999, 1.3255371093749915], [103.81796875000003, 1.4470703124999886], [103.9697265625, 1.3314453124999943], [103.81992187500003, 1.265380859375]]]}}, {"id": "113", "type": "Feature", "properties": {"iso3": "MDV", "name": "Maldives"}, "geometry": {"type": "MultiPolygon", "coordinates": [[[[73.38496093750001, 3.2713867187499943], [73.427734375, 3.2898437499999886], [73.44277343750002, 3.2743164062499943], [73.38496093750001, 3.2713867187499943]]], [[[73.47304687500002, 4.170703124999989], [73.51777343750001, 4.2476562499999915], [73.5283203125, 4.243310546874994], [73.47304687500002, 4.170703124999989]]]]}}, {"id": "114", "type": "Feature", "properties": {"iso3": "MYS", "name": "Malaysia"}, "geometry": {"type": "MultiPolygon", "coordinates": [[[[100.26142578125001, 6.6827148437499915], [101.05351562499999, 6.242578124999994], [100.98164062500001, 5.771044921874989], [101.11396484375001, 5.636767578124989], [101.55605468750002, 5.907763671874989], [101.79072265625001, 5.779345703124989], [102.10107421875, 6.242236328124989], [102.27402343750003, 6.203417968749989], [103.09707031250002, 5.408447265625], [103.45390624999999, 4.669482421874989], [103.439453125, 2.93310546875], [103.81220703125001, 2.5804687499999943], [104.25009765625003, 1.3885742187499943], [103.9814453125, 1.6236328124999915], [103.99150390624999, 1.4547851562499972], [103.48027343749999, 1.3294921874999943], [103.35683593750002, 1.546142578125], [101.29550781250003, 2.885205078124997], [101.35429687499999, 3.0111328124999943], [101.29990234375003, 3.2532714843749915], [100.71542968750003, 3.9662109374999943], [100.34326171875, 5.984179687499989], [100.119140625, 6.4419921874999915], [100.26142578125001, 6.6827148437499915]]], [[[116.51474609375003, 4.370800781249997], [115.86074218750002, 4.348046874999994], [115.67880859375003, 4.193017578124994], [115.45439453124999, 3.0343261718749943], [115.11757812500002, 2.8948730468749915], [115.17910156250002, 2.523193359375], [114.78642578124999, 2.25048828125], [114.83056640625, 1.9800292968749886], [114.51249999999999, 1.4520019531249915], [113.90234375, 1.4342773437499972], [113.62226562500001, 1.2359374999999915], [112.94296875000003, 1.5669921874999915], [112.47617187500003, 1.55908203125], [111.80898437500002, 1.0116699218749972], [111.10136718749999, 1.050537109375], [110.50576171875002, 0.8619628906249943], [109.54892578125003, 1.8483398437499972], [109.62890625, 2.027539062499997], [109.86484375000003, 1.7644531249999886], [111.22324218750003, 1.3958496093749915], [111.02871093750002, 1.5578124999999972], [111.2421875, 2.435742187499997], [111.44384765625, 2.381542968749997], [111.62324218750001, 2.8179687499999915], [113.04472656249999, 3.2052246093749943], [113.92392578125003, 4.243212890624989], [114.01249999999999, 4.575244140624989], [114.65410156249999, 4.037646484374989], [114.84023437500002, 4.393212890624994], [114.74667968750003, 4.718066406249989], [115.02675781250002, 4.899707031249989], [115.10703125000003, 4.390429687499989], [115.31923828125002, 4.365283203124989], [115.14003906250002, 4.8997558593749915], [115.55449218749999, 5.093554687499989], [115.41904296875003, 5.4131835937499915], [115.60390625000002, 5.603417968749994], [115.87714843750001, 5.613525390625], [116.77617187499999, 6.990234375], [116.7880859375, 6.606103515624994], [117.12851562500003, 6.968896484374994], [117.64570312500001, 6.473681640624989], [117.64453125, 6.001855468749994], [117.50117187500001, 5.884667968749994], [118.00380859375002, 6.0533203124999915], [118.11582031250003, 5.862499999999997], [117.9736328125, 5.706249999999997], [118.35312500000003, 5.806054687499994], [119.25556640625001, 5.365917968749997], [119.13222656250002, 5.100488281249994], [118.26054687499999, 4.9888671874999915], [118.18535156249999, 4.828515624999994], [118.54833984375, 4.3792480468749915], [118.00820312500002, 4.250244140625], [117.69648437500001, 4.342822265624989], [117.57441406250001, 4.170605468749997], [116.51474609375003, 4.370800781249997]]], [[[104.12910156250001, 2.7672363281249943], [104.18476562500001, 2.8717285156249943], [104.22324218750003, 2.7742187499999886], [104.12910156250001, 2.7672363281249943]]], [[[100.19101562500003, 5.282861328124994], [100.24550781250002, 5.4677734375], [100.3388671875, 5.410058593749994], [100.19101562500003, 5.282861328124994]]], [[[99.91865234375001, 6.358593749999997], [99.74375000000003, 6.2632812499999915], [99.64628906249999, 6.418359374999994], [99.91865234375001, 6.358593749999997]]], [[[117.08066406250003, 7.115283203124989], [117.06425781249999, 7.260693359374997], [117.26406250000002, 7.3516601562499915], [117.08066406250003, 7.115283203124989]]], [[[101.26806640625, 2.970410156249997], [101.31123046875001, 3.0673828125], [101.32841796874999, 3.047607421875], [101.26806640625, 2.970410156249997]]], [[[111.3115234375, 2.4375976562499915], [111.33349609375, 2.768310546875], [111.37832031250002, 2.7093261718749915], [111.3115234375, 2.4375976562499915]]], [[[117.74541015624999, 4.166943359374997], [117.64902343750003, 4.168994140624989], [117.7080078125, 4.262402343749997], [117.884765625, 4.1861328124999915], [117.74541015624999, 4.166943359374997]]]]}}, {"id": "208", "type": "Feature", "properties": {"iso3": "BRN", "name": "Brunei"}, "geometry": {"type": "MultiPolygon", "coordinates": [[[[115.26669921875003, 4.633984374999997], [115.29062500000003, 4.352587890624989], [115.10703125000003, 4.390429687499989], [115.05156249999999, 4.582666015624994], [115.02675781250002, 4.899707031249989], [115.26669921875003, 4.633984374999997]]], [[[114.74667968750003, 4.718066406249989], [114.84023437500002, 4.393212890624994], [114.65410156249999, 4.037646484374989], [114.06386718750002, 4.592675781249994], [114.99541015624999, 5.022363281249994], [115.02675781250002, 4.899707031249989], [114.74667968750003, 4.718066406249989]]]]}}, {"id": "84", "type": "Feature", "properties": {"iso3": "PLW", "name": "Palau"}, "geometry": {"type": "MultiPolygon", "coordinates": [[[[131.1349609375, 3.0252441406249915], [131.13671875, 3.0394531249999943], [131.18789062500002, 3.055615234374997], [131.1349609375, 3.0252441406249915]]], [[[134.51572265625003, 7.525781249999994], [134.65117187500005, 7.712109374999997], [134.59541015625, 7.382031249999997], [134.51572265625003, 7.525781249999994]]]]}}, {"id": "9", "type": "Feature", "properties": {"iso3": "FSM", "name": "Micronesia"}, "geometry": {"type": "MultiPolygon", "coordinates": [[[[162.99345703125005, 5.277246093749994], [162.92109375, 5.317919921874989], [162.958203125, 5.335009765624989], [162.99345703125005, 5.277246093749994]]], [[[138.06708984375, 9.419042968749991], [138.18583984375005, 9.593310546874989], [138.14267578125003, 9.500683593749997], [138.06708984375, 9.419042968749991]]], [[[151.63945312500005, 7.3330078125], [151.56972656250002, 7.345507812499989], [151.62949218750003, 7.390429687499989], [151.63945312500005, 7.3330078125]]], [[[151.86533203125003, 7.4661621093749915], [151.91054687500002, 7.460156249999997], [151.91259765625, 7.453857421875], [151.86533203125003, 7.4661621093749915]]], [[[158.18339843750005, 6.80126953125], [158.134765625, 6.94482421875], [158.29462890625, 6.951074218749994], [158.18339843750005, 6.80126953125]]]]}}, {"id": "63", "type": "Feature", "properties": {"iso3": "SYC", "name": "Seychelles"}, "geometry": {"type": "Polygon", "coordinates": [[[55.54296875, -4.7855468750000085], [55.383398437500006, -4.6092773437500085], [55.45576171875001, -4.558789062500011], [55.54296875, -4.7855468750000085]]]}}, {"id": "205", "type": "Feature", "properties": {"iso3": "BDI", "name": "Burundi"}, "geometry": {"type": "Polygon", "coordinates": [[[30.433496093750023, -2.87451171875], [30.7802734375, -2.98486328125], [30.79023437500001, -3.2746093750000114], [29.947265625, -4.307324218750011], [29.403222656250023, -4.449316406250006], [29.06318359375001, -2.6025390625], [29.390234375000006, -2.80859375], [29.698046875000017, -2.794726562500003], [29.8681640625, -2.7164062500000057], [29.93017578125, -2.3395507812500114], [30.553613281250023, -2.4000976562500114], [30.433496093750023, -2.87451171875]]]}}, {"id": "73", "type": "Feature", "properties": {"iso3": "RWA", "name": "Rwanda"}, "geometry": {"type": "Polygon", "coordinates": [[[29.82539062500001, -1.3355468750000057], [29.930078125000023, -1.4699218750000114], [30.50996093750001, -1.0672851562500085], [30.812597656250006, -1.5630859375000057], [30.828710937500006, -2.3384765625000057], [29.93017578125, -2.3395507812500114], [29.8681640625, -2.7164062500000057], [29.698046875000017, -2.794726562500003], [29.390234375000006, -2.80859375], [29.10205078125, -2.595703125], [28.921777343750023, -2.6820312500000085], [28.85761718750001, -2.4466796875000085], [29.13154296875001, -2.195117187500003], [29.14326171875001, -1.8160156250000057], [29.351660156250006, -1.517578125], [29.82539062500001, -1.3355468750000057]]]}}, {"id": "131", "type": "Feature", "properties": {"iso3": "KEN", "name": "Kenya"}, "geometry": {"type": "MultiPolygon", "coordinates": [[[[40.97646484375002, -2.1097656250000085], [41.13066406250002, -2.053027343750003], [41.1181640625, -2.10009765625], [40.97646484375002, -2.1097656250000085]]], [[[33.94316406250002, 0.17377929687499716], [34.48173828125002, 1.0421386718749943], [34.79863281250002, 1.2445312499999943], [34.97822265625001, 1.7736328124999972], [34.90576171875, 2.479687499999997], [34.447851562500006, 3.1634765624999943], [34.43769531250001, 3.650585937499997], [34.1650390625, 3.81298828125], [33.97607421875, 4.22021484375], [35.26835937500002, 5.4922851562499915], [35.325292968750006, 5.364892578124994], [35.74501953125002, 5.343994140625], [35.76308593750002, 4.808007812499994], [36.02197265625, 4.4681152343749915], [36.90556640625002, 4.4114746093749915], [38.08613281250001, 3.6488281249999943], [39.49443359375002, 3.4561035156249886], [39.84218750000002, 3.8514648437499943], [40.765234375000006, 4.2730468749999915], [41.14042968750002, 3.9629882812499915], [41.88398437500001, 3.977734374999997], [40.964453125000006, 2.814648437499997], [40.97871093750001, -0.8703125000000114], [41.53271484375, -1.6953125], [41.26748046875002, -1.9450195312500114], [40.889746093750006, -2.0235351562500057], [40.89824218750002, -2.2699218750000085], [40.644140625000006, -2.5394531250000085], [40.22246093750002, -2.6883789062500085], [40.11542968750001, -3.2505859375000057], [39.376953125, -4.62548828125], [39.19013671875001, -4.67724609375], [37.79726562500002, -3.6744140625000057], [37.60820312500002, -3.4970703125], [37.64384765625002, -3.04541015625], [33.90322265625002, -1.0020507812500057], [33.94316406250002, 0.17377929687499716]]]]}}, {"id": "34", "type": "Feature", "properties": {"iso3": "UGA", "name": "Uganda"}, "geometry": {"type": "Polygon", "coordinates": [[[30.809179687500006, -0.9949218750000028], [30.360253906250023, -1.0746093750000085], [29.930078125000023, -1.4699218750000114], [29.82539062500001, -1.3355468750000057], [29.576953125000017, -1.3878906250000114], [29.717675781250023, 0.09833984374999716], [29.94287109375, 0.8192382812499943], [31.252734375000017, 2.0445800781249943], [31.176367187500006, 2.2700683593749886], [30.728613281250006, 2.4553710937499886], [30.83857421875001, 3.49072265625], [31.04804687500001, 3.7249999999999943], [31.79804687500001, 3.8026367187499943], [32.13593750000001, 3.519726562499997], [32.99726562500001, 3.8801757812499886], [33.489355468750006, 3.755078124999997], [33.97607421875, 4.22021484375], [34.1650390625, 3.81298828125], [34.43769531250001, 3.650585937499997], [34.447851562500006, 3.1634765624999943], [34.90576171875, 2.479687499999997], [34.97646484375002, 1.7196289062499943], [34.79863281250002, 1.2445312499999943], [34.48173828125002, 1.0421386718749943], [33.94316406250002, 0.17377929687499716], [33.90322265625002, -1.0020507812500057], [30.809179687500006, -0.9949218750000028]]]}}, {"id": "57", "type": "Feature", "properties": {"iso3": "SOM", "name": "Somalia"}, "geometry": {"type": "Polygon", "coordinates": [[[40.97871093750001, -0.8703125000000114], [40.97871093750001, 2.8424316406249943], [42.02412109375001, 4.137939453125], [42.791601562500006, 4.2919921875], [43.58349609375, 4.85498046875], [44.940527343750006, 4.912011718749994], [47.97822265625001, 7.9970703125], [46.97822265625001, 7.9970703125], [44.02285156250002, 8.986035156249997], [43.39433593750002, 9.480273437499989], [42.65644531250001, 10.599999999999994], [43.24599609375002, 11.499804687499989], [43.85273437500001, 10.784277343749991], [44.38652343750002, 10.430224609374989], [44.942968750000006, 10.436718749999997], [45.81669921875002, 10.835888671874997], [46.565039062500006, 10.745996093749994], [47.40498046875001, 11.174023437499997], [48.938574218750006, 11.258447265624994], [50.11005859375001, 11.529296875], [50.79228515625002, 11.983691406249989], [51.2548828125, 11.830712890624994], [51.031835937500006, 10.444775390624997], [51.192968750000006, 10.554638671874997], [51.38457031250002, 10.386523437499989], [50.93007812500002, 10.335546874999991], [50.82500000000002, 9.428173828124997], [49.85205078125, 7.962548828124994], [49.04931640625, 6.173632812499989], [47.97529296875001, 4.497021484374997], [46.05117187500002, 2.4751464843749886], [44.33271484375001, 1.3909667968749915], [43.46767578125002, 0.6216308593749886], [41.97988281250002, -0.9730468750000085], [41.53271484375, -1.6953125], [40.97871093750001, -0.8703125000000114]]]}}, {"id": "51", "type": "Feature", "properties": {"iso3": "SSD", "name": "S. Sudan"}, "geometry": {"type": "Polygon", "coordinates": [[[33.489355468750006, 3.755078124999997], [32.99726562500001, 3.8801757812499886], [32.13593750000001, 3.519726562499997], [31.79804687500001, 3.8026367187499943], [31.547167968750017, 3.6775878906249915], [31.15234375, 3.785595703124997], [30.83857421875001, 3.49072265625], [29.552050781250017, 4.636035156249989], [29.224902343750017, 4.391894531249989], [28.72705078125, 4.5049804687499915], [28.19208984375001, 4.350244140624994], [27.491015625000017, 4.967578124999989], [27.143945312500023, 5.722949218749989], [26.514257812500006, 6.069238281249994], [26.36181640625, 6.635302734374989], [25.278906250000006, 7.427490234375], [25.20039062500001, 7.807910156249989], [24.853320312500017, 8.137548828124991], [24.291406250000023, 8.291406249999994], [24.160449218750017, 8.6962890625], [24.53193359375001, 8.886914062499997], [25.066992187500006, 10.293798828124991], [25.79804687500001, 10.420507812499991], [26.65869140625, 9.484130859375], [27.880859375, 9.601611328124989], [28.048925781250006, 9.32861328125], [28.844531250000017, 9.326074218749994], [28.979589843750006, 9.594189453124997], [29.47314453125, 9.768603515624989], [29.60546875, 10.065087890624994], [30.003027343750006, 10.277392578124989], [30.75537109375, 9.731201171875], [31.15449218750001, 9.770947265624997], [32.42080078125002, 11.089111328125], [32.338476562500006, 11.710107421874994], [32.072265625, 12.006738281249994], [32.73671875000002, 12.009667968749994], [32.72187500000001, 12.223095703124997], [33.199316406250006, 12.21728515625], [33.13007812500001, 10.745947265624991], [33.90703125000002, 10.181445312499989], [33.87148437500002, 9.506152343749989], [34.078125, 9.461523437499991], [34.10175781250001, 8.676367187499991], [33.95332031250001, 8.443505859374994], [33.28105468750002, 8.437255859375], [32.99892578125002, 7.8995117187499915], [33.902441406250006, 7.509521484375], [34.71064453125001, 6.660302734374994], [35.26835937500002, 5.4922851562499915], [33.489355468750006, 3.755078124999997]]]}}, {"id": "170", "type": "Feature", "properties": {"iso3": "ETH", "name": "Ethiopia"}, "geometry": {"type": "Polygon", "coordinates": [[[34.71064453125001, 6.660302734374994], [33.902441406250006, 7.509521484375], [33.01259765625002, 7.9515136718749915], [33.28105468750002, 8.437255859375], [33.95332031250001, 8.443505859374994], [34.09453125000002, 8.582226562499997], [34.07929687500001, 9.513476562499989], [34.27568359375002, 10.528124999999989], [34.571875000000006, 10.880175781249989], [34.77128906250002, 10.746191406249991], [34.93144531250002, 10.864794921874989], [35.1123046875, 11.816552734374994], [35.67021484375002, 12.623730468749997], [36.107519531250006, 12.726464843749994], [36.52431640625002, 14.2568359375], [37.024511718750006, 14.27197265625], [37.25722656250002, 14.453759765624994], [37.57119140625002, 14.149072265624994], [37.88417968750002, 14.852294921875], [38.43144531250002, 14.428613281249994], [39.07421875, 14.628222656250003], [39.19804687500002, 14.479394531249994], [40.140625, 14.4560546875], [40.82011718750002, 14.111669921874991], [42.378515625000006, 12.466406249999991], [41.79267578125001, 11.68603515625], [41.79824218750002, 10.98046875], [42.92275390625002, 10.999316406249989], [42.65644531250001, 10.599999999999994], [42.84160156250002, 10.203076171874997], [43.482519531250006, 9.379492187499991], [43.98378906250002, 9.008837890624989], [46.97822265625001, 7.9970703125], [47.97822265625001, 7.9970703125], [44.940527343750006, 4.912011718749994], [43.58349609375, 4.85498046875], [42.85664062500001, 4.32421875], [42.02412109375001, 4.137939453125], [41.88398437500001, 3.977734374999997], [41.14042968750002, 3.9629882812499915], [40.765234375000006, 4.2730468749999915], [39.84218750000002, 3.8514648437499943], [39.49443359375002, 3.4561035156249886], [38.08613281250001, 3.6488281249999943], [36.90556640625002, 4.4114746093749915], [36.02197265625, 4.4681152343749915], [35.76308593750002, 4.808007812499994], [35.74501953125002, 5.343994140625], [35.325292968750006, 5.364892578124994], [34.71064453125001, 6.660302734374994]]]}}, {"id": "179", "type": "Feature", "properties": {"iso3": "DJI", "name": "Djibouti"}, "geometry": {"type": "Polygon", "coordinates": [[[42.92275390625002, 10.999316406249989], [41.79824218750002, 10.98046875], [41.79267578125001, 11.68603515625], [42.45000000000002, 12.521337890624991], [42.703710937500006, 12.380322265624997], [43.11669921875, 12.708593749999991], [43.38027343750002, 12.091259765624997], [42.52177734375002, 11.572167968749994], [43.24599609375002, 11.499804687499989], [42.92275390625002, 10.999316406249989]]]}}, {"id": "172", "type": "Feature", "properties": {"iso3": "ERI", "name": "Eritrea"}, "geometry": {"type": "MultiPolygon", "coordinates": [[[[36.4267578125, 15.132080078125], [36.91376953125001, 16.296191406250003], [37.00898437500001, 17.058886718750003], [37.41103515625002, 17.061718749999997], [37.547460937500006, 17.324121093749994], [38.253515625000006, 17.584765625000003], [38.609472656250006, 18.005078124999997], [39.03447265625002, 17.08554687499999], [39.298925781250006, 15.921093749999997], [39.78554687500002, 15.124853515624991], [39.86376953125, 15.470312499999991], [40.2041015625, 15.014111328124997], [41.17646484375001, 14.620312499999997], [41.658203125, 13.983056640624994], [42.2451171875, 13.587646484375], [42.39931640625002, 13.212597656249997], [43.11669921875, 12.708593749999991], [42.703710937500006, 12.380322265624997], [42.378515625000006, 12.466406249999991], [40.82011718750002, 14.111669921874991], [40.140625, 14.4560546875], [39.19804687500002, 14.479394531249994], [39.02382812500002, 14.628222656250003], [38.43144531250002, 14.428613281249994], [37.88417968750002, 14.852294921875], [37.57119140625002, 14.149072265624994], [37.25722656250002, 14.453759765624994], [37.024511718750006, 14.27197265625], [36.52431640625002, 14.2568359375], [36.4267578125, 15.132080078125]]], [[[40.11005859375001, 15.985742187499994], [39.99609375, 16.042675781249997], [40.07646484375002, 16.082421874999994], [40.11005859375001, 15.985742187499994]]], [[[40.18251953125002, 15.642919921874991], [40.399023437500006, 15.579882812500003], [39.975195312500006, 15.612451171874994], [39.95673828125001, 15.889404296875], [40.18251953125002, 15.642919921874991]]]]}}, {"id": "53", "type": "Feature", "properties": {"iso3": "LKA", "name": "Sri Lanka"}, "geometry": {"type": "MultiPolygon", "coordinates": [[[[79.90683593750003, 9.619824218749997], [79.85859375000001, 9.734375], [79.88847656249999, 9.741162109374997], [79.90683593750003, 9.619824218749997]]], [[[79.90371093750002, 8.974999999999994], [79.74765625000003, 9.104589843749991], [79.85996093750003, 9.065722656249989], [79.90371093750002, 8.974999999999994]]], [[[80.25283203125002, 9.796337890624997], [80.71113281250001, 9.366357421874994], [81.37285156249999, 8.431445312499989], [81.87412109375003, 7.288330078125], [81.63740234375001, 6.4251464843749915], [80.72412109375, 5.979052734374989], [80.09531250000003, 6.1531738281249915], [79.859375, 6.829296874999997], [79.71298828125003, 8.182324218749997], [79.74980468749999, 8.294238281249989], [79.78349609374999, 8.018457031249994], [80.08632812500002, 9.577832031249997], [80.42832031250003, 9.48095703125], [79.98232421875002, 9.812695312499997], [80.25283203125002, 9.796337890624997]]]]}}, {"id": "10", "type": "Feature", "properties": {"iso3": "MHL", "name": "Marshall Is."}, "geometry": {"type": "MultiPolygon", "coordinates": [[[[169.59052734375, 5.801904296874994], [169.65107421875, 5.945117187499989], [169.7345703125, 6.01416015625], [169.59052734375, 5.801904296874994]]], [[[168.8154296875, 7.2935546874999915], [168.67509765625005, 7.321923828124994], [168.67929687500003, 7.336230468749989], [168.8154296875, 7.2935546874999915]]], [[[171.68837890625002, 7.028271484374997], [171.7568359375, 6.97314453125], [171.61416015625002, 7.0071777343749915], [171.68837890625002, 7.028271484374997]]], [[[171.22695312500002, 7.086962890624989], [171.39375, 7.1109374999999915], [171.2353515625, 7.068749999999994], [171.03574218750003, 7.1561035156249915], [171.22695312500002, 7.086962890624989]]], [[[166.864453125, 11.146240234375], [166.8447265625, 11.153369140624989], [166.88808593750002, 11.168652343749997], [166.864453125, 11.146240234375]]]]}}, {"id": "203", "type": "Feature", "properties": {"iso3": "KHM", "name": "Cambodia"}, "geometry": {"type": "MultiPolygon", "coordinates": [[[[102.99335937500001, 11.290429687499994], [103.03681640625001, 11.389941406249989], [103.04511718750001, 11.285058593749994], [102.99335937500001, 11.290429687499994]]], [[[103.28125, 10.6796875], [103.22343749999999, 10.781982421875], [103.31777343750002, 10.718505859375], [103.28125, 10.6796875]]], [[[107.33144531250002, 14.126611328124994], [107.60546875, 13.437792968750003], [107.47539062499999, 13.030371093749991], [107.5380859375, 12.431787109374994], [107.39335937499999, 12.260498046875], [106.41386718749999, 11.948437499999997], [106.39921874999999, 11.68701171875], [106.00605468750001, 11.758007812499997], [105.85146484375002, 11.635009765625], [105.85605468750003, 11.294287109374991], [106.16093749999999, 11.037109375], [106.16396484375002, 10.794921875], [105.75507812500001, 10.989990234375], [105.04570312499999, 10.911376953125], [104.8505859375, 10.534472656249989], [104.42636718750003, 10.411230468749991], [103.87050781250002, 10.655126953124991], [103.58710937500001, 10.552197265624997], [103.72187500000001, 10.89013671875], [103.53242187500001, 11.146679687499997], [103.15283203125, 10.913720703124994], [103.12548828125, 11.460644531249997], [102.73662109374999, 12.089794921874997], [102.75566406249999, 12.42626953125], [102.49960937500003, 12.669970703124989], [102.31972656250002, 13.539990234374997], [102.546875, 13.585693359375], [103.03105468749999, 14.252539062499991], [103.54638671875, 14.417431640624997], [104.77900390625001, 14.427832031249991], [106.06679687500002, 13.921191406250003], [105.97890625000002, 14.343017578125], [106.22539062499999, 14.476220703124994], [106.50146484375, 14.578222656250034], [106.93808593750003, 14.327343749999997], [107.51943359375002, 14.705078125], [107.33144531250002, 14.126611328124994]]]]}}, {"id": "79", "type": "Feature", "properties": {"iso3": "PHL", "name": "Philippines"}, "geometry": {"type": "MultiPolygon", "coordinates": [[[[121.84560546875002, 18.29541015625], [122.26552734375002, 18.45883789062499], [122.15234375, 17.66440429687499], [122.51914062500003, 17.12485351562499], [122.13515625000002, 16.184814453125], [121.59531250000003, 15.933251953124994], [121.39228515625001, 15.324414062499997], [121.69541015625003, 14.7373046875], [121.7666015625, 14.168066406249991], [122.21171874999999, 13.93017578125], [122.19970703125, 14.148046874999991], [122.62714843750001, 14.317529296874994], [122.93417968750003, 14.188085937499991], [123.10195312500002, 13.750244140625], [123.29697265625003, 13.83642578125], [123.3203125, 14.061669921874994], [123.81572265624999, 13.837109374999997], [123.54960937499999, 13.645751953125], [123.78515625, 13.110546874999997], [124.14277343750001, 13.035791015624994], [124.05976562500001, 12.567089843749997], [123.87783203125002, 12.689697265625], [123.94853515624999, 12.916406249999994], [123.31093750000002, 13.044091796874994], [123.16328125000001, 13.441748046874991], [122.59521484375, 13.907617187499994], [122.46796875000001, 13.88671875], [122.66787109375002, 13.395361328124991], [122.59990234374999, 13.194140624999989], [121.77792968750003, 13.937646484374994], [121.34414062500002, 13.649121093749997], [120.84072265625002, 13.884716796874997], [120.63710937500002, 13.804492187500003], [120.61679687500003, 14.188037109375003], [120.94130859375002, 14.645068359375003], [120.58369140625001, 14.881249999999994], [120.58867187499999, 14.483105468749997], [120.43876953124999, 14.453369140625], [120.08212890625003, 14.85107421875], [119.77255859375003, 16.255126953125], [120.15976562500003, 16.047656250000003], [120.36875000000003, 16.109570312499997], [120.3583984375, 17.63818359375], [120.59970703125003, 18.507861328125003], [121.1015625, 18.615283203125003], [121.84560546875002, 18.29541015625]]], [[[117.21855468749999, 8.367285156249991], [117.34990234374999, 8.713574218749997], [119.22382812500001, 10.477294921875], [119.50126953124999, 11.346435546875], [119.68691406250002, 10.500341796874991], [119.19150390625003, 10.061083984374989], [118.78212890625002, 9.916113281249991], [118.43496093750002, 9.256005859374994], [117.21855468749999, 8.367285156249991]]], [[[122.83808593750001, 11.595654296874997], [122.89453125, 11.441308593749994], [123.15830078125003, 11.535546874999994], [123.11953125000002, 11.286816406249997], [122.76992187500002, 10.823828124999991], [121.95400390625002, 10.444384765624989], [122.103515625, 11.642919921874991], [121.916015625, 11.854345703124991], [122.83808593750001, 11.595654296874997]]], [[[122.5625, 9.482812499999994], [122.39951171875003, 9.823046874999989], [122.85556640625003, 10.0869140625], [122.81699218750003, 10.503808593749994], [122.98330078125002, 10.886621093749994], [123.25664062499999, 10.993945312499989], [123.56757812500001, 10.78076171875], [123.16201171875002, 9.8642578125], [123.32050781250001, 9.27294921875], [123.130859375, 9.064111328124994], [122.5625, 9.482812499999994]]], [[[124.92998046874999, 11.372851562499989], [125.02656250000001, 11.211718749999989], [125.01318359375, 10.785693359374989], [125.26845703125002, 10.307714843749991], [125.142578125, 10.189453125], [124.98750000000001, 10.367578124999994], [125.02656250000001, 10.033105468749994], [124.78076171875, 10.168066406249991], [124.78671875000003, 10.781396484374994], [124.66269531250003, 10.961962890624989], [124.44550781250001, 10.923583984375], [124.33066406250003, 11.535205078124989], [124.57460937500002, 11.343066406249989], [124.92998046874999, 11.372851562499989]]], [[[125.53564453125, 12.19140625], [125.49179687500003, 11.594335937499991], [125.73564453124999, 11.049609374999989], [125.2333984375, 11.145068359374989], [125.03427734375003, 11.341259765624997], [124.99501953125002, 11.764941406249989], [124.44570312500002, 12.152783203124997], [124.29472656249999, 12.5693359375], [125.23955078124999, 12.527880859374989], [125.53564453125, 12.19140625]]], [[[121.20273437500003, 13.432324218749997], [121.52275390624999, 13.131201171874991], [121.39433593749999, 12.300585937499989], [121.11699218749999, 12.25341796875], [120.6513671875, 13.169140624999997], [120.33847656250003, 13.412353515625], [120.40126953125002, 13.517041015624997], [121.20273437500003, 13.432324218749997]]], [[[126.193359375, 9.276708984374991], [126.30458984375002, 8.952050781249994], [126.13955078125002, 8.595654296874997], [126.36533203125003, 8.48388671875], [126.45869140625001, 8.202832031249997], [126.58154296875, 7.247753906249997], [126.19208984375001, 6.8525390625], [126.18935546875002, 6.3096679687499915], [125.82441406250001, 7.333300781249989], [125.68925781249999, 7.2630371093749915], [125.38066406249999, 6.68994140625], [125.58847656250003, 6.465771484374997], [125.66796875, 5.978662109374994], [125.34648437499999, 5.5989746093749915], [125.23154296875003, 6.069531249999997], [124.92734375000003, 5.8753417968749915], [124.078125, 6.404443359374994], [123.98525390625002, 6.993701171874989], [124.20664062500003, 7.396435546874997], [123.66582031249999, 7.817773437499994], [123.49306640625002, 7.807910156249989], [123.39091796874999, 7.407519531249989], [123.0966796875, 7.700439453125], [122.84296875000001, 7.529296875], [122.6162109375, 7.763134765624997], [122.14248046875002, 6.949658203124997], [121.96425781250002, 6.968212890624997], [121.92460937499999, 7.199511718749989], [122.24335937500001, 7.945117187499989], [122.9111328125, 8.156445312499997], [123.4345703125, 8.703320312499997], [123.84921875000003, 8.432714843749991], [123.79941406250003, 8.049121093749989], [124.19765625000002, 8.229541015624989], [124.40488281250003, 8.599853515625], [124.73115234375001, 8.56298828125], [124.86894531249999, 8.972265624999991], [125.14101562500002, 8.868749999999991], [125.20966796875001, 9.027148437499989], [125.49873046875001, 9.014746093749991], [125.47128906250003, 9.756787109374997], [126.193359375, 9.276708984374991]]], [[[123.38623046875, 9.967089843749989], [124.03886718749999, 11.273535156249991], [124.00498046875003, 10.400097656249997], [123.70048828124999, 10.128320312499994], [123.37031250000001, 9.449609374999994], [123.38623046875, 9.967089843749989]]], [[[121.8251953125, 18.842724609374997], [121.943359375, 19.010449218749997], [121.98789062500003, 18.95664062499999], [121.8251953125, 18.842724609374997]]], [[[121.53125, 19.27133789062499], [121.37460937500003, 19.35629882812499], [121.3916015625, 19.399365234374997], [121.53125, 19.27133789062499]]], [[[121.94121093749999, 20.45371093749999], [122.03115234375002, 20.469384765624994], [121.96005859375003, 20.365869140624994], [121.94121093749999, 20.45371093749999]]], [[[121.82958984375, 20.70029296874999], [121.79062500000003, 20.701171875], [121.84785156250001, 20.841259765624997], [121.82958984375, 20.70029296874999]]], [[[121.41103515625002, 5.939843749999994], [120.9306640625, 5.896191406249997], [121.03769531250003, 6.095996093749989], [121.41103515625002, 5.939843749999994]]], [[[117.0283203125, 7.807519531249994], [116.99355468750002, 8.050537109375], [117.07705078125002, 8.069140624999989], [117.0283203125, 7.807519531249994]]], [[[119.79316406250001, 10.455273437499997], [119.76445312499999, 10.551611328124991], [119.85205078125, 10.64013671875], [120.00839843750003, 10.570117187499989], [119.79316406250001, 10.455273437499997]]], [[[120.22822265625001, 12.219824218749991], [120.31455078125003, 12.012402343749997], [120.01054687499999, 12.008251953124997], [119.8857421875, 12.299853515624989], [120.22822265625001, 12.219824218749991]]], [[[119.94492187500003, 11.690722656249989], [119.86093750000003, 11.953955078124991], [120.03593749999999, 11.917236328125], [119.94492187500003, 11.690722656249989]]], [[[122.53837890624999, 10.424951171874994], [122.53750000000002, 10.607568359374994], [122.70126953125003, 10.740624999999994], [122.53837890624999, 10.424951171874994]]], [[[124.12246093750002, 9.599316406249997], [123.81718749999999, 9.8173828125], [124.33574218749999, 10.159912109375], [124.5771484375, 10.026708984374991], [124.59384765625003, 9.787207031249991], [124.12246093750002, 9.599316406249997]]], [[[120.19160156250001, 5.1683105468749915], [119.82148437500001, 5.069531249999997], [120.16523437500001, 5.332421874999994], [120.19160156250001, 5.1683105468749915]]], [[[121.95917968750001, 6.415820312499989], [121.83203125, 6.6640625], [122.05830078125001, 6.74072265625], [122.32353515624999, 6.602246093749997], [121.95917968750001, 6.415820312499989]]], [[[125.9912109375, 9.838525390624994], [126.07382812500003, 10.059228515624994], [126.17255859375001, 9.799951171874994], [125.9912109375, 9.838525390624994]]], [[[125.49482421875001, 10.118701171874989], [125.66679687499999, 10.440136718749997], [125.69023437499999, 9.914453124999994], [125.49482421875001, 10.118701171874989]]], [[[120.27285156250002, 13.682958984374991], [120.10341796875002, 13.842529296875], [120.21142578125, 13.820654296874991], [120.27285156250002, 13.682958984374991]]], [[[122.11455078124999, 13.463183593750003], [122.0048828125, 13.204980468749994], [121.82919921875003, 13.32861328125], [121.8662109375, 13.566162109375], [122.11455078124999, 13.463183593750003]]], [[[122.01396484374999, 12.105615234374994], [121.92324218750002, 12.331298828125], [122.14501953125, 12.652636718749989], [122.01396484374999, 12.105615234374994]]], [[[122.60332031249999, 12.285595703124997], [122.42294921875003, 12.455078125], [122.60361328125003, 12.491601562499994], [122.60332031249999, 12.285595703124997]]], [[[123.3671875, 12.700830078124994], [122.95751953125, 13.107177734375], [123.04355468750003, 13.113378906249991], [123.3671875, 12.700830078124994]]], [[[123.77910156249999, 12.366259765624989], [123.62148437500002, 12.674902343749991], [123.70869140625001, 12.610791015624997], [123.77910156249999, 12.366259765624989]]], [[[123.90830078125003, 12.169091796874994], [124.04550781250003, 11.75244140625], [123.47373046875003, 12.216650390624991], [123.15781250000003, 11.925634765624991], [123.23642578125003, 12.58349609375], [123.90830078125003, 12.169091796874994]]], [[[124.17539062500003, 13.531542968750003], [124.03886718749999, 13.663134765625003], [124.22490234374999, 14.077587890624997], [124.41718750000001, 13.871044921874997], [124.17539062500003, 13.531542968750003]]], [[[121.95625000000001, 14.156054687500003], [121.95917968750001, 14.228759765625], [122.17539062500003, 14.048828125], [121.95625000000001, 14.156054687500003]]], [[[122.02167968750001, 14.759423828124994], [121.93300781250002, 14.656054687500003], [121.83984375, 15.038134765625003], [122.03349609374999, 15.005029296874994], [122.02167968750001, 14.759423828124994]]], [[[124.28847656250002, 10.601464843749994], [124.33466796875001, 10.706689453124994], [124.38134765625, 10.632568359375], [124.28847656250002, 10.601464843749994]]], [[[125.28769531250003, 9.932714843749991], [125.13300781250001, 10.155029296875], [125.23095703125, 10.115673828124997], [125.28769531250003, 9.932714843749991]]], [[[122.94365234374999, 7.361035156249997], [122.8046875, 7.315966796874989], [122.82216796875002, 7.428466796875], [122.94365234374999, 7.361035156249997]]], [[[125.76894531250002, 6.90576171875], [125.68300781250002, 7.073193359374997], [125.71445312500003, 7.185546875], [125.76894531250002, 6.90576171875]]], [[[124.48349609375003, 11.48583984375], [124.3603515625, 11.665917968749994], [124.51093750000001, 11.687109374999991], [124.6083984375, 11.4921875], [124.48349609375003, 11.48583984375]]], [[[124.77792968750003, 9.083105468749991], [124.66582031249999, 9.13232421875], [124.73681640625, 9.2431640625], [124.77792968750003, 9.083105468749991]]], [[[121.24667968750003, 19.015185546875003], [121.21318359374999, 19.18359375], [121.24472656250003, 19.143017578124997], [121.24667968750003, 19.015185546875003]]], [[[119.83066406250003, 11.375683593749997], [119.72998046875, 11.431933593749989], [119.7255859375, 11.474658203124989], [119.86142578125003, 11.525341796874997], [119.83066406250003, 11.375683593749997]]], [[[123.81562500000001, 11.150732421874991], [123.73671875000002, 11.151464843749991], [123.75703125000001, 11.283300781249991], [123.81562500000001, 11.150732421874991]]], [[[122.26093750000001, 12.503076171874994], [122.27802734375001, 12.592919921874994], [122.28750000000002, 12.589257812499994], [122.26093750000001, 12.503076171874994]]], [[[125.92207031250001, 9.621484374999994], [125.9677734375, 9.759082031249989], [125.99296874999999, 9.6845703125], [125.92207031250001, 9.621484374999994]]], [[[124.78105468749999, 11.580761718749997], [124.73085937500002, 11.71533203125], [124.78837890624999, 11.68310546875], [124.78105468749999, 11.580761718749997]]], [[[117.28701171875002, 8.191015624999991], [117.28085937500003, 8.314990234374989], [117.35371093750001, 8.289257812499997], [117.28701171875002, 8.191015624999991]]], [[[123.61445312500001, 9.103320312499989], [123.49345703124999, 9.192089843749997], [123.69765625000002, 9.2373046875], [123.61445312500001, 9.103320312499989]]]]}}, {"id": "42", "type": "Feature", "properties": {"iso3": "THA", "name": "Thailand"}, "geometry": {"type": "MultiPolygon", "coordinates": [[[[102.58994140625003, 11.572167968749994], [102.53281250000003, 11.614941406249997], [102.6064453125, 11.676513671875], [102.58994140625003, 11.572167968749994]]], [[[102.30195312500001, 11.980810546874991], [102.27744140625003, 12.15185546875], [102.31884765625, 12.141650390624989], [102.4267578125, 11.988720703124997], [102.30195312500001, 11.980810546874991]]], [[[98.29628906250002, 7.776074218749997], [98.32207031249999, 8.166308593749989], [98.43496093750002, 8.085644531249997], [98.29628906250002, 7.776074218749997]]], [[[100.13974609375003, 20.245410156250003], [100.31796875000003, 20.385888671874994], [100.51953125, 20.177929687499997], [100.39765625000001, 19.756103515625], [100.51357421875002, 19.553466796875], [101.2119140625, 19.54833984375], [101.28632812499995, 18.977148437500034], [101.04697265625003, 18.441992187500034], [101.14394531250002, 18.142626953125003], [100.95585937499999, 17.54111328124999], [101.16748046875, 17.4990234375], [102.10146484375002, 18.210644531249997], [102.66064453125, 17.81796874999999], [103.05136718750003, 18.028515624999997], [103.28828124999995, 18.408398437499955], [103.94960937500002, 18.318994140624994], [104.81601562499998, 17.30029296875], [104.81933593749994, 16.466064453125057], [105.64101562500002, 15.656542968749932], [105.4755859375, 14.530126953124991], [105.07412109375002, 14.227441406249994], [104.77900390625001, 14.427832031249991], [103.19941406250001, 14.332617187499991], [102.546875, 13.585693359375], [102.31972656250002, 13.539990234374997], [102.49960937500003, 12.669970703124989], [102.75566406249999, 12.42626953125], [102.93388671874999, 11.706689453124994], [102.59414062500002, 12.203027343749994], [102.54023437500001, 12.109228515624991], [101.83574218749999, 12.640380859375], [100.89775390624999, 12.65380859375], [100.96269531249999, 13.431982421874991], [100.60292968750002, 13.568164062500003], [100.01748046875002, 13.353173828124994], [99.98906249999999, 12.170800781249994], [99.1650390625, 10.31982421875], [99.16074218750003, 9.734033203124994], [99.25390625, 9.265234374999991], [99.83554687500003, 9.288378906249989], [99.98955078124999, 8.589208984374991], [100.27939453125003, 8.268505859374997], [100.54521484374999, 7.2269042968749915], [100.25664062499999, 7.77490234375], [100.16074218750003, 7.599267578124994], [100.42353515625001, 7.1878417968749915], [101.01787109374999, 6.8609374999999915], [101.49794921875002, 6.865283203124989], [102.10107421875, 6.242236328124989], [101.87363281250003, 5.8252929687499915], [101.55605468750002, 5.907763671874989], [101.11396484375001, 5.636767578124989], [100.98164062500001, 5.771044921874989], [101.05351562499999, 6.242578124999994], [100.26142578125001, 6.6827148437499915], [100.119140625, 6.4419921874999915], [99.69599609375001, 6.876660156249997], [99.59697265624999, 7.355615234374994], [99.35859375000001, 7.372216796874994], [98.70351562500002, 8.256738281249994], [98.57919921875003, 8.344287109374989], [98.36074218750002, 8.186962890624997], [98.23818359375002, 8.423095703125], [98.75722656250002, 10.660937499999989], [99.61474609375, 11.781201171874997], [99.12392578125002, 13.03076171875], [99.13681640625003, 13.716699218749994], [98.2021484375, 14.975927734374991], [98.19101562500003, 15.2041015625], [98.55693359374999, 15.36767578125], [98.59238281250003, 16.050683593749994], [98.88828125000003, 16.35190429687499], [98.66074218750003, 16.33041992187499], [98.43886718750002, 16.97568359374999], [97.70644531250002, 17.797119140625], [97.63222656250002, 18.290332031250003], [97.37392578125002, 18.517968749999994], [97.74589843749999, 18.588183593750003], [97.81679687500002, 19.4599609375], [98.01503906250002, 19.74951171875], [98.91669921875001, 19.772900390624997], [99.07421875, 20.099365234375], [99.48593750000003, 20.149853515624997], [99.45888671875002, 20.363037109375], [99.89033203125001, 20.42441406249999], [100.13974609375003, 20.245410156250003]]], [[[100.02568359374999, 9.711718749999989], [99.9833984375, 9.793554687499991], [100.04345703125, 9.791650390624994], [100.02568359374999, 9.711718749999989]]], [[[100.0537109375, 9.46142578125], [99.96240234375, 9.421630859375], [99.93955078125003, 9.559960937499994], [100.07070312500002, 9.586035156249991], [100.0537109375, 9.46142578125]]], [[[99.60664062500001, 6.596826171874994], [99.65400390625001, 6.714111328125], [99.70136718750001, 6.570556640625], [99.60664062500001, 6.596826171874994]]], [[[98.57998046875002, 7.917041015624989], [98.52939453125003, 8.108544921874994], [98.60429687499999, 8.057324218749997], [98.57998046875002, 7.917041015624989]]], [[[98.25078124999999, 9.040820312499989], [98.30117187500002, 9.139111328124997], [98.3125, 9.080371093749989], [98.25078124999999, 9.040820312499989]]], [[[99.10439453125002, 7.4712890624999915], [99.04511718750001, 7.636523437499989], [99.07841796874999, 7.591845703124989], [99.10439453125002, 7.4712890624999915]]]]}}, {"id": "13", "type": "Feature", "properties": {"iso3": "GUM", "name": "Guam"}, "geometry": {"type": "Polygon", "coordinates": [[[144.64931640625002, 13.4287109375], [144.87539062500002, 13.614648437499994], [144.94082031250002, 13.5703125], [144.74179687500003, 13.25927734375], [144.64931640625002, 13.4287109375]]]}}, {"id": "3", "type": "Feature", "properties": {"iso3": "VNM", "name": "Vietnam"}, "geometry": {"type": "MultiPolygon", "coordinates": [[[[104.07578125000003, 10.224853515625], [104.01845703125002, 10.029199218749994], [103.84951171875002, 10.37109375], [104.06396484375, 10.390820312499997], [104.07578125000003, 10.224853515625]]], [[[107.40996093749999, 21.284814453124994], [107.16474609375001, 20.94873046875], [106.68339843749999, 21.000292968750003], [106.75341796875, 20.735058593749997], [106.51796875000002, 20.288867187500003], [105.98408203125001, 19.93906249999999], [105.62177734375001, 18.96630859375], [105.88828125000003, 18.502490234375003], [106.4990234375, 17.946435546874994], [106.47890625000002, 17.71958007812499], [106.37050781250002, 17.746875000000003], [107.83378906249999, 16.322460937499997], [108.02939453125003, 16.331103515625003], [108.8212890625, 15.3779296875], [109.30332031250003, 13.8564453125], [109.44492187500003, 12.599609375], [109.33554687500003, 12.751904296874997], [109.21894531250001, 12.645800781249989], [109.25917968750002, 11.954541015624997], [108.98671875000002, 11.336376953124997], [107.26152343749999, 10.398388671874997], [107.00664062499999, 10.660546874999994], [106.94746093750001, 10.400341796874997], [106.72734374999999, 10.53564453125], [106.60585937500002, 10.464941406249991], [106.75742187500003, 10.295800781249994], [106.46406250000001, 10.298291015624997], [106.78525390625003, 10.116455078125], [106.59560546875002, 9.85986328125], [106.13642578125001, 10.2216796875], [106.57246093750001, 9.64111328125], [106.37802734375003, 9.556103515624997], [105.83095703125002, 10.000732421875], [106.16835937500002, 9.396728515625], [105.5009765625, 9.093212890624997], [105.11435546875003, 8.629199218749989], [104.77041015625002, 8.59765625], [104.89628906249999, 8.746630859374989], [104.84521484375, 9.606152343749997], [105.09492187500001, 9.945263671874997], [104.42636718750003, 10.411230468749991], [104.8505859375, 10.534472656249989], [105.04570312499999, 10.911376953125], [105.75507812500001, 10.989990234375], [106.16396484375002, 10.794921875], [106.16093749999999, 11.037109375], [105.85605468750003, 11.294287109374991], [105.85146484375002, 11.635009765625], [106.00605468750001, 11.758007812499997], [106.39921874999999, 11.68701171875], [106.41386718749999, 11.948437499999997], [107.50644531250003, 12.364550781249989], [107.60546875, 13.437792968750003], [107.33144531250002, 14.126611328124994], [107.65312499999999, 15.255224609374991], [107.16591796875002, 15.802490234375], [107.39638671875002, 16.043017578125003], [106.85107421875, 16.515625], [106.65644531250001, 16.492626953124997], [106.50224609374999, 16.9541015625], [105.11455078124999, 18.4052734375], [105.146484375, 18.650976562499977], [103.89160156249994, 19.30498046874999], [104.03203124999999, 19.67514648437499], [104.587890625, 19.61874999999999], [104.92792968750001, 20.018115234375003], [104.36777343750003, 20.44140625], [104.58320312500001, 20.646679687499955], [104.10136718749999, 20.945507812499997], [103.63505859374999, 20.697070312500003], [103.1044921875, 20.891650390625003], [102.85117187500003, 21.265917968750003], [102.94960937500002, 21.681347656249997], [102.81591796875, 21.807373046875], [102.66201171875002, 21.676025390625], [102.12744140625, 22.379199218750003], [102.47089843750001, 22.750927734374997], [102.98193359375, 22.4482421875], [103.32666015625, 22.769775390625], [103.49296874999999, 22.58798828124999], [103.62021484375003, 22.782031250000003], [103.94150390625003, 22.540087890625003], [104.14306640625, 22.80014648437499], [104.37177734375001, 22.704052734374997], [104.68730468749999, 22.822216796874997], [104.86474609375, 23.136376953124994], [105.275390625, 23.34521484375], [105.84296875000001, 22.922802734374997], [106.7802734375, 22.77890624999999], [106.55039062500003, 22.501367187499994], [106.66357421875, 21.978906249999994], [107.35117187500003, 21.60888671875], [107.75927734375, 21.655029296875], [107.97265625, 21.507958984374994], [107.40996093749999, 21.284814453124994]]], [[[106.56796875000003, 8.700927734375], [106.65859375000002, 8.766357421875], [106.65253906250001, 8.701123046874997], [106.56796875000003, 8.700927734375]]], [[[107.08378906249999, 10.336572265624994], [107.19492187500003, 10.445703124999994], [107.16767578125001, 10.397167968749997], [107.08378906249999, 10.336572265624994]]], [[[106.76943359375002, 20.864208984374997], [106.79531250000002, 20.927929687499997], [106.85507812500003, 20.85825195312499], [106.76943359375002, 20.864208984374997]]], [[[107.45869140625001, 21.09165039062499], [107.40351562500001, 21.093652343749994], [107.47626953125001, 21.268945312499994], [107.60273437500001, 21.216796875], [107.45869140625001, 21.09165039062499]]], [[[107.46552734375001, 20.900537109374994], [107.39921874999999, 20.903466796874994], [107.55126953125, 21.03403320312499], [107.46552734375001, 20.900537109374994]]], [[[106.99003906249999, 20.743066406249994], [106.91064453125, 20.82421875], [107.04374999999999, 20.836816406249994], [106.99003906249999, 20.743066406249994]]]]}}, {"id": "11", "type": "Feature", "properties": {"iso3": "MNP", "name": "N. Mariana Is."}, "geometry": {"type": "MultiPolygon", "coordinates": [[[[145.67812500000002, 18.725244140624994], [145.6455078125, 18.806787109374994], [145.70664062500003, 18.790478515624997], [145.67812500000002, 18.725244140624994]]], [[[145.65830078125003, 16.33579101562499], [145.6310546875, 16.377978515625003], [145.6955078125, 16.379638671875], [145.65830078125003, 16.33579101562499]]], [[[145.21533203125, 14.111328125], [145.15214843750005, 14.163623046875003], [145.232421875, 14.189453125], [145.21533203125, 14.111328125]]], [[[145.72910156250003, 18.056933593750003], [145.80742187500005, 18.172656250000003], [145.83544921875, 18.136767578125003], [145.72910156250003, 18.056933593750003]]], [[[145.68427734375, 15.125097656249991], [145.71318359375005, 15.215283203124997], [145.82187500000003, 15.265380859375], [145.68427734375, 15.125097656249991]]], [[[145.62099609375002, 14.919531249999991], [145.62480468750005, 15.060156249999991], [145.64736328125002, 15.059472656249994], [145.62099609375002, 14.919531249999991]]]]}}, {"id": "126", "type": "Feature", "properties": {"iso3": "LAO", "name": "Laos"}, "geometry": {"type": "Polygon", "coordinates": [[[102.66201171875002, 21.676025390625], [102.81591796875, 21.807373046875], [102.94960937500002, 21.681347656249997], [102.85117187500003, 21.265917968750003], [103.1044921875, 20.891650390625003], [103.63505859374999, 20.697070312500003], [104.10136718749999, 20.945507812499997], [104.58320312500001, 20.646679687499955], [104.36777343750003, 20.44140625], [104.92792968750001, 20.018115234375003], [104.587890625, 19.61874999999999], [104.03203124999999, 19.67514648437499], [103.89160156249994, 19.30498046874999], [105.146484375, 18.650976562499977], [105.11455078124999, 18.4052734375], [106.50224609374999, 16.9541015625], [106.65644531250001, 16.492626953124997], [106.85107421875, 16.515625], [107.39638671875002, 16.043017578125003], [107.16591796875002, 15.802490234375], [107.65312499999999, 15.255224609374991], [107.41474609375001, 14.562890624999994], [106.81992187500003, 14.314697265624943], [106.50146484375, 14.578222656250034], [106.22539062499999, 14.476220703124994], [105.97890625000002, 14.343017578125], [106.06679687500002, 13.921191406250003], [105.24570312500003, 14.200537109374991], [105.18330078125001, 14.346240234375003], [105.49736328124999, 14.590673828124991], [105.64101562500002, 15.656542968749932], [104.81933593749994, 16.466064453125057], [104.81601562499998, 17.30029296875], [103.94960937500002, 18.318994140624994], [103.28828124999995, 18.408398437499955], [103.05136718750003, 18.028515624999997], [102.66064453125, 17.81796874999999], [102.10146484375002, 18.210644531249997], [101.16748046875, 17.4990234375], [100.90849609374999, 17.583886718749994], [101.28632812499995, 18.977148437500034], [101.2119140625, 19.54833984375], [100.62548828125, 19.49985351562509], [100.42011718750001, 19.644482421874997], [100.53994140625002, 20.132373046875003], [100.31796875000003, 20.385888671874994], [100.11494140625001, 20.25766601562499], [100.18388671874999, 20.589111328125], [100.32607421875002, 20.795703125000003], [100.62294921875002, 20.859570312499997], [100.5361328125, 20.992382812499997], [100.703125, 21.251367187499994], [101.13886718750001, 21.56748046874999], [101.24785156249993, 21.197314453125045], [101.80058593749999, 21.212597656249997], [101.52451171874998, 22.253662109375], [101.73876953125, 22.495263671874994], [102.0244140625, 22.439208984375], [102.66201171875002, 21.676025390625]]]}}, {"id": "204", "type": "Feature", "properties": {"iso3": "MMR", "name": "Myanmar"}, "geometry": {"type": "MultiPolygon", "coordinates": [[[[99.45888671875002, 20.363037109375], [99.48593750000003, 20.149853515624997], [99.07421875, 20.099365234375], [98.91669921875001, 19.772900390624997], [98.01503906250002, 19.74951171875], [97.81679687500002, 19.4599609375], [97.74589843749999, 18.588183593750003], [97.37392578125002, 18.517968749999994], [97.63222656250002, 18.290332031250003], [97.70644531250002, 17.797119140625], [98.43886718750002, 16.97568359374999], [98.66074218750003, 16.33041992187499], [98.88828125000003, 16.35190429687499], [98.59238281250003, 16.050683593749994], [98.55693359374999, 15.36767578125], [98.19101562500003, 15.2041015625], [98.2021484375, 14.975927734374991], [99.13681640625003, 13.716699218749994], [99.12392578125002, 13.03076171875], [99.61474609375, 11.781201171874997], [98.75722656250002, 10.660937499999989], [98.56259765625003, 10.034960937499989], [98.46494140625003, 10.675830078124989], [98.8759765625, 11.7197265625], [98.63632812500003, 11.738378906249991], [98.57597656249999, 13.161914062499989], [98.20039062500001, 13.980175781249997], [98.11064453124999, 13.712890625], [97.90976562500003, 14.652685546874991], [98.01875000000001, 14.652587890625], [97.81230468749999, 14.858935546875003], [97.58427734374999, 16.019580078125003], [97.72597656250002, 16.568554687499997], [97.37587890625002, 16.52294921875], [97.2001953125, 17.095410156249997], [96.85146484375002, 17.401025390624994], [96.90859375000002, 17.030957031249997], [96.76542968749999, 16.710351562499994], [96.43115234375, 16.504931640625003], [96.18906250000003, 16.768310546875], [96.32431640625003, 16.44443359374999], [95.76328125000003, 16.16904296874999], [95.38955078125002, 15.722753906249991], [95.34677734375003, 16.097607421874997], [95.17695312500001, 15.82568359375], [94.94257812500001, 15.818261718749994], [94.89316406250003, 16.182812499999997], [94.66152343750002, 15.904394531249991], [94.70332031250001, 16.511914062499997], [94.44160156250001, 16.094384765624994], [94.22382812500001, 16.01645507812499], [94.58896484375003, 17.5693359375], [94.044921875, 19.287402343750003], [93.92919921875, 18.899658203125], [93.49306640625002, 19.36948242187499], [93.82490234375001, 19.238476562499997], [93.99814453125003, 19.440869140624997], [93.61171875000002, 19.776074218749997], [93.70703125, 19.912158203125003], [93.25, 20.070117187500003], [93.12949218750003, 19.85800781249999], [93.001953125, 20.074853515624994], [93.06679687500002, 20.377636718749997], [92.79121093750001, 20.21142578125], [92.85068359375003, 20.414843750000003], [92.708984375, 20.56396484375], [92.72285156250001, 20.295605468749997], [92.37832031250002, 20.717578125000003], [92.17958984375002, 21.293115234374994], [92.33056640625, 21.43979492187499], [92.59980468750001, 21.270166015624994], [92.57490234374995, 21.97807617187499], [92.68896484375, 22.13095703124999], [92.96455078125001, 22.00375976562499], [93.15117187499999, 22.23061523437508], [93.07871093750003, 22.718212890624997], [93.39130859375001, 23.339160156250003], [93.32626953125003, 24.064208984375], [94.12763671875001, 23.87646484375], [94.70761718750003, 25.048730468749994], [94.57988281249999, 25.31982421875], [95.13242187500003, 26.041259765625], [95.12871093749999, 26.59726562500009], [96.19082031249997, 27.26127929687499], [96.73164062500001, 27.331494140625068], [97.10205078125, 27.115429687500125], [96.87685546875002, 27.586718749999996], [97.33515625000001, 27.937744140625], [97.32246093750001, 28.217968749999997], [97.53789062499999, 28.510205078124997], [98.09892578124999, 28.142285156249997], [98.298828125, 27.550097656249996], [98.65117187499999, 27.572460937499997], [98.73935546875003, 26.698144531249994], [98.56406250000003, 26.072412109374994], [98.65625, 25.863574218750003], [97.81953125000001, 25.251855468749994], [97.58330078124999, 24.774804687499994], [97.53144531250001, 24.49169921875], [97.70820312500001, 24.228759765625], [97.56455078125003, 23.911035156249994], [98.83505859375003, 24.12119140624999], [98.6767578125, 23.905078125000003], [98.86376953125, 23.19125976562499], [99.50712890624999, 22.959130859374994], [99.19296875000003, 22.1259765625], [99.91767578125001, 22.028027343749997], [99.94072265624999, 21.758740234374997], [100.21474609375002, 21.46298828124999], [100.60458984375003, 21.47177734374999], [101.130859375, 21.735546874999997], [101.08037109374999, 21.468652343749994], [100.5361328125, 20.992382812499997], [100.62294921875002, 20.859570312499997], [100.24931640624999, 20.730273437500003], [100.12246093750002, 20.316650390625], [99.45888671875002, 20.363037109375]]], [[[98.29345703125, 10.779687499999994], [98.271484375, 10.739892578124994], [98.08046875000002, 10.886621093749994], [98.20976562499999, 10.952734374999991], [98.29345703125, 10.779687499999994]]], [[[98.11806640625002, 9.877880859374997], [98.14023437500003, 9.974658203124989], [98.29169921875001, 10.051318359374989], [98.11806640625002, 9.877880859374997]]], [[[98.20107421875002, 11.567187499999989], [98.29960937499999, 11.783007812499989], [98.28378906250003, 11.594091796874991], [98.20107421875002, 11.567187499999989]]], [[[98.47431640625001, 11.8994140625], [98.46621093750002, 12.084277343749989], [98.60957031250001, 11.956640624999991], [98.47431640625001, 11.8994140625]]], [[[98.52841796875003, 11.538671874999991], [98.37646484375, 11.79150390625], [98.52353515625003, 11.804931640625], [98.52841796875003, 11.538671874999991]]], [[[98.45947265625, 12.473730468749991], [98.31386718750002, 12.335986328124989], [98.31210937500003, 12.678173828124997], [98.45947265625, 12.473730468749991]]], [[[98.03730468750001, 12.232470703124989], [98.07138671875003, 12.291796874999989], [98.12246093750002, 12.278710937499994], [98.13671875, 12.150439453124989], [98.03730468750001, 12.232470703124989]]], [[[94.41191406249999, 15.848388671875], [94.38789062500001, 15.994140625], [94.60126953125001, 16.205517578124997], [94.41191406249999, 15.848388671875]]], [[[97.48037109375002, 16.305712890625003], [97.5419921875, 16.505078124999997], [97.57499999999999, 16.253222656250003], [97.48037109375002, 16.305712890625003]]], [[[93.56992187500003, 18.759570312500003], [93.48750000000001, 18.86752929687499], [93.74472656250003, 18.865527343750003], [93.69082031250002, 18.684277343749997], [93.56992187500003, 18.759570312500003]]], [[[93.51328125000003, 19.754785156249994], [93.41289062499999, 19.950341796874994], [93.49179687500003, 19.892578125], [93.51328125000003, 19.754785156249994]]], [[[93.94570312500002, 19.428613281249994], [93.90195312500003, 19.33203125], [93.755859375, 19.32568359375], [93.71484375, 19.558251953124994], [93.94570312500002, 19.428613281249994]]], [[[98.47744140625002, 10.979736328125], [98.52656250000001, 11.086962890624989], [98.54169921875001, 10.961523437499991], [98.47744140625002, 10.979736328125]]], [[[98.08359375000003, 11.636816406249991], [98.01035156250003, 11.860253906249994], [98.08076171875001, 11.733203124999989], [98.08359375000003, 11.636816406249991]]], [[[98.00234375000002, 12.279003906249997], [97.93867187500001, 12.346093749999994], [97.990234375, 12.393798828125], [98.00234375000002, 12.279003906249997]]], [[[98.30917968750003, 12.934716796874994], [98.26533203125001, 13.202246093749991], [98.3154296875, 13.099072265624997], [98.30917968750003, 12.934716796874994]]], [[[94.73349609375003, 15.823046875000003], [94.82802734375002, 15.933007812499994], [94.83818359374999, 15.89208984375], [94.73349609375003, 15.823046875000003]]], [[[93.02324218749999, 19.828857421875], [92.91464843750003, 20.086474609375003], [92.95957031250003, 20.046191406250003], [93.02324218749999, 19.828857421875]]]]}}, {"id": "52", "type": "Feature", "properties": {"iso3": "SDN", "name": "Sudan"}, "geometry": {"type": "Polygon", "coordinates": [[[33.87148437500002, 9.506152343749989], [33.90703125000002, 10.181445312499989], [33.13007812500001, 10.745947265624991], [33.199316406250006, 12.21728515625], [32.72187500000001, 12.223095703124997], [32.73671875000002, 12.009667968749994], [32.072265625, 12.006738281249994], [32.338476562500006, 11.710107421874994], [32.42080078125002, 11.089111328125], [31.15449218750001, 9.770947265624997], [30.75537109375, 9.731201171875], [30.003027343750006, 10.277392578124989], [29.60546875, 10.065087890624994], [29.47314453125, 9.768603515624989], [28.979589843750006, 9.594189453124997], [28.844531250000017, 9.326074218749994], [28.048925781250006, 9.32861328125], [27.880859375, 9.601611328124989], [26.65869140625, 9.484130859375], [25.79804687500001, 10.420507812499991], [25.066992187500006, 10.293798828124991], [24.53193359375001, 8.886914062499997], [24.147363281250023, 8.665624999999991], [23.53730468750001, 8.815820312499994], [23.46826171875, 9.11474609375], [23.646289062500017, 9.822900390624994], [22.86005859375001, 10.919677734375], [22.922656250000017, 11.344873046874994], [22.591113281250017, 11.579882812499989], [22.352343750000017, 12.660449218749989], [21.825292968750006, 12.79052734375], [22.228125000000006, 13.32958984375], [22.1064453125, 13.7998046875], [22.53857421875, 14.161865234375], [22.38154296875001, 14.550488281249997], [22.93232421875001, 15.162109375], [22.933886718750017, 15.533105468749994], [23.10517578125001, 15.702539062499994], [23.970800781250006, 15.721533203124991], [23.980273437500017, 19.99594726562499], [24.9794921875, 20.002587890624994], [24.980273437500017, 21.995849609375], [31.20917968750001, 21.994873046875], [31.400292968750023, 22.202441406250003], [31.434472656250023, 21.995849609375], [36.87138671875002, 21.996728515624994], [36.92695312500001, 21.58652343749999], [37.25859375000002, 21.108544921874994], [37.14111328125, 20.98178710937499], [37.19316406250002, 20.12070312499999], [37.471289062500006, 18.820117187500003], [38.609472656250006, 18.005078124999997], [38.253515625000006, 17.584765625000003], [37.547460937500006, 17.324121093749994], [37.41103515625002, 17.061718749999997], [37.00898437500001, 17.058886718750003], [36.91376953125001, 16.296191406250003], [36.4267578125, 15.132080078125], [36.52431640625002, 14.2568359375], [36.12519531250001, 12.757031249999997], [35.67021484375002, 12.623730468749997], [35.1123046875, 11.816552734374994], [34.93144531250002, 10.864794921874989], [34.77128906250002, 10.746191406249991], [34.571875000000006, 10.880175781249989], [34.34394531250001, 10.658642578124997], [34.078125, 9.461523437499991], [33.87148437500002, 9.506152343749989]]]}}, {"id": "2", "type": "Feature", "properties": {"iso3": "YEM", "name": "Yemen"}, "geometry": {"type": "MultiPolygon", "coordinates": [[[[52.327734375000006, 16.29355468749999], [52.21748046875001, 15.655517578125], [51.60371093750001, 15.336816406249994], [49.34990234375002, 14.637792968749991], [48.66835937500002, 14.050146484374991], [47.98994140625001, 14.048095703125], [46.78886718750002, 13.465576171875], [45.657324218750006, 13.338720703124991], [45.038671875000006, 12.815869140624997], [44.005859375, 12.607666015625], [43.48759765625002, 12.698828124999991], [43.23193359375, 13.26708984375], [43.28242187500001, 13.692529296874994], [43.08906250000001, 14.010986328125], [42.93642578125002, 14.938574218749991], [42.657812500000006, 15.232812499999994], [42.79902343750001, 15.326269531249991], [42.79931640625, 16.371777343749997], [43.1650390625, 16.689404296874997], [43.19091796875, 17.359375], [43.34609375000002, 17.486035156249997], [43.9169921875, 17.32470703125], [45.148046875000006, 17.427441406249997], [46.727636718750006, 17.265576171874997], [47.1435546875, 16.946679687499994], [47.44179687500002, 17.111865234375003], [48.17216796875002, 18.156933593749997], [49.1923828125, 18.621337890625], [51.977636718750006, 18.996142578125003], [53.08564453125001, 16.648388671874997], [52.327734375000006, 16.29355468749999]]], [[[42.54902343750001, 15.320068359375], [42.60234375000002, 15.432519531249994], [42.62451171875, 15.367968750000003], [42.54902343750001, 15.320068359375]]], [[[42.68974609375002, 13.673632812500003], [42.79414062500001, 13.76611328125], [42.755859375, 13.704296874999997], [42.68974609375002, 13.673632812500003]]], [[[42.75605468750001, 13.954882812500003], [42.69404296875001, 14.007910156249991], [42.76210937500002, 14.067480468749991], [42.75605468750001, 13.954882812500003]]], [[[54.18740234375002, 12.664013671874997], [54.51113281250002, 12.552783203124989], [53.718847656250006, 12.318994140624994], [53.31582031250002, 12.533154296874997], [53.53496093750002, 12.715771484374997], [54.18740234375002, 12.664013671874997]]]]}}, {"id": "86", "type": "Feature", "properties": {"iso3": "OMN", "name": "Oman"}, "geometry": {"type": "MultiPolygon", "coordinates": [[[[58.641210937500006, 20.337353515624997], [58.884375000000006, 20.680566406249994], [58.950781250000006, 20.516162109375003], [58.72207031250002, 20.21875], [58.641210937500006, 20.337353515624997]]], [[[51.977636718750006, 18.996142578125003], [54.97734375000002, 19.99594726562499], [55.64101562500002, 22.001855468749994], [55.18583984375002, 22.7041015625], [55.19990234375001, 23.03476562499999], [55.46845703125001, 23.941113281249997], [55.98515625000002, 24.063378906249994], [55.760839843750006, 24.24267578125], [55.79570312500002, 24.868115234374997], [56.000585937500006, 24.95322265624999], [56.06386718750002, 24.73876953125], [56.38798828125002, 24.979199218749997], [57.123046875, 23.980712890625], [58.773046875000006, 23.51718749999999], [59.42939453125001, 22.660839843749997], [59.8232421875, 22.508984374999997], [59.80000000000001, 22.219921874999997], [58.474218750000006, 20.406884765624994], [58.208984375, 20.423974609374994], [58.16943359375, 20.589501953124994], [57.86181640625, 20.244140625], [57.71416015625002, 19.678417968749997], [57.811621093750006, 19.01708984375], [56.82597656250002, 18.75351562499999], [56.38349609375001, 17.987988281249997], [55.479101562500006, 17.84326171875], [55.06416015625001, 17.03891601562499], [54.06816406250002, 17.005517578124994], [53.08564453125001, 16.648388671874997], [51.977636718750006, 18.996142578125003]]], [[[56.144628906250006, 25.69052734374999], [56.08046875000002, 26.062646484374994], [56.37871093750002, 26.356347656249994], [56.2978515625, 25.650683593750003], [56.144628906250006, 25.69052734374999]]], [[[56.210546875000006, 25.213281249999994], [56.23427734375002, 25.30380859374999], [56.27734375, 25.30087890624999], [56.210546875000006, 25.213281249999994]]]]}}, {"id": "66", "type": "Feature", "properties": {"iso3": "SAU", "name": "Saudi Arabia"}, "geometry": {"type": "MultiPolygon", "coordinates": [[[[36.5302734375, 25.6015625], [36.53359375000002, 25.688720703125], [36.95478515625001, 25.41464843749999], [36.5302734375, 25.6015625]]], [[[42.05996093750002, 16.803515625000003], [42.157812500000006, 16.570703124999994], [41.80156250000002, 16.778759765624997], [41.860449218750006, 17.00253906249999], [41.98769531250002, 16.715625000000003], [42.05996093750002, 16.803515625000003]]], [[[49.0419921875, 18.581787109375], [48.17216796875002, 18.156933593749997], [47.44179687500002, 17.111865234375003], [47.1435546875, 16.946679687499994], [46.727636718750006, 17.265576171874997], [45.148046875000006, 17.427441406249997], [43.9169921875, 17.32470703125], [43.41796875, 17.516259765624994], [43.19091796875, 17.359375], [43.1650390625, 16.689404296874997], [42.79931640625, 16.371777343749997], [42.2939453125, 17.434960937499994], [41.75, 17.8857421875], [41.2294921875, 18.678417968749997], [40.75917968750002, 19.75546874999999], [39.72832031250002, 20.390332031249997], [39.27607421875001, 20.97397460937499], [38.987890625000006, 21.881738281249994], [39.06201171875, 22.592187499999994], [38.46416015625002, 23.711865234374997], [37.91972656250002, 24.18540039062499], [37.543066406250006, 24.291650390624994], [37.18085937500001, 24.820019531249997], [37.14882812500002, 25.29111328124999], [35.18046875000002, 28.034863281249997], [34.625, 28.064501953124996], [34.950781250000006, 29.353515625], [36.068457031250006, 29.200537109375], [36.75527343750002, 29.866015624999996], [37.46923828125, 29.995068359374997], [37.64990234375, 30.330957031249994], [37.980078125000006, 30.5], [36.958593750000006, 31.491503906249996], [39.14541015625002, 32.12451171875], [40.36933593750001, 31.93896484375], [42.07441406250001, 31.080371093749996], [44.69082031250002, 29.202343749999997], [47.433203125000006, 28.989550781249996], [47.67128906250002, 28.533154296874997], [48.442480468750006, 28.542919921874997], [48.79716796875002, 27.724316406249997], [50.14980468750002, 26.662646484374996], [50.00810546875002, 26.678515624999996], [50.2138671875, 26.308496093749994], [50.0810546875, 25.961376953124997], [50.85566406250001, 24.679638671874997], [51.411230468750006, 24.57080078125], [51.30986328125002, 24.340380859375003], [51.568359375, 24.286181640625003], [51.59257812500002, 24.078857421875], [52.55507812500002, 22.932812499999997], [55.18583984375002, 22.7041015625], [55.64101562500002, 22.001855468749994], [54.97734375000002, 19.99594726562499], [51.977636718750006, 18.996142578125003], [49.0419921875, 18.581787109375]]], [[[36.5439453125, 25.734277343749994], [36.58271484375001, 25.855517578125003], [36.57988281250002, 25.79541015625], [36.5439453125, 25.734277343749994]]]]}}, {"id": "32", "type": "Feature", "properties": {"iso3": "ARE", "name": "United Arab Emirates"}, "geometry": {"type": "MultiPolygon", "coordinates": [[[[56.36347656250001, 25.569384765625003], [56.38798828125002, 24.979199218749997], [56.06386718750002, 24.73876953125], [56.000585937500006, 24.95322265624999], [55.79570312500002, 24.868115234374997], [55.760839843750006, 24.24267578125], [55.98515625000002, 24.063378906249994], [55.46845703125001, 23.941113281249997], [55.11943359375002, 22.623925781249994], [52.55507812500002, 22.932812499999997], [51.57216796875002, 24.128320312499994], [51.60546875, 24.338427734375003], [51.90605468750002, 23.9853515625], [52.64824218750002, 24.15463867187499], [53.89335937500002, 24.077050781249994], [54.397070312500006, 24.27817382812499], [54.74677734375001, 24.810449218749994], [55.94121093750002, 25.793994140625003], [56.08046875000002, 26.062646484374994], [56.144628906250006, 25.69052734374999], [56.36347656250001, 25.569384765625003]], [[56.27734375, 25.30087890624999], [56.23427734375002, 25.30380859374999], [56.210546875000006, 25.213281249999994], [56.27734375, 25.30087890624999]]], [[[53.19091796875, 24.290917968749994], [53.41240234375002, 24.411035156249994], [53.4453125, 24.37119140624999], [53.19091796875, 24.290917968749994]]], [[[52.583593750000006, 24.352343750000003], [52.62939453125, 24.376757812500003], [52.65761718750002, 24.33261718749999], [52.583593750000006, 24.352343750000003]]], [[[53.79912109375002, 24.135546875000003], [53.63447265625001, 24.16977539062499], [53.83378906250002, 24.258935546874994], [53.927832031250006, 24.177197265624997], [53.79912109375002, 24.135546875000003]]], [[[54.42841796875001, 24.425097656250003], [54.33476562500002, 24.47104492187499], [54.39833984375002, 24.50634765625], [54.42841796875001, 24.425097656250003]]]]}}, {"id": "76", "type": "Feature", "properties": {"iso3": "QAT", "name": "Qatar"}, "geometry": {"type": "Polygon", "coordinates": [[[50.96601562500001, 24.573925781249997], [50.85566406250001, 24.679638671874997], [50.75458984375001, 25.39926757812499], [51.00312500000001, 25.9814453125], [51.262304687500006, 26.153271484374997], [51.543066406250006, 25.902392578125003], [51.60888671875, 25.052880859374994], [51.42792968750001, 24.668261718750003], [50.96601562500001, 24.573925781249997]]]}}, {"id": "220", "type": "Feature", "properties": {"iso3": "BHR", "name": "Bahrain"}, "geometry": {"type": "Polygon", "coordinates": [[[50.57490234375001, 25.806787109374994], [50.46992187500001, 26.228955078124997], [50.5859375, 26.24072265625], [50.57490234375001, 25.806787109374994]]]}}, {"id": "175", "type": "Feature", "properties": {"iso3": "EGY", "name": "Egypt"}, "geometry": {"type": "Polygon", "coordinates": [[[31.434472656250023, 21.995849609375], [31.400292968750023, 22.202441406250003], [31.20917968750001, 21.994873046875], [24.980273437500017, 21.995849609375], [24.980273437500017, 29.181884765625], [24.703222656250006, 30.201074218749994], [24.96142578125, 30.678515624999996], [24.85273437500001, 31.334814453125], [25.150488281250006, 31.654980468749997], [25.382226562500023, 31.51279296875], [25.89326171875001, 31.620898437499996], [29.072070312500017, 30.830273437499997], [30.22265625, 31.2583984375], [30.395117187500006, 31.4576171875], [30.92353515625001, 31.566845703124997], [30.56298828125, 31.4169921875], [31.001757812500017, 31.462792968749994], [31.082910156250023, 31.603320312499996], [31.5244140625, 31.458251953125], [31.888964843750017, 31.541406249999994], [32.13603515625002, 31.341064453125], [31.892187500000006, 31.482470703124996], [31.771093750000006, 31.292578125], [32.10175781250001, 31.092822265624996], [32.281835937500006, 31.200878906249997], [32.21621093750002, 31.293749999999996], [32.60332031250002, 31.068749999999994], [33.66650390625, 31.130419921874996], [34.19814453125002, 31.322607421875], [34.904296875, 29.477343749999996], [34.22011718750002, 27.764306640624994], [33.24775390625001, 28.567724609375], [32.56572265625002, 29.973974609375], [32.35976562500002, 29.630664062499996], [32.89824218750002, 28.565234374999996], [33.54707031250001, 27.898144531249997], [33.959082031250006, 26.6490234375], [35.19414062500002, 24.475146484375003], [35.78388671875001, 23.937792968750003], [35.54082031250002, 23.920654296875], [35.50439453125, 23.779296875], [35.697851562500006, 22.946191406249994], [36.87138671875002, 21.996728515624994], [31.434472656250023, 21.995849609375]]]}}, {"id": "128", "type": "Feature", "properties": {"iso3": "KWT", "name": "Kuwait"}, "geometry": {"type": "MultiPolygon", "coordinates": [[[[48.08144531250002, 29.79892578125], [48.18476562500001, 29.978857421875], [48.348242187500006, 29.782666015624997], [48.275390625, 29.624316406249996], [48.08144531250002, 29.79892578125]]], [[[47.67128906250002, 28.533154296874997], [47.433203125000006, 28.989550781249996], [46.53144531250001, 29.096240234374996], [47.14824218750002, 30.0009765625], [47.75390625, 30.076611328124997], [47.97871093750001, 29.982812499999994], [48.14345703125002, 29.572460937499997], [47.96962890625002, 29.61669921875], [47.72265625, 29.393017578124997], [48.05146484375001, 29.355371093749994], [48.442480468750006, 28.542919921874997], [47.67128906250002, 28.533154296874997]]]]}}, {"id": "85", "type": "Feature", "properties": {"iso3": "PAK", "name": "Pakistan"}, "geometry": {"type": "Polygon", "coordinates": [[[77.04863281249999, 35.109912109374996], [76.59443359375001, 34.73583984375], [75.70917968750001, 34.50307617187508], [74.300390625, 34.765380859375], [73.96123046875002, 34.653466796874994], [73.79453125, 34.378222656249996], [73.97236328125001, 34.23662109374999], [73.90410156250002, 34.07568359375], [74.25087890625002, 33.946093749999996], [73.97646484375002, 33.7212890625], [74.14999999999998, 33.50698242187502], [74.00380859375002, 33.189453125], [74.30361328124997, 32.991796875000034], [74.35458984375, 32.768701171874994], [74.66328125000001, 32.757666015625], [74.68574218750001, 32.49379882812502], [75.33349609375, 32.279199218749966], [74.55556640625002, 31.818554687499997], [74.6328125, 31.03466796875], [73.89931640625002, 30.435351562500045], [73.80917968749998, 30.093359375000034], [73.38164062500002, 29.934374999999996], [72.9033203125, 29.028759765624997], [72.34189453125, 28.751904296874997], [71.87031250000001, 27.9625], [70.79794921875, 27.709619140624994], [70.40371093750002, 28.025048828124966], [69.53701171875002, 27.122949218749994], [69.50693359374992, 26.742675781250057], [70.14765625000001, 26.5064453125], [70.1001953125, 25.910058593749994], [70.2646484375, 25.70654296875], [70.6484375, 25.666943359375068], [71.04404296875, 24.400097656249997], [70.71630859375, 24.237988281249997], [70.4892578125, 24.412158203125003], [69.80517578125, 24.165234374999997], [68.78115234375002, 24.313720703125], [68.72412109375, 23.964697265625034], [68.28251953125002, 23.927978515625], [68.11552734375002, 23.753369140624997], [67.50361328125001, 23.94003906249999], [67.171484375, 24.756103515625], [66.70302734375002, 24.86093749999999], [66.69863281250002, 25.226318359375], [66.32421875, 25.601806640625], [66.13115234375002, 25.49326171874999], [66.46767578125002, 25.4453125], [64.77666015625002, 25.307324218749997], [64.65898437500002, 25.18408203125], [64.05937500000002, 25.40292968749999], [63.556640625, 25.353173828124994], [63.49140625000001, 25.210839843749994], [61.56689453125, 25.186328125000003], [61.842382812500006, 26.225927734375], [62.43925781250002, 26.56103515625], [63.157812500000006, 26.649755859375], [63.30156250000002, 27.15146484375], [62.76298828125002, 27.250195312499997], [62.75800781250001, 28.243554687499994], [61.88984375000001, 28.546533203124994], [60.843359375000006, 29.858691406249996], [62.4765625, 29.408349609374994], [63.56757812500001, 29.497998046874997], [64.09873046875, 29.391943359375], [66.23125000000002, 29.86572265625], [66.34687500000001, 30.802783203124996], [66.82929687500001, 31.263671875], [67.45283203125001, 31.234619140625], [67.737890625, 31.343945312499997], [67.57822265625, 31.506494140624994], [68.16103515625002, 31.802978515625], [68.59765625, 31.802978515625], [68.86894531250002, 31.634228515624997], [69.279296875, 31.936816406249996], [69.24140625000001, 32.433544921875], [69.5015625, 33.020068359374996], [70.26113281250002, 33.289013671875], [69.8896484375, 34.007275390625], [71.05156250000002, 34.049707031249994], [70.96562500000002, 34.53037109375], [71.62050781250002, 35.183007812499994], [71.42753906250002, 35.833740234375], [71.18505859375, 36.04208984375], [72.15673828125, 36.70087890625], [73.116796875, 36.868554687499994], [74.03886718750002, 36.825732421874996], [74.6005859375, 37.036669921874996], [75.14521484375001, 36.9732421875], [75.88496093750001, 36.600732421874994], [75.91230468750001, 36.048974609374994], [76.14785156250002, 35.829003906249994], [76.55126953125, 35.887060546875], [77.04863281249999, 35.109912109374996]]]}}, {"id": "143", "type": "Feature", "properties": {"iso3": "IND", "name": "India"}, "geometry": {"type": "MultiPolygon", "coordinates": [[[[68.72412109375, 23.964697265625034], [68.78115234375002, 24.313720703125], [69.80517578125, 24.165234374999997], [70.4892578125, 24.412158203125003], [70.71630859375, 24.237988281249997], [71.04404296875, 24.400097656249997], [70.6484375, 25.666943359375068], [70.2646484375, 25.70654296875], [70.1001953125, 25.910058593749994], [70.14765625000001, 26.5064453125], [69.50693359374992, 26.742675781250057], [69.53701171875002, 27.122949218749994], [70.40371093750002, 28.025048828124966], [70.79794921875, 27.709619140624994], [71.87031250000001, 27.9625], [72.34189453125, 28.751904296874997], [72.9033203125, 29.028759765624997], [73.38164062500002, 29.934374999999996], [73.80917968749998, 30.093359375000034], [73.89931640625002, 30.435351562500045], [74.6328125, 31.03466796875], [74.55556640625002, 31.818554687499997], [75.32470703125, 32.215283203125125], [75.23369140625002, 32.372119140624996], [74.68574218750001, 32.49379882812502], [74.66328125000001, 32.757666015625], [74.35458984375, 32.768701171874994], [74.30361328124997, 32.991796875000034], [74.00380859375002, 33.189453125], [74.14999999999998, 33.50698242187502], [73.97646484375002, 33.7212890625], [74.25087890625002, 33.946093749999996], [73.90410156250002, 34.07568359375], [73.97236328125001, 34.23662109374999], [73.79453125, 34.378222656249996], [73.96123046875002, 34.653466796874994], [74.300390625, 34.765380859375], [75.70917968750001, 34.50307617187508], [76.59443359375001, 34.73583984375], [77.79941406250003, 35.495898437500045], [78.04267578125001, 35.4797851562501], [78.32695312499999, 34.606396484375], [78.97011718750002, 34.302636718749994], [78.72666015625003, 34.01337890625], [78.80185546875003, 33.49970703125], [79.13515625000002, 33.17192382812499], [79.21933593750003, 32.50107421875], [78.9189453125, 32.3582031250001], [78.70087890625001, 32.597021484375], [78.3896484375, 32.51987304687498], [78.73544921875003, 31.957958984374997], [78.74355468750002, 31.323779296875045], [79.10712890625001, 31.402636718749996], [79.4931640625, 30.993701171874996], [80.1494140625, 30.789843749999996], [80.19121093749999, 30.568408203124996], [81.01025390625, 30.164501953124997], [80.40185546875, 29.730273437499996], [80.07070312500002, 28.830175781250034], [81.85263671875003, 27.867089843749994], [82.67734375000003, 27.6734375], [82.7333984375, 27.518994140624997], [83.28974609375001, 27.370996093749994], [84.09101562499995, 27.491357421875136], [84.61015624999999, 27.298681640625], [84.68535156249999, 27.041015625], [85.240234375, 26.750341796875], [85.56845703125003, 26.839843750000114], [85.79453125000003, 26.604150390624994], [87.9951171875, 26.382373046874996], [88.16152343750002, 26.724804687500125], [87.984375, 27.133935546874994], [88.14111328125, 27.948925781249997], [88.57792968749999, 28.093359375000034], [88.80371093749994, 28.006933593750034], [88.7490234375, 27.521875000000136], [88.89140624999999, 27.316064453124994], [88.73876953125, 27.175585937499996], [89.14824218749999, 26.816162109375114], [89.76386718750001, 26.701562500000023], [90.34589843750001, 26.890332031249997], [90.73964843750002, 26.771679687500068], [91.99833984374999, 26.85498046875], [92.08339843750002, 27.290625], [91.5947265625, 27.557666015624996], [91.63193359375003, 27.759960937499997], [92.54667968749999, 27.879199218749996], [93.251953125, 28.6294921875], [93.7607421875, 28.729785156250045], [94.623046875, 29.312402343749994], [95.38925781250003, 29.037402343749996], [96.03535156250001, 29.447167968749994], [96.35585937500002, 29.249072265624932], [96.12236328124999, 29.082080078124996], [96.13710937500002, 28.922607421875], [96.43574218750001, 29.050683593749994], [96.58085937499999, 28.763671875], [96.28144531249995, 28.412060546875125], [96.60263671875003, 28.459912109375125], [97.32246093750001, 28.217968749999997], [97.33515625000001, 27.937744140625], [96.87685546875002, 27.586718749999996], [97.10205078125, 27.115429687500125], [96.73164062500001, 27.331494140625068], [96.19082031249997, 27.26127929687499], [95.12871093749999, 26.59726562500009], [95.13242187500003, 26.041259765625], [94.57988281249999, 25.31982421875], [94.70761718750003, 25.048730468749994], [94.12763671875001, 23.87646484375], [93.32626953125003, 24.064208984375], [93.36601562499999, 23.132519531249997], [93.16416015625003, 23.032031250000003], [93.15117187499999, 22.23061523437508], [92.90947265624999, 21.988916015624994], [92.72099609374999, 22.13242187499999], [92.57490234374995, 21.97807617187499], [92.24609374999994, 23.683593749999943], [91.92958984375002, 23.685986328124997], [91.61953125000002, 22.979687500000068], [91.43623046875001, 23.199902343749997], [91.31523437499999, 23.104394531249994], [91.16552734375, 23.5810546875], [91.36708984375002, 24.093505859375], [91.876953125, 24.1953125], [92.10195312500002, 24.40805664062499], [92.22832031249999, 24.88134765625], [92.46835937500003, 24.944140625000003], [92.04970703125002, 25.169482421875003], [90.43935546875002, 25.15771484375], [89.83330078124999, 25.292773437500003], [89.82294921875001, 25.94140625], [89.6708984375, 26.213818359374997], [89.54990234375003, 26.005273437499994], [89.36972656250003, 26.006103515625], [89.01865234375003, 26.410253906249977], [88.82802734375002, 26.252197265625], [88.36992187499999, 26.564111328124994], [88.4404296875, 26.369482421875], [88.08457031249998, 25.888232421875045], [88.95166015625, 25.25927734375], [88.45625000000001, 25.188427734374997], [88.0234375, 24.627832031250136], [88.72353515625002, 24.27490234375], [88.5673828125, 23.67441406249999], [88.72441406249999, 23.254980468750034], [88.92812500000002, 23.18662109374999], [89.05166015625002, 21.654101562500045], [88.85751953125009, 21.744677734375045], [88.74501953125008, 21.584375000000023], [88.6416015625, 22.121972656250136], [88.58466796875013, 21.659716796874932], [88.28750000000014, 21.758203125000136], [88.1220703125, 21.635791015625045], [88.1962890625, 22.139550781250023], [87.94140624999994, 22.374316406250045], [88.15927734375015, 22.12172851562508], [87.94843749999995, 21.825439453124943], [87.10068359375009, 21.500781250000045], [86.85957031250001, 21.23671875000008], [86.97548828125002, 20.70014648437501], [86.75039062500014, 20.313232421875057], [86.37656250000003, 20.006738281249966], [86.24521484375009, 20.05302734374999], [86.21621093750002, 19.895800781249932], [85.57499999999999, 19.69291992187499], [85.50410156250007, 19.887695312500057], [85.24863281250009, 19.757666015625034], [85.18076171875015, 19.59487304687508], [85.44160156249995, 19.626562499999977], [84.77099609375011, 19.125390625000023], [84.10410156250015, 18.29267578125001], [82.35957031250001, 17.09619140625], [82.25878906250011, 16.559863281249932], [81.76191406250013, 16.32949218750008], [81.2861328125, 16.337060546875023], [80.97871093750007, 15.758349609375102], [80.64658203125009, 15.895019531250057], [80.29345703125011, 15.710742187499989], [80.05341796875007, 15.074023437499932], [80.30654296875008, 13.485058593750068], [80.15625000000006, 13.713769531250136], [80.06210937500003, 13.606250000000045], [80.34238281250009, 13.361328125000057], [79.69316406249999, 11.312548828124932], [79.84863281250006, 11.196875000000034], [79.83818359375005, 10.322558593750045], [79.31455078125015, 10.256689453124977], [78.93994140625006, 9.565771484375091], [79.01992187499997, 9.333349609374977], [79.41142578124999, 9.1923828125], [78.97958984375015, 9.268554687500114], [78.42148437500009, 9.105029296874989], [78.19248046874998, 8.890869140625057], [78.06015625000003, 8.384570312499932], [77.517578125, 8.078320312500068], [77.06591796875, 8.31591796875], [76.55341796875001, 8.902783203125011], [76.32460937500014, 9.452099609375011], [76.24238281250007, 9.927099609374977], [76.4587890625001, 9.536230468750091], [76.34648437499999, 9.922119140625], [75.72382812500013, 11.361767578125011], [74.94550781250001, 12.56455078124992], [74.38222656250002, 14.494726562500034], [73.94921875000006, 15.074755859375102], [73.83281250000016, 15.659375000000011], [73.67988281250013, 15.708886718750136], [73.33759765625001, 16.459863281250023], [72.87548828125, 18.642822265625114], [73.00556640625001, 19.02109375000009], [72.97207031250014, 19.1533203125], [72.83466796875001, 18.975585937500057], [72.80302734375016, 19.079296875000068], [72.81162109374998, 19.298925781250034], [72.98720703125002, 19.27744140625009], [72.7878906250001, 19.362988281250125], [72.66777343750016, 19.83095703125008], [72.89375000000001, 20.672753906250136], [72.62382812500005, 21.371972656250136], [72.73476562500014, 21.470800781249977], [72.61328125000006, 21.461816406250136], [73.11249999999995, 21.750439453125125], [72.54306640624998, 21.69658203124999], [72.7001953125, 21.971923828124943], [72.52226562500016, 21.976220703125136], [72.55302734375005, 22.159960937500045], [72.80917968749998, 22.23330078125008], [72.18281250000013, 22.269726562500068], [72.27441406250011, 22.089746093749966], [72.03720703125009, 21.82304687499999], [72.25400390625003, 21.531005859375], [72.01523437500009, 21.155712890625125], [71.02460937500007, 20.73886718750009], [70.48505859375007, 20.840185546874977], [68.96992187500013, 22.290283203125], [69.05166015625008, 22.437304687500102], [69.27656250000007, 22.28549804687509], [70.17724609375006, 22.572753906249943], [70.48925781250006, 23.08950195312508], [69.66464843750009, 22.759082031250102], [69.23593749999998, 22.848535156250023], [68.64072265625003, 23.189941406250114], [68.41748046875006, 23.571484375000068], [68.77675781250002, 23.85209960937499], [68.23496093749998, 23.596972656250102], [68.1650390625, 23.857324218749994], [68.72412109375, 23.964697265625034]]], [[[93.82880859375001, 6.748681640624994], [93.68417968750003, 7.18359375], [93.82246093750001, 7.236621093749989], [93.92958984375002, 6.9734863281249915], [93.82880859375001, 6.748681640624994]]], [[[93.63847656249999, 7.261865234374994], [93.59726562500003, 7.318749999999994], [93.69248046875003, 7.410595703124997], [93.63847656249999, 7.261865234374994]]], [[[93.06425781249999, 8.274951171874989], [93.09697265624999, 8.349365234375], [93.14072265625003, 8.24951171875], [93.06425781249999, 8.274951171874989]]], [[[93.36503906249999, 7.8765624999999915], [93.33447265625, 8.006933593749991], [93.37548828125, 8.017919921874991], [93.36503906249999, 7.8765624999999915]]], [[[93.47822265625001, 8.024462890624989], [93.49404296875002, 8.224658203124989], [93.53164062500002, 8.213769531249994], [93.47822265625001, 8.024462890624989]]], [[[92.71660156249999, 9.165087890624989], [92.76210937500002, 9.243896484375], [92.80927734375001, 9.173388671874989], [92.71660156249999, 9.165087890624989]]], [[[92.36953125000002, 10.547412109374989], [92.35283203124999, 10.751123046874994], [92.51035156250003, 10.8974609375], [92.50283203125002, 10.554882812499997], [92.36953125000002, 10.547412109374989]]], [[[92.595703125, 11.386425781249997], [92.64023437500003, 11.509130859374991], [92.69003906250003, 11.463427734374989], [92.595703125, 11.386425781249997]]], [[[92.53388671875001, 11.873388671874991], [92.78828125000001, 12.225781249999997], [92.85732421875002, 13.358105468749997], [93.06230468749999, 13.545458984375003], [92.72275390625003, 11.536083984374997], [92.53388671875001, 11.873388671874991]]], [[[93.06210937500003, 11.8994140625], [92.95537109374999, 12.00244140625], [93.01738281249999, 12.036816406249997], [93.06210937500003, 11.8994140625]]], [[[92.68574218750001, 12.799951171874994], [92.71064453125001, 12.961572265624994], [92.73085937500002, 12.948535156249989], [92.68574218750001, 12.799951171874994]]], [[[72.7724609375, 11.214257812499994], [72.79267578125001, 11.262744140624989], [72.78789062500002, 11.215917968749991], [72.7724609375, 11.214257812499994]]], [[[73.03886718750002, 8.251953125], [73.0234375, 8.265917968749989], [73.07949218750002, 8.316503906249991], [73.03886718750002, 8.251953125]]]]}}, {"id": "195", "type": "Feature", "properties": {"iso3": "MAC", "name": "Macao"}, "geometry": {"type": "Polygon", "coordinates": [[[113.494140625, 22.24155273437499], [113.54814453124999, 22.222607421874997], [113.49882812499999, 22.20166015625], [113.494140625, 22.24155273437499]]]}}, {"id": "196", "type": "Feature", "properties": {"iso3": "HKG", "name": "Hong Kong"}, "geometry": {"type": "MultiPolygon", "coordinates": [[[[114.26601562500002, 22.540966796874997], [114.33525390624999, 22.396240234375], [114.26796875000002, 22.295556640624994], [113.896484375, 22.428173828124997], [114.26601562500002, 22.540966796874997]]], [[[114.20722656250001, 22.19516601562499], [114.13447265625001, 22.292236328125], [114.24687499999999, 22.263574218749994], [114.20722656250001, 22.19516601562499]]], [[[113.87734375000002, 22.21044921875], [113.8388671875, 22.24169921875], [114.0439453125, 22.333398437499994], [113.87734375000002, 22.21044921875]]]]}}, {"id": "45", "type": "Feature", "properties": {"iso3": "TWN", "name": "Taiwan"}, "geometry": {"type": "MultiPolygon", "coordinates": [[[[120.89736328125002, 22.379150390625], [120.83984375, 21.924999999999997], [120.74277343750003, 21.956005859374997], [120.08339843750002, 23.093701171874997], [120.13212890624999, 23.65292968749999], [121.04062500000003, 25.03281249999999], [121.59365234375002, 25.275341796874997], [121.92900390624999, 24.97373046874999], [121.3974609375, 23.172509765624994], [120.89736328125002, 22.379150390625]]], [[[118.43271484375003, 24.414355468750003], [118.29511718750001, 24.436328125000003], [118.28730468750001, 24.476611328125003], [118.43271484375003, 24.414355468750003]]]]}}, {"id": "219", "type": "Feature", "properties": {"iso3": "BGD", "name": "Bangladesh"}, "geometry": {"type": "MultiPolygon", "coordinates": [[[[88.92812500000002, 23.18662109374999], [88.72441406249999, 23.254980468750034], [88.5673828125, 23.67441406249999], [88.72353515625002, 24.27490234375], [88.0234375, 24.627832031250136], [88.45625000000001, 25.188427734374997], [88.95166015625, 25.25927734375], [88.08457031249998, 25.888232421875045], [88.4404296875, 26.369482421875], [88.41816406250001, 26.571533203125], [88.82802734375002, 26.252197265625], [89.01865234375003, 26.410253906249977], [89.36972656250003, 26.006103515625], [89.54990234375003, 26.005273437499994], [89.6708984375, 26.213818359374997], [89.82294921875001, 25.94140625], [89.83330078124999, 25.292773437500003], [90.43935546875002, 25.15771484375], [92.04970703125002, 25.169482421875003], [92.48544921875003, 24.903320312500114], [92.22832031249999, 24.88134765625], [92.10195312500002, 24.40805664062499], [91.876953125, 24.1953125], [91.36708984375002, 24.093505859375], [91.16044921874999, 23.66064453125], [91.31523437499999, 23.104394531249994], [91.43623046875001, 23.199902343749997], [91.61953125000002, 22.979687500000068], [91.92958984375002, 23.685986328124997], [92.24609374999994, 23.683593749999943], [92.63164062499999, 21.306201171875003], [92.20820312500001, 21.357861328124997], [92.32412109375002, 20.79184570312499], [92.05605468750002, 21.1748046875], [91.86337890625003, 22.350488281249994], [91.48007812500003, 22.884814453125003], [90.94560546874999, 22.59702148437499], [90.65625, 23.02548828124999], [90.60400390625, 23.591357421875003], [90.5556640625, 23.421533203124994], [90.26914062500003, 23.455859375000003], [90.59091796875003, 23.266406250000003], [90.43505859375, 22.751904296874997], [90.61611328125002, 22.36215820312499], [90.23056640625003, 21.829785156249997], [90.07119140625002, 21.887255859375003], [90.20957031250003, 22.15659179687499], [89.91806640625003, 22.116162109374997], [89.98515624999999, 22.46640624999999], [89.56855468750001, 21.76743164062499], [89.48320312499999, 22.275537109374994], [89.35371093750001, 21.721093749999994], [89.09394531250001, 21.872753906249997], [88.92812500000002, 23.18662109374999]]], [[[91.04472656249999, 22.105175781249997], [91.07949218750002, 22.519726562499997], [91.17822265625, 22.283007812500003], [91.04472656249999, 22.105175781249997]]], [[[91.41132812500001, 22.47568359374999], [91.4560546875, 22.616503906250003], [91.55673828125003, 22.382226562499994], [91.41132812500001, 22.47568359374999]]], [[[90.51503906250002, 22.065136718749997], [90.68046874999999, 22.32749023437499], [90.59648437499999, 22.863525390625], [90.8681640625, 22.48486328125], [90.77763671874999, 22.089306640624997], [90.51503906250002, 22.065136718749997]]], [[[91.83759765625001, 21.750244140625], [91.85068359375003, 21.927050781250003], [91.88251953125001, 21.88364257812499], [91.83759765625001, 21.750244140625]]], [[[91.85947265625003, 21.532958984375], [91.85703125000003, 21.708789062500003], [91.93398437500002, 21.72216796875], [91.85947265625003, 21.532958984375]]], [[[90.65957031250002, 22.92001953124999], [90.53632812500001, 23.014892578125], [90.57988281249999, 23.035449218750003], [90.65957031250002, 22.92001953124999]]]]}}, {"id": "213", "type": "Feature", "properties": {"iso3": "BTN", "name": "Bhutan"}, "geometry": {"type": "Polygon", "coordinates": [[[91.5947265625, 27.557666015624996], [92.08339843750002, 27.290625], [92.04970703125002, 26.874853515625], [90.73964843750002, 26.771679687500068], [90.34589843750001, 26.890332031249997], [89.76386718750001, 26.701562500000023], [89.04091796875002, 26.865039062499996], [88.73876953125, 27.175585937499996], [89.48066406250001, 28.059960937499994], [89.98105468750003, 28.311181640624994], [90.34824218750003, 28.243945312499996], [90.35273437500001, 28.080224609374994], [91.02080078124999, 27.970068359375], [91.27304687500003, 28.078369140625], [91.64189453124999, 27.923242187499994], [91.5947265625, 27.557666015624996]]]}}, {"id": "98", "type": "Feature", "properties": {"iso3": "NPL", "name": "Nepal"}, "geometry": {"type": "Polygon", "coordinates": [[[88.05488281250001, 26.43002929687492], [87.28740234374993, 26.360302734375125], [87.01640624999999, 26.555419921875057], [86.70136718750001, 26.43505859375], [85.79453125000003, 26.604150390624994], [85.6484375, 26.829003906249994], [85.19179687500002, 26.766552734374997], [84.68535156249999, 27.041015625], [84.61015624999999, 27.298681640625], [84.09101562499995, 27.491357421875136], [83.28974609375001, 27.370996093749994], [82.7333984375, 27.518994140624997], [82.67734375000003, 27.6734375], [81.85263671875003, 27.867089843749994], [80.05166015625002, 28.870312499999997], [80.61289062500003, 29.955859374999996], [80.90761718749997, 30.171923828125045], [81.17714843750002, 30.039892578125], [81.41718750000001, 30.337597656249997], [81.85488281250002, 30.36240234375], [83.15546875000001, 29.612646484375], [83.58349609375, 29.18359375], [84.10136718749999, 29.219970703125], [84.22871093750001, 28.911767578124994], [84.796875, 28.560205078124994], [85.15908203125002, 28.592236328124997], [85.12246093750002, 28.315966796874996], [85.67832031250003, 28.27744140625], [85.99453125000002, 27.910400390625], [86.13701171874999, 28.11435546875], [86.40869140625, 27.928662109374997], [86.61445312500001, 28.10302734375], [87.14140624999999, 27.838330078124997], [88.10976562499997, 27.870605468749943], [88.05488281250001, 26.43002929687492]]]}}, {"id": "134", "type": "Feature", "properties": {"iso3": "JPN", "name": "Japan"}, "geometry": {"type": "MultiPolygon", "coordinates": [[[[133.2392578125, 36.178759765624996], [133.20615234375003, 36.293408203125], [133.29570312500005, 36.340136718749996], [133.37050781250002, 36.203857421875], [133.2392578125, 36.178759765624996]]], [[[138.22519531250003, 37.829394531249996], [138.25, 38.078466796875], [138.50361328125, 38.31591796875], [138.49697265625002, 37.90390625], [138.22519531250003, 37.829394531249996]]], [[[134.66787109375002, 34.294140625], [135.00468750000005, 34.54404296875], [134.90546875, 34.398291015625], [134.9328125, 34.288134765624996], [134.66787109375002, 34.294140625]]], [[[130.44560546875005, 30.264697265624996], [130.38808593750002, 30.38818359375], [130.6435546875, 30.388964843749996], [130.44560546875005, 30.264697265624996]]], [[[130.8703125, 30.444238281249994], [131.06035156250005, 30.828466796875], [130.95976562500005, 30.396923828124997], [130.8703125, 30.444238281249994]]], [[[129.96015625, 32.24375], [130.009765625, 32.521630859374994], [130.16777343750005, 32.5412109375], [130.08251953125, 32.2296875], [129.96015625, 32.24375]]], [[[129.21445312500003, 34.082812499999996], [129.21484375, 34.320654296875], [129.337109375, 34.284765625], [129.21445312500003, 34.082812499999996]]], [[[129.36533203125003, 34.305517578125], [129.26669921875003, 34.370458984375], [129.45107421875002, 34.686572265624996], [129.36533203125003, 34.305517578125]]], [[[128.83857421875, 32.762890625], [128.89453125, 32.652148437499996], [128.69296875000003, 32.604736328125], [128.66533203125005, 32.78388671875], [128.83857421875, 32.762890625]]], [[[130.29257812500003, 32.419335937499994], [130.24169921875, 32.462792968749994], [130.46142578125, 32.51572265625], [130.29257812500003, 32.419335937499994]]], [[[141.03398437500005, 45.269335937499996], [140.9716796875, 45.465478515624994], [141.05673828125003, 45.449560546875], [141.03398437500005, 45.269335937499996]]], [[[141.14531250000005, 45.15390625], [141.13535156250003, 45.206201171874994], [141.25185546875002, 45.232470703124996], [141.29541015625, 45.1193359375], [141.14531250000005, 45.15390625]]], [[[139.43134765625, 42.199560546875], [139.55839843750005, 42.235205078125], [139.505078125, 42.09638671875], [139.43134765625, 42.199560546875]]], [[[134.25185546875002, 34.423046875], [134.18212890625, 34.51923828125], [134.32597656250005, 34.534375], [134.25185546875002, 34.423046875]]], [[[139.39238281250005, 34.689892578125], [139.37001953125002, 34.775439453124996], [139.42617187500002, 34.77587890625], [139.39238281250005, 34.689892578125]]], [[[128.997265625, 32.95185546875], [129.10976562500002, 33.132568359375], [129.18193359375005, 32.993115234375], [129.07695312500005, 32.840283203125], [128.997265625, 32.95185546875]]], [[[129.37041015625005, 33.176025390625], [129.4619140625, 33.33125], [129.56992187500003, 33.36103515625], [129.37041015625005, 33.176025390625]]], [[[129.6748046875, 33.739697265625], [129.71728515625, 33.8583984375], [129.7763671875, 33.82919921875], [129.6748046875, 33.739697265625]]], [[[132.54941406250003, 34.075097656249994], [132.4609375, 34.087255859375], [132.54345703125, 34.172656249999996], [132.54941406250003, 34.075097656249994]]], [[[132.31455078125003, 33.908593749999994], [132.44492187500003, 33.91318359375], [132.20878906250005, 33.872851562499996], [132.31455078125003, 33.908593749999994]]], [[[129.70683593750005, 31.71826171875], [129.7873046875, 31.787109375], [129.79365234375, 31.742480468749996], [129.70683593750005, 31.71826171875]]], [[[142.169921875, 26.615673828124997], [142.10712890625, 26.721533203125], [142.16171875000003, 26.7099609375], [142.169921875, 26.615673828124997]]], [[[144.71523437500002, 43.927978515625], [145.36953125000002, 44.327392578125], [145.1396484375, 43.662499999999994], [145.3408203125, 43.302539062499996], [145.8330078125, 43.3859375], [144.92138671875, 43.000927734375], [143.96933593750003, 42.881396484374996], [143.42949218750005, 42.418896484375], [143.2365234375, 42.0001953125], [141.85136718750005, 42.579052734375], [140.98613281250005, 42.342138671875], [140.48046875, 42.559374999999996], [140.32666015625, 42.293359374999994], [141.15097656250003, 41.805078124999994], [140.65986328125, 41.815576171874994], [140.27011718750003, 41.456005859375], [140.03662109375, 41.473779296874994], [140.1083984375, 41.912939453125], [139.83544921875, 42.278076171875], [139.86015625000005, 42.58173828125], [140.43222656250003, 42.9541015625], [140.39238281250005, 43.303124999999994], [141.13818359375, 43.179931640625], [141.37412109375003, 43.279638671875], [141.7609375, 44.48251953125], [141.5830078125, 45.15595703125], [141.66796875, 45.401269531249994], [141.9376953125, 45.509521484375], [142.884765625, 44.6701171875], [143.82431640625003, 44.116992187499996], [144.71523437500002, 43.927978515625]]], [[[131.6962890625, 33.602832031249996], [131.53740234375005, 33.274072265624994], [131.89658203125003, 33.25458984375], [132.0021484375, 32.882373046874996], [131.6603515625, 32.465624999999996], [131.33720703125005, 31.404687499999994], [131.07080078125, 31.436865234375], [131.09843750000005, 31.256152343749996], [130.6857421875, 31.01513671875], [130.77626953125002, 31.706298828125], [130.55605468750002, 31.5630859375], [130.58876953125002, 31.178515624999996], [130.14726562500005, 31.408496093749996], [130.32197265625, 31.601464843749994], [130.19443359375003, 32.090771484375], [130.64052734375002, 32.61923828125], [130.49785156250005, 32.65693359375], [130.54726562500002, 32.831591796874996], [130.2375, 33.177636718749994], [130.175, 32.851318359375], [130.32646484375005, 32.85263671875], [130.34042968750003, 32.70185546875], [130.05410156250002, 32.770800781249996], [129.7685546875, 32.57099609375], [129.67910156250002, 33.059960937499994], [129.99169921875, 32.8515625], [129.580078125, 33.236279296875], [130.71562500000005, 33.927783203124996], [131.17460937500005, 33.602587890624996], [131.6962890625, 33.602832031249996]]], [[[134.63750000000005, 34.226611328124996], [134.73886718750003, 33.8205078125], [134.37705078125003, 33.6083984375], [134.181640625, 33.247216796874994], [133.63203125, 33.510986328125], [133.28593750000005, 33.3599609375], [132.80429687500003, 32.752001953124996], [132.4951171875, 32.9166015625], [132.41279296875, 33.430468749999996], [132.03261718750002, 33.339990234374994], [132.64306640625, 33.68994140625], [132.93515625000003, 34.0953125], [133.19306640625, 33.933203125], [133.58203125, 34.017138671874996], [133.60263671875003, 34.24384765625], [133.94833984375003, 34.348046874999994], [134.63750000000005, 34.226611328124996]]], [[[141.45546875000002, 41.404736328125], [141.43046875000005, 40.72333984375], [141.7970703125, 40.291162109374994], [141.97695312500002, 39.42880859375], [141.46748046875, 38.404150390625], [141.1083984375, 38.337939453124996], [140.962109375, 38.148876953125], [141.00166015625, 37.114648437499994], [140.57353515625005, 36.231347656249994], [140.8740234375, 35.724951171875], [140.45742187500002, 35.51025390625], [140.3546875, 35.181445312499996], [139.8439453125, 34.914892578125], [139.82646484375005, 35.296679687499996], [140.096875, 35.58515625], [139.83476562500005, 35.658056640625], [139.65000000000003, 35.409130859375], [139.675, 35.149267578125], [139.24941406250002, 35.27802734375], [138.83750000000003, 34.61923828125], [138.90361328125005, 35.025244140625], [138.71962890625002, 35.124072265624996], [138.18906250000003, 34.596337890624994], [137.06171875, 34.582812499999996], [137.27519531250005, 34.772509765624996], [136.8712890625, 34.73310546875], [136.80419921875, 35.05029296875], [136.53300781250005, 34.678369140624994], [136.8537109375, 34.324072265625], [136.32988281250005, 34.17685546875], [135.9162109375, 33.56171875], [135.6953125, 33.486962890624994], [135.45283203125, 33.553369140624994], [135.1279296875, 34.006982421874994], [135.10009765625, 34.288378906249996], [135.41591796875002, 34.617480468749996], [134.74003906250005, 34.765234375], [133.14238281250005, 34.30244140625], [132.31259765625003, 34.324951171875], [132.146484375, 33.838769531249994], [131.74052734375005, 34.052050781249996], [130.91884765625002, 33.975732421874994], [131.00419921875005, 34.392578125], [131.35439453125002, 34.41318359375], [132.92294921875003, 35.511279296874996], [133.98125000000005, 35.507226562499994], [135.17431640625, 35.7470703125], [135.32695312500005, 35.525537109374994], [135.90312500000005, 35.606884765625], [136.09531250000003, 35.767626953124996], [136.06748046875003, 36.116845703124994], [136.69814453125002, 36.742041015625], [136.84345703125, 37.382128906249996], [137.32265625000002, 37.5220703125], [136.89990234375, 37.11767578125], [137.01669921875003, 36.837207031249996], [137.2462890625, 36.753173828125], [138.31992187500003, 37.218408203124994], [138.88505859375005, 37.8439453125], [139.36386718750003, 38.099023437499994], [139.801953125, 38.881591796875], [140.06474609375005, 39.624414062499994], [139.99472656250003, 39.855078125], [139.74150390625005, 39.920849609375], [140.01113281250002, 40.2603515625], [139.96669921875002, 40.672753906249994], [140.28125, 40.846093749999994], [140.3859375, 41.229785156249996], [140.62763671875, 41.19541015625], [140.74863281250003, 40.830322265625], [141.11855468750002, 40.882275390625], [141.24423828125003, 41.205615234374996], [140.80058593750005, 41.138818359374994], [140.80185546875003, 41.253662109375], [140.93691406250002, 41.50556640625], [141.45546875000002, 41.404736328125]]], [[[124.23427734375002, 24.358056640624994], [124.1357421875, 24.347607421874997], [124.08476562499999, 24.435839843750003], [124.30195312500001, 24.587109374999997], [124.23427734375002, 24.358056640624994]]], [[[123.6806640625, 24.288037109374997], [123.67978515625003, 24.317773437499994], [123.771484375, 24.414453124999994], [123.888671875, 24.28012695312499], [123.6806640625, 24.288037109374997]]], [[[125.26894531250002, 24.73251953124999], [125.28359375000002, 24.87192382812499], [125.33457031250003, 24.8046875], [125.44414062499999, 24.7431640625], [125.26894531250002, 24.73251953124999]]], [[[127.86708984375002, 26.44248046875], [127.65312500000005, 26.0947265625], [127.9072265625, 26.693603515625], [128.09765625, 26.667773437499996], [128.2548828125, 26.881884765624996], [128.2587890625, 26.652783203124997], [127.86708984375002, 26.44248046875]]], [[[128.90000000000003, 27.727783203125], [128.90761718750002, 27.897998046874996], [128.95166015625, 27.91025390625], [128.90000000000003, 27.727783203125]]], [[[129.36640625, 28.127734374999996], [129.16464843750003, 28.249755859375], [129.68955078125003, 28.517480468749994], [129.36640625, 28.127734374999996]]], [[[129.232421875, 28.101123046874996], [129.19248046875003, 28.19248046875], [129.25742187500003, 28.176171874999994], [129.232421875, 28.101123046874996]]], [[[139.77568359375005, 33.07822265625], [139.77744140625003, 33.125146484374994], [139.87363281250003, 33.093505859375], [139.77568359375005, 33.07822265625]]]]}}, {"id": "237", "type": "Feature", "properties": {"iso3": "-99", "name": "Siachen Glacier"}, "geometry": {"type": "Polygon", "coordinates": [[[76.76689453124999, 35.66171875], [77.79941406250003, 35.495898437500045], [77.04863281249999, 35.109912109374996], [76.76689453124999, 35.66171875]]]}}, {"id": "194", "type": "Feature", "properties": {"iso3": "CHN", "name": "China"}, "geometry": {"type": "MultiPolygon", "coordinates": [[[[118.14951171875003, 24.43613281249999], [118.07675781250003, 24.501416015624997], [118.10380859374999, 24.55234374999999], [118.14951171875003, 24.43613281249999]]], [[[121.51992187500002, 31.549609374999996], [121.21113281250001, 31.805371093749997], [121.46416015624999, 31.7564453125], [121.86269531250002, 31.49228515625], [121.51992187500002, 31.549609374999996]]], [[[122.02402343750003, 30.013330078124994], [121.96943359375001, 30.143115234374996], [122.28447265624999, 30.068017578124994], [122.2958984375, 29.963427734374996], [122.02402343750003, 30.013330078124994]]], [[[122.04267578125001, 29.7359375], [122.06230468749999, 29.772753906249996], [122.11962890625, 29.7822265625], [122.17255859375001, 29.679003906249996], [122.04267578125001, 29.7359375]]], [[[122.36757812500002, 29.852685546874994], [122.33183593749999, 29.934960937499994], [122.40156250000001, 29.950244140624996], [122.36757812500002, 29.852685546874994]]], [[[119.70029296875003, 25.43271484374999], [119.72255859375002, 25.638818359374994], [119.83837890625, 25.591064453125], [119.70029296875003, 25.43271484374999]]], [[[110.52158203125003, 21.08310546874999], [110.50390625, 20.967724609374997], [110.28095703125001, 21.001171874999997], [110.52158203125003, 21.08310546874999]]], [[[121.13154296875001, 28.06259765625], [121.13398437500001, 28.13525390625], [121.20546875000002, 28.204394531249996], [121.13154296875001, 28.06259765625]]], [[[113.56367187500001, 22.75791015624999], [113.40439453125003, 22.90283203125], [113.46494140625003, 22.904541015625], [113.56367187500001, 22.75791015624999]]], [[[112.71269531249999, 21.697949218749997], [112.78203124999999, 21.772265625000003], [112.86259765624999, 21.752636718749997], [112.79023437500001, 21.601855468750003], [112.71269531249999, 21.697949218749997]]], [[[112.54560546875001, 21.61850585937499], [112.52500000000003, 21.623046875], [112.64765625000001, 21.710253906250003], [112.54560546875001, 21.61850585937499]]], [[[107.75927734375, 21.655029296875], [107.35117187500003, 21.60888671875], [106.66357421875, 21.978906249999994], [106.55039062500003, 22.501367187499994], [106.7802734375, 22.77890624999999], [105.84296875000001, 22.922802734374997], [105.275390625, 23.34521484375], [104.86474609375, 23.136376953124994], [104.68730468749999, 22.822216796874997], [104.37177734375001, 22.704052734374997], [104.14306640625, 22.80014648437499], [103.94150390625003, 22.540087890625003], [103.62021484375003, 22.782031250000003], [103.49296874999999, 22.58798828124999], [103.30058593749999, 22.764404296875], [102.98193359375, 22.4482421875], [102.47089843750001, 22.750927734374997], [102.12744140625, 22.379199218750003], [101.70751953125, 22.486572265625], [101.52451171874998, 22.253662109375], [101.73652343750001, 21.826513671874977], [101.72812500000003, 21.156396484374994], [101.24785156249993, 21.197314453125045], [101.07978515625001, 21.755859375], [100.60458984375003, 21.47177734374999], [100.14765625000001, 21.480517578125003], [99.91767578125001, 22.028027343749997], [99.17343750000003, 22.1533203125], [99.50712890624999, 22.959130859374994], [98.86376953125, 23.19125976562499], [98.6767578125, 23.905078125000003], [98.83505859375003, 24.12119140624999], [97.56455078125003, 23.911035156249994], [97.70820312500001, 24.228759765625], [97.52939453125003, 24.63120117187499], [97.81953125000001, 25.251855468749994], [98.65625, 25.863574218750003], [98.65117187499999, 27.572460937499997], [98.298828125, 27.550097656249996], [98.09892578124999, 28.142285156249997], [97.65888671875001, 28.5], [97.32246093750001, 28.217968749999997], [96.60263671875003, 28.459912109375125], [96.28144531249995, 28.412060546875125], [96.58085937499999, 28.763671875], [96.43574218750001, 29.050683593749994], [96.13710937500002, 28.922607421875], [96.12236328124999, 29.082080078124996], [96.35585937500002, 29.249072265624932], [96.03535156250001, 29.447167968749994], [95.38925781250003, 29.037402343749996], [94.623046875, 29.312402343749994], [93.7607421875, 28.729785156250045], [93.251953125, 28.6294921875], [92.65253906250001, 28.093359375], [92.66435546874999, 27.948925781249997], [91.97763671875003, 27.730371093749994], [91.63193359375003, 27.759960937499997], [91.64189453124999, 27.923242187499994], [91.27304687500003, 28.078369140625], [91.02080078124999, 27.970068359375], [89.89785156250002, 28.294140624999997], [89.48066406250001, 28.059960937499994], [88.89140624999999, 27.316064453124994], [88.7490234375, 27.521875000000136], [88.80371093749994, 28.006933593750034], [88.62109375, 28.091845703124996], [87.62255859375, 27.815185546875], [87.14140624999999, 27.838330078124997], [86.61445312500001, 28.10302734375], [86.40869140625, 27.928662109374997], [86.13701171874999, 28.11435546875], [85.99453125000002, 27.910400390625], [85.67832031250003, 28.27744140625], [85.12246093750002, 28.315966796874996], [85.15908203125002, 28.592236328124997], [84.796875, 28.560205078124994], [84.22871093750001, 28.911767578124994], [84.10136718749999, 29.219970703125], [83.58349609375, 29.18359375], [83.15546875000001, 29.612646484375], [82.220703125, 30.063867187499994], [82.04335937500002, 30.3267578125], [81.41718750000001, 30.337597656249997], [81.1103515625, 30.036816406249997], [80.68212890625, 30.414843749999996], [80.19121093749999, 30.568408203124996], [80.1494140625, 30.789843749999996], [79.38847656249999, 31.064208984375], [79.10712890625001, 31.402636718749996], [78.7578125, 31.302490234375], [78.73544921875003, 31.957958984374997], [78.3896484375, 32.51987304687498], [78.70087890625001, 32.597021484375], [78.9189453125, 32.3582031250001], [79.21933593750003, 32.50107421875], [79.13515625000002, 33.17192382812499], [78.80185546875003, 33.49970703125], [78.72666015625003, 34.01337890625], [78.97011718750002, 34.302636718749994], [78.28203124999999, 34.65390625], [78.04267578125001, 35.4797851562501], [77.09003906250001, 35.552050781249996], [76.55126953125, 35.887060546875], [76.17783203125003, 35.810546875], [75.91230468750001, 36.048974609374994], [75.97441406250002, 36.382421875], [75.84023437500002, 36.649707031249996], [74.37617187500001, 37.137353515624994], [75.11875, 37.385693359375], [74.89423828125001, 37.601416015625], [74.8359375, 38.404296875], [74.27744140625, 38.659765625], [73.80166015625002, 38.606884765625], [73.63164062500002, 39.448876953124994], [73.90712890625002, 39.578515624999994], [73.83535156250002, 39.800146484375], [73.99160156250002, 40.043115234374994], [74.83046875000002, 40.328515624999994], [74.83515625000001, 40.4826171875], [75.55556640625002, 40.6251953125], [75.67714843750002, 40.305810546874994], [76.31855468750001, 40.35224609375], [76.90771484375, 41.024169921875], [78.12343750000002, 41.075634765625], [78.74257812500002, 41.56005859375], [80.23515624999999, 42.04345703125], [80.1650390625, 42.66552734375], [80.53896484375002, 42.873486328125], [80.39023437500003, 43.043115234374994], [80.78574218750003, 43.161572265625], [80.35527343749999, 44.097265625], [80.48154296875003, 44.714648437499996], [79.87187499999999, 44.8837890625], [81.69199218750003, 45.349365234375], [81.94492187500003, 45.16083984375], [82.521484375, 45.12548828125], [82.61162109374999, 45.424267578125], [82.31523437499999, 45.594921875], [83.02949218750001, 47.185937499999994], [84.66660156250003, 46.97236328125], [84.7861328125, 46.830712890624994], [85.48476562500002, 47.063525390624996], [85.65664062500002, 47.254638671875], [85.52597656250003, 47.915625], [85.69218749999999, 48.311816406249996], [86.54941406250003, 48.528613281249996], [86.88593750000001, 49.090576171875], [87.81425781249999, 49.1623046875], [87.7431640625, 48.881640624999996], [88.06005859375, 48.707177734374994], [87.97968750000001, 48.555126953125], [89.04765624999999, 48.0025390625], [89.47919921875001, 48.029052734375], [90.31328124999999, 47.676171874999994], [91.02890625000003, 46.566064453124994], [90.91152343750002, 46.270654296874994], [91.00175781249999, 46.035791015624994], [90.66181640625001, 45.525244140625], [90.87724609374999, 45.196093749999996], [93.51621093750003, 44.944482421874994], [94.71201171875003, 44.350830078125], [95.35029296875001, 44.278076171875], [95.32558593750002, 44.039355468749996], [95.52558593750001, 43.953955078125], [95.85957031250001, 43.2759765625], [96.38544921875001, 42.720361328124994], [101.49531250000001, 42.53876953125], [102.15664062500002, 42.158105468749994], [103.71113281250001, 41.751318359375], [104.49824218750001, 41.877001953124996], [104.49824218750001, 41.65869140625], [104.98203125000003, 41.595507812499996], [106.77001953125, 42.288720703124994], [109.33984375, 42.438378906249994], [110.400390625, 42.773681640625], [111.00722656250002, 43.34140625], [111.93320312500003, 43.71142578125], [111.40224609375002, 44.36728515625], [111.89804687500003, 45.0640625], [113.58701171875003, 44.745703125], [114.56015625000003, 45.389990234375], [115.68105468750002, 45.458251953125], [116.19765625000002, 45.73935546875], [116.56259765625003, 46.289794921875], [117.33339843750002, 46.36201171875], [117.43808593750003, 46.586230468749996], [117.7412109375, 46.5181640625], [118.84394531250001, 46.760205078125], [119.33183593749999, 46.613818359374996], [119.8671875, 46.672167968749996], [119.71113281250001, 47.15], [118.49843750000002, 47.983984375], [117.76835937499999, 47.987890625], [117.35078125000001, 47.652197265625], [116.76054687499999, 47.869775390624994], [115.89824218749999, 47.686914062499994], [115.52509765625001, 48.130859375], [115.78554687500002, 48.2482421875], [115.82050781250001, 48.57724609375], [116.68330078125001, 49.823779296874996], [117.87343750000002, 49.513476562499996], [119.25986328125003, 50.06640625], [119.34628906250003, 50.278955078124994], [119.16367187500003, 50.406005859375], [120.06689453125, 51.60068359375], [120.74980468749999, 52.096533203125], [120.65615234375002, 52.566650390625], [120.04433593750002, 52.718212890625], [120.98544921875003, 53.2845703125], [123.60781250000002, 53.546533203125], [124.81230468749999, 53.133837890624996], [125.64902343750003, 53.042285156249996], [126.34169921875002, 52.36201171875], [126.9248046875, 51.100146484374996], [127.30703125000002, 50.707958984375], [127.33720703125005, 50.350146484374996], [127.59023437500002, 50.208984375], [127.55078125, 49.801806640624996], [127.99960937500003, 49.568603515625], [128.70400390625002, 49.600146484374996], [129.06513671875, 49.374658203124994], [129.49814453125003, 49.388818359374994], [130.19599609375, 48.891650390624996], [130.55312500000002, 48.861181640625], [130.55214843750002, 48.602490234375], [130.80429687500003, 48.34150390625], [130.7326171875, 48.01923828125], [131.00273437500005, 47.691455078124996], [132.47626953125, 47.714990234374994], [133.14404296875, 48.1056640625], [134.29335937500002, 48.373437499999994], [134.665234375, 48.25390625], [134.56601562500003, 48.022509765624996], [134.75234375000002, 47.7154296875], [134.16767578125, 47.302197265625], [133.861328125, 46.24775390625], [133.43642578125002, 45.6046875], [133.18603515625, 45.49482421875], [133.1134765625, 45.130712890625], [132.93603515625, 45.029931640624994], [131.85185546875005, 45.32685546875], [131.44687500000003, 44.984033203124994], [130.981640625, 44.8443359375], [131.25527343750002, 44.071582031249996], [131.25732421875, 43.378076171874994], [131.0685546875, 42.902246093749994], [130.4248046875, 42.72705078125], [130.52695312500003, 42.535400390625], [130.24033203125003, 42.891796875], [129.89824218750005, 42.99814453125], [129.69785156250003, 42.448144531249994], [129.313671875, 42.41357421875], [128.92343750000003, 42.038232421874994], [128.04521484375005, 41.9875], [128.2892578125, 41.607421875], [128.1494140625, 41.387744140624996], [127.1796875, 41.53134765625], [126.95478515625001, 41.769482421875], [126.72158203125002, 41.716552734375], [125.98906249999999, 40.904638671875], [124.88935546875001, 40.459814453125], [124.26748046875002, 39.924169921875], [122.84003906250001, 39.600830078125], [121.67724609375, 39.00341796875], [121.64990234375, 38.865087890625], [121.16357421875, 38.731640625], [121.10673828124999, 38.920800781249994], [121.67988281250001, 39.108691406249996], [121.81845703125003, 39.386523437499996], [121.27548828125003, 39.384765625], [121.26748046875002, 39.544677734375], [121.517578125, 39.638964843749996], [121.51738281249999, 39.84482421875], [121.80097656250001, 39.950537109375], [122.26386718750001, 40.5001953125], [121.83486328125002, 40.974267578124994], [121.72929687499999, 40.846142578125], [121.17451171875001, 40.901269531249994], [120.47910156250003, 40.23095703125], [119.39111328125, 39.752490234374996], [118.97695312500002, 39.182568359375], [117.78466796875, 39.13447265625], [117.55380859375003, 38.691455078124996], [117.65605468749999, 38.424218749999994], [118.01494140624999, 38.183398437499996], [118.94003906250003, 38.042773437499996], [119.08916015624999, 37.700732421874996], [118.95263671875, 37.33115234375], [119.28740234374999, 37.13828125], [119.76054687499999, 37.155078124999996], [120.25722656250002, 37.679003906249996], [120.75, 37.833935546875], [121.64023437500003, 37.460351562499994], [122.6669921875, 37.40283203125], [122.34091796875003, 36.8322265625], [121.93271484375003, 36.95947265625], [120.81083984374999, 36.6328125], [120.89580078124999, 36.444140624999996], [120.71152343750003, 36.41328125], [120.63789062500001, 36.129931640624996], [120.39306640625, 36.053857421874994], [120.32773437500003, 36.228173828124994], [120.18330078125001, 36.202441406249996], [120.09414062500002, 36.118896484375], [120.28476562500003, 35.984423828124996], [119.4296875, 35.301416015624994], [119.16533203124999, 34.848828125], [120.26669921875003, 34.2740234375], [120.87109375, 33.016503906249994], [120.85322265625001, 32.661376953125], [121.34169921875002, 32.425048828125], [121.45078125000003, 32.1533203125], [121.83242187500002, 31.899755859375], [121.76357421875002, 31.699511718749996], [120.52011718750003, 32.105859374999994], [120.03593749999999, 31.936279296875], [120.71552734375001, 31.983740234375], [121.83447265625, 31.06162109375], [121.8779296875, 30.9169921875], [121.4189453125, 30.789794921875], [120.8974609375, 30.392626953124996], [120.19462890624999, 30.24130859375], [120.49453125000002, 30.303076171875], [120.63339843750003, 30.133154296875], [121.25800781250001, 30.304101562499994], [122.08291015625002, 29.870361328125], [121.50625000000002, 29.484570312499997], [121.88798828124999, 29.627783203125], [121.96835937500003, 29.490624999999994], [121.91777343749999, 29.135009765625], [121.71748046875001, 29.25634765625], [121.44765625000002, 29.13134765625], [121.6796875, 28.953125], [121.5400390625, 28.931884765625], [121.66250000000002, 28.851416015625], [121.47519531250003, 28.641406249999996], [121.60996093750003, 28.292138671874994], [121.14570312500001, 28.32666015625], [120.95859375000003, 28.037011718749994], [120.74765625000003, 28.009960937499997], [120.8330078125, 27.891455078125], [120.60751953125003, 27.412402343749996], [120.04296875, 26.633837890624996], [119.88222656250002, 26.61044921875], [119.82421875, 26.846386718749997], [119.58818359374999, 26.784960937499996], [119.88105468750001, 26.334179687499997], [119.46308593750001, 26.0546875], [119.13945312499999, 26.121777343749997], [119.33203125, 25.94873046875], [119.61875000000003, 26.003564453124994], [119.62246093750002, 25.391162109375003], [119.18007812500002, 25.44980468749999], [119.28554687500002, 25.232226562500003], [118.9775390625, 25.209277343750003], [118.90908203125002, 24.928906249999997], [118.63691406250001, 24.83554687499999], [118.65703124999999, 24.62143554687499], [118.08710937500001, 24.627001953125003], [117.84267578125002, 24.474316406249997], [118.05605468750002, 24.24609375], [117.46640625000003, 23.840576171875], [117.36767578125, 23.588623046875], [117.29082031249999, 23.71435546875], [116.91064453125, 23.646679687499997], [116.470703125, 22.94589843749999], [115.49833984374999, 22.71884765624999], [115.19580078125, 22.817285156249994], [114.85380859374999, 22.61679687499999], [114.65166015624999, 22.755273437499994], [114.55419921875, 22.52890624999999], [114.01542968749999, 22.511914062499997], [113.51972656250001, 23.102099609375003], [113.3310546875, 22.912011718749994], [113.55302734374999, 22.594042968750003], [113.54912109374999, 22.22519531249999], [113.14902343750003, 22.075000000000003], [113.08876953125002, 22.207958984374997], [112.95390624999999, 21.90732421874999], [112.58632812500002, 21.77685546875], [112.35966796874999, 21.97802734375], [112.30498046874999, 21.74169921875], [111.94394531250003, 21.849658203125003], [111.60273437500001, 21.55908203125], [111.01689453124999, 21.51171875], [110.56718749999999, 21.214062499999997], [110.41093749999999, 21.338134765625], [110.15400390625001, 20.944628906250003], [110.51152343749999, 20.518261718749997], [110.3447265625, 20.294824218749994], [109.88251953125001, 20.364062500000003], [109.96835937500003, 20.448144531249994], [109.66259765625, 20.916894531249994], [109.93076171875003, 21.48056640624999], [109.56640625, 21.690576171874994], [109.54404296875003, 21.53793945312499], [109.14863281250001, 21.425537109375], [109.10175781250001, 21.590478515624994], [108.77167968750001, 21.63046874999999], [108.47988281250002, 21.90463867187499], [108.50214843750001, 21.633447265624994], [107.97265625, 21.507958984374994], [107.75927734375, 21.655029296875]]], [[[111.013671875, 19.655468749999997], [110.64091796874999, 19.291210937499997], [110.45126953125003, 18.747949218749994], [110.0673828125, 18.447558593750003], [109.51933593749999, 18.21826171875], [108.70156250000002, 18.53525390624999], [108.66552734375, 19.304101562499994], [109.26347656249999, 19.88266601562499], [110.17158203125001, 20.0537109375], [110.58818359374999, 19.976367187500003], [110.65175781250002, 20.137744140625003], [110.88876953125003, 19.991943359375], [111.013671875, 19.655468749999997]]]]}}, {"id": "133", "type": "Feature", "properties": {"iso3": "JOR", "name": "Jordan"}, "geometry": {"type": "Polygon", "coordinates": [[[36.3720703125, 32.3869140625], [36.818359375, 32.317285156249994], [38.773535156250006, 33.372216796874994], [39.04140625000002, 32.3056640625], [39.29277343750002, 32.24384765625], [38.96230468750002, 31.994921874999996], [36.958593750000006, 31.491503906249996], [37.980078125000006, 30.5], [37.64990234375, 30.330957031249994], [37.46923828125, 29.995068359374997], [36.75527343750002, 29.866015624999996], [36.01542968750002, 29.190478515624996], [34.950781250000006, 29.353515625], [35.43925781250002, 31.132421875], [35.572851562500006, 32.640869140625], [35.78730468750001, 32.734912109374996], [36.3720703125, 32.3869140625]]]}}, {"id": "137", "type": "Feature", "properties": {"iso3": "ISR", "name": "Israel"}, "geometry": {"type": "Polygon", "coordinates": [[[35.88797748709491, 32.94437888348711], [35.572851562500006, 32.640869140625], [35.55146484375001, 32.3955078125], [35.19326171875002, 32.534423828125], [34.95595703125002, 32.160937499999996], [34.96113281250001, 31.82333984375], [35.203710937500006, 31.75], [34.880468750000006, 31.3681640625], [35.45058593750002, 31.479296874999996], [34.904296875, 29.477343749999996], [34.24531250000001, 31.208300781249996], [34.52558593750001, 31.525634765625], [35.10859375000001, 33.08369140625], [35.411230468750006, 33.07568359375], [35.84072265625002, 33.415673828124994], [35.88797748709491, 32.94437888348711]]]}}, {"id": "138", "type": "Feature", "properties": {"iso3": "PSE", "name": "Palestine"}, "geometry": {"type": "MultiPolygon", "coordinates": [[[[34.52558593750001, 31.525634765625], [34.24531250000001, 31.208300781249996], [34.19814453125002, 31.322607421875], [34.52558593750001, 31.525634765625]]], [[[35.45058593750002, 31.479296874999996], [34.880468750000006, 31.3681640625], [35.203710937500006, 31.75], [34.95380859375001, 31.841259765624997], [35.065039062500006, 32.46044921875], [35.55146484375001, 32.3955078125], [35.45058593750002, 31.479296874999996]]]]}}, {"id": "141", "type": "Feature", "properties": {"iso3": "IRN", "name": "Iran"}, "geometry": {"type": "MultiPolygon", "coordinates": [[[[55.95429687500001, 26.701123046874997], [55.295019531250006, 26.639208984374996], [55.76259765625002, 26.811962890624997], [55.75761718750002, 26.947656249999994], [56.279394531250006, 26.952099609374997], [55.95429687500001, 26.701123046874997]]], [[[54.69941406250001, 37.470166015625], [54.90009765625001, 37.7779296875], [55.380859375, 38.051123046875], [56.272070312500006, 38.080419921875], [56.44062500000001, 38.249414062499994], [57.19355468750001, 38.21640625], [57.35371093750001, 37.97333984375], [58.26162109375002, 37.665820312499996], [59.3017578125, 37.510644531249994], [60.34130859375, 36.637646484375], [61.169921875, 36.572265625], [61.27851562500001, 35.51376953125], [61.10000000000002, 35.272314453125], [61.080078125, 34.855615234374994], [60.72626953125001, 34.51826171875], [60.88945312500002, 34.31943359375], [60.642675781250006, 34.307177734374996], [60.48574218750002, 34.094775390624996], [60.485937500000006, 33.7119140625], [60.9169921875, 33.505224609375], [60.560546875, 33.137841796874994], [60.82929687500001, 32.249414062499994], [60.82070312500002, 31.495166015624996], [61.66015625, 31.382421875], [61.81083984375002, 30.913281249999997], [60.843359375000006, 29.858691406249996], [61.88984375000001, 28.546533203124994], [62.75800781250001, 28.243554687499994], [62.75273437500002, 27.265625], [63.30517578125, 27.124560546874996], [63.157812500000006, 26.649755859375], [62.43925781250002, 26.56103515625], [61.842382812500006, 26.225927734375], [61.587890625, 25.202343749999997], [61.412207031250006, 25.102099609375003], [60.51054687500002, 25.437060546875003], [60.40019531250002, 25.311572265625003], [59.04609375000001, 25.417285156250003], [57.334570312500006, 25.791552734375003], [56.98222656250002, 26.905468749999997], [56.35615234375001, 27.200244140624996], [55.65029296875002, 26.9775390625], [54.75927734375, 26.505078124999997], [53.70576171875001, 26.7255859375], [52.69160156250001, 27.323388671874994], [52.47587890625002, 27.616503906249996], [51.58906250000001, 27.864208984374997], [51.278906250000006, 28.13134765625], [50.87578125000002, 29.062695312499997], [50.67519531250002, 29.14658203125], [50.64960937500001, 29.420068359374994], [50.07158203125002, 30.198535156249996], [49.55488281250001, 30.028955078124994], [49.001953125, 30.373925781249994], [49.22451171875002, 30.472314453124994], [49.001953125, 30.506542968749997], [48.8701171875, 30.062402343749994], [48.4345703125, 30.03759765625], [48.01494140625002, 30.465624999999996], [48.01064453125002, 30.989794921874996], [47.67949218750002, 31.002392578124997], [47.82998046875002, 31.79443359375], [47.37128906250001, 32.423730468749994], [46.11279296875, 32.957666015624994], [46.01992187500002, 33.41572265625], [45.397070312500006, 33.970849609374994], [45.54277343750002, 34.21552734375], [45.50078125000002, 34.581591796874996], [46.1337890625, 35.12763671875], [45.99501953125002, 35.60810546875], [46.2734375, 35.773242187499996], [45.36162109375002, 36.01533203125], [45.05312500000002, 36.471630859375], [44.79414062500001, 37.290380859375], [44.57402343750002, 37.435400390625], [44.589941406250006, 37.710351562499994], [44.21132812500002, 37.908056640625], [44.44990234375001, 38.334228515625], [44.29853515625001, 38.386279296874996], [44.02324218750002, 39.37744140625], [44.38935546875001, 39.422119140625], [44.58710937500001, 39.7685546875], [45.47968750000001, 39.006249999999994], [46.17011718750001, 38.869042968749994], [46.554785156250006, 38.90439453125], [47.99589843750002, 39.683935546875], [48.32216796875002, 39.399072265624994], [48.10439453125002, 39.241113281249994], [48.292089843750006, 39.018847656249996], [47.99648437500002, 38.853759765625], [48.59267578125002, 38.411083984375], [48.868750000000006, 38.435498046875], [49.08095703125002, 37.667578125], [50.130468750000006, 37.407128906249994], [50.533203125, 37.013671875], [51.11855468750002, 36.742578124999994], [52.19013671875001, 36.621728515624994], [53.767675781250006, 36.930322265624994], [53.91542968750002, 36.930322265624994], [53.67949218750002, 36.853125], [53.97011718750002, 36.818310546875], [53.914160156250006, 37.343554687499996], [54.69941406250001, 37.470166015625]]]]}}, {"id": "140", "type": "Feature", "properties": {"iso3": "IRQ", "name": "Iraq"}, "geometry": {"type": "Polygon", "coordinates": [[[42.77460937500001, 37.371874999999996], [44.11445312500001, 37.30185546875], [44.281835937500006, 36.97802734375], [44.73095703125, 37.165283203125], [45.36162109375002, 36.01533203125], [46.2734375, 35.773242187499996], [45.99501953125002, 35.60810546875], [46.1337890625, 35.12763671875], [45.50078125000002, 34.581591796874996], [45.54277343750002, 34.21552734375], [45.397070312500006, 33.970849609374994], [46.01992187500002, 33.41572265625], [46.11279296875, 32.957666015624994], [47.37128906250001, 32.423730468749994], [47.82998046875002, 31.79443359375], [47.67949218750002, 31.002392578124997], [48.01064453125002, 30.989794921874996], [48.01494140625002, 30.465624999999996], [48.546484375000006, 29.962353515624997], [47.223242187500006, 30.04150390625], [46.53144531250001, 29.096240234374996], [44.71650390625001, 29.193603515625], [42.07441406250001, 31.080371093749996], [40.36933593750001, 31.93896484375], [39.14541015625002, 32.12451171875], [39.29277343750002, 32.24384765625], [39.04140625000002, 32.3056640625], [38.773535156250006, 33.372216796874994], [40.98701171875001, 34.429052734375], [41.19472656250002, 34.768994140625], [41.354101562500006, 35.640429687499996], [41.295996093750006, 36.383349609374996], [42.77460937500001, 37.371874999999996]]]}}, {"id": "124", "type": "Feature", "properties": {"iso3": "LBN", "name": "Lebanon"}, "geometry": {"type": "Polygon", "coordinates": [[[36.383886718750006, 34.65791015625], [36.32988281250002, 34.499609375], [36.5849609375, 34.221240234374996], [36.27783203125, 33.92529296875], [36.36503906250002, 33.83935546875], [36.01884765625002, 33.783935546875], [36.02226562500002, 33.5625], [35.4931640625, 33.119482421875], [35.10859375000001, 33.08369140625], [35.97626953125001, 34.629199218749996], [36.383886718750006, 34.65791015625]]]}}, {"id": "236", "type": "Feature", "properties": {"iso3": "AFG", "name": "Afghanistan"}, "geometry": {"type": "Polygon", "coordinates": [[[67.70000000000002, 37.22724609375], [68.06777343750002, 36.9498046875], [68.91181640625001, 37.333935546875], [69.30390625000001, 37.116943359375], [69.49208984375002, 37.553076171875], [70.18867187500001, 37.582470703125], [70.21464843750002, 37.9244140625], [70.87890625, 38.456396484375], [71.255859375, 38.306982421875], [71.27851562500001, 37.918408203125], [71.58222656250001, 37.910107421875], [71.43291015625002, 37.1275390625], [71.665625, 36.696923828124994], [72.65742187500001, 37.029052734375], [73.38291015625, 37.462255859375], [73.72060546875002, 37.418749999999996], [73.65351562500001, 37.23935546875], [74.34902343750002, 37.418749999999996], [74.65937500000001, 37.394482421875], [74.89130859375001, 37.231640625], [74.37216796875, 37.15771484375], [74.54140625000002, 37.02216796875], [74.03886718750002, 36.825732421874996], [72.24980468750002, 36.734716796875], [71.23291015625, 36.12177734375], [71.62050781250002, 35.183007812499994], [70.96562500000002, 34.53037109375], [71.05156250000002, 34.049707031249994], [69.8896484375, 34.007275390625], [70.26113281250002, 33.289013671875], [69.5015625, 33.020068359374996], [69.24140625000001, 32.433544921875], [69.279296875, 31.936816406249996], [68.86894531250002, 31.634228515624997], [68.59765625, 31.802978515625], [68.16103515625002, 31.802978515625], [67.57822265625, 31.506494140624994], [67.737890625, 31.343945312499997], [67.45283203125001, 31.234619140625], [66.82929687500001, 31.263671875], [66.34687500000001, 30.802783203124996], [66.31337890625002, 29.968554687499996], [66.17705078125002, 29.835595703124994], [64.09873046875, 29.391943359375], [63.56757812500001, 29.497998046874997], [62.4765625, 29.408349609374994], [60.843359375000006, 29.858691406249996], [61.81083984375002, 30.913281249999997], [61.66015625, 31.382421875], [60.82070312500002, 31.495166015624996], [60.82929687500001, 32.249414062499994], [60.56191406250002, 33.0587890625], [60.9169921875, 33.505224609375], [60.510839843750006, 33.638916015625], [60.48574218750002, 34.094775390624996], [60.642675781250006, 34.307177734374996], [60.88945312500002, 34.31943359375], [60.72626953125001, 34.51826171875], [61.080078125, 34.855615234374994], [61.26201171875002, 35.619580078125], [61.98388671875, 35.443701171875], [62.30781250000001, 35.170800781249994], [62.688085937500006, 35.255322265625], [63.056640625, 35.44580078125], [63.129980468750006, 35.84619140625], [64.00966796875002, 36.012109374999994], [64.51103515625002, 36.340673828125], [64.81630859375002, 37.132080078125], [65.55498046875002, 37.251171875], [65.76503906250002, 37.569140624999996], [67.70000000000002, 37.22724609375]]]}}, {"id": "46", "type": "Feature", "properties": {"iso3": "SYR", "name": "Syria"}, "geometry": {"type": "Polygon", "coordinates": [[[36.15361328125002, 35.833886718749994], [36.37539062500002, 36.171240234375], [36.63671875, 36.233984375], [36.53750000000002, 36.457421874999994], [36.65859375000002, 36.802539062499996], [37.43632812500002, 36.643310546875], [38.19169921875002, 36.9015625], [39.35664062500001, 36.681591796875], [40.705664062500006, 37.097705078124996], [41.51552734375002, 37.089160156249996], [42.202734375000006, 37.297265624999994], [42.358984375000006, 37.10859375], [41.78857421875, 36.59716796875], [41.295996093750006, 36.383349609374996], [41.354101562500006, 35.640429687499996], [41.19472656250002, 34.768994140625], [40.98701171875001, 34.429052734375], [36.818359375, 32.317285156249994], [36.3720703125, 32.3869140625], [35.78730468750001, 32.734912109374996], [35.7925310942343, 33.33410710518994], [36.03447265625002, 33.58505859375], [35.96845703125001, 33.732421875], [36.36503906250002, 33.83935546875], [36.27783203125, 33.92529296875], [36.5849609375, 34.221240234374996], [36.32988281250002, 34.499609375], [36.383886718750006, 34.65791015625], [35.97626953125001, 34.629199218749996], [35.902441406250006, 35.420703124999996], [35.76445312500002, 35.571582031249996], [35.892675781250006, 35.916552734374996], [36.15361328125002, 35.833886718749994]]]}}, {"id": "185", "type": "Feature", "properties": {"iso3": "CYP", "name": "Cyprus"}, "geometry": {"type": "Polygon", "coordinates": [[[33.3837890625, 35.1626953125], [33.47578125000001, 35.000341796875], [33.86640625000001, 35.093603515625], [34.05019531250002, 34.98837890625], [33.69941406250001, 34.969873046874994], [32.94179687500002, 34.57587890625], [32.44902343750002, 34.729443359375], [32.31718750000002, 34.9533203125], [32.30097656250001, 35.082958984375], [33.3837890625, 35.1626953125]]]}}, {"id": "184", "type": "Feature", "properties": {"iso3": "-99", "name": "N. Cyprus"}, "geometry": {"type": "Polygon", "coordinates": [[[33.47578125000001, 35.000341796875], [33.3837890625, 35.1626953125], [32.71269531250002, 35.171044921874994], [32.8798828125, 35.180566406249994], [32.94160156250001, 35.390429687499996], [33.60761718750001, 35.354150390624994], [34.55605468750002, 35.662060546875], [33.941992187500006, 35.292041015624996], [34.004492187500006, 35.065234374999996], [33.47578125000001, 35.000341796875]]]}}, {"id": "55", "type": "Feature", "properties": {"iso3": "KOR", "name": "South Korea"}, "geometry": {"type": "MultiPolygon", "coordinates": [[[[127.09033203125, 38.28388671875], [128.03896484375002, 38.308544921875], [128.37460937500003, 38.623437499999994], [129.41826171875005, 37.059033203125], [129.403515625, 36.052148437499994], [129.56171875, 35.947656249999994], [129.21416015625005, 35.1818359375], [128.5109375, 35.100976562499994], [128.44394531250003, 34.870361328125], [128.03623046875003, 35.02197265625], [127.71484375, 34.9546875], [127.71542968750003, 34.721044921875], [127.404296875, 34.823095703125], [127.47910156250003, 34.625244140625], [127.32460937500002, 34.463281249999994], [127.17343750000003, 34.546142578125], [127.2470703125, 34.755126953125], [126.8974609375, 34.438867187499994], [126.75478515625002, 34.511865234374994], [126.53144531250001, 34.314257812499996], [126.26445312499999, 34.673242187499994], [126.59335937500003, 34.824365234374994], [126.42070312499999, 34.823388671874994], [126.29111328125003, 35.154150390625], [126.61406249999999, 35.57099609375], [126.48847656250001, 35.6470703125], [126.75302734375003, 35.871972656249994], [126.54042968750002, 36.166162109374994], [126.48769531250002, 36.693798828125], [126.16054687500002, 36.771923828125], [126.48701171875001, 37.007470703124994], [126.8720703125, 36.824462890625], [126.97685546874999, 36.939404296875], [126.56337890625002, 37.71650390625], [127.09033203125, 38.28388671875]]], [[[128.6466796875, 34.736865234374996], [128.4892578125, 34.865283203124996], [128.721875, 35.013574218749994], [128.6466796875, 34.736865234374996]]], [[[127.87343750000002, 34.7349609375], [127.83222656250001, 34.87451171875], [127.91542968750002, 34.92099609375], [128.06582031250002, 34.805859375], [127.87343750000002, 34.7349609375]]], [[[126.12285156249999, 34.4439453125], [126.34384765625003, 34.544921875], [126.33544921875, 34.426416015624994], [126.12285156249999, 34.4439453125]]], [[[126.46083984375002, 37.6103515625], [126.36933593750001, 37.772021484374996], [126.41162109375, 37.822656249999994], [126.46083984375002, 37.6103515625]]], [[[126.68906250000003, 34.305419921875], [126.65185546875, 34.39033203125], [126.69999999999999, 34.395898437499994], [126.68906250000003, 34.305419921875]]], [[[127.7373046875, 34.630908203124996], [127.787109375, 34.68212890625], [127.79902343750001, 34.615039062499996], [127.7373046875, 34.630908203124996]]], [[[126.40380859375, 36.427880859374994], [126.33750000000003, 36.470556640625], [126.31855468750001, 36.612548828125], [126.40380859375, 36.427880859374994]]], [[[126.115234375, 34.714208984375], [126.00751953125001, 34.867480468749996], [126.07841796874999, 34.914843749999996], [126.115234375, 34.714208984375]]], [[[130.87060546875, 37.44873046875], [130.81025390625, 37.509912109374994], [130.90371093750002, 37.5537109375], [130.87060546875, 37.44873046875]]], [[[126.16562500000003, 33.31201171875], [126.33769531249999, 33.460400390625], [126.90117187499999, 33.51513671875], [126.87285156249999, 33.341162109375], [126.16562500000003, 33.31201171875]]]]}}, {"id": "44", "type": "Feature", "properties": {"iso3": "TJK", "name": "Tajikistan"}, "geometry": {"type": "MultiPolygon", "coordinates": [[[[67.81435546875002, 37.48701171875], [68.35029296875001, 38.21103515625], [68.08720703125002, 38.473535156249994], [68.13251953125001, 38.927636718749994], [67.35761718750001, 39.216699218749994], [67.42617187500002, 39.465576171875], [67.71904296875002, 39.621386718749996], [68.46328125000002, 39.53671875], [68.97207031250002, 40.08994140625], [68.63066406250002, 40.16708984375], [69.27490234375, 40.198095703125], [69.20625000000001, 40.566552734374994], [69.35722656250002, 40.767382812499996], [69.712890625, 40.656982421875], [70.401953125, 41.035107421875], [70.75107421875, 40.72177734375], [70.37158203125, 40.384130859375], [70.94638671875, 40.18759765625], [70.51513671875, 39.94990234375], [69.966796875, 40.20224609375], [69.5302734375, 40.097314453124994], [69.47626953125001, 39.919726562499996], [69.27880859375, 39.917773437499996], [69.29765625000002, 39.524804687499994], [70.50117187500001, 39.587353515625], [70.79931640625, 39.3947265625], [71.4703125, 39.603662109374994], [71.77861328125002, 39.277978515624994], [72.04277343750002, 39.3521484375], [72.22998046875, 39.20751953125], [72.56337890625002, 39.377197265625], [73.63164062500002, 39.448876953124994], [73.80166015625002, 38.606884765625], [74.27744140625, 38.659765625], [74.81230468750002, 38.460302734375], [74.89423828125001, 37.601416015625], [75.11875, 37.385693359375], [74.89130859375001, 37.231640625], [74.34902343750002, 37.418749999999996], [73.749609375, 37.231787109375], [73.6275390625, 37.261572265625], [73.72060546875002, 37.418749999999996], [73.38291015625, 37.462255859375], [72.65742187500001, 37.029052734375], [71.665625, 36.696923828124994], [71.43291015625002, 37.1275390625], [71.58222656250001, 37.910107421875], [71.27851562500001, 37.918408203125], [71.255859375, 38.306982421875], [70.87890625, 38.456396484375], [70.21464843750002, 37.9244140625], [70.18867187500001, 37.582470703125], [69.49208984375002, 37.553076171875], [69.30390625000001, 37.116943359375], [68.91181640625001, 37.333935546875], [68.06777343750002, 36.9498046875], [67.75898437500001, 37.172216796875], [67.81435546875002, 37.48701171875]]], [[[70.62275390625001, 40.934423828125], [70.55000000000001, 41.014892578125], [70.61835937500001, 41.00166015625], [70.62275390625001, 40.934423828125]]], [[[70.5595703125, 39.790917968749994], [70.48281250000002, 39.882714843749994], [70.66416015625, 39.85546875], [70.5595703125, 39.790917968749994]]]]}}, {"id": "88", "type": "Feature", "properties": {"iso3": "PRK", "name": "North Korea"}, "geometry": {"type": "MultiPolygon", "coordinates": [[[[128.03896484375002, 38.308544921875], [127.09033203125, 38.28388671875], [126.63388671875003, 37.7818359375], [126.36992187499999, 37.878369140625], [126.11669921875, 37.742919921875], [125.76914062500003, 37.9853515625], [125.35781250000002, 37.7248046875], [124.98876953125, 37.931445312499996], [125.20673828125001, 38.08154296875], [124.69091796875, 38.129199218749996], [125.0673828125, 38.55673828125], [125.55449218749999, 38.68623046875], [125.16884765625002, 38.805517578125], [125.40966796875, 39.288378906249996], [125.36083984375, 39.526611328125], [124.77529296875002, 39.758056640625], [124.63828125000003, 39.615087890625], [124.3486328125, 39.906884765624994], [124.38662109375002, 40.104248046875], [125.98906249999999, 40.904638671875], [126.60126953125001, 41.640966796875], [126.90351562500001, 41.781054687499996], [127.1796875, 41.53134765625], [128.1494140625, 41.387744140624996], [128.2892578125, 41.607421875], [128.04521484375005, 41.9875], [128.92343750000003, 42.038232421874994], [129.313671875, 42.41357421875], [129.69785156250003, 42.448144531249994], [129.86103515625, 42.965087890625], [130.08261718750003, 42.974169921874996], [130.68730468750005, 42.302539062499996], [130.23574218750002, 42.183203125], [129.75634765625, 41.712255859375], [129.70869140625, 40.857324218749994], [127.52744140625003, 39.695703124999994], [127.39453125, 39.207910156249994], [128.37460937500003, 38.623437499999994], [128.03896484375002, 38.308544921875]]], [[[124.84609375000002, 39.558886718749996], [124.9345703125, 39.607812499999994], [124.9052734375, 39.536279296874994], [124.84609375000002, 39.558886718749996]]]]}}, {"id": "127", "type": "Feature", "properties": {"iso3": "KGZ", "name": "Kyrgyzstan"}, "geometry": {"type": "Polygon", "coordinates": [[[71.69248046875, 40.15234375], [73.13691406250001, 40.81064453125], [72.18730468750002, 41.025927734374996], [71.66494140625002, 41.5412109375], [71.39306640625, 41.123388671875], [70.17695312500001, 41.539990234375], [71.228515625, 42.162890624999996], [70.89287109375002, 42.339990234374994], [71.42207031250001, 42.783154296875], [72.27578125000002, 42.757666015625], [73.49296875000002, 42.409033203125], [73.55625, 43.002783203125], [74.20908203125, 43.240380859374994], [75.3662109375, 42.836962890624996], [76.98808593749999, 42.973583984375], [79.12666015625001, 42.775732421875], [79.42822265625, 42.48349609375], [79.92109375000001, 42.413134765624996], [80.24619140625003, 42.059814453125], [78.74257812500002, 41.56005859375], [78.12343750000002, 41.075634765625], [76.90771484375, 41.024169921875], [76.31855468750001, 40.35224609375], [75.67714843750002, 40.305810546874994], [75.55556640625002, 40.6251953125], [74.83515625000001, 40.4826171875], [74.83046875000002, 40.328515624999994], [73.99160156250002, 40.043115234374994], [73.83535156250002, 39.800146484375], [73.90712890625002, 39.578515624999994], [73.71572265625002, 39.462255859375], [72.56337890625002, 39.377197265625], [72.22998046875, 39.20751953125], [72.04277343750002, 39.3521484375], [71.77861328125002, 39.277978515624994], [71.4703125, 39.603662109374994], [70.79931640625, 39.3947265625], [70.50117187500001, 39.587353515625], [69.29765625000002, 39.524804687499994], [69.27880859375, 39.917773437499996], [69.47626953125001, 39.919726562499996], [69.5302734375, 40.097314453124994], [69.966796875, 40.20224609375], [70.51513671875, 39.94990234375], [70.9580078125, 40.2388671875], [71.69248046875, 40.15234375]], [[71.22871093750001, 40.048144531249996], [70.97626953125001, 40.133251953125], [71.01171875, 39.8951171875], [71.20615234375, 39.892578125], [71.22871093750001, 40.048144531249996]], [[71.78994140625002, 39.9953125], [71.6689453125, 39.946093749999996], [71.7529296875, 39.907128906249994], [71.78994140625002, 39.9953125]], [[70.66416015625, 39.85546875], [70.48281250000002, 39.882714843749994], [70.5595703125, 39.790917968749994], [70.66416015625, 39.85546875]]]}}, {"id": "105", "type": "Feature", "properties": {"iso3": "MNG", "name": "Mongolia"}, "geometry": {"type": "Polygon", "coordinates": [[[88.11572265625, 49.256298828125], [88.19257812500001, 49.451708984374996], [89.10947265625003, 49.501367187499994], [89.65410156249999, 49.71748046875], [89.64384765624999, 49.90302734375], [90.0537109375, 50.09375], [92.1923828125, 50.700585937499994], [92.35478515624999, 50.864160156249994], [92.62666015625001, 50.688281249999996], [92.94130859375002, 50.778222656249994], [93.10312500000003, 50.603906249999994], [94.25107421875003, 50.556396484375], [94.35468750000001, 50.221826171874994], [94.61474609375, 50.023730468749996], [96.06552734375003, 49.99873046875], [97.35976562500002, 49.741455078125], [98.00390625, 50.0142578125], [98.25029296874999, 50.30244140625], [98.27949218750001, 50.533251953124996], [98.02978515625, 50.64462890625], [97.83574218749999, 51.051660156249994], [98.03759765625, 51.449951171875], [98.89316406250003, 52.11728515625], [99.92167968749999, 51.755517578125], [102.11152343750001, 51.353466796875], [102.28837890624999, 50.585107421874994], [103.30439453125001, 50.20029296875], [104.07871093750003, 50.154248046875], [105.38359374999999, 50.47373046875], [106.71113281250001, 50.31259765625], [107.23330078125002, 49.989404296874994], [107.91660156250003, 49.947802734374996], [107.96542968750003, 49.653515625], [108.61367187500002, 49.322802734374996], [110.70976562499999, 49.142968749999994], [112.80644531249999, 49.523583984374994], [114.29707031250001, 50.2744140625], [114.7431640625, 50.233691406249996], [115.42919921875, 49.896484375], [116.35117187500003, 49.978076171874996], [116.68330078125001, 49.823779296874996], [115.82050781250001, 48.57724609375], [115.78554687500002, 48.2482421875], [115.52509765625001, 48.130859375], [115.61640625000001, 47.874804687499996], [115.89824218749999, 47.686914062499994], [116.76054687499999, 47.869775390624994], [117.35078125000001, 47.652197265625], [117.76835937499999, 47.987890625], [118.49843750000002, 47.983984375], [119.71113281250001, 47.15], [119.89589843750002, 46.732861328125], [119.70664062500003, 46.606005859374996], [118.84394531250001, 46.760205078125], [117.7412109375, 46.5181640625], [117.43808593750003, 46.586230468749996], [117.33339843750002, 46.36201171875], [116.56259765625003, 46.289794921875], [116.19765625000002, 45.73935546875], [115.68105468750002, 45.458251953125], [114.56015625000003, 45.389990234375], [113.58701171875003, 44.745703125], [111.89804687500003, 45.0640625], [111.40224609375002, 44.36728515625], [111.93320312500003, 43.71142578125], [111.00722656250002, 43.34140625], [110.400390625, 42.773681640625], [109.33984375, 42.438378906249994], [106.77001953125, 42.288720703124994], [104.98203125000003, 41.595507812499996], [104.49824218750001, 41.65869140625], [104.49824218750001, 41.877001953124996], [103.71113281250001, 41.751318359375], [102.15664062500002, 42.158105468749994], [101.49531250000001, 42.53876953125], [96.38544921875001, 42.720361328124994], [95.85957031250001, 43.2759765625], [95.52558593750001, 43.953955078125], [95.32558593750002, 44.039355468749996], [95.35029296875001, 44.278076171875], [94.71201171875003, 44.350830078125], [93.51621093750003, 44.944482421874994], [90.87724609374999, 45.196093749999996], [90.66181640625001, 45.525244140625], [91.00175781249999, 46.035791015624994], [90.91152343750002, 46.270654296874994], [91.02890625000003, 46.566064453124994], [90.33066406250003, 47.655175781249994], [89.47919921875001, 48.029052734375], [89.04765624999999, 48.0025390625], [87.97968750000001, 48.555126953125], [88.06005859375, 48.707177734374994], [87.7431640625, 48.881640624999996], [87.81425781249999, 49.1623046875], [88.11572265625, 49.256298828125]]]}}, {"id": "36", "type": "Feature", "properties": {"iso3": "TUR", "name": "Turkey"}, "geometry": {"type": "MultiPolygon", "coordinates": [[[[25.740234375, 40.10546875], [25.6689453125, 40.135888671874994], [25.918359375000023, 40.23798828125], [25.970019531250017, 40.136328125], [25.740234375, 40.10546875]]], [[[42.466406250000006, 41.439843749999994], [42.78789062500002, 41.563720703125], [43.63164062500002, 40.929003906249996], [43.66621093750001, 40.126367187499994], [44.39960937500001, 39.995751953124994], [44.81718750000002, 39.650439453124996], [44.58710937500001, 39.7685546875], [44.38935546875001, 39.422119140625], [44.02324218750002, 39.37744140625], [44.29853515625001, 38.386279296874996], [44.44990234375001, 38.334228515625], [44.21132812500002, 37.908056640625], [44.589941406250006, 37.710351562499994], [44.76513671875, 37.142431640625], [44.281835937500006, 36.97802734375], [44.11445312500001, 37.30185546875], [42.77460937500001, 37.371874999999996], [42.358984375000006, 37.10859375], [42.202734375000006, 37.297265624999994], [41.51552734375002, 37.089160156249996], [40.705664062500006, 37.097705078124996], [39.35664062500001, 36.681591796875], [38.19169921875002, 36.9015625], [37.43632812500002, 36.643310546875], [36.65859375000002, 36.802539062499996], [36.53750000000002, 36.457421874999994], [36.63671875, 36.233984375], [36.37539062500002, 36.171240234375], [36.12734375000002, 35.831445312499994], [35.892675781250006, 35.916552734374996], [35.81093750000002, 36.309863281249996], [36.1884765625, 36.658984374999996], [36.048925781250006, 36.910595703125], [35.393164062500006, 36.5751953125], [34.70361328125, 36.816796874999994], [33.69472656250002, 36.181982421875], [32.79482421875002, 36.035888671875], [31.3525390625, 36.801074218749996], [30.64404296875, 36.865673828125], [30.446093750000017, 36.269873046875], [29.689062500000006, 36.156689453125], [29.2236328125, 36.324462890625], [28.969628906250023, 36.71533203125], [27.453906250000017, 36.712158203125], [28.24238281250001, 37.029052734375], [27.262988281250017, 36.9765625], [27.300195312500023, 37.126855468749994], [27.535058593750023, 37.163867187499996], [27.067968750000006, 37.65791015625], [27.224414062500017, 37.725439453125], [27.232421875, 37.978662109374994], [26.29072265625001, 38.277197265625], [26.441308593750023, 38.6412109375], [26.674218750000023, 38.335742187499996], [27.14423828125001, 38.451953124999996], [26.906835937500006, 38.481738281249996], [26.763671875, 38.709619140624994], [27.013671875, 38.886865234374994], [26.81494140625, 38.960986328124996], [26.68183593750001, 39.292236328125], [26.899218750000017, 39.549658203125], [26.113085937500017, 39.4673828125], [26.18134765625001, 39.990087890625], [26.738085937500017, 40.400244140625], [27.72802734375, 40.32880859375], [27.874902343750023, 40.512939453125], [27.96259765625001, 40.369873046875], [29.007128906250017, 40.38974609375], [28.787890625000017, 40.534033203125], [29.84492187500001, 40.738085937499996], [29.113867187500006, 40.937841796875], [29.14814453125001, 41.221044921875], [31.2548828125, 41.1076171875], [32.30644531250002, 41.72958984375], [33.284765625000006, 42.00458984375], [35.006445312500006, 42.063281249999996], [35.29775390625002, 41.728515625], [36.0517578125, 41.682568359375], [36.405371093750006, 41.274609375], [36.77773437500002, 41.3634765625], [38.38105468750001, 40.92451171875], [39.426367187500006, 41.1064453125], [40.265234375000006, 40.961328124999994], [41.51005859375002, 41.517480468749994], [42.466406250000006, 41.439843749999994]]], [[[28.197851562500006, 41.554492187499996], [29.057226562500006, 41.229736328125], [28.95625000000001, 41.008203124999994], [27.499414062500023, 40.97314453125], [26.202734375000006, 40.075390625], [26.253808593750023, 40.314697265625], [26.792089843750006, 40.626611328124994], [26.10546875, 40.611328125], [26.038964843750023, 40.7267578125], [26.3310546875, 40.954492187499994], [26.330664062500006, 41.23876953125], [26.624902343750023, 41.401757812499994], [26.327246093750006, 41.772802734375], [27.24433593750001, 42.09326171875], [27.53486328125001, 41.920800781249994], [28.014453125000017, 41.969042968749996], [28.197851562500006, 41.554492187499996]]]]}}, {"id": "35", "type": "Feature", "properties": {"iso3": "TKM", "name": "Turkmenistan"}, "geometry": {"type": "MultiPolygon", "coordinates": [[[[53.100195312500006, 38.756152343749996], [53.0185546875, 39.052734375], [53.053320312500006, 39.096582031249994], [53.100195312500006, 38.756152343749996]]], [[[57.01796875000002, 41.263476562499996], [57.11884765625001, 41.35029296875], [56.96406250000001, 41.85654296875], [57.290625000000006, 42.123779296875], [57.81425781250002, 42.189843749999994], [58.028906250000006, 42.487646484375], [58.47441406250002, 42.299365234374996], [58.15156250000001, 42.628076171874994], [58.58906250000001, 42.778466796874994], [59.35429687500002, 42.323291015624996], [59.98515625000002, 42.211718749999996], [59.94179687500002, 41.973535156249994], [60.200781250000006, 41.803124999999994], [60.07558593750002, 41.759667968749994], [60.08964843750002, 41.3994140625], [60.45498046875002, 41.221630859375], [61.49697265625002, 41.27607421875], [61.90283203125, 41.093701171875], [62.48320312500002, 39.975634765624996], [63.763671875, 39.160546874999994], [65.612890625, 38.238574218749996], [66.57451171875002, 38.010791015624996], [66.52226562500002, 37.348486328125], [65.76503906250002, 37.569140624999996], [65.55498046875002, 37.251171875], [64.81630859375002, 37.132080078125], [64.51103515625002, 36.340673828125], [64.00966796875002, 36.012109374999994], [63.129980468750006, 35.84619140625], [63.056640625, 35.44580078125], [62.30781250000001, 35.170800781249994], [61.98388671875, 35.443701171875], [61.26201171875002, 35.619580078125], [61.11962890625, 36.642578125], [60.34130859375, 36.637646484375], [59.3017578125, 37.510644531249994], [58.26162109375002, 37.665820312499996], [57.35371093750001, 37.97333984375], [57.19355468750001, 38.21640625], [56.44062500000001, 38.249414062499994], [56.272070312500006, 38.080419921875], [55.380859375, 38.051123046875], [54.90009765625001, 37.7779296875], [54.69941406250001, 37.470166015625], [53.914160156250006, 37.343554687499996], [53.86865234375, 38.949267578124996], [53.70458984375, 39.2095703125], [53.15664062500002, 39.264990234375], [53.23564453125002, 39.608544921874994], [53.603125000000006, 39.54697265625], [53.4873046875, 39.909375], [52.98750000000001, 39.987597656249996], [53.03554687500002, 39.7744140625], [52.73369140625002, 40.398730468749996], [52.943457031250006, 41.0380859375], [53.14521484375001, 40.824951171875], [53.615234375, 40.818505859374994], [53.87001953125002, 40.648681640625], [54.37734375000002, 40.693261718749994], [54.319433593750006, 40.8345703125], [54.68505859375, 40.873046875], [54.703710937500006, 41.071142578125], [54.094824218750006, 41.519384765625], [53.8046875, 42.117626953125], [52.97001953125002, 41.976220703124994], [52.81484375000002, 41.711816406249994], [52.85039062500002, 41.20029296875], [52.49384765625001, 41.78037109375], [53.05585937500001, 42.147753906249996], [54.12099609375002, 42.335205078125], [54.85380859375002, 41.965185546875], [55.43437500000002, 41.296289062499994], [57.01796875000002, 41.263476562499996]]]]}}, {"id": "229", "type": "Feature", "properties": {"iso3": "ARM", "name": "Armenia"}, "geometry": {"type": "MultiPolygon", "coordinates": [[[[44.28925781250001, 40.040380859375], [43.66621093750001, 40.126367187499994], [43.5693359375, 40.482373046875], [43.72265625, 40.719531249999996], [43.439453125, 41.10712890625], [45.00136718750002, 41.290966796875], [45.188574218750006, 41.147412109375], [45.07050781250001, 41.075585937499994], [45.587500000000006, 40.846923828125], [45.37890625, 40.673583984375], [45.45439453125002, 40.532373046874994], [45.96464843750002, 40.233789062499994], [45.88593750000001, 40.024853515625], [45.57978515625001, 39.9775390625], [46.4814453125, 39.55517578125], [46.365234375, 39.402490234374994], [46.58476562500002, 39.223681640624996], [46.40029296875002, 39.192187499999996], [46.49062500000002, 38.906689453125], [46.11445312500001, 38.877783203125], [45.75048828125, 39.562939453125], [45.45683593750002, 39.494482421875], [45.03164062500002, 39.76513671875], [44.76826171875001, 39.703515624999994], [44.28925781250001, 40.040380859375]], [[45.021093750000006, 41.077978515625], [44.96142578125, 41.079248046874994], [44.96904296875002, 41.027246093749994], [45.021093750000006, 41.077978515625]]], [[[45.47880859375002, 40.606982421874996], [45.47880859375002, 40.648339843749994], [45.5341796875, 40.664013671875], [45.47880859375002, 40.606982421874996]]]]}}, {"id": "222", "type": "Feature", "properties": {"iso3": "AZE", "name": "Azerbaijan"}, "geometry": {"type": "MultiPolygon", "coordinates": [[[[44.76826171875001, 39.703515624999994], [45.03164062500002, 39.76513671875], [45.17255859375001, 39.570605468749996], [45.78447265625002, 39.54560546875], [46.11445312500001, 38.877783203125], [45.47968750000001, 39.006249999999994], [44.76826171875001, 39.703515624999994]]], [[[48.59267578125002, 38.411083984375], [47.99648437500002, 38.853759765625], [48.292089843750006, 39.018847656249996], [48.10439453125002, 39.241113281249994], [48.32216796875002, 39.399072265624994], [47.99589843750002, 39.683935546875], [46.49062500000002, 38.906689453125], [46.40029296875002, 39.192187499999996], [46.58476562500002, 39.223681640624996], [46.365234375, 39.402490234374994], [46.4814453125, 39.55517578125], [45.57978515625001, 39.9775390625], [45.88593750000001, 40.024853515625], [45.96464843750002, 40.233789062499994], [45.45439453125002, 40.532373046874994], [45.37890625, 40.673583984375], [45.587500000000006, 40.846923828125], [45.07050781250001, 41.075585937499994], [45.188574218750006, 41.147412109375], [45.00136718750002, 41.290966796875], [45.28095703125001, 41.449560546875], [46.53437500000001, 41.08857421875], [46.67255859375001, 41.28681640625], [46.18212890625, 41.657080078125], [46.42988281250001, 41.890966796875], [46.74931640625002, 41.81259765625], [47.31767578125002, 41.282421875], [47.791015625, 41.199267578124996], [48.664648437500006, 41.78662109375], [49.45673828125001, 40.799853515624996], [50.18251953125002, 40.504785156249994], [50.36591796875001, 40.2794921875], [49.55117187500002, 40.194140624999996], [49.36279296875, 39.349560546875], [48.8544921875, 38.838818359375], [48.868750000000006, 38.435498046875], [48.59267578125002, 38.411083984375]], [[45.5341796875, 40.664013671875], [45.47880859375002, 40.648339843749994], [45.47880859375002, 40.606982421874996], [45.5341796875, 40.664013671875]]], [[[44.96904296875002, 41.027246093749994], [44.96142578125, 41.079248046874994], [45.021093750000006, 41.077978515625], [44.96904296875002, 41.027246093749994]]]]}}, {"id": "7", "type": "Feature", "properties": {"iso3": "UZB", "name": "Uzbekistan"}, "geometry": {"type": "MultiPolygon", "coordinates": [[[[71.03603515625002, 42.28466796875], [71.228515625, 42.162890624999996], [70.20087890625001, 41.514453124999996], [71.39306640625, 41.123388671875], [71.66494140625002, 41.5412109375], [72.18730468750002, 41.025927734374996], [73.13691406250001, 40.81064453125], [71.69248046875, 40.15234375], [71.3046875, 40.286914062499996], [70.60273437500001, 40.214160156249996], [70.37714843750001, 40.439257812499996], [70.7509765625, 40.739599609375], [70.401953125, 41.035107421875], [69.712890625, 40.656982421875], [69.41386718750002, 40.797167968749996], [69.20625000000001, 40.566552734374994], [69.27490234375, 40.198095703125], [68.63066406250002, 40.16708984375], [68.97207031250002, 40.08994140625], [68.50693359375, 39.562792968749996], [67.71904296875002, 39.621386718749996], [67.42617187500002, 39.465576171875], [67.35761718750001, 39.216699218749994], [68.13251953125001, 38.927636718749994], [68.08720703125002, 38.473535156249994], [68.35029296875001, 38.21103515625], [67.81435546875002, 37.48701171875], [67.75898437500001, 37.172216796875], [66.52226562500002, 37.348486328125], [66.57451171875002, 38.010791015624996], [65.612890625, 38.238574218749996], [63.763671875, 39.160546874999994], [62.48320312500002, 39.975634765624996], [61.90283203125, 41.093701171875], [61.49697265625002, 41.27607421875], [60.45498046875002, 41.221630859375], [60.08964843750002, 41.3994140625], [60.07558593750002, 41.759667968749994], [60.200781250000006, 41.803124999999994], [59.94179687500002, 41.973535156249994], [59.98515625000002, 42.211718749999996], [59.35429687500002, 42.323291015624996], [58.58906250000001, 42.778466796874994], [58.15156250000001, 42.628076171874994], [58.47441406250002, 42.299365234374996], [58.028906250000006, 42.487646484375], [57.81425781250002, 42.189843749999994], [57.290625000000006, 42.123779296875], [56.96406250000001, 41.85654296875], [57.11884765625001, 41.35029296875], [57.01796875000002, 41.263476562499996], [55.97744140625002, 41.322216796875], [55.975683593750006, 44.994921874999996], [58.555273437500006, 45.55537109375], [61.007910156250006, 44.393798828125], [61.990234375, 43.492138671875], [63.20703125, 43.627978515624996], [64.44316406250002, 43.551171874999994], [64.90546875000001, 43.714697265625], [65.49619140625, 43.310546875], [65.80302734375002, 42.876953125], [66.10029296875001, 42.9908203125], [66.00957031250002, 42.0048828125], [66.4986328125, 41.994873046875], [66.70966796875001, 41.179150390625], [67.93574218750001, 41.196582031249996], [68.11308593750002, 41.028613281249996], [68.04765625000002, 40.80927734375], [68.4150390625, 40.619433593749996], [68.57265625000002, 40.62265625], [68.58408203125, 40.876269531249996], [69.15361328125002, 41.425244140625], [70.416015625, 42.078564453125], [71.03603515625002, 42.28466796875]], [[70.61835937500001, 41.00166015625], [70.55000000000001, 41.014892578125], [70.62275390625001, 40.934423828125], [70.61835937500001, 41.00166015625]]], [[[71.01171875, 39.8951171875], [70.97626953125001, 40.133251953125], [71.22871093750001, 40.048144531249996], [71.20615234375, 39.892578125], [71.01171875, 39.8951171875]]], [[[71.7529296875, 39.907128906249994], [71.6689453125, 39.946093749999996], [71.78994140625002, 39.9953125], [71.7529296875, 39.907128906249994]]]]}}, {"id": "156", "type": "Feature", "properties": {"iso3": "GEO", "name": "Georgia"}, "geometry": {"type": "Polygon", "coordinates": [[[42.75410156250001, 41.578906249999996], [42.466406250000006, 41.439843749999994], [41.51005859375002, 41.517480468749994], [41.76298828125002, 41.970019531249996], [41.48876953125, 42.659326171874994], [39.97832031250002, 43.419824218749994], [40.15019531250002, 43.569775390625], [40.648046875000006, 43.53388671875], [41.58056640625, 43.21923828125], [42.76064453125002, 43.169580078124994], [43.78261718750002, 42.747021484375], [43.82597656250002, 42.571533203125], [44.505859375, 42.7486328125], [44.771093750000006, 42.616796875], [44.87099609375002, 42.756396484374996], [45.65556640625002, 42.51767578125], [45.63857421875002, 42.205078125], [46.42988281250001, 41.890966796875], [46.190527343750006, 41.624853515625], [46.67255859375001, 41.28681640625], [46.45791015625002, 41.070214843749994], [45.28095703125001, 41.449560546875], [44.841406250000006, 41.211376953125], [43.439453125, 41.10712890625], [42.75410156250001, 41.578906249999996]]]}}, {"id": "106", "type": "Feature", "properties": {"iso3": "MDA", "name": "Moldova"}, "geometry": {"type": "Polygon", "coordinates": [[[27.549218750000023, 48.477734375], [29.125390625000023, 47.96455078125], [29.134863281250006, 47.489697265625], [29.539160156250006, 47.27099609375], [29.57197265625001, 46.964013671874994], [29.877832031250023, 46.828906249999996], [29.92431640625, 46.538867187499996], [30.13105468750001, 46.423095703125], [28.958398437500023, 46.45849609375], [28.94775390625, 46.049951171874994], [28.491601562500023, 45.665771484375], [28.4990234375, 45.517724609374994], [28.212500000000006, 45.450439453125], [28.07470703125, 45.598974609375], [28.23945312500001, 46.6408203125], [28.07177734375, 46.978417968749994], [26.980761718750017, 48.155029296875], [26.618945312500017, 48.25986328125], [27.549218750000023, 48.477734375]]]}}, {"id": "132", "type": "Feature", "properties": {"iso3": "KAZ", "name": "Kazakhstan"}, "geometry": {"type": "MultiPolygon", "coordinates": [[[[49.9951171875, 44.936962890625], [50.023046875000006, 45.044726562499996], [50.10986328125, 45.081933593749994], [50.03886718750002, 44.949121093749994], [50.18447265625002, 44.854638671874994], [49.9951171875, 44.936962890625]]], [[[50.25615234375002, 45.022412109375], [50.349707031250006, 45.0830078125], [50.33085937500002, 44.998437499999994], [50.25615234375002, 45.022412109375]]], [[[52.59833984375001, 45.428173828125], [52.554296875000006, 45.473974609375], [52.65957031250002, 45.51806640625], [52.59833984375001, 45.428173828125]]], [[[69.15361328125002, 41.425244140625], [68.58408203125, 40.876269531249996], [68.57265625000002, 40.62265625], [68.4150390625, 40.619433593749996], [68.04765625000002, 40.80927734375], [68.11308593750002, 41.028613281249996], [67.93574218750001, 41.196582031249996], [66.70966796875001, 41.179150390625], [66.4986328125, 41.994873046875], [66.00957031250002, 42.0048828125], [66.10029296875001, 42.9908203125], [65.80302734375002, 42.876953125], [65.49619140625, 43.310546875], [64.90546875000001, 43.714697265625], [64.44316406250002, 43.551171874999994], [63.20703125, 43.627978515624996], [61.990234375, 43.492138671875], [61.007910156250006, 44.393798828125], [58.555273437500006, 45.55537109375], [55.975683593750006, 44.994921874999996], [55.97744140625002, 41.322216796875], [55.43437500000002, 41.296289062499994], [54.85380859375002, 41.965185546875], [54.12099609375002, 42.335205078125], [53.05585937500001, 42.147753906249996], [52.49384765625001, 41.78037109375], [52.59658203125002, 42.760156249999994], [51.89824218750002, 42.86962890625], [51.61601562500002, 43.158447265625], [51.29541015625, 43.174121093749996], [51.3017578125, 43.482373046875], [50.83076171875001, 44.192773437499994], [50.2529296875, 44.4615234375], [50.40947265625002, 44.6240234375], [51.543554687500006, 44.531005859375], [51.009375000000006, 44.921826171875], [51.41572265625001, 45.357861328125], [53.20039062500001, 45.331982421875], [52.77382812500002, 45.57275390625], [53.13525390625, 46.191650390625], [53.069433593750006, 46.8560546875], [52.48320312500002, 46.990673828125], [52.138281250000006, 46.82861328125], [51.17802734375002, 47.110156249999996], [49.34746093750002, 46.519140625], [49.23222656250002, 46.337158203125], [48.61015625000002, 46.566455078124996], [48.5185546875, 46.734326171875], [48.95937500000002, 46.774609375], [48.1669921875, 47.708789062499996], [47.29238281250002, 47.74091796875], [47.06464843750001, 48.232470703124996], [46.66093750000002, 48.412255859374994], [46.70263671875, 48.805566406249994], [47.031347656250006, 49.150292968749994], [46.82314453125002, 49.502246093749996], [47.50361328125001, 50.402734374999994], [48.3349609375, 49.858251953125], [48.75898437500001, 49.9283203125], [48.625097656250006, 50.612695312499994], [50.30927734375001, 51.321582031249996], [50.7939453125, 51.72919921875], [51.34453125000002, 51.475341796875], [52.21914062500002, 51.709375], [52.57119140625002, 51.481640625], [53.33808593750001, 51.482373046875], [54.139746093750006, 51.040771484375], [54.555273437500006, 50.535791015624994], [54.6416015625, 51.011572265625], [55.68623046875001, 50.582861328125], [56.49140625000001, 51.01953125], [57.01171875, 51.065185546875], [57.44218750000002, 50.8888671875], [57.8388671875, 51.091650390625], [58.35917968750002, 51.063818359375], [58.88369140625002, 50.69443359375], [59.45234375000001, 50.620410156249996], [59.523046875000006, 50.49287109375], [60.05859375, 50.85029296875], [60.4248046875, 50.679150390625], [60.94228515625002, 50.6955078125], [61.38945312500002, 50.86103515625], [61.5546875, 51.324609374999994], [60.46474609375002, 51.651171874999996], [60.0302734375, 51.933251953125], [60.99453125000002, 52.336865234375], [60.7744140625, 52.67578125], [61.047460937500006, 52.972460937499996], [62.08271484375001, 53.005419921874996], [61.19921875, 53.287158203124996], [61.22890625000002, 53.4458984375], [61.53496093750002, 53.523291015625], [60.9794921875, 53.621728515625], [61.231054687500006, 54.019482421875], [61.9287109375, 53.946484375], [64.46123046875002, 54.3841796875], [65.08837890625, 54.340185546875], [65.47695312500002, 54.623291015625], [68.155859375, 54.976708984375], [68.20625000000001, 55.160937499999996], [68.97724609375001, 55.389599609375], [70.18242187500002, 55.162451171875], [70.73808593750002, 55.30517578125], [71.185546875, 54.59931640625], [71.09316406250002, 54.212207031249996], [72.0044921875, 54.2056640625], [72.18603515625, 54.325634765625], [72.44677734375, 53.941845703125], [72.62226562500001, 54.134326171874996], [73.22988281250002, 53.957812499999996], [73.71240234375, 54.0423828125], [73.3056640625, 53.7072265625], [73.40693359375001, 53.447558593749996], [73.858984375, 53.6197265625], [74.3515625, 53.487646484375], [75.43720703125001, 54.089648437499996], [76.83730468750002, 54.4423828125], [76.65458984374999, 54.145263671875], [76.42167968749999, 54.151513671875], [76.48476562500002, 54.02255859375], [77.85996093750003, 53.269189453125], [79.98623046875002, 50.774560546874994], [80.42363281249999, 50.9462890625], [80.44804687499999, 51.183349609375], [80.73525390625002, 51.293408203125], [81.12724609374999, 51.191064453124994], [81.07148437500001, 50.96875], [81.38828125000003, 50.956494140625], [81.46591796875003, 50.73984375], [82.49394531249999, 50.727587890624996], [83.35732421875002, 50.994580078125], [83.94511718749999, 50.774658203125], [84.3232421875, 50.239160156249994], [84.98945312500001, 50.061425781249994], [85.23261718750001, 49.6158203125], [86.18085937500001, 49.499316406249996], [86.67548828125001, 49.777294921875], [86.62646484375, 49.5626953125], [87.32285156250003, 49.085791015625], [86.80830078125001, 49.049707031249994], [86.54941406250003, 48.528613281249996], [85.74941406250002, 48.385058593749996], [85.52597656250003, 47.915625], [85.65664062500002, 47.254638671875], [85.48476562500002, 47.063525390624996], [84.7861328125, 46.830712890624994], [84.66660156250003, 46.97236328125], [83.02949218750001, 47.185937499999994], [82.31523437499999, 45.594921875], [82.61162109374999, 45.424267578125], [82.521484375, 45.12548828125], [81.94492187500003, 45.16083984375], [81.69199218750003, 45.349365234375], [79.87187499999999, 44.8837890625], [80.48154296875003, 44.714648437499996], [80.35527343749999, 44.097265625], [80.78574218750003, 43.161572265625], [80.39023437500003, 43.043115234374994], [80.53896484375002, 42.873486328125], [80.20224609375003, 42.73447265625], [80.20937500000002, 42.1900390625], [79.92109375000001, 42.413134765624996], [79.42822265625, 42.48349609375], [79.12666015625001, 42.775732421875], [76.98808593749999, 42.973583984375], [75.3662109375, 42.836962890624996], [74.20908203125, 43.240380859374994], [73.55625, 43.002783203125], [73.49296875000002, 42.409033203125], [71.76054687500002, 42.821484375], [71.25664062500002, 42.733544921874994], [70.94677734375, 42.248681640624994], [69.15361328125002, 41.425244140625]]]]}}, {"id": "33", "type": "Feature", "properties": {"iso3": "UKR", "name": "Ukraine"}, "geometry": {"type": "MultiPolygon", "coordinates": [[[[37.54335937500019, 47.07456054687505], [36.79482421875011, 46.71440429687504], [35.82714843750014, 46.62431640625016], [35.01455078125015, 46.10600585937508], [35.28017578125009, 46.279492187500075], [35.230371093750065, 46.44062500000022], [34.84960937500012, 46.18989257812512], [34.94642782810598, 45.72868577195129], [34.686878348314735, 45.97695049175155], [33.80666706902298, 46.20828807156539], [33.429882812500075, 46.05761718750017], [33.20224609375006, 46.175732421875075], [32.476757812500054, 46.08369140625015], [31.83125000000018, 46.28168945312517], [32.00849609375005, 46.42998046875018], [31.554882812500185, 46.554296875000105], [32.36132812500016, 46.474951171875105], [32.57802734375008, 46.615625000000165], [32.044335937500065, 46.64248046875013], [31.939550781250038, 46.981982421875195], [31.759179687500062, 47.21284179687515], [31.872851562500127, 46.64975585937519], [31.53212890625017, 46.664746093750225], [31.56337890625014, 46.77729492187506], [30.796289062500183, 46.55200195312517], [30.219042968750173, 45.86674804687519], [29.628417968750107, 45.7224609375001], [29.705859375000017, 45.259912109374994], [29.403710937500023, 45.419677734375], [28.7607421875, 45.234130859375], [28.212500000000006, 45.450439453125], [28.4990234375, 45.517724609374994], [28.491601562500023, 45.665771484375], [28.94775390625, 46.049951171874994], [28.958398437500023, 46.45849609375], [30.13105468750001, 46.423095703125], [29.92431640625, 46.538867187499996], [29.877832031250023, 46.828906249999996], [29.57197265625001, 46.964013671874994], [29.539160156250006, 47.27099609375], [29.134863281250006, 47.489697265625], [29.125390625000023, 47.96455078125], [27.549218750000023, 48.477734375], [26.847070312500023, 48.387158203125], [26.3056640625, 48.203759765624994], [26.162695312500006, 47.992529296875], [24.893359375000017, 47.7177734375], [24.48408203125001, 47.947119140625], [23.139453125000017, 48.08740234375], [22.87666015625001, 47.947265625], [22.1318359375, 48.405322265624996], [22.142871093750017, 48.568505859374994], [22.538671875000006, 49.072705078125], [22.839746093750023, 49.038916015625], [22.705664062500006, 49.171191406249996], [22.706152343750006, 49.606201171875], [24.089941406250006, 50.53046875], [23.978417968750023, 50.785595703125], [24.095800781250006, 50.87275390625], [23.664453125000023, 51.31005859375], [23.60859375000001, 51.610498046875], [23.978320312500017, 51.59130859375], [24.361914062500006, 51.867529296875], [25.92529296875, 51.913525390625], [27.141992187500023, 51.75205078125], [27.700000000000017, 51.477978515625], [28.18378906250001, 51.607861328125], [28.731250000000017, 51.433398437499996], [29.10205078125, 51.6275390625], [29.346484375000017, 51.382568359375], [30.160742187500006, 51.477880859375], [30.544531250000006, 51.265039062499994], [30.583886718750023, 51.68896484375], [30.98066406250001, 52.046191406249996], [32.12226562500001, 52.050585937499996], [32.43544921875002, 52.3072265625], [33.73525390625002, 52.344775390624996], [34.39785156250002, 51.780419921875], [34.12109375, 51.679150390625], [34.2138671875, 51.25537109375], [35.064062500000006, 51.203417968749996], [35.31191406250002, 51.043896484375], [35.41162109375, 50.539697265624994], [35.59111328125002, 50.36875], [36.11640625000001, 50.408544921875], [36.61943359375002, 50.209228515625], [37.4228515625, 50.411474609375], [38.046875, 49.92001953125], [38.25859375000002, 50.05234375], [40.080664062500006, 49.57685546875], [40.10878906250002, 49.2515625], [39.6865234375, 49.00791015625], [40.00361328125001, 48.822070312499996], [39.79287109375002, 48.80771484375], [39.64472656250001, 48.591210937499994], [39.83564453125001, 48.542773437499996], [39.95791015625002, 48.268896484375], [39.77871093750002, 47.887548828125], [38.90029296875002, 47.855126953124994], [38.36884765625001, 47.6099609375], [38.21435546875, 47.091455078124994], [37.54335937500019, 47.07456054687505]]], [[[31.5087890625, 46.37314453125], [32.15009765625001, 46.154687499999994], [31.638476562500017, 46.27255859375], [31.5087890625, 46.37314453125]]]]}}, {"id": "75", "type": "Feature", "properties": {"iso3": "ROU", "name": "Romania"}, "geometry": {"type": "Polygon", "coordinates": [[[28.451269531250006, 45.2921875], [29.403710937500023, 45.419677734375], [29.705859375000017, 45.259912109374994], [29.557519531250023, 44.843408203124994], [29.048242187500023, 44.757568359375], [29.095312500000006, 44.975048828125], [28.891503906250023, 44.91865234375], [28.585351562500023, 43.742236328124996], [27.0869140625, 44.167382812499994], [26.2158203125, 44.007275390625], [25.4970703125, 43.670800781249994], [22.919042968750006, 43.83447265625], [23.02851562500001, 44.077978515625], [22.494531250000023, 44.435449218749994], [22.72089843750001, 44.605517578124996], [22.497656250000006, 44.70625], [22.093066406250017, 44.541943359375], [21.36005859375001, 44.82666015625], [21.532324218750006, 44.900683593749996], [21.352929687500023, 45.008984375], [21.490234375, 45.147900390625], [20.794042968750006, 45.46787109375], [20.775000000000006, 45.749804687499996], [20.241796875000006, 46.10859375], [21.121679687500006, 46.282421875], [21.99970703125001, 47.505029296874994], [23.139453125000017, 48.08740234375], [24.578906250000017, 47.931054687499994], [24.893359375000017, 47.7177734375], [26.162695312500006, 47.992529296875], [26.3056640625, 48.203759765624994], [26.713769531250023, 48.263476562499996], [26.980761718750017, 48.155029296875], [28.07177734375, 46.978417968749994], [28.23945312500001, 46.6408203125], [28.07470703125, 45.598974609375], [28.451269531250006, 45.2921875]]]}}, {"id": "60", "type": "Feature", "properties": {"iso3": "SVN", "name": "Slovenia"}, "geometry": {"type": "Polygon", "coordinates": [[[15.635937500000011, 46.200732421874996], [15.652148437500017, 45.862158203125], [15.277050781250011, 45.7326171875], [15.242089843750023, 45.44140625], [14.793066406250006, 45.47822265625], [14.56884765625, 45.6572265625], [14.369921875000017, 45.4814453125], [13.615234375, 45.4767578125], [13.874707031250011, 45.61484375], [13.487695312500023, 45.987109374999996], [13.632519531250011, 46.177050781249996], [13.378222656250017, 46.261621093749994], [13.700000000000017, 46.520263671875], [14.5498046875, 46.399707031249996], [14.893261718750011, 46.605908203125], [15.957617187500006, 46.677636718749994], [16.093066406250017, 46.86328125], [16.283593750000023, 46.857275390625], [16.516210937500006, 46.499902343749994], [15.635937500000011, 46.200732421874996]]]}}, {"id": "47", "type": "Feature", "properties": {"iso3": "CHE", "name": "Switzerland"}, "geometry": {"type": "Polygon", "coordinates": [[[9.625878906250023, 47.467041015625], [9.487695312500023, 47.062255859375], [10.133496093750011, 46.851513671875], [10.45458984375, 46.8994140625], [10.4306640625, 46.550048828125], [10.087011718750006, 46.599902343749996], [10.128320312500023, 46.238232421875], [9.939257812500017, 46.36181640625], [9.528710937500023, 46.306201171874996], [9.304394531250011, 46.495556640625], [8.953710937500006, 45.830029296875], [8.818554687500011, 46.0771484375], [8.458398437500023, 46.245898437499996], [8.422558593750011, 46.446044921875], [7.787890625000017, 45.921826171875], [7.055761718750006, 45.90380859375], [6.772070312500006, 46.16513671875], [6.758105468750017, 46.415771484375], [6.428906250000011, 46.430517578125], [5.971484375000017, 46.151220703125], [6.160742187500006, 46.61103515625], [7.053417968750011, 47.48935546875], [8.454003906250023, 47.59619140625], [8.572656250000023, 47.775634765625], [9.625878906250023, 47.467041015625]]]}}, {"id": "145", "type": "Feature", "properties": {"iso3": "HUN", "name": "Hungary"}, "geometry": {"type": "Polygon", "coordinates": [[[22.253710937500017, 48.407373046874994], [22.87666015625001, 47.947265625], [21.99970703125001, 47.505029296874994], [21.039843750000017, 46.242236328124996], [19.61347656250001, 46.169189453125], [18.437304687500017, 45.767333984375], [17.9638671875, 45.770263671875], [17.310644531250006, 45.996142578124996], [16.516210937500006, 46.499902343749994], [16.283593750000023, 46.857275390625], [16.093066406250017, 46.86328125], [16.453417968750017, 47.006787109375], [16.44287109375, 47.39951171875], [16.676562500000017, 47.536035156249994], [16.421289062500023, 47.674462890624994], [17.06660156250001, 47.707568359374996], [17.147363281250023, 48.00595703125], [17.76191406250001, 47.770166015624994], [18.724218750000006, 47.787158203124996], [18.791894531250023, 48.000292968749996], [19.625390625000023, 48.223095703125], [19.95039062500001, 48.146630859374994], [20.490039062500017, 48.526904296874996], [21.45136718750001, 48.55224609375], [21.721484375000017, 48.346582031249994], [22.253710937500017, 48.407373046874994]]]}}, {"id": "120", "type": "Feature", "properties": {"iso3": "LIE", "name": "Liechtenstein"}, "geometry": {"type": "Polygon", "coordinates": [[[9.487695312500023, 47.062255859375], [9.527539062500011, 47.270751953125], [9.610546875000011, 47.10712890625], [9.487695312500023, 47.062255859375]]]}}, {"id": "223", "type": "Feature", "properties": {"iso3": "AUT", "name": "Austria"}, "geometry": {"type": "Polygon", "coordinates": [[[9.625878906250023, 47.467041015625], [9.524023437500006, 47.524218749999996], [9.748925781250023, 47.575537109375], [10.183007812500023, 47.27880859375], [10.439453125, 47.551562499999996], [11.0419921875, 47.393115234374996], [12.209277343750017, 47.71826171875], [13.014355468750011, 47.478076171874996], [12.814257812500017, 48.16083984375], [13.374609375000006, 48.361376953124996], [13.486621093750017, 48.581835937499996], [13.723925781250017, 48.542382812499994], [13.814746093750017, 48.766943359375], [14.049121093750017, 48.602490234375], [14.691308593750023, 48.59921875], [14.993457031250017, 49.001123046874994], [16.883691406250023, 48.7037109375], [16.86542968750001, 48.3869140625], [17.147363281250023, 48.00595703125], [17.06660156250001, 47.707568359374996], [16.421289062500023, 47.674462890624994], [16.676562500000017, 47.536035156249994], [16.44287109375, 47.39951171875], [16.461230468750017, 47.0224609375], [15.957617187500006, 46.677636718749994], [14.893261718750011, 46.605908203125], [14.5498046875, 46.399707031249996], [12.479199218750011, 46.672509765624994], [12.154101562500017, 46.93525390625], [12.16943359375, 47.08212890625], [11.244433593750017, 46.97568359375], [10.927343750000006, 46.769482421875], [10.349414062500017, 46.984765624999994], [10.133496093750011, 46.851513671875], [9.580273437500011, 47.057373046875], [9.625878906250023, 47.467041015625]]]}}, {"id": "59", "type": "Feature", "properties": {"iso3": "SVK", "name": "Slovakia"}, "geometry": {"type": "Polygon", "coordinates": [[[22.111328125, 48.393359374999996], [21.721484375000017, 48.346582031249994], [21.45136718750001, 48.55224609375], [20.490039062500017, 48.526904296874996], [19.95039062500001, 48.146630859374994], [19.625390625000023, 48.223095703125], [18.791894531250023, 48.000292968749996], [18.724218750000006, 47.787158203124996], [17.63525390625, 47.809912109375], [17.0859375, 48.03955078125], [16.86542968750001, 48.3869140625], [17.135644531250023, 48.841064453125], [17.75849609375001, 48.888134765625], [18.596484375000017, 49.491455078125], [19.1494140625, 49.4], [19.44160156250001, 49.597705078124996], [19.80224609375, 49.192333984375], [20.36298828125001, 49.38525390625], [21.350488281250023, 49.428759765624996], [22.538671875000006, 49.072705078125], [22.111328125, 48.393359374999996]]]}}, {"id": "183", "type": "Feature", "properties": {"iso3": "CZE", "name": "Czechia"}, "geometry": {"type": "Polygon", "coordinates": [[[18.160937500000017, 49.257373046874996], [17.75849609375001, 48.888134765625], [17.135644531250023, 48.841064453125], [16.953125, 48.598828125], [16.543554687500006, 48.796240234375], [16.057226562500006, 48.754785156249994], [14.993457031250017, 49.001123046874994], [14.691308593750023, 48.59921875], [14.189843750000023, 48.578564453125], [12.68115234375, 49.414501953125], [12.390527343750023, 49.739648437499994], [12.512011718750017, 49.895800781249996], [12.08984375, 50.3017578125], [12.27734375, 50.181445312499996], [12.549023437500011, 50.393408203125], [14.369042968750023, 50.898730468749996], [14.283203125, 51.0294921875], [14.723339843750011, 50.814697265625], [14.993750000000006, 51.01435546875], [16.007226562500023, 50.611621093749996], [16.359960937500006, 50.621386718749996], [16.210351562500023, 50.423730468749994], [16.63916015625, 50.1021484375], [16.989648437500023, 50.2369140625], [16.88007812500001, 50.427050781249996], [17.702246093750006, 50.307177734374996], [17.627050781250006, 50.11640625], [18.562402343750023, 49.879345703125], [18.83222656250001, 49.510791015624996], [18.160937500000017, 49.257373046874996]]]}}, {"id": "155", "type": "Feature", "properties": {"iso3": "DEU", "name": "Germany"}, "geometry": {"type": "MultiPolygon", "coordinates": [[[[8.572656250000023, 47.775634765625], [8.430078125000023, 47.592138671875], [7.5654296875, 47.60654296875], [7.616601562500023, 48.156787109374996], [8.134863281250006, 48.973583984375], [6.735449218750006, 49.160595703125], [6.344335937500006, 49.452734375], [6.4873046875, 49.798486328124994], [6.108300781250023, 50.09423828125], [6.340917968750006, 50.4517578125], [5.857519531250006, 51.030126953125], [6.129980468750006, 51.147412109375], [6.198828125000006, 51.449999999999996], [5.94873046875, 51.802685546875], [6.741796875000006, 51.910888671875], [6.724511718750023, 52.080224609375], [7.019628906250006, 52.266015625], [7.001855468750023, 52.418994140624996], [6.691601562500011, 52.53017578125], [7.01318359375, 52.633544921875], [7.179492187500017, 52.9662109375], [7.197265625, 53.282275390624996], [7.053320312500006, 53.375830078125], [7.206445312500023, 53.654541015625], [8.00927734375, 53.690722656249996], [8.108496093750006, 53.46767578125], [8.333886718750023, 53.606201171875], [8.495214843750006, 53.39423828125], [8.618945312500017, 53.875], [9.20556640625, 53.85595703125], [9.783984375000017, 53.554638671875], [9.31201171875, 53.859130859375], [8.978125000000006, 53.926220703125], [8.906640625000023, 54.260791015624996], [8.644921875000023, 54.294970703124996], [8.957226562500011, 54.538330078125], [8.670312500000023, 54.90341796875], [9.615820312500006, 54.855419921875], [10.022167968750011, 54.67392578125], [9.86865234375, 54.472460937499996], [11.013378906250011, 54.379150390625], [11.008593750000017, 54.18115234375], [10.810742187500011, 54.075146484375], [10.917773437500017, 53.9953125], [11.399609375000011, 53.944628906249996], [12.575390625000011, 54.4673828125], [13.028613281250017, 54.41103515625], [13.448046875000017, 54.140869140625], [13.724218750000006, 54.15322265625], [13.865527343750017, 53.853369140625], [14.258886718750006, 53.729638671875], [14.410937500000017, 53.199023437499996], [14.128613281250011, 52.878222656249996], [14.619433593750017, 52.528515625], [14.554589843750023, 52.359667968749996], [14.752539062500006, 52.081835937499996], [14.601660156250006, 51.832373046875], [14.724707031250006, 51.523876953125], [14.935546875, 51.435351562499996], [14.9638671875, 51.095117187499994], [14.766503906250023, 50.818310546875], [14.319726562500023, 51.03779296875], [14.369042968750023, 50.898730468749996], [12.942675781250017, 50.4064453125], [12.549023437500011, 50.393408203125], [12.27734375, 50.181445312499996], [12.089746093750023, 50.2685546875], [12.512011718750017, 49.895800781249996], [12.390527343750023, 49.739648437499994], [12.632031250000011, 49.461230468749996], [13.769921875000023, 48.815966796874996], [13.785351562500011, 48.587451171874996], [13.486621093750017, 48.581835937499996], [13.374609375000006, 48.361376953124996], [12.760351562500006, 48.106982421874996], [13.054101562500023, 47.655126953125], [13.014355468750011, 47.478076171874996], [12.209277343750017, 47.71826171875], [11.0419921875, 47.393115234374996], [10.439453125, 47.551562499999996], [10.183007812500023, 47.27880859375], [9.971582031250023, 47.505322265625], [8.572656250000023, 47.775634765625]]], [[[13.364355468750006, 54.245849609375], [13.162109375, 54.364550781249996], [13.176660156250023, 54.544238281249996], [13.422753906250023, 54.69931640625], [13.709179687500011, 54.38271484375], [13.364355468750006, 54.245849609375]]], [[[13.92578125, 53.879052734375], [13.827734375000006, 54.127246093749996], [14.21142578125, 53.950341796875], [13.92578125, 53.879052734375]]], [[[11.129296875000023, 54.416015625], [11.01171875, 54.466162109375], [11.0849609375, 54.5333984375], [11.282812500000006, 54.41796875], [11.129296875000023, 54.416015625]]], [[[8.405175781250023, 55.058740234375], [8.3798828125, 54.899853515625], [8.629589843750011, 54.891748046875], [8.307714843750006, 54.786962890625], [8.405175781250023, 55.058740234375]]], [[[8.548925781250006, 54.68818359375], [8.400390625, 54.714111328125], [8.509960937500011, 54.760302734374996], [8.548925781250006, 54.68818359375]]]]}}, {"id": "78", "type": "Feature", "properties": {"iso3": "POL", "name": "Poland"}, "geometry": {"type": "Polygon", "coordinates": [[[23.664453125000023, 51.31005859375], [24.095800781250006, 50.87275390625], [23.978417968750023, 50.785595703125], [24.089941406250006, 50.53046875], [22.706152343750006, 49.606201171875], [22.80976562500001, 49.020751953125], [21.6396484375, 49.411962890625], [20.36298828125001, 49.38525390625], [20.0576171875, 49.181298828124994], [19.756640625000017, 49.204394531249996], [19.77392578125, 49.37216796875], [19.44160156250001, 49.597705078124996], [18.968359375000006, 49.396240234375], [18.562402343750023, 49.879345703125], [17.83125000000001, 49.983300781249994], [17.58935546875, 50.157470703125], [17.702246093750006, 50.307177734374996], [16.88007812500001, 50.427050781249996], [16.989648437500023, 50.2369140625], [16.63916015625, 50.1021484375], [16.210351562500023, 50.423730468749994], [16.419726562500017, 50.573632812499994], [16.2822265625, 50.655615234375], [16.007226562500023, 50.611621093749996], [14.993750000000006, 51.01435546875], [14.809375000000017, 50.858984375], [15.0166015625, 51.252734374999996], [14.601660156250006, 51.832373046875], [14.752539062500006, 52.081835937499996], [14.554589843750023, 52.359667968749996], [14.619433593750017, 52.528515625], [14.128613281250011, 52.878222656249996], [14.410937500000017, 53.199023437499996], [14.258886718750006, 53.729638671875], [14.58349609375, 53.63935546875], [14.558398437500017, 53.823193359375], [14.1982421875, 53.91904296875], [18.08564453125001, 54.83583984375], [18.75927734375, 54.6845703125], [18.43623046875001, 54.7447265625], [18.66962890625001, 54.430908203125], [18.97626953125001, 54.348925781249996], [19.604394531250023, 54.4591796875], [22.893945312500023, 54.39052734375], [23.45361328125, 54.14345703125], [23.887109375000023, 53.0275390625], [23.901269531250023, 52.70361328125], [23.175097656250017, 52.28662109375], [23.652441406250006, 52.040380859375], [23.544824218750023, 51.710253906249996], [23.664453125000023, 51.31005859375]]]}}, {"id": "177", "type": "Feature", "properties": {"iso3": "DOM", "name": "Dominican Rep."}, "geometry": {"type": "Polygon", "coordinates": [[[-71.7619140625, 18.34130859375], [-72.000390625, 18.597900390625], [-71.74321289062499, 18.73291015625], [-71.80712890625, 18.987011718749997], [-71.64531249999999, 19.163525390624997], [-71.779248046875, 19.718164062499994], [-71.557763671875, 19.89536132812499], [-70.95415039062499, 19.913964843749994], [-69.95683593749999, 19.671875], [-69.739404296875, 19.299218749999994], [-69.23247070312499, 19.27182617187499], [-69.62363281249999, 19.117822265624994], [-68.684765625, 18.90478515625], [-68.33916015624999, 18.611523437499997], [-68.68740234375, 18.21494140624999], [-69.27451171874999, 18.439843749999994], [-70.479931640625, 18.21728515625], [-70.644677734375, 18.336230468750003], [-71.02783203125, 18.273193359375], [-71.43896484375, 17.63559570312499], [-71.768310546875, 18.03916015624999], [-71.7619140625, 18.34130859375]]]}}, {"id": "147", "type": "Feature", "properties": {"iso3": "HTI", "name": "Haiti"}, "geometry": {"type": "MultiPolygon", "coordinates": [[[[-71.64531249999999, 19.163525390624997], [-71.80712890625, 18.987011718749997], [-71.74321289062499, 18.73291015625], [-72.000390625, 18.597900390625], [-71.7619140625, 18.34130859375], [-71.768310546875, 18.03916015624999], [-72.05986328124999, 18.228564453125003], [-73.38515625, 18.251171874999997], [-73.8849609375, 18.041894531249994], [-74.4599609375, 18.39306640625], [-74.227734375, 18.66269531249999], [-72.78935546874999, 18.434814453125], [-72.37607421874999, 18.574462890625], [-72.81108398437499, 19.071582031250003], [-72.70322265624999, 19.441064453124994], [-73.39633789062499, 19.65869140625], [-73.31533203125, 19.85458984374999], [-72.87651367187499, 19.92807617187499], [-71.779248046875, 19.718164062499994], [-71.64531249999999, 19.163525390624997]]], [[[-73.07797851562499, 18.790917968749994], [-73.27641601562499, 18.954052734374997], [-73.06914062499999, 18.932031249999994], [-72.80458984375, 18.77768554687499], [-73.07797851562499, 18.790917968749994]]], [[[-72.6388671875, 19.98583984375], [-72.9603515625, 20.062255859375], [-72.791015625, 20.09189453124999], [-72.6388671875, 19.98583984375]]]]}}, {"id": "23", "type": "Feature", "properties": {"iso3": "CYM", "name": "Cayman Is."}, "geometry": {"type": "MultiPolygon", "coordinates": [[[[-81.13046874999999, 19.34677734374999], [-81.10712890625, 19.30517578125], [-81.40478515625, 19.27841796874999], [-81.13046874999999, 19.34677734374999]]], [[[-80.094189453125, 19.665917968749994], [-80.12587890625, 19.668359374999994], [-80.083642578125, 19.706103515625003], [-79.97900390625, 19.708203124999997], [-80.094189453125, 19.665917968749994]]], [[[-79.906201171875, 19.702539062499994], [-79.74228515624999, 19.757128906250003], [-79.74228515624999, 19.750878906249994], [-79.906201171875, 19.702539062499994]]]]}}, {"id": "186", "type": "Feature", "properties": {"iso3": "CUB", "name": "Cuba"}, "geometry": {"type": "MultiPolygon", "coordinates": [[[[-80.650146484375, 23.103076171875003], [-79.820263671875, 22.887011718750003], [-79.27568359374999, 22.407617187499994], [-78.686474609375, 22.366845703124994], [-77.63681640624999, 21.79736328125], [-77.497265625, 21.871630859375003], [-77.14414062499999, 21.643603515625003], [-77.366162109375, 21.61264648437499], [-77.252880859375, 21.48349609374999], [-77.0986328125, 21.589013671874994], [-76.867431640625, 21.33041992187499], [-75.72294921874999, 21.111035156249997], [-75.59580078124999, 20.994677734375003], [-75.724560546875, 20.714550781249997], [-74.882568359375, 20.650634765625], [-74.1537109375, 20.16855468749999], [-75.11640625, 19.901416015625003], [-75.151611328125, 20.008349609375003], [-75.290478515625, 19.893115234375003], [-76.158447265625, 19.98974609375], [-77.715087890625, 19.85546875], [-77.10380859374999, 20.407519531250003], [-77.22958984374999, 20.643749999999997], [-78.116357421875, 20.761865234374994], [-78.49077148437499, 21.0537109375], [-78.727685546875, 21.592724609374997], [-79.357421875, 21.585156249999997], [-80.23134765625, 21.87216796874999], [-80.48544921874999, 22.123437499999994], [-81.03564453125, 22.07358398437499], [-81.185498046875, 22.267968749999994], [-81.284375, 22.109423828125003], [-81.84941406249999, 22.213671875000003], [-82.07773437499999, 22.3876953125], [-81.7103515625, 22.49667968749999], [-81.838818359375, 22.67246093749999], [-82.738037109375, 22.689257812500003], [-83.379638671875, 22.22299804687499], [-83.90073242187499, 22.170117187499997], [-84.03095703125, 21.943115234375], [-84.502587890625, 21.776171875000003], [-84.5013671875, 21.93027343749999], [-84.88720703125, 21.856982421875003], [-84.3263671875, 22.07431640624999], [-84.361279296875, 22.37890625], [-84.044921875, 22.666015625], [-82.10136718749999, 23.1904296875], [-80.650146484375, 23.103076171875003]]], [[[-77.71005859374999, 21.921337890624997], [-77.91855468749999, 22.088085937499997], [-77.63369140625, 22.054003906250003], [-77.71005859374999, 21.921337890624997]]], [[[-78.18002929687499, 22.321972656249997], [-78.27353515624999, 22.423583984375], [-78.1505859375, 22.43149414062499], [-78.027099609375, 22.28515625], [-78.18002929687499, 22.321972656249997]]], [[[-78.351220703125, 22.538623046875003], [-78.28388671875, 22.455468749999994], [-78.6955078125, 22.533984375000003], [-78.351220703125, 22.538623046875003]]], [[[-78.041650390625, 22.20126953124999], [-77.99921875, 22.298730468749994], [-77.84248046875, 22.148974609375003], [-78.041650390625, 22.20126953124999]]], [[[-82.959619140625, 21.441308593749994], [-83.1837890625, 21.593457031249997], [-82.973583984375, 21.59228515625], [-82.9912109375, 21.94272460937499], [-82.71455078125, 21.890283203124994], [-82.561767578125, 21.571679687499994], [-82.959619140625, 21.441308593749994]]], [[[-79.52275390624999, 22.711132812499997], [-79.628173828125, 22.805224609375003], [-79.57915039062499, 22.80673828124999], [-79.349560546875, 22.66391601562499], [-79.52275390624999, 22.711132812499997]]]]}}, {"id": "26", "type": "Feature", "properties": {"iso3": "TCA", "name": "Turks and Caicos Is."}, "geometry": {"type": "MultiPolygon", "coordinates": [[[[-71.83041992187499, 21.79062499999999], [-71.84765625, 21.843457031249997], [-71.668359375, 21.833447265624997], [-71.83041992187499, 21.79062499999999]]], [[[-71.95546875, 21.864404296874994], [-72.01064453125, 21.950439453125], [-71.93154296875, 21.951904296875], [-71.95546875, 21.864404296874994]]], [[[-72.21865234375, 21.796289062499994], [-72.14433593749999, 21.792724609375], [-72.33544921875, 21.758007812499997], [-72.21865234375, 21.796289062499994]]]]}}, {"id": "108", "type": "Feature", "properties": {"iso3": "MEX", "name": "Mexico"}, "geometry": {"type": "MultiPolygon", "coordinates": [[[[-114.724755859375, 32.71533203125], [-114.8359375, 32.50830078125], [-111.0419921875, 31.32421875], [-108.21445312499999, 31.329443359375], [-108.21181640625, 31.779345703124996], [-106.45322265624999, 31.770166015624994], [-104.91787109375, 30.583349609375], [-104.400634765625, 29.57373046875], [-103.25771484375, 29.001123046874994], [-102.8919921875, 29.21640625], [-102.61494140625, 29.752343749999994], [-102.2689453125, 29.87119140625], [-101.440380859375, 29.77685546875], [-100.75458984375, 29.182519531249994], [-100.296044921875, 28.327685546874996], [-99.505322265625, 27.54833984375], [-99.45654296875, 27.056689453124996], [-99.10776367187499, 26.446923828124994], [-97.375634765625, 25.871826171875], [-97.146240234375, 25.961474609375003], [-97.66767578125, 24.38999023437499], [-97.84248046875, 22.510302734375003], [-97.76328124999999, 22.105859374999994], [-97.31450195312499, 21.564208984375], [-97.4091796875, 21.27255859374999], [-97.383447265625, 21.566699218750003], [-97.75380859375, 22.026660156250003], [-97.18632812499999, 20.717041015625], [-95.77812499999999, 18.80551757812499], [-95.920361328125, 18.819580078125], [-95.1818359375, 18.700732421875003], [-94.45976562499999, 18.166650390624994], [-92.44101562499999, 18.67529296875], [-91.973779296875, 18.715869140625003], [-91.91357421875, 18.528515624999997], [-91.53398437499999, 18.45654296875], [-91.27524414062499, 18.624462890624997], [-91.436669921875, 18.889794921874994], [-90.7392578125, 19.352246093749997], [-90.69316406249999, 19.729882812499994], [-90.49169921875, 19.94677734375], [-90.35312499999999, 21.009423828124994], [-89.819775390625, 21.274609374999997], [-88.46669921875, 21.569384765625003], [-87.25087890625, 21.446972656249997], [-87.18828124999999, 21.546435546875003], [-87.386669921875, 21.551464843749997], [-87.12846679687499, 21.621484374999994], [-86.82407226562499, 21.421679687500003], [-86.77177734374999, 21.150537109374994], [-87.6876953125, 19.637109374999994], [-87.424755859375, 19.58334960937499], [-87.65869140625, 19.352343750000003], [-87.50107421874999, 19.287792968749997], [-87.8041015625, 18.357080078124994], [-87.881982421875, 18.273876953124997], [-88.0390625, 18.48388671875], [-88.07377929687499, 18.83447265625], [-88.80634765625, 17.965527343749997], [-89.133544921875, 17.97080078124999], [-89.16147460937499, 17.814843749999994], [-90.98916015625, 17.81640625], [-90.99296874999999, 17.25244140625], [-91.409619140625, 17.255859375], [-90.4169921875, 16.391015624999994], [-90.44716796875, 16.072705078124997], [-91.736572265625, 16.07016601562499], [-92.204248046875, 15.274999999999991], [-92.07480468749999, 15.07421875], [-92.23515624999999, 14.54541015625], [-93.16689453125, 15.448046875000003], [-94.374169921875, 16.28476562499999], [-94.00126953124999, 16.018945312499994], [-94.6615234375, 16.201904296875], [-94.616845703125, 16.347558593749994], [-94.79082031249999, 16.287158203125003], [-94.90043945312499, 16.41748046875], [-95.02084960937499, 16.277636718750003], [-94.79941406249999, 16.209667968749997], [-96.51083984374999, 15.651904296875003], [-97.75478515625, 15.966845703125003], [-98.76220703125, 16.53476562499999], [-99.690673828125, 16.719628906249994], [-100.847802734375, 17.200488281250003], [-101.918701171875, 17.959765625000003], [-103.4416015625, 18.325390624999997], [-103.91245117187499, 18.82846679687499], [-104.9384765625, 19.309375000000003], [-105.482080078125, 19.97607421875], [-105.66943359375, 20.38559570312499], [-105.26015625, 20.579052734374997], [-105.51083984374999, 20.808740234374994], [-105.237060546875, 21.119189453125003], [-105.20869140625, 21.49082031249999], [-105.64912109375, 21.988085937500003], [-105.791796875, 22.627490234375003], [-106.935498046875, 23.881249999999994], [-107.76494140625, 24.471923828125], [-107.52724609375, 24.360058593749997], [-107.5119140625, 24.489160156249994], [-107.951171875, 24.614892578124994], [-108.28076171875, 25.08154296875], [-108.05146484375, 25.067041015624994], [-108.787255859375, 25.538037109374997], [-109.02880859375, 25.48046875], [-108.88657226562499, 25.733447265625003], [-109.196484375, 25.592529296875], [-109.3849609375, 25.72714843749999], [-109.42563476562499, 26.032568359375], [-109.11669921875, 26.252734374999996], [-109.27626953125, 26.533886718749997], [-109.75478515625, 26.702929687499996], [-109.943994140625, 27.079345703125], [-110.477783203125, 27.322656249999994], [-110.615478515625, 27.65390625], [-110.52988281249999, 27.864208984374997], [-111.12138671875, 27.966992187499997], [-112.161767578125, 29.018896484375], [-113.057666015625, 30.651025390624994], [-113.04672851562499, 31.179248046874996], [-114.93359375, 31.900732421875], [-114.55048828125, 30.022265624999996], [-112.870849609375, 28.424218749999994], [-112.734033203125, 27.825976562499996], [-112.32919921874999, 27.5234375], [-111.86264648437499, 26.678515624999996], [-111.6994140625, 26.580957031249994], [-111.79526367187499, 26.879687499999996], [-111.56967773437499, 26.7076171875], [-111.29160156249999, 25.789794921875], [-110.686767578125, 24.86767578125], [-110.659326171875, 24.341455078124994], [-110.367431640625, 24.100488281249994], [-110.262890625, 24.344531250000003], [-109.420849609375, 23.480126953124994], [-109.49570312499999, 23.159814453124994], [-109.823046875, 22.922167968750003], [-110.00625, 22.89404296875], [-110.3626953125, 23.604931640624997], [-112.07255859375, 24.840039062499997], [-112.173828125, 25.91259765625], [-112.37724609375, 26.213916015624996], [-113.020751953125, 26.583251953125], [-113.155810546875, 26.946240234374997], [-113.59853515625, 26.7212890625], [-114.99350585937499, 27.736035156249997], [-115.03647460937499, 27.841845703124996], [-114.3005859375, 27.872998046874997], [-114.0693359375, 27.675683593749994], [-114.265869140625, 27.934472656249994], [-114.048486328125, 28.426171874999994], [-114.9373046875, 29.351611328124996], [-115.673828125, 29.756396484374996], [-116.062158203125, 30.804150390624997], [-116.2962890625, 30.970507812499996], [-116.66215820312499, 31.564892578124997], [-116.62080078125, 31.85107421875], [-117.128271484375, 32.533349609374994], [-114.724755859375, 32.71533203125]]], [[[-86.99140625, 20.272167968749997], [-86.977978515625, 20.489794921875003], [-86.76328124999999, 20.579052734374997], [-86.99140625, 20.272167968749997]]], [[[-106.60703124999999, 21.561474609374997], [-106.63935546875, 21.69785156249999], [-106.50224609375, 21.61083984375], [-106.60703124999999, 21.561474609374997]]], [[[-110.9748046875, 18.720361328124994], [-111.063671875, 18.781640624999994], [-110.989404296875, 18.86313476562499], [-110.9748046875, 18.720361328124994]]], [[[-110.5388671875, 24.891552734374997], [-110.699267578125, 25.081445312499994], [-110.59521484375, 25.042138671874994], [-110.5388671875, 24.891552734374997]]], [[[-113.496337890625, 29.3076171875], [-113.58720703125, 29.573046874999996], [-113.2021484375, 29.30185546875], [-113.15561523437499, 29.05224609375], [-113.496337890625, 29.3076171875]]], [[[-115.3529296875, 28.103955078124997], [-115.233544921875, 28.368359374999997], [-115.14853515624999, 28.172119140625], [-115.3529296875, 28.103955078124997]]], [[[-112.27841796874999, 28.769335937499996], [-112.5140625, 28.847607421874997], [-112.42353515625, 29.203662109374996], [-112.28505859375, 29.240429687499997], [-112.27841796874999, 28.769335937499996]]], [[[-118.40009765625, 29.1123046875], [-118.367822265625, 29.18759765625], [-118.2427734375, 28.941943359374996], [-118.40009765625, 29.1123046875]]], [[[-86.6962890625, 21.19101562499999], [-86.752880859375, 21.27880859375], [-86.73906249999999, 21.279980468749997], [-86.6962890625, 21.19101562499999]]], [[[-91.81611328125, 18.67587890624999], [-91.53671874999999, 18.760009765625], [-91.654248046875, 18.711474609375003], [-91.81611328125, 18.67587890624999]]], [[[-109.8779296875, 24.200634765624997], [-109.89033203125, 24.34482421874999], [-109.79379882812499, 24.183398437500003], [-109.8779296875, 24.200634765624997]]], [[[-114.789208984375, 31.747412109375], [-114.7845703125, 31.789794921875], [-114.70908203124999, 31.756884765624996], [-114.789208984375, 31.747412109375]]], [[[-111.09443359375, 25.974072265624997], [-111.224658203125, 25.835888671874997], [-111.18291015625, 26.040625], [-111.09443359375, 25.974072265624997]]], [[[-111.7123046875, 24.346386718749997], [-112.01328124999999, 24.533398437499997], [-111.8568359375, 24.537988281249994], [-111.7123046875, 24.346386718749997]]], [[[-112.29677734375, 24.78964843749999], [-112.159423828125, 25.28564453125], [-112.19501953125, 24.841064453125], [-112.057275390625, 24.545703125000003], [-112.29677734375, 24.78964843749999]]]]}}, {"id": "221", "type": "Feature", "properties": {"iso3": "BHS", "name": "Bahamas"}, "geometry": {"type": "MultiPolygon", "coordinates": [[[[-77.7552734375, 24.163476562499994], [-77.5615234375, 24.13681640624999], [-77.57373046875, 23.739160156249994], [-77.77128906249999, 23.75253906249999], [-77.99990234375, 24.21982421874999], [-77.65771484375, 24.249462890624997], [-77.7552734375, 24.163476562499994]]], [[[-77.40317382812499, 26.024707031249996], [-77.24677734375, 26.15634765625], [-77.23862304687499, 26.5611328125], [-77.51059570312499, 26.845996093749996], [-77.94375, 26.903564453125], [-77.53388671875, 26.90341796875], [-77.066357421875, 26.530175781249994], [-77.22563476562499, 25.904199218749994], [-77.40317382812499, 26.024707031249996]]], [[[-73.16455078125, 20.979150390624994], [-73.68115234375, 20.9755859375], [-73.523095703125, 21.190820312499994], [-73.2353515625, 21.154492187499997], [-73.05849609375, 21.313378906249994], [-73.16455078125, 20.979150390624994]]], [[[-77.74521484374999, 24.46347656249999], [-78.044921875, 24.28745117187499], [-78.435302734375, 24.627587890624994], [-78.24272460937499, 24.65380859375], [-78.16279296875, 25.202343749999997], [-77.74384765625, 24.707421874999994], [-77.74521484374999, 24.46347656249999]]], [[[-77.94394531249999, 26.74423828125], [-77.92246093749999, 26.691113281249997], [-78.74365234375, 26.500683593749997], [-78.98564453124999, 26.689501953124996], [-78.798046875, 26.582421874999994], [-78.597119140625, 26.79794921875], [-77.94394531249999, 26.74423828125]]], [[[-77.46049804687499, 24.993115234374997], [-77.5619140625, 25.030029296875], [-77.26914062499999, 25.043847656249994], [-77.46049804687499, 24.993115234374997]]], [[[-74.274609375, 22.711669921875], [-74.30703125, 22.839599609375], [-74.05751953125, 22.72348632812499], [-74.274609375, 22.711669921875]]], [[[-74.50869140625, 23.959716796875], [-74.550927734375, 23.968945312499997], [-74.52690429687499, 24.10507812499999], [-74.50869140625, 23.959716796875]]], [[[-74.27690429687499, 22.18369140624999], [-73.906396484375, 22.52744140624999], [-73.95419921874999, 22.715527343749997], [-73.83652343749999, 22.53842773437499], [-74.27690429687499, 22.18369140624999]]], [[[-76.126611328125, 25.140527343749994], [-76.16953124999999, 24.6494140625], [-76.319970703125, 24.817675781250003], [-76.160400390625, 25.119335937499997], [-76.7806640625, 25.42685546874999], [-76.71083984375, 25.564892578124997], [-76.126611328125, 25.140527343749994]]], [[[-76.037109375, 23.602783203125], [-76.01044921875, 23.67138671875], [-75.75424804687499, 23.489990234375], [-76.037109375, 23.602783203125]]], [[[-75.22333984375, 23.165332031250003], [-75.13056640625, 23.26791992187499], [-75.31596679687499, 23.668359374999994], [-74.840478515625, 22.894335937500003], [-75.22333984375, 23.165332031250003]]], [[[-75.3017578125, 24.149169921875], [-75.50322265624999, 24.139062499999994], [-75.408935546875, 24.265771484374994], [-75.653515625, 24.680859374999997], [-75.3017578125, 24.149169921875]]], [[[-72.83076171875, 22.38559570312499], [-72.747265625, 22.327392578125], [-73.16191406249999, 22.38071289062499], [-72.83076171875, 22.38559570312499]]], [[[-73.04931640625, 21.45761718749999], [-73.0626953125, 21.515332031249997], [-72.994775390625, 21.56162109374999], [-73.04931640625, 21.45761718749999]]]]}}, {"id": "24", "type": "Feature", "properties": {"iso3": "BMU", "name": "Bermuda"}, "geometry": {"type": "Polygon", "coordinates": [[[-64.82011718749999, 32.259619140625], [-64.86284179687499, 32.273876953125], [-64.66831054687499, 32.38193359375], [-64.82011718749999, 32.259619140625]]]}}, {"id": "201", "type": "Feature", "properties": {"iso3": "CAN", "name": "Canada"}, "geometry": {"type": "MultiPolygon", "coordinates": [[[[-132.303369140625, 54.098876953125], [-132.17509765625, 53.846533203125], [-132.53466796875, 53.651708984375], [-132.186962890625, 53.684814453125], [-132.134423828125, 54.03427734375], [-131.667626953125, 54.141357421875], [-132.011328125, 53.265185546874996], [-132.520458984375, 53.19404296875], [-132.747509765625, 53.310498046875], [-132.425, 53.336962890624996], [-132.84501953125, 53.50771484375], [-133.05224609375, 53.778124999999996], [-133.048388671875, 54.158935546875], [-132.303369140625, 54.098876953125]]], [[[-131.63466796875, 52.922167968749996], [-131.97177734375, 52.879833984375], [-131.455224609375, 52.701708984374996], [-131.590576171875, 52.57822265625], [-131.142626953125, 52.29111328125], [-131.221533203125, 52.153613281249996], [-132.165087890625, 52.78330078125], [-132.25810546875, 52.933886718749996], [-132.14375, 52.999316406249996], [-132.54677734375, 53.137499999999996], [-131.7537109375, 53.195556640625], [-131.63466796875, 52.922167968749996]]], [[[-125.482080078125, 50.316796874999994], [-124.83061523437499, 49.530078124999996], [-123.99580078125, 49.224023437499994], [-123.2837890625, 48.45517578125], [-123.57314453125, 48.322802734374996], [-125.017236328125, 48.711474609374996], [-125.135693359375, 48.822412109374994], [-124.84965820312499, 49.028271484375], [-124.812646484375, 49.212646484375], [-124.92734375, 49.014208984374996], [-125.543115234375, 48.95283203125], [-125.828515625, 49.091845703124996], [-125.64423828125, 49.185791015625], [-125.95166015625, 49.248046875], [-125.935400390625, 49.40146484375], [-126.54853515625, 49.4189453125], [-126.54189453125, 49.590478515624994], [-126.13408203124999, 49.672314453125], [-126.9033203125, 49.944140624999996], [-127.11430664062499, 49.879736328125], [-127.24980468749999, 50.137988281249996], [-127.863916015625, 50.127734374999996], [-127.905859375, 50.445214843749994], [-127.4865234375, 50.404638671875], [-127.46591796875, 50.58310546875], [-128.058349609375, 50.498486328125], [-128.34990234375, 50.696582031249996], [-127.91806640625, 50.860546875], [-125.482080078125, 50.316796874999994]]], [[[-130.0978515625, 56.10927734375], [-131.824267578125, 56.589990234375], [-131.866162109375, 56.792822265625], [-132.104296875, 56.856787109375], [-132.03154296875, 57.0265625], [-132.33798828125, 57.079443359375], [-132.232177734375, 57.198535156249996], [-133.401123046875, 58.410888671875], [-134.94375000000002, 59.28828125000001], [-135.051025390625, 59.578662109375], [-135.475927734375, 59.79326171875], [-136.321826171875, 59.604833984375], [-136.247119140625, 59.532910156250125], [-136.466357421875, 59.45908203125], [-136.578759765625, 59.152246093749994], [-137.43857421875, 58.903125], [-137.593310546875, 59.22626953125001], [-139.18515625, 60.08359375], [-139.07924804687502, 60.343701171875125], [-139.973291015625, 60.183154296875], [-141.0021484375, 60.300244140625125], [-141.0021484375, 69.65078125], [-139.18154296874997, 69.51552734375008], [-137.86943359374993, 69.09282226562493], [-135.258837890625, 68.68432617187506], [-135.89472656249995, 68.92670898437507], [-135.57553710937498, 69.02695312500003], [-135.91020507812493, 69.11147460937502], [-135.14082031249995, 69.46782226562499], [-134.45683593749993, 69.47763671875003], [-134.40893554687494, 69.68178710937502], [-133.87978515624997, 69.50771484375008], [-134.17431640624994, 69.25283203125002], [-130.665478515625, 70.12705078124998], [-129.53842773437498, 70.10517578125013], [-130.83208007812493, 69.65146484375009], [-131.93779296874993, 69.5347167968751], [-132.68671875, 69.25986328125003], [-133.41831054687492, 68.84428710937493], [-133.19682617187493, 68.73984374999998], [-133.336669921875, 68.83525390625005], [-132.57763671875, 68.84780273437514], [-132.7189453125, 69.07919921875003], [-131.78837890625, 69.43198242187498], [-131.063427734375, 69.45068359375006], [-130.970654296875, 69.20908203125003], [-130.11762695312495, 69.72006835937503], [-128.89892578125, 69.96616210937509], [-129.15791015625, 69.80009765624999], [-128.85302734375, 69.7510253906251], [-127.68378906249995, 70.26035156249998], [-128.1701171875, 70.41845703125], [-127.99101562499993, 70.57382812500003], [-127.22597656249997, 70.29614257812494], [-126.61215820312498, 69.73032226562498], [-125.727783203125, 69.37998046875003], [-125.171875, 69.427978515625], [-125.34550781249993, 69.66245117187503], [-124.76791992187498, 69.99003906249993], [-124.99038085937497, 70.02661132812511], [-124.55502929687492, 70.15122070312509], [-124.40693359374995, 69.76743164062509], [-124.12460937499998, 69.6899902343751], [-124.48134765625002, 69.42514648437498], [-124.33808593749995, 69.36484374999998], [-123.52841796874992, 69.38935546874995], [-123.02578125000002, 69.81000976562507], [-121.74184570312502, 69.79750976562497], [-120.13999023437492, 69.38056640625013], [-117.22695312500002, 68.91342773437498], [-115.44228515624997, 68.94091796875011], [-114.62016601562499, 68.74609375], [-113.96440429687499, 68.39907226562502], [-114.09594726562494, 68.26679687500007], [-114.76528320312497, 68.27021484375007], [-115.43447265624997, 67.90234375000006], [-115.13320312499997, 67.81918945312503], [-112.50302734374998, 67.6819335937501], [-110.07392578125001, 67.99291992187506], [-109.63037109374994, 67.73271484374999], [-109.03803710937501, 67.69116210937506], [-108.85200195312501, 67.42197265625009], [-108.61333007812499, 67.59804687500008], [-107.98872070312501, 67.2563964843751], [-107.99130859374998, 67.09516601562513], [-108.49604492187495, 67.09228515625006], [-107.25947265625001, 66.39853515624998], [-107.71035156250002, 66.74003906250005], [-107.74599609375002, 66.96147460937505], [-107.156494140625, 66.88173828124997], [-107.95839843750002, 67.81860351562506], [-107.76308593750002, 67.90683593750009], [-107.79829101562501, 68.03691406249993], [-106.42426757812495, 68.20058593750008], [-105.75019531250001, 68.59228515625011], [-106.45805664062499, 68.51645507812498], [-106.60849609374992, 68.35737304687507], [-107.61933593749995, 68.3310546875], [-107.73417968749993, 68.17373046875014], [-108.71811523437492, 68.29746093750009], [-108.34575195312499, 68.59780273437502], [-106.16445312499997, 68.91987304687507], [-105.68559570312493, 68.82817382812505], [-105.37744140624994, 68.413818359375], [-104.48681640624994, 68.06318359374995], [-103.47412109374994, 68.11503906250005], [-102.32036132812493, 67.73564453125005], [-98.41210937499994, 67.80717773437505], [-98.70356445312501, 67.96572265625002], [-98.63154296875001, 68.0725585937501], [-97.45493164062492, 67.61699218750005], [-97.13984375000001, 67.79624023437498], [-97.54663085937494, 67.96074218750005], [-98.19252929687497, 67.92299804687502], [-98.65048828124992, 68.36352539062506], [-97.41035156249995, 68.49653320312495], [-96.97670898437502, 68.25541992187505], [-96.43066406249994, 68.3105957031251], [-96.72207031250002, 68.03876953124995], [-95.97031249999998, 68.24912109375003], [-96.36914062499994, 67.50976562500006], [-96.14145507812492, 67.27182617187503], [-95.71992187500001, 67.31679687500014], [-95.77768554687498, 67.18461914062505], [-95.41591796875002, 67.15556640624999], [-95.41889648437501, 67.01323242187493], [-96.42255859375001, 67.0517578125], [-95.78754882812495, 66.61679687500003], [-96.03686523437494, 66.9375], [-95.399658203125, 66.94946289062511], [-95.25874023437495, 67.26254882812492], [-95.65048828124992, 67.73745117187508], [-95.460693359375, 68.02138671874997], [-94.74443359374999, 68.07089843749998], [-93.44892578125001, 68.61889648437506], [-93.64394531249997, 68.6331054687501], [-93.85244140624997, 69.00034179687492], [-94.06489257812501, 68.78476562500009], [-94.60043945312498, 68.80322265625011], [-94.08364257812502, 69.1230957031251], [-94.25537109375, 69.15146484374998], [-94.25473632812498, 69.31376953125005], [-93.61948242187492, 69.41699218750011], [-93.74853515624994, 69.2261230468751], [-93.43095703124999, 69.3750488281251], [-93.53227539062493, 69.48090820312495], [-94.27080078124993, 69.45512695312505], [-94.63383789062499, 69.64965820312506], [-95.96494140624992, 69.80278320312499], [-96.55136718749998, 70.21030273437509], [-96.29770507812498, 70.51137695312514], [-95.87861328125001, 70.54897460937514], [-95.98818359374997, 70.61684570312514], [-95.88632812499992, 70.69428710937507], [-96.25800781249995, 70.64228515625013], [-96.54892578124998, 70.80874023437514], [-96.44658203124999, 71.23989257812502], [-96.06201171875, 71.41386718749993], [-95.56425781249993, 71.33676757812503], [-95.40625, 71.49165039062501], [-95.872314453125, 71.57314453125008], [-95.20122070312493, 71.90371093750008], [-94.61113281249999, 71.98686523437499], [-94.30834960937494, 71.76489257812506], [-93.74628906250001, 71.74282226562502], [-93.03129882812493, 71.335693359375], [-92.88271484375002, 71.06933593750011], [-92.9814453125, 70.85224609375013], [-91.56406249999998, 70.1782714843751], [-92.32050781250001, 70.2353515625], [-92.51186523437497, 70.10385742187503], [-91.97670898437502, 70.03867187500009], [-92.88779296874992, 69.66821289062511], [-91.91196289062498, 69.53125000000011], [-91.20180664062497, 69.64477539062494], [-91.43994140625, 69.52568359375005], [-90.41557617187493, 69.45698242187507], [-91.23720703125002, 69.28554687500014], [-90.47900390625, 68.88115234374999], [-90.57363281250002, 68.47470703124998], [-90.24775390624995, 68.26743164062503], [-89.89770507812494, 68.49077148437505], [-89.66660156249998, 69.01459960937501], [-89.27954101562494, 69.25546875000003], [-88.04135742187498, 68.81171875000007], [-87.82792968749999, 68.29995117187508], [-88.34697265624993, 68.28828125000001], [-88.31381835937498, 67.95034179687508], [-87.359375, 67.17724609374994], [-86.56079101562494, 67.48212890625007], [-86.39804687499992, 67.80009765625005], [-85.95258789062495, 68.07246093750007], [-85.68979492187498, 68.67094726562499], [-84.86757812499997, 68.77333984375008], [-85.10664062500001, 68.8440429687501], [-84.86220703125002, 69.073974609375], [-85.38676757812493, 69.23188476562507], [-85.50737304687493, 69.84526367187493], [-82.37416992187502, 69.64179687500007], [-82.75483398437495, 69.49438476562506], [-82.30986328124999, 69.41000976562509], [-82.2275390625, 69.24887695312498], [-81.37783203125002, 69.18564453125003], [-81.95791015624997, 68.88364257812498], [-81.25249023437493, 68.74316406250011], [-81.91484374999999, 68.4587890625001], [-82.55268554687501, 68.44648437500007], [-82.22241210937494, 68.145263671875], [-82.01249999999999, 68.19389648437499], [-82.06254882812499, 67.92817382812501], [-81.29433593750002, 67.49741210937498], [-81.46757812499999, 67.0698730468751], [-83.40644531250001, 66.37124023437508], [-84.53847656249997, 66.97280273437508], [-85.11372070312501, 66.90693359375013], [-84.73774414062501, 66.93359375000006], [-84.22304687500002, 66.68247070312509], [-83.86904296875002, 66.21357421875013], [-84.62807617187502, 66.20771484374995], [-85.60385742187498, 66.56826171875008], [-86.70815429687502, 66.52304687500009], [-86.68510742187499, 66.36040039062499], [-85.95874023437494, 66.11904296875002], [-87.452880859375, 65.33896484375009], [-87.969970703125, 65.34892578124999], [-89.74941406250002, 65.93603515625006], [-91.42724609375, 65.94790039062497], [-89.924072265625, 65.78027343750011], [-88.97402343749997, 65.34829101562502], [-87.02753906250001, 65.19809570312498], [-88.10561523437497, 64.18330078125001], [-88.81772460937492, 63.99223632812499], [-89.20063476562495, 64.11376953125006], [-89.13154296875001, 63.96850585937494], [-90.04165039062497, 64.14086914062506], [-89.855712890625, 63.956982421875125], [-90.16816406250001, 63.978759765625114], [-90.013427734375, 63.80429687500009], [-90.15473632812501, 63.68964843750001], [-90.81191406249997, 63.580908203125034], [-93.69633789062499, 64.14716796875013], [-93.55981445312494, 63.865283203125045], [-93.27021484375001, 63.840869140625045], [-93.37851562499998, 63.94848632812494], [-92.15688476562497, 63.691699218750045], [-92.46508789062494, 63.555078125000136], [-91.84184570312499, 63.69755859374999], [-90.71127929687498, 63.30405273437498], [-90.77788085937493, 62.97163085937507], [-91.448974609375, 62.804052734375034], [-92.36127929687495, 62.81938476562499], [-91.93583984374993, 62.59238281250009], [-92.55141601562497, 62.546728515625034], [-92.76796875000002, 62.37998046874998], [-92.52797851562497, 62.16840820312507], [-93.20537109374993, 62.364941406250125], [-92.905517578125, 62.21513671874999], [-93.33305664062493, 61.932910156250045], [-93.581787109375, 61.942041015625136], [-93.31201171875, 61.76728515625007], [-93.91274414062502, 61.48144531250006], [-94.50937499999998, 60.60454101562493], [-94.76171874999994, 60.498242187500125], [-94.64677734374999, 60.416406249999966], [-94.78828125000001, 59.26787109374993], [-94.95732421874999, 59.06884765625006], [-94.28706054687495, 58.716015625000125], [-94.33222656250001, 58.297363281250114], [-94.12319335937497, 58.73671875000008], [-93.17875976562493, 58.72563476562499], [-92.43281249999995, 57.3203125], [-92.79814453124993, 56.921972656250034], [-90.59218749999997, 57.224462890625034], [-88.82646484374993, 56.81425781249993], [-87.48242187499994, 56.021289062500045], [-85.67666015625002, 55.60107421875006], [-85.21801757812494, 55.348974609375034], [-85.36528320312493, 55.07929687500001], [-85.06093750000002, 55.285644531250114], [-83.91059570312495, 55.314648437499955], [-82.39326171875001, 55.067822265625125], [-82.21938476562502, 54.8134765625], [-82.42416992187492, 54.244580078125125], [-82.14145507812498, 53.817626953125], [-82.29155273437499, 53.03071289062507], [-81.59941406249993, 52.432617187500114], [-81.82788085937494, 52.22421875000009], [-81.46621093749997, 52.204492187500136], [-80.657958984375, 51.758349609375045], [-80.44331054687495, 51.38857421875002], [-80.85122070312502, 51.12499999999994], [-80.47832031249999, 51.30732421875001], [-80.10356445312493, 51.282861328125136], [-79.347900390625, 50.76264648437507], [-79.71445312499998, 51.11757812500008], [-79.68881835937498, 51.346582031249966], [-79.29697265624992, 51.622802734375114], [-78.90317382812498, 51.200292968750034], [-78.73134765624997, 51.49746093750002], [-78.98164062499995, 51.774560546875136], [-78.44809570312498, 52.26137695312502], [-78.744140625, 52.65537109374998], [-79.100341796875, 53.65664062500008], [-78.99604492187495, 54.00249023437499], [-79.71235351562495, 54.671826171875125], [-77.77529296874997, 55.291259765625], [-76.76181640624998, 55.99643554687498], [-76.52983398437499, 56.49995117187507], [-76.57285156249998, 57.1812011718751], [-76.89091796874999, 57.758105468750045], [-77.55244140624995, 58.23959960937509], [-78.50590820312493, 58.64912109375001], [-78.43051757812498, 58.901757812500136], [-77.76069335937501, 59.38002929687508], [-77.85903320312497, 59.47578125000001], [-77.72617187499998, 59.67587890624992], [-77.34907226562501, 59.57895507812509], [-77.48530273437495, 59.684570312500114], [-77.28920898437497, 60.0220214843751], [-77.58588867187501, 60.0881835937501], [-77.452880859375, 60.1458007812501], [-77.68144531249993, 60.427099609375034], [-77.50356445312502, 60.54272460937494], [-77.79082031249993, 60.63984375000001], [-77.60302734374994, 60.82519531249994], [-78.18134765625001, 60.81914062499999], [-77.51435546875001, 61.55629882812502], [-78.02138671875002, 61.8320800781251], [-78.13339843749992, 62.28227539062499], [-77.37241210937498, 62.572509765625114], [-75.67553710937494, 62.24951171875006], [-75.78984374999993, 62.17958984375002], [-75.34121093750002, 62.312109375000034], [-74.632568359375, 62.115673828125125], [-73.70507812499994, 62.47314453124994], [-72.68696289062501, 62.12456054687499], [-72.77163085937502, 61.840429687500034], [-72.22612304687493, 61.83159179687499], [-72.04003906249994, 61.68027343750009], [-72.21586914062499, 61.58725585937498], [-71.63828124999998, 61.6171875], [-71.85439453124997, 61.43979492187492], [-71.42270507812492, 61.158935546875114], [-70.27929687499994, 61.06865234374999], [-69.99243164062494, 60.8564941406251], [-69.471923828125, 61.010937500000125], [-69.40473632812495, 60.84677734375009], [-69.75126953124993, 60.48745117187508], [-69.67373046874997, 60.07587890625007], [-70.65483398437499, 60.02622070312509], [-69.73393554687499, 59.918017578125045], [-69.57939453124993, 59.67509765624993], [-69.68188476562494, 59.34174804687507], [-69.34404296874993, 59.303076171875034], [-69.53164062499997, 58.86923828125009], [-69.7841796875, 58.955712890625136], [-70.15434570312499, 58.76059570312498], [-69.78989257812492, 58.689306640625034], [-68.69819335937501, 58.904541015625], [-68.38115234374999, 58.743505859375034], [-68.22939453124997, 58.48457031250007], [-68.35654296874992, 58.163232421875136], [-69.04082031249999, 57.902490234375136], [-68.41357421875, 58.0517578125], [-68.02104492187499, 58.48530273437501], [-67.88828124999992, 58.29575195312498], [-68.06386718750002, 58.13896484374999], [-67.75595703124998, 58.4045898437501], [-67.67827148437493, 57.99111328125008], [-67.56962890624993, 58.21347656250009], [-66.72216796874994, 58.49101562499993], [-66.36240234374992, 58.79116210937502], [-66.00239257812495, 58.431201171875045], [-66.04306640624998, 58.82065429687498], [-65.383544921875, 59.06020507812508], [-65.69999999999999, 59.21333007812501], [-65.41171874999998, 59.31499023437493], [-65.47509765625, 59.47031249999998], [-65.03823242187497, 59.38789062500007], [-65.40742187499995, 59.53935546874999], [-65.43339843749993, 59.77651367187502], [-65.02817382812498, 59.77070312500007], [-65.17172851562492, 59.90800781249999], [-64.81733398437501, 60.3310546875], [-64.49941406250002, 60.26826171875001], [-64.41958007812497, 60.17138671875], [-64.76845703125002, 60.01210937500002], [-64.28349609374999, 60.06406249999998], [-64.22631835937494, 59.741210937500114], [-64.05605468750002, 59.82255859374999], [-63.750195312499955, 59.51259765625008], [-63.94545898437502, 59.3801757812501], [-63.41513671874998, 59.1943847656251], [-63.97114257812501, 59.053808593750034], [-63.248437499999966, 59.068310546874955], [-63.282128906249966, 58.86738281250007], [-63.05029296875, 58.87817382812494], [-62.87387695312492, 58.67246093749998], [-63.537060546874955, 58.32993164062498], [-62.59384765624992, 58.47402343750002], [-62.81206054687499, 58.20039062500007], [-63.26152343749993, 58.0146972656251], [-62.48623046875002, 58.15405273437506], [-61.95864257812502, 57.91176757812508], [-61.967968749999955, 57.61191406250009], [-62.495556640624955, 57.489208984375125], [-61.921142578125, 57.42080078125008], [-61.97744140625002, 57.24794921875002], [-61.33374023437494, 57.01059570312498], [-61.37163085937499, 56.680810546875136], [-62.497265624999955, 56.80170898437507], [-61.73774414062501, 56.52602539062502], [-61.94042968749994, 56.423583984375114], [-61.42529296874994, 56.3606445312501], [-61.713085937499955, 56.230957031250114], [-61.364697265624955, 56.216015625000125], [-61.30112304687498, 56.04716796874999], [-61.44951171874993, 55.99570312499998], [-60.341015624999955, 55.78466796875], [-60.40830078124998, 55.649560546874966], [-60.19238281249994, 55.48090820312507], [-60.61713867187501, 55.06020507812502], [-59.7587890625, 55.3095703125], [-59.43789062500002, 55.175927734375136], [-59.83779296875002, 54.813964843750114], [-59.25957031249999, 55.19995117187506], [-58.99711914062499, 55.149462890625045], [-58.78017578125002, 54.838378906250114], [-57.96245117187499, 54.87573242187506], [-57.40449218750001, 54.59086914062493], [-58.43520507812502, 54.22812499999998], [-58.63320312500002, 54.049560546875], [-59.82304687499993, 53.83442382812501], [-60.144921874999966, 53.59614257812501], [-60.39541015625002, 53.653320312500114], [-60.100292968749955, 53.486962890625136], [-60.32949218750002, 53.26611328125006], [-58.652050781249955, 53.97788085937498], [-57.92827148437493, 54.10356445312499], [-58.309960937499966, 54.20166015625006], [-57.41606445312493, 54.162744140625136], [-57.134960937499955, 53.79184570312509], [-57.52407226562502, 53.61142578125009], [-57.33173828125001, 53.469091796875034], [-56.52431640625002, 53.766455078125034], [-55.96611328124999, 53.471142578125125], [-55.79794921874998, 53.211962890625045], [-55.80283203124992, 52.64316406249998], [-56.324902343749955, 52.54453124999998], [-55.746484374999966, 52.474560546875125], [-56.01171875, 52.394482421875125], [-55.67280273437501, 52.19013671875007], [-56.97597656250002, 51.45766601562508], [-58.51035156249998, 51.295068359375136], [-60.08017578124992, 50.254589843750125], [-61.724853515625, 50.10405273437499], [-62.71542968749998, 50.30166015625008], [-66.49550781249997, 50.211865234375125], [-66.941162109375, 49.993701171875045], [-67.37202148437501, 49.348437500000045], [-68.28193359375001, 49.197167968750136], [-69.67387695312499, 48.19916992187507], [-71.01826171874995, 48.455615234375045], [-69.77499999999998, 48.09809570312507], [-69.99443359374993, 47.73989257812508], [-71.26777343750001, 46.79594726562499], [-72.20463867187499, 46.55888671874999], [-72.98100585937499, 46.209716796875114], [-73.47661132812493, 45.738232421874955], [-74.31508789062497, 45.531054687500045], [-73.97382812500001, 45.34511718750002], [-75.40126953125002, 44.77226562499999], [-76.464599609375, 44.0576171875], [-76.81997070312502, 43.62880859375008], [-78.84555664062499, 43.583349609375], [-79.171875, 43.466552734375114], [-78.91508789062499, 42.90913085937501], [-79.03671874999999, 42.80234375], [-82.69003906249999, 41.675195312499994], [-83.02998046875, 41.832958984375], [-83.149658203125, 42.141943359375], [-82.5453125, 42.62470703125], [-82.13784179687502, 43.570898437500034], [-82.55107421874999, 45.34736328125], [-83.59267578125002, 45.81713867187506], [-83.469482421875, 45.99467773437499], [-83.615966796875, 46.11684570312502], [-83.977783203125, 46.084912109375], [-84.14946289062499, 46.542773437499996], [-84.561767578125, 46.457373046875], [-84.8759765625, 46.89990234375], [-88.378173828125, 48.30307617187509], [-89.45566406249999, 47.996240234374994], [-90.91606445312499, 48.209130859374994], [-91.518310546875, 48.058300781250125], [-92.00517578124999, 48.30185546875], [-92.41459960937499, 48.276611328125], [-92.996240234375, 48.61181640625], [-93.70771484375, 48.525439453124996], [-94.62089843749999, 48.742626953125], [-94.85434570312499, 49.304589843749994], [-95.1552734375, 49.3696777343751], [-95.162060546875, 48.991748046874996], [-123.077294921875, 48.980224609375], [-123.22944335937495, 49.26049804687506], [-122.94765625000002, 49.29326171874999], [-122.87910156250001, 49.39892578125006], [-123.27675781250002, 49.34394531250001], [-123.18749999999994, 49.680322265624966], [-123.53056640624993, 49.39731445312509], [-124.02861328124999, 49.602880859375034], [-123.99262695312501, 49.73618164062498], [-123.81718749999999, 49.58657226562508], [-123.58247070312501, 49.68124999999998], [-123.87441406250002, 49.736816406250114], [-123.82543945312494, 50.14423828125001], [-123.94589843749998, 50.18393554687509], [-123.98491210937493, 49.87558593749998], [-124.28125, 49.77211914062502], [-124.78237304687497, 50.02011718749992], [-125.05668945312499, 50.418652343750125], [-124.85986328124994, 50.872412109375034], [-125.05878906249995, 50.51386718750001], [-125.47631835937494, 50.49716796874998], [-125.53935546874999, 50.64902343749998], [-125.64130859374995, 50.46621093750002], [-126.09433593749998, 50.497607421875045], [-126.44746093750001, 50.58774414062492], [-125.90410156249999, 50.704931640625034], [-126.51435546875001, 50.679394531250125], [-126.37460937499998, 50.83735351562501], [-126.52177734374993, 50.86606445312498], [-126.517333984375, 51.056835937500125], [-127.05756835937501, 50.86752929687509], [-127.70810546874998, 51.15117187499999], [-127.419677734375, 51.608056640625136], [-126.69145507812499, 51.703417968750045], [-127.33872070312492, 51.70737304687498], [-127.71406250000001, 51.490185546875125], [-127.869140625, 51.77524414062509], [-127.72763671874992, 51.9932128906251], [-127.85878906250002, 51.990283203125045], [-127.79536132812495, 52.19101562500009], [-127.24223632812499, 52.39511718750009], [-126.71396484374992, 52.060693359374966], [-127.19399414062502, 52.45766601562502], [-126.95131835937497, 52.7212402343751], [-127.01933593749999, 52.842480468750125], [-127.06621093749993, 52.65268554687498], [-127.83432617187492, 52.25097656250006], [-128.10224609374995, 51.78842773437492], [-128.3576171875, 52.158886718750125], [-128.03750000000002, 52.318164062500045], [-127.94023437499999, 52.545166015625114], [-128.271533203125, 52.362988281250125], [-128.05327148437493, 52.91069335937499], [-128.36503906249993, 52.82578125000009], [-128.52470703125, 53.1406738281251], [-129.17158203124995, 53.53359375000002], [-128.85458984374992, 53.70454101562507], [-128.90561523437492, 53.559326171875114], [-127.92783203124998, 53.274707031250045], [-128.67553710937494, 53.55458984375002], [-128.763671875, 53.74687499999999], [-128.53212890624997, 53.85810546875007], [-128.95937499999997, 53.84145507812502], [-129.563720703125, 53.251464843750114], [-130.33525390625, 53.7239257812501], [-130.04331054687498, 54.13354492187506], [-129.626025390625, 54.230273437500045], [-130.084228515625, 54.181396484375], [-130.43027343749998, 54.42099609374998], [-129.56064453124998, 55.46254882812508], [-129.795166015625, 55.559570312500114], [-130.04848632812497, 55.057275390625136], [-130.0978515625, 56.10927734375]]], [[[-109.46728515625, 78.5671875], [-109.352099609375, 78.36865234375], [-113.29257812499999, 78.334375], [-110.40781249999999, 78.756640625], [-109.46728515625, 78.5671875]]], [[[-109.61904296875, 78.0568359375], [-110.865625, 77.834130859375], [-110.152734375, 77.762939453125], [-110.198486328125, 77.52451171875], [-111.951953125, 77.344189453125], [-113.16435546875, 77.5302734375], [-113.283447265625, 77.813037109375], [-110.458056640625, 78.10322265625], [-109.61904296875, 78.0568359375]]], [[[-115.47021484375, 77.308642578125], [-116.32919921875, 77.137060546875], [-115.81005859375, 76.939111328125], [-116.25273437499999, 76.901416015625], [-115.9462890625, 76.711279296875], [-116.99921875, 76.531591796875], [-117.23359375, 76.28154296875], [-117.99296874999999, 76.405810546875], [-117.78046875, 76.78427734375], [-117.880810546875, 76.805078125], [-118.79140625, 76.51298828125], [-118.62451171875, 76.365869140625], [-118.99394531249999, 76.144873046875], [-119.58037109374999, 76.326513671875], [-119.7396484375, 76.117724609375], [-119.526123046875, 75.997216796875], [-119.91289062499999, 75.858837890625], [-120.40888671875, 75.825634765625], [-120.848388671875, 76.182666015625], [-121.2134765625, 75.98369140625], [-122.40048828125, 75.94423828125], [-122.640478515625, 76.00908203125], [-122.592724609375, 76.162060546875], [-122.902783203125, 76.134716796875], [-122.423046875, 76.390087890625], [-121.5611328125, 76.453466796875], [-119.090185546875, 77.305078125], [-116.84355468749999, 77.33955078125], [-116.70361328125, 77.379931640625], [-117.03974609375, 77.46513671875], [-116.511328125, 77.547607421875], [-115.47021484375, 77.308642578125]]], [[[-107.72348632812499, 75.99541015625], [-108.020703125, 75.80478515625], [-107.2162109375, 75.891552734375], [-106.913525390625, 75.679638671875], [-106.693115234375, 75.8099609375], [-106.862060546875, 75.930078125], [-106.677001953125, 76.02373046875], [-105.904833984375, 76.008984375], [-105.604443359375, 75.929931640625], [-105.4814453125, 75.70224609375], [-106.09262695312499, 75.089453125], [-107.15341796874999, 74.9271484375], [-108.831298828125, 75.064892578125], [-112.5193359375, 74.416845703125], [-113.5140625, 74.430078125], [-114.376953125, 74.670849609375], [-111.03349609375, 75.2267578125], [-113.71176757812499, 75.068603515625], [-113.8533203125, 75.259375], [-113.46708984375, 75.41611328125], [-114.01650390625, 75.43427734375], [-114.16845703125, 75.239501953125], [-114.513818359375, 75.27548828125], [-114.35776367187499, 75.1712890625], [-114.45175781249999, 75.087890625], [-115.02011718749999, 74.976171875], [-115.41318359374999, 75.114990234375], [-115.72885742187499, 74.968115234375], [-117.60009765625, 75.2716796875], [-117.25761718749999, 75.459521484375], [-115.141845703125, 75.678515625], [-117.16362304687499, 75.644873046875], [-114.99150390625, 75.896337890625], [-116.66455078125, 75.957568359375], [-116.20986328125, 76.19443359375], [-114.77861328125, 76.172607421875], [-115.83173828125, 76.29580078125], [-114.998486328125, 76.4974609375], [-114.19394531249999, 76.45146484375], [-113.823486328125, 76.2068359375], [-112.69760742187499, 76.201708984375], [-111.865234375, 75.939306640625], [-112.056689453125, 75.834228515625], [-111.54912109375, 75.822119140625], [-111.052685546875, 75.54853515625], [-109.086376953125, 75.506494140625], [-108.944775390625, 75.698974609375], [-109.8705078125, 75.929052734375], [-109.43037109375, 76.109130859375], [-110.30947265625, 76.397412109375], [-108.83164062499999, 76.821142578125], [-108.4669921875, 76.73759765625], [-108.62763671875, 76.58671875], [-108.123193359375, 76.233447265625], [-108.40615234375, 76.08505859375], [-107.72348632812499, 75.99541015625]]], [[[-113.578076171875, 72.652099609375], [-113.449853515625, 72.863232421875], [-113.07353515625, 72.995263671875], [-111.2697265625, 72.713720703125], [-111.895166015625, 72.356103515625], [-111.67509765625, 72.300146484375], [-110.205126953125, 72.661279296875], [-110.66083984375, 73.008203125], [-110.008447265625, 72.983642578125], [-108.75498046874999, 72.55107421875], [-108.188232421875, 71.723779296875], [-107.81284179687499, 71.626171875], [-107.30600585937499, 71.894677734375], [-107.695849609375, 72.14931640625], [-108.23740234374999, 73.14990234375], [-107.936181640625, 73.217138671875], [-108.029052734375, 73.34873046875], [-106.48212890625, 73.19619140625], [-105.41513671874999, 72.788330078125], [-104.8783203125, 71.97998046875], [-104.3859375, 71.576953125], [-104.514794921875, 71.0642578125], [-103.58457031249999, 70.630859375], [-103.07719726562499, 70.508837890625], [-103.049560546875, 70.655078125], [-101.56240234375, 70.135009765625], [-101.090771484375, 70.135693359375], [-100.905712890625, 69.81171875], [-101.043701171875, 69.668701171875], [-101.483837890625, 69.8501953125], [-101.64765625, 69.69853515625], [-102.234326171875, 69.842236328125], [-102.5958984375, 69.717919921875], [-102.62109375, 69.551513671875], [-103.434765625, 69.66767578125], [-103.04892578124999, 69.47177734375], [-103.12021484374999, 69.20458984375], [-102.15141601562499, 69.4876953125], [-101.97822265625, 69.42509765625], [-102.04609375, 69.257666015625], [-101.7892578125, 69.181640625], [-101.85712890625, 69.023974609375], [-102.89506835937499, 68.8236328125], [-105.105859375, 68.92041015625], [-105.019580078125, 69.08125], [-106.140869140625, 69.16201171875], [-106.65908203125, 69.439599609375], [-107.439892578125, 69.0021484375], [-109.472119140625, 68.676708984375], [-113.01953125, 68.48134765625], [-113.554833984375, 68.767578125], [-113.694140625, 69.19501953125], [-116.51347656249999, 69.424609375], [-117.10400390625, 69.804248046875], [-117.19541015625, 70.054052734375], [-114.592333984375, 70.312451171875], [-111.632568359375, 70.308837890625], [-113.757275390625, 70.69072265625], [-117.587060546875, 70.629541015625], [-118.37651367187499, 70.967724609375], [-115.30341796875, 71.493701171875], [-117.93564453125, 71.39208984375], [-118.22646484375, 71.46708984375], [-117.742333984375, 71.659326171875], [-118.9876953125, 71.7642578125], [-118.94462890624999, 71.985546875], [-118.2134765625, 72.262890625], [-118.481298828125, 72.427685546875], [-118.37451171875, 72.53388671875], [-116.5732421875, 73.054931640625], [-114.638232421875, 73.37265625], [-114.20639648437499, 73.297802734375], [-114.074755859375, 72.9068359375], [-114.521533203125, 72.592919921875], [-113.578076171875, 72.652099609375]]], [[[-119.20595703125, 74.197998046875], [-119.11796874999999, 74.01552734375], [-118.54399414062499, 74.24462890625], [-117.51484375, 74.23173828125], [-115.392822265625, 73.501953125], [-118.961572265625, 72.684130859375], [-119.512841796875, 72.302685546875], [-120.1798828125, 72.212646484375], [-120.6193359375, 71.50576171875], [-121.749365234375, 71.444775390625], [-122.83994140625, 71.0974609375], [-123.31474609374999, 71.169189453125], [-124.007763671875, 71.67744140625], [-125.8453125, 71.978662109375], [-124.98710937499999, 72.58798828125], [-124.969677734375, 72.843310546875], [-124.56494140625, 72.944140625], [-124.804052734375, 73.12568359375], [-123.797265625, 73.7681640625], [-124.19150390625, 73.902001953125], [-124.696240234375, 74.348193359375], [-121.504150390625, 74.5451171875], [-119.562646484375, 74.2328125], [-119.736328125, 74.112646484375], [-119.20595703125, 74.197998046875]]], [[[-66.42255859375, 82.92685546875], [-68.46933593749999, 82.653369140625], [-64.90488281249999, 82.900830078125], [-63.49873046875, 82.792578125], [-63.642529296875, 82.71298828125], [-63.085351562499994, 82.565234375], [-63.24677734375, 82.4501953125], [-61.697167968749994, 82.488623046875], [-61.2072265625, 82.341064453125], [-62.176708984375, 82.043408203125], [-68.68852539062499, 81.293310546875], [-64.78007812499999, 81.49287109375], [-69.55068359375, 80.383251953125], [-70.71259765625, 80.539599609375], [-70.264892578125, 80.23359375], [-72.05595703124999, 80.1232421875], [-70.55908203125, 80.07099609375], [-71.35581054687499, 79.911279296875], [-71.11015624999999, 79.847802734375], [-71.387841796875, 79.761767578125], [-72.4365234375, 79.694384765625], [-74.394482421875, 79.874072265625], [-74.66020507812499, 79.83515625], [-73.47246093749999, 79.7564453125], [-73.201123046875, 79.59658203125], [-75.50341796875, 79.41416015625], [-76.898828125, 79.5123046875], [-75.602734375, 79.23955078125], [-74.481201171875, 79.2294921875], [-74.53232421874999, 79.052734375], [-78.58164062499999, 79.075], [-77.882763671875, 78.9423828125], [-76.255859375, 79.0068359375], [-74.43310546875, 78.72412109375], [-74.87861328125, 78.54482421875], [-76.41611328124999, 78.5115234375], [-75.19345703124999, 78.327734375], [-75.96962890625, 77.993115234375], [-78.01259765625, 77.946044921875], [-78.076171875, 77.51904296875], [-78.49321289062499, 77.369384765625], [-80.57304687499999, 77.314794921875], [-81.65908203125, 77.525439453125], [-81.277734375, 77.365185546875], [-82.056787109375, 77.296533203125], [-79.497265625, 77.19609375], [-79.22075195312499, 76.93603515625], [-78.28886718749999, 76.977978515625], [-77.99873046875, 76.851953125], [-78.284326171875, 76.571240234375], [-80.79970703125, 76.173583984375], [-80.99667968749999, 76.214990234375], [-80.83481445312499, 76.369140625], [-80.97451171875, 76.470068359375], [-82.52983398437499, 76.723291015625], [-82.233154296875, 76.4658203125], [-83.885693359375, 76.453125], [-84.223779296875, 76.675341796875], [-84.275341796875, 76.35654296875], [-85.34360351562499, 76.31337890625], [-86.45371093749999, 76.58486328125], [-86.68022460937499, 76.376611328125], [-87.48979492187499, 76.58583984375], [-87.49755859375, 76.386279296875], [-88.39599609375, 76.4052734375], [-88.495849609375, 76.7728515625], [-88.54580078125, 76.4208984375], [-89.570068359375, 76.491943359375], [-89.499755859375, 76.826806640625], [-88.55620117187499, 77.072216796875], [-86.812255859375, 77.184912109375], [-87.68144531249999, 77.436376953125], [-88.094677734375, 77.719189453125], [-88.0169921875, 77.784716796875], [-86.755078125, 77.863720703125], [-85.58847656249999, 77.4611328125], [-84.48701171875, 77.36796875], [-83.608056640625, 77.442236328125], [-82.59531249999999, 77.992138671875], [-83.77939453124999, 77.5326171875], [-84.860546875, 77.49951171875], [-85.28935546874999, 77.559033203125], [-85.29204101562499, 77.7638671875], [-85.54755859375, 77.927685546875], [-84.22270507812499, 78.176025390625], [-84.9103515625, 78.239697265625], [-84.783203125, 78.527587890625], [-85.5859375, 78.1095703125], [-86.2177734375, 78.081201171875], [-85.920068359375, 78.34287109375], [-86.913232421875, 78.126806640625], [-87.5517578125, 78.176611328125], [-87.49130859374999, 78.4171875], [-86.80791015624999, 78.774365234375], [-85.00375976562499, 78.912255859375], [-83.271435546875, 78.7703125], [-81.75009765624999, 78.97578125], [-84.41201171875, 78.99658203125], [-84.5677734375, 79.0712890625], [-83.57587890625, 79.053662109375], [-85.268505859375, 79.664111328125], [-86.42075195312499, 79.84521484375], [-86.614501953125, 80.12353515625], [-86.49853515625, 80.258251953125], [-83.7236328125, 80.228955078125], [-81.68837890625, 79.685791015625], [-80.47592773437499, 79.60625], [-80.124462890625, 79.669482421875], [-81.01015625, 79.693115234375], [-82.98701171875, 80.322607421875], [-76.86298828125, 80.864794921875], [-78.7162109375, 80.95166015625], [-78.28681640625, 81.167626953125], [-76.88510742187499, 81.4302734375], [-79.19833984374999, 81.117578125], [-79.76132812499999, 80.841943359375], [-81.00703125, 80.6548828125], [-82.88432617187499, 80.5775390625], [-82.22236328125, 80.772314453125], [-85.14584960937499, 80.521142578125], [-86.6154296875, 80.630029296875], [-85.2462890625, 80.987890625], [-83.288818359375, 81.14794921875], [-85.78085937499999, 81.03505859375], [-87.711669921875, 80.65625], [-89.26328124999999, 80.914306640625], [-86.4767578125, 81.0357421875], [-84.94121093749999, 81.28623046875], [-89.623046875, 81.032470703125], [-89.98095703125, 81.12470703125], [-89.20869140625, 81.25009765625], [-89.67368164062499, 81.32861328125], [-89.427001953125, 81.387451171875], [-87.59702148437499, 81.525830078125], [-90.30351562499999, 81.401123046875], [-90.609033203125, 81.429541015625], [-89.8216796875, 81.63486328125], [-91.68408203125, 81.635693359375], [-88.06318359375, 82.096484375], [-85.04482421875, 81.9828125], [-86.615625, 82.2185546875], [-84.89682617187499, 82.4494140625], [-82.63369140625, 82.077294921875], [-82.32744140624999, 82.09248046875], [-82.7474609375, 82.196435546875], [-82.53691406249999, 82.247265625], [-79.42485351562499, 81.854443359375], [-82.44755859374999, 82.39501953125], [-81.68115234375, 82.51865234375], [-82.116845703125, 82.628662109375], [-80.80966796874999, 82.586376953125], [-81.17807617187499, 82.744677734375], [-81.01015625, 82.779052734375], [-78.748779296875, 82.67939453125], [-80.154931640625, 82.9111328125], [-79.88632812499999, 82.938525390625], [-77.47958984374999, 82.883154296875], [-76.00937499999999, 82.53515625], [-75.565625, 82.608544921875], [-77.12490234375, 83.008544921875], [-74.41416015624999, 83.013134765625], [-72.65869140625, 82.721630859375], [-73.44072265624999, 82.945849609375], [-72.06923828125, 83.1060546875], [-70.940380859375, 82.90224609375], [-71.42353515625, 83.021142578125], [-66.42255859375, 82.92685546875]]], [[[-93.58286132812499, 77.770751953125], [-93.12871093749999, 77.66015625], [-93.836181640625, 77.45224609375], [-95.987060546875, 77.484130859375], [-96.276611328125, 77.63056640625], [-95.484375, 77.7919921875], [-93.58286132812499, 77.770751953125]]], [[[-93.57309570312499, 74.66884765625], [-94.53452148437499, 74.63671875], [-96.599609375, 75.031787109375], [-95.95463867187499, 75.443798828125], [-94.878173828125, 75.630029296875], [-93.90908203125, 75.422509765625], [-93.49755859375, 75.136865234375], [-93.57309570312499, 74.66884765625]]], [[[-99.157958984375, 73.731591796875], [-97.66997070312499, 73.887744140625], [-97.11171875, 73.79033203125], [-97.001708984375, 73.66650390625], [-97.62587890625, 73.502294921875], [-97.27250976562499, 73.38681640625], [-98.430908203125, 72.958056640625], [-97.63632812499999, 73.02763671875], [-97.0830078125, 72.762841796875], [-97.128125, 72.627587890625], [-96.54208984374999, 72.69873046875], [-96.4728515625, 72.434375], [-96.80146484375, 72.322412109375], [-96.59287109374999, 72.2044921875], [-96.76630859375, 72.045947265625], [-96.613427734375, 71.833837890625], [-97.582275390625, 71.6296875], [-98.18134765625, 71.662451171875], [-98.322705078125, 71.85234375], [-98.45883789062499, 71.773193359375], [-98.1986328125, 71.440869140625], [-98.66289062499999, 71.302099609375], [-99.167138671875, 71.3671875], [-100.594482421875, 72.15234375], [-101.72392578124999, 72.314892578125], [-102.708740234375, 72.764501953125], [-102.20400390625, 73.077294921875], [-101.273193359375, 72.7216796875], [-100.484765625, 72.77294921875], [-100.395703125, 72.977001953125], [-100.128125, 72.906689453125], [-100.536376953125, 73.1978515625], [-99.825146484375, 73.2138671875], [-100.36611328125, 73.359033203125], [-100.88935546875, 73.275341796875], [-101.523193359375, 73.486376953125], [-100.97578125, 73.599755859375], [-100.5216796875, 73.44931640625], [-100.985107421875, 73.76533203125], [-99.99111328125, 73.795166015625], [-100.22705078125, 73.889111328125], [-99.157958984375, 73.731591796875]]], [[[-84.501123046875, 65.458447265625], [-82.05, 64.644287109375], [-81.67612304687499, 64.212646484375], [-81.887109375, 64.01640625], [-80.82895507812499, 64.08994140625], [-80.26132812499999, 63.801953125], [-81.04638671875, 63.461572265624994], [-82.378125, 63.706787109375], [-82.46708984374999, 63.926953125], [-83.303955078125, 64.143798828125], [-84.63291015624999, 63.309228515624994], [-85.39262695312499, 63.119677734375], [-85.7689453125, 63.700341796874994], [-87.1771484375, 63.595117187499994], [-86.93203125, 63.90166015625], [-86.252099609375, 64.136865234375], [-86.374267578125, 64.5658203125], [-86.074609375, 65.533837890625], [-85.81396484375, 65.83193359375], [-85.5546875, 65.91865234375], [-85.24111328125, 65.7955078125], [-85.10537109375, 65.622705078125], [-85.23994140625, 65.510302734375], [-84.91962890625, 65.261083984375], [-84.501123046875, 65.458447265625]]], [[[-97.53105468749999, 76.109423828125], [-97.60166015624999, 75.85107421875], [-97.89052734375, 75.7603515625], [-97.40751953124999, 75.672509765625], [-97.33603515624999, 75.41982421875], [-97.87822265624999, 75.41611328125], [-97.659912109375, 75.151171875], [-98.06875, 75.199169921875], [-97.99179687499999, 75.04580078125], [-100.234375, 75.00771484375], [-100.48349609374999, 75.188427734375], [-100.145703125, 75.246142578125], [-100.73115234375, 75.346533203125], [-99.194580078125, 75.698388671875], [-102.797509765625, 75.599658203125], [-102.1447265625, 75.875048828125], [-101.26142578125, 75.758203125], [-100.972802734375, 75.7984375], [-101.288037109375, 75.789111328125], [-101.50590820312499, 75.91806640625], [-101.43134765625, 75.9919921875], [-101.87211914062499, 76.08310546875], [-101.55703125, 76.23583984375], [-102.13774414062499, 76.28486328125], [-101.787548828125, 76.45126953125], [-99.865478515625, 75.92421875], [-99.688916015625, 75.959716796875], [-100.11284179687499, 76.117236328125], [-99.54106445312499, 76.1462890625], [-100.414208984375, 76.242529296875], [-99.977734375, 76.312451171875], [-100.890771484375, 76.47548828125], [-100.06870117187499, 76.634765625], [-98.89033203125, 76.465576171875], [-99.0236328125, 76.61455078125], [-98.71083984375, 76.69384765625], [-97.700927734375, 76.46650390625], [-97.53105468749999, 76.109423828125]]], [[[-102.91435546874999, 79.231103515625], [-102.576171875, 78.87939453125], [-101.70366210937499, 79.07890625], [-101.03715820312499, 78.939013671875], [-101.128125, 78.80166015625], [-100.01474609374999, 78.72861328125], [-99.58212890624999, 78.56328125], [-99.847802734375, 78.438232421875], [-99.7513671875, 78.302978515625], [-98.99960937499999, 77.996875], [-99.16640625, 77.85693359375], [-99.95590820312499, 77.793798828125], [-100.58603515624999, 77.891796875], [-101.07412109375, 78.19384765625], [-102.60698242187499, 78.24892578125], [-102.73134765625, 78.371044921875], [-104.512646484375, 78.29462890625], [-104.995556640625, 78.518505859375], [-103.5705078125, 78.53984375], [-103.482568359375, 78.5939453125], [-104.02084960937499, 78.634912109375], [-103.37158203125, 78.736328125], [-104.185009765625, 78.781298828125], [-103.875634765625, 78.902685546875], [-104.15195312499999, 78.989892578125], [-104.8955078125, 78.808154296875], [-104.74677734375, 79.027099609375], [-105.58017578124999, 79.114208984375], [-105.3876953125, 79.323583984375], [-102.91435546874999, 79.231103515625]]], [[[-90.643017578125, 80.593701171875], [-89.235595703125, 80.51064453125], [-89.19833984374999, 80.26318359375], [-88.85732421875, 80.1662109375], [-88.19990234375, 80.111474609375], [-88.6125, 80.25537109375], [-88.5248046875, 80.418017578125], [-87.675, 80.372119140625], [-87.62548828125, 80.18720703125], [-87.922314453125, 80.097705078125], [-86.977197265625, 79.89423828125], [-87.295166015625, 79.58017578125], [-86.33696289062499, 79.6349609375], [-86.00703125, 79.479443359375], [-85.6478515625, 79.61142578125], [-85.042138671875, 79.2845703125], [-86.957177734375, 78.97490234375], [-87.6173828125, 78.676318359375], [-87.922314453125, 78.7513671875], [-87.81674804687499, 79.036328125], [-88.040185546875, 78.9953125], [-88.25375976562499, 78.67197265625], [-87.982861328125, 78.537060546875], [-88.7416015625, 78.584033203125], [-88.6064453125, 78.3919921875], [-88.822412109375, 78.185888671875], [-90.037109375, 78.6068359375], [-89.48984374999999, 78.171923828125], [-90.45903320312499, 78.330908203125], [-90.65239257812499, 78.30771484375], [-90.32675781249999, 78.184765625], [-91.409619140625, 78.18798828125], [-92.84824218749999, 78.460107421875], [-91.86689453125, 78.54267578125], [-93.2666015625, 78.60830078125], [-93.634423828125, 78.750927734375], [-93.15986328125, 78.775634765625], [-94.169677734375, 78.972802734375], [-91.29990234374999, 79.372705078125], [-92.821923828125, 79.44990234375], [-95.103173828125, 79.289892578125], [-95.73300781249999, 79.418212890625], [-94.40185546875, 79.736328125], [-95.85751953124999, 79.673779296875], [-96.46274414062499, 79.847509765625], [-96.77324218749999, 80.135791015625], [-94.6458984375, 80.04873046875], [-94.26259765625, 80.194873046875], [-95.40507812499999, 80.135009765625], [-96.39409179687499, 80.3150390625], [-95.549072265625, 80.3666015625], [-96.151806640625, 80.553466796875], [-95.926953125, 80.720654296875], [-93.9279296875, 80.5591796875], [-95.51474609374999, 80.838134765625], [-95.269775390625, 81.00078125], [-93.23564453124999, 81.128857421875], [-94.179345703125, 81.3392578125], [-93.03466796875, 81.3462890625], [-91.88554687499999, 81.132861328125], [-90.643017578125, 80.593701171875]]], [[[-93.211865234375, 76.7546875], [-93.5345703125, 76.447705078125], [-92.995361328125, 76.62041015625], [-91.30502929687499, 76.68076171875], [-90.542626953125, 76.495751953125], [-91.41508789062499, 76.455859375], [-89.28452148437499, 76.301611328125], [-89.40659179687499, 76.18916015625], [-91.40732421874999, 76.220068359375], [-89.277587890625, 75.795068359375], [-89.64604492187499, 75.5650390625], [-88.91669921875, 75.453955078125], [-88.644970703125, 75.658447265625], [-88.201318359375, 75.51201171875], [-87.53911132812499, 75.48486328125], [-87.25693359374999, 75.617724609375], [-85.95146484374999, 75.39501953125], [-86.06875, 75.50224609375], [-83.93198242187499, 75.8189453125], [-82.15366210937499, 75.8310546875], [-79.66020507812499, 75.44951171875], [-79.50908203124999, 75.259814453125], [-80.381982421875, 75.0341796875], [-79.40141601562499, 74.917626953125], [-80.34775390624999, 74.902978515625], [-80.14892578125, 74.795703125], [-80.277734375, 74.581591796875], [-81.940185546875, 74.472705078125], [-82.9310546875, 74.565576171875], [-83.10263671874999, 74.816552734375], [-83.52207031249999, 74.90146484375], [-83.34130859375, 74.764599609375], [-83.531884765625, 74.585693359375], [-84.425537109375, 74.50810546875], [-85.06142578125, 74.60693359375], [-88.423046875, 74.494140625], [-88.557861328125, 74.5697265625], [-88.33955078125, 74.78486328125], [-88.53496093749999, 74.83173828125], [-89.55869140624999, 74.554736328125], [-90.55327148437499, 74.612744140625], [-90.966796875, 74.715087890625], [-90.88022460937499, 74.8177734375], [-91.50834960937499, 74.65068359375], [-91.961572265625, 74.793212890625], [-92.17416992187499, 75.05107421875], [-92.076318359375, 75.12353515625], [-92.38925781249999, 75.263330078125], [-92.411083984375, 75.40625], [-92.06884765625, 75.65791015625], [-92.18510742187499, 75.846533203125], [-93.091748046875, 76.35400390625], [-95.273876953125, 76.264404296875], [-96.039697265625, 76.48671875], [-95.65097656249999, 76.58466796875], [-96.89799804687499, 76.75400390625], [-96.4015625, 76.797216796875], [-96.75830078125, 76.97177734375], [-95.84951171875, 77.0662109375], [-93.211865234375, 76.7546875]]], [[[-94.91538085937499, 78.39052734375], [-95.329248046875, 78.225048828125], [-94.93427734375, 78.075634765625], [-96.9896484375, 77.806005859375], [-97.658154296875, 78.090625], [-96.94467773437499, 78.15185546875], [-98.04951171875, 78.325927734375], [-98.317333984375, 78.47685546875], [-98.06035156249999, 78.558349609375], [-98.3408203125, 78.751220703125], [-97.38232421875, 78.78291015625], [-94.91538085937499, 78.39052734375]]], [[[-90.35458984374999, 73.86865234375], [-91.5537109375, 73.236083984375], [-91.425927734375, 73.194873046875], [-92.117919921875, 72.75380859375], [-94.211328125, 72.75693359375], [-93.77055664062499, 72.668212890625], [-93.54160156249999, 72.43701171875], [-94.14375, 72.000830078125], [-95.19296874999999, 72.02744140625], [-95.25102539062499, 72.501953125], [-95.60214843749999, 72.88447265625], [-95.63291015624999, 73.695458984375], [-94.69760742187499, 73.66357421875], [-95.13413085937499, 73.88125], [-94.97353515625, 74.04140625], [-93.170849609375, 74.160986328125], [-90.35458984374999, 73.86865234375]]], [[[-96.299951171875, 69.344384765625], [-95.7513671875, 68.89765625], [-95.2677734375, 68.82607421875], [-96.598828125, 68.46083984375], [-98.9044921875, 68.932421875], [-99.25400390624999, 68.86318359375], [-99.56406249999999, 69.034130859375], [-98.50351562499999, 69.30830078125], [-98.54599609374999, 69.572900390625], [-98.04135742187499, 69.456640625], [-98.30449218749999, 69.669287109375], [-98.08076171875, 69.833056640625], [-97.69121093749999, 69.841259765625], [-97.439453125, 69.64267578125], [-96.299951171875, 69.344384765625]]], [[[-60.865234375, 45.98349609375], [-61.059033203125, 45.703369140625], [-60.73789062499999, 45.751416015625], [-60.460595703124994, 45.968701171875], [-60.733300781249994, 45.956591796874996], [-60.29794921874999, 46.31123046875], [-59.86503906249999, 46.159521484375], [-59.828027343749994, 45.965136718749996], [-60.67294921874999, 45.5908203125], [-61.28369140625, 45.573876953124994], [-61.44980468749999, 45.716210937499994], [-61.408642578125, 46.170361328125], [-60.48906249999999, 47.009716796875], [-60.33173828125, 46.767822265625], [-60.494531249999994, 46.270263671875], [-61.10517578125, 45.944726562499994], [-60.865234375, 45.98349609375]]], [[[-67.366943359375, 45.173779296875], [-67.43266601562499, 45.603125], [-67.80224609375, 45.7275390625], [-67.806787109375, 47.082812499999996], [-68.235498046875, 47.345947265625], [-68.93720703125, 47.211230468749996], [-69.24287109375, 47.46298828125], [-70.00771484375, 46.708935546875], [-70.29624023437499, 45.906103515625], [-70.86503906249999, 45.270703125], [-71.327294921875, 45.290087890624996], [-71.517529296875, 45.007568359375], [-74.70888671875002, 45.003857421875125], [-73.55810546875, 45.425097656249996], [-73.1595703125, 46.010058593749996], [-72.10927734375, 46.551220703125], [-71.261181640625, 46.756249999999994], [-70.519482421875, 47.032519531249996], [-68.815673828125, 48.366015624999996], [-66.598095703125, 49.126367187499994], [-65.523388671875, 49.266162109374996], [-64.56772460937499, 49.104785156249996], [-64.2162109375, 48.8736328125], [-64.51372070312499, 48.841113281249996], [-64.25375976562499, 48.550390625], [-65.259423828125, 48.021240234375], [-65.926708984375, 48.188867187499994], [-66.70439453124999, 48.0224609375], [-65.84941406249999, 47.911035156249994], [-65.60722656249999, 47.67001953125], [-65.00166015625, 47.846826171874994], [-64.70322265624999, 47.724853515625], [-64.91220703124999, 47.36865234375], [-65.31889648437499, 47.101220703124994], [-64.83139648437499, 47.060791015625], [-64.90576171875, 46.887939453125], [-64.54150390625, 46.24033203125], [-63.915917968749994, 46.165820312499996], [-63.831933593749994, 46.107177734375], [-64.056396484375, 46.021337890625], [-63.29277343749999, 45.751953125], [-62.70068359375, 45.740576171875], [-62.75009765624999, 45.648242187499996], [-61.955517578125, 45.8681640625], [-61.776513671874994, 45.655615234375], [-61.350488281249994, 45.573681640625], [-61.281982421875, 45.441064453124994], [-61.46098632812499, 45.36669921875], [-61.03154296874999, 45.291748046875], [-63.306298828124994, 44.642578125], [-63.60400390625, 44.683203125], [-63.609765624999994, 44.47998046875], [-63.99970703125, 44.644921874999994], [-64.10087890624999, 44.487451171874994], [-64.286083984375, 44.550341796874996], [-64.27568359374999, 44.33408203125], [-65.481689453125, 43.51806640625], [-66.125732421875, 43.813818359375], [-66.19306640625, 44.143847656249996], [-65.86801757812499, 44.568798828125], [-66.09062499999999, 44.504931640624996], [-64.44814453125, 45.337451171874996], [-64.135498046875, 45.023046875], [-64.0931640625, 45.217089843749996], [-63.36801757812499, 45.364794921874996], [-64.87314453124999, 45.35458984375], [-64.3146484375, 45.835693359375], [-64.63271484375, 45.946630859375], [-64.778515625, 45.638427734375], [-65.88447265625, 45.222900390625], [-66.109765625, 45.3166015625], [-66.0265625, 45.417578125], [-66.43984375, 45.0958984375], [-67.366943359375, 45.173779296875]]], [[[-56.03110351562499, 51.328369140625], [-55.8, 51.03330078125], [-56.732324218749994, 50.007714843749994], [-56.822167968749994, 49.6134765625], [-56.17939453125, 50.114990234375], [-56.161279296874994, 49.94013671875], [-55.5029296875, 49.983154296875], [-56.14018554687499, 49.619140625], [-55.86982421875, 49.670166015625], [-56.087304687499994, 49.451953124999996], [-55.375927734375, 49.48974609375], [-55.34384765624999, 49.372900390625], [-55.22954101562499, 49.508154296875], [-55.353173828124994, 49.079443359375], [-54.502197265625, 49.52734375], [-54.4482421875, 49.329443359375], [-53.95771484375, 49.441845703125], [-53.61943359374999, 49.321630859375], [-53.5734375, 49.1412109375], [-54.161279296874994, 48.7876953125], [-53.85288085937499, 48.811328124999996], [-53.966015625, 48.706689453124994], [-53.70634765624999, 48.655517578125], [-54.114453125, 48.393603515624996], [-53.027587890625, 48.634716796875], [-53.1357421875, 48.40185546875], [-53.869580078125, 48.019677734374994], [-53.63823242187499, 48.0146484375], [-53.863671874999994, 47.787011718749994], [-53.67236328125, 47.648242187499996], [-53.28271484375, 47.997851562499996], [-52.86601562499999, 48.11298828125], [-53.169824218749994, 47.512109374999994], [-52.782421875, 47.769433593749994], [-52.65366210937499, 47.5494140625], [-53.069775390625, 46.68125], [-53.589794921875, 46.6388671875], [-53.59736328125, 47.14599609375], [-54.00957031249999, 46.839599609375], [-54.173730468749994, 46.88037109375], [-53.849511718749994, 47.440332031249994], [-54.191845703125, 47.859814453125], [-54.48813476562499, 47.403857421874996], [-54.47392578124999, 47.5470703125], [-54.856640625, 47.385009765625], [-55.31572265624999, 46.905712890625], [-55.788525390625, 46.867236328124996], [-55.91923828124999, 47.016894531249996], [-54.784619140625, 47.66474609375], [-55.36630859374999, 47.661083984375], [-55.576123046875, 47.465234374999994], [-56.12724609374999, 47.502832031249994], [-55.867089843749994, 47.592333984374996], [-55.85791015625, 47.819189453125], [-56.77412109375, 47.564990234374996], [-58.336865234375, 47.730859374999994], [-59.259765625, 47.634179687499994], [-59.34086914062499, 47.933642578124996], [-58.330224609374994, 48.522119140624994], [-59.16767578125, 48.558496093749994], [-58.841796875, 48.746435546875], [-58.9064453125, 48.650195312499996], [-58.716455078124994, 48.598046874999994], [-58.40366210937499, 49.084326171875], [-57.99052734374999, 48.987939453124994], [-58.09892578124999, 49.077441406249996], [-57.98007812499999, 49.229638671874994], [-58.21337890625, 49.386669921875], [-58.0158203125, 49.54248046875], [-57.79130859374999, 49.489990234375], [-57.926171874999994, 49.700830078124994], [-57.4326171875, 50.505810546875], [-57.179589843749994, 50.61484375], [-57.297998046874994, 50.69873046875], [-57.03593749999999, 51.01083984375], [-56.68242187499999, 51.332763671875], [-56.0255859375, 51.568359375], [-55.458740234375, 51.536523437499994], [-56.03110351562499, 51.328369140625]]], [[[-85.64384765624999, 71.15244140625], [-84.82373046875, 71.02861328125], [-84.6994140625, 71.6314453125], [-85.3390625, 71.697265625], [-85.91162109375, 71.9865234375], [-85.32187499999999, 72.233154296875], [-84.28374023437499, 72.044482421875], [-84.8419921875, 72.308154296875], [-84.623046875, 72.3765625], [-85.34111328124999, 72.421533203125], [-85.64990234375, 72.72216796875], [-85.262109375, 72.95400390625], [-84.25664062499999, 72.796728515625], [-85.454736328125, 73.10546875], [-84.41606445312499, 73.456494140625], [-83.781884765625, 73.41689453125], [-83.904052734375, 73.5283203125], [-83.4103515625, 73.631689453125], [-81.60537109375, 73.69599609375], [-81.1517578125, 73.314013671875], [-80.603466796875, 73.12119140625], [-80.59189453124999, 72.927685546875], [-80.27724609375, 72.770166015625], [-81.22934570312499, 72.31171875], [-80.611474609375, 72.450830078125], [-80.94121093749999, 72.21015625], [-80.69140625, 72.103466796875], [-80.92109375, 72.072314453125], [-80.92514648437499, 71.907666015625], [-80.18193359374999, 72.2087890625], [-79.88437499999999, 72.177197265625], [-80.10893554687499, 72.332177734375], [-79.831298828125, 72.4462890625], [-79.000244140625, 72.272021484375], [-79.0078125, 72.042919921875], [-78.585107421875, 71.880615234375], [-78.862744140625, 72.100830078125], [-78.69926757812499, 72.351416015625], [-77.51650390625, 72.177783203125], [-78.28720703124999, 72.359814453125], [-78.48427734375, 72.47060546875], [-78.42241210937499, 72.571533203125], [-76.893505859375, 72.720654296875], [-75.704296875, 72.571533203125], [-75.071484375, 72.3228515625], [-75.922802734375, 71.717236328125], [-75.14765625, 72.06298828125], [-74.266357421875, 72.0376953125], [-74.31572265624999, 71.84267578125], [-75.20478515625, 71.709130859375], [-74.70078124999999, 71.6755859375], [-74.99619140624999, 71.218115234375], [-74.48808593749999, 71.648388671875], [-73.8666015625, 71.771044921875], [-73.71357421875, 71.719873046875], [-74.197265625, 71.404150390625], [-73.712841796875, 71.58759765625], [-73.180615234375, 71.282861328125], [-73.27822265625, 71.53798828125], [-72.90195312499999, 71.677783203125], [-71.64067382812499, 71.516259765625], [-71.1865234375, 71.2787109375], [-72.63271484375, 70.83076171875], [-71.74252929687499, 71.046875], [-70.67265624999999, 71.052197265625], [-70.76171875, 70.792236328125], [-71.89018554687499, 70.43154296875], [-71.27587890625, 70.50029296875], [-71.429443359375, 70.127783203125], [-70.97978515624999, 70.5810546875], [-70.084716796875, 70.829541015625], [-68.495751953125, 70.61025390625], [-68.35825195312499, 70.522900390625], [-68.482568359375, 70.41484375], [-70.05771484374999, 70.042626953125], [-68.77822265625, 70.203564453125], [-69.00830078125, 69.978955078125], [-68.74404296875, 69.94140625], [-68.2306640625, 70.11220703125], [-68.32719726562499, 70.18017578125], [-68.12065429687499, 70.314599609375], [-67.85532226562499, 70.281787109375], [-67.363671875, 70.034423828125], [-67.1927734375, 69.7568359375], [-68.02041015625, 69.770068359375], [-69.25078124999999, 69.5119140625], [-67.36093749999999, 69.472509765625], [-66.67626953125, 69.258447265625], [-66.802880859375, 69.152734375], [-67.9384765625, 69.24814453125], [-69.04062499999999, 69.097998046875], [-68.41552734375, 69.1720703125], [-67.751708984375, 69.038671875], [-67.883203125, 68.783984375], [-69.319091796875, 68.856982421875], [-68.210400390625, 68.702978515625], [-67.9384765625, 68.524169921875], [-66.71391601562499, 68.445703125], [-67.032958984375, 68.32607421875], [-66.83095703125, 68.215625], [-66.923095703125, 68.06572265625], [-66.66269531249999, 68.034423828125], [-66.63095703124999, 68.21064453125], [-66.21240234375, 68.280419921875], [-66.52646484374999, 67.851171875], [-65.9423828125, 68.070947265625], [-65.86435546874999, 67.9228515625], [-65.50908203124999, 67.96826171875], [-65.40126953125, 67.674853515625], [-65.41533203124999, 67.879248046875], [-64.97690429687499, 68.043408203125], [-64.83544921875, 67.989990234375], [-65.02109374999999, 67.787548828125], [-64.63779296874999, 67.840234375], [-63.85019531249999, 67.566064453125], [-64.07749023437499, 67.49560546875], [-64.007958984375, 67.347314453125], [-64.699951171875, 67.350537109375], [-64.5892578125, 67.31552734375], [-63.83623046874999, 67.264111328125], [-63.59160156249999, 67.3775390625], [-63.04013671874999, 67.235009765625], [-63.701562499999994, 66.82236328125], [-62.37973632812499, 66.90537109375], [-62.12358398437499, 67.046728515625], [-61.299707031249994, 66.64873046875], [-62.12333984374999, 66.64306640625], [-61.576416015625, 66.4125], [-61.862695312499994, 66.312841796875], [-62.553124999999994, 66.4068359375], [-62.405664062499994, 66.31591796875], [-62.533593749999994, 66.227001953125], [-61.991601562499994, 66.035302734375], [-62.62412109374999, 66.016259765625], [-62.381982421874994, 65.83330078125], [-62.65888671875, 65.63994140625], [-63.1689453125, 65.65732421875], [-63.458740234375, 65.85302734375], [-63.4208984375, 65.70859375], [-63.65107421875, 65.660986328125], [-63.33745117187499, 65.616748046875], [-63.36337890624999, 65.229736328125], [-63.606591796874994, 64.928076171875], [-64.345703125, 65.172412109375], [-64.269677734375, 65.40078125], [-64.555078125, 65.1166015625], [-65.401611328125, 65.764013671875], [-64.44536132812499, 66.317138671875], [-65.00449218749999, 66.077734375], [-65.82573242187499, 65.996923828125], [-65.65634765624999, 66.204736328125], [-66.063720703125, 66.13271484375], [-66.986328125, 66.627490234375], [-67.30732421875, 66.5697265625], [-67.22539062499999, 66.31025390625], [-67.88339843749999, 66.467431640625], [-67.18320312499999, 66.034423828125], [-67.35043945312499, 65.929736328125], [-68.459912109375, 66.249267578125], [-68.74892578125, 66.200048828125], [-68.2171875, 66.078857421875], [-68.18671875, 65.87099609375], [-67.866455078125, 65.773681640625], [-67.936767578125, 65.564892578125], [-67.56962890624999, 65.6435546875], [-67.11796874999999, 65.440380859375], [-67.33652343749999, 65.34658203125], [-66.83090820312499, 65.074169921875], [-66.697412109375, 64.815185546875], [-66.635498046875, 65.000341796875], [-66.22373046874999, 64.8541015625], [-66.21464843749999, 64.722412109375], [-65.93852539062499, 64.8857421875], [-65.43193359374999, 64.726416015625], [-65.2748046875, 64.63154296875], [-65.52934570312499, 64.50478515625], [-65.074609375, 64.436669921875], [-65.580322265625, 64.29384765625], [-65.169873046875, 64.028173828125], [-64.678466796875, 64.027978515625], [-64.79814453124999, 63.915966796875], [-64.41093749999999, 63.70634765625], [-64.56157226562499, 63.6796875], [-64.51435546875, 63.26396484375], [-64.66464843749999, 63.245361328125], [-65.191845703125, 63.7642578125], [-65.06894531249999, 63.2634765625], [-64.67236328125, 62.92197265625], [-65.16279296875, 62.9326171875], [-65.10849609374999, 62.62646484375], [-66.2240234375, 63.107177734375], [-66.228662109375, 62.990966796875], [-66.414453125, 63.027197265625], [-66.65498046875, 63.26474609375], [-66.6974609375, 63.06953125], [-67.89326171875, 63.733740234375], [-67.72255859375, 63.422753906249994], [-68.49374999999999, 63.725488281249994], [-68.911083984375, 63.70322265625], [-68.141259765625, 63.172314453125], [-67.6759765625, 63.0935546875], [-67.736962890625, 63.0095703125], [-65.98017578125, 62.208886718749994], [-66.13315429687499, 62.102392578125], [-66.05888671874999, 61.9138671875], [-66.32373046875, 61.870263671874994], [-68.63364257812499, 62.281298828125], [-69.604736328125, 62.767724609374994], [-70.23613281249999, 62.76337890625], [-71.10576171874999, 63.00224609375], [-70.946044921875, 63.120703125], [-71.34726562499999, 63.06611328125], [-71.99223632812499, 63.416162109374994], [-71.380859375, 63.580322265625], [-72.29013671874999, 63.727978515625], [-72.174267578125, 63.893408203125], [-72.4984375, 63.823486328125], [-73.454541015625, 64.399267578125], [-73.27128906249999, 64.58251953125], [-73.9103515625, 64.578125], [-74.06479492187499, 64.424658203125], [-74.13046874999999, 64.6078125], [-74.681396484375, 64.8306640625], [-74.91943359375, 64.76552734375], [-74.6947265625, 64.49658203125], [-75.7150390625, 64.524365234375], [-75.76669921874999, 64.391943359375], [-76.85615234375, 64.237646484375], [-77.791162109375, 64.36708984375], [-78.174560546875, 64.617724609375], [-78.05527343749999, 64.98291015625], [-77.36088867187499, 65.196533203125], [-77.460400390625, 65.355908203125], [-77.32670898437499, 65.453125], [-75.8283203125, 65.22705078125], [-75.519921875, 65.056005859375], [-75.589111328125, 64.905029296875], [-75.452099609375, 64.8416015625], [-75.35712890625, 65.008740234375], [-75.79868164062499, 65.297509765625], [-73.55078125, 65.48525390625], [-73.74609375, 65.76669921875], [-74.41640625, 66.16708984375], [-73.03325195312499, 66.728173828125], [-72.788818359375, 67.030615234375], [-72.22001953124999, 67.254296875], [-73.28447265624999, 68.356982421875], [-73.8205078125, 68.362939453125], [-73.8515625, 68.7013671875], [-74.11796874999999, 68.700927734375], [-73.9892578125, 68.5486328125], [-74.42241210937499, 68.579931640625], [-74.910400390625, 68.82314453125], [-74.74326171874999, 68.91337890625], [-74.95400390625, 68.961083984375], [-74.71669921875, 69.0455078125], [-74.8548828125, 69.0658203125], [-76.58505859374999, 68.69873046875], [-76.55722656249999, 69.00947265625], [-75.95371093749999, 69.030810546875], [-75.64775390624999, 69.212548828125], [-76.52036132812499, 69.5166015625], [-76.23408203125, 69.662109375], [-77.08994140624999, 69.635107421875], [-76.85859375, 69.775390625], [-77.59165039062499, 69.84560546875], [-77.77402343749999, 70.238525390625], [-78.28281249999999, 70.229150390625], [-79.06640625, 70.603564453125], [-79.405224609375, 70.400732421875], [-78.809814453125, 70.178564453125], [-78.818798828125, 70.01044921875], [-79.09287109374999, 69.925341796875], [-81.65195312499999, 70.09462890625], [-81.02373046874999, 69.9], [-80.92172851562499, 69.730908203125], [-81.564697265625, 69.942724609375], [-82.29384765625, 69.8369140625], [-83.14995117187499, 70.00908203125], [-85.780029296875, 70.036669921875], [-86.322021484375, 70.14541015625], [-86.49980468749999, 70.350390625], [-86.396875, 70.46533203125], [-87.90068359374999, 70.251904296875], [-88.84843749999999, 70.522900390625], [-89.45590820312499, 71.06171875], [-87.140087890625, 71.01162109375], [-89.693310546875, 71.423486328125], [-90.02519531249999, 71.948779296875], [-89.663818359375, 72.157958984375], [-89.85869140624999, 72.24833984375], [-89.816845703125, 72.467724609375], [-89.35771484374999, 72.804150390625], [-89.225341796875, 73.108056640625], [-88.70517578124999, 73.403271484375], [-86.76875, 73.833984375], [-85.00932617187499, 73.77861328125], [-86.08647460937499, 73.26025390625], [-86.66777343749999, 72.762548828125], [-86.32255859374999, 72.46083984375], [-86.21845703125, 71.89912109375], [-85.023388671875, 71.35322265625], [-86.58935546875, 71.010791015625], [-85.64384765624999, 71.15244140625]]], [[[-63.04150390625, 49.224951171875], [-64.48520507812499, 49.886962890625], [-62.858544921874994, 49.705468749999994], [-61.69614257812499, 49.139013671875], [-63.04150390625, 49.224951171875]]], [[[-63.68144531249999, 46.561914062499994], [-62.02373046874999, 46.42158203125], [-62.52607421875, 46.202880859375], [-62.47807617187499, 45.99970703125], [-62.8048828125, 45.973193359374996], [-63.02207031249999, 46.0666015625], [-62.89453125, 46.123583984374996], [-63.05634765625, 46.223925781249996], [-62.978466796875, 46.316357421875], [-63.21347656249999, 46.15986328125], [-63.56889648437499, 46.209228515625], [-64.40312499999999, 46.6916015625], [-63.993554687499994, 47.061572265624996], [-64.087890625, 46.775439453124996], [-63.811279296875, 46.468701171875], [-63.68144531249999, 46.561914062499994]]], [[[-82.113720703125, 62.652246093749994], [-83.0158203125, 62.209912109375], [-83.698876953125, 62.16025390625], [-83.91240234374999, 62.425537109375], [-83.376416015625, 62.904931640624994], [-82.00048828125, 62.95419921875], [-82.113720703125, 62.652246093749994]]], [[[-79.27202148437499, 62.185986328125], [-79.66874999999999, 61.644433593749994], [-80.26518554687499, 61.818212890625], [-80.26005859374999, 62.109033203124994], [-80.02158203124999, 62.34296875], [-79.5453125, 62.41171875], [-79.27202148437499, 62.185986328125]]], [[[-75.078125, 68.17314453125], [-75.20195312499999, 67.4591796875], [-76.69394531249999, 67.23583984375], [-77.0048828125, 67.266943359375], [-77.22421874999999, 67.508203125], [-77.22856445312499, 67.85009765625], [-76.740234375, 68.23125], [-75.67587890624999, 68.322509765625], [-75.078125, 68.17314453125]]], [[[-77.20654296875, 73.499560546875], [-76.089990234375, 72.881201171875], [-79.50053710937499, 72.75595703125], [-79.93686523437499, 72.863623046875], [-80.18330078125, 73.224658203125], [-80.77641601562499, 73.3341796875], [-80.8607421875, 73.670556640625], [-80.4123046875, 73.7654296875], [-77.20654296875, 73.499560546875]]], [[[-81.09658203125, 52.7798828125], [-82.0392578125, 53.04990234375], [-81.847314453125, 53.186279296875], [-81.13559570312499, 53.205810546875], [-80.731689453125, 52.747265625], [-81.09658203125, 52.7798828125]]], [[[-78.913818359375, 56.1328125], [-78.66874999999999, 56.438623046875], [-78.672802734375, 56.260498046875], [-78.913818359375, 56.1328125]]], [[[-79.17548828125, 55.885058593749996], [-79.18212890625, 56.212158203125], [-79.4951171875, 55.874755859375], [-79.76474609374999, 55.806787109375], [-79.54472656249999, 56.128369140625], [-80.008251953125, 55.91103515625], [-79.45888671875, 56.53974609375], [-79.536328125, 56.180078125], [-79.272412109375, 56.600439453125], [-78.93559570312499, 56.266064453125], [-79.17548828125, 55.885058593749996]]], [[[-80.0888671875, 56.2138671875], [-79.579736328125, 56.466357421874996], [-79.687939453125, 56.326806640625], [-80.0888671875, 56.2138671875]]], [[[-90.228271484375, 77.212451171875], [-90.99321289062499, 77.3294921875], [-91.18266601562499, 77.557177734375], [-90.17192382812499, 77.594677734375], [-89.719482421875, 77.442138671875], [-89.71201171874999, 77.310400390625], [-90.228271484375, 77.212451171875]]], [[[-105.215087890625, 77.182080078125], [-106.06611328125, 77.725390625], [-105.28964843749999, 77.64208984375], [-104.542236328125, 77.337744140625], [-104.558154296875, 77.141748046875], [-105.215087890625, 77.182080078125]]], [[[-98.789794921875, 79.785400390625], [-98.94521484375, 79.724072265625], [-100.12602539062499, 80.00126953125], [-99.731201171875, 80.144091796875], [-98.79160156249999, 79.981103515625], [-98.789794921875, 79.785400390625]]], [[[-106.18002929687499, 73.3041015625], [-106.949658203125, 73.5103515625], [-106.61396484375, 73.69560546875], [-105.51230468749999, 73.765771484375], [-104.58749999999999, 73.578076171875], [-104.621728515625, 73.3111328125], [-105.28891601562499, 72.919921875], [-106.18002929687499, 73.3041015625]]], [[[-102.0080078125, 75.939404296875], [-103.31474609375, 75.764208984375], [-103.04150390625, 75.91884765625], [-103.769775390625, 75.8923828125], [-103.98525390625, 75.93310546875], [-103.80078125, 76.03701171875], [-104.4060546875, 76.10849609375], [-102.72802734375, 76.30703125], [-102.0080078125, 75.939404296875]]], [[[-103.72275390624999, 76.60107421875], [-103.03354492187499, 76.431494140625], [-104.35751953124999, 76.334619140625], [-104.60302734375, 76.58271484375], [-103.72275390624999, 76.60107421875]]], [[[-118.817138671875, 75.522119140625], [-119.39458007812499, 75.617333984375], [-117.51259765625, 76.0994140625], [-118.328125, 75.5796875], [-118.817138671875, 75.522119140625]]], [[[-114.608349609375, 77.7693359375], [-115.029345703125, 77.967529296875], [-114.33037109375, 78.0775390625], [-113.617919921875, 77.832421875], [-114.608349609375, 77.7693359375]]], [[[-130.9068359375, 54.631787109375], [-130.7580078125, 54.61376953125], [-130.76337890625, 54.576708984374996], [-130.9271484375, 54.479052734374996], [-130.9068359375, 54.631787109375]]], [[[-131.10341796875, 52.0138671875], [-131.098095703125, 52.150634765625], [-131.01064453125, 52.095263671874996], [-131.10341796875, 52.0138671875]]], [[[-130.384228515625, 53.8439453125], [-130.707275390625, 53.921484375], [-130.447998046875, 54.089013671875], [-130.236279296875, 53.958544921874996], [-130.384228515625, 53.8439453125]]], [[[-129.934375, 53.17666015625], [-130.517578125, 53.544238281249996], [-130.39482421875, 53.620410156249996], [-129.754833984375, 53.244775390625], [-129.934375, 53.17666015625]]], [[[-130.312548828125, 54.945947265625], [-130.2140625, 55.02587890625], [-130.3494140625, 54.81455078125], [-130.575341796875, 54.769677734375], [-130.312548828125, 54.945947265625]]], [[[-128.509912109375, 52.518603515624996], [-128.678955078125, 52.2896484375], [-128.746337890625, 52.76337890625], [-128.8998046875, 52.673828125], [-129.184326171875, 52.990673828125], [-129.033251953125, 53.279931640625], [-128.632666015625, 53.1125], [-128.509912109375, 52.518603515624996]]], [[[-126.06401367187499, 49.263623046875], [-126.229638671875, 49.295654296875], [-126.20854492187499, 49.379785156249994], [-126.06401367187499, 49.263623046875]]], [[[-124.3623046875, 49.588183593749996], [-124.649853515625, 49.758349609374996], [-124.421484375, 49.727783203125], [-124.153662109375, 49.531152343749994], [-124.3623046875, 49.588183593749996]]], [[[-126.93857421875, 49.71845703125], [-126.92583007812499, 49.837744140625], [-126.738134765625, 49.843652343749994], [-126.6412109375, 49.605810546875], [-126.93857421875, 49.71845703125]]], [[[-125.19511718749999, 50.044335937499994], [-125.35844726562499, 50.3115234375], [-125.301171875, 50.4140625], [-125.09140625, 50.2677734375], [-125.19511718749999, 50.044335937499994]]], [[[-128.968701171875, 52.4642578125], [-129.263525390625, 52.80078125], [-128.993994140625, 52.66171875], [-128.968701171875, 52.4642578125]]], [[[-128.091796875, 51.511132812499994], [-128.1423828125, 51.64658203125], [-127.998681640625, 51.70380859375], [-127.924658203125, 51.473876953125], [-128.091796875, 51.511132812499994]]], [[[-128.439794921875, 52.69638671875], [-128.247265625, 52.784375], [-128.36875, 52.40087890625], [-128.439794921875, 52.69638671875]]], [[[-129.409716796875, 53.023730468749996], [-129.51474609375, 53.17939453125], [-129.450732421875, 53.17470703125], [-129.313720703125, 52.9921875], [-129.409716796875, 53.023730468749996]]], [[[-129.323876953125, 53.142138671874996], [-129.23818359375, 53.330078125], [-129.177001953125, 53.259130859375], [-129.167724609375, 53.11787109375], [-129.323876953125, 53.142138671874996]]], [[[-123.517529296875, 48.750146484374994], [-123.58232421874999, 48.92578125], [-123.46787109375, 48.8673828125], [-123.517529296875, 48.750146484374994]]], [[[-60.037744140624994, 43.906640624999994], [-60.11748046874999, 43.953369140625], [-59.72714843749999, 44.002832031249994], [-60.037744140624994, 43.906640624999994]]], [[[-61.002880859375, 45.481738281249996], [-61.08173828125, 45.5578125], [-60.91245117187499, 45.567285156249994], [-61.002880859375, 45.481738281249996]]], [[[-61.77255859374999, 47.259814453124996], [-62.00830078125, 47.234277343749994], [-61.924707031249994, 47.425146484375], [-61.3955078125, 47.637646484375], [-61.91411132812499, 47.284521484375], [-61.77255859374999, 47.259814453124996]]], [[[-64.53388671875, 47.813769531249996], [-64.6845703125, 47.75361328125], [-64.66328125, 47.863037109375], [-64.53388671875, 47.813769531249996]]], [[[-64.59130859375, 47.9072265625], [-64.5001953125, 48.01376953125], [-64.47607421875, 47.958886718749994], [-64.59130859375, 47.9072265625]]], [[[-66.32412109375, 44.25732421875], [-66.2103515625, 44.392041015625], [-66.27377929687499, 44.292285156249996], [-66.32412109375, 44.25732421875]]], [[[-66.89707031249999, 44.62890625], [-66.8021484375, 44.80537109375], [-66.76249999999999, 44.681787109374994], [-66.89707031249999, 44.62890625]]], [[[-73.6435546875, 45.449121093749994], [-73.96054687499999, 45.44140625], [-73.687451171875, 45.561425781249994], [-73.47607421875, 45.704736328124994], [-73.6435546875, 45.449121093749994]]], [[[-73.85771484374999, 45.573583984375], [-73.57236328124999, 45.694482421874994], [-73.6953125, 45.585498046874996], [-73.85771484374999, 45.573583984375]]], [[[-71.116650390625, 46.86484375], [-70.82578124999999, 46.995361328125], [-70.9134765625, 46.91953125], [-71.116650390625, 46.86484375]]], [[[-55.63388671874999, 50.740185546875], [-55.46928710937499, 50.79638671875], [-55.47275390624999, 50.775927734374996], [-55.63388671874999, 50.740185546875]]], [[[-54.786523437499994, 49.496142578124996], [-54.86357421874999, 49.576074218749994], [-54.55917968749999, 49.631494140624994], [-54.786523437499994, 49.496142578124996]]], [[[-55.399804687499994, 51.9384765625], [-55.274072265624994, 51.995166015624996], [-55.29355468749999, 51.929980468749996], [-55.399804687499994, 51.9384765625]]], [[[-53.9806640625, 49.661962890625], [-54.2861328125, 49.595361328124994], [-54.27763671874999, 49.711474609374996], [-53.9806640625, 49.661962890625]]], [[[-54.32597656249999, 47.408105468749994], [-54.128173828125, 47.646826171875], [-54.14755859374999, 47.573095703125], [-54.32597656249999, 47.408105468749994]]], [[[-64.51533203125, 62.551806640625], [-64.41806640624999, 62.48740234375], [-64.956494140625, 62.458349609375], [-64.51533203125, 62.551806640625]]], [[[-68.365234375, 60.254052734374994], [-68.14189453124999, 60.56201171875], [-67.81884765625, 60.44951171875], [-68.365234375, 60.254052734374994]]], [[[-70.766064453125, 62.596875], [-71.2201171875, 62.873925781249994], [-70.442626953125, 62.733789062499994], [-70.26884765624999, 62.578076171875], [-70.766064453125, 62.596875]]], [[[-65.39389648437499, 61.562841796875], [-65.43212890625, 61.64951171875], [-64.78964843749999, 61.66220703125], [-64.669580078125, 61.593017578125], [-64.83261718749999, 61.366064453125], [-65.39389648437499, 61.562841796875]]], [[[-64.96054687499999, 61.8716796875], [-64.8470703125, 61.7615234375], [-65.16591796875, 61.79765625], [-65.125634765625, 61.942236328125], [-64.96054687499999, 61.8716796875]]], [[[-69.220849609375, 58.967578125], [-69.35283203124999, 58.9607421875], [-69.30322265625, 59.144873046875], [-69.220849609375, 58.967578125]]], [[[-64.737939453125, 60.375634765624994], [-64.83642578125, 60.501025390625], [-64.64628906249999, 60.514599609375], [-64.40703124999999, 60.367089843749994], [-64.737939453125, 60.375634765624994]]], [[[-60.98271484374999, 56.01513671875], [-61.19584960937499, 56.063916015625], [-61.0869140625, 56.1408203125], [-60.98271484374999, 56.01513671875]]], [[[-61.63749999999999, 57.416064453124996], [-62.01123046875, 57.548486328125], [-61.84833984375, 57.579345703125], [-61.63749999999999, 57.416064453124996]]], [[[-68.20234375, 69.580419921875], [-68.22138671875, 69.616748046875], [-67.75458984375, 69.6314453125], [-68.20234375, 69.580419921875]]], [[[-62.87163085937499, 67.06259765625], [-62.39633789062499, 67.1783203125], [-62.681542968749994, 67.056298828125], [-62.87163085937499, 67.06259765625]]], [[[-79.0517578125, 75.8669921875], [-79.69873046875, 75.883251953125], [-79.00932617187499, 76.1458984375], [-78.845166015625, 76.106298828125], [-79.0517578125, 75.8669921875]]], [[[-79.94365234374999, 56.7767578125], [-79.89814453125, 56.865283203124996], [-79.82666015625, 56.843115234375], [-79.94365234374999, 56.7767578125]]], [[[-79.80844726562499, 57.442431640624996], [-79.83823242187499, 57.4830078125], [-79.742578125, 57.607958984374996], [-79.80844726562499, 57.442431640624996]]], [[[-79.577392578125, 56.644921875], [-79.57011718749999, 56.795703124999996], [-79.49106445312499, 56.74267578125], [-79.577392578125, 56.644921875]]], [[[-80.0041015625, 53.280078124999996], [-80.07402343749999, 53.344287109374996], [-79.974560546875, 53.35224609375], [-80.0041015625, 53.280078124999996]]], [[[-79.52060546874999, 51.952929687499996], [-79.64375, 52.010058593749996], [-79.27128906249999, 52.08681640625], [-79.52060546874999, 51.952929687499996]]], [[[-123.541015625, 48.945947265624994], [-123.68925781249999, 49.095117187499994], [-123.3779296875, 48.908251953124996], [-123.541015625, 48.945947265624994]]], [[[-125.0259765625, 50.134082031249996], [-124.9908203125, 50.217138671875], [-124.907470703125, 50.083984375], [-125.0259765625, 50.134082031249996]]], [[[-74.480712890625, 67.8048828125], [-74.749267578125, 68.01845703125], [-73.43525390625, 67.97001953125], [-73.407177734375, 67.79306640625], [-74.480712890625, 67.8048828125]]], [[[-77.70371093749999, 63.430859375], [-77.53271484375, 63.233642578125], [-77.94243164062499, 63.114404296874994], [-78.536767578125, 63.423730468749994], [-77.70371093749999, 63.430859375]]], [[[-94.75146484375, 75.769677734375], [-94.90122070312499, 75.93076171875], [-94.498681640625, 75.9921875], [-94.2962890625, 75.7880859375], [-94.75146484375, 75.769677734375]]], [[[-80.298974609375, 59.674169921875], [-80.167236328125, 59.708886718749994], [-80.183056640625, 59.683496093749994], [-80.298974609375, 59.674169921875]]], [[[-80.16708984374999, 59.7638671875], [-80.041162109375, 59.870166015625], [-79.8986328125, 59.853125], [-80.16708984374999, 59.7638671875]]], [[[-97.0927734375, 72.996923828125], [-97.06923828125, 73.13017578125], [-96.59848632812499, 73.073828125], [-96.78232421874999, 72.93662109375], [-97.0927734375, 72.996923828125]]], [[[-97.65610351562499, 74.465673828125], [-97.75, 74.510546875], [-97.41650390625, 74.6265625], [-97.29130859374999, 74.5763671875], [-97.65610351562499, 74.465673828125]]], [[[-98.97392578124999, 73.812060546875], [-99.4169921875, 73.89541015625], [-97.659130859375, 74.071630859375], [-98.97392578124999, 73.812060546875]]], [[[-90.29545898437499, 69.2578125], [-90.49204101562499, 69.369873046875], [-90.19980468749999, 69.419091796875], [-90.29545898437499, 69.2578125]]], [[[-90.5744140625, 69.209423828125], [-90.76567382812499, 69.335986328125], [-90.59970703124999, 69.367822265625], [-90.5744140625, 69.209423828125]]], [[[-74.25351562499999, 62.621972656249994], [-74.62646484375, 62.712744140625], [-74.10893554687499, 62.680322265624994], [-74.000439453125, 62.618408203125], [-74.25351562499999, 62.621972656249994]]], [[[-75.31015624999999, 68.474462890625], [-75.39619140625, 68.588818359375], [-74.983642578125, 68.647607421875], [-74.7982421875, 68.457958984375], [-74.880859375, 68.348681640625], [-75.31015624999999, 68.474462890625]]], [[[-78.668896484375, 60.71689453125], [-78.24169921875, 60.81865234375], [-78.27885742187499, 60.78388671875], [-78.668896484375, 60.71689453125]]], [[[-79.1740234375, 68.2349609375], [-79.153466796875, 68.33525390625], [-78.828515625, 68.2681640625], [-79.1740234375, 68.2349609375]]], [[[-76.921875, 63.40634765625], [-77.36474609375, 63.588330078125], [-77.13369140625, 63.682031249999994], [-76.65244140624999, 63.503564453124994], [-76.921875, 63.40634765625]]], [[[-79.55283203124999, 69.630859375], [-80.047509765625, 69.634326171875], [-79.97783203124999, 69.50966796875], [-80.79477539062499, 69.6892578125], [-79.4306640625, 69.78779296875], [-79.55283203124999, 69.630859375]]], [[[-78.039990234375, 69.6083984375], [-78.84819335937499, 69.4828125], [-78.578564453125, 69.638818359375], [-78.02910156249999, 69.714892578125], [-78.039990234375, 69.6083984375]]], [[[-77.7140625, 63.945703124999994], [-77.965966796875, 63.992919921875], [-77.563623046875, 64.0220703125], [-77.7140625, 63.945703124999994]]], [[[-82.94814453125, 66.271923828125], [-82.93134765625, 66.25732421875], [-83.05986328124999, 66.199267578125], [-83.23784179687499, 66.33154296875], [-82.94814453125, 66.271923828125]]], [[[-79.40576171875, 68.923046875], [-78.65019531249999, 69.351220703125], [-78.228955078125, 69.30400390625], [-79.21064453125, 68.845458984375], [-79.40576171875, 68.923046875]]], [[[-77.321923828125, 69.193603515625], [-77.34091796874999, 69.403857421875], [-76.66884765625, 69.366162109375], [-76.995361328125, 69.14375], [-77.321923828125, 69.193603515625]]], [[[-86.612744140625, 70.105712890625], [-86.51523437499999, 70.017041015625], [-87.04379882812499, 69.999853515625], [-87.3232421875, 70.080126953125], [-86.612744140625, 70.105712890625]]], [[[-83.23393554687499, 65.69658203125], [-84.11826171874999, 65.77177734375], [-84.46738281249999, 66.08828125], [-83.78696289062499, 65.965771484375], [-83.7259765625, 65.796728515625], [-83.23393554687499, 65.69658203125]]], [[[-86.892529296875, 67.836572265625], [-86.95981445312499, 68.100244140625], [-86.702099609375, 68.305615234375], [-86.421142578125, 68.183447265625], [-86.396435546875, 67.88896484375], [-86.59555664062499, 67.7359375], [-86.892529296875, 67.836572265625]]], [[[-85.096337890625, 65.756201171875], [-85.149609375, 66.015380859375], [-84.75737304687499, 65.858935546875], [-84.674755859375, 65.575], [-85.096337890625, 65.756201171875]]], [[[-93.08481445312499, 61.841699218749994], [-93.1966796875, 61.9185546875], [-92.99301757812499, 61.889697265625], [-93.08481445312499, 61.841699218749994]]], [[[-101.61308593749999, 76.60458984375], [-100.26914062499999, 76.734130859375], [-101.22612304687499, 76.579345703125], [-101.61308593749999, 76.60458984375]]], [[[-103.11821289062499, 78.1263671875], [-103.273583984375, 78.165771484375], [-102.973291015625, 78.267236328125], [-102.78828125, 78.2181640625], [-103.11821289062499, 78.1263671875]]], [[[-102.37783203125, 77.728125], [-102.47153320312499, 77.873486328125], [-101.639404296875, 77.89208984375], [-101.00205078124999, 77.735107421875], [-102.37783203125, 77.728125]]], [[[-90.16455078125, 76.523583984375], [-90.5625, 76.754296875], [-89.94877929687499, 76.83623046875], [-89.69541015624999, 76.741162109375], [-89.82211914062499, 76.630615234375], [-89.72646484375, 76.507421875], [-90.16455078125, 76.523583984375]]], [[[-96.85712890625, 75.369140625], [-97.020654296875, 75.46806640625], [-96.367822265625, 75.654638671875], [-95.95986328125, 75.554345703125], [-96.85712890625, 75.369140625]]], [[[-95.77719726562499, 74.550732421875], [-95.850732421875, 74.582470703125], [-95.510205078125, 74.636767578125], [-95.306640625, 74.505419921875], [-95.77719726562499, 74.550732421875]]], [[[-121.24091796875, 75.75185546875], [-120.88779296875, 75.927978515625], [-120.921240234375, 75.814453125], [-121.24091796875, 75.75185546875]]], [[[-113.712451171875, 76.710546875], [-114.83525390625, 76.794677734375], [-113.891650390625, 76.894873046875], [-113.51650390625, 76.825048828125], [-113.712451171875, 76.710546875]]], [[[-104.634326171875, 75.061279296875], [-104.88740234375, 75.14775390625], [-104.34619140625, 75.429931640625], [-103.85117187499999, 75.37080078125], [-103.643505859375, 75.186572265625], [-104.634326171875, 75.061279296875]]], [[[-100.59653320312499, 68.76640625], [-100.611572265625, 68.990185546875], [-100.32993164062499, 68.99755859375], [-100.217236328125, 68.806689453125], [-100.59653320312499, 68.76640625]]], [[[-100.14130859375, 68.969921875], [-100.24736328124999, 69.052783203125], [-100.15312499999999, 69.1294921875], [-99.99467773437499, 69.013525390625], [-100.14130859375, 68.969921875]]], [[[-100.62065429687499, 70.546923828125], [-100.67832031249999, 70.64619140625], [-100.276123046875, 70.59462890625], [-100.62065429687499, 70.546923828125]]], [[[-95.38090820312499, 69.506591796875], [-95.730126953125, 69.34755859375], [-95.763623046875, 69.559619140625], [-95.89345703125, 69.3517578125], [-95.87583007812499, 69.606005859375], [-95.38090820312499, 69.506591796875]]], [[[-101.268505859375, 69.390576171875], [-101.351318359375, 69.559228515625], [-101.000634765625, 69.4619140625], [-101.268505859375, 69.390576171875]]], [[[-101.88720703125, 68.5849609375], [-102.30815429687499, 68.681982421875], [-102.01337890625, 68.825390625], [-101.721630859375, 68.72412109375], [-101.88720703125, 68.5849609375]]], [[[-104.851123046875, 68.453955078125], [-105.05136718749999, 68.559033203125], [-104.602001953125, 68.5615234375], [-104.44453125, 68.470703125], [-104.851123046875, 68.453955078125]]], [[[-108.15224609375, 67.429443359375], [-108.12753906249999, 67.628564453125], [-107.990869140625, 67.622119140625], [-107.899853515625, 67.401806640625], [-108.15224609375, 67.429443359375]]], [[[-108.9705078125, 67.979736328125], [-108.88603515625, 67.89853515625], [-109.096240234375, 67.9240234375], [-108.9705078125, 67.979736328125]]], [[[-107.966455078125, 66.997265625], [-107.80551757812499, 66.998583984375], [-107.94394531249999, 66.8578125], [-108.092724609375, 67.00517578125], [-107.966455078125, 66.997265625]]], [[[-109.36083984375, 67.98759765625], [-109.49794921875, 68.047021484375], [-109.469140625, 68.097998046875], [-109.36083984375, 67.98759765625]]], [[[-139.125732421875, 69.539306640625], [-139.29140625, 69.5978515625], [-139.139599609375, 69.649609375], [-138.878857421875, 69.589697265625], [-139.125732421875, 69.539306640625]]]]}}, {"id": "118", "type": "Feature", "properties": {"iso3": "LUX", "name": "Luxembourg"}, "geometry": {"type": "Polygon", "coordinates": [[[6.4873046875, 49.798486328124994], [6.344335937500006, 49.452734375], [5.789746093750011, 49.53828125], [5.88037109375, 49.644775390625], [5.744042968750023, 49.91962890625], [5.976269531250011, 50.1671875], [6.4873046875, 49.798486328124994]]]}}, {"id": "216", "type": "Feature", "properties": {"iso3": "BEL", "name": "Belgium"}, "geometry": {"type": "Polygon", "coordinates": [[[5.030957031250011, 51.469091796875], [5.214160156250017, 51.278955078124994], [5.8271484375, 51.125634765624994], [5.639453125000017, 50.843603515625], [6.235937500000006, 50.5966796875], [6.364453125000011, 50.316162109375], [5.744042968750023, 49.91962890625], [5.8154296875, 49.55380859375], [5.50732421875, 49.510888671874994], [4.867578125000023, 49.788134765624996], [4.818652343750017, 50.153173828125], [4.545019531250006, 49.960253906249996], [4.149316406250023, 49.971582031249994], [4.174609375000017, 50.246484374999994], [3.6893554687500227, 50.306054687499994], [3.1068359375000227, 50.779443359374994], [2.7593750000000057, 50.750634765624994], [2.52490234375, 51.097119140625], [3.35009765625, 51.377685546875], [3.4325195312500227, 51.245751953124994], [3.9020507812500114, 51.207666015624994], [4.226171875000006, 51.386474609375], [5.030957031250011, 51.469091796875]]]}}, {"id": "139", "type": "Feature", "properties": {"iso3": "IRL", "name": "Ireland"}, "geometry": {"type": "MultiPolygon", "coordinates": [[[[-9.952441406249989, 53.884570312499996], [-10.265722656249977, 53.977685546875], [-9.996386718749989, 54.00361328125], [-9.952441406249989, 53.884570312499996]]], [[[-8.144824218749989, 54.453515625], [-7.606542968749977, 54.143847656249996], [-7.324511718749989, 54.133447265625], [-7.007714843749994, 54.406689453125], [-6.649804687499994, 54.058642578124996], [-6.175732421874983, 54.053515624999996], [-6.347607421874983, 53.94130859375], [-6.027392578124989, 52.927099609375], [-6.463183593749989, 52.345361328125], [-6.324999999999989, 52.2466796875], [-6.965771484374983, 52.24951171875], [-8.057812499999983, 51.8255859375], [-8.4091796875, 51.88876953125], [-8.407812499999977, 51.712060546875], [-9.296484374999977, 51.4982421875], [-9.835351562499994, 51.483349609375], [-9.579833984375, 51.689257812499996], [-10.120751953124994, 51.60068359375], [-9.598828124999983, 51.8744140625], [-10.341064453125, 51.79892578125], [-9.90966796875, 52.12294921875], [-10.356689453125, 52.20693359375], [-9.772119140624994, 52.25009765625], [-9.906054687499989, 52.4037109375], [-9.632226562499994, 52.546923828124996], [-8.783447265625, 52.679638671875], [-9.916601562499977, 52.5697265625], [-9.464892578124989, 52.823193359375], [-9.299218749999994, 53.09755859375], [-8.930126953124983, 53.207080078124996], [-10.091259765624983, 53.412841796875], [-10.116992187499989, 53.54853515625], [-9.720654296874983, 53.6044921875], [-9.901611328125, 53.727197265625], [-9.578222656249977, 53.805419921875], [-9.9140625, 53.863720703125], [-9.8564453125, 54.095361328125], [-10.092675781249994, 54.15576171875], [-10.056396484375, 54.2578125], [-8.545556640624994, 54.2412109375], [-8.623144531249977, 54.346875], [-8.133447265624994, 54.6408203125], [-8.763916015625, 54.681201171874996], [-8.377294921874977, 54.889453124999996], [-8.274609374999983, 55.146289062499996], [-7.667089843749977, 55.256494140625], [-7.556640625, 55.122216796875], [-7.658740234374989, 54.970947265625], [-7.365966796875, 55.360205078125], [-6.961669921875, 55.237890625], [-8.144824218749989, 54.453515625]]]]}}, {"id": "30", "type": "Feature", "properties": {"iso3": "IMN", "name": "Isle of Man"}, "geometry": {"type": "Polygon", "coordinates": [[[-4.6142578125, 54.05869140625], [-4.785351562499983, 54.073046874999996], [-4.424707031249994, 54.407177734375], [-4.337988281249977, 54.269091796874996], [-4.6142578125, 54.05869140625]]]}}, {"id": "31", "type": "Feature", "properties": {"iso3": "GBR", "name": "United Kingdom"}, "geometry": {"type": "MultiPolygon", "coordinates": [[[[-3.2931152343749943, 51.390429687499996], [-4.234570312499983, 51.569091796875], [-4.091015624999983, 51.659912109375], [-4.386279296874989, 51.741064453125], [-4.902294921874983, 51.626269531249996], [-5.262304687499977, 51.880175781249996], [-4.149365234374983, 52.32626953125], [-3.9803222656249773, 52.541748046875], [-4.101464843749994, 52.915478515625], [-4.683056640624983, 52.80615234375], [-4.2685546875, 53.14453125], [-3.7642089843749886, 53.3076171875], [-3.0975585937499943, 53.260302734374996], [-3.0647460937499886, 53.42685546875], [-2.9185546874999773, 53.30537109375], [-2.74951171875, 53.310205078125], [-3.0645996093749943, 53.512841796875], [-2.8675781249999943, 54.17724609375], [-3.165966796874983, 54.1279296875], [-3.592041015625, 54.56435546875], [-3.0362304687499773, 54.953076171875], [-3.9579101562499943, 54.78095703125], [-4.818066406249983, 54.846142578125], [-4.911230468749977, 54.689453125], [-5.135498046875, 54.85751953125], [-5.172705078124977, 54.985888671874996], [-4.6767578125, 55.501318359375], [-4.891845703125, 55.69912109375], [-4.826074218749994, 55.929541015625], [-4.584082031249977, 55.938671875], [-4.844091796874977, 56.051171875], [-4.80029296875, 56.158349609375], [-5.214599609375, 55.8888671875], [-5.222949218749989, 56.0658203125], [-4.996972656249994, 56.233349609375], [-5.383447265624994, 56.01923828125], [-5.556445312499989, 55.389599609375], [-5.768212890624994, 55.362646484375], [-5.504492187499977, 55.802392578125], [-5.622851562499989, 55.813134765625], [-5.534960937499989, 56.250830078125], [-5.188378906249994, 56.758056640625], [-5.652441406249977, 56.531982421875], [-6.132763671874983, 56.718017578125], [-5.730615234374994, 56.853076171874996], [-5.861425781249977, 56.902685546875], [-5.561914062499994, 57.232714843749996], [-5.794921875, 57.37880859375], [-5.581787109375, 57.54677734375], [-5.744921874999989, 57.668310546875], [-5.608349609374983, 57.88134765625], [-5.1572265625, 57.88134765625], [-5.413183593749977, 58.069726562499994], [-5.338281249999994, 58.238720703125], [-5.00830078125, 58.262646484375], [-5.016748046874994, 58.566552734374994], [-3.0530761718749773, 58.634814453125], [-3.212353515624983, 58.321240234375], [-3.9900390624999886, 57.959033203124996], [-4.035595703124983, 57.852001953125], [-3.857128906249983, 57.8185546875], [-4.134521484375, 57.577734375], [-3.2945312499999773, 57.71015625], [-1.867382812499983, 57.612353515624996], [-1.7806640624999943, 57.4740234375], [-2.5009765625, 56.636572265625], [-3.3099609374999943, 56.3634765625], [-2.8851562499999943, 56.397509765624996], [-2.674267578124983, 56.25341796875], [-3.362255859374983, 56.027636718749996], [-3.7890625, 56.09521484375], [-3.0487304687499943, 55.951953124999996], [-2.599316406249983, 56.027294921875], [-2.1470703124999773, 55.902978515625], [-1.6553710937499773, 55.570361328124996], [-1.232421875, 54.7037109375], [-0.08437499999999432, 54.11806640625], [-0.20556640625, 54.021728515625], [0.11533203125000568, 53.60927734375], [-0.27001953125, 53.736767578125], [-0.659912109375, 53.7240234375], [-0.293701171875, 53.692333984375], [0.27099609375, 53.335498046874996], [0.35576171875001705, 53.159960937499996], [0.0458984375, 52.905615234375], [0.27978515625, 52.80869140625], [0.5587890625000114, 52.966943359375], [1.271289062500017, 52.924560546875], [1.7433593750000114, 52.578515625], [1.5914062500000057, 52.119775390625], [1.232421875, 51.971240234374996], [1.2744140625, 51.845361328125], [0.752246093750017, 51.72958984375], [0.890917968750017, 51.571435546874994], [0.42451171875001137, 51.465624999999996], [1.4149414062500227, 51.36328125], [1.3975585937500057, 51.182031249999994], [0.9601562500000114, 50.92587890625], [0.205078125, 50.763037109375], [-1.416455078124983, 50.896874999999994], [-1.33447265625, 50.82080078125], [-2.0310546874999886, 50.725390624999996], [-2.035839843749983, 50.603076171874996], [-2.9994140624999943, 50.716601562499996], [-3.4045898437499886, 50.632421875], [-3.6797851562499773, 50.23994140625], [-4.194580078125, 50.393310546875], [-5.118505859374977, 50.038330078125], [-5.655175781249994, 50.07724609375], [-4.188183593749983, 51.188525390624996], [-3.135986328125, 51.205029296875], [-2.433056640624983, 51.74072265625], [-3.2931152343749943, 51.390429687499996]]], [[[-4.049365234374989, 53.30576171875], [-4.373046875, 53.1341796875], [-4.56787109375, 53.386474609375], [-4.049365234374989, 53.30576171875]]], [[[-2.662060546874983, 59.23017578125], [-2.406982421875, 59.29755859375], [-2.4298339843749943, 59.271044921875], [-2.662060546874983, 59.23017578125]]], [[[-1.16552734375, 60.603906249999994], [-1.0933105468749886, 60.72021484375], [-0.991650390624983, 60.68603515625], [-1.0425292968749886, 60.5138671875], [-1.16552734375, 60.603906249999994]]], [[[-1.052441406249983, 60.444482421874994], [-1.2994628906249943, 59.878662109375], [-1.2909179687499943, 60.153466796874994], [-1.663769531249983, 60.28251953125], [-1.3746093749999773, 60.332910156249994], [-1.57177734375, 60.49443359375], [-1.363964843749983, 60.6095703125], [-1.052441406249983, 60.444482421874994]]], [[[-0.8254882812499886, 60.683935546875], [-0.9222656249999943, 60.697265625], [-0.9158203124999886, 60.810449218749994], [-0.7742675781249773, 60.811962890625], [-0.8254882812499886, 60.683935546875]]], [[[-3.27880859375, 58.78193359375], [-3.394726562499983, 58.909619140625], [-3.271923828124983, 58.9052734375], [-3.1649414062499943, 58.794189453125], [-3.27880859375, 58.78193359375]]], [[[-2.9753906249999886, 58.75693359375], [-3.0354492187499886, 58.822656249999994], [-2.896435546874983, 58.827587890625], [-2.9753906249999886, 58.75693359375]]], [[[-3.0707031249999943, 59.00498046875], [-2.762451171875, 58.955810546875], [-3.353710937499983, 59.01875], [-3.0707031249999943, 59.00498046875]]], [[[-2.8152343749999886, 59.1619140625], [-3.0520507812499886, 59.323876953124994], [-2.975537109374983, 59.347119140625], [-2.8152343749999886, 59.1619140625]]], [[[-6.668554687499977, 56.593603515625], [-6.483691406249989, 56.665771484375], [-6.530078124999989, 56.626611328125], [-6.668554687499977, 56.593603515625]]], [[[-5.331494140624983, 55.4810546875], [-5.370800781249983, 55.666943359375], [-5.185449218749994, 55.690966796874996], [-5.105419921874983, 55.448828125], [-5.331494140624983, 55.4810546875]]], [[[-6.313427734374983, 56.29365234375], [-6.138867187499983, 56.490625], [-6.319677734374977, 56.56943359375], [-6.102734374999983, 56.645654296875], [-5.760839843749977, 56.490673828125], [-5.777880859374989, 56.3443359375], [-6.313427734374983, 56.29365234375]]], [[[-6.08837890625, 55.657519531249996], [-6.305078124999994, 55.60693359375], [-6.3017578125, 55.780615234375], [-6.491357421874994, 55.697314453124996], [-6.12890625, 55.93056640625], [-6.08837890625, 55.657519531249996]]], [[[-6.071972656249983, 55.893115234374996], [-5.725146484374989, 56.1185546875], [-5.970068359374977, 55.81455078125], [-6.071972656249983, 55.893115234374996]]], [[[-6.554589843749994, 58.09287109375], [-6.425195312499994, 58.0212890625], [-7.083447265624983, 57.813769531249996], [-6.856835937499994, 57.92353515625], [-7.057080078124983, 58.003173828125], [-7.028417968749977, 58.222314453124994], [-6.726464843749994, 58.189404296875], [-6.776464843749977, 58.301513671875], [-6.237451171874994, 58.502832031249994], [-6.198681640624983, 58.36328125], [-6.554589843749994, 58.09287109375]]], [[[-6.346240234374989, 56.954296875], [-6.4326171875, 57.017919921875], [-6.322363281249977, 57.050537109375], [-6.346240234374989, 56.954296875]]], [[[-6.135546874999989, 57.314257812499996], [-5.668652343749983, 57.226904296875], [-5.9873046875, 57.04443359375], [-6.034374999999983, 57.201220703124996], [-6.761132812499994, 57.4423828125], [-6.357666015625, 57.666796874999996], [-6.135546874999989, 57.314257812499996]]], [[[-7.0927734375, 57.62666015625], [-7.1826171875, 57.53330078125], [-7.514746093749977, 57.601953125], [-7.0927734375, 57.62666015625]]], [[[-7.381494140624994, 57.130664062499996], [-7.410546874999994, 57.381103515625], [-7.267138671874989, 57.37177734375], [-7.249853515624977, 57.11533203125], [-7.381494140624994, 57.130664062499996]]], [[[-7.504785156249994, 56.95166015625], [-7.54296875, 56.97236328125], [-7.455468749999994, 57.0189453125], [-7.504785156249994, 56.95166015625]]], [[[-6.649804687499994, 54.058642578124996], [-7.007714843749994, 54.406689453125], [-7.324511718749989, 54.133447265625], [-7.606542968749977, 54.143847656249996], [-8.144824218749989, 54.453515625], [-7.75439453125, 54.594921875], [-7.910595703124983, 54.69833984375], [-7.550390624999977, 54.76796875], [-7.218652343749994, 55.0919921875], [-6.129150390625, 55.2173828125], [-5.716845703124989, 54.81748046875], [-5.878613281249983, 54.64130859375], [-5.58251953125, 54.663427734375], [-5.470410156249983, 54.5001953125], [-5.671093749999983, 54.549755859375], [-5.606787109374977, 54.27255859375], [-6.01904296875, 54.05126953125], [-6.649804687499994, 54.058642578124996]]], [[[-1.25146484375, 50.588818359375], [-1.563427734374983, 50.66611328125], [-1.3127929687499886, 50.773486328124996], [-1.0655761718749943, 50.690234374999996], [-1.25146484375, 50.588818359375]]]]}}, {"id": "74", "type": "Feature", "properties": {"iso3": "RUS", "name": "Russia"}, "geometry": {"type": "MultiPolygon", "coordinates": [[[[145.93115234375, 43.45703125], [145.9435546875, 43.42646484375], [145.89394531250002, 43.419824218749994], [145.93115234375, 43.45703125]]], [[[146.33232421875005, 43.619921874999996], [146.27382812500002, 43.629833984375], [146.31015625000003, 43.65185546875], [146.33232421875005, 43.619921874999996]]], [[[146.02802734375, 43.420361328125], [146.10078125, 43.440185546875], [146.08632812500002, 43.42919921875], [146.02802734375, 43.420361328125]]], [[[137.05527343750003, 54.9267578125], [136.71464843750005, 54.95615234375], [136.99570312500003, 55.092724609375], [137.17861328125002, 55.100439453125], [137.05527343750003, 54.9267578125]]], [[[150.47021484375, 59.054052734375], [150.71269531250005, 59.122460937499994], [150.727734375, 59.09521484375], [150.47021484375, 59.054052734375]]], [[[119.79208984375003, 73.04541015625], [119.64042968749999, 73.12431640625], [119.96445312500003, 73.16767578125], [120.26132812500003, 73.08984375], [119.79208984375003, 73.04541015625]]], [[[124.36640625000001, 73.874609375], [124.33652343750003, 73.928369140625], [124.65292968750003, 73.888037109375], [124.36640625000001, 73.874609375]]], [[[106.02363281250001, 78.2201171875], [106.45683593749999, 78.3400390625], [106.71962890625002, 78.294189453125], [106.02363281250001, 78.2201171875]]], [[[107.26953125, 77.289013671875], [107.48642578125003, 77.347119140625], [107.67949218749999, 77.26826171875], [107.26953125, 77.289013671875]]], [[[97.43037109375001, 76.59072265625], [97.31035156249999, 76.689599609375], [97.38164062499999, 76.706689453125], [97.58837890625, 76.599365234375], [97.43037109375001, 76.59072265625]]], [[[96.73935546875003, 76.20693359375], [96.83525390624999, 76.34482421875], [97.05302734374999, 76.302587890625], [96.73935546875003, 76.20693359375]]], [[[99.91542968750002, 79.601611328125], [99.95576171875001, 79.69033203125], [100.30029296875, 79.670263671875], [99.91542968750002, 79.601611328125]]], [[[76.23447265625003, 73.476220703125], [76.08310546875003, 73.523486328125], [76.25068359375001, 73.5552734375], [76.75605468750001, 73.44580078125], [76.23447265625003, 73.476220703125]]], [[[82.61279296875, 74.0564453125], [82.32939453124999, 74.131103515625], [82.52558593750001, 74.16142578125], [82.7099609375, 74.090869140625], [82.61279296875, 74.0564453125]]], [[[84.71044921875, 74.3998046875], [84.38945312499999, 74.454443359375], [84.87285156249999, 74.51552734375], [84.71044921875, 74.3998046875]]], [[[87.00058593750003, 74.991943359375], [87.12431640624999, 74.939892578125], [86.92714843750002, 74.83076171875], [86.25859374999999, 74.893505859375], [87.00058593750003, 74.991943359375]]], [[[59.09697265625002, 81.29228515625], [58.61015625000002, 81.337255859375], [59.07500000000002, 81.397705078125], [59.374609375000006, 81.325048828125], [59.09697265625002, 81.29228515625]]], [[[-178.873876953125, 68.7541015625], [-178.538525390625, 68.58564453125], [-178.75146484375, 68.66044921875], [-178.692626953125, 68.54599609375], [-178.0974609375, 68.4248046875], [-178.055810546875, 68.264892578125], [-177.79677734375, 68.33798828125], [-178.373046875, 68.565673828125], [-177.52724609375, 68.294384765625], [-177.589208984375, 68.22421875], [-175.34521484375, 67.678076171875], [-175.23251953125, 67.4466796875], [-175.37470703125, 67.357373046875], [-174.849853515625, 67.348876953125], [-174.938134765625, 67.093017578125], [-174.77119140625, 66.784326171875], [-174.92490234375, 66.62314453125], [-174.503759765625, 66.537939453125], [-174.394091796875, 66.34423828125], [-174.084765625, 66.473095703125], [-174.0650390625, 66.22958984375], [-173.773974609375, 66.43466796875], [-174.231591796875, 66.631884765625], [-174.005517578125, 66.77861328125], [-174.08642578125, 66.94287109375], [-174.55009765625, 67.090625], [-173.1578125, 67.069091796875], [-173.32353515625, 66.954833984375], [-173.258935546875, 66.840087890625], [-173.193017578125, 66.993603515625], [-172.5201171875, 66.952490234375], [-173.00751953125, 67.064892578125], [-171.795556640625, 66.93173828125], [-170.473095703125, 66.320263671875], [-170.604443359375, 66.24892578125], [-170.301220703125, 66.29404296875], [-169.729150390625, 66.05810546875], [-170.540673828125, 65.8654296875], [-170.66630859375, 65.621533203125], [-171.451171875, 65.79423828125], [-171.054248046875, 65.549951171875], [-171.169970703125, 65.502099609375], [-172.78330078125, 65.6810546875], [-172.2328125, 65.455712890625], [-172.30927734375, 65.275634765625], [-172.6619140625, 65.24853515625], [-172.28603515625, 65.205712890625], [-172.21318359375, 65.04814453125], [-173.0662109375, 64.84716796875], [-172.80107421875, 64.79052734375], [-172.90087890625, 64.628857421875], [-172.378759765625, 64.43154296875], [-172.903173828125, 64.52607421875], [-172.915869140625, 64.36943359375], [-173.157421875, 64.279736328125], [-173.37568359375, 64.3548828125], [-173.327490234375, 64.53955078125], [-173.729736328125, 64.364501953125], [-174.570556640625, 64.7177734375], [-175.442138671875, 64.81669921875], [-175.853857421875, 65.01083984375], [-175.85615234375, 65.2328125], [-176.09326171875, 65.471044921875], [-177.05625, 65.613623046875], [-178.4125, 65.495556640625], [-178.50234375, 65.7404296875], [-178.9390625, 66.032763671875], [-178.746728515625, 66.013671875], [-178.5265625, 66.4015625], [-178.868115234375, 66.187060546875], [-179.143408203125, 66.375048828125], [-179.327197265625, 66.16259765625], [-179.68330078125, 66.184130859375], [-179.789697265625, 65.90087890625], [-179.352099609375, 65.516748046875], [-180.0, 65.067236328125], [-179.999951171875, 68.983447265625], [-178.873876953125, 68.7541015625]]], [[[130.4248046875, 42.72705078125], [131.0685546875, 42.902246093749994], [131.25732421875, 43.378076171874994], [131.25527343750002, 44.071582031249996], [130.981640625, 44.8443359375], [131.44687500000003, 44.984033203124994], [131.85185546875005, 45.32685546875], [132.93603515625, 45.029931640624994], [133.1134765625, 45.130712890625], [133.18603515625, 45.49482421875], [133.43642578125002, 45.6046875], [133.861328125, 46.24775390625], [134.16767578125, 47.302197265625], [134.75234375000002, 47.7154296875], [134.56601562500003, 48.022509765624996], [134.665234375, 48.25390625], [134.29335937500002, 48.373437499999994], [133.14404296875, 48.1056640625], [132.47626953125, 47.714990234374994], [130.9619140625, 47.709326171875], [130.7326171875, 48.01923828125], [130.80429687500003, 48.34150390625], [130.55214843750002, 48.602490234375], [130.55312500000002, 48.861181640625], [130.19599609375, 48.891650390624996], [129.49814453125003, 49.388818359374994], [129.06513671875, 49.374658203124994], [128.70400390625002, 49.600146484374996], [127.99960937500003, 49.568603515625], [127.55078125, 49.801806640624996], [127.59023437500002, 50.208984375], [127.33720703125005, 50.350146484374996], [127.30703125000002, 50.707958984375], [126.9248046875, 51.100146484374996], [126.04814453124999, 52.739453125], [125.64902343750003, 53.042285156249996], [124.81230468749999, 53.133837890624996], [123.60781250000002, 53.546533203125], [120.98544921875003, 53.2845703125], [120.09453124999999, 52.78720703125], [120.06757812500001, 52.63291015625], [120.65615234375002, 52.566650390625], [120.68144531249999, 51.973046875], [120.06689453125, 51.60068359375], [119.16367187500003, 50.406005859375], [119.34628906250003, 50.278955078124994], [119.25986328125003, 50.06640625], [117.87343750000002, 49.513476562499996], [116.216796875, 50.00927734375], [115.42919921875, 49.896484375], [114.7431640625, 50.233691406249996], [114.29707031250001, 50.2744140625], [112.80644531249999, 49.523583984374994], [110.70976562499999, 49.142968749999994], [108.61367187500002, 49.322802734374996], [107.96542968750003, 49.653515625], [107.91660156250003, 49.947802734374996], [107.23330078125002, 49.989404296874994], [106.71113281250001, 50.31259765625], [105.38359374999999, 50.47373046875], [104.07871093750003, 50.154248046875], [103.30439453125001, 50.20029296875], [102.28837890624999, 50.585107421874994], [102.11152343750001, 51.353466796875], [99.92167968749999, 51.755517578125], [98.89316406250003, 52.11728515625], [98.03759765625, 51.449951171875], [97.83574218749999, 51.051660156249994], [98.02978515625, 50.64462890625], [98.27949218750001, 50.533251953124996], [98.25029296874999, 50.30244140625], [98.00390625, 50.0142578125], [97.35976562500002, 49.741455078125], [96.06552734375003, 49.99873046875], [94.61474609375, 50.023730468749996], [94.35468750000001, 50.221826171874994], [94.25107421875003, 50.556396484375], [93.10312500000003, 50.603906249999994], [92.94130859375002, 50.778222656249994], [92.62666015625001, 50.688281249999996], [92.35478515624999, 50.864160156249994], [92.1923828125, 50.700585937499994], [90.0537109375, 50.09375], [89.64384765624999, 49.90302734375], [89.65410156249999, 49.71748046875], [89.10947265625003, 49.501367187499994], [88.19257812500001, 49.451708984374996], [87.98808593749999, 49.186914062499994], [87.41669921875001, 49.076611328125], [86.62646484375, 49.5626953125], [86.67548828125001, 49.777294921875], [86.18085937500001, 49.499316406249996], [85.23261718750001, 49.6158203125], [84.98945312500001, 50.061425781249994], [84.3232421875, 50.239160156249994], [83.94511718749999, 50.774658203125], [83.35732421875002, 50.994580078125], [82.49394531249999, 50.727587890624996], [81.46591796875003, 50.73984375], [81.38828125000003, 50.956494140625], [81.07148437500001, 50.96875], [81.12724609374999, 51.191064453124994], [80.73525390625002, 51.293408203125], [80.44804687499999, 51.183349609375], [80.42363281249999, 50.9462890625], [79.98623046875002, 50.774560546874994], [77.85996093750003, 53.269189453125], [76.48476562500002, 54.02255859375], [76.42167968749999, 54.151513671875], [76.65458984374999, 54.145263671875], [76.83730468750002, 54.4423828125], [75.43720703125001, 54.089648437499996], [74.3515625, 53.487646484375], [73.858984375, 53.6197265625], [73.40693359375001, 53.447558593749996], [73.3056640625, 53.7072265625], [73.71240234375, 54.0423828125], [73.22988281250002, 53.957812499999996], [72.62226562500001, 54.134326171874996], [72.44677734375, 53.941845703125], [72.18603515625, 54.325634765625], [72.0044921875, 54.2056640625], [71.09316406250002, 54.212207031249996], [71.185546875, 54.59931640625], [70.73808593750002, 55.30517578125], [70.18242187500002, 55.162451171875], [68.97724609375001, 55.389599609375], [68.20625000000001, 55.160937499999996], [68.155859375, 54.976708984375], [65.47695312500002, 54.623291015625], [65.08837890625, 54.340185546875], [64.46123046875002, 54.3841796875], [61.9287109375, 53.946484375], [61.231054687500006, 54.019482421875], [60.9794921875, 53.621728515625], [61.53496093750002, 53.523291015625], [61.22890625000002, 53.4458984375], [61.19921875, 53.287158203124996], [62.08271484375001, 53.005419921874996], [61.047460937500006, 52.972460937499996], [60.7744140625, 52.67578125], [60.99453125000002, 52.336865234375], [60.0302734375, 51.933251953125], [60.46474609375002, 51.651171874999996], [61.5546875, 51.324609374999994], [61.38945312500002, 50.86103515625], [60.94228515625002, 50.6955078125], [60.4248046875, 50.679150390625], [60.05859375, 50.85029296875], [59.523046875000006, 50.49287109375], [59.45234375000001, 50.620410156249996], [58.88369140625002, 50.69443359375], [58.35917968750002, 51.063818359375], [57.8388671875, 51.091650390625], [57.44218750000002, 50.8888671875], [57.01171875, 51.065185546875], [56.49140625000001, 51.01953125], [55.68623046875001, 50.582861328125], [54.6416015625, 51.011572265625], [54.555273437500006, 50.535791015624994], [54.139746093750006, 51.040771484375], [53.33808593750001, 51.482373046875], [52.57119140625002, 51.481640625], [52.21914062500002, 51.709375], [51.34453125000002, 51.475341796875], [50.7939453125, 51.72919921875], [50.30927734375001, 51.321582031249996], [48.625097656250006, 50.612695312499994], [48.75898437500001, 49.9283203125], [48.3349609375, 49.858251953125], [47.70576171875001, 50.377978515624996], [47.42919921875, 50.357958984374996], [46.88955078125002, 49.69697265625], [46.80205078125002, 49.367089843749994], [47.031347656250006, 49.150292968749994], [46.70263671875, 48.805566406249994], [46.66093750000002, 48.412255859374994], [47.06464843750001, 48.232470703124996], [47.29238281250002, 47.74091796875], [48.1669921875, 47.708789062499996], [48.95937500000002, 46.774609375], [48.55839843750002, 46.757128906249996], [48.54121093750001, 46.605615234374994], [49.24589843750002, 46.2916015625], [48.683691406250006, 46.086181640625], [48.729589843750006, 45.896826171875], [48.48701171875001, 45.934863281249996], [47.63330078125, 45.584033203124996], [47.46328125000002, 45.6796875], [47.51455078125002, 45.49091796875], [47.08378906250002, 44.8169921875], [46.71611328125002, 44.560693359374994], [47.30703125000002, 44.103125], [47.46279296875002, 43.555029296875], [47.646484375, 43.884619140625], [47.46318359375002, 43.035058593749994], [48.572851562500006, 41.844482421875], [47.86113281250002, 41.212744140625], [47.520605468750006, 41.229052734374996], [46.74931640625002, 41.81259765625], [45.63857421875002, 42.205078125], [45.65556640625002, 42.51767578125], [44.87099609375002, 42.756396484374996], [44.771093750000006, 42.616796875], [44.505859375, 42.7486328125], [43.82597656250002, 42.571533203125], [43.78261718750002, 42.747021484375], [42.76064453125002, 43.169580078124994], [41.58056640625, 43.21923828125], [40.648046875000006, 43.53388671875], [40.15019531250002, 43.569775390625], [39.97832031250002, 43.419824218749994], [38.71728515625, 44.2880859375], [36.65078125000002, 45.12646484375], [36.94121093750002, 45.289697265624994], [36.79375000000002, 45.409716796874996], [37.21357421875001, 45.272314453125], [37.64716796875001, 45.377197265625], [37.612402343750006, 45.564697265625], [37.93310546875, 46.001708984375], [38.492285156250006, 46.09052734375], [37.76650390625002, 46.636132812499994], [38.5009765625, 46.663671875], [38.43867187500001, 46.8130859375], [39.27070312500001, 47.044140625], [39.19570312500002, 47.268847656249996], [38.21435546875, 47.091455078124994], [38.20136718750001, 47.32080078125], [38.28740234375002, 47.5591796875], [38.822265625, 47.83701171875], [39.77871093750002, 47.887548828125], [39.95791015625002, 48.268896484375], [39.83564453125001, 48.542773437499996], [39.64472656250001, 48.591210937499994], [39.79287109375002, 48.80771484375], [40.00361328125001, 48.822070312499996], [39.6865234375, 49.00791015625], [40.10878906250002, 49.2515625], [40.080664062500006, 49.57685546875], [38.25859375000002, 50.05234375], [38.046875, 49.92001953125], [37.4228515625, 50.411474609375], [36.61943359375002, 50.209228515625], [36.11640625000001, 50.408544921875], [35.59111328125002, 50.36875], [35.41162109375, 50.539697265624994], [35.31191406250002, 51.043896484375], [35.064062500000006, 51.203417968749996], [34.2138671875, 51.25537109375], [34.12109375, 51.679150390625], [34.39785156250002, 51.780419921875], [33.73525390625002, 52.344775390624996], [32.43544921875002, 52.3072265625], [32.12226562500001, 52.050585937499996], [31.76337890625001, 52.10107421875], [31.57734375000001, 52.312304687499996], [31.564843750000023, 52.759228515625], [31.2587890625, 53.01669921875], [31.417871093750023, 53.196044921875], [32.14199218750002, 53.091162109375], [32.70644531250002, 53.41943359375], [32.4501953125, 53.692919921874996], [31.754199218750017, 53.81044921875], [31.825976562500017, 54.030712890625], [31.403613281250017, 54.195947265625], [31.074804687500006, 54.491796875], [31.152148437500017, 54.625341796875], [30.798828125, 54.783251953124996], [30.97773437500001, 55.05048828125], [30.810546875, 55.306982421875], [30.906835937500006, 55.57001953125], [30.23359375000001, 55.84521484375], [29.482226562500017, 55.6845703125], [29.283007812500017, 55.96787109375], [28.284277343750006, 56.055908203125], [27.88154296875001, 56.824169921875], [27.639453125000017, 56.845654296875], [27.82861328125, 57.293310546875], [27.354296875000017, 57.55029296875], [27.77851562500001, 57.870703125], [27.50244140625, 58.221337890624994], [27.434179687500006, 58.787255859374994], [28.15107421875001, 59.374414062499994], [28.012500000000017, 59.484277343749994], [28.058007812500023, 59.78154296875], [28.334570312500006, 59.692529296874994], [29.147265625000017, 59.999755859375], [30.172656250000017, 59.95712890625], [29.72119140625, 60.1953125], [29.069140625000017, 60.191455078125], [28.643164062500006, 60.37529296875], [28.491601562500023, 60.54013671875], [28.65058593750001, 60.610986328124994], [28.512792968750006, 60.677294921875], [27.797656250000017, 60.5361328125], [31.18671875000001, 62.481396484375], [31.536523437500023, 62.921630859375], [29.991503906250017, 63.73515625], [30.52607421875001, 64.077294921875], [29.986621093750017, 64.524267578125], [30.110253906250023, 64.732568359375], [29.60419921875001, 64.968408203125], [29.826953125000017, 65.145068359375], [29.608007812500006, 65.248681640625], [29.819433593750006, 65.56875], [29.715917968750006, 65.624560546875], [30.087500000000006, 65.7865234375], [29.066210937500017, 66.891748046875], [29.988085937500017, 67.66826171875], [29.343847656250006, 68.061865234375], [28.685156250000006, 68.189794921875], [28.470703125, 68.48837890625], [28.772851562500023, 68.8400390625], [28.4140625, 68.904150390625], [29.994042968750023, 69.39248046875], [30.159765625000006, 69.6298828125], [30.860742187500023, 69.538427734375], [30.869726562500006, 69.783447265625], [31.546972656250006, 69.696923828125], [31.997949218750023, 69.809912109375], [31.98457031250001, 69.953662109375], [33.0078125, 69.722119140625], [32.9150390625, 69.601708984375], [32.09150390625001, 69.632568359375], [32.37773437500002, 69.4791015625], [33.45429687500001, 69.428173828125], [33.141210937500006, 69.068701171875], [33.68437500000002, 69.31025390625], [35.85791015625, 69.191748046875], [40.966406250000006, 67.7134765625], [41.133886718750006, 67.266943359375], [41.35878906250002, 67.20966796875], [41.18896484375, 66.826171875], [40.10332031250002, 66.299951171875], [38.653906250000006, 66.06904296875], [34.48261718750001, 66.550341796875], [33.15019531250002, 66.8439453125], [32.84755859375002, 67.021533203125], [32.93046875000002, 67.08681640625], [31.895312500000017, 67.16142578125], [33.65595703125001, 66.442626953125], [33.36054687500001, 66.329541015625], [34.11269531250002, 66.225244140625], [34.69179687500002, 65.95185546875], [34.776953125000006, 65.76826171875], [34.40644531250001, 65.395751953125], [34.80351562500002, 64.985986328125], [34.952246093750006, 64.75595703125], [34.86953125000002, 64.560009765625], [35.03535156250001, 64.440234375], [37.44218750000002, 63.813378906249994], [38.06220703125001, 64.091015625], [37.953710937500006, 64.3201171875], [37.183691406250006, 64.40849609375], [36.578710937500006, 64.790966796875], [36.53457031250002, 64.938623046875], [36.8828125, 65.17236328125], [39.75800781250001, 64.57705078125], [40.05781250000001, 64.770751953125], [40.444921875000006, 64.7787109375], [39.79804687500001, 65.349853515625], [39.816503906250006, 65.59794921875], [41.47578125000001, 66.1234375], [42.210546875000006, 66.519677734375], [43.23320312500002, 66.41552734375], [43.65312500000002, 66.2509765625], [43.54189453125002, 66.123388671875], [44.10439453125002, 66.00859375], [44.09716796875, 66.23505859375], [44.48867187500002, 66.67177734375], [44.429296875000006, 66.937744140625], [43.78242187500001, 67.2544921875], [44.22539062500002, 67.99560546875], [44.204687500000006, 68.253759765625], [43.33320312500001, 68.673388671875], [45.89199218750002, 68.4796875], [46.6904296875, 67.848828125], [45.52871093750002, 67.757568359375], [44.90214843750002, 67.413134765625], [45.56220703125001, 67.185595703125], [45.885351562500006, 66.891064453125], [46.49238281250001, 66.8001953125], [47.655859375000006, 66.975927734375], [47.87470703125001, 67.5841796875], [48.83320312500001, 67.681494140625], [48.75429687500002, 67.895947265625], [49.1552734375, 67.87041015625], [51.994726562500006, 68.53876953125], [52.39667968750001, 68.351708984375], [52.72265625, 68.484033203125], [52.34404296875002, 68.608154296875], [53.80195312500001, 68.9958984375], [54.4912109375, 68.992333984375], [53.79765625000002, 68.907470703125], [53.97060546875002, 68.844287109375], [53.758886718750006, 68.633984375], [53.93085937500001, 68.435546875], [53.26054687500002, 68.26748046875], [54.861328125, 68.20185546875], [54.92304687500001, 68.373828125], [55.418066406250006, 68.567822265625], [57.12685546875002, 68.55400390625], [59.05732421875001, 69.0060546875], [59.37050781250002, 68.73837890625], [59.1123046875, 68.61630859375], [59.09902343750002, 68.4443359375], [59.725683593750006, 68.351611328125], [59.9228515625, 68.471337890625], [59.89599609375, 68.70634765625], [60.48916015625002, 68.728955078125], [60.93359375, 68.986767578125], [60.17060546875001, 69.59091796875], [60.90908203125002, 69.847119140625], [64.1904296875, 69.53466796875], [64.89628906250002, 69.247802734375], [67.00244140625, 68.873583984375], [68.50419921875002, 68.3484375], [69.14052734375002, 68.950634765625], [68.54277343750002, 68.96708984375], [68.005859375, 69.480029296875], [67.62412109375, 69.584423828125], [67.064453125, 69.693701171875], [66.89667968750001, 69.55380859375], [66.80292968750001, 69.74013671875], [66.9263671875, 70.0142578125], [67.2392578125, 70.108056640625], [67.146484375, 70.219921875], [67.284765625, 70.738720703125], [66.70224609375, 70.818505859375], [66.84707031250002, 71.063720703125], [66.6396484375, 71.081396484375], [68.26923828125001, 71.6828125], [69.39140625000002, 72.955517578125], [71.50019531250001, 72.913671875], [72.812109375, 72.69140625], [72.57412109375002, 72.012548828125], [71.86728515625, 71.457373046875], [72.70449218750002, 70.963232421875], [72.70000000000002, 70.45732421875], [72.46943359375001, 70.274951171875], [72.5767578125, 68.968701171875], [73.59169921875002, 68.481884765625], [73.13945312500002, 68.18134765625], [73.06679687500002, 67.766943359375], [71.84746093750002, 67.0076171875], [71.365234375, 66.9615234375], [71.53955078125, 66.68310546875], [70.72490234375002, 66.51943359375], [70.3828125, 66.602490234375], [70.69072265625002, 66.7453125], [69.01347656250002, 66.788330078125], [69.1943359375, 66.578662109375], [69.982421875, 66.401416015625], [72.06757812500001, 66.2533203125], [72.32158203125002, 66.33212890625], [72.41738281250002, 66.560791015625], [73.79208984375, 66.9953125], [74.07451171875002, 67.414111328125], [74.76953125, 67.766357421875], [74.74267578125, 68.07353515625], [74.39140625000002, 68.42060546875], [74.57958984375, 68.751220703125], [75.124609375, 68.86171875], [76.45917968750001, 68.978271484375], [77.23847656250001, 68.469580078125], [77.17441406250003, 67.778515625], [77.77158203125003, 67.570263671875], [78.92246093750003, 67.589111328125], [77.58828125000002, 67.751904296875], [77.66484374999999, 68.190380859375], [77.9951171875, 68.25947265625], [77.65068359374999, 68.90302734375], [76.0009765625, 69.23505859375], [74.81484375000002, 69.090576171875], [73.77568359375002, 69.1982421875], [73.89091796875002, 69.41796875], [73.578125, 69.802978515625], [74.343359375, 70.5787109375], [73.08623046875002, 71.444921875], [73.67177734375002, 71.845068359375], [74.9921875, 72.14482421875], [75.06035156250002, 72.548779296875], [74.78681640625001, 72.811865234375], [75.36933593750001, 72.796630859375], [75.603515625, 72.5810546875], [75.74140625000001, 72.296240234375], [75.27382812500002, 71.958935546875], [75.24746093750002, 71.81337890625], [75.50322265625002, 71.654638671875], [75.2802734375, 71.430078125], [75.73359375000001, 71.26591796875], [79.01542968749999, 70.9501953125], [78.49140625000001, 71.025390625], [78.21259765625001, 71.26630859375], [76.43339843749999, 71.552490234375], [76.03242187500001, 71.910400390625], [76.87138671874999, 72.0330078125], [77.55078125, 71.84208984375], [78.18691406250002, 71.907080078125], [78.01640624999999, 72.092041015625], [77.41083984375001, 72.107763671875], [78.48261718750001, 72.394970703125], [79.42207031250001, 72.38076171875], [80.76249999999999, 72.08916015625], [81.66162109375, 71.715966796875], [83.10664062500001, 71.7205078125], [83.23359375000001, 71.6681640625], [82.97705078125, 71.4513671875], [82.32285156250003, 71.260009765625], [82.3359375, 70.807373046875], [82.16318359375003, 70.59814453125], [82.22119140625, 70.395703125], [82.59248046875001, 70.88994140625], [83.01015625000002, 70.89541015625], [83.03017578125002, 70.580517578125], [82.68232421875001, 70.217724609375], [83.08076171875001, 70.093017578125], [83.07382812500003, 70.276708984375], [83.73593750000003, 70.546484375], [83.15126953125002, 71.10361328125], [83.53437500000001, 71.683935546875], [82.64541015625002, 71.925244140625], [82.09365234375002, 72.2654296875], [80.82705078125002, 72.48828125], [80.65625, 72.71201171875], [80.84160156249999, 72.949169921875], [80.42451171875001, 73.23115234375], [80.58320312500001, 73.56845703125], [86.89296875000002, 73.887109375], [87.02949218750001, 73.824169921875], [85.79257812500003, 73.438330078125], [85.81816406249999, 73.326953125], [86.67705078124999, 73.106787109375], [85.91005859375002, 73.3904296875], [87.57119140625002, 73.8107421875], [86.57109374999999, 74.24375], [86.00136718750002, 74.316015625], [86.39580078124999, 74.45009765625], [87.22968750000001, 74.3638671875], [85.791015625, 74.6451171875], [86.20126953125003, 74.8162109375], [86.86289062500003, 74.71787109375], [87.46757812499999, 75.013232421875], [86.93906250000003, 75.068115234375], [87.00595703125003, 75.16982421875], [87.67138671875, 75.12958984375], [90.18496093750002, 75.591064453125], [94.15634765625003, 75.959228515625], [92.85859375000001, 75.9794921875], [93.25927734375, 76.098779296875], [95.57871093750003, 76.1373046875], [96.07548828124999, 76.081982421875], [95.6533203125, 75.8921875], [96.6005859375, 75.989892578125], [96.4970703125, 75.8912109375], [98.66201171875002, 76.24267578125], [99.77041015625002, 76.028759765625], [99.54072265625001, 75.798583984375], [99.85136718749999, 75.9302734375], [99.82539062500001, 76.1359375], [98.8056640625, 76.4806640625], [101.59775390625003, 76.439208984375], [100.92802734374999, 76.55673828125], [101.09931640625001, 76.70400390625], [100.90585937500003, 76.90068359375], [102.61015624999999, 77.508544921875], [104.01455078125002, 77.730419921875], [106.0595703125, 77.39052734375], [104.20244140624999, 77.101806640625], [107.42978515625003, 76.9265625], [106.41357421875, 76.512255859375], [107.72216796875, 76.522314453125], [108.181640625, 76.737841796875], [111.11484375000003, 76.723046875], [112.09394531250001, 76.480322265625], [111.94267578124999, 76.38046875], [112.61953125000002, 76.383544921875], [112.79843750000003, 76.129638671875], [112.65625, 76.053564453125], [113.27265625000001, 76.25166015625], [113.56386718750002, 75.891650390625], [113.85722656249999, 75.9212890625], [113.56757812500001, 75.568408203125], [112.46611328124999, 75.84365234375], [112.95566406250003, 75.571923828125], [113.72617187500003, 75.450634765625], [112.92490234375003, 75.0150390625], [109.84033203125, 74.32197265625], [109.81025390625001, 74.169189453125], [108.19951171874999, 73.694091796875], [107.27109375000003, 73.621044921875], [106.67939453125001, 73.3306640625], [106.18867187500001, 73.3080078125], [105.14394531250002, 72.77705078125], [106.47792968750002, 73.139404296875], [107.75039062500002, 73.17314453125], [110.8681640625, 73.730712890625], [109.66562500000003, 73.800244140625], [110.26142578125001, 74.017431640625], [111.55058593749999, 74.028515625], [111.22812500000003, 73.9685546875], [112.14726562499999, 73.708935546875], [112.79541015625, 73.74609375], [112.93964843750001, 73.83564453125], [112.8359375, 73.962060546875], [113.03281250000003, 73.9138671875], [113.41621093750001, 73.647607421875], [113.15693359375001, 73.4595703125], [113.49091796875001, 73.34609375], [113.474609375, 73.0478515625], [113.12783203125002, 72.8306640625], [113.66455078125, 72.634521484375], [113.21552734375001, 72.805859375], [113.54277343749999, 73.054345703125], [113.55888671874999, 73.2326171875], [113.88623046875, 73.34580078125], [113.51035156250003, 73.50498046875], [114.060546875, 73.58466796875], [115.33769531249999, 73.702587890625], [118.4501953125, 73.589794921875], [118.93642578125002, 73.481201171875], [118.45703125, 73.464404296875], [118.43027343750003, 73.246533203125], [119.75039062500002, 72.9791015625], [122.53750000000002, 72.877783203125], [122.751953125, 72.906494140625], [122.52675781250002, 73.01669921875], [123.16035156250001, 72.9548828125], [123.62226562500001, 73.19326171875], [123.32265625000002, 73.430810546875], [123.41621093750001, 73.636865234375], [124.54121093750001, 73.75126953125], [125.59853515625002, 73.447412109375], [126.25449218750003, 73.548193359375], [126.29248046875, 73.394189453125], [126.55253906249999, 73.334912109375], [127.03134765625003, 73.5474609375], [127.74033203125003, 73.48154296875], [129.1005859375, 73.112353515625], [128.59902343750002, 72.895166015625], [129.25039062500002, 72.70517578125], [128.41826171875005, 72.53515625], [129.28134765625003, 72.4376953125], [129.41171875000003, 72.315478515625], [129.28349609375005, 72.092041015625], [127.72607421875, 72.41318359375], [128.91142578125005, 71.755322265625], [129.21025390625005, 71.916943359375], [129.46083984375002, 71.739306640625], [128.84326171875, 71.6634765625], [129.7619140625, 71.11953125], [130.537109375, 70.892529296875], [130.75712890625005, 70.962353515625], [131.02158203125003, 70.74609375], [131.56201171875, 70.901025390625], [132.65390625000003, 71.9259765625], [133.68886718750002, 71.434228515625], [134.70273437500003, 71.38681640625], [136.09033203125, 71.619580078125], [137.9396484375, 71.1333984375], [137.84404296875005, 71.226806640625], [138.31406250000003, 71.325537109375], [137.91835937500002, 71.38408203125], [138.23417968750005, 71.596337890625], [139.98417968750005, 71.49150390625], [139.69511718750005, 71.700439453125], [139.72294921875005, 71.8849609375], [139.35927734375002, 71.9513671875], [140.1876953125, 72.19130859375], [139.17636718750003, 72.1634765625], [139.1408203125, 72.329736328125], [139.60117187500003, 72.49609375], [141.079296875, 72.5869140625], [140.65234375, 72.842822265625], [140.80820312500003, 72.890966796875], [146.2529296875, 72.442236328125], [144.16923828125005, 72.2587890625], [144.470703125, 72.174755859375], [146.83183593750005, 72.29541015625], [146.11328125, 71.944970703125], [146.005859375, 71.945458984375], [146.23027343750005, 72.1375], [145.75859375000005, 72.22587890625], [145.75673828125002, 71.94130859375], [145.06396484375, 71.92607421875], [144.98964843750002, 71.753369140625], [145.18857421875003, 71.69580078125], [146.0732421875, 71.808349609375], [147.26181640625003, 72.327880859375], [149.50156250000003, 72.164306640625], [150.01689453125005, 71.895654296875], [148.92333984375, 71.7146484375], [150.66777343750005, 71.455224609375], [150.09765625, 71.2265625], [150.9677734375, 71.38046875], [151.58242187500002, 71.286962890625], [152.0927734375, 71.023291015625], [151.76201171875005, 70.982470703125], [152.5087890625, 70.83447265625], [155.89521484375, 71.0955078125], [158.7021484375, 70.935009765625], [159.91181640625, 70.506103515625], [160.00644531250003, 70.30966796875], [159.72939453125002, 69.87021484375], [159.83251953125, 69.7849609375], [160.91074218750003, 69.60634765625], [161.03554687500002, 69.098193359375], [161.34062500000005, 68.90517578125], [160.85605468750003, 68.538330078125], [161.565625, 68.90517578125], [161.53691406250005, 69.379541015625], [162.166015625, 69.611572265625], [163.2013671875, 69.71474609375], [166.8203125, 69.499560546875], [167.85683593750002, 69.72822265625], [168.15000000000003, 69.577392578125], [168.30302734375005, 69.271484375], [169.31064453125003, 69.079541015625], [169.60986328125, 68.78603515625], [170.53759765625, 68.825390625], [170.99667968750003, 69.134716796875], [170.5822265625, 69.583349609375], [170.16093750000005, 69.6265625], [170.503125, 69.85654296875], [170.48681640625, 70.107568359375], [173.27744140625003, 69.823828125], [173.438671875, 69.946826171875], [175.92148437500003, 69.8953125], [178.84833984375, 69.38720703125], [180.0, 68.983447265625], [180.0, 65.067236328125], [178.51953125, 64.602978515625], [177.74863281250003, 64.717041015625], [176.880859375, 65.08193359375], [176.341015625, 65.047314453125], [177.2228515625, 64.861669921875], [176.06113281250003, 64.960888671875], [174.548828125, 64.68388671875], [176.05654296875002, 64.904736328125], [176.35097656250002, 64.705126953125], [176.14091796875005, 64.58583984375], [177.38750000000005, 64.7740234375], [177.43291015625005, 64.444482421875], [177.6875, 64.304736328125], [178.04472656250005, 64.219580078125], [178.2294921875, 64.364404296875], [178.69248046875003, 63.842333984375], [178.7314453125, 63.66708984375], [178.46611328125005, 63.574072265625], [178.74404296875002, 63.394775390625], [178.79296875, 63.54033203125], [179.33232421875005, 63.190185546875], [179.40507812500005, 63.077734375], [179.25957031250005, 63.00830078125], [179.5705078125, 62.773486328125], [179.12070312500003, 62.320361328125], [177.29257812500003, 62.599023437499994], [177.33896484375003, 62.78134765625], [177.02353515625003, 62.777246093749994], [176.96474609375002, 62.658642578125], [177.15947265625005, 62.560986328125], [174.51435546875, 61.823632812499994], [173.62343750000002, 61.716064453125], [173.1318359375, 61.406640624999994], [172.85654296875003, 61.469189453125], [172.90800781250005, 61.31162109375], [172.3927734375, 61.061767578125], [170.60820312500005, 60.434912109375], [170.35097656250002, 59.96552734375], [169.2267578125, 60.595947265625], [167.2267578125, 60.406298828125], [166.27304687500003, 59.85625], [166.13603515625005, 59.979345703125], [166.35214843750003, 60.484814453125], [165.08457031250003, 60.098583984375], [164.95371093750003, 59.843603515625], [164.52529296875002, 60.061279296875], [164.11328125, 59.89755859375], [163.74384765625, 60.02802734375], [163.36484375000003, 59.7814453125], [163.27285156250002, 59.302587890625], [162.1416015625, 58.447412109374994], [161.96005859375003, 58.076904296875], [162.39140625000005, 57.717236328125], [162.654296875, 57.9482421875], [163.22578125, 57.790380859375], [162.76152343750005, 57.243945312499996], [162.80263671875002, 56.811474609375], [163.25654296875, 56.688037109374996], [163.33554687500003, 56.23251953125], [162.84033203125, 56.065625], [162.628125, 56.232275390625], [163.03837890625005, 56.521875], [162.67148437500003, 56.490087890625], [162.48867187500002, 56.39912109375], [162.52822265625002, 56.260693359375], [162.0849609375, 56.089648437499996], [161.72392578125005, 55.496142578124996], [162.10556640625003, 54.7521484375], [161.62480468750005, 54.516259765625], [160.77265625, 54.541357421875], [160.0744140625, 54.18916015625], [159.84375, 53.783642578125], [160.02509765625, 53.12958984375], [159.5859375, 53.2376953125], [158.74541015625005, 52.908935546875], [158.47207031250002, 53.032373046875], [158.60878906250002, 52.8736328125], [158.4931640625, 52.383154296875], [158.103515625, 51.809619140624996], [156.74775390625, 50.969287109374996], [156.52119140625, 51.380273437499994], [156.36474609375, 52.509375], [156.1103515625, 52.866162109375], [155.56386718750002, 55.19912109375], [155.98251953125003, 56.69521484375], [156.848828125, 57.290185546875], [156.9767578125, 57.46630859375], [156.82988281250005, 57.779638671875], [157.450390625, 57.799267578125], [157.66640625000002, 58.019775390625], [158.27519531250005, 58.008984375], [162.06816406250005, 60.46640625], [163.7099609375, 60.916796875], [163.55351562500005, 61.025634765625], [164.00546875000003, 61.343798828125], [163.80439453125, 61.461376953125], [164.2072265625, 62.292236328125], [164.59833984375, 62.470556640625], [165.20810546875003, 62.373974609375], [165.39658203125003, 62.493896484375], [164.41835937500002, 62.704638671875], [163.33173828125, 62.550927734374994], [163.01767578125003, 61.891064453125], [163.2578125, 61.699462890625], [163.08525390625005, 61.570556640625], [162.85595703125, 61.705029296875], [162.392578125, 61.662109375], [160.7666015625, 60.753320312499994], [160.17363281250005, 60.638427734375], [160.37890625, 61.02548828125], [159.79042968750002, 60.956640625], [160.30937500000005, 61.894384765625], [159.55234375000003, 61.719482421875], [159.18925781250005, 61.92939453125], [157.0841796875, 61.675683593749994], [154.29306640625003, 59.833349609375], [154.14980468750002, 59.528515625], [154.97128906250003, 59.449609374999994], [155.16669921875, 59.36015625], [155.16044921875005, 59.19013671875], [154.0109375, 59.075537109375], [153.36113281250005, 59.214794921875], [152.81787109375, 58.92626953125], [152.31962890625005, 59.03076171875], [151.32675781250003, 58.87509765625], [151.12109375, 59.08251953125], [152.26064453125002, 59.223583984375], [151.34824218750003, 59.5611328125], [150.48359375, 59.494384765625], [150.66728515625005, 59.55634765625], [149.642578125, 59.770410156249994], [149.06523437500005, 59.630517578124994], [149.20498046875002, 59.488183593749994], [148.7970703125, 59.53232421875], [148.744140625, 59.37353515625], [148.96464843750005, 59.369140625], [148.72666015625003, 59.25791015625], [148.25742187500003, 59.414208984374994], [147.51445312500005, 59.2685546875], [146.53720703125003, 59.456982421875], [146.04951171875, 59.170556640624994], [145.55458984375002, 59.413525390625], [143.86875000000003, 59.411376953125], [142.5802734375, 59.240136718749994], [142.025390625, 58.999658203124994], [140.790234375, 58.303466796875], [140.44687500000003, 57.813671875], [139.181640625, 57.261523437499996], [137.69150390625003, 56.13935546875], [135.21152343750003, 54.8408203125], [135.8515625, 54.583935546875], [136.79726562500002, 54.62099609375], [136.68300781250002, 53.931298828125], [136.80263671875002, 53.781982421875], [137.15537109375003, 53.8216796875], [137.2580078125, 54.025244140625], [137.1416015625, 54.1822265625], [137.666015625, 54.28330078125], [137.33925781250002, 54.100537109375], [137.83476562500005, 53.946728515625], [137.25371093750005, 53.546142578125], [137.95048828125005, 53.603564453124996], [138.52792968750003, 53.95986328125], [138.56914062500005, 53.818798828125], [138.24970703125, 53.5240234375], [138.45068359375, 53.53701171875], [138.6994140625, 53.8697265625], [138.6572265625, 54.29833984375], [139.70742187500002, 54.277148437499996], [141.37373046875, 53.292773437499996], [141.18125000000003, 53.015283203125], [140.83964843750005, 53.087890625], [141.255859375, 52.840136718749996], [141.13242187500003, 52.435693359375], [141.48525390625002, 52.178515624999996], [140.9326171875, 51.619921874999996], [140.52089843750002, 50.800195312499994], [140.62451171875, 50.082421874999994], [140.46269531250005, 49.911474609375], [140.37832031250002, 48.964111328125], [140.11328125, 48.422656249999996], [138.58681640625002, 47.0572265625], [138.3369140625, 46.543408203125], [137.68544921875002, 45.818359375], [135.87460937500003, 44.37353515625], [135.1310546875, 43.525732421875], [133.15996093750005, 42.69697265625], [132.30380859375003, 42.88330078125], [132.3095703125, 43.313525390624996], [131.86660156250002, 43.095166015625], [131.93896484375, 43.301953125], [131.15830078125003, 42.626025390624996], [130.70937500000002, 42.656396484374994], [130.8341796875, 42.52294921875], [130.68730468750005, 42.302539062499996], [130.4248046875, 42.72705078125]]], [[[48.44570312500002, 80.806005859375], [48.68359375, 80.633251953125], [47.70527343750001, 80.765185546875], [46.14140625000002, 80.446728515625], [44.90498046875001, 80.611279296875], [47.441992187500006, 80.853662109375], [48.44570312500002, 80.806005859375]]], [[[50.80107421875002, 80.91416015625], [51.70361328125, 80.687646484375], [48.896093750000006, 80.369189453125], [48.67705078125002, 80.300048828125], [48.9775390625, 80.16259765625], [48.38623046875, 80.09580078125], [46.64443359375002, 80.300341796875], [47.89580078125002, 80.529052734375], [49.08779296875002, 80.515771484375], [49.24433593750001, 80.82138671875], [50.80107421875002, 80.91416015625]]], [[[61.35595703125, 75.31484375], [60.27685546875, 75.007568359375], [60.50136718750002, 74.904638671875], [59.74726562500001, 74.7458984375], [59.67402343750001, 74.61015625], [59.24013671875002, 74.69296875], [59.04042968750002, 74.485546875], [58.53466796875, 74.49892578125], [58.61787109375001, 74.227392578125], [57.76738281250002, 74.013818359375], [57.87226562500001, 73.850439453125], [57.755957031250006, 73.769189453125], [57.313085937500006, 73.838037109375], [57.542578125000006, 73.658203125], [56.63417968750002, 73.304296875], [55.0068359375, 73.453857421875], [54.299902343750006, 73.3509765625], [53.76289062500001, 73.766162109375], [54.642675781250006, 73.9595703125], [55.340917968750006, 74.41962890625], [56.13710937500002, 74.49609375], [55.58222656250001, 74.627685546875], [56.49873046875001, 74.957080078125], [55.81005859375, 75.12490234375], [56.5703125, 75.09775390625], [56.87626953125002, 75.244384765625], [56.84443359375001, 75.351416015625], [57.60683593750002, 75.341259765625], [58.05830078125001, 75.6630859375], [60.279296875, 76.096240234375], [60.94218750000002, 76.0712890625], [61.20166015625, 76.28203125], [64.4634765625, 76.378173828125], [67.53496093750002, 77.007763671875], [68.48574218750002, 76.93369140625], [68.94169921875002, 76.707666015625], [68.16542968750002, 76.28486328125], [61.35595703125, 75.31484375]]], [[[56.42958984375002, 73.201171875], [56.121679687500006, 72.806591796875], [55.4033203125, 72.549072265625], [55.51806640625, 72.220654296875], [55.2978515625, 71.9353515625], [56.45439453125002, 71.107373046875], [57.62539062500002, 70.72880859375], [57.14589843750002, 70.589111328125], [56.26005859375002, 70.71474609375], [56.56132812500002, 70.5935546875], [56.4345703125, 70.56298828125], [53.72236328125001, 70.814453125], [53.38359375000002, 70.87353515625], [53.61357421875002, 70.9146484375], [53.670507812500006, 71.0869140625], [54.15566406250002, 71.12548828125], [53.40996093750002, 71.34013671875], [53.41162109375, 71.530126953125], [51.93789062500002, 71.47470703125], [51.43867187500001, 71.776806640625], [51.58251953125, 72.07119140625], [52.6220703125, 72.3009765625], [52.916601562500006, 72.668896484375], [52.55058593750002, 72.7685546875], [53.36982421875001, 72.916748046875], [53.25117187500001, 73.182958984375], [54.80390625000001, 73.387646484375], [56.42958984375002, 73.201171875]]], [[[97.8564453125, 80.698095703125], [97.11308593749999, 80.6140625], [97.025390625, 80.535546875], [97.4169921875, 80.32314453125], [97.17519531250002, 80.241015625], [94.56503906250003, 80.12607421875], [93.87236328124999, 80.010107421875], [91.52382812500002, 80.358544921875], [92.82675781250003, 80.6185546875], [93.26249999999999, 80.791259765625], [92.61015624999999, 80.810009765625], [93.35869140624999, 81.031689453125], [95.80068359375002, 81.28046875], [97.8564453125, 80.698095703125]]], [[[98.01777343750001, 80.0228515625], [97.65166015624999, 79.76064453125], [98.59648437499999, 80.052197265625], [99.94658203124999, 79.848974609375], [100.06123046875001, 79.777099609375], [99.78164062500002, 79.628271484375], [99.6806640625, 79.32333984375], [99.04179687499999, 79.293017578125], [99.92929687500003, 78.96142578125], [97.55546874999999, 78.8265625], [94.791015625, 79.08662109375], [94.21875, 79.40234375], [93.07080078125, 79.4953125], [94.9873046875, 80.096826171875], [97.67451171875001, 80.158251953125], [98.01777343750001, 80.0228515625]]], [[[102.41230468750001, 78.83544921875], [103.80078125, 79.149267578125], [104.63320312500002, 78.83515625], [105.14599609375, 78.81884765625], [105.34267578125002, 78.5939453125], [104.74179687500003, 78.33974609375], [101.2041015625, 78.191943359375], [99.84501953124999, 77.9568359375], [99.287109375, 78.0380859375], [100.01894531250002, 78.338916015625], [100.41640625000002, 78.753173828125], [100.95576171875001, 78.7884765625], [100.85624999999999, 78.89775390625], [101.05224609375, 79.1232421875], [101.59062499999999, 79.350439453125], [102.25126953124999, 79.2560546875], [102.1806640625, 79.373388671875], [102.40488281250003, 79.433203125], [103.09794921874999, 79.29912109375], [102.41230468750001, 78.83544921875]]], [[[140.81591796875, 75.630712890625], [140.9853515625, 75.964501953125], [141.48544921875003, 76.137158203125], [145.35996093750003, 75.53046875], [144.0197265625, 75.044677734375], [142.82011718750005, 75.267822265625], [142.69960937500002, 75.448876953125], [142.94179687500002, 75.71328125], [142.30791015625005, 75.69169921875], [142.08623046875005, 75.66064453125], [142.19882812500003, 75.39267578125], [143.1279296875, 74.9703125], [142.47275390625003, 74.82041015625], [141.9873046875, 74.991259765625], [140.26787109375005, 74.846923828125], [139.68125000000003, 74.9640625], [139.09912109375, 74.65654296875], [138.09228515625, 74.7974609375], [136.94765625000002, 75.325537109375], [137.28974609375, 75.3486328125], [137.26884765625005, 75.7494140625], [137.70654296875, 75.7595703125], [137.560546875, 75.955224609375], [138.20761718750003, 76.11494140625], [138.91953125000003, 76.196728515625], [140.81591796875, 75.630712890625]]], [[[148.43242187500005, 75.413525390625], [148.59013671875005, 75.236376953125], [150.82236328125003, 75.15654296875], [150.5802734375, 74.9189453125], [149.05019531250002, 74.7724609375], [146.14853515625003, 75.198291015625], [146.4384765625, 75.558203125], [146.7509765625, 75.51044921875], [146.79521484375005, 75.370751953125], [148.43242187500005, 75.413525390625]]], [[[178.68388671875005, 71.1056640625], [180.0, 71.537744140625], [180.0, 70.993017578125], [178.8615234375, 70.826416015625], [178.68388671875005, 71.1056640625]]], [[[142.97617187500003, 54.140966796875], [142.91796875, 53.794238281249996], [143.32470703125, 52.9630859375], [143.190625, 51.944482421875], [143.81601562500003, 50.282617187499994], [144.71376953125002, 48.640283203124994], [144.04873046875002, 49.249169921874994], [143.10498046875, 49.198828125], [142.57421875, 48.072167968749994], [142.55693359375005, 47.737890625], [143.21767578125002, 46.794873046875], [143.48564453125005, 46.75205078125], [143.58066406250003, 46.360693359375], [143.431640625, 46.028662109375], [143.28232421875003, 46.558984374999994], [142.57802734375002, 46.70078125], [142.0771484375, 45.917041015624996], [141.83037109375005, 46.451074218749994], [142.03867187500003, 47.140283203124994], [141.9640625, 47.587451171874996], [142.18173828125003, 48.01337890625], [141.86630859375003, 48.75009765625], [142.14228515625, 49.569140624999996], [142.06601562500003, 50.63046875], [142.20673828125, 51.222558593749994], [141.72236328125, 51.736328125], [141.66083984375, 52.27294921875], [141.85556640625003, 52.793505859374996], [141.82353515625005, 53.339501953125], [142.14199218750002, 53.49560546875], [142.52617187500005, 53.4474609375], [142.70595703125002, 53.895703125], [142.3349609375, 54.280712890625], [142.69277343750002, 54.41611328125], [142.97617187500003, 54.140966796875]]], [[[-178.353564453125, 71.52919921875], [-177.498486328125, 71.219140625], [-179.156884765625, 70.93984375], [-179.999951171875, 70.993017578125], [-179.999951171875, 71.537744140625], [-178.353564453125, 71.52919921875]]], [[[35.77871093750002, 64.97666015625], [35.528906250000006, 65.15107421875], [35.81611328125001, 65.182080078125], [35.77871093750002, 64.97666015625]]], [[[42.47734375000002, 66.73505859375], [42.460058593750006, 66.770361328125], [42.631445312500006, 66.7822265625], [42.71367187500002, 66.701708984375], [42.47734375000002, 66.73505859375]]], [[[53.19257812500001, 71.215283203125], [53.12099609375002, 70.98203125], [52.239843750000006, 71.325048828125], [52.9033203125, 71.364990234375], [53.19257812500001, 71.215283203125]]], [[[168.08134765625005, 54.512744140624996], [167.44150390625003, 54.855859375], [167.88261718750005, 54.690478515624996], [168.08134765625005, 54.512744140624996]]], [[[160.50478515625002, 70.8197265625], [160.4404296875, 70.92265625], [160.56582031250002, 70.923779296875], [160.7189453125, 70.822705078125], [160.50478515625002, 70.8197265625]]], [[[161.13652343750005, 69.11025390625], [161.08281250000005, 69.4056640625], [161.50517578125005, 69.639453125], [161.60927734375002, 69.500927734375], [161.35087890625005, 69.3693359375], [161.46708984375005, 68.9009765625], [161.13652343750005, 69.11025390625]]], [[[152.786328125, 76.085791015625], [152.55859375, 76.143603515625], [152.79941406250003, 76.19482421875], [152.786328125, 76.085791015625]]], [[[148.3986328125, 76.6482421875], [149.4064453125, 76.782080078125], [149.15019531250005, 76.659912109375], [148.3986328125, 76.6482421875]]], [[[137.71181640625002, 71.4232421875], [137.06406250000003, 71.5298828125], [137.81679687500002, 71.587890625], [137.95986328125002, 71.507666015625], [137.71181640625002, 71.4232421875]]], [[[107.48164062500001, 78.057763671875], [106.41552734375, 78.13984375], [107.50830078125, 78.189404296875], [107.69550781250001, 78.130908203125], [107.48164062500001, 78.057763671875]]], [[[112.66083984375001, 76.5095703125], [111.96894531250001, 76.626171875], [112.47802734375, 76.6208984375], [112.66083984375001, 76.5095703125]]], [[[96.61396484375001, 76.263818359375], [96.30058593749999, 76.121728515625], [95.31113281250003, 76.21474609375], [96.61396484375001, 76.263818359375]]], [[[95.85468750000001, 76.974951171875], [95.27031249999999, 77.01884765625], [96.56191406250002, 77.154052734375], [95.85468750000001, 76.974951171875]]], [[[89.29951171875001, 77.183984375], [89.14169921875003, 77.226806640625], [89.28154296874999, 77.30146484375], [89.67958984375002, 77.280322265625], [89.29951171875001, 77.183984375]]], [[[74.43476562500001, 72.907666015625], [74.1001953125, 73.021533203125], [74.9615234375, 73.0625], [74.43476562500001, 72.907666015625]]], [[[75.3443359375, 73.432275390625], [76.05156249999999, 73.549267578125], [75.8271484375, 73.459130859375], [75.3443359375, 73.432275390625]]], [[[83.41064453125, 74.03955078125], [82.81777343750002, 74.0916015625], [83.14980468750002, 74.151611328125], [83.61835937500001, 74.089453125], [83.41064453125, 74.03955078125]]], [[[67.26396484375002, 69.442529296875], [67.02587890625, 69.483203125], [67.21611328125002, 69.575390625], [67.34492187500001, 69.529833984375], [67.26396484375002, 69.442529296875]]], [[[66.40761718750002, 70.615771484375], [66.44023437500002, 70.77265625], [66.45771484375001, 70.698779296875], [66.56093750000002, 70.541748046875], [66.40761718750002, 70.615771484375]]], [[[69.8447265625, 66.48974609375], [69.4693359375, 66.715966796875], [70.07666015625, 66.6958984375], [70.11005859375001, 66.569091796875], [69.8447265625, 66.48974609375]]], [[[49.97089843750001, 80.0607421875], [49.55605468750002, 80.158935546875], [49.88369140625002, 80.230224609375], [50.31914062500002, 80.17236328125], [49.97089843750001, 80.0607421875]]], [[[50.4541015625, 79.9244140625], [50.091406250000006, 79.98056640625], [50.93632812500002, 80.09423828125], [51.409277343750006, 79.94423828125], [50.4541015625, 79.9244140625]]], [[[50.518164062500006, 81.045556640625], [50.36845703125002, 81.122509765625], [50.715917968750006, 81.170654296875], [50.94619140625002, 81.108154296875], [50.518164062500006, 81.045556640625]]], [[[55.19511718750002, 80.226806640625], [54.97968750000001, 80.2564453125], [55.24003906250002, 80.325390625], [55.47968750000001, 80.273828125], [55.19511718750002, 80.226806640625]]], [[[54.27587890625, 80.421337890625], [53.81191406250002, 80.476220703125], [53.87724609375002, 80.6052734375], [54.41533203125002, 80.472802734375], [54.27587890625, 80.421337890625]]], [[[59.330664062500006, 79.923046875], [58.91923828125002, 79.984619140625], [59.544531250000006, 80.11884765625], [59.91103515625002, 79.994287109375], [59.330664062500006, 79.923046875]]], [[[58.93056640625002, 80.831689453125], [57.93789062500002, 80.793359375], [57.2109375, 81.01708984375], [58.62236328125002, 81.041650390625], [58.93056640625002, 80.831689453125]]], [[[47.92031250000002, 45.562060546874996], [47.94716796875002, 45.6470703125], [47.98710937500002, 45.554052734375], [47.92031250000002, 45.562060546874996]]], [[[50.22060546875002, 69.048779296875], [50.09394531250001, 69.125537109375], [49.62626953125002, 68.859716796875], [48.91035156250001, 68.74306640625], [48.439062500000006, 68.8048828125], [48.27880859375, 69.04033203125], [48.41386718750002, 69.345654296875], [48.95332031250001, 69.50927734375], [50.265234375000006, 69.185595703125], [50.22060546875002, 69.048779296875]]], [[[62.52031250000002, 80.821875], [64.095703125, 80.99833984375], [64.57539062500001, 81.198486328125], [65.17197265625, 81.14404296875], [65.43740234375002, 80.930712890625], [63.37382812500002, 80.70009765625], [62.52031250000002, 80.821875]]], [[[57.33232421875002, 80.15810546875], [57.01113281250002, 80.468310546875], [59.255468750000006, 80.343212890625], [58.39794921875, 80.31875], [57.95625000000001, 80.1232421875], [57.33232421875002, 80.15810546875]]], [[[62.22773437500001, 80.794384765625], [62.075781250000006, 80.616943359375], [61.05126953125, 80.418603515625], [59.64980468750002, 80.43125], [59.288183593750006, 80.57265625], [59.7158203125, 80.836376953125], [62.22773437500001, 80.794384765625]]], [[[60.826757812500006, 80.9296875], [60.058203125000006, 80.984619140625], [60.58662109375001, 81.0876953125], [61.5673828125, 81.05029296875], [60.826757812500006, 80.9296875]]], [[[52.63593750000001, 80.178857421875], [52.21337890625, 80.263720703125], [53.185644531250006, 80.412646484375], [53.851660156250006, 80.268359375], [52.63593750000001, 80.178857421875]]], [[[56.986914062500006, 80.071484375], [55.72402343750002, 80.104736328125], [56.01220703125, 80.20390625], [56.0244140625, 80.34130859375], [57.078710937500006, 80.350927734375], [56.986914062500006, 80.071484375]]], [[[58.56386718750002, 81.418408203125], [57.85869140625002, 81.36806640625], [58.01533203125001, 81.254833984375], [57.45097656250002, 81.135546875], [55.71669921875002, 81.1884765625], [55.46601562500001, 81.311181640625], [57.81025390625001, 81.546044921875], [58.56386718750002, 81.418408203125]]], [[[56.472265625000006, 80.9982421875], [57.69414062500002, 80.79228515625], [55.883398437500006, 80.62841796875], [54.06660156250001, 80.813623046875], [54.71894531250001, 81.115966796875], [56.472265625000006, 80.9982421875]]], [[[62.88496093750001, 81.60888671875], [62.1064453125, 81.679345703125], [62.794921875, 81.7189453125], [63.78242187500001, 81.6498046875], [62.88496093750001, 81.60888671875]]], [[[57.909277343750006, 81.721923828125], [58.13457031250002, 81.827978515625], [59.3564453125, 81.758984375], [57.909277343750006, 81.721923828125]]], [[[92.15371093750002, 79.68466796875], [91.0703125, 79.981494140625], [93.80312500000002, 79.904541015625], [92.15371093750002, 79.68466796875]]], [[[91.22285156250001, 81.063818359375], [89.90117187499999, 81.170703125], [91.56718749999999, 81.1412109375], [91.22285156250001, 81.063818359375]]], [[[140.40947265625005, 73.9216796875], [140.1015625, 74.18427734375], [140.9443359375, 74.2646484375], [141.09746093750005, 74.167822265625], [141.01025390625, 73.999462890625], [140.40947265625005, 73.9216796875]]], [[[143.34375, 73.56875], [143.49130859375003, 73.246435546875], [139.685546875, 73.425732421875], [140.38066406250005, 73.4830078125], [141.08476562500005, 73.865869140625], [142.18486328125005, 73.8958984375], [143.34375, 73.56875]]], [[[135.45195312500005, 75.38955078125], [135.69863281250002, 75.845263671875], [136.1689453125, 75.60556640625], [136.0205078125, 75.43837890625], [135.45195312500005, 75.38955078125]]], [[[136.12167968750003, 73.885009765625], [135.38701171875005, 74.253369140625], [136.03681640625, 74.09033203125], [136.25917968750002, 73.9849609375], [136.12167968750003, 73.885009765625]]], [[[138.20615234375003, 55.033544921875], [137.72148437500005, 54.663232421875], [137.46269531250005, 54.873388671875], [137.23291015625, 54.790576171874996], [137.57734375, 55.197021484375], [138.20615234375003, 55.033544921875]]], [[[168.34804687500002, 69.66435546875], [167.78886718750005, 69.836865234375], [168.35791015625, 70.015673828125], [169.42070312500005, 69.8560546875], [169.20078125000003, 69.58046875], [168.34804687500002, 69.66435546875]]], [[[163.4318359375, 58.546142578125], [163.7609375, 59.015039062499994], [164.57265625000002, 59.221142578125], [164.61572265625, 58.885595703125], [163.4318359375, 58.546142578125]]], [[[166.64511718750003, 54.694091796875], [165.75107421875003, 55.29453125], [166.27578125000002, 55.311962890625], [166.248046875, 55.1654296875], [166.64511718750003, 54.694091796875]]], [[[154.61093750000003, 49.29404296875], [154.82490234375, 49.646923828125], [154.899609375, 49.63037109375], [154.81044921875002, 49.31201171875], [154.61093750000003, 49.29404296875]]], [[[156.32578125000003, 50.639062499999994], [156.16796875, 50.731884765625], [156.45585937500005, 50.8595703125], [156.32578125000003, 50.639062499999994]]], [[[155.39716796875, 50.041259765625], [155.19511718750005, 50.264550781249994], [155.68017578125, 50.400732421875], [156.096875, 50.771874999999994], [155.92109375, 50.302197265625], [155.39716796875, 50.041259765625]]], [[[153.99228515625003, 48.772509765624996], [154.12636718750002, 48.904443359374994], [154.22841796875002, 48.89208984375], [153.99228515625003, 48.772509765624996]]], [[[155.55351562500005, 50.810595703124996], [155.46738281250003, 50.91357421875], [155.6396484375, 50.910498046875], [155.55351562500005, 50.810595703124996]]], [[[153.05380859375003, 47.706103515624996], [152.98427734375002, 47.727929687499994], [153.07919921875003, 47.808740234374994], [153.05380859375003, 47.706103515624996]]], [[[151.815625, 46.787109375], [151.71533203125, 46.852685546874994], [151.86435546875003, 46.868994140625], [152.28886718750005, 47.1421875], [151.815625, 46.787109375]]], [[[149.44707031250005, 45.593359375], [149.96230468750002, 46.021923828125], [150.55312500000002, 46.208544921874996], [149.44707031250005, 45.593359375]]], [[[147.65781250000003, 44.9771484375], [146.8974609375, 44.404296875], [147.9240234375, 45.38330078125], [148.32421875, 45.282421875], [148.81220703125, 45.510009765625], [148.837109375, 45.362695312499994], [147.65781250000003, 44.9771484375]]], [[[146.60859375, 43.740478515625], [146.82460937500002, 43.860498046874994], [146.89902343750003, 43.804150390625], [146.60859375, 43.740478515625]]], [[[146.56777343750002, 44.4404296875], [145.9140625, 44.1037109375], [145.555859375, 43.664599609374996], [145.43925781250005, 43.737060546875], [146.11210937500005, 44.500146484374994], [146.56777343750002, 44.4404296875]]], [[[112.78242187500001, 74.095068359375], [111.50341796875, 74.353076171875], [111.87978515625002, 74.363818359375], [112.08447265625, 74.548974609375], [113.38720703125, 74.400439453125], [112.78242187500001, 74.095068359375]]], [[[77.36015624999999, 79.5568359375], [77.58896484375003, 79.501904296875], [76.64951171875003, 79.493408203125], [76.05156249999999, 79.6447265625], [77.36015624999999, 79.5568359375]]], [[[79.09853515625002, 80.812060546875], [78.97763671875003, 80.8482421875], [79.21738281250003, 80.9603515625], [80.42792968750001, 80.927685546875], [79.09853515625002, 80.812060546875]]], [[[69.92011718750001, 73.084521484375], [69.99589843750002, 73.359375], [70.35000000000002, 73.47763671875], [71.02324218750002, 73.50419921875], [71.63046875, 73.2248046875], [69.92011718750001, 73.084521484375]]], [[[77.14560546875003, 72.281884765625], [76.87109375, 72.317041015625], [77.57871093750003, 72.630859375], [78.36513671875002, 72.482421875], [77.14560546875003, 72.281884765625]]], [[[78.88056640625001, 72.751611328125], [78.63320312500002, 72.850732421875], [79.16425781250001, 73.0943359375], [79.54130859374999, 72.91865234375], [79.50146484375, 72.721923828125], [78.88056640625001, 72.751611328125]]], [[[82.22158203125002, 75.350537109375], [81.978515625, 75.247119140625], [81.50058593750003, 75.367919921875], [82.16562500000003, 75.515625], [82.22158203125002, 75.350537109375]]], [[[60.44023437500002, 69.725927734375], [59.724609375, 69.706201171875], [59.50263671875001, 69.8662109375], [58.952734375000006, 69.8927734375], [58.47304687500002, 70.266845703125], [59.04804687500001, 70.460498046875], [60.45048828125002, 69.93486328125], [60.44023437500002, 69.725927734375]]], [[[20.594824218750006, 54.982373046875], [21.188867187500023, 54.935205078125], [21.235742187500023, 55.264111328125], [21.389257812500006, 55.275537109375], [22.567285156250023, 55.059130859374996], [22.82470703125, 54.8712890625], [22.684472656250023, 54.562939453125], [22.766210937500006, 54.356787109375], [19.604394531250023, 54.4591796875], [19.974511718750023, 54.921191406249996], [20.520312500000017, 54.994873046875], [20.957812500000017, 55.27890625], [20.594824218750006, 54.982373046875]]], [[[33.80666706902298, 46.20828807156539], [34.686878348314735, 45.97695049175155], [35.45751953125006, 45.31630859375008], [36.57499999999999, 45.3935546875], [36.39335937500016, 45.06538085937507], [35.472558593750136, 45.09848632812509], [35.087695312500045, 44.80263671875002], [34.716894531250034, 44.80712890625006], [34.07441406250001, 44.423828125000114], [33.7556640625001, 44.39892578125006], [33.45068359375, 44.553662109375125], [33.555175781250114, 45.097656250000114], [32.508007812500125, 45.403808593750114], [33.6648437500001, 45.94707031249993], [33.59414062500008, 46.09624023437499], [33.80666706902298, 46.20828807156539]]]]}}, {"id": "181", "type": "Feature", "properties": {"iso3": "FRO", "name": "Faeroe Is."}, "geometry": {"type": "MultiPolygon", "coordinates": [[[[-6.670166015625, 61.76865234375], [-6.884765625, 61.89912109375], [-6.662109375, 61.861767578125], [-6.670166015625, 61.76865234375]]], [[[-6.888134765624983, 61.534765625], [-6.934863281249989, 61.634326171875], [-6.740624999999994, 61.5705078125], [-6.699462890625, 61.44462890625], [-6.888134765624983, 61.534765625]]], [[[-7.065185546875, 62.0732421875], [-7.254931640624989, 62.046142578125], [-7.422607421875, 62.140283203124994], [-7.065185546875, 62.0732421875]]], [[[-6.655810546874989, 62.093603515625], [-6.840527343749983, 62.119287109374994], [-6.725195312499977, 61.95146484375], [-7.172167968749989, 62.285595703125], [-6.631054687499983, 62.227880859375], [-6.655810546874989, 62.093603515625]]], [[[-6.544140624999983, 62.205615234375], [-6.554589843749994, 62.3556640625], [-6.406054687499989, 62.258642578125], [-6.544140624999983, 62.205615234375]]]]}}, {"id": "144", "type": "Feature", "properties": {"iso3": "ISL", "name": "Iceland"}, "geometry": {"type": "Polygon", "coordinates": [[[-14.595849609374994, 66.38154296875], [-15.116406249999983, 66.10244140625], [-14.698193359374983, 66.02021484375], [-14.827099609374983, 65.7642578125], [-14.391845703125, 65.78740234375], [-14.318164062499989, 65.68447265625], [-14.473388671875, 65.575341796875], [-13.617871093749983, 65.5193359375], [-13.804785156249977, 65.35478515625], [-13.569677734374977, 65.068115234375], [-14.04443359375, 64.74189453125], [-14.385107421874977, 64.74521484375], [-14.628222656249989, 64.415966796875], [-18.65361328124999, 63.406689453125], [-20.198144531249994, 63.555810546874994], [-20.494042968749994, 63.687353515625], [-20.413964843749994, 63.80517578125], [-20.65092773437499, 63.73740234375], [-21.10595703125, 63.939843749999994], [-22.652197265624977, 63.827734375], [-22.701171875, 64.083203125], [-22.187597656249977, 64.039208984375], [-21.463330078124983, 64.379150390625], [-22.053369140624994, 64.313916015625], [-21.950341796874994, 64.514990234375], [-21.59062499999999, 64.6263671875], [-22.10600585937499, 64.533056640625], [-22.467041015625, 64.794970703125], [-23.818994140624994, 64.73916015625], [-24.02617187499999, 64.863427734375], [-21.89213867187499, 65.048779296875], [-21.76372070312499, 65.17373046875], [-22.50908203124999, 65.19677734375], [-21.844384765624994, 65.44736328125], [-22.902490234374994, 65.58046875], [-23.89990234375, 65.407568359375], [-24.475683593749977, 65.5251953125], [-23.85673828124999, 65.53837890625], [-24.092626953124977, 65.77646484375], [-23.285351562499983, 65.75], [-23.832617187499977, 65.84921875], [-23.52495117187499, 65.880029296875], [-23.77734375, 66.017578125], [-23.434472656249994, 66.02421875], [-23.598535156249994, 66.108837890625], [-23.452539062499994, 66.181005859375], [-22.44169921874999, 65.90830078125], [-22.4453125, 66.07001953125], [-22.947900390624994, 66.212744140625], [-22.48442382812499, 66.26630859375], [-23.116943359375, 66.338720703125], [-22.88920898437499, 66.440625], [-22.426123046874977, 66.430126953125], [-21.406884765624994, 66.0255859375], [-21.51665039062499, 65.967578125], [-21.308789062499983, 65.8953125], [-21.374902343749994, 65.74189453125], [-21.658447265625, 65.723583984375], [-21.12968749999999, 65.2666015625], [-20.804345703124994, 65.63642578125], [-20.454833984375, 65.571044921875], [-20.356591796874994, 66.033251953125], [-20.20751953125, 66.10009765625], [-19.489697265624983, 65.76806640625], [-19.382958984374994, 66.07568359375], [-18.845898437499983, 66.183935546875], [-18.141943359374977, 65.73408203125], [-18.29716796874999, 66.157421875], [-17.550439453124994, 65.964404296875], [-17.153027343749983, 66.20283203125], [-16.485009765624994, 66.195947265625], [-16.540673828124994, 66.446728515625], [-16.24931640624999, 66.522900390625], [-15.543115234374994, 66.228515625], [-14.595849609374994, 66.38154296875]]]}}, {"id": "180", "type": "Feature", "properties": {"iso3": "GRL", "name": "Greenland"}, "geometry": {"type": "MultiPolygon", "coordinates": [[[[-25.795068359374994, 83.260986328125], [-31.99267578125, 83.0853515625], [-32.03271484375, 82.983447265625], [-25.123388671874977, 83.159619140625], [-24.470312499999977, 82.877392578125], [-21.520654296874994, 82.59541015625], [-23.118066406249994, 82.32470703125], [-29.887402343749983, 82.054833984375], [-29.543847656249994, 81.93994140625], [-25.148828124999994, 82.001123046875], [-24.293066406249977, 81.7009765625], [-23.49614257812499, 81.773046875], [-22.940087890624994, 82.030517578125], [-21.337988281249977, 82.068701171875], [-21.130322265624983, 81.934228515625], [-21.146582031249977, 81.695166015625], [-21.50390625, 81.4375], [-23.072460937499983, 80.926708984375], [-23.11772460937499, 80.778173828125], [-19.62993164062499, 81.639892578125], [-17.4560546875, 81.397705078125], [-16.120703124999977, 81.776611328125], [-14.241992187499989, 81.8138671875], [-11.425537109375, 81.480615234375], [-13.126220703125, 81.08779296875], [-14.452343749999983, 80.993115234375], [-14.228564453124989, 80.870458984375], [-14.503564453124994, 80.76328125], [-16.760595703124977, 80.573388671875], [-15.937255859375, 80.42763671875], [-16.48876953125, 80.251953125], [-19.42919921875, 80.25771484375], [-20.150146484375, 80.01123046875], [-20.06884765625, 79.773779296875], [-19.35302734375, 79.7341796875], [-19.414013671874983, 79.348828125], [-18.99199218749999, 79.178369140625], [-21.133740234374983, 78.658642578125], [-20.955664062499977, 78.555029296875], [-21.729589843749977, 77.708544921875], [-20.86259765624999, 77.911865234375], [-19.490429687499983, 77.718896484375], [-19.296093749999983, 77.58525390625], [-20.680810546874994, 77.618994140625], [-20.23193359375, 77.368408203125], [-18.442626953125, 77.259375], [-18.292382812499994, 77.132861328125], [-18.337255859374977, 76.92119140625], [-18.60576171874999, 76.76328125], [-20.486718749999994, 76.92080078125], [-21.614697265624983, 76.687890625], [-22.334326171874977, 76.793701171875], [-22.606640624999983, 76.68076171875], [-21.877343749999994, 76.573486328125], [-21.488232421874983, 76.271875], [-19.862890624999977, 76.120654296875], [-19.957714843749983, 75.9966796875], [-19.508984374999983, 75.75751953125], [-19.399511718749977, 75.49443359375], [-19.5263671875, 75.180224609375], [-20.484960937499977, 75.3142578125], [-21.649316406249994, 75.0234375], [-22.232861328124983, 75.1197265625], [-21.69511718749999, 74.964453125], [-20.985791015624983, 75.074365234375], [-20.795312499999994, 74.80595703125], [-21.038476562499994, 74.654150390625], [-20.861572265625, 74.6359375], [-20.417089843749977, 74.9751953125], [-19.98491210937499, 74.9751953125], [-19.287011718749994, 74.54638671875], [-19.271582031249977, 74.342626953125], [-21.12944335937499, 74.110888671875], [-21.954931640624977, 74.244287109375], [-21.761962890625, 74.482763671875], [-21.982617187499983, 74.56748046875], [-21.97270507812499, 74.3900390625], [-22.334326171874977, 74.286376953125], [-22.195654296874977, 74.205712890625], [-22.33525390624999, 74.063427734375], [-22.13481445312499, 73.990478515625], [-20.367285156249977, 73.8482421875], [-20.63671875, 73.46357421875], [-22.346874999999983, 73.26923828125], [-23.23320312499999, 73.397705078125], [-24.15771484375, 73.764453125], [-24.67724609375, 73.602197265625], [-25.52128906249999, 73.851611328125], [-24.7783203125, 73.539892578125], [-26.06230468749999, 73.25302734375], [-27.270410156249994, 73.436279296875], [-26.541845703125006, 73.248974609375], [-27.561621093750006, 73.1384765625], [-27.348046874999994, 73.067822265625], [-24.132666015624977, 73.409375], [-22.036328124999983, 72.91845703125], [-22.074804687499977, 72.39921875], [-22.280224609374983, 72.344775390625], [-22.293212890625, 72.11953125], [-24.069042968749983, 72.49873046875], [-24.629980468749977, 73.037646484375], [-26.657617187499994, 72.7158203125], [-24.813330078124977, 72.901513671875], [-24.70068359375, 72.50634765625], [-25.203710937499977, 72.39296875], [-24.572363281249977, 72.42021484375], [-21.959667968749983, 71.744677734375], [-22.50322265624999, 71.500439453125], [-22.479638671874994, 71.383447265625], [-22.417578124999977, 71.248681640625], [-22.299023437499983, 71.43232421875], [-21.75224609374999, 71.4783203125], [-21.522656249999983, 70.526220703125], [-22.384130859374977, 70.46240234375], [-22.43701171875, 70.860009765625], [-22.690673828125, 70.4373046875], [-23.327832031249983, 70.4509765625], [-23.971386718749983, 70.649462890625], [-24.562207031249983, 71.22353515625], [-25.885156249999994, 71.571923828125], [-27.08720703124999, 71.6265625], [-25.842724609374983, 71.48017578125], [-25.667578124999977, 71.26533203125], [-26.717919921874994, 70.95048828125], [-28.3984375, 70.992919921875], [-27.97929687499999, 70.839501953125], [-28.145654296874994, 70.6556640625], [-29.07207031249999, 70.444970703125], [-26.508398437500006, 70.396630859375], [-27.628857421874983, 70.02822265625], [-27.384179687499994, 69.9916015625], [-27.027734374999994, 70.201220703125], [-25.529882812499977, 70.353173828125], [-22.20659179687499, 70.10791015625], [-23.049560546875, 69.792724609375], [-23.86572265625, 69.73671875], [-23.739404296874994, 69.588623046875], [-24.29667968749999, 69.585546875], [-24.295556640624994, 69.439306640625], [-25.188574218749977, 69.260546875], [-25.092431640624994, 69.165185546875], [-26.48291015625, 68.675927734375], [-30.195507812499983, 68.198974609375], [-30.72001953124999, 68.251171875], [-30.610742187499994, 68.117919921875], [-30.97856445312499, 68.061328125], [-32.32744140624999, 68.4373046875], [-32.18012695312498, 68.257275390625], [-32.366845703124994, 68.213037109375], [-32.16455078125, 67.99111328125], [-33.108154296875, 67.658203125], [-34.101660156250006, 66.725927734375], [-34.6328125, 66.434765625], [-35.188574218750006, 66.25029296875], [-35.86723632812499, 66.44140625], [-35.63007812499998, 66.13994140625], [-36.37919921874999, 65.830810546875], [-36.527246093749994, 66.00771484375], [-36.665185546874994, 65.790087890625], [-37.06279296874999, 65.871435546875], [-37.75419921874999, 65.59306640625], [-38.00126953124999, 65.709619140625], [-37.278710937499994, 66.30439453125], [-38.156640624999994, 66.385595703125], [-37.752343749999994, 66.2615234375], [-38.13994140624999, 65.903515625], [-38.520361328125006, 66.00966796875], [-38.203369140625, 65.71171875], [-40.17353515624998, 65.55615234375], [-39.57792968749999, 65.340771484375], [-40.25312499999998, 65.048876953125], [-41.08867187499999, 65.0353515625], [-40.96601562499998, 64.86884765625], [-40.65546874999998, 64.91533203125], [-40.182226562500006, 64.479931640625], [-40.78173828125, 64.22177734375], [-41.58100585937498, 64.29833984375], [-40.617773437500006, 64.13173828125], [-40.550390625000006, 63.725244140624994], [-41.048730468749994, 63.513818359374994], [-41.38789062499998, 63.061865234375], [-42.17451171874998, 63.2087890625], [-41.63447265624998, 62.9724609375], [-41.90898437499999, 62.737109375], [-42.941650390625, 62.72021484375], [-42.152978515624994, 62.56845703125], [-42.32148437499998, 62.152734374999994], [-42.110205078125006, 61.8572265625], [-42.585302734375006, 61.71748046875], [-42.323632812499994, 61.68173828125], [-42.717041015625, 60.767480468749994], [-43.044091796874994, 60.523681640625], [-43.922705078125006, 60.595361328124994], [-43.212988281250006, 60.390673828125], [-43.122900390625006, 60.06123046875], [-43.32011718749999, 59.928124999999994], [-43.95502929687498, 60.02548828125], [-43.65791015624998, 59.858642578125], [-43.90654296874999, 59.815478515625], [-44.412939453125006, 59.922607421875], [-44.224365234375, 60.27353515625], [-44.61328125, 60.016650390625], [-45.379248046875006, 60.2029296875], [-45.367773437500006, 60.372949218749994], [-44.756738281249994, 60.664599609375], [-45.380517578124994, 60.444921875], [-46.046630859375, 60.61572265625], [-46.141943359375006, 60.776513671874994], [-45.870214843750006, 61.218310546875], [-46.87446289062498, 60.81640625], [-48.180810546874994, 60.76923828125], [-47.77031249999999, 60.99775390625], [-48.38642578124998, 61.004736328125], [-48.42817382812498, 61.187402343749994], [-48.92207031249998, 61.27744140625], [-49.049218749999994, 61.523876953125], [-49.2890625, 61.58994140625], [-49.193115234375, 61.68564453125], [-49.380273437499994, 61.890185546875], [-48.828710937500006, 62.0796875], [-49.623779296875, 61.998583984375], [-49.553466796875, 62.23271484375], [-50.319238281249994, 62.473193359375], [-50.298730468749994, 62.72197265625], [-49.793115234374994, 63.04462890625], [-50.39008789062498, 62.822021484375], [-51.468847656250006, 63.64228515625], [-51.547509765624994, 64.006103515625], [-50.26069335937498, 64.2142578125], [-50.48662109374999, 64.20888671875], [-50.43706054687499, 64.312841796875], [-51.54228515624999, 64.097021484375], [-51.707861328125006, 64.205078125], [-51.231542968750006, 64.560595703125], [-50.684326171875, 64.678173828125], [-50.355126953124994, 64.682568359375], [-50.00898437499998, 64.447265625], [-50.12163085937499, 64.703759765625], [-50.516992187499994, 64.76650390625], [-50.96064453124998, 65.201123046875], [-50.721582031249994, 64.797607421875], [-51.220605468749994, 64.628466796875], [-51.13896484374999, 64.7857421875], [-51.25537109375, 64.75810546875], [-51.922607421875, 64.21875], [-52.259033203125, 65.154931640625], [-52.53769531249999, 65.32880859375], [-51.091894531250006, 65.77578125], [-52.55126953125, 65.461376953125], [-53.198974609375, 65.59404296875], [-53.106347656249994, 65.9771484375], [-53.392041015625, 66.04833984375], [-51.224999999999994, 66.88154296875], [-53.035791015624994, 66.201416015625], [-53.614697265625, 66.1544921875], [-53.634716796875, 66.413671875], [-53.41874999999999, 66.64853515625], [-52.386865234374994, 66.88115234375], [-53.687158203124994, 66.986474609375], [-53.884423828124994, 67.135546875], [-53.798583984375, 67.4181640625], [-52.51201171874999, 67.761279296875], [-50.61347656249998, 67.5279296875], [-51.171044921874994, 67.693603515625], [-50.968847656250006, 67.806640625], [-52.34482421874999, 67.8369140625], [-53.73520507812499, 67.5490234375], [-53.1515625, 68.207763671875], [-51.59687499999998, 68.05478515625], [-51.16914062499998, 68.385205078125], [-52.19853515624999, 68.22080078125], [-53.38315429687499, 68.29736328125], [-53.039453124999994, 68.610888671875], [-52.60458984374999, 68.708740234375], [-51.623144531250006, 68.534814453125], [-51.13330078125, 68.5984375], [-50.800634765625006, 68.791259765625], [-51.249414062499994, 68.73994140625], [-51.084863281249994, 69.128271484375], [-50.29736328125, 69.17060546875], [-51.07695312499999, 69.20947265625], [-50.804101562499994, 69.663037109375], [-50.349462890625006, 69.796240234375], [-50.5, 69.935791015625], [-50.32294921874998, 70.0271484375], [-52.254638671875, 70.058935546875], [-54.01445312499999, 70.4216796875], [-54.53076171875, 70.699267578125], [-54.16582031249999, 70.8201171875], [-52.801953125, 70.7505859375], [-50.68212890625, 70.396875], [-51.322851562500006, 70.58876953125], [-51.256591796875, 70.852685546875], [-51.774316406249994, 71.01044921875], [-51.018945312499994, 71.001318359375], [-53.007568359375, 71.17998046875], [-53.11704101562499, 71.312890625], [-51.77861328124999, 71.68291015625], [-53.440087890624994, 71.57900390625], [-53.14453125, 71.807421875], [-53.33369140625, 71.78974609375], [-53.80986328124999, 72.292578125], [-53.65214843749999, 72.362646484375], [-53.927734375, 72.318798828125], [-53.46249999999999, 71.8935546875], [-54.019921874999994, 71.657861328125], [-53.96298828124999, 71.458984375], [-54.68906249999999, 71.367236328125], [-55.59404296874999, 71.553515625], [-55.669335937499994, 71.69150390625], [-55.315576171874994, 72.110693359375], [-54.84013671874999, 72.356103515625], [-55.581445312499994, 72.178857421875], [-55.63583984374999, 72.300439453125], [-55.29570312499999, 72.35439453125], [-55.601708984374994, 72.453466796875], [-54.924951171874994, 72.57197265625], [-54.737939453124994, 72.872509765625], [-55.66855468749999, 73.00791015625], [-55.28828125, 73.327099609375], [-56.10405273437499, 73.558154296875], [-55.838281249999994, 73.759716796875], [-56.22539062499999, 74.1291015625], [-57.23056640624999, 74.12529296875], [-56.70634765624999, 74.219189453125], [-56.717675781249994, 74.429248046875], [-56.25546874999999, 74.526806640625], [-58.56552734374999, 75.352734375], [-58.249658203124994, 75.506689453125], [-58.51621093749999, 75.6890625], [-63.29130859374999, 76.35205078125], [-65.36992187499999, 76.13056640625], [-67.07871093749999, 76.19482421875], [-66.6748046875, 75.977392578125], [-66.826171875, 75.968798828125], [-68.31728515625, 76.090771484375], [-69.48408203125, 76.399169921875], [-68.1142578125, 76.650634765625], [-69.8880859375, 76.82705078125], [-69.69423828125, 76.989453125], [-70.61313476562499, 76.821826171875], [-71.15488281249999, 77.073876953125], [-68.13554687499999, 77.37958984375], [-66.38945312499999, 77.2802734375], [-66.453076171875, 77.39306640625], [-66.26645507812499, 77.515380859375], [-66.82353515624999, 77.68662109375], [-69.35136718749999, 77.467138671875], [-70.5619140625, 77.7171875], [-70.114453125, 77.841357421875], [-71.271630859375, 77.813134765625], [-72.81806640625, 78.1943359375], [-72.47250976562499, 78.48203125], [-71.651318359375, 78.62314453125], [-68.99345703124999, 78.857421875], [-68.37705078124999, 79.037841796875], [-65.82553710937499, 79.17373046875], [-65.28779296875, 79.4373046875], [-64.79228515624999, 80.000634765625], [-64.179150390625, 80.099267578125], [-66.84365234375, 80.076220703125], [-67.19316406249999, 80.280078125], [-64.51552734375, 81.0], [-63.72197265624999, 81.05732421875], [-63.05859375, 80.885595703125], [-63.23520507812499, 81.083349609375], [-62.99326171874999, 81.206982421875], [-61.435986328125, 81.13359375], [-61.099999999999994, 81.39609375], [-61.20292968749999, 81.746875], [-60.432373046875, 81.920166015625], [-59.28193359375, 81.884033203125], [-56.615136718749994, 81.362890625], [-59.268017578125, 81.982080078125], [-54.54887695312499, 82.350634765625], [-53.671337890625, 82.1640625], [-53.5556640625, 81.653271484375], [-53.0412109375, 81.87099609375], [-52.925537109375, 82.03837890625], [-53.101953124999994, 82.1189453125], [-53.02255859374999, 82.321728515625], [-50.894433593749994, 81.89521484375], [-49.54106445312499, 81.91806640625], [-50.713134765625, 82.237353515625], [-50.98994140624998, 82.46015625], [-50.037109375, 82.472412109375], [-44.7294921875, 81.779833984375], [-44.53242187499998, 81.84892578125], [-44.637109374999994, 82.104443359375], [-44.238867187500006, 82.3681640625], [-44.326562499999994, 82.471728515625], [-45.556542968749994, 82.747021484375], [-41.36962890625, 82.75], [-46.478173828124994, 82.951904296875], [-43.00927734375, 83.264599609375], [-41.300146484375006, 83.10078125], [-40.356835937499994, 83.332177734375], [-38.15625, 82.9986328125], [-37.93476562499998, 83.1607421875], [-38.74956054687499, 83.370849609375], [-36.60649414062499, 83.536962890625], [-29.952880859375, 83.56484375], [-25.795068359374994, 83.260986328125]]], [[[-52.045312499999994, 69.8072265625], [-51.90019531249999, 69.60478515625], [-53.754345703125, 69.26015625], [-54.18271484374999, 69.403515625], [-53.65830078124999, 69.46513671875], [-53.82499999999999, 69.54033203125], [-54.919140625, 69.713623046875], [-54.78789062499999, 69.949853515625], [-54.32260742187499, 69.94189453125], [-54.83076171875, 70.132958984375], [-54.37163085937499, 70.31728515625], [-53.29672851562499, 70.20537109375], [-52.045312499999994, 69.8072265625]]], [[[-51.233984375000006, 69.55185546875], [-51.35029296874998, 69.85478515625], [-50.67900390624999, 69.84853515625], [-51.013671875, 69.552490234375], [-51.233984375000006, 69.55185546875]]], [[[-53.89755859374999, 71.08515625], [-53.95781249999999, 71.127734375], [-53.58447265625, 71.2970703125], [-53.43212890625, 71.15341796875], [-53.89755859374999, 71.08515625]]], [[[-55.5666015625, 72.56435546875], [-56.214794921875, 72.719189453125], [-55.205810546875, 72.841650390625], [-55.01689453124999, 72.79111328125], [-55.5666015625, 72.56435546875]]], [[[-72.02353515624999, 77.316455078125], [-72.49492187499999, 77.385546875], [-72.0890625, 77.46708984375], [-71.43344726562499, 77.394384765625], [-72.02353515624999, 77.316455078125]]], [[[-46.75190429687498, 82.348193359375], [-47.351220703124994, 82.59921875], [-46.399169921875, 82.692138671875], [-44.91748046875, 82.480517578125], [-44.749902343749994, 82.401123046875], [-44.86455078124999, 82.083642578125], [-46.75190429687498, 82.348193359375]]], [[[-25.402246093749994, 70.652685546875], [-26.217871093749977, 70.454052734375], [-28.035253906250006, 70.48681640625], [-27.61723632812499, 70.91376953125], [-26.621777343749983, 70.875634765625], [-25.81889648437499, 71.04365234375], [-25.432324218749983, 70.921337890625], [-25.402246093749994, 70.652685546875]]], [[[-19.031445312499983, 81.827197265625], [-19.610546874999983, 82.078125], [-19.314550781249977, 82.123193359375], [-18.664746093749983, 81.846484375], [-19.031445312499983, 81.827197265625]]], [[[-18.035839843749983, 79.71123046875], [-19.138281249999977, 79.85234375], [-18.54736328125, 80.011083984375], [-17.400830078124983, 79.940478515625], [-18.035839843749983, 79.71123046875]]], [[[-19.129492187499977, 77.938525390625], [-19.314697265625, 78.344189453125], [-18.935400390624977, 78.423583984375], [-18.882470703124994, 78.114892578125], [-19.129492187499977, 77.938525390625]]], [[[-19.085351562499994, 76.43037109375], [-19.05888671874999, 76.694970703125], [-18.732617187499983, 76.642041015625], [-18.582617187499977, 76.042333984375], [-19.085351562499994, 76.43037109375]]], [[[-17.885888671874994, 75.204443359375], [-17.391992187499994, 75.0369140625], [-18.891308593749983, 75.07216796875], [-18.856054687499977, 75.319140625], [-18.00053710937499, 75.40732421875], [-17.885888671874994, 75.204443359375]]], [[[-18.22001953124999, 77.668359375], [-17.903710937499994, 77.86259765625], [-17.68144531249999, 77.85859375], [-17.7294921875, 77.706396484375], [-18.22001953124999, 77.668359375]]], [[[-37.18681640624999, 65.53134765625], [-37.222900390625, 65.695458984375], [-36.95307617187498, 65.663330078125], [-37.18681640624999, 65.53134765625]]], [[[-46.38154296874998, 60.660302734374994], [-46.78999023437498, 60.779833984375], [-46.205224609374994, 60.943505859374994], [-46.38154296874998, 60.660302734374994]]], [[[-52.119384765625, 70.870654296875], [-52.14804687499999, 70.90439453125], [-51.969824218750006, 70.97646484375], [-51.60693359375, 70.86884765625], [-52.119384765625, 70.870654296875]]]]}}, {"id": "217", "type": "Feature", "properties": {"iso3": "BLR", "name": "Belarus"}, "geometry": {"type": "Polygon", "coordinates": [[[31.07929687500001, 52.076953124999996], [30.755273437500023, 51.895166015625], [30.533007812500017, 51.596337890624994], [30.544531250000006, 51.265039062499994], [30.160742187500006, 51.477880859375], [29.346484375000017, 51.382568359375], [29.10205078125, 51.6275390625], [28.731250000000017, 51.433398437499996], [28.18378906250001, 51.607861328125], [27.700000000000017, 51.477978515625], [27.141992187500023, 51.75205078125], [25.785742187500006, 51.923828125], [24.361914062500006, 51.867529296875], [23.605273437500017, 51.517919921875], [23.652441406250006, 52.040380859375], [23.175097656250017, 52.28662109375], [23.915429687500023, 52.770263671875], [23.484667968750017, 53.939794921875], [24.317968750000006, 53.89296875], [25.46113281250001, 54.292773437499996], [25.74921875000001, 54.156982421875], [25.54736328125, 54.331835937499996], [25.859277343750023, 54.919287109375], [26.775683593750017, 55.273095703125], [26.457617187500006, 55.34248046875], [26.593554687500017, 55.667529296874996], [27.052539062500017, 55.83056640625], [27.576757812500006, 55.798779296875], [28.11787109375001, 56.145800781249996], [29.375, 55.938720703125], [29.482226562500017, 55.6845703125], [30.23359375000001, 55.84521484375], [30.906835937500006, 55.57001953125], [30.810546875, 55.306982421875], [30.97773437500001, 55.05048828125], [30.798828125, 54.783251953124996], [31.152148437500017, 54.625341796875], [31.074804687500006, 54.491796875], [31.403613281250017, 54.195947265625], [31.825976562500017, 54.030712890625], [31.754199218750017, 53.81044921875], [32.4501953125, 53.692919921874996], [32.70644531250002, 53.41943359375], [32.14199218750002, 53.091162109375], [31.417871093750023, 53.196044921875], [31.2587890625, 53.01669921875], [31.564843750000023, 52.759228515625], [31.57734375000001, 52.312304687499996], [31.76337890625001, 52.10107421875], [31.07929687500001, 52.076953124999996]]]}}, {"id": "119", "type": "Feature", "properties": {"iso3": "LTU", "name": "Lithuania"}, "geometry": {"type": "MultiPolygon", "coordinates": [[[[20.899804687500023, 55.286669921874996], [21.114843750000006, 55.616503906249996], [21.103906250000023, 55.487744140625], [20.899804687500023, 55.286669921874996]]], [[[22.684472656250023, 54.562939453125], [22.82470703125, 54.8712890625], [22.567285156250023, 55.059130859374996], [21.235742187500023, 55.264111328125], [21.04609375000001, 56.070068359375], [22.084570312500006, 56.40673828125], [24.120703125000006, 56.2642578125], [24.84101562500001, 56.411181640624996], [25.069921875000006, 56.200390625], [25.663183593750006, 56.104833984375], [26.593554687500017, 55.667529296874996], [26.457617187500006, 55.34248046875], [26.775683593750017, 55.273095703125], [25.859277343750023, 54.919287109375], [25.54736328125, 54.331835937499996], [25.748144531250006, 54.25966796875], [25.680566406250023, 54.140478515625], [25.46113281250001, 54.292773437499996], [24.869531250000023, 54.145166015625], [24.768164062500006, 53.974658203124996], [23.55908203125, 53.91982421875], [23.3701171875, 54.200488281249996], [22.766210937500006, 54.356787109375], [22.684472656250023, 54.562939453125]]]]}}, {"id": "182", "type": "Feature", "properties": {"iso3": "DNK", "name": "Denmark"}, "geometry": {"type": "MultiPolygon", "coordinates": [[[[12.545214843750017, 55.655810546874996], [12.215039062500011, 55.46650390625], [12.4130859375, 55.286181640624996], [12.089941406250006, 55.188134765625], [12.050390625000006, 54.81533203125], [11.8623046875, 54.772607421875], [11.65380859375, 55.1869140625], [11.286328125000011, 55.204443359375], [10.978906250000023, 55.721533203125], [11.627734375000017, 55.956884765625], [11.819726562500023, 55.69765625], [11.866406250000011, 55.9681640625], [12.218945312500011, 56.11865234375], [12.578710937500006, 56.0640625], [12.545214843750017, 55.655810546874996]]], [[[8.670312500000023, 54.90341796875], [8.615917968750011, 55.418212890625], [8.132128906250017, 55.5998046875], [8.163964843750023, 56.606884765625], [8.671679687500017, 56.495654296874996], [8.888085937500023, 56.73505859375], [9.196386718750006, 56.70166015625], [9.2548828125, 57.01171875], [9.110449218750006, 57.04365234375], [8.77197265625, 56.72529296875], [8.468359375000006, 56.66455078125], [8.266308593750011, 56.81533203125], [8.618554687500023, 57.111279296875], [9.43359375, 57.17431640625], [9.962304687500023, 57.58095703125], [10.609960937500006, 57.7369140625], [10.444628906250017, 57.56220703125], [10.524121093750011, 57.243212890624996], [10.296093750000011, 56.99912109375], [10.28271484375, 56.6205078125], [10.926171875000023, 56.44326171875], [10.75341796875, 56.241992187499996], [10.318750000000023, 56.212890625], [10.183007812500023, 55.865185546875], [9.903710937500023, 55.842822265624996], [10.023632812500011, 55.76142578125], [9.591113281250017, 55.493212890624996], [9.670996093750006, 55.266406249999996], [9.453710937500006, 55.03955078125], [9.732324218750023, 54.968017578125], [9.73974609375, 54.825537109375], [8.670312500000023, 54.90341796875]]], [[[10.819238281250023, 55.321875], [10.623828125000017, 55.05244140625], [9.98876953125, 55.16318359375], [9.858984375000006, 55.357226562499996], [9.860644531250017, 55.515478515625], [10.645117187500006, 55.609814453125], [10.819238281250023, 55.321875]]], [[[11.739550781250017, 54.807421874999996], [11.765917968750017, 54.679443359375], [11.035546875000023, 54.773095703125], [11.05859375, 54.940576171875], [11.739550781250017, 54.807421874999996]]], [[[10.621679687500006, 54.851416015625], [10.951074218750023, 55.156201171875], [10.920800781250023, 55.062109375], [10.734082031250011, 54.750732421875], [10.621679687500006, 54.851416015625]]], [[[12.184472656250023, 54.89248046875], [12.118847656250011, 54.914404296875], [12.274023437500006, 55.064111328125], [12.549218750000023, 54.965771484375], [12.184472656250023, 54.89248046875]]], [[[12.550878906250006, 55.55625], [12.520312500000017, 55.614599609375], [12.620019531250023, 55.679345703125], [12.550878906250006, 55.55625]]], [[[10.340527343750011, 54.858935546874996], [10.199902343750011, 54.962744140625], [10.5048828125, 54.860546875], [10.340527343750011, 54.858935546874996]]], [[[9.806250000000006, 54.906005859375], [9.771191406250011, 55.059912109375], [9.998828125000017, 54.986474609375], [10.061230468750011, 54.886376953125], [9.806250000000006, 54.906005859375]]], [[[10.526953125000006, 55.7837890625], [10.547167968750017, 55.991943359375], [10.661718750000006, 55.877587890625], [10.526953125000006, 55.7837890625]]], [[[11.011425781250011, 57.2291015625], [10.873828125000017, 57.262255859374996], [11.174511718750011, 57.322900390625], [11.011425781250011, 57.2291015625]]], [[[14.684179687500006, 55.10224609375], [14.713671875000017, 55.238037109375], [15.132617187500017, 55.14453125], [15.087695312500017, 55.021875], [14.684179687500006, 55.10224609375]]]]}}, {"id": "125", "type": "Feature", "properties": {"iso3": "LVA", "name": "Latvia"}, "geometry": {"type": "Polygon", "coordinates": [[[25.663183593750006, 56.104833984375], [25.069921875000006, 56.200390625], [24.84101562500001, 56.411181640624996], [24.120703125000006, 56.2642578125], [22.084570312500006, 56.40673828125], [21.04609375000001, 56.070068359375], [21.03144531250001, 56.636572265625], [21.72871093750001, 57.57099609375], [22.554589843750023, 57.724267578125], [23.28730468750001, 57.08974609375], [23.647753906250017, 56.971044921875], [24.382617187500017, 57.250048828124996], [24.322558593750017, 57.87060546875], [25.34003906250001, 58.039453124999994], [26.46210937500001, 57.544482421874996], [27.4697265625, 57.5240234375], [27.82861328125, 57.293310546875], [27.639453125000017, 56.845654296875], [27.8486328125, 56.85341796875], [28.103125000000006, 56.545703124999996], [28.14794921875, 56.142919921875], [27.576757812500006, 55.798779296875], [27.052539062500017, 55.83056640625], [26.593554687500017, 55.667529296874996], [25.663183593750006, 56.104833984375]]]}}, {"id": "171", "type": "Feature", "properties": {"iso3": "EST", "name": "Estonia"}, "geometry": {"type": "MultiPolygon", "coordinates": [[[[26.46210937500001, 57.544482421874996], [25.282617187500023, 58.048486328124994], [24.322558593750017, 57.87060546875], [24.529101562500017, 58.354248046875], [23.767578125, 58.36083984375], [23.50927734375, 58.658544921875], [23.680761718750006, 58.787158203125], [23.432031250000023, 58.920654296875], [23.494433593750017, 59.195654296875], [24.38037109375, 59.47265625], [25.443750000000023, 59.521142578124994], [25.50927734375, 59.639013671875], [28.012500000000017, 59.484277343749994], [28.15107421875001, 59.374414062499994], [27.434179687500006, 58.787255859374994], [27.50244140625, 58.221337890624994], [27.77851562500001, 57.870703125], [27.351953125000023, 57.528124999999996], [26.46210937500001, 57.544482421874996]]], [[[22.964257812500023, 58.605712890625], [23.3232421875, 58.450830078124994], [22.371679687500006, 58.217138671875], [21.996875000000017, 57.93134765625], [22.18769531250001, 58.154345703125], [21.882128906250017, 58.262353515624994], [21.98408203125001, 58.386669921875], [21.8623046875, 58.49716796875], [22.964257812500023, 58.605712890625]]], [[[22.54218750000001, 58.689990234375], [22.056250000000006, 58.943603515625], [22.6494140625, 59.087109375], [23.008691406250023, 58.833935546875], [22.54218750000001, 58.689990234375]]], [[[23.260351562500006, 58.539990234375], [23.0634765625, 58.611083984375], [23.332812500000017, 58.648583984374994], [23.260351562500006, 58.539990234375]]]]}}, {"id": "167", "type": "Feature", "properties": {"iso3": "ALA", "name": "\u00c5land"}, "geometry": {"type": "MultiPolygon", "coordinates": [[[[20.258886718750006, 60.261279296875], [19.745996093750023, 60.098974609375], [19.686914062500023, 60.267626953125], [19.84765625, 60.220556640625], [19.823046875000017, 60.390185546875], [20.258886718750006, 60.261279296875]]], [[[19.579882812500017, 60.13505859375], [19.51904296875, 60.1845703125], [19.628808593750023, 60.24609375], [19.579882812500017, 60.13505859375]]], [[[20.521777343750017, 60.011669921875], [20.39794921875, 60.040673828124994], [20.490136718750023, 60.07490234375], [20.521777343750017, 60.011669921875]]]]}}, {"id": "48", "type": "Feature", "properties": {"iso3": "SWE", "name": "Sweden"}, "geometry": {"type": "MultiPolygon", "coordinates": [[[[18.813867187500023, 57.706201171875], [18.90791015625001, 57.39833984375], [18.146386718750023, 56.9205078125], [18.28535156250001, 57.083203125], [18.105078125000006, 57.271875], [18.136523437500017, 57.556640625], [18.537402343750017, 57.83056640625], [19.076464843750017, 57.8359375], [18.813867187500023, 57.706201171875]]], [[[16.401269531250023, 56.310888671875], [16.41230468750001, 56.568994140625], [17.11767578125, 57.31982421875], [16.52851562500001, 56.29052734375], [16.401269531250023, 56.310888671875]]], [[[11.642773437500011, 58.92607421875], [11.798144531250017, 59.289892578125], [11.680761718750006, 59.59228515625], [12.486132812500017, 60.106787109375], [12.588671875000017, 60.450732421875], [12.294140625000011, 61.002685546875], [12.7060546875, 61.05986328125], [12.880761718750023, 61.352294921875], [12.155371093750006, 61.720751953125], [12.303515625000017, 62.285595703125], [12.114550781250017, 62.59189453125], [12.218164062500023, 63.000634765624994], [11.999902343750023, 63.29169921875], [12.175195312500023, 63.595947265625], [12.792773437500017, 64.0], [13.960546875000006, 64.014013671875], [14.141210937500006, 64.17353515625], [14.07763671875, 64.464013671875], [13.650292968750023, 64.58154296875], [14.479687500000011, 65.30146484375], [14.634570312500017, 65.79326171875], [14.543261718750017, 66.129345703125], [15.483789062500023, 66.30595703125], [15.422949218750006, 66.48984375], [16.40351562500001, 67.05498046875], [16.19355468750001, 67.50517578125], [17.324609375000023, 68.10380859375], [17.91669921875001, 67.964892578125], [18.176660156250023, 68.200634765625], [18.16259765625, 68.52841796875], [19.969824218750006, 68.356396484375], [20.240039062500017, 68.4775390625], [19.968847656250006, 68.542041015625], [20.348046875000023, 68.84873046875], [20.11669921875, 69.0208984375], [20.895117187500006, 68.979833984375], [21.997460937500023, 68.52060546875], [22.854101562500006, 68.367333984375], [23.63886718750001, 67.95439453125], [23.501855468750023, 67.8751953125], [23.454882812500017, 67.46025390625], [23.73359375000001, 67.422900390625], [23.641503906250023, 67.12939453125], [23.988574218750017, 66.810546875], [23.701171875, 66.48076171875], [23.700292968750006, 66.25263671875], [24.15546875000001, 65.8052734375], [23.102343750000017, 65.7353515625], [22.400976562500006, 65.862109375], [22.254003906250006, 65.59755859375], [21.565527343750006, 65.40810546875], [21.609179687500017, 65.261376953125], [21.41035156250001, 65.317431640625], [21.57392578125001, 65.12578125], [21.13818359375, 64.80869140625], [21.519628906250006, 64.4630859375], [20.7626953125, 63.867822265624994], [18.6064453125, 63.178271484375], [18.312890625000023, 62.99638671875], [18.46308593750001, 62.895849609375], [17.87958984375001, 62.873193359374994], [18.03730468750001, 62.600537109375], [17.37841796875, 62.462792968749994], [17.633691406250023, 62.2330078125], [17.37451171875, 61.86630859375], [17.465429687500006, 61.684472656249994], [17.196386718750006, 61.724560546875], [17.130761718750023, 61.575732421875], [17.2509765625, 60.70078125], [17.95576171875001, 60.589794921875], [18.99042968750001, 59.827783203124994], [17.964257812500023, 59.359375], [18.617578125000023, 59.327050781249994], [18.28535156250001, 59.109375], [16.978125000000006, 58.654150390625], [16.214257812500023, 58.636669921875], [16.923828125, 58.492578124999994], [16.651953125000006, 58.434326171875], [16.769921875000023, 58.214257812499994], [16.55537109375001, 57.812255859375], [16.652246093750023, 57.50068359375], [16.475976562500023, 57.26513671875], [16.527929687500006, 57.068164062499996], [15.996679687500006, 56.222607421875], [14.713964843750006, 56.134130859375], [14.754785156250023, 56.033154296875], [14.215039062500011, 55.8326171875], [14.341699218750023, 55.527734375], [14.173730468750023, 55.396630859375], [12.885839843750006, 55.411376953125], [12.973925781250017, 55.74814453125], [12.47119140625, 56.29052734375], [12.801660156250023, 56.263916015625], [12.656445312500011, 56.440576171875], [12.857421875, 56.452392578125], [12.883691406250023, 56.617724609374996], [12.421484375000006, 56.906396484375], [11.734960937500006, 57.71767578125], [11.703222656250006, 57.973193359374996], [11.449316406250006, 58.118359375], [11.431542968750023, 58.339990234374994], [11.248242187500011, 58.369140625], [11.147167968750011, 58.988623046875], [11.642773437500011, 58.92607421875]]], [[[19.13837890625001, 57.86025390625], [19.03925781250001, 57.91103515625], [19.134863281250006, 57.98134765625], [19.331445312500023, 57.962890625], [19.13837890625001, 57.86025390625]]], [[[18.349902343750017, 59.022607421874994], [18.48554687500001, 59.10458984375], [18.41621093750001, 59.0291015625], [18.349902343750017, 59.022607421874994]]], [[[18.572363281250006, 59.525830078125], [18.69843750000001, 59.534619140625], [18.69794921875001, 59.524609375], [18.572363281250006, 59.525830078125]]]]}}, {"id": "168", "type": "Feature", "properties": {"iso3": "FIN", "name": "Finland"}, "geometry": {"type": "MultiPolygon", "coordinates": [[[[23.700292968750006, 66.25263671875], [23.701171875, 66.48076171875], [23.988574218750017, 66.810546875], [23.641503906250023, 67.12939453125], [23.73359375000001, 67.422900390625], [23.454882812500017, 67.46025390625], [23.501855468750023, 67.8751953125], [23.63886718750001, 67.95439453125], [22.854101562500006, 68.367333984375], [20.622167968750006, 69.036865234375], [21.065722656250017, 69.041748046875], [21.06611328125001, 69.214111328125], [21.59375, 69.273583984375], [22.410937500000017, 68.719873046875], [23.324023437500017, 68.648974609375], [23.85400390625, 68.805908203125], [24.94140625, 68.59326171875], [25.748339843750017, 68.99013671875], [26.011523437500017, 69.65263671875], [26.525390625, 69.9150390625], [27.889941406250017, 70.061669921875], [29.1416015625, 69.671435546875], [29.333398437500023, 69.472998046875], [28.846289062500006, 69.176904296875], [28.9658203125, 69.02197265625], [28.4140625, 68.904150390625], [28.777636718750017, 68.813818359375], [28.470703125, 68.48837890625], [28.685156250000006, 68.189794921875], [29.343847656250006, 68.061865234375], [29.988085937500017, 67.66826171875], [29.066210937500017, 66.891748046875], [30.087500000000006, 65.7865234375], [29.715917968750006, 65.624560546875], [29.819433593750006, 65.56875], [29.608007812500006, 65.248681640625], [29.826953125000017, 65.145068359375], [29.60419921875001, 64.968408203125], [30.110253906250023, 64.732568359375], [29.986621093750017, 64.524267578125], [30.52607421875001, 64.077294921875], [29.991503906250017, 63.73515625], [31.18085937500001, 63.20830078125], [31.533984375000017, 62.885400390624994], [31.18671875000001, 62.481396484375], [27.797656250000017, 60.5361328125], [26.53466796875, 60.412890625], [26.5693359375, 60.624560546875], [26.377734375000017, 60.424072265625], [25.955957031250023, 60.47421875], [26.03583984375001, 60.34150390625], [25.75800781250001, 60.267529296875], [22.9638671875, 59.8263671875], [23.19843750000001, 60.021826171875], [22.867089843750023, 60.2158203125], [22.462695312500017, 60.029199218749994], [22.5849609375, 60.38056640625], [21.43603515625, 60.59638671875], [21.36054687500001, 60.96748046875], [21.60595703125, 61.591552734375], [21.255957031250006, 61.989648437499994], [21.343359375000006, 62.277392578125], [21.103613281250006, 62.622949218749994], [21.473535156250023, 63.033251953125], [21.650976562500006, 63.039306640625], [21.54511718750001, 63.204296875], [22.319726562500023, 63.310449218749994], [22.243261718750006, 63.437939453125], [22.532324218750006, 63.647851562499994], [23.598925781250017, 64.04091796875], [24.557910156250017, 64.801025390625], [25.288183593750006, 64.8603515625], [25.34785156250001, 65.479248046875], [24.674902343750006, 65.670703125], [24.628027343750006, 65.8591796875], [24.15546875000001, 65.8052734375], [23.700292968750006, 66.25263671875]]], [[[21.818652343750017, 60.3818359375], [21.827246093750006, 60.469921875], [21.906835937500006, 60.4384765625], [21.994238281250006, 60.336669921875], [21.818652343750017, 60.3818359375]]], [[[21.228515625, 63.22265625], [21.421972656250006, 63.2458984375], [21.25341796875, 63.152001953124994], [21.083886718750023, 63.2775390625], [21.228515625, 63.22265625]]], [[[22.41552734375, 60.303369140624994], [22.36054687500001, 60.165576171875], [22.0771484375, 60.286328125], [22.41552734375, 60.303369140624994]]], [[[21.30000000000001, 60.47978515625], [21.21455078125001, 60.603857421875], [21.26806640625, 60.63828125], [21.45087890625001, 60.52958984375], [21.30000000000001, 60.47978515625]]], [[[21.73310546875001, 60.10615234375], [21.69501953125001, 60.11435546875], [21.764257812500006, 60.198828125], [21.864355468750006, 60.201806640624994], [21.73310546875001, 60.10615234375]]], [[[21.540625000000006, 60.097900390625], [21.48603515625001, 60.126806640625], [21.634082031250017, 60.168994140625], [21.540625000000006, 60.097900390625]]], [[[24.57861328125, 64.978564453125], [24.576562500000023, 65.04287109375], [24.99755859375, 65.038720703125], [24.57861328125, 64.978564453125]]]]}}, {"id": "87", "type": "Feature", "properties": {"iso3": "NOR", "name": "Norway"}, "geometry": {"type": "MultiPolygon", "coordinates": [[[[20.11669921875, 69.0208984375], [20.348046875000023, 68.84873046875], [19.968847656250006, 68.542041015625], [20.240039062500017, 68.4775390625], [19.969824218750006, 68.356396484375], [18.303027343750017, 68.555419921875], [18.16259765625, 68.52841796875], [18.176660156250023, 68.200634765625], [17.91669921875001, 67.964892578125], [17.324609375000023, 68.10380859375], [16.783593750000023, 67.89501953125], [16.574121093750023, 67.619580078125], [16.12744140625, 67.425830078125], [16.40351562500001, 67.05498046875], [15.422949218750006, 66.48984375], [15.483789062500023, 66.30595703125], [14.543261718750017, 66.129345703125], [14.634570312500017, 65.79326171875], [14.479687500000011, 65.30146484375], [13.650292968750023, 64.58154296875], [14.07763671875, 64.464013671875], [14.063281250000017, 64.0955078125], [12.792773437500017, 64.0], [12.175195312500023, 63.595947265625], [11.999902343750023, 63.29169921875], [12.218164062500023, 63.000634765624994], [12.114550781250017, 62.59189453125], [12.303515625000017, 62.285595703125], [12.155371093750006, 61.720751953125], [12.880761718750023, 61.352294921875], [12.7060546875, 61.05986328125], [12.294140625000011, 61.002685546875], [12.588671875000017, 60.450732421875], [12.486132812500017, 60.106787109375], [11.680761718750006, 59.59228515625], [11.798144531250017, 59.289892578125], [11.642773437500011, 58.92607421875], [10.83447265625, 59.183935546875], [10.595312500000006, 59.764550781249994], [10.179394531250011, 59.00927734375], [9.842578125000017, 58.95849609375], [9.557226562500006, 59.112695312499994], [9.656933593750011, 58.97119140625], [8.166113281250006, 58.1453125], [7.0048828125, 58.02421875], [6.877050781250006, 58.150732421875], [6.590527343750011, 58.097314453124994], [6.659863281250011, 58.262744140625], [6.0546875, 58.375146484374994], [5.517285156250011, 58.726513671875], [5.612207031250023, 59.012890625], [6.099023437500023, 58.870263671874994], [6.36328125, 59.000927734375], [6.099414062500017, 58.951953125], [5.88916015625, 59.09794921875], [5.951855468750011, 59.299072265625], [6.403906250000006, 59.560986328125], [5.3623046875, 59.166357421875], [5.131640625000017, 59.226464843749994], [5.304882812500011, 59.642578125], [6.216601562500017, 59.818359375], [5.73046875, 59.8630859375], [6.140527343750023, 60.23349609375], [6.51806640625, 60.407568359375], [6.52685546875, 60.1529296875], [6.995703125000006, 60.511962890625], [6.1533203125, 60.346240234375], [5.145800781250017, 59.638818359374994], [5.205664062500006, 60.087939453125], [5.688574218750006, 60.123193359374994], [5.285839843750011, 60.205712890624994], [5.137109375000023, 60.44560546875], [5.648339843750023, 60.68798828125], [5.115820312500006, 60.635986328125], [5.008593750000017, 61.03818359375], [6.77783203125, 61.142431640625], [7.038671875000006, 60.9529296875], [7.040136718750006, 61.091162109375], [7.6044921875, 61.210546875], [7.346582031250023, 61.3005859375], [7.442578125000011, 61.434619140625], [7.173535156250011, 61.165966796875], [6.599902343750017, 61.2896484375], [6.383496093750011, 61.13388671875], [5.106738281250017, 61.187548828125], [5.002734375000017, 61.43359375], [5.338671875000017, 61.485498046874994], [4.927832031250006, 61.710693359375], [4.930078125000023, 61.878320312499994], [6.730761718750017, 61.869775390624994], [5.266894531250017, 61.935595703125], [5.096484375000017, 62.02666015625], [5.143164062500006, 62.159912109375], [5.718164062500023, 62.37890625], [6.208984375, 62.352783203125], [6.6923828125, 62.46806640625], [6.136132812500023, 62.407470703125], [6.352929687500023, 62.6111328125], [7.570117187500017, 62.548193359375], [7.690722656250017, 62.585595703124994], [7.538378906250017, 62.6720703125], [8.095507812500017, 62.731835937499994], [6.734960937500006, 62.720703125], [6.9404296875, 62.93046875], [7.571875000000006, 63.099511718749994], [8.1005859375, 63.090966796874994], [8.623144531250006, 62.846240234375], [8.158007812500017, 63.161523437499994], [8.635546875000017, 63.342333984375], [8.360742187500023, 63.498876953125], [8.576171875, 63.601171875], [9.135839843750006, 63.593652343749994], [9.156054687500017, 63.459326171875], [9.696875000000006, 63.624560546875], [10.02099609375, 63.3908203125], [10.760156250000023, 63.461279296875], [10.725292968750011, 63.625], [11.370703125000006, 63.804833984374994], [11.175585937500017, 63.898876953125], [11.457617187500006, 64.002978515625], [11.0751953125, 63.988134765625], [10.934863281250017, 63.77021484375], [10.055078125000023, 63.5126953125], [9.567285156250023, 63.70615234375], [10.565625000000011, 64.418310546875], [11.632910156250006, 64.813916015625], [11.296777343750023, 64.75478515625], [11.489355468750006, 64.975830078125], [12.15966796875, 65.178955078125], [12.508398437500006, 65.0994140625], [12.91552734375, 65.3392578125], [12.417578125000006, 65.18408203125], [12.133886718750006, 65.279150390625], [12.688867187500023, 65.902197265625], [13.033105468750023, 65.95625], [12.783789062500006, 66.100439453125], [14.0341796875, 66.29755859375], [13.118847656250011, 66.2306640625], [13.21142578125, 66.6408203125], [13.95947265625, 66.7943359375], [13.651562500000011, 66.907080078125], [14.108789062500023, 67.11923828125], [15.415722656250011, 67.20244140625], [14.441699218750017, 67.27138671875], [14.9619140625, 67.574267578125], [15.594433593750011, 67.34853515625], [15.691503906250006, 67.52138671875], [15.248730468750011, 67.6021484375], [15.303906250000011, 67.765283203125], [14.781347656250006, 67.67490234375], [14.798925781250006, 67.809326171875], [15.13427734375, 67.972705078125], [15.621386718750017, 67.948291015625], [15.292871093750023, 68.036474609375], [16.007910156250006, 68.2287109375], [16.312304687500017, 67.8814453125], [16.391992187500023, 68.0916015625], [16.20380859375001, 68.316748046875], [17.552832031250006, 68.42626953125], [16.51435546875001, 68.532568359375], [18.101464843750023, 69.156298828125], [18.259765625, 69.47060546875], [18.858984375000006, 69.314453125], [18.61445312500001, 69.490576171875], [19.68701171875, 69.804736328125], [19.641503906250023, 69.4240234375], [19.960546875000006, 69.824609375], [20.32421875, 69.9453125], [20.338183593750017, 69.616650390625], [20.107226562500017, 69.3412109375], [20.73945312500001, 69.5205078125], [20.53271484375, 69.692333984375], [20.6220703125, 69.913916015625], [21.432910156250017, 70.01318359375], [21.974707031250006, 69.8345703125], [21.802734375, 70.066064453125], [21.355761718750017, 70.2333984375], [22.6845703125, 70.374755859375], [23.353906250000023, 69.9833984375], [23.37939453125, 70.2474609375], [24.038476562500023, 70.4853515625], [24.420019531250006, 70.702001953125], [24.263476562500017, 70.826318359375], [24.764746093750006, 71.008447265625], [25.78144531250001, 70.816796875], [25.273535156250006, 70.552392578125], [25.043847656250023, 70.109033203125], [26.506933593750006, 70.91279296875], [26.733984375000006, 70.853564453125], [26.558203125000006, 70.669140625], [26.585058593750006, 70.410009765625], [26.989355468750006, 70.511376953125], [27.183691406250006, 70.74404296875], [27.546484375000006, 70.80400390625], [27.235253906250023, 70.947216796875], [27.597070312500023, 71.09130859375], [28.39228515625001, 70.97529296875], [27.898046875000006, 70.6779296875], [28.271777343750017, 70.66796875], [28.192968750000006, 70.248583984375], [28.83154296875, 70.86396484375], [30.06513671875001, 70.702978515625], [30.96064453125001, 70.34384765625], [30.262988281250017, 70.12470703125], [28.781152343750023, 70.14541015625], [29.601367187500017, 69.9767578125], [29.694628906250017, 69.744580078125], [30.088281250000023, 69.717578125], [30.237597656250017, 69.86220703125], [30.428320312500006, 69.722265625], [30.869726562500006, 69.783447265625], [30.924121093750017, 69.6517578125], [30.788867187500017, 69.528515625], [30.159765625000006, 69.6298828125], [30.087304687500023, 69.432861328125], [29.388281250000006, 69.29814453125], [28.9658203125, 69.02197265625], [28.846289062500006, 69.176904296875], [29.333398437500023, 69.472998046875], [29.1416015625, 69.671435546875], [27.747851562500017, 70.06484375], [26.525390625, 69.9150390625], [26.07246093750001, 69.691552734375], [25.767187500000006, 69.282666015625], [25.748339843750017, 68.99013671875], [24.94140625, 68.59326171875], [23.85400390625, 68.805908203125], [23.324023437500017, 68.648974609375], [22.410937500000017, 68.719873046875], [21.59375, 69.273583984375], [21.06611328125001, 69.214111328125], [21.065722656250017, 69.041748046875], [20.11669921875, 69.0208984375]]], [[[4.799023437500011, 61.08271484375], [4.824414062500011, 61.17822265625], [4.915429687500023, 61.199365234374994], [4.958691406250011, 61.0845703125], [4.799023437500011, 61.08271484375]]], [[[4.996972656250023, 60.19775390625], [4.957226562500011, 60.447265625], [5.085839843750023, 60.307568359375], [4.996972656250023, 60.19775390625]]], [[[29.766210937500006, 69.767529296875], [29.744238281250006, 69.7916015625], [29.835839843750023, 69.90556640625], [30.05517578125, 69.83837890625], [29.766210937500006, 69.767529296875]]], [[[11.90185546875, 65.595703125], [11.76513671875, 65.63095703125], [11.875390625000023, 65.705908203125], [12.003222656250017, 65.679443359375], [11.90185546875, 65.595703125]]], [[[8.287109375, 63.687158203124994], [8.809179687500006, 63.771435546875], [8.786523437500023, 63.703466796875], [8.287109375, 63.687158203124994]]], [[[7.888281250000006, 63.35234375], [7.804003906250017, 63.413916015625], [8.073535156250017, 63.47080078125], [8.102734375000011, 63.33759765625], [7.888281250000006, 63.35234375]]], [[[22.8291015625, 70.541552734375], [21.994531250000023, 70.65712890625], [22.96357421875001, 70.710986328125], [23.440527343750006, 70.815771484375], [22.8291015625, 70.541552734375]]], [[[25.94501953125001, 71.104638671875], [26.146875000000023, 71.039501953125], [25.31494140625, 71.034130859375], [25.94501953125001, 71.104638671875]]], [[[23.641015625000023, 70.46396484375], [23.27070312500001, 70.296484375], [22.917871093750023, 70.38466796875], [23.546679687500017, 70.61708984375], [23.641015625000023, 70.46396484375]]], [[[23.8271484375, 70.527490234375], [23.66328125000001, 70.675244140625], [23.778417968750006, 70.74736328125], [24.07832031250001, 70.6505859375], [23.8271484375, 70.527490234375]]], [[[14.118847656250011, 68.246826171875], [13.229394531250023, 67.995361328125], [13.300195312500023, 68.16044921875], [14.118847656250011, 68.246826171875]]], [[[12.824023437500017, 67.821240234375], [12.957714843750011, 68.015478515625], [13.122851562500017, 68.0494140625], [12.824023437500017, 67.821240234375]]], [[[15.396582031250006, 68.78359375], [15.222070312500023, 68.61630859375], [14.373437500000023, 68.71142578125], [15.037792968750011, 69.000537109375], [15.396582031250006, 68.78359375]]], [[[19.910449218750017, 70.201904296875], [20.088476562500006, 70.10205078125], [19.780859375000006, 70.07744140625], [19.599023437500023, 70.266162109375], [19.910449218750017, 70.201904296875]]], [[[20.642578125, 70.05703125], [20.405078125000017, 70.119140625], [20.654882812500006, 70.230859375], [20.819433593750006, 70.20546875], [20.642578125, 70.05703125]]], [[[19.607812500000023, 70.019140625], [18.784765625000006, 69.57900390625], [18.0615234375, 69.602099609375], [18.67402343750001, 69.781640625], [19.132714843750023, 70.244140625], [19.25507812500001, 70.06640625], [19.607812500000023, 70.019140625]]], [[[12.43017578125, 65.93994140625], [12.77880859375, 65.99169921875], [12.718652343750023, 65.9638671875], [12.43017578125, 65.93994140625]]], [[[12.327343750000011, 66.03662109375], [12.461328125000023, 66.185009765625], [12.620800781250011, 66.1779296875], [12.327343750000011, 66.03662109375]]], [[[11.179003906250017, 64.838037109375], [10.739843750000006, 64.8703125], [11.02099609375, 64.9787109375], [11.179003906250017, 64.838037109375]]], [[[18.076757812500006, 69.395751953125], [17.95068359375, 69.19814453125], [16.810449218750023, 69.070703125], [17.001757812500017, 69.3619140625], [17.36083984375, 69.381494140625], [17.229882812500023, 69.477685546875], [17.503027343750006, 69.596240234375], [18.076757812500006, 69.395751953125]]], [[[16.27558593750001, 68.868310546875], [16.54736328125, 68.716552734375], [15.975292968750011, 68.402490234375], [14.257519531250011, 68.190771484375], [15.41259765625, 68.6158203125], [15.564257812500017, 68.87373046875], [15.483007812500006, 69.04345703125], [16.129492187500006, 69.27392578125], [15.811718750000011, 69.02421875], [15.927929687500011, 68.733203125], [15.760351562500006, 68.56123046875], [16.27558593750001, 68.868310546875]]], [[[-9.098876953125, 70.8548828125], [-8.343701171874983, 71.14013671875], [-8.001367187499994, 71.177685546875], [-8.002099609374994, 71.041259765625], [-9.098876953125, 70.8548828125]]], [[[19.098535156250023, 74.3521484375], [18.797460937500006, 74.485693359375], [19.182910156250017, 74.517919921875], [19.274707031250017, 74.45673828125], [19.098535156250023, 74.3521484375]]], [[[26.459570312500006, 78.720263671875], [26.40771484375, 78.784326171875], [27.007617187500017, 78.697509765625], [26.459570312500006, 78.720263671875]]], [[[31.48193359375, 80.10791015625], [33.62929687500002, 80.217431640625], [33.556640625, 80.19814453125], [31.48193359375, 80.10791015625]]], [[[22.04316406250001, 78.576953125], [22.29951171875001, 78.228173828125], [23.451953125000017, 78.149462890625], [23.11669921875, 77.99150390625], [24.90185546875, 77.756591796875], [22.8017578125, 77.27578125], [22.42695312500001, 77.31591796875], [22.685351562500017, 77.553515625], [20.928125000000023, 77.45966796875], [20.873144531250006, 77.56533203125], [21.653125000000017, 77.92353515625], [20.227929687500023, 78.47783203125], [22.04316406250001, 78.576953125]]], [[[22.28974609375001, 80.04921875], [22.450781250000006, 80.40224609375], [23.00800781250001, 80.473974609375], [23.3154296875, 80.425244140625], [23.114550781250017, 80.186962890625], [24.402636718750017, 80.35517578125], [26.86083984375, 80.160009765625], [27.198632812500023, 79.906591796875], [25.641210937500006, 79.40302734375], [23.94775390625, 79.194287109375], [22.695703125000023, 79.329052734375], [22.865527343750017, 79.411865234375], [20.128222656250017, 79.489599609375], [19.674609375000017, 79.591162109375], [20.784082031250023, 79.748583984375], [18.725000000000023, 79.7607421875], [18.25537109375, 79.92919921875], [18.85595703125, 80.03662109375], [17.916894531250023, 80.143115234375], [19.343359375000006, 80.11640625], [19.537109375, 80.163232421875], [19.178320312500006, 80.33154296875], [19.751074218750006, 80.227197265625], [19.810351562500017, 80.326806640625], [19.614355468750006, 80.462548828125], [19.733300781250023, 80.47783203125], [22.28974609375001, 80.04921875]]], [[[17.834570312500006, 79.800048828125], [17.956152343750006, 79.704248046875], [17.668750000000017, 79.3859375], [18.397363281250023, 79.60517578125], [18.815234375000017, 79.42666015625], [18.677832031250006, 79.26171875], [19.8935546875, 79.056201171875], [20.61103515625001, 79.106640625], [20.767187500000006, 79.059130859375], [20.50068359375001, 78.981396484375], [21.388769531250006, 78.7404296875], [19.6767578125, 78.6095703125], [19.150488281250006, 78.37939453125], [18.9951171875, 78.081494140625], [18.439257812500017, 78.025048828125], [18.227929687500023, 77.522607421875], [17.623339843750017, 77.399365234375], [17.15253906250001, 77.04892578125], [17.2490234375, 76.969189453125], [16.976660156250006, 76.81162109375], [17.06269531250001, 76.658984375], [16.700488281250017, 76.579296875], [14.365820312500006, 77.23447265625], [13.995703125000006, 77.508203125], [17.033300781250006, 77.797705078125], [16.9140625, 77.897998046875], [14.089941406250006, 77.77138671875], [13.680566406250023, 78.028125], [17.171972656250006, 78.417138671875], [16.448632812500023, 78.503564453125], [16.782617187500023, 78.663623046875], [15.417382812500023, 78.4732421875], [15.254199218750017, 78.5890625], [15.384179687500023, 78.77119140625], [15.016308593750011, 78.630126953125], [14.689257812500017, 78.720947265625], [14.467187500000023, 78.675390625], [14.431835937500011, 78.49248046875], [14.638281250000006, 78.414599609375], [13.150195312500017, 78.2375], [11.365429687500011, 78.950390625], [12.4033203125, 78.95322265625], [11.981835937500023, 79.02529296875], [11.892773437500011, 79.15234375], [12.083984375, 79.267529296875], [11.978320312500017, 79.29267578125], [11.208105468750006, 79.129638671875], [10.737597656250017, 79.520166015625], [10.68212890625, 79.758251953125], [13.69287109375, 79.860986328125], [13.921093750000011, 79.76171875], [12.555371093750011, 79.569482421875], [13.333789062500017, 79.5748046875], [13.957226562500011, 79.3396484375], [14.039843750000017, 79.58564453125], [14.831835937500017, 79.76640625], [16.34375, 78.976123046875], [15.825781250000006, 79.709033203125], [16.245703125000006, 80.049462890625], [17.834570312500006, 79.800048828125]]], [[[11.82568359375, 78.436083984375], [12.116406250000011, 78.232568359375], [11.121289062500011, 78.46328125], [10.558203125000006, 78.9029296875], [10.960839843750023, 78.84638671875], [11.82568359375, 78.436083984375]]], [[[18.525000000000006, 80.24560546875], [18.162207031250006, 80.28818359375], [18.29169921875001, 80.358349609375], [18.741601562500023, 80.300927734375], [18.525000000000006, 80.24560546875]]], [[[29.696679687500023, 78.904736328125], [27.889062500000023, 78.8521484375], [28.511132812500023, 78.967333984375], [29.696679687500023, 78.904736328125]]]]}}]}