{"type":"FeatureCollection", "features": [
{"type":"Feature","geometry":{"type":"Polygon","coordinates":[[[2.0193,11.4277],[2.0119,11.4284],[2,11.4184],[1.9975614124925272,11.418106194276207],[1.917,11.4084],[1.8781,11.453],[1.6242,11.3934],[1.5536,11.4783],[1.4598827871122024,11.465704302167588],[1.4345,11.4722],[1.4131751588334185,11.459426744884993],[1.41,11.459],[1.407107578791782,11.455792356839748],[1.3951,11.4486],[1.3937282817082766,11.440954956720795],[1.3265,11.3664],[1.3266808292775425,11.364408179002591],[1.3254,11.3638],[1.3270693435391803,11.360128723404255],[1.332351291995358,11.301948455334715],[1.3244,11.3001],[1.3209093520259876,11.299283039835869],[1.3103,11.2968],[1.3032,11.2951],[1.291,11.3059],[1.2706,11.3156],[1.2838,11.266],[1.2627045089433317,11.25015362174147],[1.2626457966788571,11.250109518632005],[1.2611086757990868,11.250379452054794],[1.2592,11.2509],[1.2590077799943005,11.250748389854659],[1.2521,11.2453],[1.1438084396703585,11.255136330182744],[1.1343,11.256],[1.1312,11.2508],[1.1398,11.2252],[1.165,11.1697],[1.1588,11.1684],[1.1488,11.1663],[1.0922,11.1546],[1.0650349372566001,11.136955811337083],[1.0611,11.1344],[1.0681,11.1208],[1.1045,11.0505],[1.1142,11.0317],[1.1093,11.0337],[1.0602,11.0539],[0.9789,11.0873],[0.9725658616904507,11.07956862529864],[0.9721,11.079],[0.9448,11.0261],[0.9805,10.9828],[0.9239,10.9864],[0.9239181453992465,10.98626375573108],[0.9238,10.9864],[0.9355952012299452,10.897836031442955],[0.8979837209302326,10.910767441860465],[0.8976,10.9109],[0.8975998689279897,10.910899416133772],[0.8844,10.8521],[0.847,10.7727],[0.8018,10.7183],[0.7799,10.4497],[0.7767,10.4101],[0.7746,10.3848],[0.866,10.3242],[0.9016,10.29],[1.0733,10.1868],[1.3552,10],[1.3643,9.9971],[1.3698,9.6615],[1.3425,9.5458],[1.3553,9.5042],[1.3609,9.4871],[1.3881,9.4965],[1.3898,9.4971],[1.413,9.3245],[1.4194,9.3166],[1.6177,9.0716],[1.6435,8.5962],[1.6302,8.5937],[1.6304,8.4718],[1.6499,8.4781],[1.6305,8.3782],[1.6314,7.6747],[1.635,7.661],[1.6774,7.4976],[1.6751,7.4968],[1.6757,7.4946],[1.644,7.4856],[1.6429,7.4763],[1.6357,7.4166],[1.6416,6.9946],[1.6416,6.994],[1.595,6.9962],[1.5576,6.998],[1.5767,6.9221],[1.6036,6.907],[1.6052,6.9061],[1.605,6.9041],[1.5984,6.8241],[1.5969,6.8064],[1.606,6.7918],[1.6258,6.7599],[1.6259,6.7598],[1.6087,6.7363],[1.5916,6.7129],[1.574,6.6884],[1.6124,6.6109],[1.6303,6.5986],[1.6789,6.5653],[1.6963,6.5534],[1.6956,6.5008],[1.6957,6.5004],[1.7259,6.5018],[1.7808,6.4268],[1.8072,6.2844],[1.8067,6.2843],[1.8067,6.2842],[1.6278,6.2257],[1.9619,6.286],[2.3578,6.3393],[2.498,6.3475],[2.6652,6.3636],[2.7096,6.3688],[2.7099,6.3731],[2.7039,6.3726],[2.7026,6.4523],[2.7015,6.5124],[2.7108,6.5237],[2.729136215753425,6.5461109303652965],[2.7432,6.5633],[2.7389182246995603,6.580655462551116],[2.7869,6.7501],[2.7721953048581676,6.75746403651777],[2.771,6.7581],[2.724,6.7816],[2.7409,6.8594],[2.7351727611069347,6.877841315611003],[2.7398,6.9177],[2.7292,6.931],[2.7184,6.9447],[2.7118,6.9531],[2.7723729983089163,7.04550625442184],[2.7725,7.0456],[2.7724727143444823,7.045658374766047],[2.7725,7.0457],[2.7616144588114655,7.168329808235454],[2.7721,7.1887],[2.7706,7.2004],[2.753225279704632,7.3373127959275],[2.7481,7.3777],[2.7425126100307065,7.4215011463664275],[2.7439872,7.4216352],[2.7594,7.422],[2.7627856382978733,7.42334414893617],[2.7929,7.4353],[2.7943,7.449],[2.7436,7.553],[2.7295,7.5755],[2.7383,7.7788],[2.6933,7.8684],[2.750828848856381,8.201830497917172],[2.752015727849076,8.206320179490485],[2.7532,8.2108],[2.7478,8.2234],[2.700308619046693,8.334843917854574],[2.7475,8.4658],[2.7498613530531104,8.486853558996891],[2.7568,8.4976],[2.7576,8.5386],[2.756581252232755,8.546767426449046],[2.7582,8.5612],[2.7297,8.7739],[2.7297378500591494,8.774119998746992],[2.7626,8.809],[2.7798,9.065],[2.7809,9.0651],[2.7931,9.0666],[2.960923287671233,9.087328767123287],[3.0878,9.103],[3.1089,9.1575],[3.1581708714271755,9.290721240593154],[3.1582,9.2908],[3.1579,9.2955],[3.1462,9.4778],[3.1461,9.4801],[3.1492,9.4822],[3.2393858814037917,9.616492537313432],[3.2641213137665965,9.65261928721174],[3.2652,9.653],[3.2676,9.6577],[3.3484,9.686],[3.3483868446760012,9.68609537609899],[3.3484,9.6861],[3.3318,9.8026],[3.4168629246676514,9.83274741506647],[3.4987,9.8617],[3.5412,9.8767],[3.541324981279297,9.876858398733654],[3.5599,9.9004],[3.58791746031746,9.967248677248678],[3.6055,10.0092],[3.6402,10.0921],[3.6748,10.1744],[3.676454946852003,10.178488692222595],[3.6765,10.1786],[3.6278,10.2269],[3.5871,10.2672],[3.5883,10.271],[3.595475287356322,10.294343390804597],[3.6365,10.4273],[3.6531172413793103,10.436404926108374],[3.6812,10.4517],[3.6886,10.4558],[3.691850087596356,10.457572775052558],[3.6919,10.4576],[3.7862,10.4063],[3.8479,10.6433],[3.847764423076923,10.64524326923077],[3.8476,10.6476],[3.8455,10.6733],[3.845458888888889,10.673587777777778],[3.8415,10.7013],[3.7507,10.8186],[3.7515,10.8227],[3.7714892142032386,10.925044776720581],[3.7715,10.9251],[3.7708,10.929],[3.769,10.9398],[3.7541,11.0007],[3.753084840408121,11.001449656314003],[3.7233,11.1251],[3.7211661937651694,11.124665279074108],[3.7209,11.1247],[3.6536,11.1109],[3.4973,11.2908],[3.5159,11.3837],[3.502283582889386,11.403425568537473],[3.5073560324471114,11.51580448076279],[3.5196,11.5385],[3.514,11.663],[3.5949,11.7103],[3.4951669603524227,11.840978414096917],[3.4863,11.8526],[3.485,11.8543],[3.3714478114478115,11.875603030303031],[3.32,11.8853],[3.3075,11.8876],[3.2618,12.0162],[3.1794,12.0973],[3.1708592035894565,12.10506254627033],[3.150050860065086,12.12397480241748],[2.9957,12.2754],[2.984,12.284],[2.9281636916673337,12.325643280236934],[2.9226,12.3307],[2.8291,12.3997],[2.805,12.4175],[2.7753890284114022,12.394834811870457],[2.7159,12.3493],[2.689,12.2871],[2.6863,12.2807],[2.6631,12.3042],[2.6183,12.2937],[2.59411121014536,12.28804294430819],[2.5143,12.2944],[2.3874,12.2422],[2.4083,12.0849],[2.4662,11.9882],[2.3978,11.9458],[2.3995,11.9359],[2.405397829552422,11.901612618025752],[2.4054,11.9016],[2.4049,11.9022],[2.4074,11.8989],[2.3517650404958563,11.771959081927195],[2.3049,11.7346],[2.3118,11.681],[2.308696699029126,11.678354563106796],[2.3057,11.6758],[2.3057,11.6744],[2.0193,11.4277]]]},"properties":{"iso3":"BEN"}},
{"type":"Feature","geometry":{"type":"MultiPolygon","coordinates":[[[[90.4771,21.7812],[90.4704,21.7754],[90.4764,21.7691],[90.4801,21.7709],[90.4771,21.7812]]],[[[90.3863,21.7982],[90.3789,21.7883],[90.3914,21.7944],[90.3916,21.8057],[90.3863,21.7982]]],[[[90.4612,21.8078],[90.4633,21.8057],[90.4805,21.8018],[90.4716,21.8199],[90.4612,21.8078]]],[[[90.3841,21.84],[90.381,21.8542],[90.3684,21.8542],[90.3682,21.8366],[90.3841,21.84]]],[[[90.437,21.8494],[90.4335,21.8318],[90.4599,21.8409],[90.4558,21.8603],[90.437,21.8494]]],[[[90.4339,21.8652],[90.4142,21.8568],[90.4315,21.8604],[90.4361,21.8694],[90.4339,21.8652]]],[[[90.481,21.8867],[90.4652,21.8639],[90.4671,21.8492],[90.482,21.8573],[90.481,21.8867]]],[[[90.4123,21.8893],[90.497,21.9561],[90.4662,22.0543],[90.3561,21.9791],[90.3068,21.8832],[90.3208,21.849],[90.3585,21.8518],[90.3574,21.9156],[90.391,21.8725],[90.4085,21.8863],[90.4061,21.8761],[90.4165,21.8843],[90.4182,21.8897],[90.4123,21.8893]]],[[[90.5007,21.9102],[90.4895,21.8959],[90.4904,21.8756],[90.5114,21.891],[90.5007,21.9102]]],[[[90.1488,21.8926],[90.1179,21.8994],[90.0895,21.8657],[90.1063,21.8195],[90.1789,21.7974],[90.2333,21.8171],[90.296,21.9899],[90.2544,21.9507],[90.159,21.9811],[90.119,21.9032],[90.1967,21.9348],[90.1727,21.9066],[90.1604,21.9102],[90.1488,21.8926]]],[[[90.4201,21.8913],[90.4492,21.8896],[90.4597,21.9115],[90.4249,21.8982],[90.4201,21.8913]]],[[[90.4867,21.9211],[90.4785,21.9125],[90.4743,21.9018],[90.4838,21.9131],[90.4867,21.9211]]],[[[90.3835,22.0512],[90.3968,22.0526],[90.425,22.0776],[90.39,22.084],[90.3401,22.0223],[90.3424,22.0028],[90.368,22.0496],[90.375,22.0504],[90.3658,22.0413],[90.3698,22.0426],[90.3746,22.0469],[90.3761,22.0505],[90.3796,22.0508],[90.3395,21.9913],[90.3638,22.0118],[90.3913,22.0428],[90.3835,22.0512]]],[[[90.3433,22.044],[90.3486,22.0423],[90.3496,22.0514],[90.3447,22.0488],[90.3433,22.044]]],[[[90.4786,22.0455],[90.4796,22.0649],[90.4751,22.0508],[90.4842,22.0319],[90.4786,22.0455]]],[[[90.4073,22.0589],[90.4048,22.058],[90.3928,22.0461],[90.3908,22.0392],[90.4073,22.0589]]],[[[90.468,22.0553],[90.4697,22.0547],[90.4699,22.0571],[90.4682,22.0567],[90.468,22.0553]]],[[[90.4479,22.0579],[90.4473,22.0634],[90.4447,22.0628],[90.4433,22.0545],[90.4479,22.0579]]],[[[90.4603,22.0633],[90.4513,22.0658],[90.4509,22.0567],[90.4564,22.0582],[90.4603,22.0633]]],[[[89.8773,22.0863],[89.8786,22.0786],[89.8849,22.0839],[89.8829,22.091],[89.8773,22.0863]]],[[[90.3958,22.1337],[90.397,22.1367],[90.3971,22.1419],[90.388,22.1313],[90.3958,22.1337]]],[[[90.4991,22.1341],[90.5051,22.136],[90.5055,22.1399],[90.4983,22.1384],[90.4991,22.1341]]],[[[90.4173,23.0072],[90.4978,23.0487],[90.4985,23.069],[90.5563,23.1352],[90.5717,23.1524],[90.6078,23.2135],[90.6022,23.2241],[90.6013,23.2267],[90.5966,23.2301],[90.5974,23.2315],[90.5981,23.2325],[90.49,23.3245],[90.5305,23.3291],[90.5293,23.3272],[90.5532,23.3213],[90.5626,23.3271],[90.5617,23.3255],[90.5653,23.3243],[90.5665,23.3283],[90.5644,23.3283],[90.5724,23.3332],[90.5684,23.3334],[90.5907,23.3359],[90.6263,23.3557],[90.6734,23.3205],[90.6734,23.3504],[90.6833,23.3254],[90.6786,23.3199],[90.6722,23.3185],[90.6391,23.3334],[90.6653,23.2754],[90.6371,23.2272],[90.6391,23.1818],[90.6378,23.1823],[90.6366,23.1797],[90.6371,23.1744],[90.6392,23.1778],[90.6402,23.1566],[90.6382,23.1559],[90.6383,23.1506],[90.6406,23.146],[90.6478,22.9795],[90.7114,22.8936],[90.7146,22.8858],[90.7146,22.8871],[90.7129,22.8916],[90.7214,22.8801],[90.7147,22.9402],[90.7611,22.8701],[90.8242,22.701],[90.9081,22.6447],[91.0778,22.4934],[91.0906,22.5222],[91.1367,22.557],[91.1297,22.5428],[91.0927,22.5208],[91.0822,22.4859],[91.138,22.443],[91.2012,22.5098],[91.1126,22.4879],[91.123,22.4957],[91.1529,22.5005],[91.1504,22.5403],[91.2289,22.5258],[91.2881,22.6186],[91.2638,22.6836],[91.2114,22.7045],[91.1931,22.7329],[91.1965,22.7329],[91.2077,22.7247],[91.2109,22.7129],[91.2589,22.6972],[91.2989,22.7451],[91.3844,22.7564],[91.3287,22.7882],[91.3293,22.8535],[91.3392,22.8409],[91.3332,22.7956],[91.4221,22.7486],[91.4071,22.8134],[91.468,22.8623],[91.4671,22.8504],[91.4522,22.8282],[91.4187,22.8095],[91.6901,22.5141],[91.7542,22.3474],[91.8002,22.2259],[91.8337,22.2596],[91.7983,22.2789],[91.7944,22.2968],[91.862,22.3339],[91.8906,22.4051],[91.8902,22.4279],[91.8699,22.4358],[91.8583,22.4525],[91.8545,22.4633],[91.8567,22.4674],[91.8812,22.4777],[91.8761,22.4676],[91.856,22.4638],[91.8912,22.43],[91.8932,22.4059],[91.9294,22.4245],[91.9593,22.4196],[91.9687,22.4155],[91.9114,22.4139],[91.8809,22.3393],[91.8702,22.3331],[91.8701,22.333],[91.7982,22.2912],[91.8407,22.2633],[91.8123,22.2082],[91.8445,22.1159],[91.853,22.117],[91.8421,22.1425],[91.8495,22.1547],[91.9046,22.1255],[91.8768,22.1441],[91.8727,22.1515],[91.8736,22.1507],[91.8779,22.1581],[91.9028,22.1552],[91.9176,22.1875],[91.9777,22.1769],[91.9869,22.1654],[91.9713,22.1588],[91.9976,22.1429],[91.9796,22.1487],[91.9712,22.1554],[91.9684,22.1626],[91.9699,22.1661],[91.9751,22.1675],[91.9808,22.1655],[91.9846,22.167],[91.9779,22.1755],[91.9554,22.1695],[91.9384,22.1803],[91.9371,22.1692],[91.9281,22.1683],[91.9201,22.1751],[91.9182,22.1851],[91.9044,22.1537],[91.8768,22.15],[91.904,22.135],[91.9074,22.1253],[91.9045,22.1211],[91.8601,22.1295],[91.8472,22.1499],[91.9168,21.8626],[91.8554,21.6837],[91.8841,21.6478],[91.9053,21.6986],[91.8592,21.5665],[91.8907,21.5453],[91.8505,21.5308],[91.9131,21.4696],[91.9377,21.4883],[91.9034,21.5025],[91.9768,21.5096],[91.992,21.5991],[91.9915,21.5939],[91.9983,21.6007],[91.9968,21.6075],[91.9927,21.6029],[91.9933,21.6068],[91.983,21.6433],[91.9605,21.6693],[91.9474,21.7159],[92.02,21.6071],[92.0172,21.6006],[92.0016,21.5937],[91.9922,21.5701],[92.0203,21.4978],[92.0071,21.5007],[92.0017,21.516],[91.9489,21.4593],[92.0349,21.3286],[92.0462,21.1845],[92.344,20.74],[92.2743,20.9184],[92.2839,20.9055],[92.2854,20.9105],[92.2729,20.9259],[92.2727,20.9224],[92.2621,20.9495],[92.2637,21.0136],[92.2563,21.027],[92.26081077966101,21.04917799999999],[92.26130281396962,21.049646226196895],[92.26312281219273,21.041087315634144],[92.2642,21.0301],[92.26431914083742,21.035461337683497],[92.2645,21.0436],[92.2622,21.0654],[92.2186,21.1167],[92.1748,21.1619],[92.17672167433302,21.16490783808648],[92.1771,21.1655],[92.2201,21.2316],[92.2111037582297,21.272355701353327],[92.240418679135,21.350741250730568],[92.2525,21.3578],[92.2586,21.3621],[92.2638,21.3943],[92.26917166970803,21.427624247262777],[92.2692,21.4277],[92.26938925898203,21.427775736027947],[92.2848,21.4258],[92.3291,21.42],[92.37093045841236,21.468409617890803],[92.38369982305524,21.473519552156635],[92.426,21.3906],[92.4389,21.3652],[92.4393,21.3645],[92.43939312542075,21.36451412179927],[92.4394,21.3645],[92.56178707134411,21.369876428852976],[92.5625,21.3675],[92.59814815775817,21.248078671510118],[92.5985,21.2469],[92.6388,21.2665],[92.6791,21.2861],[92.67907930313767,21.286189882675238],[92.6791,21.2862],[92.64395,21.43875],[92.6088,21.5914],[92.6107,21.6128],[92.6332,21.8664],[92.6338,21.8732],[92.60540092258009,21.971496806703417],[92.60540088974248,21.971500479687247],[92.6169,21.9777],[92.6168830777065,21.9777996403575],[92.6026,22.0619],[92.5625,22.1283],[92.6101,22.1352],[92.588,22.216],[92.5165,22.7224],[92.4739,22.7464],[92.4494,22.8947],[92.3717,22.9362],[92.3923,23.0565],[92.3579,23.1035],[92.3467,23.2358],[92.404,23.2406],[92.317,23.4718],[92.2782,23.7175],[92.2411,23.7205],[92.2165,23.6521],[92.2028,23.7059],[92.1486,23.7357],[92.0634,23.6451],[92.0084,23.6637],[91.9569,23.7342],[91.934,23.6845],[91.9691,23.4765],[91.9366,23.4665],[91.9427,23.4353],[91.8451,23.4048],[91.7643,23.3093],[91.7847,23.2339],[91.8357,23.0931],[91.7745,23.0697],[91.7806,23.0293],[91.7206,22.9875],[91.6455,22.9852],[91.62,22.9386],[91.5425,22.9997],[91.4909,23.1578],[91.5075,23.1838],[91.409,23.2853],[91.3799,23.1846],[91.4172,23.0647],[91.3958,23.0562],[91.3469,23.1025],[91.2898,23.3187],[91.3201,23.3603],[91.291,23.3508],[91.2493,23.4903],[91.1625,23.5952],[91.1563,23.6709],[91.1994,23.6468],[91.2085,23.6866],[91.1492,23.7117],[91.1676,23.7498],[91.219,23.7366],[91.254,23.8371],[91.233,23.9271],[91.2761,23.9227],[91.3035,23.9967],[91.3035,23.997],[91.3528,23.9819],[91.3795,23.9755],[91.3964,24.0425],[91.3745,24.1079],[91.586,24.0728],[91.6379,24.103],[91.6575,24.1797],[91.6576,24.1797],[91.6576,24.1798],[91.6576,24.1804],[91.6651,24.2337],[91.668,24.2312],[91.6673,24.2123],[91.6803,24.1853],[91.7592,24.1416],[91.745,24.2471],[91.8104,24.2172],[91.8458,24.225],[91.848,24.185],[91.9057,24.1389],[91.9407,24.2682],[91.9199,24.3376],[91.9567,24.3568],[91.9959,24.3221],[91.9704,24.3847],[92.0961,24.3728],[92.1664,24.4218],[92.1549,24.5231],[92.2236,24.5174],[92.2543,24.6782],[92.2959,24.7367],[92.2326,24.902],[92.3006,24.9156],[92.4002,24.8497],[92.4878,24.8714],[92.4967,24.9022],[92.4873,24.9472],[92.4489,24.9391],[92.4618,24.9689],[92.4194,24.9676],[92.4252,25.0297],[92.2274,25.0938],[92.1044,25.1747],[91.774,25.1634],[91.6379,25.1227],[91.6016,25.1437],[91.61,25.177],[91.4744,25.1335],[91.268,25.2074],[91.0409,25.1877],[90.9649,25.1718],[90.7853,25.1789],[90.7332,25.155],[90.666,25.1659],[90.6638,25.198],[90.6063,25.1761],[90.441,25.1446],[90.3302,25.1939],[90.1122,25.2255],[89.9666,25.3038],[89.8568,25.2868],[89.8311,25.2961],[89.8256,25.4152],[89.8824,25.6173],[89.8173,25.8179],[89.887,25.9453],[89.8254,25.9455],[89.8707,25.9815],[89.8358,26.0127],[89.8201,25.9878],[89.8088,26.0433],[89.7903,26.0179],[89.8018,26.0403],[89.7735,26.0377],[89.7948,26.0874],[89.7476,26.1575],[89.6742,26.1671],[89.702,26.1741],[89.7006,26.1778],[89.7024,26.1768],[89.7023,26.1825],[89.6994,26.1812],[89.6787,26.2383],[89.6338,26.2303],[89.6499,26.1903],[89.6277,26.184],[89.6586,26.1765],[89.6087,26.1807],[89.603,26.1267],[89.6303,26.1185],[89.5967,26.0981],[89.6301,26.1069],[89.65,26.0645],[89.605,26.0633],[89.5851,25.976],[89.5576,25.9654],[89.5408,26.006],[89.4274,26.0133],[89.4238,26.0471],[89.3924,26.0072],[89.3485,26.0105],[89.2543,26.0642],[89.2668,26.0925],[89.2171,26.1263],[89.217,26.1272],[89.217,26.1264],[89.1624,26.133],[89.1345,26.1813],[89.149,26.2103],[89.1136,26.277],[89.1168,26.2783],[89.1182,26.2839],[89.1128,26.285],[89.1123,26.2795],[89.0992,26.3042],[89.106,26.3159],[89.1219,26.2876],[89.1362,26.3202],[89.0837,26.3223],[89.0873,26.3978],[89.0558,26.4029],[89.0593,26.4036],[89.056,26.4079],[89.0541,26.4075],[89.0554,26.4029],[88.994,26.4129],[88.9558,26.4603],[88.9039,26.4081],[88.9394,26.3549],[88.9382,26.3549],[88.938,26.3514],[88.9407,26.3513],[88.9411,26.3522],[88.9559,26.3301],[88.9872,26.348],[88.9957,26.2904],[89.0586,26.2933],[89.0506,26.2418],[89.0247,26.2415],[89.0258,26.2427],[89.022,26.2427],[89.0228,26.2415],[88.9567,26.2407],[88.8982,26.2888],[88.8613,26.2727],[88.8778,26.2335],[88.8402,26.2314],[88.7935,26.3101],[88.6662,26.2628],[88.668,26.2973],[88.7094,26.2889],[88.675,26.3202],[88.7464,26.3225],[88.7453,26.348],[88.7046,26.3326],[88.681,26.3802],[88.7022,26.3885],[88.6237,26.4349],[88.6229,26.4711],[88.5599,26.4571],[88.4835,26.5411],[88.4312,26.5502],[88.4151,26.6332],[88.3905,26.6163],[88.3337,26.4788],[88.3549,26.4471],[88.3723,26.4883],[88.4852,26.4603],[88.5228,26.3602],[88.4576,26.3767],[88.3496,26.2824],[88.3501,26.2203],[88.1771,26.1481],[88.1584,26.0808],[88.1828,26.0268],[88.1396,26.013],[88.0858,25.9157],[88.1011,25.8291],[88.1474,25.7763],[88.2695,25.8083],[88.4017,25.6727],[88.4537,25.665],[88.4443,25.597],[88.4999,25.5841],[88.5399,25.5084],[88.7064,25.48],[88.7648,25.495],[88.7616,25.5259],[88.8106,25.5232],[88.8401,25.3639],[88.9294,25.3042],[89.0089,25.3032],[89.0078,25.2677],[88.9772,25.2636],[88.923,25.165],[88.8437,25.214],[88.8058,25.1705],[88.7078,25.208],[88.5648,25.1746],[88.4399,25.2103],[88.438,25.208],[88.4387,25.2031],[88.4354,25.1999],[88.4423,25.1753],[88.4603,25.1386],[88.4349,25.0561],[88.4526,25.037],[88.3981,24.9445],[88.3402,24.9403],[88.3292,24.8702],[88.2762,24.8981],[88.259,24.8781],[88.2262,24.9598],[88.138,24.9363],[88.175,24.8602],[88.0683,24.7693],[88.0086,24.6679],[88.1407,24.5113],[88.3339,24.3815],[88.4463,24.3786],[88.5271,24.3444],[88.555,24.2934],[88.5676,24.3267],[88.7063,24.3119],[88.7374,24.2701],[88.7334,24.1939],[88.7464,24.1472],[88.693,24.1113],[88.7277,24.1009],[88.7288,23.9967],[88.7696,23.9819],[88.7375,23.9827],[88.7334,23.9111],[88.6675,23.8696],[88.5753,23.8624],[88.602,23.8165],[88.5558,23.7845],[88.5807,23.7593],[88.5582,23.6492],[88.5937,23.641],[88.58,23.603],[88.646,23.6081],[88.6597,23.5492],[88.7414,23.4798],[88.8004,23.4976],[88.7954,23.4436],[88.7628,23.447],[88.7488,23.3982],[88.7655,23.3677],[88.7321,23.3525],[88.7456,23.3078],[88.6963,23.3022],[88.7188,23.2548],[88.7897,23.2185],[88.8122,23.2564],[88.9421,23.2064],[88.9958,23.2152],[88.8684,23.1012],[88.8797,23.0062],[88.845,23.0089],[88.8596,22.9424],[88.8943,22.9522],[88.9054,22.8859],[88.9685,22.8442],[88.911,22.7578],[88.9623,22.6951],[88.9285,22.6523],[88.9608,22.6161],[88.9382,22.5613],[88.9971,22.4699],[88.9856,22.3255],[89.0253,22.2954],[88.9959,22.2851],[89.0754,22.1942],[89.0754,22.1492],[89.1019,22.1561],[89.0477,22.097],[89.0875,22.0559],[89.0766,22.1023],[89.0944,22.1113],[89.0842,22.1223],[89.0924,22.1262],[89.0923,22.1246],[89.085,22.1225],[89.0946,22.12],[89.0954,22.1106],[89.0772,22.1022],[89.08,22.0992],[89.0936,22.0972],[89.0983,22.0942],[89.0908,22.059],[89.0873,22.0543],[89.0677,22.0544],[89.0896,22.0185],[89.0942,22.0232],[89.0971,21.9402],[89.1155,21.9521],[89.1261,22.0267],[89.1277,22.0572],[89.1481,22.0779],[89.0951,22.1716],[89.1749,22.0817],[89.1918,22.12],[89.1715,22.1235],[89.1659,22.1472],[89.1445,22.1514],[89.1388,22.1642],[89.1603,22.208],[89.1586,22.1911],[89.1421,22.1691],[89.1431,22.1559],[89.1643,22.1514],[89.1941,22.1185],[89.1777,22.0808],[89.1503,22.0849],[89.1786,22.0649],[89.1549,22.038],[89.2019,22.0027],[89.2454,22.0593],[89.1915,22.1337],[89.2197,22.1716],[89.1805,22.1658],[89.1822,22.2315],[89.1929,22.2295],[89.2021,22.2149],[89.1983,22.1824],[89.222,22.1726],[89.2044,22.1284],[89.2128,22.1489],[89.2423,22.1612],[89.2236,22.1999],[89.2526,22.2249],[89.2273,22.1999],[89.2461,22.1604],[89.2135,22.1448],[89.227,22.1342],[89.2077,22.1268],[89.2185,22.0975],[89.2645,22.1126],[89.2576,22.1647],[89.2632,22.1657],[89.2654,22.1371],[89.3319,22.2166],[89.3302,22.1332],[89.3356,22.1297],[89.3261,22.1294],[89.3232,22.1845],[89.2781,22.119],[89.292,22.1075],[89.2773,22.1131],[89.2626,22.09],[89.2991,22.0985],[89.3357,22.0639],[89.2895,22.0616],[89.3466,21.9722],[89.3427,22.0315],[89.3792,22.0827],[89.3772,22.0661],[89.391,22.0559],[89.3766,22.0635],[89.3537,22.0322],[89.3766,21.9538],[89.3746,21.953],[89.3778,21.9497],[89.3854,21.9236],[89.3814,21.9225],[89.4022,21.8545],[89.3951,21.8556],[89.3815,21.8777],[89.3484,21.8057],[89.3608,21.7551],[89.3947,21.7983],[89.3799,21.7625],[89.3601,21.7518],[89.3978,21.7215],[89.474,21.7945],[89.4147,21.8174],[89.4635,21.8189],[89.4501,21.847],[89.424,21.8511],[89.4668,21.8565],[89.4713,21.9025],[89.4629,21.9129],[89.5088,21.9279],[89.456,21.9489],[89.4641,21.966],[89.5097,21.9382],[89.4655,21.9973],[89.502,21.9686],[89.4425,22.0619],[89.4485,22.075],[89.4348,22.0945],[89.4177,22.101],[89.4135,22.1095],[89.4134,22.1148],[89.4237,22.1184],[89.4299,22.1391],[89.4242,22.1174],[89.4146,22.1146],[89.4189,22.1015],[89.4854,22.09],[89.4538,22.149],[89.4177,22.1593],[89.3967,22.1326],[89.3765,22.1381],[89.3601,22.1908],[89.3836,22.1816],[89.3703,22.1623],[89.3857,22.1573],[89.379,22.1384],[89.429,22.1665],[89.3652,22.2148],[89.4021,22.209],[89.4,22.2146],[89.4622,22.1483],[89.4342,22.1832],[89.437,22.1871],[89.4639,22.1535],[89.4572,22.2082],[89.4594,22.2463],[89.4183,22.23],[89.4164,22.2386],[89.4379,22.2443],[89.4789,22.2725],[89.4227,22.3466],[89.4211,22.325],[89.3882,22.3987],[89.4007,22.3932],[89.4225,22.3543],[89.4344,22.4137],[89.4485,22.3874],[89.4336,22.3572],[89.4736,22.3053],[89.4806,22.3168],[89.4646,22.3285],[89.4562,22.3387],[89.4624,22.3443],[89.486,22.3393],[89.4888,22.3703],[89.4681,22.3719],[89.4631,22.4054],[89.4777,22.404],[89.4725,22.3979],[89.4652,22.3992],[89.4776,22.3827],[89.4689,22.3731],[89.4899,22.3711],[89.4972,22.3444],[89.4839,22.3367],[89.4611,22.3427],[89.4604,22.334],[89.4826,22.3175],[89.483,22.3113],[89.4763,22.2994],[89.4925,22.2664],[89.4958,22.2883],[89.4854,22.2988],[89.4863,22.3043],[89.5164,22.3022],[89.5093,22.2967],[89.5016,22.296],[89.4865,22.3025],[89.497,22.2896],[89.4969,22.2747],[89.4948,22.266],[89.4759,22.2323],[89.5238,22.0966],[89.5439,22.1469],[89.5505,22.1119],[89.5102,22.0166],[89.532,21.9947],[89.5839,22.1248],[89.5246,22.1981],[89.5331,22.2101],[89.5269,22.221],[89.5352,22.2422],[89.5379,22.2333],[89.5283,22.2222],[89.535,22.2092],[89.5276,22.1973],[89.573,22.2442],[89.5119,22.3282],[89.5111,22.3331],[89.5148,22.3377],[89.5345,22.343],[89.5038,22.3723],[89.5355,22.3452],[89.5349,22.3391],[89.5124,22.3314],[89.5284,22.3321],[89.5539,22.3042],[89.5781,22.2406],[89.6288,22.3659],[89.6172,22.267],[89.617,22.2695],[89.6126,22.2975],[89.5931,22.2277],[89.5539,22.208],[89.6043,22.1281],[89.6002,22.2263],[89.6117,22.2201],[89.6069,22.179],[89.6771,22.1425],[89.6779,22.1348],[89.6421,22.1591],[89.6143,22.1666],[89.5988,22.0911],[89.597,22.091],[89.5735,22.0534],[89.5914,22.0391],[89.6009,22.0654],[89.6044,22.0544],[89.5929,22.0384],[89.5687,22.0393],[89.618,22.0265],[89.6327,22.064],[89.639,22.032],[89.636,22.0292],[89.6175,22.0252],[89.5996,22.0287],[89.5971,22.0251],[89.5682,22.0374],[89.5483,21.9626],[89.5822,21.9488],[89.5615,21.9752],[89.5679,21.9818],[89.5629,21.9745],[89.5867,21.9503],[89.6369,21.9614],[89.6572,21.9028],[89.6955,22.0216],[89.7273,21.9691],[89.7463,21.9761],[89.7501,22.0072],[89.7485,21.9733],[89.7209,21.9632],[89.722,21.9704],[89.6961,22.0052],[89.6585,21.8867],[89.673,21.8369],[89.7063,21.8455],[89.6883,21.8548],[89.6974,21.8573],[89.6945,21.865],[89.7013,21.8641],[89.7036,21.8815],[89.7124,21.888],[89.7124,21.882],[89.7054,21.8815],[89.7024,21.8632],[89.696,21.8641],[89.6988,21.8577],[89.6966,21.8557],[89.6905,21.8547],[89.7414,21.8391],[89.7113,21.9015],[89.7205,21.9606],[89.7702,21.9562],[89.7704,21.9531],[89.7683,21.9512],[89.7591,21.9478],[89.7313,21.9475],[89.7163,21.9054],[89.7489,21.8557],[89.78,21.8625],[89.7481,21.8937],[89.7836,21.887],[89.773,21.9359],[89.7881,21.9091],[89.783,21.8694],[89.7877,21.8776],[89.8078,21.8782],[89.8126,21.8904],[89.8122,21.8852],[89.8081,21.8773],[89.7948,21.8718],[89.7879,21.8754],[89.7774,21.8334],[89.8359,21.8503],[89.8451,21.8915],[89.8067,21.9199],[89.8098,21.923],[89.8478,21.8924],[89.8763,21.9101],[89.8327,22.0503],[89.842,22.0049],[89.8115,21.992],[89.8408,22.0088],[89.8076,22.0551],[89.7765,22.0887],[89.7578,22.0702],[89.7579,22.0715],[89.7554,22.1247],[89.7983,22.0729],[89.8367,22.1232],[89.8105,22.1402],[89.8147,22.15],[89.8344,22.1632],[89.8079,22.22],[89.8368,22.164],[89.8133,22.1446],[89.8377,22.1275],[89.842,22.1197],[89.8148,22.0674],[89.8769,22.097],[89.8858,22.1773],[89.9567,21.9467],[89.9866,21.9563],[89.9719,22.0304],[90.0226,22.0811],[90.0163,22.1288],[90.0602,22.161],[90.0197,22.1877],[90.0707,22.1602],[90.0347,22.1285],[90.0289,22.0529],[89.987,22.0351],[90.0178,21.9828],[90.0563,21.9785],[90.0858,22.0598],[90.1512,22.121],[90.2238,22.1452],[90.2003,22.109],[90.1589,22.1147],[90.0903,22.0415],[90.0711,21.9696],[90.0285,21.9452],[90.0307,21.876],[90.0727,21.8606],[90.1013,21.8852],[90.1556,21.9834],[90.2567,21.9536],[90.2717,22.0212],[90.3075,21.9822],[90.3982,22.1716],[90.435,22.1914],[90.4362,22.1883],[90.4321,22.1816],[90.4042,22.1695],[90.4051,22.1428],[90.3868,22.1057],[90.4383,22.0817],[90.4972,22.1547],[90.4839,22.2064],[90.5185,22.1765],[90.6158,22.3245],[90.6177,22.274],[90.669,22.3425],[90.6677,22.379],[90.6432,22.381],[90.6222,22.4467],[90.6405,22.4185],[90.6334,22.476],[90.5916,22.4359],[90.6159,22.4042],[90.5875,22.4238],[90.5909,22.5302],[90.5113,22.5807],[90.4775,22.5789],[90.5093,22.5934],[90.5029,22.6957],[90.4719,22.6517],[90.4783,22.6735],[90.5039,22.7084],[90.4562,22.756],[90.458,22.7555],[90.453,22.7658],[90.4913,22.7388],[90.4918,22.7435],[90.5078,22.7199],[90.5245,22.7143],[90.5161,22.7989],[90.5407,22.7944],[90.579,22.7993],[90.5413,22.783],[90.5299,22.7406],[90.5629,22.7714],[90.5427,22.7384],[90.5632,22.7065],[90.5658,22.6986],[90.5219,22.701],[90.5225,22.6406],[90.5341,22.6763],[90.5693,22.6537],[90.5675,22.6932],[90.5802,22.6528],[90.5336,22.6202],[90.538,22.6172],[90.5333,22.6182],[90.5337,22.616],[90.5252,22.6406],[90.5229,22.5791],[90.5426,22.5813],[90.5486,22.5729],[90.5358,22.6098],[90.5393,22.6068],[90.5433,22.6135],[90.5491,22.6095],[90.5498,22.5879],[90.5923,22.5729],[90.584,22.5847],[90.5794,22.5884],[90.6219,22.5589],[90.6055,22.662],[90.6113,22.6555],[90.6174,22.6392],[90.6215,22.567],[90.6573,22.5428],[90.6574,22.5421],[90.6589,22.5405],[90.6591,22.5416],[90.6704,22.534],[90.6722,22.4653],[90.6712,22.4697],[90.672,22.4584],[90.6724,22.4608],[90.6755,22.3447],[90.6751,22.343],[90.6707,22.2942],[90.6739,22.2922],[90.6759,22.3271],[90.6773,22.2751],[90.6124,22.1653],[90.5964,22.0377],[90.6534,21.9951],[90.7054,22.0115],[90.8106,22.125],[90.8649,22.4253],[90.7731,22.5176],[90.7532,22.603],[90.7091,22.6196],[90.6527,22.7864],[90.6111,22.8034],[90.6708,22.8111],[90.6563,22.8449],[90.6514,22.8481],[90.597,22.8757],[90.5328,22.8887],[90.4909,22.8487],[90.4865,22.7969],[90.4972,22.8392],[90.5091,22.8189],[90.5061,22.8154],[90.5052,22.821],[90.4924,22.8178],[90.4925,22.8082],[90.5054,22.8147],[90.4948,22.8028],[90.5143,22.7992],[90.4949,22.7691],[90.4965,22.7821],[90.4378,22.7944],[90.4388,22.8813],[90.4548,22.8652],[90.4664,22.8027],[90.4754,22.8654],[90.5279,22.9168],[90.5392,22.8972],[90.5637,22.905],[90.5869,22.9453],[90.5147,23.0323],[90.4899,23.0225],[90.4757,23.0076],[90.5219,22.9273],[90.437,22.9921],[90.4736,22.9827],[90.4584,23.004],[90.4518,23.0063],[90.4258,23.0007],[90.4173,23.0072]]],[[[90.4964,22.7989],[90.4967,22.7992],[90.4958,22.7998],[90.496,22.7989],[90.4964,22.7989]]],[[[90.4823,22.8533],[90.4945,22.8537],[90.5229,22.88],[90.5238,22.8819],[90.4823,22.8533]]],[[[90.5369,21.845],[90.5003,21.8593],[90.4763,21.8227],[90.4986,21.811],[90.5369,21.845]]],[[[90.5415,21.8586],[90.5279,21.887],[90.5036,21.8662],[90.5259,21.8634],[90.5415,21.8586]]],[[[90.5771,21.8831],[90.6009,21.9649],[90.5513,21.9766],[90.5076,21.9258],[90.5171,21.8915],[90.5771,21.8831]]],[[[90.6166,21.9689],[90.6093,21.9606],[90.6046,21.9024],[90.6111,21.9086],[90.6166,21.9689]]],[[[90.5485,21.9829],[90.5504,21.986],[90.5429,21.9796],[90.5451,21.98],[90.5485,21.9829]]],[[[90.5654,22.0002],[90.5657,22.0092],[90.5539,21.9956],[90.5593,21.9939],[90.5654,22.0002]]],[[[90.5672,21.9927],[90.6062,21.9776],[90.6226,21.9894],[90.592,22.0299],[90.5672,21.9927]]],[[[90.6009,22.1879],[90.4905,22.0848],[90.4847,22.0138],[90.5059,21.9592],[90.5898,22.0587],[90.6009,22.1879]]],[[[90.5382,22.1889],[90.5384,22.176],[90.5445,22.2008],[90.5425,22.2001],[90.5382,22.1889]]],[[[90.5716,22.2068],[90.5681,22.192],[90.5853,22.2101],[90.5873,22.2388],[90.5781,22.2347],[90.5752,22.2225],[90.5676,22.2089],[90.5666,22.203],[90.5716,22.2068]]],[[[90.586,22.2051],[90.6275,22.2024],[90.6313,22.2431],[90.589,22.2407],[90.586,22.2051]]],[[[90.6032,22.4701],[90.6102,22.4726],[90.6096,22.4833],[90.6054,22.4729],[90.6032,22.4701]]],[[[90.5702,22.5567],[90.6013,22.5531],[90.5958,22.5679],[90.5525,22.5866],[90.5702,22.5567]]],[[[90.6197,22.5801],[90.6193,22.5782],[90.6194,22.5765],[90.6201,22.5785],[90.6197,22.5801]]],[[[90.5363,22.7096],[90.5376,22.7131],[90.5292,22.7254],[90.5265,22.7083],[90.5363,22.7096]]],[[[90.5992,22.8909],[90.5999,22.8858],[90.6065,22.8885],[90.6028,22.897],[90.5992,22.8909]]],[[[90.5975,22.8839],[90.5956,22.912],[90.5605,22.8958],[90.5758,22.8852],[90.5975,22.8839]]],[[[90.6018,23.0099],[90.5989,23.0346],[90.5896,23.0249],[90.5963,23.0163],[90.5976,23.0148],[90.5986,23.0102],[90.6018,23.0099]]],[[[90.5887,23.0254],[90.5882,23.0275],[90.5668,23.0435],[90.5871,23.003],[90.5887,23.0254]]],[[[90.5656,23.0449],[90.5787,23.0794],[90.5483,23.0597],[90.5537,23.005],[90.5758,23.0004],[90.5656,23.0449]]],[[[90.5266,23.0571],[90.5257,23.0566],[90.5266,23.0514],[90.5283,23.0571],[90.5266,23.0571]]],[[[90.5233,23.0614],[90.5259,23.0626],[90.5281,23.0644],[90.5284,23.0653],[90.5233,23.0614]]],[[[90.5358,23.071],[90.5337,23.0746],[90.5324,23.0713],[90.5309,23.0687],[90.5358,23.071]]],[[[90.7134,21.8765],[90.742,21.867],[90.7572,21.931],[90.7341,21.9255],[90.7134,21.8765]]],[[[90.6948,21.9598],[90.6333,21.9752],[90.6142,21.8913],[90.6507,21.8988],[90.6948,21.9598]]],[[[90.6958,21.9912],[90.6781,21.9867],[90.6914,21.9797],[90.7087,21.9969],[90.6958,21.9912]]],[[[90.7225,22.0092],[90.7255,22.0142],[90.7112,22.0006],[90.7154,22.0006],[90.7225,22.0092]]],[[[90.673,22.2901],[90.6712,22.2896],[90.664,22.2587],[90.6721,22.2718],[90.673,22.2901]]],[[[90.6134,22.2599],[90.6523,22.288],[90.6491,22.3046],[90.6461,22.3049],[90.6134,22.2599]]],[[[90.6652,22.4006],[90.67,22.393],[90.6726,22.3862],[90.6679,22.4376],[90.6604,22.4084],[90.665,22.4011],[90.6606,22.4034],[90.6608,22.3949],[90.6677,22.3882],[90.6652,22.4006]]],[[[90.6662,22.4645],[90.6632,22.4645],[90.6643,22.4491],[90.6697,22.4586],[90.6662,22.4645]]],[[[90.6406,22.4792],[90.6327,22.481],[90.644,22.4622],[90.6471,22.4764],[90.6406,22.4792]]],[[[90.6702,22.4799],[90.6707,22.4794],[90.67,22.4844],[90.6698,22.4835],[90.6702,22.4799]]],[[[90.6352,22.5541],[90.6141,22.5515],[90.6021,22.5363],[90.6357,22.4889],[90.6311,22.5414],[90.6496,22.535],[90.6352,22.5541]]],[[[90.703,22.6642],[90.702,22.6613],[90.7118,22.6505],[90.7085,22.6629],[90.703,22.6642]]],[[[90.7306,22.6795],[90.7303,22.6724],[90.7453,22.6684],[90.7353,22.6878],[90.7306,22.6795]]],[[[90.7065,22.7527],[90.6983,22.7314],[90.7211,22.6792],[90.7277,22.7288],[90.7065,22.7527]]],[[[90.6902,22.7493],[90.691,22.7503],[90.6907,22.7554],[90.6888,22.7514],[90.6902,22.7493]]],[[[90.6842,22.7529],[90.6833,22.7644],[90.6776,22.76],[90.6793,22.7549],[90.6842,22.7529]]],[[[90.6791,22.7722],[90.6843,22.7725],[90.687,22.7792],[90.6788,22.7765],[90.6791,22.7722]]],[[[90.6691,22.7966],[90.6579,22.795],[90.6719,22.7955],[90.6741,22.7976],[90.6691,22.7966]]],[[[90.6648,22.8014],[90.6761,22.8076],[90.6438,22.8052],[90.6554,22.7987],[90.6648,22.8014]]],[[[90.6846,22.9032],[90.6837,22.8965],[90.6891,22.9038],[90.6876,22.906],[90.6846,22.9032]]],[[[90.6785,22.9117],[90.6781,22.9172],[90.6655,22.9285],[90.6706,22.9087],[90.6775,22.9117],[90.6745,22.9079],[90.6785,22.9117]]],[[[90.6611,22.9073],[90.6613,22.9228],[90.6528,22.9298],[90.6462,22.9187],[90.6611,22.9073]]],[[[90.6874,22.9185],[90.6786,22.9298],[90.677,22.9314],[90.6663,22.9435],[90.6686,22.9389],[90.6747,22.9334],[90.6888,22.9162],[90.6874,22.9185]]],[[[90.6727,22.927],[90.6706,22.9279],[90.6684,22.929],[90.6676,22.9285],[90.6727,22.927]]],[[[90.6421,22.9326],[90.6425,22.9351],[90.642,22.9358],[90.6408,22.93],[90.6421,22.9326]]],[[[90.6527,22.9373],[90.656,22.9365],[90.6594,22.9354],[90.6568,22.9389],[90.6527,22.9373]]],[[[90.6481,22.9397],[90.6504,22.9398],[90.6508,22.9426],[90.6477,22.941],[90.6481,22.9397]]],[[[90.8323,21.8898],[90.8042,21.9153],[90.8217,21.9284],[90.8067,21.9251],[90.7953,21.9129],[90.7692,21.8559],[90.8323,21.8898]]],[[[90.7951,21.9376],[90.8181,21.9448],[90.8299,21.9974],[90.7796,21.9127],[90.7951,21.9376]]],[[[90.8626,21.9457],[90.8622,21.9714],[90.8543,21.9907],[90.8314,21.9653],[90.849,21.9205],[90.8626,21.9457]]],[[[90.7714,21.997],[90.7595,21.9941],[90.7538,21.9886],[90.7617,21.9862],[90.7714,21.997]]],[[[90.8382,22.0111],[90.8364,21.9979],[90.8404,21.9916],[90.8471,21.9978],[90.8382,22.0111]]],[[[90.7893,22.0241],[90.7759,22.0215],[90.7689,22.004],[90.7845,22.0036],[90.7893,22.0241]]],[[[90.7574,22.0529],[90.7373,22.0437],[90.7232,22.022],[90.7211,22.0156],[90.7574,22.0529]]],[[[90.8797,22.0822],[90.8791,22.0573],[90.891,22.0498],[90.8953,22.0845],[90.8797,22.0822]]],[[[90.8914,22.0962],[90.8864,22.0933],[90.8954,22.0887],[90.8921,22.0937],[90.8914,22.0962]]],[[[90.8855,22.1173],[90.8842,22.1127],[90.8762,22.1006],[90.895,22.125],[90.8855,22.1173]]],[[[90.9001,22.121],[90.9045,22.0758],[90.9266,22.0923],[90.9891,22.1997],[90.9857,22.3462],[90.9001,22.121]]],[[[90.8959,22.2544],[90.8938,22.246],[90.8981,22.2074],[90.9104,22.2972],[90.8959,22.2544]]],[[[90.9305,22.2723],[90.9194,22.2352],[90.9214,22.2315],[90.9385,22.2874],[90.9305,22.2723]]],[[[90.8693,22.2918],[90.8714,22.2885],[90.8747,22.2917],[90.8698,22.293],[90.8693,22.2918]]],[[[91.0159,22.297],[90.9985,22.3175],[91.0081,22.2863],[91.0106,22.2835],[91.0159,22.297]]],[[[90.8791,22.3023],[90.876,22.3059],[90.8716,22.2976],[90.8767,22.2982],[90.8791,22.3023]]],[[[90.9669,22.3095],[90.9628,22.3162],[90.9647,22.3],[90.9659,22.3008],[90.9669,22.3095]]],[[[90.9334,22.3205],[90.9345,22.3164],[90.9261,22.2978],[90.9401,22.3081],[90.9334,22.3205]]],[[[91.0194,22.2928],[91.0137,22.2698],[91.0134,22.2681],[91.0153,22.2426],[91.0257,22.2634],[91.019,22.3323],[91.0077,22.3308],[91.0194,22.2928]]],[[[90.9185,22.3246],[90.9107,22.3038],[90.9173,22.2854],[90.9324,22.347],[90.9185,22.3246]]],[[[90.8791,22.3193],[90.8871,22.3158],[90.89,22.3272],[90.8834,22.3249],[90.8791,22.3193]]],[[[90.8584,22.3403],[90.8564,22.3447],[90.8572,22.3317],[90.8591,22.3338],[90.8584,22.3403]]],[[[90.8661,22.3438],[90.8929,22.3506],[90.8978,22.3564],[90.8858,22.3959],[90.8661,22.3438]]],[[[90.9902,22.391],[90.9723,22.4206],[90.9489,22.3915],[90.9711,22.3658],[90.9902,22.391]]],[[[90.9678,22.4276],[90.9739,22.4574],[90.9509,22.4645],[90.9365,22.442],[90.9678,22.4276]]],[[[90.9045,22.4674],[90.8921,22.4628],[90.893,22.4512],[90.902,22.453],[90.9045,22.4674]]],[[[90.905,22.5023],[90.8676,22.5302],[90.8652,22.4946],[90.905,22.4958],[90.905,22.5023]]],[[[90.9339,22.4937],[90.9818,22.5129],[90.8938,22.5602],[90.8543,22.5782],[90.9339,22.4937]]],[[[90.8417,22.5408],[90.8451,22.5287],[90.8524,22.5456],[90.8418,22.551],[90.8417,22.5408]]],[[[90.7457,22.6601],[90.7467,22.6633],[90.7424,22.6663],[90.7404,22.6649],[90.7457,22.6601]]],[[[90.6121,23.0168],[90.6172,23.0299],[90.6135,23.0359],[90.611,23.0265],[90.6121,23.0168]]],[[[90.5909,23.1015],[90.5903,23.1085],[90.5764,23.0963],[90.5787,23.0884],[90.5831,23.0909],[90.58,23.0866],[90.5839,23.0529],[90.6094,23.0334],[90.6186,23.0543],[90.6159,23.0925],[90.5983,23.1115],[90.5909,23.1015]]],[[[90.5737,23.0987],[90.5872,23.1088],[90.5856,23.1117],[90.5733,23.1112],[90.5737,23.0987]]],[[[90.6073,23.1919],[90.6097,23.1987],[90.6047,23.2018],[90.6027,23.1954],[90.6073,23.1919]]],[[[90.6276,23.2479],[90.6262,23.2479],[90.6263,23.2425],[90.6288,23.2449],[90.6276,23.2479]]],[[[90.6318,23.2586],[90.6371,23.2532],[90.632,23.2687],[90.6275,23.2701],[90.6318,23.2586]]],[[[90.6115,23.2814],[90.6187,23.2712],[90.618,23.2753],[90.616,23.2807],[90.6115,23.2814]]],[[[90.6092,23.2794],[90.59,23.2966],[90.6195,23.2654],[90.6141,23.2744],[90.6092,23.2794]]],[[[90.6244,23.2834],[90.6158,23.3003],[90.6115,23.3057],[90.6272,23.2626],[90.6244,23.2834]]],[[[90.5756,23.2916],[90.5836,23.2854],[90.5872,23.2891],[90.572,23.2974],[90.5756,23.2916]]],[[[90.5857,23.3018],[90.5943,23.2965],[90.5965,23.2968],[90.5926,23.3003],[90.5857,23.3018]]],[[[90.591,23.3091],[90.5965,23.3105],[90.591,23.3126],[90.5901,23.3111],[90.591,23.3091]]],[[[90.5994,23.3183],[90.5983,23.3167],[90.6022,23.3166],[90.6008,23.318],[90.5994,23.3183]]],[[[90.5698,23.3245],[90.5704,23.3248],[90.5697,23.3245],[90.5691,23.3247],[90.5687,23.3241],[90.5698,23.3245]]],[[[90.6222,23.3244],[90.628,23.3202],[90.624,23.3289],[90.6208,23.3313],[90.6222,23.3244]]],[[[90.635,23.3315],[90.625,23.3357],[90.6264,23.325],[90.6374,23.3184],[90.635,23.3315]]],[[[91.0827,22.0642],[91.0483,22.0532],[91.058,22.0303],[91.0773,22.0498],[91.0827,22.0642]]],[[[90.989,22.023],[91.0399,22.0542],[91.0434,22.0822],[91.0025,22.1004],[90.9731,22.0718],[90.989,22.023]]],[[[91.0167,22.1781],[91.0177,22.1836],[91.0175,22.1869],[91.0151,22.1756],[91.0167,22.1781]]],[[[91.0049,22.1096],[91.0591,22.0794],[91.1663,22.1763],[91.1847,22.3654],[91.07,22.407],[91.0685,22.2421],[91.0049,22.1096]]],[[[91.0341,22.337],[91.0536,22.3463],[91.0415,22.3738],[91.0246,22.3588],[91.0341,22.337]]],[[[91.0435,22.3785],[91.0497,22.3619],[91.0553,22.3596],[91.0519,22.3855],[91.0435,22.3785]]],[[[91.0186,22.3636],[91.0454,22.436],[91.0019,22.4634],[90.9871,22.4533],[91.0007,22.3874],[91.0186,22.3636]]],[[[90.7594,22.82],[90.7704,22.8093],[90.7738,22.8294],[90.7524,22.8325],[90.7594,22.82]]],[[[90.7475,22.8706],[90.7527,22.8747],[90.7401,22.8871],[90.7332,22.8693],[90.7381,22.8632],[90.7435,22.8675],[90.7503,22.8352],[90.768,22.8416],[90.7551,22.8724],[90.7475,22.8706]]],[[[90.7013,22.8676],[90.6992,22.8682],[90.6989,22.8665],[90.7004,22.8653],[90.7013,22.8676]]],[[[90.7252,22.8726],[90.7225,22.876],[90.7198,22.8777],[90.7218,22.8729],[90.7252,22.8726]]],[[[90.7238,22.9091],[90.7339,22.8949],[90.7341,22.8956],[90.7283,22.9046],[90.7238,22.9091]]],[[[90.7201,22.9158],[90.724,22.9106],[90.7251,22.9133],[90.7234,22.9195],[90.7201,22.9158]]],[[[90.6421,23.3025],[90.6433,23.3066],[90.6382,23.3146],[90.637,23.3125],[90.6421,23.3025]]],[[[92.3231,20.6356],[92.3152,20.6275],[92.3311,20.5907],[92.332,20.6011],[92.3266,20.6168],[92.3231,20.6356]]],[[[92.2638,20.9935],[92.2661,20.9816],[92.2667,20.9862],[92.2663,20.988],[92.2638,20.9935]]],[[[91.9717,21.5052],[91.9657,21.5041],[91.9657,21.5033],[91.9714,21.5022],[91.9717,21.5052]]],[[[91.8492,21.5269],[91.846,21.526],[91.8511,21.5235],[91.8509,21.5249],[91.8492,21.5269]]],[[[91.8411,21.5276],[91.8415,21.528],[91.8416,21.5393],[91.838,21.5349],[91.8411,21.5276]]],[[[91.8619,21.5897],[91.866,21.6225],[91.8466,21.6101],[91.8512,21.5826],[91.8619,21.5897]]],[[[92.0061,21.6166],[92.0004,21.6237],[92.0055,21.6013],[92.0084,21.6116],[92.0061,21.6166]]],[[[91.8818,21.6433],[91.8838,21.6437],[91.8853,21.6444],[91.8851,21.6462],[91.8818,21.6433]]],[[[91.8469,21.7421],[91.8952,21.864],[91.8738,21.9234],[91.8464,21.8994],[91.8297,21.7226],[91.8469,21.7421]]],[[[91.8702,22.3331],[91.8835,22.3578],[91.8733,22.3474],[91.8721,22.3436],[91.8702,22.3331]]],[[[91.8793,22.3674],[91.8799,22.3704],[91.8793,22.3704],[91.8785,22.3677],[91.8793,22.3674]]],[[[91.3934,22.4235],[91.3548,22.371],[91.4054,22.3825],[91.4037,22.4198],[91.3934,22.4235]]],[[[91.2525,22.4109],[91.2639,22.4146],[91.2595,22.4345],[91.2459,22.4276],[91.2525,22.4109]]],[[[91.278,22.4444],[91.2751,22.4486],[91.2704,22.445],[91.2764,22.4408],[91.278,22.4444]]],[[[91.5643,22.4724],[91.4601,22.6084],[91.4207,22.5973],[91.4205,22.5202],[91.4804,22.3998],[91.5684,22.4094],[91.5643,22.4724]]],[[[91.3434,22.5173],[91.3534,22.6001],[91.3248,22.6108],[91.2655,22.522],[91.291,22.4839],[91.3434,22.5173]]],[[[91.358,22.6024],[91.3525,22.6071],[91.3512,22.6101],[91.3493,22.6042],[91.358,22.6024]]],[[[91.3798,22.6271],[91.4053,22.6866],[91.3415,22.7316],[91.2865,22.705],[91.3224,22.6454],[91.3798,22.6271]]],[[[91.7846,23.2339],[91.7845,23.2344],[91.7841,23.2343],[91.7841,23.234],[91.7846,23.2339]]],[[[90.4525,23.0119],[90.4583,23.0106],[90.4596,23.013],[90.4577,23.0139],[90.4525,23.0119]]],[[[90.5173,23.3176],[90.5197,23.3176],[90.5209,23.3185],[90.5168,23.3181],[90.5173,23.3176]]],[[[90.5141,23.3179],[90.5139,23.3184],[90.5052,23.3214],[90.4996,23.3226],[90.5141,23.3179]]],[[[90.514,23.3226],[90.5167,23.3209],[90.5195,23.3214],[90.5228,23.3221],[90.514,23.3226]]],[[[90.5225,23.0721],[90.5282,23.0715],[90.5273,23.0716],[90.5225,23.0721]]],[[[90.5227,23.0855],[90.5194,23.0766],[90.5433,23.0884],[90.5538,23.1057],[90.5432,23.0947],[90.5227,23.0855]]],[[[89.2774,21.6677],[89.2777,21.6953],[89.2247,21.699],[89.2105,21.6534],[89.2774,21.6677]]],[[[89.346,21.6994],[89.3381,21.7182],[89.3341,21.7121],[89.333,21.6975],[89.346,21.6994]]],[[[89.2256,21.7049],[89.2784,21.7036],[89.2873,21.7398],[89.2227,21.7481],[89.2256,21.7049]]],[[[89.2756,21.7952],[89.2811,21.7947],[89.2658,21.8324],[89.2479,21.8248],[89.2396,21.8661],[89.2441,21.867],[89.2507,21.8596],[89.2584,21.8604],[89.2631,21.8356],[89.269,21.8832],[89.2294,21.8867],[89.285,21.9054],[89.2107,21.9351],[89.2191,21.9484],[89.236,21.9417],[89.2304,21.9502],[89.2612,21.9658],[89.2557,21.973],[89.263,21.9976],[89.2658,21.9776],[89.2646,21.9758],[89.2567,21.9733],[89.2625,21.9658],[89.2575,21.9606],[89.2454,21.9518],[89.232,21.9486],[89.2944,21.9104],[89.2939,21.8828],[89.2908,21.879],[89.2938,21.8774],[89.2932,21.8509],[89.2812,21.8357],[89.2975,21.8186],[89.3155,21.8421],[89.3244,21.8093],[89.3358,21.7896],[89.364,21.8836],[89.3403,21.8704],[89.3557,21.8834],[89.344,21.8794],[89.3598,21.9001],[89.3063,21.998],[89.29,21.9405],[89.3211,21.917],[89.3177,21.9127],[89.3195,21.9178],[89.2887,21.9395],[89.3056,22.0006],[89.2784,22.0857],[89.2255,22.096],[89.2536,22.0604],[89.2193,22.0082],[89.2508,21.981],[89.2308,21.9669],[89.2427,21.9856],[89.1992,22.0006],[89.1653,22.0213],[89.1609,22.0065],[89.1473,22.0422],[89.1735,22.0623],[89.1495,22.0767],[89.1169,21.951],[89.0844,21.9269],[89.1295,21.945],[89.1077,21.9228],[89.0958,21.9205],[89.0837,21.9243],[89.0798,21.9037],[89.1161,21.8171],[89.1268,21.8905],[89.1324,21.8495],[89.1185,21.8173],[89.0991,21.8137],[89.1495,21.795],[89.1792,21.8388],[89.1515,21.8598],[89.1497,21.866],[89.1545,21.8725],[89.1422,21.8751],[89.1454,21.8802],[89.1556,21.8734],[89.1518,21.8615],[89.159,21.8639],[89.1641,21.8623],[89.1823,21.8342],[89.2011,21.9127],[89.1394,21.9224],[89.1443,21.9411],[89.177,21.9263],[89.1692,21.955],[89.2107,21.9183],[89.1938,21.8295],[89.2377,21.8205],[89.2345,21.8192],[89.2484,21.8058],[89.2348,21.811],[89.1847,21.8174],[89.2186,21.7522],[89.2866,21.7548],[89.2818,21.7928],[89.2756,21.7952]]],[[[89.1309,21.7672],[89.0836,21.7966],[89.0836,21.857],[89.0367,21.9199],[89.0449,21.7867],[89.1146,21.7197],[89.1463,21.7349],[89.1309,21.7672]]],[[[89.5452,21.8811],[89.5694,21.9339],[89.5434,21.9606],[89.5475,21.923],[89.546,21.9035],[89.5452,21.8811]]],[[[89.517,22.0783],[89.4796,22.0516],[89.4786,22.0458],[89.4964,22.0305],[89.517,22.0783]]],[[[89.4721,22.0481],[89.5135,22.0797],[89.4506,22.0709],[89.4595,22.0499],[89.4721,22.0481]]],[[[89.4781,22.109],[89.5014,22.0908],[89.4961,22.13],[89.4736,22.1414],[89.4781,22.109]]],[[[89.5408,21.8501],[89.5381,21.762],[89.5933,21.7142],[89.6045,21.7988],[89.5637,21.8314],[89.5408,21.8501]]],[[[89.8404,21.8298],[89.8375,21.8269],[89.8432,21.8085],[89.8521,21.8194],[89.8404,21.8298]]],[[[89.853,21.8455],[89.8605,21.8348],[89.8633,21.8525],[89.8516,21.8513],[89.853,21.8455]]],[[[89.5914,21.8979],[89.5812,21.8918],[89.5931,21.8789],[89.5943,21.8719],[89.5871,21.8664],[89.5774,21.8623],[89.5552,21.8579],[89.5548,21.8548],[89.6148,21.8016],[89.6095,21.7647],[89.6672,21.7543],[89.6994,21.7822],[89.6257,21.8637],[89.6341,21.9244],[89.5872,21.9458],[89.5487,21.8757],[89.5751,21.8629],[89.5805,21.8927],[89.5922,21.8988],[89.6009,21.891],[89.5996,21.8896],[89.5972,21.8899],[89.5914,21.8979]]],[[[89.6412,21.8628],[89.6595,21.8635],[89.6459,21.8977],[89.6309,21.8799],[89.6412,21.8628]]],[[[89.5711,21.9353],[89.5699,21.9302],[89.5707,21.9295],[89.5729,21.9333],[89.5711,21.9353]]],[[[89.8877,22.1652],[89.8901,22.1544],[89.8906,22.1526],[89.8912,22.1501],[89.8877,22.1652]]],[[[89.1713,26.2637],[89.1439,26.2663],[89.1426,26.2418],[89.1707,26.2401],[89.1713,26.2637]]],[[[89.0132,26.2625],[89.0046,26.2656],[88.9986,26.2533],[89.0057,26.2499],[89.0132,26.2625]]],[[[89.0331,26.2696],[89.0223,26.2712],[89.0324,26.2562],[89.0368,26.2643],[89.0331,26.2696]]],[[[88.9957,26.2772],[88.9997,26.277],[89.003,26.2816],[88.9961,26.2825],[88.9957,26.2772]]],[[[89.1316,26.2927],[89.1292,26.2924],[89.1303,26.2911],[89.1317,26.2912],[89.1316,26.2927]]],[[[89.131,26.2969],[89.1318,26.2948],[89.1349,26.2958],[89.1345,26.298],[89.131,26.2969]]],[[[89.1462,26.3045],[89.1438,26.3027],[89.1466,26.3014],[89.1473,26.3032],[89.1462,26.3045]]],[[[88.9761,26.2781],[88.9836,26.2996],[88.94,26.3233],[88.9213,26.3355],[88.9236,26.2961],[88.9761,26.2781]]],[[[89.0723,26.4016],[89.0758,26.4007],[89.0753,26.4054],[89.0726,26.4036],[89.0723,26.4016]]],[[[89.0659,26.4022],[89.0665,26.4014],[89.0688,26.4021],[89.0673,26.4062],[89.0659,26.4022]]],[[[89.5202,26.0263],[89.5105,26.0242],[89.5141,26.0109],[89.5213,26.0224],[89.5202,26.0263]]],[[[89.5709,26.0623],[89.5534,26.0652],[89.552,26.0582],[89.5712,26.0522],[89.5709,26.0623]]],[[[89.5035,26.07],[89.5026,26.06],[89.5117,26.0577],[89.5144,26.0656],[89.5035,26.07]]],[[[89.6171,26.068],[89.6208,26.0688],[89.6176,26.08],[89.6115,26.0726],[89.6171,26.068]]],[[[89.4247,26.1055],[89.4155,26.1052],[89.4144,26.0994],[89.4269,26.0985],[89.4247,26.1055]]],[[[89.6041,26.1259],[89.6041,26.1253],[89.6042,26.1258],[89.6041,26.1259]]],[[[89.6048,26.1914],[89.5901,26.1895],[89.5872,26.1773],[89.6071,26.1755],[89.6048,26.1914]]],[[[89.5847,26.1876],[89.5831,26.1841],[89.5856,26.1836],[89.5877,26.1887],[89.5847,26.1876]]],[[[89.6229,26.1987],[89.6157,26.1896],[89.6091,26.191],[89.6189,26.1863],[89.6229,26.1987]]],[[[89.5969,26.1936],[89.5974,26.2003],[89.5928,26.2022],[89.5893,26.1968],[89.5969,26.1936]]],[[[89.6159,26.2047],[89.6098,26.2054],[89.6089,26.2045],[89.617,26.2023],[89.6159,26.2047]]],[[[89.1869,26.2438],[89.1779,26.2449],[89.1776,26.2415],[89.1804,26.2393],[89.1869,26.2438]]],[[[91.6576,24.1791],[91.6576,24.1794],[91.6575,24.1792],[91.6576,24.1791]]]]},"properties":{"iso3":"BGD"}},
{"type":"Feature","geometry":{"type":"Polygon","coordinates":[[[-3.8514,5.2215],[-3.2219,5.1071],[-3.1135,5.0851],[-3.1108,5.1156],[-3.1075,5.1155],[-3.0628,5.1219],[-3.0331,5.1121],[-3.0076,5.1037],[-2.95,5.0847],[-2.9403,5.1243],[-2.879,5.1276],[-2.7583,5.1007],[-2.7282,5.1375],[-2.7256,5.1406],[-2.7848,5.2851],[-2.7812,5.3115],[-2.7764,5.3465],[-2.7655,5.3465],[-2.7591,5.3465],[-2.7281,5.3465],[-2.7652,5.5951],[-2.8621,5.6547],[-2.9345,5.6199],[-2.9371,5.6216],[-2.9547,5.633],[-2.9667,5.6407],[-2.9555,5.701],[-2.9556,5.7096],[-2.9985,5.7121],[-3.0261,5.7097],[-3.0259,5.7137],[-3.0361,5.7143],[-3.0232,5.8482],[-3.111,6.1562],[-3.1761,6.2468],[-3.2607,6.6119],[-3.2591,6.6154],[-3.2621,6.6177],[-3.2093,6.7312],[-3.209,6.7317],[-3.2312,6.8213],[-3.1789,6.9055],[-3.1166,7.0059],[-3.1096,7.0113],[-3.0799,7.0567],[-3.0734,7.06],[-3.0351,7.0771],[-3.0257,7.1408],[-2.9907,7.1874],[-2.9558,7.2338],[-2.9561,7.2354],[-2.9583,7.2458],[-2.9718,7.3117],[-2.9235,7.6087],[-2.85,7.7574],[-2.7917,7.8652],[-2.7827,7.952],[-2.7448,7.9197],[-2.6842,8.0151],[-2.6014,8.0309],[-2.6177,8.1141],[-2.6118,8.1378],[-2.5909,8.1492],[-2.5031,8.1971],[-2.4941,8.202],[-2.5827,8.7805],[-2.5869,8.7836],[-2.5901,8.7838],[-2.5905,8.7863],[-2.6204,8.7937],[-2.6285,8.7957],[-2.5972,8.828],[-2.6593,9.0084],[-2.7611,9.0261],[-2.7805,9.0559],[-2.7818,9.058],[-2.7829,9.0597],[-2.7779,9.1063],[-2.7739,9.1423],[-2.7739,9.1427],[-2.6598,9.2526],[-2.6947,9.289],[-2.7207,9.3117],[-2.719,9.3144],[-2.6917,9.359],[-2.6753,9.3858],[-2.6803,9.4487],[-2.6845,9.4871],[-2.6845,9.4873],[-2.6897,9.4927],[-2.703106779661017,9.479581355932204],[-2.7687498955882557,9.415349027578623],[-2.93273206401766,9.576478476821192],[-2.9355,9.5798],[-3.0007,9.7394],[-3.0047,9.7384],[-3.0062,9.7418],[-3.058916386335912,9.730941166899116],[-3.0915,9.8128],[-3.1451,9.8504],[-3.1454,9.8503],[-3.149,9.8529],[-3.1822,9.839],[-3.1877,9.9376],[-3.1903,9.9347],[-3.197455573647651,9.926892295420666],[-3.2704,9.8473],[-3.270420406958695,9.84731145390574],[-3.2737312081343823,9.84916972221268],[-3.309823200578758,9.909045412242197],[-3.3098,9.9097],[-3.310244572368421,9.909744457236842],[-3.3107,9.9105],[-3.6218,9.9598],[-3.8514,9.9016],[-3.892,9.9057],[-3.929,9.8819],[-3.961927626459144,9.873561738002595],[-3.9678,9.8721],[-4.043221233848093,9.809051851560037],[-4.0463,9.8103],[-4.10604306226096,9.83553208351621],[-4.1197,9.8413],[-4.1301,9.8457],[-4.1911,9.7739],[-4.2646,9.7554],[-4.3071,9.5949],[-4.3122,9.5987],[-4.3128,9.5966],[-4.3227,9.6064],[-4.3455,9.6231],[-4.3552,9.6174],[-4.3902,9.5965],[-4.3904,9.5964],[-4.4274,9.6601],[-4.499675164353543,9.64777246165084],[-4.5001,9.6477],[-4.5047,9.6466],[-4.5047,9.6469],[-4.506648320565704,9.665664407778433],[-4.515,9.7461],[-4.5154,9.75],[-4.516627924875182,9.749774238027433],[-4.5377,9.7459],[-4.5485,9.7433],[-4.5536,9.7421],[-4.562271840915137,9.693059244479915],[-4.56236593356967,9.692942329351729],[-4.6123,9.725],[-4.689662673630582,9.678780761651472],[-4.7335,9.7474],[-4.763997475301866,9.739775631174535],[-4.8165,9.7835],[-4.7836,9.7819],[-4.7858,9.8331],[-4.786867758186398,9.83404911838791],[-4.790263938618926,9.837067945439044],[-4.7903,9.8371],[-4.9422,9.8847],[-4.9542,9.8885],[-4.9671,9.8925],[-4.9403,9.9534],[-4.964087288624722,9.971125859617565],[-4.962,10.0256],[-4.9992,10.1072],[-5.073,10.1111],[-5.0365,10.1217],[-5.0599,10.1804],[-5.1043,10.1752],[-5.0918,10.2018],[-5.0838,10.2203],[-5.1229,10.2037],[-5.119283261802575,10.238161373390557],[-5.112902984587058,10.298954580821427],[-5.1123,10.3047],[-5.135993380529762,10.29479105832863],[-5.193695010891581,10.30531124507968],[-5.1974,10.3183],[-5.2903,10.3172],[-5.313079003460148,10.30624001133907],[-5.391718403885314,10.297556203395763],[-5.415539356257665,10.310146136277123],[-5.49379176239609,10.40471975855299],[-5.5079699808950515,10.425628493226554],[-5.5089,10.427],[-5.5106,10.423],[-5.51065113269138,10.423014726215117],[-5.5231,10.4266],[-5.6441,10.4614],[-5.6441026282668245,10.461400037017842],[-5.6493,10.4629],[-5.73154534364335,10.42598584392694],[-5.7723,10.4271],[-5.7927,10.4197],[-5.8023,10.412],[-5.852687538913784,10.371613624113042],[-5.867922742832692,10.359402377335615],[-5.8683,10.3591],[-5.878806734816597,10.273600240529165],[-5.8792,10.2705],[-5.9552,10.2736],[-5.985892834065515,10.192318976888393],[-6.0294,10.201212593984962],[-6.198644293193718,10.235888586387436],[-6.1995,10.2376],[-6.2177,10.2734],[-6.217839907602809,10.27361017509839],[-6.2323,10.3021],[-6.212896776379277,10.318446935507055],[-6.1893,10.3285],[-6.189533261298875,10.338130359339242],[-6.1914,10.4152],[-6.1674,10.4281],[-6.1718,10.4351],[-6.1876,10.4561],[-6.1861,10.4578],[-6.1964,10.4743],[-6.17851017730968,10.490890561824543],[-6.1785,10.4909],[-6.2493,10.5253],[-6.2482,10.5267],[-6.248394562733693,10.526772548815954],[-6.184,10.6315],[-6.221623764764303,10.691897588053772],[-6.212,10.7218],[-6.2212,10.7249],[-6.247904046034885,10.734085434274412],[-6.2481,10.7344],[-6.248325219072512,10.734230305851183],[-6.2494,10.7346],[-6.3203,10.68],[-6.4141,10.6963],[-6.4281,10.5576],[-6.5343,10.5873],[-6.5445,10.5952],[-6.5914,10.6312],[-6.625035060761645,10.657088804343811],[-6.6409,10.6693],[-6.649794750636212,10.629180483386929],[-6.663284829624539,10.568333870567853],[-6.6791,10.497],[-6.65444785151373,10.466728983994273],[-6.6304,10.4372],[-6.6274,10.4344],[-6.6452,10.3603],[-6.6629,10.3526],[-6.6999,10.3364],[-6.747845953695281,10.35757033897463],[-6.836927294941937,10.355114616266246],[-6.9354,10.3524],[-6.936935406436805,10.350518142880016],[-7.012879424404219,10.257438038807136],[-7.0134,10.2568],[-6.9989350672019555,10.180690905917263],[-6.9962,10.1663],[-7.015806143205859,10.157071399511798],[-7.034337371226657,10.148348760991611],[-7.0491,10.1414],[-7.05971460272364,10.153146223483091],[-7.0792973128443615,10.174816642571905],[-7.1429,10.2452],[-7.3767779245104945,10.243200188760063],[-7.3768,10.2432],[-7.358160610814125,10.32771828853066],[-7.4265,10.3355],[-7.4341,10.3362],[-7.434112071611884,10.336291472213997],[-7.4342,10.3363],[-7.441261538461538,10.390248076923074],[-7.453540645214539,10.43974822602111],[-7.533708388480422,10.433439231300047],[-7.579716581344379,10.42981850513165],[-7.5952,10.4286],[-7.6259,10.4577],[-7.627097081202445,10.456826418859922],[-7.7173,10.391],[-7.720639428919825,10.384964137790876],[-7.72576799376424,10.375694495742895],[-7.745336039998734,10.340326163728996],[-7.747502960947504,10.336409555057617],[-7.7978,10.2455],[-7.915236512435342,10.168336639977326],[-7.9436,10.1497],[-7.954528436464766,10.154767375567461],[-7.9776837171508985,10.165504181695667],[-7.9778,10.1653],[-7.9779,10.165],[-7.9782,10.1644],[-8.0165,10.0971],[-8.0664,10.0693],[-8.1067,10.0469],[-8.1219,10.0243],[-8.1438,9.977],[-8.1103,9.957],[-8.1557,9.9276],[-8.1513,9.9199],[-8.1289,9.8807],[-8.1207,9.8664],[-8.1015,9.8327],[-8.1398,9.6246],[-8.1409,9.6188],[-8.1473,9.584],[-8.1492,9.532],[-8.0603,9.4018],[-8.036,9.4003],[-7.9892,9.3973],[-7.947,9.4034],[-7.85,9.4377],[-7.8559,9.4166],[-7.8492,9.4176],[-7.9103,9.1978],[-7.8733,9.1607],[-7.8542,9.1674],[-7.8291,9.1816],[-7.7192,9.0701],[-7.8316,9.0695],[-7.8658,9.0462],[-7.8873,9.0291],[-7.9101,9.0042],[-7.9361,8.9058],[-7.9613,8.8104],[-7.9159,8.7655],[-7.7711,8.7621],[-7.7678,8.762],[-7.7535,8.7277],[-7.7358,8.6851],[-7.7352,8.6838],[-7.6598,8.6152],[-7.6849,8.5628],[-7.6611,8.5058],[-7.6678,8.4869],[-7.6814,8.4485],[-7.6411,8.3774],[-7.7266,8.374],[-7.7451,8.3733],[-7.817,8.4756],[-7.8263,8.4242],[-7.8641,8.417],[-7.868,8.4225],[-7.8866,8.417],[-7.9378,8.5006],[-8.1009,8.4771],[-8.1181,8.4822],[-8.1196,8.4807],[-8.1801,8.4979],[-8.2275,8.4649],[-8.2339,8.4571],[-8.2104,8.3494],[-8.2391,8.2323],[-8.0689,8.1615],[-8.0396,8.2055],[-7.9984,8.1985],[-7.9988,8.1963],[-8.0144,8.1023],[-7.9525,8.022],[-7.9456,8.013],[-7.9739,8.0266],[-8.0142,8.0352],[-8.056,8.0232],[-8.0581,8.0212],[-8.1172,7.8588],[-8.0713,7.7902],[-8.1618,7.6088],[-8.1921,7.548],[-8.1936,7.545],[-8.195,7.5457],[-8.3028,7.6014],[-8.3036,7.601],[-8.3693,7.5727],[-8.3768,7.5853],[-8.388,7.6038],[-8.393,7.6122],[-8.4442,7.575],[-8.4698,7.5481],[-8.427,7.5266],[-8.4154,7.4707],[-8.3685,7.2441],[-8.2846,7.1647],[-8.301,7.1049],[-8.3071,7.0873],[-8.2772,7.0048],[-8.2762,7.0019],[-8.3232,6.9634],[-8.3248,6.9621],[-8.323,6.8968],[-8.3223,6.8734],[-8.321,6.8266],[-8.33,6.8004],[-8.4357,6.6631],[-8.4338,6.6618],[-8.4515,6.6422],[-8.4725,6.6272],[-8.5111,6.5998],[-8.5149,6.5971],[-8.5229,6.6043],[-8.533,6.6082],[-8.5338,6.6062],[-8.539,6.5609],[-8.5507,6.5654],[-8.5611,6.5694],[-8.6089,6.5005],[-8.5563,6.484],[-8.4786,6.4329],[-8.4501,6.4792],[-8.4431,6.4854],[-8.3991,6.4453],[-8.3971,6.3978],[-8.3974,6.3509],[-8.343,6.3757],[-8.2656,6.3311],[-8.172,6.2742],[-8.0037,6.3199],[-8.002,6.3193],[-7.9924,6.2947],[-7.9092,6.2866],[-7.9027,6.2843],[-7.8227,6.1973],[-7.8228,6.197],[-7.8466,6.1915],[-7.8559,6.0976],[-7.8495,6.0758],[-7.8187,6.0812],[-7.7945,6.0831],[-7.7913,6.0767],[-7.7712,6.0344],[-7.7791,6.0167],[-7.795,5.9825],[-7.7649,5.9579],[-7.7468,5.9431],[-7.6881,5.895],[-7.6857,5.9007],[-7.6843,5.8997],[-7.6656,5.9404],[-7.6651,5.9121],[-7.5828,5.8922],[-7.5485,5.8294],[-7.5227,5.8542],[-7.5029,5.8344],[-7.4878,5.8192],[-7.4777,5.809],[-7.4727,5.8298],[-7.4654,5.8349],[-7.4395,5.7562],[-7.4357,5.7008],[-7.4074,5.659],[-7.3846,5.5897],[-7.4007,5.514],[-7.4146,5.456],[-7.4247,5.4308],[-7.4255,5.4288],[-7.4479,5.43],[-7.4554,5.4304],[-7.4048,5.3601],[-7.3889,5.3776],[-7.3834,5.3823],[-7.3711,5.3326],[-7.421,5.2652],[-7.4176,5.2922],[-7.4155,5.3021],[-7.479,5.281],[-7.4909,5.129],[-7.569,5.0848],[-7.5653,4.9737],[-7.533,4.9191],[-7.5531,4.9112],[-7.5976,4.8936],[-7.6073,4.8898],[-7.602,4.8268],[-7.5998,4.8],[-7.5662,4.7771],[-7.5823,4.6525],[-7.5543,4.6094],[-7.5807,4.5808],[-7.5731,4.4571],[-7.546,4.4366],[-7.5774,4.4011],[-7.5563,4.3696],[-7.5362,4.3711],[-7.4166,4.3803],[-7.1912,4.5189],[-7.0353,4.5443],[-6.9165,4.6634],[-6.713,4.6942],[-6.5836,4.7646],[-6.3013,4.8486],[-5.8635,5.0312],[-5.4859,5.0901],[-4.2141,5.2189],[-4.0035,5.2497],[-3.8514,5.2215]]]},"properties":{"iso3":"CIV"}},
{"type":"Feature","geometry":{"type":"MultiPolygon","coordinates":[[[[-22.8578,16.2025],[-22.9095,16.2271],[-22.919,16.2087],[-22.9149,16.1974],[-22.9154,16.1905],[-22.9232,16.1801],[-22.9072,16.1239],[-22.9558,16.0861],[-22.9642,16.0447],[-22.9641,16.0447],[-22.9642,16.0446],[-22.8812,15.9753],[-22.7982,15.9691],[-22.7946,15.9684],[-22.7945,15.9685],[-22.7943,15.9693],[-22.7604,16.004],[-22.6902,16.0423],[-22.6833,16.0486],[-22.6808,16.0557],[-22.6816,16.0562],[-22.6815,16.0579],[-22.6783,16.0641],[-22.676,16.0682],[-22.6746,16.0701],[-22.6731,16.0718],[-22.6729,16.0759],[-22.6728,16.0762],[-22.6712,16.0785],[-22.6705,16.0784],[-22.669,16.0796],[-22.6688,16.0799],[-22.6692,16.0807],[-22.6689,16.0812],[-22.6674,16.0856],[-22.6653,16.0856],[-22.6683,16.0871],[-22.6705,16.1027],[-22.6726,16.1082],[-22.6726,16.1083],[-22.6739,16.1298],[-22.6932,16.1651],[-22.694,16.1657],[-22.7059,16.1906],[-22.7277,16.2063],[-22.7276,16.2063],[-22.7277,16.2064],[-22.7278,16.2064],[-22.731,16.2091],[-22.7827,16.2221],[-22.7926,16.2244],[-22.8228,16.2052],[-22.8578,16.2025]]],[[[-22.9257,16.1643],[-22.9343,16.1762],[-22.9347,16.1718],[-22.9318,16.1687],[-22.9257,16.1643]]],[[[-22.6596,16.1542],[-22.664,16.1528],[-22.6576,16.1531],[-22.6585,16.1535],[-22.6596,16.1542]]],[[[-22.673,16.1853],[-22.6723,16.1851],[-22.672,16.1851],[-22.6724,16.1855],[-22.673,16.1853]]],[[[-24.748,14.8395],[-24.7463,14.8332],[-24.7157,14.8076],[-24.6648,14.8422],[-24.6815,14.9004],[-24.7354,14.8821],[-24.748,14.8395]]],[[[-24.7288,14.8905],[-24.728,14.8887],[-24.7276,14.8891],[-24.7279,14.8905],[-24.7288,14.8905]]],[[[-24.6627,14.9695],[-24.6617,14.967],[-24.6587,14.9693],[-24.66,14.9701],[-24.6627,14.9695]]],[[[-24.6569,14.9677],[-24.6564,14.9679],[-24.6563,14.9686],[-24.6567,14.97],[-24.6569,14.9677]]],[[[-24.6935,14.973],[-24.6949,14.9601],[-24.6839,14.9639],[-24.6834,14.9777],[-24.6935,14.973]]],[[[-24.6496,14.9712],[-24.6498,14.9703],[-24.6475,14.9689],[-24.6477,14.971],[-24.6496,14.9712]]],[[[-24.6463,14.9675],[-24.6418,14.9635],[-24.6303,14.9742],[-24.6354,14.9838],[-24.6463,14.9675]]],[[[-23.0919,15.191],[-23.0893,15.1952],[-23.0946,15.232],[-23.0953,15.2366],[-23.0973,15.2463],[-23.0977,15.2487],[-23.098,15.2491],[-23.0974,15.2503],[-23.0974,15.251],[-23.0985,15.2521],[-23.1015,15.2568],[-23.1022,15.2592],[-23.1021,15.2593],[-23.1022,15.2593],[-23.1034,15.2604],[-23.1013,15.2735],[-23.1006,15.2757],[-23.1005,15.2768],[-23.1006,15.2768],[-23.1006,15.2773],[-23.101,15.2797],[-23.1092,15.3043],[-23.1092,15.3044],[-23.1592,15.3287],[-23.18,15.3379],[-23.1806,15.3373],[-23.1806,15.3372],[-23.183,15.3278],[-23.2278,15.2756],[-23.2156,15.2435],[-23.2169,15.2329],[-23.2252,15.22],[-23.2252,15.2201],[-23.227,15.219],[-23.2289,15.1458],[-23.1357,15.129],[-23.1356,15.129],[-23.1351,15.1294],[-23.135,15.1294],[-23.132,15.133],[-23.1319,15.133],[-23.1292,15.1353],[-23.1271,15.1361],[-23.1196,15.1382],[-23.1158,15.1391],[-23.1125,15.1432],[-23.0918,15.1662],[-23.0929,15.1897],[-23.0929,15.1898],[-23.0928,15.1898],[-23.0919,15.191]]],[[[-23.0919,15.191],[-23.0918,15.1909],[-23.0918,15.191],[-23.0919,15.191]]],[[[-24.4,15.0308],[-24.4866,14.979],[-24.5046,14.9195],[-24.4984,14.8826],[-24.3907,14.8143],[-24.3019,14.8444],[-24.2821,14.9083],[-24.2893,14.9525],[-24.3155,15.034],[-24.4,15.0308]]],[[[-24.9678,17.1179],[-24.9684,17.1185],[-24.9689,17.1181],[-24.9687,17.1174],[-24.9678,17.1179]]],[[[-25.0165,17.1708],[-25.093,17.2052],[-25.233,17.1283],[-25.3388,17.0928],[-25.3539,17.0331],[-25.2982,16.9058],[-25.1812,16.9186],[-25.0702,17.0176],[-25.0652,17.0184],[-24.9815,17.0675],[-24.9652,17.1093],[-24.9922,17.1206],[-25.0163,17.1709],[-25.0165,17.1708]]],[[[-23.5323,14.9031],[-23.5323,14.903],[-23.5322,14.903],[-23.5323,14.9031]]],[[[-23.5415,14.9049],[-23.5413,14.9048],[-23.5411,14.9049],[-23.5411,14.9048],[-23.541,14.9048],[-23.541,14.9046],[-23.5409,14.9046],[-23.5408,14.9046],[-23.5408,14.9048],[-23.5403,14.9048],[-23.5403,14.9049],[-23.5401,14.9044],[-23.5401,14.9043],[-23.5403,14.9042],[-23.5405,14.9038],[-23.5405,14.9037],[-23.5404,14.9036],[-23.5402,14.9034],[-23.54,14.9035],[-23.5399,14.9034],[-23.5397,14.9035],[-23.5396,14.9034],[-23.5396,14.9035],[-23.5395,14.9037],[-23.5394,14.9038],[-23.5391,14.904],[-23.5391,14.9043],[-23.539,14.9043],[-23.539,14.9044],[-23.539,14.9045],[-23.5386,14.9043],[-23.5383,14.9039],[-23.5382,14.9039],[-23.5381,14.9038],[-23.538,14.9037],[-23.5379,14.9036],[-23.5378,14.9036],[-23.5374,14.9035],[-23.5367,14.9033],[-23.5366,14.9032],[-23.5364,14.9031],[-23.5363,14.9031],[-23.5362,14.9031],[-23.5362,14.903],[-23.5359,14.9029],[-23.5358,14.9029],[-23.5354,14.9032],[-23.5349,14.9028],[-23.5348,14.9027],[-23.5347,14.9027],[-23.5345,14.9027],[-23.5344,14.9028],[-23.5341,14.9027],[-23.534,14.9027],[-23.5335,14.9027],[-23.5334,14.9027],[-23.5334,14.9026],[-23.5333,14.9026],[-23.5332,14.9026],[-23.5328,14.9027],[-23.5326,14.9028],[-23.5323,14.9031],[-23.5321,14.9031],[-23.5319,14.9032],[-23.5317,14.9033],[-23.5315,14.9035],[-23.5313,14.9037],[-23.5311,14.9035],[-23.531,14.9036],[-23.5308,14.9038],[-23.5307,14.9037],[-23.5306,14.9037],[-23.5306,14.9036],[-23.5305,14.9037],[-23.5301,14.9037],[-23.5299,14.9036],[-23.5298,14.9034],[-23.5297,14.9035],[-23.5291,14.9038],[-23.5287,14.9034],[-23.5287,14.9035],[-23.528,14.9035],[-23.5277,14.9033],[-23.5278,14.9032],[-23.5277,14.9032],[-23.5276,14.9032],[-23.5276,14.9031],[-23.5275,14.9031],[-23.5274,14.9031],[-23.5273,14.9032],[-23.5273,14.9033],[-23.527,14.9033],[-23.5269,14.9032],[-23.5268,14.9032],[-23.5268,14.9033],[-23.5266,14.9032],[-23.5266,14.9031],[-23.5265,14.9031],[-23.5265,14.9032],[-23.5264,14.9032],[-23.5263,14.9031],[-23.5263,14.903],[-23.5261,14.9028],[-23.526,14.9028],[-23.5257,14.9028],[-23.5254,14.9029],[-23.5252,14.9029],[-23.5251,14.903],[-23.525,14.9032],[-23.5227,14.9032],[-23.5223,14.9031],[-23.5222,14.9032],[-23.5219,14.9035],[-23.5219,14.9036],[-23.5217,14.9043],[-23.5203,14.9032],[-23.52,14.9027],[-23.52,14.9026],[-23.5198,14.9021],[-23.5199,14.9019],[-23.5197,14.9019],[-23.5195,14.902],[-23.5194,14.9019],[-23.5192,14.902],[-23.5188,14.9019],[-23.5187,14.9019],[-23.5185,14.9019],[-23.5181,14.9018],[-23.5179,14.9017],[-23.5177,14.9021],[-23.5178,14.9025],[-23.5176,14.9026],[-23.5177,14.9029],[-23.5164,14.904],[-23.5164,14.9039],[-23.5163,14.9039],[-23.5159,14.904],[-23.5155,14.9041],[-23.5153,14.904],[-23.5151,14.9038],[-23.515,14.9038],[-23.515,14.9037],[-23.5148,14.9037],[-23.5148,14.9036],[-23.5147,14.9036],[-23.5146,14.9037],[-23.5146,14.9036],[-23.5139,14.9037],[-23.5137,14.9036],[-23.5136,14.9036],[-23.5134,14.9027],[-23.5135,14.9027],[-23.5135,14.9025],[-23.5135,14.9024],[-23.5135,14.9023],[-23.5134,14.9022],[-23.5133,14.9022],[-23.5133,14.9019],[-23.513,14.9018],[-23.5131,14.9018],[-23.5132,14.9018],[-23.5133,14.9016],[-23.513,14.9016],[-23.5129,14.9017],[-23.5128,14.9016],[-23.5128,14.9015],[-23.5127,14.9015],[-23.5127,14.9014],[-23.5124,14.9012],[-23.5122,14.901],[-23.512,14.901],[-23.512,14.9009],[-23.512,14.9008],[-23.5115,14.9008],[-23.5115,14.9009],[-23.5113,14.9007],[-23.5113,14.9006],[-23.5113,14.9005],[-23.5112,14.9005],[-23.5113,14.9004],[-23.5113,14.9002],[-23.511,14.9002],[-23.5109,14.9002],[-23.5109,14.9],[-23.5108,14.8999],[-23.5107,14.8999],[-23.5106,14.8999],[-23.5106,14.8998],[-23.5103,14.9],[-23.5104,14.9001],[-23.5103,14.9001],[-23.5101,14.9001],[-23.51,14.9001],[-23.5099,14.9001],[-23.5099,14.9],[-23.5098,14.9002],[-23.5095,14.9003],[-23.5095,14.9002],[-23.5094,14.9001],[-23.5091,14.9001],[-23.5091,14.9],[-23.5089,14.9002],[-23.5089,14.9003],[-23.5092,14.9006],[-23.5095,14.9007],[-23.5096,14.9007],[-23.5099,14.9009],[-23.5099,14.901],[-23.5101,14.9011],[-23.5105,14.9014],[-23.5105,14.9015],[-23.5109,14.9019],[-23.511,14.9019],[-23.5111,14.9021],[-23.5111,14.9022],[-23.5111,14.9023],[-23.5114,14.9024],[-23.5114,14.9025],[-23.5115,14.9027],[-23.5115,14.9028],[-23.5117,14.9029],[-23.5116,14.9036],[-23.5117,14.9038],[-23.5114,14.9041],[-23.5113,14.904],[-23.511,14.9042],[-23.5108,14.9043],[-23.511,14.9045],[-23.5112,14.9046],[-23.5105,14.9061],[-23.5103,14.9062],[-23.5101,14.9063],[-23.5099,14.9064],[-23.5102,14.9072],[-23.5103,14.9072],[-23.5104,14.9072],[-23.5106,14.9073],[-23.5086,14.9152],[-23.5038,14.916],[-23.5032,14.9149],[-23.4945,14.9111],[-23.4945,14.911],[-23.4945,14.9108],[-23.4944,14.9107],[-23.4944,14.9106],[-23.4943,14.9105],[-23.4943,14.9104],[-23.4943,14.9103],[-23.4943,14.9099],[-23.4943,14.9098],[-23.4943,14.9096],[-23.4942,14.9095],[-23.494,14.9094],[-23.4939,14.9094],[-23.4938,14.9093],[-23.4938,14.9092],[-23.4937,14.9092],[-23.4936,14.9092],[-23.4932,14.9091],[-23.4931,14.909],[-23.493,14.9089],[-23.4928,14.909],[-23.4928,14.9091],[-23.4927,14.9092],[-23.4926,14.9092],[-23.4925,14.9093],[-23.4924,14.9093],[-23.4923,14.9094],[-23.4923,14.9095],[-23.4922,14.9096],[-23.4921,14.9096],[-23.4921,14.9097],[-23.492,14.9099],[-23.4919,14.9099],[-23.492,14.91],[-23.4919,14.91],[-23.4919,14.9101],[-23.4919,14.9102],[-23.4916,14.9104],[-23.4914,14.9106],[-23.4913,14.9107],[-23.4913,14.9108],[-23.4909,14.9107],[-23.4908,14.9107],[-23.4905,14.9106],[-23.4903,14.9108],[-23.4903,14.9109],[-23.4902,14.9109],[-23.49,14.9109],[-23.4899,14.9109],[-23.4899,14.9108],[-23.4898,14.9109],[-23.4898,14.9108],[-23.4897,14.9108],[-23.4896,14.9108],[-23.4894,14.9109],[-23.4893,14.9109],[-23.4892,14.911],[-23.4891,14.911],[-23.489,14.9111],[-23.489,14.9112],[-23.4889,14.9113],[-23.4889,14.9114],[-23.4886,14.9114],[-23.4882,14.9113],[-23.4881,14.9113],[-23.4881,14.9112],[-23.488,14.9112],[-23.4879,14.9111],[-23.4879,14.911],[-23.4878,14.9111],[-23.4878,14.911],[-23.4876,14.9109],[-23.4876,14.9108],[-23.4875,14.9108],[-23.4874,14.9108],[-23.4871,14.9108],[-23.487,14.9107],[-23.487,14.9106],[-23.4869,14.9106],[-23.4867,14.9104],[-23.4866,14.9104],[-23.4865,14.9105],[-23.4865,14.9104],[-23.4864,14.9104],[-23.4864,14.9105],[-23.4862,14.9105],[-23.4859,14.9105],[-23.4856,14.9107],[-23.4831,14.9061],[-23.4811,14.9065],[-23.481,14.9066],[-23.4811,14.9066],[-23.4811,14.9068],[-23.4784,14.9145],[-23.479,14.9175],[-23.4789,14.9175],[-23.479,14.9177],[-23.4793,14.9214],[-23.479,14.9228],[-23.4724,14.9306],[-23.4585,14.9732],[-23.4348,15.0048],[-23.4361,15.0072],[-23.4313,15.0154],[-23.4468,15.043],[-23.4467,15.0441],[-23.4467,15.0461],[-23.4472,15.0467],[-23.4527,15.0505],[-23.4596,15.0538],[-23.4725,15.0649],[-23.4722,15.0653],[-23.4736,15.0665],[-23.4749,15.0683],[-23.4748,15.0686],[-23.4745,15.0703],[-23.4813,15.0763],[-23.4808,15.0768],[-23.4807,15.0776],[-23.4807,15.0777],[-23.4807,15.0778],[-23.4804,15.0806],[-23.4807,15.0811],[-23.4808,15.0811],[-23.4823,15.0821],[-23.4824,15.0821],[-23.4825,15.0822],[-23.4848,15.0832],[-23.4843,15.0854],[-23.4848,15.0863],[-23.4849,15.0864],[-23.4855,15.088],[-23.4901,15.0889],[-23.4904,15.0916],[-23.4924,15.0938],[-23.4926,15.0969],[-23.4936,15.0987],[-23.4937,15.0988],[-23.4968,15.1052],[-23.498,15.1066],[-23.4993,15.1096],[-23.5002,15.1116],[-23.5005,15.112],[-23.5295,15.1453],[-23.5319,15.1475],[-23.5315,15.1498],[-23.539,15.1528],[-23.5424,15.1526],[-23.543,15.1557],[-23.5599,15.1557],[-23.5744,15.1616],[-23.5772,15.1731],[-23.5826,15.1792],[-23.598,15.2012],[-23.6109,15.2184],[-23.6567,15.2467],[-23.6653,15.2541],[-23.6739,15.2563],[-23.674,15.2564],[-23.6788,15.2587],[-23.6818,15.2619],[-23.6847,15.266],[-23.6888,15.2758],[-23.6889,15.2786],[-23.6911,15.2884],[-23.6899,15.2902],[-23.6896,15.2906],[-23.688,15.2963],[-23.6848,15.3164],[-23.6857,15.3188],[-23.6922,15.3256],[-23.6927,15.3258],[-23.6944,15.3265],[-23.6945,15.3266],[-23.6945,15.3265],[-23.7176,15.3294],[-23.7179,15.3294],[-23.7203,15.329],[-23.7255,15.3322],[-23.7256,15.3323],[-23.7256,15.3322],[-23.7295,15.3329],[-23.7366,15.3354],[-23.7392,15.3385],[-23.7392,15.3386],[-23.7403,15.3393],[-23.7512,15.3331],[-23.7544,15.3326],[-23.756,15.3332],[-23.7574,15.3324],[-23.7573,15.3313],[-23.7576,15.3238],[-23.7667,15.3193],[-23.7657,15.318],[-23.7665,15.3059],[-23.7666,15.3058],[-23.7666,15.3059],[-23.7705,15.3022],[-23.7706,15.3022],[-23.7717,15.3017],[-23.7732,15.2984],[-23.7721,15.2936],[-23.7719,15.2932],[-23.7566,15.2863],[-23.7545,15.2805],[-23.7546,15.2804],[-23.7547,15.2804],[-23.7552,15.2798],[-23.7591,15.2788],[-23.7594,15.2789],[-23.7595,15.279],[-23.7594,15.2786],[-23.7593,15.2782],[-23.7594,15.2779],[-23.7597,15.278],[-23.7586,15.2768],[-23.7586,15.2767],[-23.7586,15.2766],[-23.7586,15.2765],[-23.7587,15.2761],[-23.759,15.2763],[-23.759,15.2762],[-23.7591,15.2762],[-23.7591,15.276],[-23.7585,15.2758],[-23.7586,15.2756],[-23.7579,15.2754],[-23.7578,15.2754],[-23.7578,15.2753],[-23.7586,15.2749],[-23.7588,15.2749],[-23.759,15.2742],[-23.7589,15.2739],[-23.7409,15.2478],[-23.7411,15.2468],[-23.7409,15.2433],[-23.7464,15.2309],[-23.7501,15.2279],[-23.754,15.2242],[-23.7544,15.2227],[-23.754,15.222],[-23.7541,15.222],[-23.754,15.2219],[-23.7557,15.203],[-23.7563,15.2028],[-23.757,15.1986],[-23.7677,15.173],[-23.7639,15.1666],[-23.7638,15.1661],[-23.7636,15.1658],[-23.7664,15.1635],[-23.7658,15.1598],[-23.7658,15.1597],[-23.7658,15.1589],[-23.7665,15.1578],[-23.7662,15.1571],[-23.769,15.0609],[-23.7641,15.0557],[-23.7588,15.0497],[-23.7584,15.0496],[-23.7213,14.9829],[-23.7209,14.9829],[-23.7117,14.9768],[-23.6831,14.9481],[-23.6365,14.9215],[-23.6364,14.9215],[-23.6362,14.9215],[-23.6359,14.9213],[-23.6354,14.9211],[-23.6352,14.9208],[-23.6351,14.9209],[-23.6351,14.9208],[-23.635,14.9207],[-23.6349,14.9207],[-23.6337,14.9211],[-23.6335,14.9212],[-23.6298,14.9197],[-23.6298,14.9195],[-23.6297,14.9196],[-23.6277,14.9183],[-23.6266,14.9125],[-23.6262,14.9119],[-23.6261,14.9113],[-23.6221,14.9104],[-23.621,14.9134],[-23.6197,14.9132],[-23.6191,14.913],[-23.619,14.9131],[-23.6185,14.9133],[-23.6177,14.9138],[-23.6177,14.914],[-23.6161,14.9149],[-23.616,14.9148],[-23.6157,14.9148],[-23.6156,14.9148],[-23.605,14.9133],[-23.6049,14.9133],[-23.6044,14.9127],[-23.6042,14.9124],[-23.6041,14.9123],[-23.6036,14.9121],[-23.6034,14.9121],[-23.6032,14.9121],[-23.6031,14.9123],[-23.6029,14.9124],[-23.6022,14.9129],[-23.602,14.9131],[-23.6013,14.9128],[-23.6003,14.9127],[-23.5995,14.9127],[-23.5987,14.9123],[-23.5984,14.9119],[-23.5984,14.9118],[-23.598,14.9116],[-23.5965,14.9117],[-23.596,14.9116],[-23.5938,14.9109],[-23.5937,14.911],[-23.5931,14.9103],[-23.5913,14.9096],[-23.5913,14.9095],[-23.5905,14.9079],[-23.5905,14.9077],[-23.5895,14.9074],[-23.5891,14.9079],[-23.5861,14.9076],[-23.5858,14.9071],[-23.5855,14.9073],[-23.5855,14.9074],[-23.5857,14.9076],[-23.5844,14.9098],[-23.5841,14.91],[-23.5839,14.9099],[-23.5823,14.9098],[-23.5819,14.9096],[-23.5808,14.9095],[-23.5804,14.9094],[-23.58,14.9101],[-23.5801,14.9117],[-23.5774,14.9099],[-23.5773,14.9098],[-23.5773,14.9097],[-23.5763,14.9096],[-23.5703,14.9078],[-23.5617,14.9081],[-23.5579,14.9088],[-23.5572,14.9071],[-23.5442,14.9055],[-23.5441,14.9054],[-23.544,14.9054],[-23.5439,14.9053],[-23.5437,14.9055],[-23.5436,14.9055],[-23.543,14.9056],[-23.543,14.9055],[-23.5429,14.9055],[-23.5429,14.9057],[-23.5428,14.9057],[-23.5426,14.9056],[-23.5426,14.9055],[-23.5425,14.9054],[-23.5424,14.9055],[-23.5424,14.9054],[-23.5422,14.9054],[-23.5421,14.9054],[-23.5419,14.9053],[-23.5415,14.9049]]],[[[-23.5415,14.9049],[-23.5416,14.9049],[-23.5415,14.9048],[-23.5415,14.9049]]],[[[-23.5079,14.9095],[-23.508,14.9095],[-23.5081,14.9095],[-23.5082,14.9076],[-23.5081,14.9076],[-23.5079,14.9073],[-23.5077,14.9066],[-23.5076,14.9064],[-23.5075,14.9062],[-23.5074,14.9061],[-23.5073,14.906],[-23.5073,14.9059],[-23.5072,14.9058],[-23.5072,14.9057],[-23.5062,14.906],[-23.5062,14.9061],[-23.5061,14.9066],[-23.5062,14.9067],[-23.5062,14.9068],[-23.5065,14.9072],[-23.5067,14.9075],[-23.5067,14.9076],[-23.5069,14.9079],[-23.507,14.9082],[-23.5076,14.9091],[-23.5076,14.9092],[-23.5077,14.9092],[-23.5078,14.9092],[-23.5078,14.9094],[-23.5079,14.9095]]],[[[-23.4931,14.909],[-23.4933,14.909],[-23.4932,14.9089],[-23.4931,14.909]]],[[[-24.014,16.559],[-24.014,16.5589],[-24.0139,16.559],[-24.014,16.559]]],[[[-24.014,16.559],[-24.0077,16.57],[-24.0097,16.5727],[-24.0097,16.5728],[-24.0098,16.5728],[-24.023,16.5843],[-24.0231,16.5843],[-24.0231,16.5844],[-24.0238,16.5854],[-24.029,16.585],[-24.037,16.5864],[-24.0382,16.5914],[-24.0385,16.5926],[-24.0386,16.5925],[-24.0387,16.5926],[-24.0386,16.5926],[-24.0386,16.5927],[-24.0388,16.5927],[-24.0705,16.6112],[-24.0718,16.6116],[-24.0722,16.6113],[-24.1114,16.6147],[-24.1116,16.6148],[-24.1188,16.6173],[-24.3006,16.653],[-24.3023,16.6553],[-24.3138,16.6664],[-24.3141,16.6671],[-24.3196,16.6717],[-24.3358,16.6794],[-24.3388,16.6805],[-24.3443,16.6807],[-24.3518,16.6726],[-24.3519,16.6726],[-24.3521,16.6726],[-24.3563,16.6717],[-24.3898,16.6669],[-24.3904,16.6657],[-24.3966,16.6601],[-24.3968,16.6593],[-24.4143,16.6557],[-24.4258,16.6436],[-24.419,16.6064],[-24.3841,16.5819],[-24.3306,16.5109],[-24.3299,16.5094],[-24.3296,16.5087],[-24.3285,16.5041],[-24.328,16.5033],[-24.3279,16.5033],[-24.3279,16.5032],[-24.328,16.4868],[-24.3186,16.4837],[-24.3181,16.4827],[-24.3152,16.4793],[-24.3077,16.4839],[-24.3076,16.4839],[-24.2834,16.5502],[-24.2294,16.5924],[-24.2051,16.5934],[-24.1608,16.5845],[-24.1525,16.5789],[-24.1098,16.5541],[-24.0209,16.55],[-24.014,16.559]]],[[[-24.1116,16.6148],[-24.1115,16.6149],[-24.1116,16.6149],[-24.1116,16.6148]]],[[[-24.3521,16.6726],[-24.352,16.6727],[-24.3521,16.6727],[-24.3521,16.6726]]],[[[-23.6277,14.9183],[-23.6278,14.9183],[-23.6278,14.9182],[-23.6277,14.9182],[-23.6277,14.9183]]],[[[-23.6298,14.9195],[-23.6298,14.9194],[-23.6297,14.9194],[-23.6298,14.9195]]],[[[-23.5703,14.9078],[-23.5704,14.9077],[-23.5703,14.9077],[-23.5703,14.9078]]],[[[-23.5804,14.9094],[-23.5805,14.9094],[-23.5804,14.9093],[-23.5804,14.9094]]],[[[-22.9228,16.8514],[-22.9232,16.8509],[-22.9233,16.8508],[-22.9233,16.8507],[-22.9255,16.8484],[-22.9257,16.8483],[-22.9256,16.8483],[-22.9271,16.8478],[-22.9276,16.8473],[-22.9282,16.847],[-22.9284,16.847],[-22.9303,16.8464],[-22.9304,16.8462],[-22.9305,16.8462],[-22.9307,16.8462],[-22.9319,16.8456],[-22.9321,16.8456],[-22.9329,16.846],[-22.9329,16.8459],[-22.9328,16.8457],[-22.9336,16.8453],[-22.9336,16.8455],[-22.9341,16.8453],[-22.9342,16.8453],[-22.9343,16.8453],[-22.9391,16.8425],[-22.941,16.8411],[-22.9432,16.841],[-22.9452,16.8411],[-22.9454,16.841],[-22.9479,16.8417],[-22.9488,16.8421],[-22.9489,16.8423],[-22.9502,16.844],[-22.9503,16.8444],[-22.9934,16.8111],[-22.9896,16.6997],[-22.9382,16.6844],[-22.9391,16.6615],[-22.9258,16.586],[-22.8856,16.594],[-22.8976,16.6384],[-22.8976,16.639],[-22.8957,16.6401],[-22.8849,16.6569],[-22.8811,16.6616],[-22.8744,16.6675],[-22.8818,16.6989],[-22.8904,16.8345],[-22.9048,16.8426],[-22.918,16.8548],[-22.9183,16.855],[-22.9182,16.855],[-22.9182,16.8551],[-22.9183,16.8551],[-22.9194,16.8559],[-22.9213,16.8546],[-22.9215,16.8549],[-22.9219,16.8534],[-22.9225,16.8522],[-22.9228,16.8514]]],[[[-22.9228,16.8514],[-22.9228,16.8515],[-22.9229,16.8515],[-22.9228,16.8514]]],[[[-23.7658,15.1589],[-23.7659,15.1589],[-23.7659,15.1588],[-23.7658,15.1589]]],[[[-23.5772,15.1731],[-23.5771,15.1731],[-23.5772,15.1732],[-23.5772,15.1731]]],[[[-23.4748,15.0686],[-23.4748,15.0685],[-23.4747,15.0685],[-23.4747,15.0686],[-23.4748,15.0686]]],[[[-23.4745,15.0703],[-23.4744,15.0703],[-23.4744,15.0704],[-23.4745,15.0704],[-23.4745,15.0703]]],[[[-24.9924,16.7828],[-24.9882,16.78],[-24.8751,16.8092],[-24.875,16.8093],[-24.8735,16.8096],[-24.8686,16.812],[-24.863,16.8165],[-24.8629,16.8192],[-24.8597,16.8352],[-24.8593,16.8356],[-24.8647,16.8381],[-24.8641,16.8642],[-24.9089,16.8771],[-24.9201,16.9226],[-24.9615,16.9107],[-24.9618,16.9115],[-24.9987,16.8906],[-24.9912,16.8826],[-24.9918,16.8822],[-24.9922,16.8818],[-24.9926,16.8816],[-24.9926,16.8814],[-24.9926,16.8813],[-24.9927,16.8812],[-24.9926,16.8811],[-24.9927,16.8809],[-24.9927,16.8808],[-24.994,16.8796],[-24.9943,16.8795],[-24.9951,16.8789],[-25.037,16.8825],[-25.0734,16.8524],[-25.0756,16.8507],[-25.0571,16.8097],[-25.0498,16.8045],[-25.0397,16.8026],[-25.0377,16.8026],[-25.0361,16.8025],[-25.0315,16.8016],[-25.0295,16.8],[-25.029,16.7999],[-25.0251,16.7991],[-25.0216,16.7978],[-25.0212,16.7978],[-25.0209,16.7977],[-25.021,16.7976],[-25.0182,16.7953],[-25.018,16.7951],[-25.0178,16.7949],[-25.0157,16.7934],[-25.0139,16.793],[-25.0124,16.7935],[-25.008,16.7917],[-25.0079,16.7917],[-25.0075,16.7913],[-25.006,16.7907],[-25.001,16.7856],[-24.9951,16.7841],[-24.9924,16.7829],[-24.9925,16.7828],[-24.9925,16.7827],[-24.9924,16.7828]]],[[[-25.0109,16.9097],[-25.0117,16.9112],[-25.0124,16.9107],[-25.0115,16.9091],[-25.0109,16.9097]]],[[[-24.5912,16.604],[-24.5934,16.6261],[-24.6129,16.6216],[-24.6116,16.6063],[-24.5912,16.604]]],[[[-24.6602,16.6489],[-24.6697,16.6635],[-24.6835,16.6742],[-24.6793,16.6594],[-24.6602,16.6489]]],[[[-24.7763,16.8063],[-24.7861,16.7696],[-24.7433,16.7354],[-24.6842,16.7481],[-24.7225,16.7538],[-24.7763,16.8063]]],[[[-23.6899,15.2902],[-23.6899,15.2901],[-23.6898,15.2902],[-23.6899,15.2902]]],[[[-24.3967,16.6601],[-24.3966,16.6604],[-24.3968,16.6604],[-24.3968,16.6602],[-24.3967,16.6601]]],[[[-24.3904,16.6657],[-24.3904,16.6658],[-24.3905,16.6658],[-24.3905,16.6657],[-24.3904,16.6657]]],[[[-24.3898,16.6669],[-24.3897,16.667],[-24.3898,16.667],[-24.3898,16.6669]]]]},"properties":{"iso3":"CPV"}},
{"type":"Feature","geometry":{"type":"MultiPolygon","coordinates":[[[[42.6976,12.3593],[42.465,12.5277],[42.3525,12.4395],[42.0107,11.9222],[41.9422,11.8243],[41.8158,11.7382],[41.7815,11.6374],[41.7482,11.5067],[41.7769,11.2856],[41.7517,10.9865],[41.9053,10.9371],[41.9158,10.9087],[42.1606,10.9665],[42.3948,10.9686],[42.4743,11.0319],[42.5805,11.0536],[42.6268,11.0733],[42.6743,11.0379],[42.7373,11.0484],[42.7573,10.9707],[42.92517325451239,10.966835149394342],[43.21851260414218,11.3990550519207],[43.236666237966496,11.425803464133208],[43.2586,11.4608],[43.1854,11.5345],[43.151,11.6235],[43.1026,11.5779],[42.9079,11.5904],[42.9057,11.5901],[42.7012,11.5518],[42.6849,11.5487],[42.6593,11.5246],[42.6879,11.4765],[42.624,11.4651],[42.5271,11.5218],[42.5274,11.5482],[42.5263,11.5915],[42.6821,11.5557],[42.699,11.6351],[42.7798,11.747],[42.8768,11.7868],[42.9432,11.7701],[43.0865,11.8414],[43.1843,11.9524],[43.3724,11.9835],[43.4163,12.0965],[43.3979,12.2324],[43.326,12.4757],[43.2924,12.4643],[43.1338,12.7068],[42.8896,12.6188],[42.7997,12.5073],[42.8233,12.4357],[42.6976,12.3593]]],[[[43.191,11.5501],[43.1896,11.5546],[43.1854,11.5546],[43.1848,11.5504],[43.191,11.5501]]],[[[43.0771,11.5965],[43.0752,11.5977],[43.0724,11.5979],[43.0724,11.5974],[43.0771,11.5965]]],[[[43.1531,11.7116],[43.1659,11.7131],[43.164,11.7168],[43.1482,11.7142],[43.1531,11.7116]]],[[[43.2039,11.7089],[43.2138,11.73],[43.2055,11.7202],[43.1776,11.7214],[43.2039,11.7089]]],[[[42.541,11.5332],[42.541,11.5387],[42.5365,11.539],[42.534,11.5349],[42.541,11.5332]]],[[[42.5343,11.541],[42.5346,11.5435],[42.5326,11.544],[42.5307,11.5412],[42.5343,11.541]]]]},"properties":{"iso3":"DJI"}},
{"type":"Feature","geometry":{"type":"MultiPolygon","coordinates":[[[[-70.0873,19.6355],[-70.1688,19.6216],[-70.303,19.6533],[-70.4521,19.7835],[-70.5274,19.753],[-70.6327,19.7642],[-70.7404,19.8354],[-70.7399,19.8353],[-70.7401,19.8368],[-70.7413,19.8362],[-70.7412,19.836],[-70.7429,19.8371],[-70.7812,19.8289],[-70.8484,19.9084],[-70.933,19.9157],[-70.9339,19.8899],[-71.0245,19.9309],[-71.0996,19.8688],[-71.1783,19.8567],[-71.1198,19.8493],[-71.1821,19.8346],[-71.2124,19.8703],[-71.2155,19.8386],[-71.2567,19.8296],[-71.4258,19.8883],[-71.4335,19.9018],[-71.4486,19.9076],[-71.4569,19.9072],[-71.4278,19.889],[-71.4881,19.9099],[-71.5807,19.9096],[-71.6279,19.8813],[-71.6546,19.899],[-71.6596,19.8571],[-71.7786,19.7793],[-71.7734,19.7583],[-71.7467,19.7958],[-71.7097,19.6949],[-71.7576,19.6942],[-71.7621,19.6941],[-71.7546,19.6719],[-71.6785,19.4451],[-71.6844,19.4122],[-71.694,19.3603],[-71.7858,19.3318],[-71.753,19.2797],[-71.7396,19.2721],[-71.7323,19.2625],[-71.7083,19.2546],[-71.66108594036127,19.239020720954944],[-71.6398,19.2296],[-71.6463,19.168],[-71.68586923240937,19.109338997867802],[-71.7023,19.1059],[-71.70157192335037,19.086059911297696],[-71.7234,19.0537],[-71.8257633139683,19.002942500394173],[-71.8338,19.0051],[-71.85091992837958,18.99046843330349],[-71.8682,18.9819],[-71.8717716061421,18.97250355967982],[-71.8864,18.9599],[-71.88256108837518,18.944117807764624],[-71.88224022860976,18.942798717617915],[-71.8819,18.9414],[-71.87909209073487,18.9431601819274],[-71.78243899523157,18.95425774048862],[-71.7291,18.874],[-71.73594890066916,18.773146580342402],[-71.73661830687729,18.76328924578732],[-71.7393,18.7238],[-71.7561,18.7122],[-71.8042,18.6854],[-71.81165566971697,18.649120178609397],[-71.87988804400908,18.641397095745596],[-71.9657,18.6565],[-72.00217233885985,18.62864523046503],[-72.0076,18.6245],[-72.0115,18.6215],[-72.0061416691482,18.616628415137825],[-71.8816,18.5034],[-71.88157042801556,18.503370428015558],[-71.8811,18.5029],[-71.9129140191817,18.48438286190044],[-71.9134,18.4841],[-71.9136,18.484],[-71.9083,18.4685],[-71.9044,18.4572],[-71.904,18.4561],[-71.88322720658749,18.44456510750411],[-71.696,18.3406],[-71.705659375,18.323818055555556],[-71.725,18.2923],[-71.72975675091453,18.282053408713004],[-71.7882,18.1807],[-71.78167906479666,18.170206743082495],[-71.7511,18.121],[-71.7351,18.0952],[-71.7591,18.0311],[-71.6726,17.9622],[-71.6789,17.8968],[-71.6344,17.8333],[-71.6988,17.7711],[-71.5344,17.7522],[-71.4218,17.5966],[-71.2735,17.8497],[-71.073,18.1085],[-71.0552,18.1551],[-71.0979,18.2819],[-71.0469,18.3167],[-70.9687,18.2572],[-70.9148,18.2638],[-70.8416,18.3477],[-70.7269,18.3548],[-70.7097,18.41],[-70.6658,18.4314],[-70.5812,18.4044],[-70.5921,18.278],[-70.5112,18.2185],[-70.5639,18.2041],[-70.5014,18.1928],[-70.392,18.2373],[-70.1894,18.2284],[-70.1494,18.2347],[-70.0192,18.4209],[-69.8819,18.479],[-69.786,18.4653],[-69.7794,18.4648],[-69.6856,18.4492],[-69.6383,18.4008],[-69.6179,18.4478],[-69.5212,18.4038],[-69.489,18.4104],[-69.331,18.4254],[-69.3256,18.4687],[-69.3105,18.4504],[-69.3098,18.4399],[-69.3041,18.4392],[-69.2977,18.4359],[-69.2821,18.4376],[-69.2066,18.4517],[-69.0843,18.393],[-69.016,18.3961],[-68.8962,18.3983],[-68.895,18.397],[-68.8942,18.3962],[-68.8934,18.396],[-68.8928,18.396],[-68.8927,18.396],[-68.8927,18.3959],[-68.8923,18.3959],[-68.8921,18.3957],[-68.8433,18.3735],[-68.8427,18.3692],[-68.8432,18.3691],[-68.8433,18.369],[-68.8431,18.3688],[-68.8405,18.3684],[-68.8422,18.3659],[-68.8425,18.3658],[-68.8433,18.3647],[-68.8425,18.3642],[-68.8406,18.3624],[-68.8407,18.3624],[-68.8407,18.3622],[-68.8404,18.3622],[-68.8403,18.3622],[-68.8402,18.3622],[-68.8402,18.362],[-68.84,18.3613],[-68.8395,18.3605],[-68.8395,18.3604],[-68.8394,18.3603],[-68.8385,18.3597],[-68.8385,18.3596],[-68.7547,18.2023],[-68.7439,18.2234],[-68.6427,18.2099],[-68.6021,18.3319],[-68.618,18.3674],[-68.4645,18.3447],[-68.3259,18.6184],[-68.7757,18.9741],[-68.9424,19.0315],[-69.0151,19.0148],[-69.0258,18.9857],[-69.0741,18.9867],[-69.1408,19.0434],[-69.1418,18.998],[-69.1811,19.0063],[-69.1854,19.0074],[-69.1734,19.0109],[-69.183,19.0172],[-69.1904,19.0098],[-69.1857,19.0075],[-69.3788,19.0581],[-69.4139,19.1033],[-69.4795,19.0942],[-69.4783,19.0906],[-69.4389,19.0974],[-69.455,19.0704],[-69.6041,19.0794],[-69.6047,19.0798],[-69.603,19.0808],[-69.6071,19.0811],[-69.6316,19.0946],[-69.6315,19.095],[-69.6321,19.0948],[-69.6392,19.0987],[-69.6259,19.2217],[-69.4816,19.2079],[-69.2286,19.18],[-69.1491,19.2991],[-69.2514,19.2916],[-69.2152,19.3527],[-69.2364,19.364],[-69.3289,19.2836],[-69.4127,19.3228],[-69.537,19.3226],[-69.7082,19.279],[-69.766,19.2945],[-69.8731,19.4445],[-69.9004,19.6469],[-70.0218,19.6814],[-70.0873,19.6355]],[[-71.6361,18.5304],[-71.625,18.4948],[-71.515,18.4512],[-71.6219,18.4101],[-71.8309,18.5276],[-71.7542,18.5086],[-71.7022,18.5663],[-71.6361,18.5304]]],[[[-69.2851,19.1621],[-69.2856,19.1625],[-69.2862,19.1619],[-69.2858,19.1616],[-69.2851,19.1621]]],[[[-69.2811,19.1676],[-69.2753,19.1639],[-69.2722,19.1665],[-69.2779,19.1687],[-69.2811,19.1676]]],[[[-69.2755,19.1837],[-69.2761,19.1837],[-69.2761,19.1831],[-69.2755,19.1831],[-69.2755,19.1837]]],[[[-69.2763,19.1635],[-69.2756,19.163],[-69.2751,19.1635],[-69.2756,19.1637],[-69.2763,19.1635]]],[[[-69.27,19.1663],[-69.2707,19.1668],[-69.2714,19.1666],[-69.2711,19.1661],[-69.27,19.1663]]],[[[-69.2711,19.1692],[-69.2702,19.1682],[-69.2697,19.1684],[-69.269,19.1694],[-69.2711,19.1692]]],[[[-69.2265,19.1783],[-69.2266,19.1784],[-69.227,19.1785],[-69.2268,19.178],[-69.2265,19.1783]]],[[[-69.2216,19.1813],[-69.2218,19.181],[-69.2213,19.1806],[-69.2211,19.181],[-69.2216,19.1813]]],[[[-71.755,19.8212],[-71.7561,19.8227],[-71.7604,19.8199],[-71.7575,19.8183],[-71.755,19.8212]]],[[[-71.7946,19.8257],[-71.7942,19.8304],[-71.7998,19.8281],[-71.7988,19.8263],[-71.7946,19.8257]]],[[[-71.8117,19.849],[-71.8177,19.8573],[-71.8366,19.8634],[-71.834,19.8523],[-71.8117,19.849]]],[[[-71.8128,19.8638],[-71.815,19.8621],[-71.8136,19.8595],[-71.8099,19.8612],[-71.8128,19.8638]]],[[[-71.7652,19.8613],[-71.7653,19.864],[-71.769,19.8658],[-71.768,19.8616],[-71.7652,19.8613]]],[[[-71.6734,19.8702],[-71.6761,19.8685],[-71.6751,19.8658],[-71.6739,19.8662],[-71.6734,19.8702]]],[[[-71.8401,19.8615],[-71.835,19.868],[-71.8409,19.8768],[-71.844,19.8702],[-71.8401,19.8615]]],[[[-71.8156,19.8725],[-71.8174,19.8787],[-71.8217,19.8788],[-71.8204,19.8751],[-71.8156,19.8725]]],[[[-71.7866,19.8813],[-71.7838,19.8821],[-71.7836,19.8863],[-71.7875,19.8858],[-71.7866,19.8813]]],[[[-71.6668,19.8858],[-71.6654,19.8895],[-71.6696,19.8906],[-71.6701,19.8854],[-71.6668,19.8858]]],[[[-71.8122,19.8899],[-71.8076,19.8938],[-71.812,19.8987],[-71.8163,19.8953],[-71.8122,19.8899]]],[[[-71.6237,19.9038],[-71.6196,19.9039],[-71.6196,19.9045],[-71.6224,19.9049],[-71.6237,19.9038]]],[[[-71.632,19.9054],[-71.631,19.9043],[-71.6286,19.9038],[-71.6266,19.9062],[-71.632,19.9054]]],[[[-71.6076,19.9082],[-71.6088,19.9086],[-71.6097,19.9078],[-71.609,19.9066],[-71.6076,19.9082]]],[[[-71.6115,19.9096],[-71.6121,19.9108],[-71.6131,19.909],[-71.6119,19.9088],[-71.6115,19.9096]]],[[[-71.5899,19.9097],[-71.589,19.9096],[-71.5887,19.9102],[-71.5896,19.9107],[-71.5899,19.9097]]],[[[-71.5615,19.9179],[-71.5701,19.9177],[-71.5815,19.9185],[-71.5906,19.9138],[-71.5615,19.9179]]],[[[-71.5524,19.918],[-71.5497,19.9168],[-71.5493,19.9197],[-71.5524,19.9197],[-71.5524,19.918]]],[[[-71.5533,19.9194],[-71.555,19.9187],[-71.5552,19.9184],[-71.5528,19.9178],[-71.5533,19.9194]]],[[[-71.274,19.8392],[-71.276,19.8392],[-71.2752,19.8372],[-71.2743,19.8377],[-71.274,19.8392]]],[[[-71.2728,19.8456],[-71.2722,19.8443],[-71.2712,19.8455],[-71.2712,19.846],[-71.2728,19.8456]]],[[[-71.2853,19.8464],[-71.287,19.8455],[-71.2867,19.8439],[-71.2836,19.8458],[-71.2853,19.8464]]],[[[-71.2652,19.8491],[-71.265,19.8473],[-71.2639,19.8476],[-71.2641,19.849],[-71.2652,19.8491]]],[[[-71.3044,19.8703],[-71.3064,19.871],[-71.3083,19.8693],[-71.3063,19.8683],[-71.3044,19.8703]]],[[[-71.2947,19.8739],[-71.302,19.8786],[-71.314,19.8754],[-71.2969,19.8712],[-71.2947,19.8739]]],[[[-71.327,19.8771],[-71.3276,19.8776],[-71.3301,19.8771],[-71.3326,19.876],[-71.327,19.8771]]],[[[-71.3168,19.8786],[-71.3211,19.8812],[-71.3256,19.879],[-71.3178,19.8778],[-71.3168,19.8786]]],[[[-71.328,19.8796],[-71.3296,19.8817],[-71.3324,19.8799],[-71.3294,19.8787],[-71.328,19.8796]]],[[[-71.324,19.8815],[-71.3242,19.8833],[-71.3278,19.8812],[-71.3265,19.8805],[-71.324,19.8815]]],[[[-71.3266,19.8844],[-71.3284,19.8853],[-71.3296,19.8852],[-71.328,19.8834],[-71.3266,19.8844]]],[[[-71.3471,19.8856],[-71.342,19.8849],[-71.3426,19.8856],[-71.346,19.8865],[-71.3471,19.8856]]],[[[-71.3497,19.8959],[-71.3628,19.8954],[-71.3474,19.8936],[-71.3463,19.8906],[-71.3405,19.8913],[-71.3497,19.8959]]],[[[-71.5495,19.9148],[-71.5489,19.916],[-71.55,19.9163],[-71.5506,19.9138],[-71.5495,19.9148]]],[[[-71.5471,19.9153],[-71.5486,19.916],[-71.5489,19.915],[-71.5483,19.9148],[-71.5471,19.9153]]],[[[-71.538,19.9202],[-71.5342,19.9159],[-71.5325,19.9198],[-71.5357,19.9215],[-71.538,19.9202]]],[[[-71.523,19.92],[-71.5231,19.9195],[-71.5183,19.918],[-71.5142,19.9205],[-71.523,19.92]]],[[[-71.6425,17.4702],[-71.6376,17.478],[-71.6428,17.4804],[-71.648,17.4774],[-71.6425,17.4702]]],[[[-71.6453,17.487],[-71.6476,17.4862],[-71.6493,17.4844],[-71.6494,17.4839],[-71.6453,17.487]]],[[[-71.4692,17.5801],[-71.5073,17.6118],[-71.5386,17.5957],[-71.5489,17.541],[-71.4692,17.5801]]],[[[-71.709,17.6308],[-71.7086,17.6314],[-71.7106,17.6324],[-71.7102,17.6312],[-71.709,17.6308]]],[[[-69.6001,19.0798],[-69.5995,19.0802],[-69.6006,19.0819],[-69.6021,19.0813],[-69.6001,19.0798]]],[[[-69.5917,19.0838],[-69.5925,19.0831],[-69.5917,19.0823],[-69.5906,19.0824],[-69.5917,19.0838]]],[[[-69.5372,19.0837],[-69.5377,19.0835],[-69.5379,19.083],[-69.537,19.0831],[-69.5372,19.0837]]],[[[-69.5386,19.0852],[-69.5384,19.0846],[-69.538,19.0849],[-69.5381,19.0854],[-69.5386,19.0852]]],[[[-69.5541,19.0853],[-69.5546,19.0857],[-69.5554,19.0853],[-69.554,19.0845],[-69.5541,19.0853]]],[[[-69.5402,19.0851],[-69.5406,19.0873],[-69.5424,19.0885],[-69.5419,19.0843],[-69.5402,19.0851]]],[[[-69.5472,19.087],[-69.5498,19.0876],[-69.5496,19.0863],[-69.548,19.086],[-69.5472,19.087]]],[[[-69.5761,19.0885],[-69.5787,19.0874],[-69.5784,19.0863],[-69.5758,19.0874],[-69.5761,19.0885]]],[[[-69.5387,19.0902],[-69.5391,19.0902],[-69.5387,19.0891],[-69.5382,19.0895],[-69.5387,19.0902]]],[[[-69.543,19.0898],[-69.5463,19.0936],[-69.5473,19.0929],[-69.5437,19.0857],[-69.543,19.0898]]],[[[-69.5682,19.0894],[-69.567,19.0902],[-69.568,19.0913],[-69.5686,19.0912],[-69.5682,19.0894]]],[[[-69.5614,19.0914],[-69.5607,19.0893],[-69.5595,19.0905],[-69.5608,19.0913],[-69.5614,19.0914]]],[[[-69.5644,19.0909],[-69.5638,19.091],[-69.564,19.092],[-69.5647,19.0917],[-69.5644,19.0909]]],[[[-69.5691,19.0908],[-69.5695,19.0923],[-69.5707,19.0914],[-69.571,19.0908],[-69.5691,19.0908]]],[[[-69.5435,19.0922],[-69.5429,19.0921],[-69.5432,19.0928],[-69.5435,19.0926],[-69.5435,19.0922]]],[[[-69.5483,19.0934],[-69.5486,19.0929],[-69.5481,19.0926],[-69.5475,19.0936],[-69.5483,19.0934]]],[[[-69.5473,19.0956],[-69.5443,19.0918],[-69.5439,19.0926],[-69.5443,19.0955],[-69.5473,19.0956]]],[[[-69.5418,19.0941],[-69.5418,19.0945],[-69.5425,19.0945],[-69.5424,19.0939],[-69.5418,19.0941]]],[[[-69.4898,19.0793],[-69.4901,19.0797],[-69.4904,19.0795],[-69.4901,19.0791],[-69.4898,19.0793]]],[[[-69.4693,19.0819],[-69.4701,19.0818],[-69.4698,19.081],[-69.4688,19.0816],[-69.4693,19.0819]]],[[[-69.4658,19.0812],[-69.4652,19.0819],[-69.4661,19.0822],[-69.4663,19.0812],[-69.4658,19.0812]]],[[[-69.5334,19.0831],[-69.5347,19.0825],[-69.5342,19.0811],[-69.5335,19.0811],[-69.5334,19.0831]]],[[[-69.4923,19.0826],[-69.4927,19.0827],[-69.4926,19.0823],[-69.4923,19.0823],[-69.4923,19.0826]]],[[[-69.5286,19.0845],[-69.5301,19.0844],[-69.5289,19.0829],[-69.5283,19.0832],[-69.5286,19.0845]]],[[[-69.5374,19.0861],[-69.5372,19.088],[-69.5362,19.0896],[-69.5387,19.0879],[-69.538,19.0857],[-69.5374,19.0861]]],[[[-69.5084,19.0891],[-69.5087,19.0885],[-69.5081,19.0878],[-69.5075,19.0885],[-69.5084,19.0891]]],[[[-69.5146,19.0895],[-69.5146,19.0871],[-69.5132,19.0876],[-69.5138,19.0906],[-69.5146,19.0895]]],[[[-69.5191,19.0884],[-69.5184,19.0884],[-69.5181,19.0891],[-69.5186,19.0894],[-69.5191,19.0884]]],[[[-69.5112,19.0893],[-69.5119,19.0905],[-69.5125,19.0891],[-69.5119,19.0885],[-69.5112,19.0893]]],[[[-69.5101,19.0892],[-69.5089,19.0889],[-69.5092,19.0901],[-69.5098,19.0903],[-69.5101,19.0892]]],[[[-69.522,19.0901],[-69.5223,19.0906],[-69.5231,19.0902],[-69.5235,19.0893],[-69.522,19.0901]]],[[[-69.517,19.0915],[-69.5174,19.0894],[-69.5164,19.0894],[-69.516,19.0918],[-69.517,19.0915]]],[[[-69.4996,19.0905],[-69.4995,19.0909],[-69.4998,19.0909],[-69.4999,19.0906],[-69.4996,19.0905]]],[[[-69.5192,19.0922],[-69.5209,19.0898],[-69.5182,19.0912],[-69.5182,19.0919],[-69.5192,19.0922]]],[[[-69.5021,19.0911],[-69.5014,19.0911],[-69.5013,19.0918],[-69.5019,19.0919],[-69.5021,19.0911]]],[[[-69.5002,19.0918],[-69.5002,19.0928],[-69.5007,19.0927],[-69.501,19.0921],[-69.5002,19.0918]]],[[[-69.613,18.4437],[-69.6152,18.4439],[-69.6147,18.4426],[-69.6141,18.443],[-69.613,18.4437]]],[[[-68.6572,18.0978],[-68.6628,18.0987],[-68.6645,18.0974],[-68.6524,18.0962],[-68.6572,18.0978]]],[[[-68.6973,18.1163],[-68.5701,18.115],[-68.6066,18.1632],[-68.7231,18.1821],[-68.7689,18.1993],[-68.7849,18.1733],[-68.6973,18.1163]]],[[[-68.6335,18.1977],[-68.6341,18.1984],[-68.6345,18.1982],[-68.6335,18.1977]]],[[[-68.9958,18.3579],[-69.0136,18.3777],[-69.0263,18.356],[-68.9958,18.3387],[-68.9958,18.3579]]],[[[-69.1679,19.0149],[-69.169,19.0158],[-69.1728,19.0159],[-69.1745,19.014],[-69.1679,19.0149]]]]},"properties":{"iso3":"DOM"}},
{"type":"Feature","geometry":{"type":"MultiPolygon","coordinates":[[[[-78.2795921803688,1.143000879398982],[-78.3113,1.1913],[-78.316249519577,1.1891439928139536],[-78.37211329199245,1.164809773523861],[-78.42197942336546,1.1430881223801659],[-78.4381,1.194],[-78.5097,1.1891],[-78.52244520629905,1.1994970746951903],[-78.5445,1.2444],[-78.57965260450408,1.2461647847580064],[-78.65707401241389,1.309322347072616],[-78.6609,1.3196],[-78.68718158026998,1.3338830034123643],[-78.784,1.3865],[-78.8044,1.4276],[-78.8148,1.4158],[-78.8111,1.427],[-78.8156,1.4294],[-78.8234,1.417],[-78.8156,1.4149],[-78.8404,1.3868],[-78.8088,1.3989],[-78.8014,1.374],[-78.8266,1.3847],[-78.8195,1.3473],[-78.8014,1.3496],[-78.8007,1.3492],[-78.8003,1.3486],[-78.8014,1.3458],[-78.802,1.3459],[-78.8007,1.349],[-78.8037,1.3489],[-78.8052,1.3449],[-78.8069,1.343],[-78.8114,1.3421],[-78.8172,1.3442],[-78.8148,1.3471],[-78.8199,1.3464],[-78.8264,1.3788],[-78.844,1.3445],[-78.8532,1.3558],[-78.8402,1.374],[-78.8715,1.3561],[-78.8786,1.3142],[-78.8402,1.3033],[-78.8271,1.3236],[-78.8304,1.3277],[-78.8108,1.314],[-78.8301,1.2966],[-78.7975,1.3248],[-78.7783,1.2849],[-78.8808,1.2906],[-78.8877,1.312],[-78.8858,1.3142],[-78.8885,1.3348],[-78.9035,1.3336],[-78.8995,1.3106],[-78.9169,1.2951],[-78.8988,1.3741],[-78.9287,1.3513],[-78.945,1.2998],[-78.9521,1.314],[-78.9347,1.3392],[-78.9373,1.3389],[-78.9411,1.3359],[-78.9763,1.2927],[-78.9839,1.2733],[-78.9676,1.298],[-78.9753,1.2691],[-78.9516,1.2763],[-78.9539,1.2785],[-78.9538,1.2838],[-78.9502,1.2913],[-78.9534,1.2787],[-78.9475,1.274],[-78.9667,1.2623],[-78.94,1.2448],[-78.9228,1.2795],[-78.923,1.2796],[-78.909,1.281],[-78.8966,1.2522],[-78.8866,1.2656],[-78.886,1.2531],[-78.8629,1.2517],[-78.8718,1.2681],[-78.8819,1.2719],[-78.8769,1.2787],[-78.8802,1.289],[-78.854,1.2772],[-78.8511,1.2233],[-78.8525,1.2209],[-78.8533,1.2214],[-78.8533,1.222],[-78.8518,1.2237],[-78.8523,1.2233],[-78.8569,1.2255],[-78.8649,1.2403],[-78.8644,1.2453],[-78.8885,1.2503],[-78.8809,1.2115],[-78.8883,1.2301],[-78.8942,1.2216],[-78.903,1.2262],[-78.9289,1.259],[-78.9322,1.2324],[-78.9284,1.231],[-78.9218,1.2354],[-78.9115,1.2349],[-78.8888,1.2068],[-78.8976,1.2012],[-78.922,1.2341],[-78.9351,1.2079],[-78.9179,1.2093],[-78.9161,1.2072],[-78.9167,1.2024],[-78.9216,1.1992],[-78.9191,1.1939],[-78.9228,1.1992],[-78.9174,1.2075],[-78.9324,1.203],[-78.9361,1.2064],[-78.9363,1.2127],[-78.9282,1.2249],[-78.9598,1.2178],[-78.937,1.1974],[-78.9997,1.2064],[-78.9877,1.139],[-78.9658,1.1347],[-78.9775,1.1119],[-78.9924,1.1423],[-79.0005,1.1707],[-78.9975,1.1528],[-79.0162,1.1909],[-79.0515,1.2248],[-79.1746,1.0903],[-79.4014,1.0774],[-79.5109,1.017],[-79.6238,0.9934],[-79.635,0.9495],[-79.635,0.9508],[-79.6366,0.9484],[-79.6362,0.9475],[-79.6351,0.9493],[-79.643,0.9186],[-79.6461,0.9447],[-79.6376,0.955],[-79.6349,0.9625],[-79.6425,0.9729],[-79.6467,0.9497],[-79.647,0.9524],[-79.6468,0.9536],[-79.6472,0.9539],[-79.6485,0.9648],[-79.6486,0.9658],[-79.6497,0.9751],[-79.6485,0.9735],[-79.6475,0.9721],[-79.65,0.979],[-79.6501,0.9786],[-79.652,0.9948],[-79.7427,0.9623],[-79.8426,0.866],[-79.917,0.8575],[-79.9427,0.814],[-80.0511,0.8257],[-80.0985,0.7569],[-80.0876,0.6559],[-80.0164,0.6204],[-79.9814,0.5568],[-79.9819,0.5562],[-79.9892,0.5586],[-80.0011,0.5628],[-79.994,0.5718],[-80.0211,0.6154],[-80.0347,0.6215],[-80.0056,0.5569],[-80.0024,0.561],[-79.9908,0.5453],[-79.9923,0.5433],[-79.9952,0.5462],[-79.9984,0.544],[-79.9948,0.5402],[-80.0618,0.4572],[-80.0255,0.4183],[-79.988,0.3915],[-79.9725,0.2764],[-79.9389,0.2624],[-79.9525,0.2514],[-79.9385,0.2237],[-79.9676,0.1817],[-79.9831,0.1893],[-79.9858,0.1391],[-80.0275,0.1132],[-80.0347,0.1186],[-80.0289,0.1275],[-80.0188,0.1231],[-80.0188,0.1343],[-80.0132,0.1415],[-80.005,0.1437],[-79.9917,0.137],[-79.9873,0.1399],[-79.9934,0.1634],[-79.9849,0.1907],[-79.9631,0.2039],[-79.9863,0.2317],[-79.9922,0.2076],[-79.9964,0.3164],[-80.0381,0.3718],[-80.0315,0.1769],[-80.0665,0.0527],[-80.2341,-0.1386],[-80.2958,-0.1872],[-80.3259,-0.172],[-80.407,-0.3115],[-80.4884,-0.3653],[-80.3914,-0.6391],[-80.3016,-0.6541],[-80.3101,-0.6557],[-80.3046,-0.6628],[-80.2956,-0.6608],[-80.3,-0.6544],[-80.279,-0.6579],[-80.3231,-0.6812],[-80.3856,-0.6621],[-80.4243,-0.5942],[-80.4701,-0.6394],[-80.5794,-0.9231],[-80.8117,-0.9593],[-80.8119,-0.9594],[-80.8121,-0.9596],[-80.9127,-1.0587],[-80.8513,-1.2052],[-80.735,-1.3514],[-80.7542,-1.3828],[-80.7648,-1.4711],[-80.8175,-1.5166],[-80.8129,-1.5584],[-80.8546,-1.6002],[-80.8111,-1.6946],[-80.8028,-1.7115],[-80.8027,-1.7115],[-80.8018,-1.712],[-80.7682,-1.7606],[-80.7248,-1.9252],[-80.7631,-1.9762],[-80.7342,-2.03],[-80.7509,-2.1071],[-80.9022,-2.2176],[-81.0111,-2.1887],[-80.8974,-2.3329],[-80.8701,-2.3251],[-80.782,-2.3876],[-80.6765,-2.4072],[-80.5619,-2.5057],[-80.4501,-2.6291],[-80.3917,-2.637],[-80.3157,-2.7104],[-80.2546,-2.7411],[-80.2383,-2.7214],[-80.2914,-2.5739],[-80.2432,-2.6279],[-80.2487,-2.6464],[-80.2151,-2.6188],[-80.2311,-2.5758],[-80.1945,-2.584],[-80.2001,-2.5935],[-80.2018,-2.5947],[-80.2191,-2.5875],[-80.2141,-2.6041],[-80.2166,-2.611],[-80.1596,-2.5681],[-80.2094,-2.5287],[-80.2215,-2.5408],[-80.2363,-2.5424],[-80.2353,-2.5396],[-80.2285,-2.5378],[-80.2213,-2.5399],[-80.2159,-2.5287],[-80.2094,-2.527],[-80.1813,-2.5488],[-80.189,-2.5161],[-80.1782,-2.5132],[-80.1782,-2.5084],[-80.1594,-2.5257],[-80.1399,-2.4901],[-80.1503,-2.5716],[-80.1007,-2.5194],[-80.1096,-2.4933],[-80.1059,-2.4642],[-80.1234,-2.4577],[-80.1323,-2.442],[-80.1552,-2.4429],[-80.1604,-2.4404],[-80.1702,-2.3989],[-80.1599,-2.4401],[-80.1548,-2.4424],[-80.153,-2.4409],[-80.1446,-2.4393],[-80.1365,-2.4397],[-80.1288,-2.4434],[-80.1252,-2.447],[-80.1234,-2.4568],[-80.1113,-2.458],[-80.1059,-2.4629],[-80.1032,-2.47],[-80.1017,-2.4831],[-80.1086,-2.4938],[-80.1008,-2.4987],[-80.0958,-2.5071],[-80.086,-2.4486],[-80.0818,-2.4729],[-80.0521,-2.4263],[-80.0638,-2.3926],[-80.0741,-2.4151],[-80.0817,-2.4013],[-80.0985,-2.4091],[-80.0915,-2.4143],[-80.0941,-2.4155],[-80.0901,-2.419],[-80.0869,-2.4177],[-80.0795,-2.4232],[-80.0766,-2.4206],[-80.084,-2.4369],[-80.0818,-2.4239],[-80.1264,-2.4174],[-80.1209,-2.4112],[-80.1015,-2.4038],[-80.0803,-2.4],[-80.0879,-2.3804],[-80.0728,-2.4013],[-80.0556,-2.3725],[-80.0482,-2.405],[-80.029,-2.3326],[-79.991,-2.3171],[-80.0072,-2.3431],[-79.9661,-2.3339],[-79.9707,-2.329],[-79.9582,-2.3236],[-79.97,-2.2758],[-79.9878,-2.2754],[-79.9759,-2.2574],[-79.9562,-2.3162],[-79.9264,-2.3018],[-79.9277,-2.2962],[-79.9166,-2.3058],[-79.9178,-2.2801],[-79.9342,-2.2685],[-79.9405,-2.2416],[-79.9734,-2.2537],[-79.9622,-2.2369],[-79.9952,-2.2317],[-79.9701,-2.2305],[-79.9841,-2.2186],[-79.9823,-2.2182],[-79.9823,-2.2136],[-79.9892,-2.211],[-79.989,-2.2144],[-79.9967,-2.2079],[-80.0332,-2.1986],[-80.0331,-2.1982],[-80.0322,-2.1985],[-80.0324,-2.1973],[-80.0309,-2.1966],[-80.029,-2.1974],[-80.0285,-2.1992],[-80.0265,-2.1949],[-80.0238,-2.1925],[-80.0033,-2.1934],[-79.9868,-2.2016],[-79.9875,-2.1885],[-79.9863,-2.1939],[-79.9848,-2.1909],[-79.9856,-2.197],[-79.9675,-2.2296],[-79.9594,-2.1923],[-79.9505,-2.2343],[-79.9474,-2.198],[-79.9014,-2.1886],[-79.9488,-2.2218],[-79.9182,-2.2075],[-79.9089,-2.2229],[-79.9119,-2.2535],[-79.9185,-2.246],[-79.9368,-2.2348],[-79.9156,-2.2784],[-79.9135,-2.2691],[-79.9141,-2.2757],[-79.8727,-2.2835],[-79.8726,-2.2833],[-79.8728,-2.2826],[-79.8946,-2.0697],[-79.8732,-2.114],[-79.8652,-2.1592],[-79.8674,-2.0918],[-79.7957,-2.0903],[-79.8029,-2.0363],[-79.742,-2.0256],[-79.7491,-2.0332],[-79.7991,-2.0388],[-79.792,-2.0945],[-79.844,-2.0949],[-79.8601,-2.1803],[-79.827,-2.2147],[-79.833,-2.3957],[-79.8184,-2.4243],[-79.8378,-2.4105],[-79.7933,-2.533],[-79.8011,-2.4834],[-79.8098,-2.4411],[-79.7686,-2.5214],[-79.7491,-2.4665],[-79.7964,-2.4301],[-79.7895,-2.4138],[-79.7859,-2.4152],[-79.7854,-2.416],[-79.7839,-2.4212],[-79.7863,-2.427],[-79.7841,-2.4311],[-79.7715,-2.4285],[-79.778,-2.4368],[-79.7467,-2.448],[-79.7457,-2.4551],[-79.7343,-2.4373],[-79.7318,-2.4382],[-79.752,-2.5183],[-79.7233,-2.4937],[-79.7287,-2.5006],[-79.7005,-2.4865],[-79.6988,-2.4798],[-79.6902,-2.479],[-79.6859,-2.4733],[-79.6788,-2.475],[-79.6853,-2.4858],[-79.6893,-2.4891],[-79.6653,-2.4803],[-79.6485,-2.5037],[-79.685,-2.508],[-79.6705,-2.5178],[-79.702,-2.5128],[-79.703,-2.5159],[-79.7032,-2.5144],[-79.7276,-2.504],[-79.7279,-2.5301],[-79.7118,-2.5443],[-79.719,-2.5677],[-79.6875,-2.5647],[-79.6823,-2.5352],[-79.6687,-2.5583],[-79.6943,-2.5751],[-79.7239,-2.5731],[-79.7296,-2.6427],[-79.7784,-2.6741],[-79.779,-2.7079],[-79.7735,-2.6966],[-79.7498,-2.7009],[-79.7526,-2.7007],[-79.7555,-2.7049],[-79.7578,-2.7053],[-79.7725,-2.6972],[-79.7764,-2.7182],[-79.7908,-2.7179],[-79.7932,-2.7903],[-79.8448,-2.8793],[-79.8695,-3.0602],[-79.9156,-3.1775],[-79.9528,-3.1866],[-79.9419,-3.1976],[-79.9456,-3.2244],[-79.951,-3.2189],[-79.9515,-3.2159],[-79.9424,-3.1976],[-79.9473,-3.1965],[-79.9525,-3.1921],[-79.9828,-3.2224],[-79.9481,-3.2461],[-79.9816,-3.2506],[-79.9839,-3.2491],[-79.9823,-3.2475],[-79.9853,-3.2437],[-79.9848,-3.2394],[-79.9996,-3.2382],[-80.0023,-3.2725],[-79.9811,-3.2611],[-80.0095,-3.2841],[-79.974,-3.2734],[-80.0016,-3.3087],[-80.0235,-3.3023],[-80.0023,-3.3459],[-80.0304,-3.3153],[-80.0023,-3.3604],[-80.0342,-3.3473],[-79.9688,-3.4004],[-80.0199,-3.3615],[-79.9858,-3.4076],[-79.992,-3.4142],[-80.0075,-3.4064],[-80.0285,-3.3574],[-80.0583,-3.3931],[-80.0426,-3.3919],[-80.0326,-3.3966],[-80.0122,-3.4168],[-80.027,-3.4128],[-80.0351,-3.4041],[-80.0334,-3.3986],[-80.0373,-3.3982],[-80.042,-3.3933],[-80.0517,-3.3979],[-80.0581,-3.3954],[-80.0696,-3.4032],[-80.0747,-3.3917],[-80.0339,-3.3636],[-80.0384,-3.2998],[-80.0553,-3.2843],[-80.026,-3.2802],[-80.012,-3.2615],[-80.0324,-3.2088],[-80.0701,-3.2864],[-80.0654,-3.2857],[-80.1111,-3.3242],[-80.0506,-3.3393],[-80.0921,-3.3351],[-80.0903,-3.3568],[-80.0982,-3.3392],[-80.1063,-3.3439],[-80.099,-3.333],[-80.1182,-3.3367],[-80.1172,-3.3424],[-80.108,-3.3448],[-80.1282,-3.3565],[-80.1261,-3.3454],[-80.1217,-3.3418],[-80.1217,-3.3333],[-80.157,-3.3353],[-80.1683,-3.3641],[-80.1222,-3.34],[-80.1498,-3.3635],[-80.1446,-3.366],[-80.1786,-3.3856],[-80.1856,-3.341],[-80.2213,-3.3419],[-80.2021,-3.3863],[-80.2391,-3.3572],[-80.2445,-3.3784],[-80.241,-3.3544],[-80.2522,-3.3317],[-80.263,-3.3566],[-80.2734,-3.3356],[-80.3046,-3.3795],[-80.2538,-3.4054],[-80.2321,-3.4185],[-80.2374,-3.4078],[-80.2326,-3.413],[-80.232,-3.4098],[-80.2274,-3.4175],[-80.1651,-3.4154],[-80.1761,-3.4068],[-80.1552,-3.4156],[-80.1083,-3.4037],[-80.118,-3.3817],[-80.0868,-3.3991],[-80.0867,-3.4],[-80.086,-3.3995],[-80.0739,-3.4062],[-80.1308,-3.4455],[-80.1237,-3.4278],[-80.1847,-3.4354],[-80.1846,-3.4328],[-80.1912,-3.4328],[-80.1934,-3.4357],[-80.1904,-3.4361],[-80.2066,-3.4382],[-80.205,-3.4367],[-80.207,-3.4348],[-80.2097,-3.4359],[-80.208,-3.4383],[-80.221,-3.44],[-80.2457,-3.486],[-80.2157,-3.5006],[-80.2188,-3.5752],[-80.1885,-3.5998],[-80.1932,-3.775],[-80.1274,-3.8885],[-80.2844,-4.0126],[-80.3661,-3.9817],[-80.4469,-3.9972],[-80.4864,-4.0823],[-80.4472,-4.121],[-80.4491,-4.2089],[-80.339,-4.2099],[-80.3069,-4.1996],[-80.3195,-4.2149],[-80.4533,-4.382],[-80.4496,-4.4478],[-80.3917,-4.4854],[-80.3078,-4.4495],[-80.1949,-4.3502],[-80.1712,-4.2898],[-80.1357,-4.2856],[-79.9622,-4.3955],[-79.8702,-4.4141],[-79.8142,-4.4906],[-79.7511,-4.4836],[-79.6441,-4.4335],[-79.5444,-4.5258],[-79.5067,-4.518],[-79.4352,-4.7331],[-79.4297,-4.7408],[-79.4297,-4.7409],[-79.398,-4.8294],[-79.2666,-4.9657],[-79.0739,-4.9708],[-79.0153,-5.0162],[-78.9854,-4.9438],[-78.9721,-4.8943],[-78.892,-4.887],[-78.9149,-4.7805],[-78.8553,-4.6666],[-78.653,-4.5852],[-78.6616,-4.53],[-78.5988,-4.4231],[-78.6409,-4.4015],[-78.6451,-4.315],[-78.5415,-4.0749],[-78.5667,-3.9933],[-78.4901,-3.9362],[-78.4647,-3.8273],[-78.4118,-3.7889],[-78.4235,-3.6928],[-78.3929,-3.6782],[-78.3921,-3.56],[-78.3653,-3.5276],[-78.346,-3.3926],[-78.2487,-3.4009],[-78.2309,-3.4998],[-78.184,-3.4994],[-78.145,-3.4617],[-78.1927,-3.3617],[-78.1137,-3.287],[-78.0911,-3.2163],[-78.0619,-3.2273],[-77.9471,-3.0722],[-77.845,-2.9991],[-76.6931,-2.6103],[-76.0432,-2.1246],[-75.5804,-1.547],[-75.5577,-1.5608],[-75.4509,-1.165],[-75.3868,-0.9238],[-75.3064,-0.9876],[-75.1871,-0.9728],[-75.2337,-0.9326],[-75.2223,-0.8664],[-75.2691,-0.7858],[-75.2628,-0.655],[-75.2233,-0.6287],[-75.2268,-0.5549],[-75.2862,-0.4984],[-75.3261,-0.4568],[-75.3631,-0.4437],[-75.4418,-0.3539],[-75.5137,-0.1971],[-75.6102,-0.1866],[-75.6062,-0.1095],[-75.5688,-0.1318],[-75.516,-0.115],[-75.404,-0.1707],[-75.2893,-0.1548],[-75.2559,-0.1199],[-75.26333524989722,-0.11770483098272674],[-75.2664,-0.1168],[-75.2759,-0.1274],[-75.5779,-0.0277],[-75.5787,-0.0185],[-75.6283791512425,0.036538374749818456],[-75.6366,0.047],[-75.807,0.0467],[-75.8542,0.1311],[-75.87666118256125,0.13322470645849563],[-76.009,0.2976],[-76.0094718842843,0.29767103147903645],[-76.01,0.2985],[-76.0643,0.3337],[-76.1133,0.3133],[-76.1333,0.3702],[-76.14196393032363,0.3704435266901774],[-76.1444,0.3753],[-76.25958467288962,0.41534332993121253],[-76.2756,0.4349],[-76.31163699997924,0.4334390405413822],[-76.3122118627451,0.43341573529411775],[-76.3126,0.4334],[-76.3298,0.4053],[-76.3446,0.3812],[-76.3453567173148,0.37991358056485536],[-76.4124,0.3813],[-76.4206,0.2418],[-76.4209,0.2361],[-76.4243,0.2424],[-76.4653,0.2486],[-76.47222379518072,0.2463647590361445],[-76.5354,0.259],[-76.5365,0.2582],[-76.5487,0.24905],[-76.5886,0.2192],[-76.6412,0.2581],[-76.730895599022,0.2876753056234719],[-76.733,0.2884],[-76.7337,0.2886],[-76.80334188609044,0.25795757012020626],[-76.8089,0.2591],[-76.845,0.2398],[-76.84587592592595,0.23924259259257943],[-76.8462,0.2391],[-76.8465,0.2392],[-77.0017,0.2938],[-77.0053,0.2951],[-77.04898875696729,0.2895864668847857],[-77.04928999190521,0.2895484509529771],[-77.1128,0.3726],[-77.1232,0.3753],[-77.1731,0.3881],[-77.21361320582236,0.3792820032781756],[-77.3424720753543,0.38782290207819575],[-77.3717,0.401],[-77.3998,0.4008],[-77.5277,0.4001],[-77.5264,0.4071],[-77.5117,0.4883],[-77.49927551462622,0.5571056338028169],[-77.484,0.6417],[-77.5318,0.6523],[-77.54016479193297,0.6533825024854424],[-77.5403,0.6534],[-77.5643,0.6517],[-77.5864,0.6687],[-77.58682651575013,0.6689691681793913],[-77.6398,0.7024],[-77.643,0.7034],[-77.698,0.7417],[-77.6739,0.8019],[-77.69661576116124,0.8299121821573701],[-77.7125,0.8495],[-77.7141,0.8507],[-77.733,0.8436],[-77.74867057474034,0.8372082746266782],[-77.7586,0.8386],[-77.83750730946711,0.8059610674476912],[-77.8785,0.8087],[-77.88320080657434,0.8090065743418042],[-77.9187200081666,0.8156120048999608],[-77.9192,0.8159],[-78.1118,0.9322],[-78.1122,0.9322],[-78.18268816465515,0.9378081118655669],[-78.18553021834062,0.9392906550218391],[-78.1869,0.9434],[-78.201,0.9865],[-78.2054,0.9998],[-78.20853565635326,1.0024767798137648],[-78.209,1.0046],[-78.2816,1.056],[-78.2511,1.0996],[-78.2795921803688,1.143000879398982]]],[[[-80.2243,-3.4278],[-80.2072,-3.4319],[-80.209,-3.4302],[-80.2161,-3.4288],[-80.2243,-3.4278]]],[[[-80.2739,-3.4129],[-80.2736,-3.4127],[-80.2736,-3.4124],[-80.2736,-3.4106],[-80.279,-3.4119],[-80.2739,-3.4129]]],[[[-80.2386,-3.3422],[-80.2366,-3.3568],[-80.2164,-3.3694],[-80.2336,-3.3402],[-80.2386,-3.3422]]],[[[-80.4297,-3.1683],[-80.4353,-3.1691],[-80.439,-3.1747],[-80.4296,-3.1729],[-80.4297,-3.1683]]],[[[-80.4232,-3.1665],[-80.4179,-3.1658],[-80.4188,-3.164],[-80.4213,-3.1639],[-80.4232,-3.1665]]],[[[-80.1476,-3.4299],[-80.1291,-3.4186],[-80.1387,-3.4172],[-80.1589,-3.4291],[-80.1476,-3.4299]]],[[[-79.9839,0.291],[-79.9816,0.2877],[-79.9747,0.2853],[-79.9799,0.2909],[-79.9839,0.291]]],[[[-80.0023,0.3626],[-79.9964,0.3891],[-80.0278,0.399],[-80.0023,0.3626]]],[[[-79.648,0.9666],[-79.6482,0.9666],[-79.6482,0.9664],[-79.648,0.9666]]],[[[-79.648,0.9693],[-79.6478,0.9677],[-79.6475,0.9695],[-79.6485,0.9711],[-79.6487,0.9711],[-79.648,0.9693]]],[[[-79.6465,0.9804],[-79.6495,0.9793],[-79.6488,0.9785],[-79.6478,0.9767],[-79.6465,0.9804]]],[[[-79.0103,1.1872],[-79.0113,1.1824],[-79.0088,1.1784],[-79.0056,1.1773],[-79.0103,1.1872]]],[[[-79.0157,1.1998],[-79.0172,1.2028],[-79.0185,1.2036],[-79.0173,1.2003],[-79.0157,1.1998]]],[[[-79.0165,1.2063],[-79.0141,1.2057],[-79.0167,1.2087],[-79.0172,1.2084],[-79.0165,1.2063]]],[[[-79.0173,1.2386],[-78.9987,1.2679],[-79.0493,1.2408],[-79.0099,1.2085],[-79.0168,1.234],[-78.9803,1.2483],[-78.9955,1.2588],[-79.0173,1.2386]]],[[[-79.0061,1.1955],[-79.0056,1.1907],[-79.0009,1.1828],[-78.9965,1.1737],[-79.0061,1.1955]]],[[[-78.9651,1.2169],[-78.9644,1.2171],[-78.9733,1.2398],[-79.0029,1.2341],[-78.999,1.209],[-78.9748,1.2147],[-78.9731,1.2144],[-78.9701,1.2156],[-78.9703,1.2157],[-78.9675,1.2164],[-78.9644,1.2124],[-78.9651,1.2169]]],[[[-79.0062,1.2153],[-79.0052,1.2151],[-79.0049,1.2161],[-79.0056,1.2164],[-79.0062,1.2153]]],[[[-78.9167,1.2662],[-78.9174,1.2677],[-78.921,1.2712],[-78.9223,1.2681],[-78.9167,1.2662]]],[[[-78.8677,1.3783],[-78.8685,1.3755],[-78.8461,1.3806],[-78.8446,1.4189],[-78.8521,1.4329],[-78.8495,1.4374],[-78.873,1.4522],[-78.8809,1.4521],[-78.8843,1.3785],[-78.8746,1.3949],[-78.8702,1.3758],[-78.8677,1.3783]]],[[[-78.8252,1.4276],[-78.8262,1.4354],[-78.8448,1.4286],[-78.8303,1.4104],[-78.8252,1.4276]]],[[[-80.1639,-3.0141],[-80.1695,-3.0146],[-80.1676,-3.0152],[-80.1648,-3.015],[-80.1639,-3.0141]]],[[[-80.1693,-3.013],[-80.1649,-3.0124],[-80.1658,-3.0091],[-80.1698,-3.0113],[-80.1693,-3.013]]],[[[-80.1078,-2.931],[-80.148,-2.8817],[-80.1422,-2.8748],[-80.1483,-2.8711],[-80.154,-2.8743],[-80.1671,-2.8582],[-80.1474,-2.8684],[-80.1387,-2.8463],[-80.1368,-2.8471],[-80.1337,-2.8453],[-80.1321,-2.842],[-80.1379,-2.8442],[-80.1311,-2.8272],[-80.0832,-2.8416],[-80.1047,-2.8899],[-80.048,-2.8973],[-80.0329,-2.8669],[-80.0685,-2.846],[-80.0263,-2.8586],[-79.9947,-2.8064],[-79.9103,-2.7724],[-79.9018,-2.739],[-79.9446,-2.7193],[-80.0369,-2.6747],[-80.2196,-2.7378],[-80.2612,-2.8537],[-80.2578,-3.0312],[-80.1782,-3.0318],[-80.1735,-3.003],[-80.1232,-3.0243],[-80.0926,-2.9497],[-80.1059,-2.9334],[-80.0795,-2.9343],[-80.0923,-2.9107],[-80.1069,-2.9079],[-80.1078,-2.931]]],[[[-80.1039,-2.8952],[-80.0741,-2.9322],[-80.0625,-2.9123],[-80.0793,-2.901],[-80.1039,-2.8952]]],[[[-80.1066,-2.8518],[-80.1303,-2.8783],[-80.1114,-2.8886],[-80.101,-2.859],[-80.1066,-2.8518]]],[[[-80.1209,-2.8483],[-80.1409,-2.8546],[-80.1328,-2.8761],[-80.1222,-2.8637],[-80.1209,-2.8483]]],[[[-80.1175,-2.8484],[-80.0961,-2.847],[-80.1066,-2.8436],[-80.1081,-2.8393],[-80.1175,-2.8484]]],[[[-80.1289,-2.8381],[-80.1291,-2.8359],[-80.1323,-2.8347],[-80.131,-2.8377],[-80.1289,-2.8381]]],[[[-80.13,-2.8325],[-80.1298,-2.8339],[-80.1278,-2.8349],[-80.1289,-2.8325],[-80.13,-2.8325]]],[[[-80.1397,-2.6994],[-80.1291,-2.7003],[-80.1237,-2.6948],[-80.1367,-2.6949],[-80.1397,-2.6994]]],[[[-80.2014,-2.6879],[-80.1986,-2.6836],[-80.2031,-2.6825],[-80.2063,-2.6868],[-80.2014,-2.6879]]],[[[-80.1792,-2.6636],[-80.172,-2.6524],[-80.1823,-2.6556],[-80.189,-2.6643],[-80.1792,-2.6636]]],[[[-80.1898,-2.6432],[-80.2001,-2.6543],[-80.1877,-2.6542],[-80.1806,-2.6462],[-80.1898,-2.6432]]],[[[-80.0448,-2.6162],[-80.0394,-2.6159],[-80.0374,-2.6126],[-80.0425,-2.6129],[-80.0448,-2.6162]]],[[[-80.0337,-2.6113],[-80.0356,-2.613],[-80.0368,-2.6158],[-80.029,-2.6106],[-80.0337,-2.6113]]],[[[-80.0583,-2.5968],[-80.0618,-2.6084],[-80.0462,-2.614],[-80.022,-2.6003],[-80.0583,-2.5968]]],[[[-80.0191,-2.6005],[-80.0124,-2.5964],[-80.0181,-2.5939],[-80.0211,-2.5974],[-80.0191,-2.6005]]],[[[-80.0487,-2.5692],[-80.0664,-2.5938],[-79.9994,-2.5919],[-80.0041,-2.5707],[-79.9706,-2.5643],[-79.955,-2.5913],[-79.9617,-2.5957],[-79.976,-2.5952],[-80.0023,-2.5707],[-79.9907,-2.5977],[-79.9304,-2.5996],[-79.9476,-2.5531],[-79.9922,-2.538],[-79.9776,-2.5194],[-79.9262,-2.5504],[-79.9242,-2.5923],[-79.9105,-2.5657],[-79.9166,-2.5879],[-79.8739,-2.5052],[-79.8515,-2.3531],[-79.8653,-2.2614],[-79.8719,-2.3024],[-79.9141,-2.2977],[-79.9179,-2.3286],[-79.9407,-2.317],[-79.9293,-2.3687],[-79.9188,-2.3702],[-79.9182,-2.366],[-79.8965,-2.3935],[-79.8788,-2.3369],[-79.8751,-2.4232],[-79.8966,-2.4205],[-79.8833,-2.4173],[-79.9,-2.3914],[-79.9217,-2.4084],[-79.9153,-2.4131],[-79.9262,-2.4105],[-79.923,-2.4244],[-79.9096,-2.4306],[-79.9069,-2.4194],[-79.9032,-2.4221],[-79.8972,-2.4206],[-79.8729,-2.431],[-79.8821,-2.4639],[-79.8931,-2.4671],[-79.8845,-2.4625],[-79.8818,-2.4518],[-79.8946,-2.4518],[-79.8941,-2.4674],[-79.9309,-2.4782],[-79.9109,-2.4894],[-79.8882,-2.486],[-79.8972,-2.518],[-79.8943,-2.5021],[-79.9298,-2.4869],[-79.9394,-2.5149],[-79.9746,-2.5155],[-79.9686,-2.5078],[-79.9905,-2.488],[-80.0479,-2.5681],[-80.0438,-2.5613],[-80.0522,-2.5551],[-80.0699,-2.5754],[-80.0487,-2.5692]]],[[[-79.9397,-2.6563],[-79.9437,-2.6159],[-79.9996,-2.6417],[-79.99,-2.6518],[-79.9397,-2.6563]]],[[[-79.9738,-2.6194],[-80.0061,-2.6033],[-80.0188,-2.6281],[-80.0088,-2.6304],[-79.9738,-2.6194]]],[[[-79.9512,-2.4409],[-79.9357,-2.4429],[-79.9328,-2.4109],[-79.9666,-2.4173],[-80.0068,-2.4072],[-80.0019,-2.4292],[-80.0233,-2.4275],[-80.0334,-2.5028],[-80.0102,-2.4543],[-80.0029,-2.4774],[-79.9925,-2.4726],[-79.9483,-2.5096],[-79.9323,-2.4536],[-79.9512,-2.4409]]],[[[-79.9577,-2.4083],[-79.9654,-2.3986],[-79.973,-2.404],[-79.9659,-2.4155],[-79.9577,-2.4083]]],[[[-80.009,-2.384],[-80.0152,-2.415],[-80.006,-2.4254],[-80.0097,-2.405],[-80.009,-2.384]]],[[[-79.9269,-2.4078],[-79.9212,-2.3986],[-79.938,-2.3978],[-79.9323,-2.4042],[-79.9269,-2.4078]]],[[[-79.9435,-2.3961],[-79.9286,-2.3946],[-79.9389,-2.378],[-79.9553,-2.3762],[-79.9483,-2.367],[-79.9518,-2.3598],[-79.95,-2.3329],[-79.9816,-2.3651],[-79.9663,-2.3907],[-79.9581,-2.3799],[-79.9527,-2.3864],[-79.9646,-2.3954],[-79.9552,-2.4087],[-79.9365,-2.4077],[-79.9435,-2.3961]]],[[[-79.9214,-2.3855],[-79.9294,-2.3861],[-79.9247,-2.3939],[-79.917,-2.39],[-79.9214,-2.3855]]],[[[-80.005,-2.3634],[-79.9897,-2.4061],[-79.9718,-2.3957],[-79.9794,-2.3716],[-80.005,-2.3634]]],[[[-79.9259,-2.3719],[-79.9341,-2.3794],[-79.9294,-2.3837],[-79.9227,-2.3794],[-79.9259,-2.3719]]],[[[-79.9501,-2.3741],[-79.9316,-2.3709],[-79.9377,-2.3669],[-79.9468,-2.3681],[-79.9501,-2.3741]]],[[[-79.936,-2.3609],[-79.9368,-2.3662],[-79.9318,-2.3677],[-79.9315,-2.3655],[-79.936,-2.3609]]],[[[-79.9375,-2.357],[-79.9461,-2.3549],[-79.9483,-2.3619],[-79.9402,-2.3668],[-79.9375,-2.357]]],[[[-79.9878,-2.203],[-79.9935,-2.2048],[-79.9875,-2.2098],[-79.9858,-2.2093],[-79.9878,-2.203]]],[[[-79.9123,-2.6642],[-79.9163,-2.6756],[-79.9116,-2.6786],[-79.9082,-2.6716],[-79.9123,-2.6642]]],[[[-79.8036,-2.6189],[-79.7938,-2.6316],[-79.7787,-2.6189],[-79.7975,-2.5963],[-79.8036,-2.6189]]],[[[-79.7355,-2.5235],[-79.7799,-2.5391],[-79.7922,-2.5801],[-79.7541,-2.6364],[-79.7267,-2.5936],[-79.7716,-2.5583],[-79.7434,-2.5473],[-79.733,-2.5782],[-79.7355,-2.5235]]],[[[-79.8472,-2.4674],[-79.8854,-2.6552],[-79.8367,-2.6601],[-79.8297,-2.5994],[-79.8472,-2.4674]]],[[[-79.8169,-2.5147],[-79.8161,-2.5256],[-79.8058,-2.5433],[-79.7999,-2.5326],[-79.8169,-2.5147]]],[[[-79.7558,-2.5236],[-79.757,-2.526],[-79.7373,-2.5154],[-79.7452,-2.5155],[-79.7558,-2.5236]]],[[[-79.6906,-2.4895],[-79.6911,-2.4869],[-79.7234,-2.5015],[-79.6906,-2.4895]]],[[[-79.6893,-2.4891],[-79.6906,-2.4895],[-79.6906,-2.4901],[-79.6893,-2.4891]]],[[[-79.892,-2.4423],[-79.8928,-2.4492],[-79.882,-2.4489],[-79.8865,-2.4376],[-79.8891,-2.4387],[-79.886,-2.4349],[-79.9017,-2.4316],[-79.9274,-2.4393],[-79.9108,-2.4653],[-79.892,-2.4423]]],[[[-79.8988,-2.4219],[-79.9055,-2.4238],[-79.9052,-2.4295],[-79.8971,-2.4285],[-79.8988,-2.4219]]],[[[-79.921,-2.3944],[-79.9207,-2.3973],[-79.915,-2.3965],[-79.9131,-2.3892],[-79.921,-2.3944]]],[[[-79.9118,-2.3908],[-79.9111,-2.3929],[-79.9091,-2.392],[-79.9101,-2.3892],[-79.9118,-2.3908]]],[[[-79.9084,-2.3833],[-79.9103,-2.3821],[-79.917,-2.3862],[-79.9103,-2.387],[-79.9084,-2.3833]]],[[[-79.9079,-2.2859],[-79.9156,-2.2803],[-79.9155,-2.2913],[-79.9091,-2.29],[-79.9079,-2.2859]]],[[[-79.8298,-2.2243],[-79.8334,-2.2336],[-79.8315,-2.2322],[-79.8305,-2.2293],[-79.8298,-2.2243]]],[[[-79.8401,-2.2013],[-79.8791,-2.2207],[-79.8425,-2.2557],[-79.8342,-2.2132],[-79.8401,-2.2013]]],[[[-80.8319,-1.6824],[-80.8314,-1.6833],[-80.8311,-1.6833],[-80.8311,-1.6825],[-80.8319,-1.6824]]],[[[-80.8323,-1.6822],[-80.8329,-1.6804],[-80.8341,-1.6801],[-80.8341,-1.6811],[-80.8323,-1.6822]]],[[[-80.8657,-1.6022],[-80.8597,-1.5951],[-80.8671,-1.5915],[-80.8718,-1.5973],[-80.8657,-1.6022]]],[[[-80.7623,-1.3772],[-80.7621,-1.3779],[-80.7601,-1.3788],[-80.7589,-1.3767],[-80.7623,-1.3772]]],[[[-81.0462,-1.2867],[-81.0557,-1.2744],[-81.0728,-1.2619],[-81.0822,-1.2841],[-81.0462,-1.2867]]],[[[-80.3717,-0.6549],[-80.3705,-0.6516],[-80.3781,-0.6509],[-80.3749,-0.6542],[-80.3717,-0.6549]]],[[[-80.3712,-0.6511],[-80.368,-0.6485],[-80.369,-0.6477],[-80.3739,-0.6491],[-80.3712,-0.6511]]],[[[-80.3476,-0.6552],[-80.3221,-0.6798],[-80.3296,-0.6622],[-80.3372,-0.6578],[-80.3476,-0.6552]]],[[[-80.3481,-0.6526],[-80.3229,-0.6594],[-80.3325,-0.6542],[-80.3426,-0.6495],[-80.3481,-0.6526]]],[[[-79.9681,0.2134],[-79.9712,0.2255],[-79.9698,0.2281],[-79.9831,0.2343],[-79.9681,0.2134]]],[[[-79.9624,0.2504],[-79.9686,0.2473],[-79.9673,0.2138],[-79.9528,0.2271],[-79.9624,0.2504]]],[[[-79.978,0.236],[-79.9742,0.2398],[-79.9802,0.2376],[-79.9811,0.2363],[-79.978,0.236]]],[[[-79.9812,0.2619],[-79.9865,0.2707],[-79.9902,0.2649],[-79.9897,0.2625],[-79.9812,0.2619]]],[[[-90.9566,-0.9771],[-90.9559,-0.9778],[-90.9557,-0.9778],[-90.9557,-0.9768],[-90.9566,-0.9771]]],[[[-90.9561,-0.9765],[-90.9529,-0.9757],[-90.9547,-0.9755],[-90.9571,-0.9739],[-90.9561,-0.9765]]],[[[-90.9596,-0.9748],[-90.9596,-0.9752],[-90.9593,-0.9751],[-90.9594,-0.9748],[-90.9596,-0.9748]]],[[[-90.9623,-0.9743],[-90.9601,-0.9762],[-90.9591,-0.9725],[-90.9606,-0.9677],[-90.9623,-0.9743]]],[[[-90.9588,-0.9711],[-90.9593,-0.9711],[-90.9593,-0.9712],[-90.9589,-0.9714],[-90.9588,-0.9711]]],[[[-90.9647,-0.9714],[-90.9635,-0.9704],[-90.964,-0.9692],[-90.964,-0.9683],[-90.9647,-0.9714]]],[[[-90.9621,-0.9665],[-90.9635,-0.9661],[-90.9638,-0.9675],[-90.9633,-0.9681],[-90.9621,-0.9665]]],[[[-90.9584,-0.9679],[-90.9561,-0.9644],[-90.9566,-0.9632],[-90.9579,-0.9626],[-90.9589,-0.9703],[-90.9574,-0.9689],[-90.9584,-0.9679]]],[[[-90.9647,-0.9659],[-90.9648,-0.9666],[-90.9643,-0.9665],[-90.9643,-0.9661],[-90.9647,-0.9659]]],[[[-90.95,-0.5488],[-90.9502,-0.549],[-90.95,-0.5491],[-90.9499,-0.549],[-90.95,-0.5488]]],[[[-90.95,-0.5488],[-90.949,-0.5331],[-90.9482,-0.4239],[-91.11,-0.3068],[-91.1764,-0.2205],[-91.1983,-0.0216],[-91.2627,0.0364],[-91.311,0.1338],[-91.3613,0.1626],[-91.3911,0.1244],[-91.4905,0.0989],[-91.5218,0.0364],[-91.5945,-0.0114],[-91.5612,-0.0539],[-91.4705,-0.0146],[-91.4189,-0.0306],[-91.3879,-0.2602],[-91.3347,-0.3333],[-91.2256,-0.3926],[-91.213,-0.4879],[-91.0718,-0.5968],[-91.0923,-0.6435],[-91.1695,-0.6879],[-91.2057,-0.6728],[-91.3201,-0.6906],[-91.4972,-0.8586],[-91.5107,-0.9092],[-91.4464,-0.9572],[-91.4412,-0.9993],[-91.1706,-1.0546],[-90.9599,-0.9625],[-90.9293,-0.9614],[-90.8476,-0.9127],[-90.8247,-0.7907],[-90.7806,-0.7663],[-90.855,-0.7033],[-90.8398,-0.6838],[-90.8816,-0.628],[-90.8933,-0.608],[-90.9342,-0.6257],[-90.9425,-0.6148],[-90.9815,-0.5763],[-90.95,-0.5488]]],[[[-91.3869,-0.4555],[-91.3855,-0.3342],[-91.4565,-0.2623],[-91.6586,-0.3069],[-91.6096,-0.481],[-91.4947,-0.5064],[-91.3869,-0.4555]]],[[[-90.7372,0.5456],[-90.7369,0.5456],[-90.728,0.5422],[-90.7246,0.5407],[-90.7182,0.553],[-90.7179,0.5535],[-90.7179,0.5538],[-90.7177,0.5543],[-90.7175,0.5546],[-90.7174,0.5547],[-90.7175,0.5556],[-90.7186,0.5562],[-90.7186,0.5572],[-90.7187,0.5582],[-90.7187,0.5596],[-90.7212,0.574],[-90.7359,0.604],[-90.7434,0.6136],[-90.7455,0.6164],[-90.7461,0.6172],[-90.7461,0.6173],[-90.747,0.6185],[-90.7507,0.6211],[-90.7564,0.6253],[-90.7564,0.6255],[-90.7565,0.6255],[-90.7571,0.6269],[-90.7626,0.6391],[-90.7837,0.6377],[-90.7838,0.6377],[-90.7847,0.632],[-90.7858,0.6304],[-90.7867,0.6292],[-90.7868,0.6292],[-90.7879,0.6281],[-90.788,0.6279],[-90.7882,0.6278],[-90.7892,0.6251],[-90.7892,0.6247],[-90.7892,0.6238],[-90.7879,0.6203],[-90.7879,0.6202],[-90.7874,0.6183],[-90.7874,0.6181],[-90.787,0.6162],[-90.7873,0.6157],[-90.7874,0.6157],[-90.7874,0.6156],[-90.7874,0.615],[-90.7874,0.6146],[-90.7872,0.6145],[-90.787,0.6142],[-90.7872,0.613],[-90.7879,0.6109],[-90.7882,0.6106],[-90.789,0.6101],[-90.7894,0.6101],[-90.7895,0.6099],[-90.7899,0.6093],[-90.7897,0.6092],[-90.789,0.6012],[-90.7825,0.5686],[-90.783,0.5615],[-90.7406,0.5416],[-90.7374,0.5456],[-90.7374,0.5454],[-90.7372,0.5455],[-90.7372,0.5456]]],[[[-90.746,0.6178],[-90.7463,0.6177],[-90.7461,0.6176],[-90.746,0.6177],[-90.746,0.6178]]],[[[-91.8222,1.3764],[-91.8226,1.3762],[-91.8236,1.3757],[-91.8234,1.375],[-91.8224,1.3754],[-91.8217,1.3754],[-91.8206,1.3752],[-91.8127,1.3793],[-91.812,1.3803],[-91.8121,1.3839],[-91.8147,1.3852],[-91.818,1.3882],[-91.8179,1.3941],[-91.8184,1.395],[-91.8185,1.3941],[-91.8189,1.393],[-91.8204,1.3911],[-91.8207,1.391],[-91.8216,1.3906],[-91.8217,1.3907],[-91.8241,1.3916],[-91.8244,1.3897],[-91.8243,1.3896],[-91.8222,1.3902],[-91.8182,1.3841],[-91.8212,1.3778],[-91.8222,1.3764]]],[[[-91.8216,1.391],[-91.8217,1.3909],[-91.8217,1.3908],[-91.8216,1.391]]],[[[-90.402,-1.3455],[-90.4018,-1.3455],[-90.402,-1.3454],[-90.402,-1.3455]]],[[[-90.3793,-1.31],[-90.3793,-1.3101],[-90.3791,-1.3101],[-90.3793,-1.31]]],[[[-90.3584,-1.2636],[-90.3602,-1.2627],[-90.3618,-1.2623],[-90.3619,-1.2623],[-90.3641,-1.2609],[-90.3643,-1.2609],[-90.3658,-1.2611],[-90.366,-1.2611],[-90.3685,-1.2595],[-90.3729,-1.2541],[-90.3732,-1.254],[-90.3739,-1.2538],[-90.3759,-1.2521],[-90.3769,-1.2512],[-90.3843,-1.2476],[-90.4233,-1.2273],[-90.4785,-1.2333],[-90.5111,-1.3153],[-90.443,-1.358],[-90.4428,-1.358],[-90.4427,-1.358],[-90.4248,-1.3568],[-90.4245,-1.3564],[-90.4235,-1.3554],[-90.4215,-1.3542],[-90.4206,-1.3534],[-90.4196,-1.3532],[-90.4193,-1.3532],[-90.4166,-1.3505],[-90.4151,-1.3491],[-90.4149,-1.3491],[-90.4062,-1.3441],[-90.4045,-1.3443],[-90.4038,-1.3445],[-90.4036,-1.3447],[-90.4026,-1.3449],[-90.402,-1.3453],[-90.4001,-1.3441],[-90.3991,-1.3432],[-90.3989,-1.343],[-90.3984,-1.3414],[-90.3961,-1.3387],[-90.3959,-1.3386],[-90.393,-1.3372],[-90.3902,-1.3344],[-90.39,-1.3345],[-90.39,-1.3344],[-90.3897,-1.3344],[-90.3895,-1.3343],[-90.3892,-1.3333],[-90.389,-1.3327],[-90.3882,-1.3325],[-90.3877,-1.3324],[-90.387,-1.3319],[-90.386,-1.3293],[-90.3856,-1.3286],[-90.3846,-1.3258],[-90.3841,-1.325],[-90.3841,-1.3248],[-90.3828,-1.3244],[-90.3828,-1.3243],[-90.3828,-1.3242],[-90.3826,-1.3222],[-90.3814,-1.3202],[-90.3816,-1.3197],[-90.3818,-1.3197],[-90.3794,-1.3152],[-90.3801,-1.314],[-90.3811,-1.3129],[-90.3809,-1.3119],[-90.3794,-1.3114],[-90.3796,-1.31],[-90.3794,-1.31],[-90.3793,-1.31],[-90.3787,-1.31],[-90.3786,-1.31],[-90.3782,-1.31],[-90.3752,-1.3081],[-90.3747,-1.3079],[-90.3697,-1.3023],[-90.3675,-1.3007],[-90.3655,-1.3005],[-90.3648,-1.3001],[-90.3646,-1.3001],[-90.3643,-1.2992],[-90.3641,-1.297],[-90.365,-1.2957],[-90.3611,-1.2923],[-90.3609,-1.2924],[-90.3606,-1.2921],[-90.3607,-1.2909],[-90.3607,-1.2908],[-90.3539,-1.2773],[-90.3535,-1.2776],[-90.3532,-1.2773],[-90.3569,-1.2687],[-90.3581,-1.2642],[-90.3584,-1.2636]]],[[[-90.3606,-1.2924],[-90.3604,-1.2923],[-90.3606,-1.2922],[-90.3606,-1.2924]]],[[[-90.6575,-0.6345],[-90.6445,-0.6072],[-90.6693,-0.588],[-90.6849,-0.6213],[-90.6575,-0.6345]]],[[[-90.7061,-0.4275],[-90.6975,-0.4101],[-90.7059,-0.3992],[-90.7211,-0.4121],[-90.7061,-0.4275]]],[[[-90.5775,-0.3593],[-90.5473,-0.3205],[-90.5463,-0.3186],[-90.5463,-0.3138],[-90.566,-0.2894],[-90.5649,-0.2875],[-90.5648,-0.2875],[-90.5648,-0.2874],[-90.5767,-0.2555],[-90.5794,-0.2497],[-90.6758,-0.1898],[-90.7004,-0.1832],[-90.7006,-0.174],[-90.7254,-0.1684],[-90.7887,-0.1469],[-90.8287,-0.1628],[-90.8688,-0.2449],[-90.8302,-0.2985],[-90.8114,-0.3305],[-90.8107,-0.3305],[-90.8109,-0.3307],[-90.8112,-0.3308],[-90.7149,-0.3588],[-90.5776,-0.3594],[-90.5774,-0.3593],[-90.5775,-0.3593]]],[[[-90.519,-0.1312],[-90.514,-0.1462],[-90.4992,-0.1193],[-90.5111,-0.1263],[-90.519,-0.1312]]],[[[-90.4363,0.2872],[-90.4363,0.2871],[-90.4361,0.2871],[-90.4363,0.2872]]],[[[-90.4363,0.2872],[-90.4359,0.2875],[-90.4351,0.2879],[-90.4343,0.2885],[-90.4319,0.2901],[-90.4304,0.29],[-90.4302,0.2901],[-90.4279,0.2903],[-90.4275,0.2905],[-90.427,0.2904],[-90.4255,0.2914],[-90.4252,0.2914],[-90.4248,0.2914],[-90.4238,0.2931],[-90.4218,0.2937],[-90.4186,0.2959],[-90.4176,0.2961],[-90.4144,0.2987],[-90.4144,0.2986],[-90.4142,0.2987],[-90.4142,0.2988],[-90.4136,0.3004],[-90.4132,0.3005],[-90.4129,0.3007],[-90.4126,0.3012],[-90.4127,0.3012],[-90.4126,0.3013],[-90.4114,0.3021],[-90.4057,0.3085],[-90.4058,0.3105],[-90.4058,0.3113],[-90.4025,0.3164],[-90.402,0.3167],[-90.4018,0.3167],[-90.4018,0.3169],[-90.4018,0.317],[-90.4011,0.3174],[-90.401,0.3182],[-90.4008,0.3205],[-90.4004,0.3204],[-90.4003,0.322],[-90.402,0.324],[-90.403,0.3246],[-90.4045,0.3266],[-90.4062,0.3291],[-90.4159,0.3402],[-90.4247,0.351],[-90.4309,0.3566],[-90.4364,0.3629],[-90.441,0.3652],[-90.4529,0.3777],[-90.4531,0.3779],[-90.4578,0.3803],[-90.4585,0.3818],[-90.459,0.3823],[-90.4602,0.3835],[-90.4613,0.3851],[-90.4629,0.3854],[-90.4635,0.3848],[-90.4642,0.3848],[-90.4714,0.386],[-90.4751,0.3852],[-90.4782,0.3867],[-90.4783,0.3866],[-90.4785,0.3867],[-90.48,0.3869],[-90.4832,0.3865],[-90.4834,0.3867],[-90.4837,0.3871],[-90.4869,0.3866],[-90.4898,0.3863],[-90.4901,0.3859],[-90.4915,0.3858],[-90.496,0.3859],[-90.4977,0.3839],[-90.4977,0.3838],[-90.4997,0.3835],[-90.501,0.3836],[-90.5007,0.3836],[-90.5007,0.3837],[-90.5012,0.3837],[-90.4835,0.2786],[-90.4745,0.2775],[-90.4637,0.2808],[-90.4634,0.2811],[-90.4612,0.282],[-90.461,0.2819],[-90.4607,0.2818],[-90.4553,0.2833],[-90.4553,0.2835],[-90.4551,0.2833],[-90.4506,0.2842],[-90.4462,0.2846],[-90.4449,0.2847],[-90.4447,0.2847],[-90.4442,0.285],[-90.4433,0.2855],[-90.4428,0.2857],[-90.4407,0.2867],[-90.4401,0.2871],[-90.44,0.2869],[-90.4391,0.2871],[-90.438,0.2871],[-90.4373,0.2871],[-90.4368,0.2869],[-90.4363,0.2872]]],[[[-90.4057,0.3085],[-90.4057,0.3084],[-90.4055,0.3084],[-90.4057,0.3085]]],[[[-90.401,0.3182],[-90.4008,0.3181],[-90.4008,0.3182],[-90.401,0.3182]]],[[[-90.4901,0.3859],[-90.4901,0.386],[-90.4903,0.386],[-90.4901,0.3859]]],[[[-90.4915,0.3858],[-90.4915,0.3862],[-90.4916,0.386],[-90.4915,0.3858]]],[[[-89.7136,-1.3906],[-89.6371,-1.4113],[-89.6199,-1.3911],[-89.6658,-1.3449],[-89.7461,-1.3691],[-89.7446,-1.3752],[-89.7136,-1.3906]]],[[[-90.3535,-1.2776],[-90.3535,-1.2777],[-90.3533,-1.2777],[-90.3533,-1.2776],[-90.3535,-1.2776]]],[[[-90.3584,-1.2636],[-90.3582,-1.2635],[-90.3584,-1.2634],[-90.3584,-1.2636]]],[[[-89.2417,-0.7134],[-89.3521,-0.6851],[-89.4606,-0.7534],[-89.4836,-0.8172],[-89.5413,-0.8179],[-89.6174,-0.9228],[-89.524,-0.9556],[-89.4108,-0.9232],[-89.3625,-0.8302],[-89.2417,-0.7134]]],[[[-90.0881,-0.8285],[-90.0305,-0.8378],[-90.0329,-0.8073],[-90.0835,-0.7988],[-90.0881,-0.8285]]],[[[-89.5195,-0.7785],[-89.5195,-0.7787],[-89.5181,-0.7783],[-89.5188,-0.7783],[-89.5195,-0.7785]]],[[[-89.5208,-0.7762],[-89.5193,-0.7781],[-89.5178,-0.7773],[-89.52,-0.7757],[-89.5208,-0.7762]]],[[[-90.2771,-0.7599],[-90.277,-0.7598],[-90.277,-0.7596],[-90.2771,-0.7596],[-90.2771,-0.7599]]],[[[-90.2805,-0.7586],[-90.279,-0.7603],[-90.2775,-0.7595],[-90.2782,-0.7577],[-90.2805,-0.7586]]],[[[-90.3079,-0.7564],[-90.3073,-0.7555],[-90.3089,-0.7556],[-90.3091,-0.7562],[-90.3079,-0.7564]]],[[[-89.247,-0.7033],[-89.2471,-0.7027],[-89.248,-0.7028],[-89.2476,-0.7037],[-89.247,-0.7033]]],[[[-89.2515,-0.7008],[-89.2522,-0.7006],[-89.2525,-0.701],[-89.2517,-0.7015],[-89.2515,-0.7008]]],[[[-90.3099,-0.743],[-90.2379,-0.7442],[-90.1759,-0.6659],[-90.1693,-0.5723],[-90.2507,-0.4816],[-90.514,-0.5314],[-90.5505,-0.6291],[-90.5359,-0.6959],[-90.4063,-0.772],[-90.3093,-0.7504],[-90.3099,-0.743]]],[[[-90.1589,-0.5845],[-90.1591,-0.5836],[-90.1648,-0.5824],[-90.169,-0.5815],[-90.1589,-0.5845]]],[[[-90.1628,-0.5791],[-90.1658,-0.5802],[-90.1579,-0.5797],[-90.1606,-0.5795],[-90.1628,-0.5791]]],[[[-90.1439,-0.568],[-90.1434,-0.5684],[-90.1432,-0.5682],[-90.1436,-0.5678],[-90.1439,-0.568]]],[[[-90.1437,-0.5671],[-90.1437,-0.5676],[-90.1436,-0.5674],[-90.1436,-0.5671],[-90.1437,-0.5671]]],[[[-90.1411,-0.5664],[-90.1417,-0.5655],[-90.1422,-0.5663],[-90.1417,-0.5667],[-90.1411,-0.5664]]],[[[-90.2941,-0.4845],[-90.2477,-0.4644],[-90.2734,-0.4184],[-90.2946,-0.4148],[-90.2941,-0.4845]]],[[[-90.2911,-0.3903],[-90.2926,-0.4006],[-90.2766,-0.3964],[-90.2782,-0.3895],[-90.2911,-0.3903]]],[[[-89.9521,0.3456],[-89.9592,0.3168],[-89.937,0.3171],[-89.9521,0.3456]]],[[[-80.7843,-1.9362],[-80.7842,-1.9345],[-80.7862,-1.9345],[-80.7857,-1.9367],[-80.7843,-1.9362]]],[[[-80.7869,-1.9314],[-80.7884,-1.9315],[-80.7885,-1.9327],[-80.787,-1.9329],[-80.7869,-1.9314]]]]},"properties":{"iso3":"ECU"}},
{"type":"Feature","geometry":{"type":"Polygon","coordinates":[[[-3.0799,7.0567],[-3.1096,7.0113],[-3.1166,7.0059],[-3.1789,6.9055],[-3.2312,6.8213],[-3.209,6.7317],[-3.2093,6.7312],[-3.2621,6.6177],[-3.2591,6.6154],[-3.2607,6.6119],[-3.1761,6.2468],[-3.111,6.1562],[-3.0232,5.8482],[-3.0361,5.7143],[-3.0259,5.7137],[-3.0261,5.7097],[-2.9985,5.7121],[-2.9556,5.7096],[-2.9555,5.701],[-2.9667,5.6407],[-2.9547,5.633],[-2.9371,5.6216],[-2.9345,5.6199],[-2.8621,5.6547],[-2.7652,5.5951],[-2.7281,5.3465],[-2.7591,5.3465],[-2.7655,5.3465],[-2.7764,5.3465],[-2.7812,5.3115],[-2.7848,5.2851],[-2.7256,5.1406],[-2.7282,5.1375],[-2.7583,5.1007],[-2.879,5.1276],[-2.9403,5.1243],[-2.95,5.0847],[-3.0076,5.1037],[-3.0331,5.1121],[-3.0628,5.1219],[-3.1075,5.1155],[-3.1086,5.1153],[-3.1086,5.0903],[-2.3856,4.9433],[-2.2694,4.8994],[-2.1845,4.8171],[-2.1097,4.7817],[-2.092,4.7411],[-1.9756,4.7583],[-1.9128,4.8255],[-1.7354,4.8815],[-1.7431,4.9139],[-1.7022,4.9555],[-1.5802,5.0331],[-1.3413,5.0917],[-1.2401,5.1029],[-1.0835,5.1961],[-0.8071,5.2163],[-0.7234,5.3003],[-0.4981,5.3787],[-0.4059,5.4697],[-0.2363,5.5261],[0.2723,5.7719],[0.6797,5.7717],[0.9415,5.7964],[1.0289,5.9795],[1.0819,6.0465],[1.1963,6.1108],[1.1995,6.1126],[1.2003,6.1677],[1.0842,6.1709],[1.0616,6.2102],[1.0041,6.3348],[0.8923,6.3363],[0.8833,6.3432],[0.8206,6.3917],[0.77,6.4308],[0.7267,6.504],[0.7211,6.5184],[0.7187,6.5175],[0.7199,6.5213],[0.7366,6.5746],[0.7374,6.5771],[0.6812,6.5838],[0.6406,6.6291],[0.6379,6.6321],[0.6378,6.6322],[0.6461,6.7395],[0.6239,6.7475],[0.5765,6.7613],[0.5778,6.8073],[0.5737,6.8092],[0.5301,6.8258],[0.5581,6.9141],[0.5147,6.9484],[0.5301,6.9631],[0.5557,6.9874],[0.5988,7.0284],[0.5984,7.1092],[0.5983,7.1289],[0.5983,7.1328],[0.6402,7.2645],[0.6443,7.2776],[0.6447,7.3819],[0.6424,7.3937],[0.5605,7.3906],[0.5022,7.4638],[0.5179,7.5875],[0.5195,7.5883],[0.577,7.6164],[0.5776,7.6209],[0.5898,7.7072],[0.6138,7.705],[0.6175,7.7052],[0.616,7.891],[0.6016,8.0576],[0.5957,8.1252],[0.5895,8.1966],[0.5944,8.2024],[0.6411,8.2573],[0.701,8.2759],[0.7245,8.2832],[0.7275,8.3084],[0.7286,8.3346],[0.7205,8.3497],[0.6459,8.4886],[0.6445,8.4913],[0.4728,8.5979],[0.4724,8.5986],[0.436,8.6538],[0.3823,8.7355],[0.3828,8.7389],[0.3912,8.7916],[0.4713,8.7966],[0.4738,8.8],[0.4911,8.8009],[0.512,8.8451],[0.5269,8.8767],[0.5265,8.8778],[0.5278,8.88],[0.4586,9.0643],[0.4781,9.1441],[0.5391,9.2135],[0.5085,9.2581],[0.5599,9.3057],[0.5647,9.4071],[0.4471,9.5011],[0.3593,9.4983],[0.356,9.4915],[0.3375,9.4528],[0.3344,9.4516],[0.2767,9.4287],[0.2397,9.4556],[0.2293,9.4662],[0.2297,9.473],[0.2305,9.4875],[0.2946,9.5014],[0.3105,9.5048],[0.2429,9.5245],[0.2405,9.5708],[0.2403,9.5746],[0.3734,9.5912],[0.3823,9.5923],[0.3815,9.6443],[0.3195,9.7265],[0.362,9.9209],[0.3645,9.9322],[0.3805,9.9441],[0.3533,10.0287],[0.3616,10.0277],[0.4079,10.0222],[0.408,10.0232],[0.4111,10.0227],[0.4173,10.0577],[0.3523,10.1011],[0.3615,10.2565],[0.3779,10.2824],[0.3977,10.3095],[0.3219,10.3106],[0.3273,10.3203],[0.3365,10.3289],[0.3257,10.3401],[0.2948,10.3931],[0.2983,10.4089],[0.2848,10.4104],[0.2663,10.4123],[0.2321,10.416],[0.1939,10.403],[0.1859,10.412],[0.1576,10.474],[0.1431,10.5259],[0.1035,10.5469],[-0.0628,10.6407],[-0.0679,10.6535],[-0.0909,10.7104],[-0.0878,10.7153],[-0.0225,10.8195],[-0.0059,10.9602],[-0.0058,10.9612],[0.0314,10.9907],[0.0339,10.9927],[0.0302,11.0015],[-0.0137,11.106],[-0.0169,11.1137],[-0.0313,11.1086],[-0.1377,11.1044],[-0.1396,11.1052],[-0.1425,11.1064],[-0.1361292800516065,11.138950397236322],[-0.1361,11.1391],[-0.1584,11.1448],[-0.276,11.1685],[-0.27599793934933664,11.168460258880064],[-0.2746,11.1415],[-0.271,11.1265],[-0.2855967741935484,11.117177419354839],[-0.3428,11.0807],[-0.3615,11.0687],[-0.3649,11.0899],[-0.3734,11.123],[-0.41957026884722753,11.115504826485841],[-0.4196,11.1155],[-0.43170000000000003,11.069062162162162],[-0.4401,11.0369],[-0.5,11.0051],[-0.5649,10.9954],[-0.6129582664526485,10.896485896490391],[-0.6536,10.9564],[-0.6833,11.0002],[-0.8241,11.0101],[-0.8418,10.9968],[-0.855089585863366,10.98682484322486],[-0.9055,10.9829],[-0.9193481273866033,10.983923326112063],[-0.9769,10.9989],[-0.9872,10.9983],[-1.0771337422530998,10.995583107632907],[-1.4265,11.0214],[-1.5442021825016303,11.01217334586322],[-1.5447,11.0213],[-1.585,11.0213],[-1.5843942121449843,11.009022699471686],[-1.8985,10.9844],[-2.7161,11.0042],[-2.7158,11.0045],[-2.7253,11.0045],[-2.7253401232937033,11.004499850286217],[-2.8324529252152977,11.004100175652182],[-2.8325,11.0041],[-2.834,11.0041],[-2.818039701993521,10.923901980824587],[-2.8191777585977973,10.92221264108352],[-2.8641,10.8875],[-2.9329,10.7272],[-2.937,10.7234],[-2.9353,10.7214],[-2.9330298194015074,10.718710428608212],[-2.9385,10.7078],[-2.923039239949549,10.653222435849877],[-2.9301,10.6385],[-2.941,10.6171],[-2.9406,10.6164],[-2.871496824810227,10.471274106043372],[-2.8657,10.4591],[-2.7734,10.4229],[-2.7735944688874934,10.422802765556256],[-2.7736,10.4228],[-2.83,10.3897],[-2.8303,10.3885],[-2.8312,10.388],[-2.848255366269165,10.327151427633446],[-2.849117510389773,10.324075548869821],[-2.8504,10.3195],[-2.761984529951247,10.251451495064737],[-2.775292219002777,10.222624212241941],[-2.7819,10.2132],[-2.7978,10.1905],[-2.797072752600297,10.17836056263573],[-2.7939,10.1254],[-2.7907,10.0707],[-2.7904,10.0697],[-2.7472,9.9052],[-2.726984208660554,9.828618997339735],[-2.72789932731998,9.826953967283293],[-2.7906,9.7425],[-2.7829960515741288,9.726707184038576],[-2.7828,9.7263],[-2.7425,9.6419],[-2.7623453673574243,9.59656695495804],[-2.7629,9.5953],[-2.7711,9.5765],[-2.7701,9.5755],[-2.7700398997836704,9.575438017126292],[-2.729978488306406,9.534121669867812],[-2.7286,9.5327],[-2.689709958782418,9.492710240393231],[-2.6897,9.4927],[-2.6845,9.4873],[-2.6845,9.4871],[-2.6803,9.4487],[-2.6753,9.3858],[-2.6917,9.359],[-2.719,9.3144],[-2.7207,9.3117],[-2.6947,9.289],[-2.6598,9.2526],[-2.7739,9.1427],[-2.7739,9.1423],[-2.7779,9.1063],[-2.7829,9.0597],[-2.7818,9.058],[-2.7805,9.0559],[-2.7611,9.0261],[-2.6593,9.0084],[-2.5972,8.828],[-2.6285,8.7957],[-2.6204,8.7937],[-2.5905,8.7863],[-2.5901,8.7838],[-2.5869,8.7836],[-2.5827,8.7805],[-2.4941,8.202],[-2.5031,8.1971],[-2.5909,8.1492],[-2.6118,8.1378],[-2.6177,8.1141],[-2.6014,8.0309],[-2.6842,8.0151],[-2.7448,7.9197],[-2.7827,7.952],[-2.7917,7.8652],[-2.85,7.7574],[-2.9235,7.6087],[-2.9718,7.3117],[-2.9583,7.2458],[-2.9561,7.2354],[-2.9558,7.2338],[-2.9907,7.1874],[-3.0257,7.1408],[-3.0351,7.0771],[-3.0734,7.06],[-3.0799,7.0567]]]},"properties":{"iso3":"GHA"}},
{"type":"Feature","geometry":{"type":"MultiPolygon","coordinates":[[[[-14.89,10.8758],[-14.8732,10.8564],[-14.8708,10.8893],[-14.8807,10.8982],[-14.8898,10.8896],[-14.8894,10.9179],[-14.9019,10.9154],[-14.9346,10.8672],[-14.9176,10.8156],[-14.8909,10.8192],[-14.89,10.8758]]],[[[-15.0216,10.7814],[-14.9529,10.7729],[-14.9704,10.887],[-14.9532,10.8615],[-14.9046,10.9269],[-14.9544,10.975],[-15.0629,10.9068],[-15.0845,10.8554],[-15.0216,10.7814]]],[[[-14.865,10.9386],[-14.8854,10.9241],[-14.8769,10.904],[-14.8549,10.8985],[-14.865,10.9386]]],[[[-14.8029,10.9437],[-14.8126,10.9413],[-14.8154,10.9381],[-14.8104,10.9349],[-14.8029,10.9437]]],[[[-14.9005,10.9598],[-14.9126,10.9528],[-14.909,10.9475],[-14.8976,10.9461],[-14.9005,10.9598]]],[[[-14.953,11.0054],[-14.9538,11.0041],[-14.9636,10.9811],[-14.9023,10.9663],[-14.9305,11.0448],[-14.9501,11.0105],[-14.953,11.0054]]],[[[-13.783,9.8446],[-13.7886,9.8409],[-13.7879,9.8356],[-13.7699,9.8484],[-13.783,9.8446]]],[[[-13.7321,9.8552],[-13.725,9.8582],[-13.7192,9.8628],[-13.723,9.8641],[-13.7321,9.8552]]],[[[-14.0723,10.1095],[-14.0583,10.0986],[-14.0483,10.1175],[-14.063,10.1259],[-14.0723,10.1095]]],[[[-14.5763,10.7728],[-14.5808,10.7618],[-14.578,10.7604],[-14.5751,10.7687],[-14.5763,10.7728]]],[[[-14.7097,11.0143],[-14.7177,11.0078],[-14.7147,11.0037],[-14.7056,11.0063],[-14.7097,11.0143]]],[[[-13.7087,12.6642],[-13.7111,12.5995],[-13.6502,12.4925],[-13.6371,12.4517],[-13.6705,12.3955],[-13.6671,12.3155],[-13.7195,12.2469],[-13.7586,12.2772],[-13.7624,12.2749],[-13.763,12.2753],[-13.8002,12.2531],[-13.7989,12.2977],[-13.8016,12.2933],[-13.8015,12.2946],[-13.8265,12.26],[-13.8559,12.2813],[-13.8563,12.274],[-13.8577,12.245],[-13.8578,12.2439],[-13.8579,12.2414],[-13.9206,12.2338],[-13.9583,12.1808],[-13.8423,12.0805],[-13.8072,12.0501],[-13.7305,12.0182],[-13.7056,12.0043],[-13.7095,11.8558],[-13.7155,11.7091],[-13.7749,11.689],[-13.7827,11.6868],[-13.8161,11.7137],[-13.8546,11.746],[-13.8548,11.745],[-13.8689,11.664],[-13.9266,11.6776],[-14.0828,11.6256],[-14.1425,11.6594],[-14.2658,11.6665],[-14.3094,11.6179],[-14.3242,11.6014],[-14.343,11.5908],[-14.4058,11.5581],[-14.5162,11.4988],[-14.6589,11.5084],[-14.6922,11.485],[-14.7272,11.4206],[-14.7798,11.3534],[-14.9153,11.0745],[-14.9256,11.0534],[-14.8731,10.9622],[-14.8121,10.9919],[-14.7511,10.9699],[-14.7277,11.0192],[-14.6591,11.0298],[-14.8173,10.9247],[-14.8091,10.8231],[-14.7541,10.8362],[-14.7899,10.7608],[-14.7482,10.6899],[-14.7363,10.7471],[-14.6562,10.8002],[-14.7232,10.699],[-14.685,10.6904],[-14.7033,10.6325],[-14.5409,10.8172],[-14.6116,10.6987],[-14.6274,10.6212],[-14.5938,10.5939],[-14.6582,10.564],[-14.6654,10.4685],[-14.5824,10.4717],[-14.5456,10.5059],[-14.5521,10.4182],[-14.4635,10.3393],[-14.4565,10.2083],[-14.3683,10.2283],[-14.2189,10.1049],[-14.1843,10.1283],[-14.1862,10.0843],[-14.1376,10.0471],[-14.0786,10.0658],[-14.0734,10.1509],[-14.0311,10.1162],[-14.0672,10.0286],[-13.8267,9.8463],[-13.7251,9.8682],[-13.6843,9.9381],[-13.7551,9.7664],[-13.6893,9.74],[-13.6399,9.7912],[-13.6635,9.8296],[-13.6251,9.822],[-13.5961,9.7658],[-13.5553,9.7874],[-13.5477,9.7401],[-13.5856,9.7533],[-13.6242,9.7237],[-13.6342,9.628],[-13.7163,9.5014],[-13.6168,9.5656],[-13.5535,9.4999],[-13.5073,9.5145],[-13.5114,9.4455],[-13.4744,9.4067],[-13.4241,9.4102],[-13.4126,9.2793],[-13.3571,9.2753],[-13.3247,9.3386],[-13.3259,9.1797],[-13.2804,9.1526],[-13.2605,9.1904],[-13.249,9.1445],[-13.3247,9.0671],[-13.3077,9.0376],[-13.3025,9.0397],[-13.1814,9.0894],[-13.1019,9.0556],[-13.0877,9.0484],[-13.0866,9.0491],[-13.0724,9.0586],[-12.9916,9.1128],[-12.9797,9.1494],[-12.9493,9.243],[-12.9351,9.2866],[-12.9163,9.2866],[-12.8207,9.2868],[-12.8121,9.2868],[-12.8074,9.2914],[-12.7534,9.345],[-12.7523,9.3965],[-12.6868,9.4092],[-12.6605,9.532],[-12.6211,9.6012],[-12.6163,9.601],[-12.5917,9.5999],[-12.5909,9.603],[-12.5666,9.7027],[-12.5629,9.7031],[-12.5611,9.7032],[-12.5194,9.7073],[-12.5115,9.7603],[-12.499,9.8436],[-12.2271,9.9247],[-12.1483,9.8776],[-12.1402,9.8798],[-11.9122,9.9419],[-11.9084,9.943],[-11.9084,9.9432],[-11.896,9.9999],[-11.4775,9.9999],[-11.4776,9.9997],[-11.4002,9.9999],[-11.2078,9.9999],[-11.1564,9.8784],[-11.1428,9.871],[-11.0409,9.7992],[-11.0387,9.7977],[-10.9346,9.6586],[-10.8594,9.5582],[-10.8738,9.5375],[-10.8377,9.5222],[-10.8348,9.5172],[-10.8496,9.4614],[-10.8473,9.4595],[-10.8489,9.4547],[-10.802,9.4144],[-10.8148,9.3866],[-10.8112,9.3863],[-10.8106,9.3863],[-10.7342,9.3804],[-10.7171,9.3639],[-10.6633,9.3006],[-10.6635,9.2612],[-10.6713,9.2083],[-10.7184,9.1975],[-10.7203,9.1834],[-10.7231,9.1619],[-10.7334,9.0843],[-10.7266,9.083],[-10.6183,9.0621],[-10.5997,9.0585],[-10.5991,9.0457],[-10.5869,8.8043],[-10.4694,8.6746],[-10.6224,8.5417],[-10.6531,8.3879],[-10.6609,8.3828],[-10.6757,8.3731],[-10.6961,8.3596],[-10.719,8.271],[-10.6919,8.313],[-10.6739,8.3409],[-10.6639,8.3381],[-10.5535,8.3076],[-10.5493,8.3122],[-10.386,8.4929],[-10.3785,8.4924],[-10.289,8.486],[-10.2766,8.4851],[-10.2126,8.4805],[-10.2112,8.4816],[-10.2051,8.4806],[-10.1406,8.5212],[-10.0548,8.4958],[-10.0552,8.4209],[-9.9561,8.4772],[-9.917,8.4981],[-9.9138,8.4982],[-9.8222,8.5019],[-9.8043,8.5026],[-9.7651,8.5435],[-9.7594,8.5494],[-9.7187,8.4476],[-9.7174,8.4444],[-9.7127,8.453],[-9.6782,8.4846],[-9.6281,8.4586],[-9.6578,8.4041],[-9.6419,8.4099],[-9.5796,8.4328],[-9.5455,8.3964],[-9.5333,8.3834],[-9.5223,8.382],[-9.4912,8.3627],[-9.5202,8.3262],[-9.5173,8.3208],[-9.4977,8.2848],[-9.4882,8.2673],[-9.5199,8.1793],[-9.4635,8.1659],[-9.46,8.0362],[-9.4277,8.0479],[-9.4139,7.9953],[-9.4097,7.9795],[-9.4216,7.8786],[-9.4235,7.8623],[-9.3771,7.7961],[-9.3439,7.7487],[-9.3707,7.682],[-9.3571,7.6122],[-9.4694,7.3795],[-9.4778,7.362],[-9.417,7.4178],[-9.4012,7.388],[-9.3979,7.391],[-9.3969,7.3886],[-9.3128,7.4275],[-9.3077,7.4265],[-9.2874,7.3976],[-9.2746,7.3795],[-9.2551,7.3798],[-9.2035,7.3806],[-9.2021,7.3806],[-9.1913,7.3102],[-9.1902,7.3032],[-9.1437,7.2847],[-9.1234,7.2738],[-9.1059,7.1994],[-9.1054,7.1997],[-9.1045,7.1936],[-9.066,7.201],[-8.9383,7.2847],[-8.9367,7.2855],[-8.9108,7.279],[-8.8642,7.2673],[-8.8481,7.2633],[-8.8479,7.2717],[-8.8467,7.3162],[-8.8459,7.3473],[-8.709,7.5083],[-8.7089,7.5113],[-8.7086,7.5308],[-8.7068,7.64],[-8.6593,7.6962],[-8.5598,7.6926],[-8.5653,7.6259],[-8.5049,7.5796],[-8.4722,7.5546],[-8.4442,7.575],[-8.393,7.6122],[-8.388,7.6038],[-8.3768,7.5853],[-8.3693,7.5727],[-8.3036,7.601],[-8.3028,7.6014],[-8.195,7.5457],[-8.1936,7.545],[-8.1921,7.548],[-8.1618,7.6088],[-8.0713,7.7902],[-8.1172,7.8588],[-8.0581,8.0212],[-8.056,8.0232],[-8.0142,8.0352],[-7.9739,8.0266],[-7.9456,8.013],[-7.9525,8.022],[-8.0144,8.1023],[-7.9988,8.1963],[-7.9984,8.1985],[-8.0396,8.2055],[-8.0689,8.1615],[-8.2391,8.2323],[-8.2104,8.3494],[-8.2339,8.4571],[-8.2275,8.4649],[-8.1801,8.4979],[-8.1196,8.4807],[-8.1181,8.4822],[-8.1009,8.4771],[-7.9378,8.5006],[-7.8866,8.417],[-7.868,8.4225],[-7.8641,8.417],[-7.8263,8.4242],[-7.817,8.4756],[-7.7451,8.3733],[-7.7266,8.374],[-7.6411,8.3774],[-7.6814,8.4485],[-7.6678,8.4869],[-7.6611,8.5058],[-7.6849,8.5628],[-7.7352,8.6838],[-7.7358,8.6851],[-7.7535,8.7277],[-7.7678,8.762],[-7.7711,8.7621],[-7.9159,8.7655],[-7.9613,8.8104],[-7.9361,8.9058],[-7.9101,9.0042],[-7.8873,9.0291],[-7.8658,9.0462],[-7.8316,9.0695],[-7.7192,9.0701],[-7.8291,9.1816],[-7.8542,9.1674],[-7.8733,9.1607],[-7.9103,9.1978],[-7.8492,9.4176],[-7.8559,9.4166],[-7.85,9.4377],[-7.947,9.4034],[-7.9892,9.3973],[-8.036,9.4003],[-8.0603,9.4018],[-8.1492,9.532],[-8.1473,9.584],[-8.1409,9.6188],[-8.1398,9.6246],[-8.1015,9.8327],[-8.1207,9.8664],[-8.1289,9.8807],[-8.1513,9.9199],[-8.1557,9.9276],[-8.1103,9.957],[-8.1438,9.977],[-8.1219,10.0243],[-8.1067,10.0469],[-8.0664,10.0693],[-8.0165,10.0971],[-7.9782,10.1644],[-7.9779,10.165],[-7.9778,10.1653],[-7.9776837171508985,10.165504181695667],[-7.9524,10.2099],[-7.954,10.2264],[-7.954007618381306,10.226475436912938],[-7.9591,10.2769],[-7.9593730923694785,10.27963092369478],[-7.9609,10.2949],[-7.970971050159684,10.307613808003005],[-7.975,10.3127],[-7.9914125,10.3335],[-7.9952,10.3383],[-7.9998,10.3392],[-8.075375345454544,10.354782545454546],[-8.0774,10.3552],[-8.0916,10.3581],[-8.1204,10.4221],[-8.2254,10.41],[-8.229103822663214,10.416725362204257],[-8.2292,10.4169],[-8.2313,10.4208],[-8.236012686567165,10.437557462686566],[-8.273445914507823,10.570872292019086],[-8.293688305135252,10.73500517365825],[-8.291535023041474,10.745323502304148],[-8.2901,10.7521],[-8.290118485503008,10.75211141917923],[-8.3228,10.7723],[-8.322779845415962,10.772334501915047],[-8.2756,10.8531],[-8.276479806821612,10.863462169232317],[-8.2765,10.8637],[-8.2871,10.9951],[-8.312,11.0314],[-8.312636378317272,11.032329665715666],[-8.3235,11.0482],[-8.335807665333407,11.049834611802092],[-8.3363,11.0499],[-8.443710381097338,11.064660200930739],[-8.444,11.0647],[-8.4729,11.0686],[-8.4749,11.064],[-8.4774,11.0639],[-8.4953,11.02745],[-8.5133,10.991],[-8.66460223470327,10.956643160678732],[-8.673041801617618,10.955777747461244],[-8.6738,10.9557],[-8.6772,10.9553],[-8.6814,11.0078],[-8.6224,11.1199],[-8.589155056291768,11.132771096883147],[-8.571,11.1398],[-8.568326466682112,11.176717513261886],[-8.553764388217003,11.20744216507753],[-8.5535,11.2075],[-8.4865,11.222],[-8.48640023201856,11.223097447795825],[-8.4864,11.2231],[-8.4792,11.2888],[-8.4733,11.288],[-8.473203413101391,11.28798666180924],[-8.4523,11.2851],[-8.3863,11.276],[-8.3824,11.2755],[-8.3799,11.282],[-8.372648443530943,11.301106274870644],[-8.368407018283758,11.312281508348011],[-8.3684,11.3123],[-8.3651,11.3209],[-8.3824,11.324],[-8.382438628801362,11.324006933374603],[-8.4078,11.3452],[-8.3504,11.3706],[-8.5017,11.4129],[-8.5311,11.486],[-8.603782417158534,11.467730642426183],[-8.60506513709387,11.468154219725703],[-8.6155,11.4716],[-8.6909,11.6202],[-8.6974,11.6332],[-8.7233,11.6223],[-8.7456,11.6041],[-8.754940372670807,11.608180745341615],[-8.7559,11.6086],[-8.8483,11.6484],[-8.7733,11.971],[-8.827,12.0402],[-8.827015410760943,12.040191040255266],[-8.8271,12.0403],[-8.908585594111461,12.03970084121977],[-8.9084,12.041],[-8.908536234204162,12.041002961613135],[-8.913,12.0411],[-8.9028,12.1687],[-8.9059,12.173],[-8.9462,12.1914],[-8.9873,12.2102],[-8.9929,12.2128],[-8.9906,12.2168],[-8.990615803452856,12.21683160690571],[-8.9329,12.3187],[-8.9621,12.3518],[-9.0448,12.4264],[-9.1035,12.4582],[-9.1545,12.4841],[-9.288319510502395,12.49156344174581],[-9.332274655511752,12.49401492780322],[-9.3338,12.4941],[-9.3623,12.4952],[-9.38046913214738,12.47285243694534],[-9.398398300376831,12.450800023309117],[-9.401,12.4476],[-9.300570073821692,12.357783021010789],[-9.2988,12.3561],[-9.3422,12.2437],[-9.4738,12.2536],[-9.6357,12.1697],[-9.637531272598995,12.165403324808185],[-9.6385,12.1644],[-9.6898,12.0686],[-9.712174893233398,12.026892413928973],[-9.753392123553981,12.033050225671202],[-9.7573,12.0343],[-9.9003,12.0799],[-10.056438558769395,12.129771121756194],[-10.068604061328534,12.134985683736273],[-10.0893,12.1758],[-10.092805582040913,12.173154879005493],[-10.092018257548231,12.178905770952047],[-10.115483715786564,12.184348603815316],[-10.2606025477707,12.20793041401274],[-10.3398,12.2208],[-10.406578694429605,12.157942142242403],[-10.4296,12.1485],[-10.44695804088483,12.119933624143822],[-10.4471,12.1197],[-10.4981,12.1205],[-10.5146,12.1137],[-10.5208,12.0417],[-10.5774,12.0205],[-10.5811,12.0191],[-10.5696,11.9915],[-10.568967687459477,11.990009549011626],[-10.572029853833074,11.986723429847489],[-10.5765,11.985],[-10.6425,11.9222],[-10.6589,11.8935],[-10.7731,11.9355],[-10.7911,12.1101],[-10.8951,12.2056],[-10.909319154299315,12.206628701494271],[-10.9286,12.2224],[-10.9741,12.2219],[-11.023835450616845,12.21491351806356],[-11.046,12.2118],[-11.0696,12.145],[-11.0732,12.1351],[-11.0735,12.1341],[-11.0961,12.1206],[-11.1395,12.0931],[-11.1412,12.0893],[-11.1422,12.0481],[-11.1665,12.0316],[-11.222779317362981,11.993449595486688],[-11.22295076163329,11.9933333775123],[-11.347643550680479,12.075323156611823],[-11.3681,12.1051],[-11.416302930832357,12.120469050410318],[-11.476883222222225,12.160302666666668],[-11.4791,12.1633],[-11.48393321772916,12.16985716800198],[-11.434463836499225,12.275056761241402],[-11.4315,12.2795],[-11.431561476810655,12.281228802432958],[-11.432144335960876,12.297619508233154],[-11.434461719493223,12.362787142112492],[-11.4348,12.3723],[-11.4351,12.3795],[-11.4281,12.3807],[-11.3766,12.3898],[-11.3749,12.3901],[-11.4512,12.4363],[-11.4598,12.4415],[-11.4701,12.4397],[-11.6969,12.3994],[-11.7616,12.3879],[-11.8773,12.423],[-11.9033,12.4309],[-11.9987,12.3969],[-12.0851,12.4184],[-12.0969,12.4213],[-12.1433,12.3816],[-12.171,12.3641],[-12.223,12.347],[-12.349,12.311],[-12.3676,12.3241],[-12.4742,12.3991],[-12.5631,12.3674],[-12.5637,12.3679],[-12.5767,12.3797],[-12.6339,12.4313],[-12.7334,12.4344],[-12.7555,12.4351],[-12.763,12.441],[-12.8197,12.4864],[-12.8412,12.5035],[-12.8877,12.5406],[-12.9309,12.5305],[-12.9465,12.502],[-12.9602,12.477],[-13.057,12.4826],[-13.053,12.626],[-13.0727,12.6294],[-13.0735,12.639],[-13.1262,12.6421],[-13.128,12.6388],[-13.2353,12.6485],[-13.3463,12.6585],[-13.428,12.6598],[-13.7083,12.6762],[-13.7084,12.6742],[-13.7087,12.6642]]],[[[-13.7868,9.4659],[-13.7989,9.4675],[-13.8048,9.4575],[-13.7961,9.4569],[-13.7868,9.4659]]],[[[-13.7696,9.5049],[-13.7718,9.4962],[-13.7573,9.474],[-13.7565,9.4411],[-13.7462,9.4715],[-13.7696,9.5049]]],[[[-13.7953,9.5121],[-13.815,9.5112],[-13.8438,9.4669],[-13.8328,9.4501],[-13.7953,9.5121]]],[[[-13.3269,9.153],[-13.3202,9.1478],[-13.3241,9.1514],[-13.3198,9.1606],[-13.3269,9.153]]],[[[-13.4218,9.2661],[-13.4214,9.2735],[-13.4342,9.2764],[-13.4357,9.2686],[-13.4218,9.2661]]],[[[-13.731,9.8509],[-13.7615,9.8395],[-13.7786,9.8347],[-13.7788,9.8046],[-13.731,9.8509]]]]},"properties":{"iso3":"GIN"}},
{"type":"Feature","geometry":{"type":"Polygon","coordinates":[[[-16.6271,13.4679],[-16.6674,13.4892],[-16.7246,13.444],[-16.8143,13.3389],[-16.7723,13.078],[-16.7395,13.0437],[-16.7358,13.112],[-16.7126,13.1383],[-16.709,13.1552],[-16.6975,13.1554],[-15.9817,13.1665],[-15.8946,13.1678],[-15.8025,13.1671],[-15.8027,13.2415],[-15.803,13.3475],[-15.6792,13.3701],[-15.5888,13.3511],[-15.5824,13.3497],[-15.5043,13.3915],[-15.4993,13.3942],[-15.3384,13.3594],[-15.2287,13.4174],[-15.2156,13.4616],[-15.1959,13.5285],[-15.1704,13.5452],[-15.169,13.5461],[-15.0895,13.5981],[-15.0769,13.5845],[-15.0748,13.5821],[-14.9852,13.4848],[-14.9829,13.4823],[-14.7616,13.4174],[-14.7224,13.3831],[-14.6857,13.3511],[-14.6812,13.3471],[-14.5788,13.3583],[-14.5748,13.3559],[-14.5419,13.3366],[-14.377,13.2395],[-14.2535,13.2252],[-14.179,13.2219],[-14.1394,13.2344],[-14.1247,13.262],[-14.1154,13.2793],[-14.0596,13.2923],[-13.8338,13.3447],[-13.8213,13.3582],[-13.8021,13.4121],[-13.8101,13.4568],[-13.8599,13.51],[-13.8722,13.528],[-13.9169,13.5643],[-13.9302,13.5678],[-13.9824,13.5789],[-14.2244,13.4902],[-14.3198,13.4553],[-14.3609,13.4732],[-14.4261,13.5017],[-14.4467,13.5273],[-14.5424,13.6463],[-14.5524,13.6473],[-14.6994,13.6202],[-14.7104,13.6148],[-14.7151,13.6173],[-14.7381,13.6299],[-14.7803,13.6529],[-14.7827,13.6581],[-14.8016,13.6984],[-14.8293,13.7577],[-14.8344,13.7685],[-15.0611,13.8255],[-15.0683,13.8219],[-15.2155,13.748],[-15.3193,13.7845],[-15.3936,13.7503],[-15.412,13.7418],[-15.4347,13.6848],[-15.4529,13.6389],[-15.4691,13.5982],[-15.4722,13.5903],[-15.4727,13.5891],[-16.1468,13.5906],[-16.545,13.5915],[-16.5271,13.5312],[-16.5498,13.4872],[-16.4774,13.4237],[-16.5075,13.362],[-16.4101,13.3284],[-16.3101,13.3375],[-16.1459,13.454],[-15.6976,13.4789],[-15.7573,13.4453],[-16.0626,13.4092],[-16.1469,13.4342],[-16.2213,13.3261],[-16.3617,13.2657],[-16.4487,13.271],[-16.5565,13.2993],[-16.5857,13.386],[-16.6029,13.4436],[-16.575,13.4427],[-16.6271,13.4679]]]},"properties":{"iso3":"GMB"}},
{"type":"Feature","geometry":{"type":"MultiPolygon","coordinates":[[[[-15.031,11.9393],[-15.0873,11.9404],[-15.192,11.8693],[-15.3686,11.8883],[-15.4337,11.8511],[-15.4217,11.8786],[-15.4283,11.881],[-15.4552,11.8673],[-15.4398,11.8476],[-15.4636,11.8341],[-15.5554,11.7244],[-15.5476,11.6884],[-15.4898,11.681],[-15.477,11.6487],[-15.4087,11.6844],[-15.4677,11.6023],[-15.4319,11.5439],[-15.4428,11.5962],[-15.4248,11.5618],[-15.4083,11.6112],[-15.4068,11.5717],[-15.3793,11.5718],[-15.39,11.6013],[-15.3553,11.5917],[-15.3923,11.6482],[-15.3755,11.6501],[-15.3401,11.6048],[-15.3452,11.6558],[-15.3431,11.6841],[-15.3189,11.6276],[-15.3103,11.6618],[-15.2832,11.6447],[-15.3157,11.7158],[-15.2884,11.6987],[-15.2746,11.7442],[-15.2613,11.6657],[-15.2239,11.7591],[-15.1901,11.7253],[-15.2182,11.7309],[-15.2127,11.6969],[-15.2675,11.637],[-15.1337,11.7016],[-15.1733,11.6464],[-15.1331,11.6393],[-15.1101,11.6798],[-15.1249,11.6352],[-15.0897,11.6189],[-15.0634,11.6454],[-15.0767,11.5926],[-15.0008,11.6191],[-14.9752,11.5883],[-15.0499,11.5607],[-15.0787,11.5831],[-15.1229,11.5379],[-15.1433,11.5821],[-15.0902,11.5913],[-15.1268,11.6244],[-15.1419,11.6005],[-15.1554,11.6323],[-15.2117,11.6387],[-15.1858,11.6052],[-15.2042,11.5663],[-15.2347,11.6262],[-15.286,11.6251],[-15.2514,11.5708],[-15.296,11.6084],[-15.3364,11.574],[-15.2954,11.5799],[-15.2875,11.5342],[-15.3465,11.5615],[-15.3453,11.5148],[-15.4081,11.5292],[-15.3865,11.4859],[-15.4197,11.5089],[-15.426,11.4824],[-15.4736,11.4829],[-15.5141,11.3321],[-15.3639,11.4105],[-15.3556,11.3962],[-15.4262,11.299],[-15.4281,11.2396],[-15.3606,11.1465],[-15.2878,11.1192],[-15.2455,11.1239],[-15.2285,11.1906],[-15.2034,11.1419],[-15.2287,11.0739],[-15.1518,11.0862],[-14.9913,11.2065],[-15.0366,11.116],[-15.0853,11.0928],[-15.0675,11.0675],[-15.1108,11.0474],[-15.1077,10.9543],[-15.0343,10.9918],[-15.0647,10.9548],[-15.0965,10.9362],[-15.0615,10.9263],[-14.953,11.0054],[-14.9501,11.0105],[-14.9153,11.0745],[-14.7798,11.3534],[-14.7272,11.4206],[-14.6922,11.485],[-14.6589,11.5084],[-14.5162,11.4988],[-14.4058,11.5581],[-14.343,11.5908],[-14.3242,11.6014],[-14.3094,11.6179],[-14.2658,11.6665],[-14.1425,11.6594],[-14.0828,11.6256],[-13.9266,11.6776],[-13.8689,11.664],[-13.8548,11.745],[-13.8546,11.746],[-13.8161,11.7137],[-13.7827,11.6868],[-13.7749,11.689],[-13.7155,11.7091],[-13.7095,11.8558],[-13.7056,12.0043],[-13.7305,12.0182],[-13.8072,12.0501],[-13.8423,12.0805],[-13.9583,12.1808],[-13.9206,12.2338],[-13.8579,12.2414],[-13.8578,12.2439],[-13.8577,12.245],[-13.8563,12.274],[-13.8559,12.2813],[-13.8265,12.26],[-13.8015,12.2946],[-13.8016,12.2933],[-13.7989,12.2977],[-13.8002,12.2531],[-13.763,12.2753],[-13.7624,12.2749],[-13.7586,12.2772],[-13.7195,12.2469],[-13.6671,12.3155],[-13.6705,12.3955],[-13.6371,12.4517],[-13.6502,12.4925],[-13.7111,12.5995],[-13.7087,12.6642],[-14.3404,12.674],[-14.5405,12.6771],[-14.9129,12.6783],[-15.151,12.6773],[-15.2195,12.6628],[-15.4808,12.5112],[-15.6557,12.4382],[-15.6817,12.4245],[-15.6871,12.4251],[-15.8912,12.4496],[-15.9056,12.4501],[-16.1763,12.4597],[-16.2092,12.4569],[-16.3767,12.365],[-16.3825,12.3647],[-16.4657,12.3599],[-16.4735,12.3593],[-16.7001,12.341],[-16.714,12.3334],[-16.6687,12.3377],[-16.5503,12.264],[-16.4727,12.1766],[-16.3508,12.187],[-16.2185,12.2861],[-16.1391,12.2932],[-16.1417,12.2799],[-16.2512,12.2299],[-16.2549,12.1571],[-16.2767,12.1632],[-16.2813,12.1868],[-16.3434,12.1537],[-16.3861,12.0713],[-16.2425,11.9286],[-16.1045,11.8789],[-16.0549,11.92],[-15.8964,11.9505],[-15.9715,11.7752],[-15.9613,11.7346],[-15.8813,11.7573],[-15.8754,11.7507],[-15.8671,11.7591],[-15.8709,11.7602],[-15.8536,11.7651],[-15.8267,11.8171],[-15.8194,11.7433],[-15.6638,11.7976],[-15.5528,11.8951],[-15.4094,11.965],[-15.2027,11.8983],[-15.1191,11.9717],[-15.0292,11.9712],[-15.031,11.9393]]],[[[-15.9498,11.8747],[-15.9479,11.874],[-15.9373,11.8833],[-15.9386,11.8843],[-15.9498,11.8747]]],[[[-15.9987,11.0365],[-15.9901,11.0472],[-15.9948,11.051],[-16.0063,11.0419],[-15.9987,11.0365]]],[[[-16.1819,11.1653],[-16.1979,11.1101],[-16.193,11.1336],[-16.2503,11.0965],[-16.1907,11.0258],[-16.139,11.0372],[-16.0932,11.0161],[-16.0619,11.0401],[-16.0854,11.0585],[-16.0489,11.1137],[-16.0886,11.1317],[-16.0655,11.1847],[-16.0868,11.2044],[-16.1236,11.2063],[-16.1819,11.1653]]],[[[-15.9539,11.201],[-15.9798,11.1847],[-15.952,11.1269],[-15.9712,11.0924],[-15.9289,11.0956],[-15.9861,11.0606],[-15.8905,11.0538],[-15.9024,11.1413],[-15.9539,11.201]]],[[[-15.9808,11.1062],[-15.9857,11.209],[-16.0628,11.1673],[-16.0438,11.1278],[-16.0172,11.1416],[-16.0366,11.1008],[-16.0153,11.0693],[-15.9808,11.1062]]],[[[-16.2918,11.2468],[-16.2545,11.2163],[-16.183,11.2288],[-16.1533,11.2656],[-16.2315,11.312],[-16.2918,11.2468]]],[[[-16.3838,11.2944],[-16.4017,11.3035],[-16.4116,11.2932],[-16.3998,11.2741],[-16.3838,11.2944]]],[[[-16.4618,11.3149],[-16.4846,11.309],[-16.4816,11.2766],[-16.4258,11.2939],[-16.4618,11.3149]]],[[[-16.1356,11.3462],[-16.1161,11.2975],[-16.0369,11.317],[-16.0237,11.3476],[-16.0328,11.3626],[-16.1356,11.3462]]],[[[-16.1812,11.3556],[-16.1842,11.3401],[-16.1629,11.3352],[-16.159,11.3412],[-16.1812,11.3556]]],[[[-16.0145,11.3728],[-15.9955,11.3911],[-16.0048,11.3916],[-16.0232,11.3784],[-16.0145,11.3728]]],[[[-16.0847,11.425],[-16.1648,11.4058],[-16.1478,11.3663],[-16.0704,11.3942],[-16.0847,11.425]]],[[[-16.309,11.4105],[-16.3066,11.4244],[-16.3207,11.4287],[-16.3122,11.4088],[-16.309,11.4105]]],[[[-15.9927,11.4353],[-15.9153,11.4496],[-15.9189,11.514],[-16.0267,11.5166],[-16.0813,11.4562],[-15.9927,11.4353]]],[[[-16.2972,11.4685],[-16.299,11.4392],[-16.2203,11.4449],[-16.1696,11.5389],[-16.2429,11.5135],[-16.2972,11.4685]]],[[[-15.9643,11.5252],[-15.9436,11.529],[-15.9578,11.5419],[-15.9621,11.5437],[-15.9643,11.5252]]],[[[-16.2824,11.4931],[-16.2577,11.5885],[-16.2947,11.5962],[-16.3394,11.5496],[-16.4088,11.556],[-16.4279,11.5279],[-16.386,11.5053],[-16.2824,11.4931]]],[[[-16.0095,11.522],[-15.9708,11.55],[-15.9993,11.5797],[-16.0208,11.5377],[-16.0095,11.522]]],[[[-15.9167,11.5959],[-15.9801,11.5905],[-15.9433,11.5405],[-15.9062,11.5356],[-15.9167,11.5959]]],[[[-15.6592,11.0028],[-15.6735,10.9962],[-15.6661,10.9705],[-15.6521,10.9643],[-15.6592,11.0028]]],[[[-15.7076,10.9996],[-15.7057,11.0145],[-15.7188,11.0176],[-15.7122,11.0007],[-15.7076,10.9996]]],[[[-15.6283,11.0548],[-15.6497,11.0485],[-15.6387,11.0201],[-15.6114,11.0488],[-15.6283,11.0548]]],[[[-15.9365,11.2054],[-15.9305,11.209],[-15.9327,11.2121],[-15.9434,11.2138],[-15.9365,11.2054]]],[[[-15.7345,11.1749],[-15.6984,11.2677],[-15.6683,11.232],[-15.6613,11.3081],[-15.7589,11.2735],[-15.783,11.2092],[-15.7797,11.1646],[-15.7345,11.1749]]],[[[-15.8966,11.2024],[-15.8388,11.2115],[-15.835,11.3013],[-15.8635,11.3043],[-15.9097,11.2367],[-15.8966,11.2024]]],[[[-15.7301,11.3089],[-15.7406,11.3],[-15.7349,11.2897],[-15.7279,11.3059],[-15.7301,11.3089]]],[[[-15.9169,11.3184],[-15.9266,11.3146],[-15.9235,11.3103],[-15.9166,11.3123],[-15.9169,11.3184]]],[[[-15.7084,11.3265],[-15.7079,11.3361],[-15.717,11.3401],[-15.7207,11.3251],[-15.7084,11.3265]]],[[[-15.8226,11.3666],[-15.8326,11.3349],[-15.8085,11.3008],[-15.7835,11.373],[-15.8226,11.3666]]],[[[-15.7854,11.3451],[-15.7748,11.3452],[-15.7702,11.3571],[-15.7709,11.3596],[-15.7854,11.3451]]],[[[-15.8545,11.3822],[-15.8916,11.3528],[-15.8944,11.3273],[-15.8481,11.3759],[-15.8545,11.3822]]],[[[-15.7426,11.455],[-15.6778,11.4461],[-15.6525,11.4667],[-15.6652,11.5045],[-15.6911,11.5011],[-15.7426,11.455]]],[[[-15.8777,11.5477],[-15.8707,11.5492],[-15.8687,11.5571],[-15.8796,11.5509],[-15.8777,11.5477]]],[[[-15.5595,11.5493],[-15.4742,11.5696],[-15.4952,11.6022],[-15.4732,11.6264],[-15.5406,11.61],[-15.6337,11.5319],[-15.5501,11.5119],[-15.5595,11.5493]]],[[[-15.8856,11.6015],[-15.8934,11.5963],[-15.8903,11.5915],[-15.8854,11.5936],[-15.8856,11.6015]]],[[[-16.0119,11.8056],[-15.9869,11.8304],[-15.992,11.8434],[-16.0135,11.8178],[-16.0119,11.8056]]],[[[-16.1609,11.8745],[-16.1633,11.8105],[-16.115,11.7833],[-16.0502,11.7634],[-15.9969,11.8871],[-16.1609,11.8745]]],[[[-15.9794,11.9044],[-16.0119,11.9013],[-16.033,11.9044],[-16.0055,11.895],[-15.9794,11.9044]]],[[[-16.185,11.8785],[-16.2592,11.8991],[-16.3021,11.9741],[-16.3285,11.854],[-16.2353,11.8411],[-16.185,11.8785]]],[[[-15.6244,11.6891],[-15.6108,11.7022],[-15.6195,11.7062],[-15.6269,11.7008],[-15.6244,11.6891]]],[[[-15.4154,11.8789],[-15.4166,11.8635],[-15.4046,11.8747],[-15.4047,11.8827],[-15.4154,11.8789]]],[[[-15.5723,11.8571],[-15.5772,11.8539],[-15.5708,11.8475],[-15.5659,11.851],[-15.5723,11.8571]]],[[[-15.2156,10.8604],[-15.2132,10.86],[-15.2041,10.8707],[-15.2072,10.8778],[-15.2156,10.8604]]],[[[-15.1946,10.9122],[-15.1922,10.9058],[-15.1874,10.9137],[-15.1924,10.9194],[-15.1946,10.9122]]],[[[-15.2717,11.0159],[-15.2668,11.0157],[-15.2767,11.037],[-15.2836,11.0295],[-15.2717,11.0159]]],[[[-15.1717,11.0733],[-15.2516,11.0566],[-15.2555,11.0239],[-15.2255,10.9935],[-15.1717,11.0733]]],[[[-15.2288,11.1476],[-15.2318,11.13],[-15.2279,11.131],[-15.2251,11.1442],[-15.2288,11.1476]]]]},"properties":{"iso3":"GNB"}},
{"type":"Feature","geometry":{"type":"MultiPolygon","coordinates":[[[[39.5813,-4.1124],[39.5642,-4.0126],[39.5855,-4.0435],[39.6395,-4.0379],[39.6477,-4.0329],[39.6359,-3.9897],[39.591,-3.9888],[39.6179,-3.9589],[39.6608,-3.9934],[39.648,-3.9593],[39.6461,-3.9506],[39.6843,-4.0611],[39.7262,-4.0072],[39.7622,-3.9591],[39.6912,-3.9491],[39.6903,-3.9234],[39.7162,-3.8931],[39.7126,-3.948],[39.7705,-3.9446],[39.8698,-3.6962],[39.8354,-3.6817],[39.8399,-3.6737],[39.8656,-3.6746],[39.8615,-3.6394],[39.7973,-3.6402],[39.7701,-3.588],[39.8698,-3.6319],[39.9681,-3.402],[39.9349,-3.3881],[39.9373,-3.3473],[39.9959,-3.3133],[39.9752,-3.3867],[40.1249,-3.2769],[40.1567,-3.0814],[40.24,-2.9862],[40.19,-2.9843],[40.1648,-2.9479],[40.1826,-2.7209],[40.3438,-2.5877],[40.5138,-2.5209],[40.6084,-2.5584],[40.7363,-2.4558],[40.8253,-2.3745],[40.7911,-2.3445],[40.7709,-2.3859],[40.7595,-2.3189],[40.72,-2.3023],[40.7201,-2.2995],[40.7113,-2.2982],[40.7115,-2.2988],[40.6913,-2.2903],[40.7395,-2.268],[40.7056,-2.2621],[40.7153,-2.218],[40.7839,-2.2614],[40.7965,-2.2336],[40.8681,-2.2344],[40.8827,-2.1886],[40.9263,-2.2214],[40.9117,-2.0912],[40.8544,-2.0711],[40.8805,-2.0562],[40.8919,-2.0625],[40.8893,-2.0514],[40.8743,-2.0467],[40.9029,-2.0167],[40.8299,-2.0185],[40.873,-2.0026],[40.7643,-1.9434],[40.8345,-1.9417],[40.9255,-2.0122],[40.9717,-1.9112],[41.0295,-1.867],[41.0329,-1.8897],[40.9715,-1.9473],[41.0109,-2.0468],[41.0545,-1.9818],[41.1979,-1.8942],[41.2309,-1.9152],[41.2181,-1.9493],[41.2591,-1.9398],[41.2563,-1.9813],[41.5313,-1.6614],[41.5097,-1.662],[41.5624,-1.6574],[41.5622,-1.5981],[40.9957,-0.8332],[40.9957,-0.8331],[40.9957,-0.8324],[40.9957,-0.1972],[40.9957,1.2328],[40.9949,2.3118],[40.9957,2.8216],[41.3164,3.1397],[41.31896571498769,3.143339044590294],[41.3271,3.1513],[41.4181,3.281],[41.47902790167258,3.370360922453117],[41.8861,3.9674],[41.8357,3.9463],[41.7177,3.996],[41.6773,3.9616],[41.5495,3.9867],[41.5151,3.9569],[41.2832,3.9537],[41.1977,3.9371],[41.1309,3.9689],[41.0419,4.0765],[40.9068,4.1562],[40.8484,4.247],[40.7586,4.2818],[40.1914,4.0465],[39.8653,3.8678],[39.7851,3.6953],[39.5889,3.488],[39.5532,3.3997],[39.5141,3.4094],[39.4949,3.4664],[39.3302,3.466],[39.3189,3.499],[39.191,3.4794],[39.0873,3.5419],[38.9057,3.5147],[38.715,3.5742],[38.6869,3.6261],[38.6656,3.5952],[38.5793,3.6063],[38.5387,3.6566],[38.4477,3.6043],[38.1293,3.6082],[38.0081,3.729],[37.1283,4.2949],[37.0314,4.3857],[36.844,4.4496],[36.0503,4.4514],[35.9429,4.5473],[35.9631,4.5764],[35.930826329163764,4.628257694006204],[35.9308,4.6283],[34.47741555075594,4.6324142548596114],[34.4118,4.6326],[33.9938,4.2253],[34.0019,4.2158],[34.0601,4.1486],[34.0664,4.1413],[34.0643,4.1383],[34.0921,4.0695],[34.0857,4.0574],[34.0921,4.0464],[34.0625,4.009],[34.1349,3.9611],[34.1341,3.9594],[34.1354,3.9586],[34.0913,3.8632],[34.2159,3.8814],[34.2189,3.8659],[34.2268,3.8283],[34.1585,3.8058],[34.1897,3.7951],[34.1883,3.7929],[34.1894,3.7925],[34.1736,3.7681],[34.1716,3.765],[34.2463,3.7812],[34.3033,3.6829],[34.3658,3.7325],[34.4637,3.667],[34.464,3.6668],[34.4523,3.5144],[34.39,3.4891],[34.4323,3.2904],[34.4552,3.184],[34.476,3.1694],[34.5466,3.1338],[34.5509,3.1166],[34.5992,2.9244],[34.5996,2.9228],[34.6348,2.8849],[34.6537,2.8649],[34.6542,2.8648],[34.7272,2.8538],[34.7371,2.8523],[34.7401,2.8427],[34.7719,2.7418],[34.7961,2.6653],[34.8261,2.6208],[34.8577,2.5819],[34.8883,2.5847],[34.8946,2.5901],[34.8969,2.5855],[34.8983,2.5827],[34.9552,2.4697],[34.9463,2.4543],[34.9273,2.4214],[34.9153,2.3991],[35.0009,1.9597],[35.0009,1.9585],[34.9926,1.6802],[34.992,1.6616],[34.9444,1.5739],[34.8648,1.5256],[34.8613,1.5184],[34.8194,1.4304],[34.7924,1.374],[34.7875,1.3636],[34.8278,1.3053],[34.8308,1.3009],[34.8225,1.2762],[34.82,1.2623],[34.8155,1.2554],[34.8066,1.2287],[34.7974,1.2271],[34.7192,1.2136],[34.6695,1.205],[34.582,1.1485],[34.5798,1.1471],[34.5752,1.0994],[34.523,1.0994],[34.4472,0.8612],[34.4141,0.8076],[34.3739,0.7888],[34.3626,0.7771],[34.331,0.7687],[34.3147,0.7611],[34.2774,0.6399],[34.1384,0.583],[34.089,0.4541],[34.089,0.4537],[34.0992,0.3529],[34.0998,0.3473],[33.9112,0.1042],[33.9536,-0.026],[33.9878,-0.1312],[33.9582,-0.3381],[33.9429,-0.4451],[33.9294,-0.73],[33.9295,-0.8048],[33.9295,-0.8923],[33.934,-1],[34.017,-1.0003],[34.0404,-1.0436],[34.081,-1.0197],[34.09270649538275,-1.0263147556666188],[34.376091418932546,-1.186441417626241],[34.7305,-1.3867],[34.78284074033607,-1.4162898113044258],[34.808457841021024,-1.4307719369023324],[35.2561,-1.687],[35.7458952558984,-1.9607337990736953],[36.0002,-2.1045],[36.074942814343366,-2.14650261468709],[37.424243662553614,-2.9047582961493577],[37.44758923772436,-2.917877620156083],[37.5334,-2.9661],[37.6719,-3.0587],[37.6921,-3.1752],[37.70587230703728,-3.2742019767654034],[37.70998273568154,-3.3037497177526576],[37.6155,-3.4032],[37.5897,-3.4321],[37.589798528479044,-3.432752561695836],[37.5844,-3.4381],[37.591362504195374,-3.443110893170913],[37.6027,-3.5182],[37.74322767563383,-3.5417878602059636],[37.74368214866106,-3.543230648979015],[37.77288536210846,-3.635940372052471],[37.785,-3.6744],[37.949584324057064,-3.789885534482906],[37.9527,-3.7926],[38.4036,-4.1087],[38.46930717071057,-4.154706087521664],[38.75979510712572,-4.360275698096202],[39.19384910233411,-4.6674427077299265],[39.2058,-4.6759],[39.2252,-4.6112],[39.2679,-4.6],[39.2432,-4.5658],[39.3206,-4.5679],[39.3126,-4.6338],[39.4043,-4.643],[39.3759,-4.5378],[39.408,-4.5503],[39.4453,-4.5065],[39.4629,-4.5301],[39.4719,-4.4988],[39.4854,-4.4422],[39.4953,-4.437],[39.5001,-4.4411],[39.5032,-4.4563],[39.5084,-4.3982],[39.5388,-4.4345],[39.6426,-4.1524],[39.6743,-4.0822],[39.6413,-4.0641],[39.5922,-4.0631],[39.5813,-4.1124]]],[[[39.6395,-4.0379],[39.6717,-4.0766],[39.6653,-4.028],[39.6395,-4.0379]]],[[[39.2203,-4.6717],[39.2231,-4.669],[39.2244,-4.6663],[39.2203,-4.6717]]],[[[39.2278,-4.6603],[39.2227,-4.6597],[39.222,-4.6653],[39.2232,-4.6644],[39.2245,-4.6619],[39.2278,-4.6603]]],[[[39.2873,-4.6628],[39.2751,-4.6544],[39.2708,-4.6631],[39.2853,-4.6659],[39.2873,-4.6628]]],[[[39.2323,-4.65],[39.2341,-4.6473],[39.2323,-4.6471],[39.2323,-4.65]]],[[[39.2443,-4.6215],[39.2448,-4.6192],[39.2423,-4.6203],[39.2443,-4.6215]]],[[[39.2918,-4.5961],[39.2878,-4.5929],[39.2865,-4.5961],[39.2913,-4.5998],[39.2918,-4.5961]]],[[[39.3523,-4.6672],[39.4039,-4.6676],[39.3999,-4.6563],[39.3779,-4.6564],[39.3523,-4.6672]]],[[[39.3029,-4.571],[39.2965,-4.5768],[39.3018,-4.5894],[39.3117,-4.5711],[39.3029,-4.571]]],[[[39.4297,-4.5776],[39.4266,-4.5754],[39.4251,-4.5777],[39.4276,-4.5832],[39.4297,-4.5776]]],[[[39.4072,-4.5769],[39.4133,-4.5706],[39.4075,-4.5655],[39.3975,-4.5731],[39.4072,-4.5769]]],[[[39.4389,-4.5889],[39.4545,-4.5703],[39.4533,-4.5316],[39.4263,-4.5566],[39.4389,-4.5889]]],[[[39.39,-4.5546],[39.3889,-4.5525],[39.3871,-4.551],[39.3863,-4.5534],[39.39,-4.5546]]],[[[39.5032,-4.4563],[39.5023,-4.4579],[39.5036,-4.4581],[39.5039,-4.4568],[39.5032,-4.4563]]],[[[40.9039,-2.2715],[40.8882,-2.2463],[40.8436,-2.26],[40.8152,-2.3327],[40.9134,-2.297],[40.9039,-2.2715]]],[[[40.9781,-2.2687],[40.9677,-2.2207],[40.9725,-2.2496],[40.9471,-2.2325],[40.9389,-2.261],[40.9029,-2.2229],[40.9286,-2.2808],[40.9635,-2.2811],[40.9153,-2.3152],[40.9515,-2.312],[40.9781,-2.2687]]],[[[40.8017,-2.2591],[40.7945,-2.2623],[40.7947,-2.2671],[40.8,-2.262],[40.8017,-2.2591]]],[[[40.7483,-2.2625],[40.7491,-2.2585],[40.7451,-2.2571],[40.7422,-2.2579],[40.7483,-2.2625]]],[[[40.8105,-2.2373],[40.8131,-2.238],[40.8171,-2.2364],[40.8124,-2.2353],[40.8105,-2.2373]]],[[[40.9764,-2.1515],[40.9793,-2.1535],[40.9893,-2.1455],[40.9823,-2.1419],[40.9764,-2.1515]]],[[[40.9357,-2.0106],[40.9315,-2.0128],[40.9353,-2.0134],[40.9357,-2.0106]]],[[[41.0195,-2.1415],[41.0241,-2.1444],[41.0265,-2.1413],[41.0221,-2.1385],[41.0195,-2.1415]]],[[[41.1035,-2.0526],[40.9699,-2.116],[41.0792,-2.1338],[41.0785,-2.1361],[41.0821,-2.135],[41.081,-2.134],[41.1079,-2.1384],[41.1089,-2.0831],[41.1631,-2.0797],[41.1147,-2.059],[41.1035,-2.0526]]],[[[41.1321,-2.0916],[41.1324,-2.095],[41.1349,-2.0938],[41.1321,-2.0916]]],[[[41.1117,-2.0562],[41.1113,-2.0511],[41.1083,-2.0518],[41.1097,-2.0559],[41.1117,-2.0562]]],[[[41.1035,-2.0526],[41.1061,-2.0523],[41.1056,-2.0499],[41.1028,-2.0506],[41.1035,-2.0526]]],[[[41.2043,-2.0125],[41.2082,-2.0142],[41.2143,-2.0155],[41.2087,-2.0065],[41.2043,-2.0125]]],[[[41.2619,-2.0136],[41.2559,-2.0298],[41.2961,-1.973],[41.2828,-1.9904],[41.2619,-2.0136]]],[[[35.839857049230304,5.12992022557537],[35.8061,5.0746],[35.7957,4.9908],[35.8061,4.8466],[35.9179,4.6781],[35.8962,4.8882],[35.8347,4.9393],[35.8551,5.1549],[35.839857049230304,5.12992022557537]]],[[[35.84983413219191,5.213657088237202],[35.8421,5.2821],[35.8271,5.2536],[35.84885455682851,5.205435590231518],[35.8514,5.1998],[35.84983413219191,5.213657088237202]]],[[[35.7742,5.3648],[35.8364,5.3339],[35.8353,5.3433],[35.7742,5.3648]]],[[[35.57449558055348,5.414028691527457],[35.5619,5.414],[35.6216,5.383],[35.6265,5.3835],[35.61463476209985,5.401039916895885],[35.6058,5.4141],[35.57449558055348,5.414028691527457]]],[[[35.51188120973816,5.413899824620676],[35.30881122471557,5.413600016571922],[35.3088,5.4136],[35.3106,5.3376],[35.512,5.4139],[35.51188120973816,5.413899824620676]]]]},"properties":{"iso3":"KEN"}},
{"type":"Feature","geometry":{"type":"Polygon","coordinates":[[[35.5373,33.2331],[35.5675,33.2908],[35.6231,33.2427],[35.6243,33.2433],[35.6215,33.2633],[35.6206,33.2702],[35.621,33.2704],[35.62135223458753,33.27055850556439],[35.620976073914086,33.270723002159826],[35.620964094194456,33.27088472837492],[35.64148435078435,33.28148015498015],[35.683,33.2983],[35.718544389577154,33.314334323342464],[35.7914,33.3472],[35.7998,33.3509],[35.8155,33.358],[35.8191,33.3718],[35.82345556668982,33.388541709464],[35.82466465818877,33.39318915491309],[35.84413864656778,33.40788020486897],[35.9372,33.4652],[35.9392,33.4664],[35.9482,33.4832],[35.948,33.485],[35.94779540418506,33.486078187469225],[35.9417,33.5182],[35.945,33.5199],[35.9448,33.5219],[35.9705,33.5333],[35.971,33.5335],[35.9711,33.5335],[35.9723,33.534],[36.041,33.5644],[36.04937961274177,33.56976671827282],[36.0588,33.5758],[35.9738,33.6221],[35.94315674225798,33.63888493050475],[35.932096702011485,33.646081593573356],[35.93696368484431,33.65327228625493],[35.9581,33.6845],[35.9906,33.7327],[35.9915,33.7347],[36.0086,33.7671],[36.0693,33.8211],[36.075532634010656,33.81840172551978],[36.0857,33.814],[36.09626003480162,33.82067931529855],[36.100388196115354,33.82022258255745],[36.1087,33.8252],[36.114,33.8319],[36.1134,33.8336],[36.124,33.8345],[36.1243,33.8345],[36.1261,33.8356],[36.1565,33.8537],[36.2362,33.8415],[36.2376,33.8419],[36.2803,33.8477],[36.307075426958356,33.83499633027523],[36.31091855755505,33.83525845355832],[36.315,33.8336],[36.338333377815445,33.83712829964114],[36.38480412091868,33.84415525936859],[36.3851,33.8442],[36.3883,33.8517],[36.372,33.8624],[36.31503417618901,33.88504369209388],[36.3081,33.8878],[36.2769,33.9032],[36.2891,33.9166],[36.288,33.9173],[36.3085,33.9378],[36.3454,33.978],[36.3505,33.9795],[36.3516,33.9806],[36.4259,34.0546],[36.4375,34.05],[36.4378,34.0499],[36.454,34.044],[36.465,34.0434],[36.48291367861886,34.04281585830591],[36.48354167491408,34.043000980692064],[36.5005,34.048],[36.5526,34.1306],[36.55528315273222,34.13574784417728],[36.6138,34.1906],[36.6252,34.2012],[36.6005,34.2225],[36.57678620539317,34.2785871209521],[36.5927,34.2954],[36.548111536489486,34.34640754571869],[36.5281,34.3693],[36.5322,34.3769],[36.5512,34.4197],[36.5308,34.4321],[36.4629,34.4643],[36.4587,34.4762],[36.4491,34.4821],[36.4464,34.4867],[36.35342869170067,34.50842319958119],[36.3531,34.5085],[36.3448,34.5087],[36.331,34.5089],[36.4105,34.5565],[36.4162,34.5599],[36.41015975405254,34.58909452207937],[36.422452684839094,34.60154814477163],[36.4329,34.598],[36.451,34.5923],[36.4632,34.634],[36.4634,34.6352],[36.447101730001485,34.6265193996747],[36.4534,34.6329],[36.4443,34.6282],[36.3188,34.6848],[36.289,34.63],[36.2787,34.6305],[36.243887429218574,34.632101925254815],[36.1173,34.638],[36.0290826054071,34.641616525693415],[36.01857407307642,34.64204732936143],[35.9807,34.6436],[35.9802,34.645],[35.9909,34.5528],[35.9536,34.5127],[35.9016,34.4667],[35.8057,34.455],[35.8169,34.4096],[35.736,34.3767],[35.7186,34.3148],[35.6502,34.2817],[35.6469,34.2107],[35.621,34.0235],[35.6424,33.9982],[35.5759,33.9084],[35.5413,33.9043],[35.4675,33.9001],[35.4796,33.8674],[35.4774,33.7915],[35.3849,33.5892],[35.1894,33.2752],[35.2115,33.2432],[35.1909,33.1794],[35.1026,33.0944],[35.2437,33.094],[35.2954,33.107],[35.3585,33.0569],[35.5027,33.0894],[35.5414,33.199],[35.5373,33.2331]]]},"properties":{"iso3":"LBN"}},
{"type":"Feature","geometry":{"type":"Polygon","coordinates":[[[-10.9514,6.5528],[-10.9563,6.5218],[-10.8014,6.3818],[-10.7416,6.4102],[-10.7443,6.4015],[-10.7523,6.3964],[-10.7777,6.3878],[-10.7723,6.3619],[-10.7726,6.3613],[-10.7789,6.3706],[-10.7812,6.3781],[-10.7801,6.3853],[-10.7748,6.3926],[-10.798,6.3791],[-10.8045,6.3228],[-10.7289,6.3155],[-10.7136,6.2807],[-10.7914,6.2989],[-10.8088,6.3296],[-10.7938,6.2935],[-10.6287,6.2176],[-10.3723,6.1243],[-10.0678,5.9138],[-10.0501,5.8585],[-9.7291,5.5731],[-9.5925,5.474],[-9.5951,5.4338],[-9.5049,5.386],[-9.4159,5.274],[-9.2972,5.1814],[-9.2991,5.1506],[-9.0304,4.9806],[-8.8721,4.9295],[-8.7087,4.8075],[-8.3552,4.6415],[-8.2501,4.5718],[-7.9881,4.521],[-7.832,4.4565],[-7.8284,4.4194],[-7.7627,4.3881],[-7.525,4.3605],[-7.5362,4.3711],[-7.5563,4.3696],[-7.5774,4.4011],[-7.546,4.4366],[-7.5731,4.4571],[-7.5807,4.5808],[-7.5543,4.6094],[-7.5823,4.6525],[-7.5662,4.7771],[-7.5998,4.8],[-7.602,4.8268],[-7.6073,4.8898],[-7.5976,4.8936],[-7.5531,4.9112],[-7.533,4.9191],[-7.5653,4.9737],[-7.569,5.0848],[-7.4909,5.129],[-7.479,5.281],[-7.4155,5.3021],[-7.4176,5.2922],[-7.421,5.2652],[-7.3711,5.3326],[-7.3834,5.3823],[-7.3889,5.3776],[-7.4048,5.3601],[-7.4554,5.4304],[-7.4479,5.43],[-7.4255,5.4288],[-7.4247,5.4308],[-7.4146,5.456],[-7.4007,5.514],[-7.3846,5.5897],[-7.4074,5.659],[-7.4357,5.7008],[-7.4395,5.7562],[-7.4654,5.8349],[-7.4727,5.8298],[-7.4777,5.809],[-7.4878,5.8192],[-7.5029,5.8344],[-7.5227,5.8542],[-7.5485,5.8294],[-7.5828,5.8922],[-7.6651,5.9121],[-7.6656,5.9404],[-7.6843,5.8997],[-7.6857,5.9007],[-7.6881,5.895],[-7.7468,5.9431],[-7.7649,5.9579],[-7.795,5.9825],[-7.7791,6.0167],[-7.7712,6.0344],[-7.7913,6.0767],[-7.7945,6.0831],[-7.8187,6.0812],[-7.8495,6.0758],[-7.8559,6.0976],[-7.8466,6.1915],[-7.8228,6.197],[-7.8227,6.1973],[-7.9027,6.2843],[-7.9092,6.2866],[-7.9924,6.2947],[-8.002,6.3193],[-8.0037,6.3199],[-8.172,6.2742],[-8.2656,6.3311],[-8.343,6.3757],[-8.3974,6.3509],[-8.3971,6.3978],[-8.3991,6.4453],[-8.4431,6.4854],[-8.4501,6.4792],[-8.4786,6.4329],[-8.5563,6.484],[-8.6089,6.5005],[-8.5611,6.5694],[-8.5507,6.5654],[-8.539,6.5609],[-8.5338,6.6062],[-8.533,6.6082],[-8.5229,6.6043],[-8.5149,6.5971],[-8.5111,6.5998],[-8.4725,6.6272],[-8.4515,6.6422],[-8.4338,6.6618],[-8.4357,6.6631],[-8.33,6.8004],[-8.321,6.8266],[-8.3223,6.8734],[-8.323,6.8968],[-8.3248,6.9621],[-8.3232,6.9634],[-8.2762,7.0019],[-8.2772,7.0048],[-8.3071,7.0873],[-8.301,7.1049],[-8.2846,7.1647],[-8.3685,7.2441],[-8.4154,7.4707],[-8.5185,7.5187],[-8.5049,7.5796],[-8.5653,7.6259],[-8.5598,7.6926],[-8.6593,7.6962],[-8.7068,7.64],[-8.7086,7.5308],[-8.7089,7.5113],[-8.709,7.5083],[-8.8459,7.3473],[-8.8467,7.3162],[-8.8479,7.2717],[-8.8481,7.2633],[-8.8642,7.2673],[-8.9108,7.279],[-8.9367,7.2855],[-8.9383,7.2847],[-9.066,7.201],[-9.1045,7.1936],[-9.1054,7.1997],[-9.1059,7.1994],[-9.1234,7.2738],[-9.1437,7.2847],[-9.1902,7.3032],[-9.1913,7.3102],[-9.2021,7.3806],[-9.2035,7.3806],[-9.2551,7.3798],[-9.2746,7.3795],[-9.2874,7.3976],[-9.3077,7.4265],[-9.3128,7.4275],[-9.3969,7.3886],[-9.3979,7.391],[-9.4012,7.388],[-9.417,7.4178],[-9.4778,7.362],[-9.4694,7.3795],[-9.3571,7.6122],[-9.3707,7.682],[-9.3439,7.7487],[-9.3771,7.7961],[-9.4235,7.8623],[-9.4216,7.8786],[-9.4097,7.9795],[-9.4139,7.9953],[-9.4277,8.0479],[-9.46,8.0362],[-9.4635,8.1659],[-9.5199,8.1793],[-9.4882,8.2673],[-9.4977,8.2848],[-9.5173,8.3208],[-9.5202,8.3262],[-9.4912,8.3627],[-9.5223,8.382],[-9.5333,8.3834],[-9.5455,8.3964],[-9.5796,8.4328],[-9.6419,8.4099],[-9.6578,8.4041],[-9.6281,8.4586],[-9.6782,8.4846],[-9.7127,8.453],[-9.7174,8.4444],[-9.7187,8.4476],[-9.7594,8.5494],[-9.7651,8.5435],[-9.8043,8.5026],[-9.8222,8.5019],[-9.9138,8.4982],[-9.917,8.4981],[-9.9561,8.4772],[-10.0552,8.4209],[-10.0548,8.4958],[-10.1406,8.5212],[-10.2051,8.4806],[-10.2112,8.4816],[-10.2126,8.4805],[-10.2766,8.4851],[-10.2778,8.4794],[-10.2762,8.4785],[-10.3186,8.2841],[-10.2996,8.2053],[-10.3023,8.2025],[-10.3517,8.1509],[-10.3865,8.1529],[-10.4624,8.1574],[-10.528,8.1262],[-10.5848,8.0637],[-10.6053,8.0408],[-10.6054,8.0296],[-10.6051,7.9214],[-10.6048,7.7748],[-10.6509,7.757],[-10.6972,7.7383],[-10.6998,7.7353],[-10.8284,7.5624],[-10.8734,7.5307],[-11.1287,7.3512],[-11.1433,7.3409],[-11.169,7.29],[-11.1823,7.2638],[-11.281,7.2223],[-11.3092,7.2104],[-11.3099,7.2101],[-11.3516,7.1403],[-11.3467,7.1227],[-11.3321,7.0777],[-11.3742,7.07],[-11.3696,7.0196],[-11.4305,6.9697],[-11.4205,6.9437],[-11.4179,6.9379],[-11.4964,6.9236],[-11.4018,6.8512],[-11.3649,6.7591],[-11.2298,6.7824],[-11.1826,6.7019],[-11.2002,6.6733],[-11.2549,6.6878],[-11.369,6.7573],[-11.3857,6.739],[-11.3576,6.7033],[-11.0653,6.5791],[-10.9514,6.5528]]]},"properties":{"iso3":"LBR"}},
{"type":"Feature","geometry":{"type":"Polygon","coordinates":[[[27.3049,-29.534],[27.1542,-29.561],[27.0851,-29.6151],[27.0663,-29.5973],[27.0572,-29.6371],[27.0174,-29.6182],[27.0133,-29.6609],[27.0968,-29.7296],[27.1763,-29.897],[27.2193,-30.0095],[27.297,-30.0555],[27.327,-30.1473],[27.4073,-30.1445],[27.3682,-30.1922],[27.3825,-30.336],[27.4669,-30.3151],[27.4889,-30.3728],[27.5589,-30.4116],[27.6088,-30.4948],[27.7432,-30.6043],[28.1103,-30.6778],[28.1138,-30.5988],[28.1775,-30.5249],[28.156,-30.4642],[28.2574,-30.4178],[28.2707,-30.3709],[28.2068,-30.2905],[28.3473,-30.2319],[28.3688,-30.1686],[28.3998,-30.1437],[28.4579,-30.1575],[28.5512,-30.1214],[28.6667,-30.1411],[28.7947,-30.1058],[28.9862,-30.0314],[29.17,-29.9155],[29.1017,-29.8483],[29.1319,-29.825],[29.1363,-29.7391],[29.1626,-29.6766],[29.282,-29.6428],[29.2855,-29.5848],[29.3252,-29.5689],[29.3057,-29.5538],[29.2953,-29.4884],[29.405,-29.4438],[29.4574,-29.3418],[29.4103,-29.2135],[29.3448,-29.1878],[29.3559,-29.1268],[29.3086,-29.0757],[29.2553,-29.0887],[29.2065,-29.0173],[29.0193,-28.882],[28.9795,-28.9131],[28.9227,-28.812],[28.9444,-28.7832],[28.9114,-28.7603],[28.8137,-28.7733],[28.8065,-28.709],[28.7046,-28.671],[28.7024,-28.6162],[28.6513,-28.5706],[28.5907,-28.6084],[28.4022,-28.624],[28.3497,-28.7036],[28.2234,-28.7042],[28.1834,-28.6937],[28.1191,-28.7416],[28.0284,-28.8786],[27.9381,-28.8481],[27.8881,-28.9165],[27.754,-28.8973],[27.762,-28.938],[27.7231,-28.9494],[27.7136,-29.0101],[27.6414,-29.0458],[27.6758,-29.0666],[27.6395,-29.0825],[27.6505,-29.1081],[27.5149,-29.2244],[27.5481,-29.2476],[27.5123,-29.2828],[27.4546,-29.2977],[27.4723,-29.3203],[27.4363,-29.3341],[27.4323,-29.373],[27.4055,-29.3664],[27.4231,-29.4068],[27.3567,-29.4527],[27.3611,-29.4858],[27.306,-29.4972],[27.3049,-29.534]]]},"properties":{"iso3":"LSO"}},
{"type":"Feature","geometry":{"type":"MultiPolygon","coordinates":[[[[48.5994,-20.4152],[48.8249,-19.9116],[48.8735,-19.5932],[48.9883,-19.3278],[49.0119,-19.1876],[49.3343,-18.4135],[49.374,-18.2123],[49.4296,-18.1608],[49.404,-18.0797],[49.5203,-17.6951],[49.4745,-17.5814],[49.4785,-17.4838],[49.4118,-17.3489],[49.5922,-16.9091],[49.8417,-16.8369],[49.7539,-16.8027],[49.72,-16.7176],[49.7675,-16.6945],[49.8361,-16.5688],[49.8608,-16.4279],[49.8319,-16.4328],[49.8131,-16.3465],[49.8623,-16.2015],[49.8061,-16.1531],[49.725,-16.1456],[49.6744,-16.0462],[49.7318,-15.9027],[49.636,-15.6915],[49.6508,-15.6295],[49.6134,-15.5636],[49.6758,-15.4719],[49.7854,-15.4285],[49.8483,-15.4401],[49.8589,-15.4135],[49.9007,-15.4354],[49.8903,-15.5603],[49.9683,-15.6097],[49.9539,-15.7338],[50.0195,-15.7873],[50.0125,-15.8316],[50.0241,-15.8838],[50.1442,-15.9432],[50.1595,-15.9973],[50.2334,-15.9754],[50.2445,-15.9117],[50.3392,-15.8161],[50.3248,-15.7804],[50.4616,-15.4554],[50.4849,-15.2652],[50.3361,-15.0333],[50.2228,-14.765],[50.1755,-14.4622],[50.2002,-14.3022],[50.1417,-14.2241],[50.1651,-14.0563],[50.1355,-13.9991],[50.1387,-13.7972],[50.0252,-13.5221],[50.0171,-13.3564],[49.9776,-13.3607],[49.9766,-13.2945],[49.9184,-13.1939],[49.9288,-13.044],[49.8702,-12.9406],[49.8412,-12.9499],[49.8564,-12.8976],[49.8016,-12.8907],[49.7859,-12.8077],[49.7194,-12.7701],[49.7221,-12.7425],[49.6953,-12.7416],[49.6759,-12.8157],[49.6404,-12.8138],[49.6641,-12.7779],[49.6326,-12.6953],[49.5428,-12.6531],[49.5618,-12.5759],[49.5408,-12.4926],[49.5534,-12.4911],[49.5558,-12.5406],[49.5876,-12.542],[49.5638,-12.4395],[49.5295,-12.4756],[49.5136,-12.458],[49.515,-12.425],[49.4805,-12.4355],[49.5032,-12.3999],[49.5287,-12.4313],[49.5379,-12.3924],[49.4777,-12.3514],[49.44,-12.3817],[49.3971,-12.2565],[49.3541,-12.2295],[49.3386,-12.3106],[49.303,-12.3084],[49.2974,-12.2661],[49.2187,-12.3215],[49.192,-12.3098],[49.2135,-12.2507],[49.2514,-12.2937],[49.2826,-12.2576],[49.2168,-12.2328],[49.2474,-12.1487],[49.2928,-12.2106],[49.3129,-12.1635],[49.3694,-12.2197],[49.338,-12.0706],[49.2968,-12.0557],[49.3115,-12.0498],[49.3152,-12.0523],[49.318,-12.0588],[49.327,-12.0506],[49.2958,-11.9713],[49.2438,-11.9523],[49.2045,-11.9903],[49.2246,-12.0188],[49.1993,-11.9955],[49.2101,-12.0299],[49.1836,-12.0121],[49.1627,-12.0409],[49.1652,-12.0502],[49.1991,-12.0446],[49.2183,-12.1152],[49.1472,-12.0583],[49.084,-12.1078],[49.1386,-12.0998],[49.1421,-12.1024],[49.1477,-12.1085],[49.1505,-12.113],[49.1507,-12.1223],[49.163,-12.1233],[49.1531,-12.1444],[49.1943,-12.1446],[49.145,-12.196],[49.1397,-12.2752],[49.0878,-12.2571],[49.0821,-12.3081],[49.0545,-12.2909],[48.9705,-12.3436],[48.9265,-12.5029],[48.8903,-12.5144],[48.8531,-12.4217],[48.7624,-12.3933],[48.7199,-12.4467],[48.7603,-12.4677],[48.7718,-12.4335],[48.7873,-12.4838],[48.7818,-12.4965],[48.8312,-12.5304],[48.8249,-12.5692],[48.8868,-12.5379],[48.8547,-12.6665],[48.8939,-12.6757],[48.9009,-12.7675],[48.969,-12.8953],[48.9343,-12.8945],[48.9448,-12.9375],[48.9071,-12.961],[48.9385,-12.9755],[48.9107,-12.9972],[48.9005,-12.9726],[48.887,-13.0383],[48.87,-13.0202],[48.8814,-13.0417],[48.844,-13.0536],[48.8041,-13.1315],[48.8274,-13.1475],[48.8043,-13.1497],[48.826,-13.1712],[48.802,-13.1666],[48.8099,-13.2536],[48.8739,-13.2619],[48.7953,-13.2932],[48.7778,-13.3474],[48.8103,-13.3792],[48.7631,-13.4211],[48.6645,-13.4386],[48.6421,-13.4732],[48.6743,-13.5001],[48.6397,-13.475],[48.647,-13.4502],[48.5856,-13.4623],[48.4725,-13.3667],[48.5172,-13.5127],[48.5511,-13.5187],[48.5453,-13.5239],[48.5296,-13.5288],[48.53,-13.5313],[48.5395,-13.5292],[48.4938,-13.5706],[48.4877,-13.5651],[48.4863,-13.5527],[48.505,-13.5138],[48.4614,-13.5442],[48.4334,-13.5194],[48.4354,-13.5329],[48.4343,-13.5326],[48.4356,-13.534],[48.4421,-13.5777],[48.4089,-13.5282],[48.4095,-13.5639],[48.3801,-13.5568],[48.3913,-13.5938],[48.3653,-13.5958],[48.3523,-13.5328],[48.3262,-13.5504],[48.3623,-13.6231],[48.361,-13.6245],[48.3564,-13.6256],[48.3514,-13.6257],[48.3396,-13.62],[48.3428,-13.6326],[48.3325,-13.6178],[48.3246,-13.6263],[48.3436,-13.6406],[48.3151,-13.6581],[48.3336,-13.7224],[48.3123,-13.7354],[48.3195,-13.7381],[48.3127,-13.7393],[48.315,-13.7442],[48.3289,-13.7429],[48.3289,-13.7417],[48.3379,-13.7451],[48.3304,-13.7468],[48.3358,-13.755],[48.3397,-13.7541],[48.3359,-13.7574],[48.3245,-13.7558],[48.3282,-13.764],[48.2627,-13.8204],[48.1694,-13.7588],[48.1855,-13.731],[48.1613,-13.7216],[48.1441,-13.5994],[48.1053,-13.588],[48.0738,-13.6332],[48.0709,-13.6164],[48.0926,-13.5841],[48.0708,-13.5766],[48.0891,-13.5721],[48.0376,-13.5229],[48.0167,-13.533],[48.0559,-13.5633],[48.0146,-13.559],[48.0294,-13.5773],[47.9942,-13.5909],[48.0031,-13.5543],[47.9717,-13.5531],[48.0023,-13.5295],[47.9725,-13.5038],[47.9399,-13.5736],[47.9727,-13.6178],[47.8959,-13.5915],[47.8767,-13.7038],[47.9268,-13.6951],[47.9137,-13.7246],[47.8808,-13.7136],[47.8589,-13.7711],[47.8934,-13.8996],[47.9561,-13.9377],[48.0058,-13.9191],[47.9839,-13.9477],[48.0273,-13.9729],[47.922,-14.0102],[48.0226,-14.0667],[48.0141,-14.1038],[48.0451,-14.1049],[48.0614,-14.1751],[48.0307,-14.2049],[48.0207,-14.1851],[48.0137,-14.2103],[48.0241,-14.2049],[48.0239,-14.217],[48.0234,-14.2072],[48.0112,-14.2124],[48.0047,-14.2042],[48.0428,-14.2662],[48.0329,-14.2713],[48.0294,-14.2664],[48.0259,-14.2703],[48.0263,-14.2731],[48.0304,-14.2726],[48.0107,-14.2828],[48.032,-14.2985],[48.0025,-14.2855],[48.0172,-14.3232],[47.9947,-14.3058],[47.9919,-14.2823],[47.9977,-14.4068],[47.9925,-14.4083],[47.9752,-14.3787],[47.9813,-14.3336],[47.9553,-14.3026],[47.9947,-14.1296],[47.9576,-14.1441],[47.936,-14.1004],[47.8878,-14.0965],[47.9493,-14.1666],[47.9198,-14.2595],[47.8453,-14.2569],[47.7999,-14.2182],[47.7643,-14.249],[47.7749,-14.297],[47.7155,-14.3448],[47.6932,-14.4423],[47.744,-14.6367],[47.6312,-14.7942],[47.5477,-15.014],[47.5245,-15.0276],[47.5451,-14.9856],[47.4977,-15.0318],[47.4998,-15.0778],[47.4293,-15.1354],[47.4355,-15.1132],[47.3975,-15.1052],[47.4018,-14.9807],[47.5149,-14.8179],[47.4885,-14.8119],[47.4723,-14.7404],[47.5017,-14.7182],[47.4635,-14.671],[47.2813,-14.8617],[47.336,-14.8917],[47.3493,-14.8564],[47.3886,-14.865],[47.369,-14.9153],[47.2854,-14.9355],[47.2412,-14.9899],[47.2723,-15.0063],[47.2092,-15.0019],[47.2161,-15.0697],[47.1056,-15.1078],[47.0497,-15.1766],[47.043,-15.2325],[47.0699,-15.2747],[47.1031,-15.2625],[47.0878,-15.3106],[47.149,-15.2911],[47.1732,-15.4235],[47.1189,-15.419],[47.1398,-15.4571],[46.9672,-15.4866],[46.9934,-15.4061],[47.0708,-15.3365],[46.9707,-15.2911],[46.9406,-15.2016],[46.4604,-15.5139],[46.3006,-15.7106],[46.3013,-15.7129],[46.3684,-15.7337],[46.3022,-15.8266],[46.3965,-15.8571],[46.3293,-15.9337],[46.2837,-15.8598],[46.2652,-15.705],[46.1213,-15.7102],[45.9788,-15.7847],[45.8827,-15.7626],[45.8623,-15.8108],[45.7707,-15.8067],[45.782,-15.8593],[45.7691,-15.8483],[45.7601,-15.8068],[45.7147,-15.815],[45.765,-15.7978],[45.6672,-15.7707],[45.603,-15.8552],[45.6351,-15.9651],[45.604,-15.9629],[45.5864,-16.06],[45.5885,-16.0242],[45.5411,-16.0482],[45.5801,-15.9942],[45.5609,-15.9465],[45.3528,-15.9823],[45.3663,-16.0336],[45.4088,-16.0324],[45.2899,-16.1301],[45.2691,-16.1112],[45.2948,-16.0415],[45.2469,-15.9338],[44.8689,-16.2004],[44.8083,-16.228],[44.7815,-16.1996],[44.4377,-16.1939],[44.4019,-16.3568],[44.4689,-16.4981],[44.4551,-16.5504],[44.4207,-16.5748],[44.4197,-16.543],[44.4062,-16.5719],[44.4331,-16.7018],[44.0994,-17.158],[44.0944,-17.1863],[44.1184,-17.184],[43.9305,-17.4937],[43.979,-17.5608],[43.9722,-17.5656],[43.9594,-17.553],[43.9303,-17.5056],[43.9522,-17.7112],[44.0385,-17.808],[44.0144,-17.9613],[44.0099,-17.9355],[44.0378,-18.1257],[44.0282,-18.1269],[44.0184,-18.1073],[44.0367,-18.1571],[44.0623,-18.1518],[44.0407,-18.1648],[44.0345,-18.1622],[44.0738,-18.2517],[44.0647,-18.2513],[44.0557,-18.246],[44.0448,-18.2333],[44.0603,-18.3933],[44.0518,-18.4038],[44.0396,-18.3952],[44.143,-18.5353],[44.2037,-18.6851],[44.2185,-18.6801],[44.267,-18.7347],[44.235,-18.7196],[44.2123,-18.6915],[44.2577,-18.8124],[44.2454,-18.9485],[44.2781,-18.9754],[44.2473,-18.9633],[44.2443,-18.986],[44.234,-18.9376],[44.2304,-19.0541],[44.2642,-19.0594],[44.2485,-19.0718],[44.2283,-19.0649],[44.2662,-19.1442],[44.2858,-19.1102],[44.2729,-19.1509],[44.4578,-19.4325],[44.4778,-19.5401],[44.4515,-19.5385],[44.4229,-19.6016],[44.4085,-19.6078],[44.3997,-19.6376],[44.4043,-19.6353],[44.4058,-19.6297],[44.4126,-19.6316],[44.4086,-19.6291],[44.4141,-19.6178],[44.4103,-19.6201],[44.4058,-19.6296],[44.4107,-19.6112],[44.4227,-19.6021],[44.4186,-19.6112],[44.4204,-19.7241],[44.3785,-19.7741],[44.4101,-19.8478],[44.439,-19.8317],[44.4469,-19.8769],[44.4693,-19.8665],[44.4848,-19.959],[44.2198,-20.4062],[44.1132,-20.4832],[44.0495,-20.6982],[43.9594,-20.7433],[43.9021,-20.8475],[43.8023,-21.2277],[43.723,-21.2835],[43.5402,-21.2988],[43.4685,-21.3424],[43.4649,-21.6415],[43.3477,-21.7492],[43.3421,-21.904],[43.312,-21.9122],[43.3036,-21.8622],[43.2615,-21.948],[43.235,-22.0991],[43.2564,-22.1855],[43.3114,-22.2182],[43.2272,-22.2384],[43.2282,-22.324],[43.3476,-22.7508],[43.3442,-22.8536],[43.439,-22.9207],[43.4899,-23.0097],[43.5927,-23.0686],[43.6346,-23.2648],[43.6147,-23.3151],[43.7659,-23.4604],[43.7453,-23.5324],[43.7313,-23.5131],[43.7588,-23.5691],[43.6589,-23.6115],[43.635,-23.6707],[43.6726,-23.894],[43.6818,-24.3742],[43.9165,-24.6024],[43.9429,-24.686],[43.9209,-24.7394],[44.0198,-24.8748],[44.0214,-25.0134],[44.0558,-25.0104],[44.0581,-25.0528],[44.1182,-25.0814],[44.183,-25.0767],[44.2824,-25.1454],[44.3406,-25.1984],[44.3512,-25.2668],[44.5177,-25.2898],[44.808,-25.3412],[44.9375,-25.4195],[44.974,-25.4774],[45.1144,-25.5341],[45.1613,-25.6047],[45.495,-25.5749],[45.6149,-25.5375],[45.9614,-25.3211],[46.2582,-25.207],[46.4929,-25.1651],[46.6751,-25.1858],[46.7126,-25.1808],[46.8696,-25.0841],[46.9603,-25.0763],[47.0276,-24.9813],[47.0988,-24.9934],[47.1385,-24.9214],[47.1297,-24.853],[47.1992,-24.7847],[47.1929,-24.7185],[47.4143,-24.1389],[47.59,-23.7973],[47.6459,-23.4762],[47.7143,-23.3252],[47.8259,-22.8956],[47.8929,-22.4944],[48.2965,-21.4549],[48.5994,-20.4152]]],[[[49.8076,-17.0967],[49.8005,-17.1038],[49.7998,-17.1158],[49.8135,-17.1168],[49.8076,-17.0967]]],[[[49.8664,-16.9078],[49.8174,-17.1053],[49.8334,-17.0765],[49.946,-16.8934],[50.0119,-16.7016],[49.8664,-16.9078]]],[[[49.7584,-15.5094],[49.7751,-15.4935],[49.7636,-15.48],[49.7572,-15.4842],[49.7584,-15.5094]]],[[[47.6213,-14.5485],[47.5891,-14.5088],[47.5791,-14.5832],[47.6202,-14.5748],[47.6213,-14.5485]]],[[[47.6391,-14.3639],[47.6514,-14.3589],[47.6517,-14.3529],[47.6387,-14.3556],[47.6391,-14.3639]]],[[[48.0085,-14.242],[48.0187,-14.2353],[48.0112,-14.2305],[48.0029,-14.238],[48.0085,-14.242]]],[[[48.0062,-14.2248],[48.0005,-14.2207],[47.9989,-14.2266],[48.0057,-14.2303],[48.0062,-14.2248]]],[[[48.0151,-14.2214],[48.0088,-14.2238],[48.0101,-14.226],[48.0177,-14.2279],[48.0151,-14.2214]]],[[[48.0354,-14.17],[48.0344,-14.174],[48.0375,-14.1778],[48.0428,-14.1791],[48.0354,-14.17]]],[[[47.7954,-14.1441],[47.82,-14.1833],[47.8211,-14.1643],[47.8164,-14.1533],[47.7954,-14.1441]]],[[[47.7353,-14.1087],[47.7472,-14.1214],[47.7613,-14.1142],[47.7562,-14.1047],[47.7353,-14.1087]]],[[[43.9425,-18.5837],[43.9432,-18.5741],[43.9338,-18.5786],[43.9341,-18.581],[43.9425,-18.5837]]],[[[43.9385,-18.4064],[43.9347,-18.4121],[43.9341,-18.4154],[43.9379,-18.4153],[43.9385,-18.4064]]],[[[43.2509,-22.1743],[43.2441,-22.167],[43.2373,-22.1813],[43.252,-22.1812],[43.2509,-22.1743]]],[[[43.1934,-22.0767],[43.18,-22.0924],[43.178,-22.1212],[43.1836,-22.1266],[43.1934,-22.0767]]],[[[43.1957,-22.0683],[43.1959,-22.056],[43.1872,-22.0612],[43.1865,-22.0702],[43.1957,-22.0683]]],[[[43.2303,-22.0306],[43.2347,-22.0306],[43.2357,-22.022],[43.2308,-22.0224],[43.2303,-22.0306]]],[[[43.238,-22.0236],[43.2383,-22.0218],[43.2371,-22.0224],[43.2368,-22.0238],[43.238,-22.0236]]],[[[43.236,-22.0205],[43.2384,-22.0201],[43.2376,-22.0176],[43.2357,-22.0203],[43.236,-22.0205]]],[[[43.2421,-22.0154],[43.2424,-22.0147],[43.242,-22.0141],[43.2412,-22.0158],[43.2421,-22.0154]]],[[[43.2346,-22.0094],[43.2338,-22.0079],[43.2333,-22.0087],[43.2338,-22.0104],[43.2346,-22.0094]]],[[[43.2402,-21.9948],[43.2403,-21.9982],[43.2431,-21.9981],[43.2409,-21.9947],[43.2402,-21.9948]]],[[[43.2102,-21.9534],[43.2064,-21.9519],[43.2062,-21.9592],[43.2097,-21.9556],[43.2102,-21.9534]]],[[[43.2743,-21.9151],[43.2738,-21.9148],[43.2735,-21.9152],[43.2737,-21.9156],[43.2743,-21.9151]]],[[[43.2741,-21.9128],[43.2742,-21.9121],[43.2735,-21.9124],[43.2736,-21.9129],[43.2741,-21.9128]]],[[[43.2877,-21.8868],[43.2878,-21.8861],[43.287,-21.8861],[43.287,-21.887],[43.2877,-21.8868]]],[[[43.2886,-21.8834],[43.2885,-21.8827],[43.2879,-21.8829],[43.2879,-21.8837],[43.2886,-21.8834]]],[[[43.3095,-21.8747],[43.3093,-21.8762],[43.3096,-21.8771],[43.3109,-21.8741],[43.3095,-21.8747]]],[[[43.2911,-21.8692],[43.2903,-21.8673],[43.2889,-21.8672],[43.2884,-21.8689],[43.2911,-21.8692]]],[[[43.2978,-21.8558],[43.2981,-21.8553],[43.2973,-21.8549],[43.2973,-21.8557],[43.2978,-21.8558]]],[[[43.2944,-21.8373],[43.2929,-21.8373],[43.2925,-21.8389],[43.2952,-21.8392],[43.2944,-21.8373]]],[[[43.3004,-21.8374],[43.3002,-21.8369],[43.2998,-21.8373],[43.3,-21.8377],[43.3004,-21.8374]]],[[[43.3007,-21.8341],[43.3001,-21.8344],[43.3,-21.8352],[43.3004,-21.8358],[43.3007,-21.8341]]],[[[43.3004,-21.8337],[43.301,-21.8336],[43.3019,-21.8324],[43.3007,-21.8321],[43.3004,-21.8337]]],[[[43.2995,-21.8276],[43.2994,-21.828],[43.2997,-21.8283],[43.3,-21.8277],[43.2995,-21.8276]]],[[[43.2946,-21.8145],[43.2925,-21.8194],[43.2943,-21.8333],[43.2959,-21.8341],[43.2946,-21.8145]]],[[[44.4173,-19.7157],[44.407,-19.7214],[44.3946,-19.7517],[44.4048,-19.7357],[44.4173,-19.7157]]],[[[44.4094,-19.6437],[44.4013,-19.6437],[44.4013,-19.648],[44.4056,-19.6496],[44.4094,-19.6437]]],[[[47.7871,-14.0279],[47.8294,-14.0544],[47.789,-13.9715],[47.7778,-13.9998],[47.7871,-14.0279]]],[[[47.7778,-13.946],[47.7703,-13.9329],[47.7613,-13.9341],[47.7643,-13.9568],[47.7778,-13.946]]],[[[47.9782,-13.9388],[47.9757,-13.9436],[47.9806,-13.9489],[47.9813,-13.9378],[47.9782,-13.9388]]],[[[47.9766,-13.9365],[47.9749,-13.9337],[47.9682,-13.935],[47.97,-13.9421],[47.9766,-13.9365]]],[[[48.1886,-13.7153],[48.1832,-13.7186],[48.1884,-13.7235],[48.1922,-13.7257],[48.1886,-13.7153]]],[[[48.3191,-13.6414],[48.326,-13.6424],[48.3242,-13.6358],[48.3186,-13.6394],[48.3191,-13.6414]]],[[[47.8229,-13.5994],[47.8189,-13.585],[47.8152,-13.585],[47.8075,-13.595],[47.8229,-13.5994]]],[[[48.0952,-13.5693],[48.0976,-13.571],[48.0984,-13.5674],[48.0969,-13.5665],[48.0952,-13.5693]]],[[[48.3318,-13.4474],[48.3338,-13.4937],[48.3656,-13.491],[48.3607,-13.4487],[48.3318,-13.4474]]],[[[48.3481,-13.4361],[48.3478,-13.4364],[48.3477,-13.437],[48.3483,-13.4372],[48.3481,-13.4361]]],[[[48.3686,-13.4323],[48.361,-13.4299],[48.3718,-13.4402],[48.373,-13.4354],[48.3686,-13.4323]]],[[[48.2348,-13.4002],[48.2344,-13.4006],[48.2345,-13.4009],[48.2347,-13.4007],[48.2348,-13.4002]]],[[[48.1865,-13.3661],[48.1996,-13.3946],[48.2139,-13.3864],[48.226,-13.3927],[48.2305,-13.3977],[48.235,-13.3998],[48.24,-13.401],[48.2489,-13.408],[48.2699,-13.4036],[48.2812,-13.4039],[48.3087,-13.4185],[48.3601,-13.4108],[48.3203,-13.345],[48.3205,-13.3435],[48.3245,-13.3441],[48.3268,-13.3401],[48.3279,-13.3403],[48.3458,-13.3195],[48.3271,-13.2649],[48.3097,-13.2757],[48.3094,-13.2753],[48.3116,-13.271],[48.3054,-13.2669],[48.313,-13.2178],[48.2885,-13.2092],[48.2868,-13.2084],[48.2524,-13.275],[48.17,-13.2555],[48.1996,-13.2776],[48.173,-13.3368],[48.184,-13.3607],[48.1769,-13.3659],[48.1851,-13.3734],[48.1868,-13.3723],[48.1865,-13.3661]]],[[[48.1485,-13.32],[48.1669,-13.3123],[48.1757,-13.2948],[48.1559,-13.2918],[48.1485,-13.32]]],[[[48.5094,-13.5318],[48.5138,-13.5368],[48.5148,-13.5242],[48.5112,-13.5259],[48.5094,-13.5318]]],[[[48.4876,-13.3663],[48.5092,-13.3723],[48.4911,-13.3135],[48.455,-13.3083],[48.4876,-13.3663]]],[[[48.6041,-12.9637],[48.6019,-12.9566],[48.5988,-12.9589],[48.6005,-12.9649],[48.6041,-12.9637]]],[[[48.5815,-12.9077],[48.5386,-12.886],[48.5865,-12.9367],[48.6103,-12.8822],[48.6152,-12.8195],[48.5815,-12.9077]]],[[[48.5808,-12.8355],[48.575,-12.8358],[48.5745,-12.8425],[48.5823,-12.8426],[48.5808,-12.8355]]],[[[48.6898,-12.7473],[48.6906,-12.7333],[48.6781,-12.7326],[48.6749,-12.758],[48.6898,-12.7473]]],[[[49.6628,-12.708],[49.6628,-12.6848],[49.659,-12.6747],[49.6382,-12.6845],[49.6628,-12.708]]],[[[49.5967,-12.6239],[49.5783,-12.6164],[49.5863,-12.6362],[49.5987,-12.627],[49.5967,-12.6239]]],[[[49.5999,-12.5971],[49.5743,-12.6],[49.5754,-12.6144],[49.6027,-12.6168],[49.5999,-12.5971]]],[[[48.8562,-12.5673],[48.8523,-12.5622],[48.8455,-12.5641],[48.8484,-12.5711],[48.8562,-12.5673]]],[[[48.6701,-12.4613],[48.6755,-12.4498],[48.6727,-12.4463],[48.664,-12.4449],[48.6701,-12.4613]]],[[[48.7138,-12.3839],[48.7041,-12.378],[48.6999,-12.3895],[48.7097,-12.3932],[48.7138,-12.3839]]],[[[48.9788,-12.2659],[48.9827,-12.2613],[48.9812,-12.2577],[48.975,-12.2636],[48.9788,-12.2659]]],[[[49.0159,-12.2445],[49.0137,-12.2296],[49.0057,-12.2326],[49.0007,-12.2553],[49.0159,-12.2445]]],[[[49.3812,-12.1661],[49.3735,-12.1735],[49.3949,-12.1921],[49.3937,-12.1706],[49.3812,-12.1661]]],[[[49.3537,-12.1369],[49.3745,-12.1431],[49.3687,-12.1274],[49.3632,-12.126],[49.3537,-12.1369]]],[[[49.046,-12.1271],[49.0529,-12.116],[49.0507,-12.111],[49.0468,-12.1197],[49.046,-12.1271]]],[[[49.839,-12.8593],[49.8423,-12.8508],[49.836,-12.8396],[49.8349,-12.8516],[49.839,-12.8593]]],[[[49.839,-12.8266],[49.8465,-12.8145],[49.844,-12.8062],[49.8367,-12.7984],[49.839,-12.8266]]],[[[49.7694,-12.7591],[49.7672,-12.7768],[49.7824,-12.7748],[49.7797,-12.7645],[49.7694,-12.7591]]]]},"properties":{"iso3":"MDG"}},
{"type":"Feature","geometry":{"type":"MultiPolygon","coordinates":[[[[-6.3609,23.1333],[-6.4964,24.3288],[-6.572,24.9959],[-4.859146875853488,24.999446687706733],[-4.8062,24.9999],[-6.9963,26.3255],[-8.6674,27.2898],[-8.6674,25.9998],[-12.0005,25.9998],[-12.0005,23.454],[-12.7439,23.3962],[-12.9132,23.2644],[-13.0439,23.0808],[-13.1504,22.756],[-13.0289,21.5787],[-13.0005,21.3382],[-13.6675,21.3375],[-16.9478,21.3343],[-17.0739,20.9017],[-17.0484,20.7724],[-17.0339,20.8604],[-17.0646,20.8928],[-17.0225,20.9195],[-17.0307,21.0438],[-16.991,21.043],[-16.9239,21.1623],[-16.8162,20.9381],[-16.7859,20.9359],[-16.7604,20.8339],[-16.675,20.7425],[-16.6864,20.677],[-16.5372,20.5522],[-16.5343,20.732],[-16.4878,20.7234],[-16.4955,20.6819],[-16.4297,20.6472],[-16.3623,20.4246],[-16.1995,20.2279],[-16.2726,20.1253],[-16.2305,19.9889],[-16.3204,19.8924],[-16.2576,19.8855],[-16.2742,19.733],[-16.3187,19.6895],[-16.283,19.7278],[-16.3143,19.7337],[-16.3566,19.6865],[-16.4155,19.5731],[-16.3534,19.6314],[-16.476,19.4202],[-16.4077,19.4466],[-16.4085,19.4906],[-16.3724,19.5317],[-16.4037,19.4616],[-16.3288,19.5335],[-16.2941,19.5458],[-16.2927,19.5213],[-16.4046,19.3986],[-16.5512,19.3805],[-16.4756,19.2609],[-16.351,19.1922],[-16.2706,19.0898],[-16.2536,19.0528],[-16.0584,18.4532],[-16.0326,18.0661],[-16.0355,17.8222],[-16.1141,17.4219],[-16.4429,16.6062],[-16.52,16.2774],[-16.5135,16.0228],[-16.5112,16.0253],[-16.4419,16.1008],[-16.4528,16.184],[-16.3883,16.21],[-16.3539,16.2634],[-16.3648,16.3112],[-16.2629,16.5195],[-16.2367,16.5188],[-16.1898,16.5148],[-16.1134,16.5539],[-16.0762,16.5084],[-16.0516,16.4784],[-16.0492,16.4755],[-15.8863,16.5131],[-15.7002,16.4672],[-15.629,16.4897],[-15.6239,16.5215],[-15.5166,16.5181],[-15.5164,16.5223],[-15.5156,16.5455],[-15.5151,16.56],[-15.4746,16.5773],[-15.4022,16.529],[-15.3109,16.569],[-15.2291,16.5466],[-15.1729,16.5822],[-15.1184,16.573],[-15.0777,16.6179],[-15.1094,16.6309],[-15.1185,16.638],[-15.0973,16.6721],[-15.0543,16.6231],[-15.0004,16.6407],[-14.9874,16.6879],[-14.9864,16.6906],[-14.9522,16.6474],[-14.9496,16.6467],[-14.9219,16.6394],[-14.897,16.6329],[-14.8783,16.6607],[-14.7892,16.6294],[-14.7888,16.6299],[-14.7884,16.6297],[-14.7656,16.6553],[-14.7651,16.6559],[-14.7367,16.6202],[-14.7357,16.619],[-14.7244,16.6464],[-14.6543,16.6497],[-14.6478,16.6499],[-14.6391,16.6174],[-14.6391,16.6173],[-14.6389,16.6166],[-14.5669,16.6174],[-14.557,16.6175],[-14.5567,16.6175],[-14.5438,16.6436],[-14.5372,16.6394],[-14.4982,16.6131],[-14.4215,16.6516],[-14.3335,16.6394],[-14.3301,16.568],[-14.33,16.5664],[-14.2774,16.5835],[-14.2566,16.5142],[-14.2563,16.5155],[-14.2488,16.5446],[-14.2469,16.5444],[-14.2353,16.5432],[-14.2116,16.5358],[-14.0284,16.3466],[-13.9959,16.3396],[-13.9672,16.3313],[-13.9585,16.3084],[-13.9585,16.3083],[-13.9899,16.3041],[-13.9909,16.304],[-13.9518,16.2701],[-13.9621,16.2473],[-13.9729,16.2237],[-13.9736,16.2221],[-13.9212,16.2286],[-13.912,16.1947],[-13.8724,16.1899],[-13.8672,16.172],[-13.8517,16.1083],[-13.849,16.1095],[-13.8174,16.124],[-13.7443,16.1575],[-13.7099,16.1781],[-13.7126,16.1632],[-13.7209,16.144],[-13.7154,16.1481],[-13.717,16.1392],[-13.7173,16.1377],[-13.6966,16.1137],[-13.6809,16.0956],[-13.5848,16.1219],[-13.4868,16.1486],[-13.4858,16.1489],[-13.5019,16.0857],[-13.4595,16.1105],[-13.3752,16.0564],[-13.3752,16.0562],[-13.3751,16.0562],[-13.37,16.0212],[-13.3629,15.9733],[-13.3384,15.9486],[-13.3121,15.9253],[-13.3131,15.923],[-13.3181,15.9107],[-13.3258,15.8921],[-13.289,15.8311],[-13.2611,15.7894],[-13.2862,15.7643],[-13.2044,15.6959],[-13.2482,15.6694],[-13.2262,15.6167],[-13.198,15.6223],[-13.1832,15.6268],[-13.1808,15.6257],[-13.1763,15.6266],[-13.0838,15.5831],[-13.0934,15.4962],[-12.9656,15.5023],[-12.9646,15.5026],[-12.9646,15.5024],[-12.9605,15.4461],[-12.9344,15.4434],[-12.9237,15.4423],[-12.9239,15.4415],[-12.9219,15.4411],[-12.9426,15.3666],[-12.8931,15.3388],[-12.8383,15.2869],[-12.8322,15.2827],[-12.8333,15.2822],[-12.8286,15.2778],[-12.8922,15.2502],[-12.8447,15.2019],[-12.7945,15.2105],[-12.7944,15.2086],[-12.7884,15.2096],[-12.7593,15.1414],[-12.7544,15.1393],[-12.6991,15.0939],[-12.6893,15.0874],[-12.6588,15.1088],[-12.4902,15.0148],[-12.4881,15.0083],[-12.4619,14.9266],[-12.4508,14.8919],[-12.3149,14.7969],[-12.2067,14.7212],[-12.2392,14.7614],[-12.1224,14.77],[-12.11141650038373,14.761983307751343],[-12.0519,14.723],[-12.0419,14.7651],[-11.950193940619107,14.772914787401042],[-11.9445,14.7734],[-11.8006,14.8935],[-11.79643675417661,14.955013126491647],[-11.792246595684539,15.01692389522284],[-11.8156,15.0289],[-11.842,15.0333],[-11.8473,15.0935],[-11.828840135773705,15.159669513318203],[-11.74840753574852,15.447980734535236],[-11.7479,15.4498],[-11.7113,15.5383],[-11.711294914259117,15.538300241236541],[-11.7113,15.5384],[-11.6669,15.5405],[-11.621,15.5426],[-11.538411190817795,15.575715319623782],[-11.5382,15.5758],[-11.4935,15.6074],[-11.514311336423711,15.635602278331197],[-11.47777870416876,15.634578955298846],[-11.409632712936547,15.631235944408207],[-11.4089,15.6312],[-11.3098,15.4946],[-11.0736,15.2903],[-11.0735,15.2885],[-11.0016,15.2374],[-10.99780812544415,15.232517524881002],[-10.991000601605627,15.223752054063334],[-10.9039,15.1116],[-10.903495608531996,15.111379422835633],[-10.8984,15.1086],[-10.8274,15.2766],[-10.827321360255047,15.276639319872476],[-10.8272,15.2767],[-10.8249,15.2824],[-10.723,15.3623],[-10.7164,15.3675],[-10.720767676767677,15.433572727272727],[-10.721093507120203,15.438599824140288],[-10.720703279976536,15.43858925483444],[-10.6645,15.4229],[-10.6084,15.4179],[-10.5855,15.4284],[-10.4061,15.4261],[-10.349623226150925,15.428538548093655],[-10.3482,15.4286],[-10.288133333333333,15.458633333333333],[-10.258023886883272,15.473688056558363],[-10.257203063640718,15.473559255440856],[-10.00424759032717,15.428885541963016],[-9.9562,15.4204],[-9.9443,15.4202],[-9.4272,15.4333],[-9.424804355142518,15.433903860893826],[-9.403,15.4394],[-9.4457,15.6],[-9.376447877758913,15.659548387096773],[-9.3311,15.6985],[-9.3308,15.6988],[-9.3087,15.6893],[-9.3289,15.5001],[-9.3293,15.4968],[-9.1361,15.4972],[-6.3086,15.4962],[-5.5174,15.4999],[-5.5172,15.5006],[-5.472965607580825,15.699963377926421],[-5.3667,16.1789],[-5.3368,16.3308],[-5.51516622625929,16.43872568125516],[-5.6085,16.4952],[-5.621996071305227,16.614270003895836],[-6.3609,23.1333]]],[[[-5.510726530612245,15.501997959183674],[-5.5152,15.5006],[-5.515173346303501,15.5006],[-5.5002,15.5006],[-5.4992,15.5056],[-5.510726530612245,15.501997959183674]]],[[[-16.4849,19.5963],[-16.4901,19.6137],[-16.5013,19.6127],[-16.4971,19.6012],[-16.4849,19.5963]]],[[[-16.5532,19.6992],[-16.5538,19.6852],[-16.5422,19.6705],[-16.5501,19.7218],[-16.5532,19.6992]]],[[[-16.513,19.6754],[-16.4786,19.6753],[-16.4641,19.7303],[-16.4901,19.7385],[-16.513,19.6754]]],[[[-16.5068,19.7688],[-16.5233,19.7467],[-16.5278,19.736],[-16.4979,19.7763],[-16.5068,19.7688]]],[[[-16.5341,19.7639],[-16.5395,19.7585],[-16.5426,19.751],[-16.5287,19.7653],[-16.5341,19.7639]]],[[[-16.5211,19.9214],[-16.5286,19.9193],[-16.5327,19.9013],[-16.5198,19.9116],[-16.5211,19.9214]]],[[[-16.5296,19.9442],[-16.5382,19.9366],[-16.5568,19.9234],[-16.5029,19.9551],[-16.5296,19.9442]]],[[[-16.5052,20.6303],[-16.503,20.61],[-16.4983,20.6066],[-16.4937,20.6281],[-16.5052,20.6303]]],[[[-16.4348,19.5502],[-16.4353,19.5464],[-16.4292,19.556],[-16.4321,19.5561],[-16.4348,19.5502]]],[[[-16.4289,19.5629],[-16.4261,19.565],[-16.4281,19.5678],[-16.431,19.5635],[-16.4289,19.5629]]],[[[-16.4937,19.6314],[-16.476,19.6417],[-16.4841,19.6613],[-16.4908,19.6577],[-16.4937,19.6314]]],[[[-16.4647,19.7002],[-16.4344,19.5997],[-16.3686,19.7011],[-16.3493,19.8046],[-16.3262,19.8171],[-16.3684,19.8794],[-16.3857,19.8186],[-16.4226,19.8142],[-16.4247,19.7466],[-16.4647,19.7002]]],[[[-16.4486,20.5779],[-16.4534,20.6141],[-16.4753,20.613],[-16.4809,20.5788],[-16.4486,20.5779]]],[[[-16.4905,20.6099],[-16.4911,20.5923],[-16.488,20.5892],[-16.4853,20.6195],[-16.4905,20.6099]]]]},"properties":{"iso3":"MRT"}},
{"type":"Feature","geometry":{"type":"MultiPolygon","coordinates":[[[[33.5388,-12.3815],[33.4792,-12.4435],[33.4807,-12.4528],[33.3933,-12.5327],[33.366,-12.5577],[33.3185,-12.5253],[33.2731,-12.537],[33.1824,-12.6383],[33.1803,-12.6406],[33.1806,-12.6352],[33.1635,-12.6048],[33.1555,-12.6034],[33.0897,-12.5917],[33.0203,-12.6489],[32.9962,-12.7245],[32.9383,-12.7715],[32.9387,-12.7754],[32.9407,-12.7951],[32.947,-12.8476],[33.0282,-12.9072],[33.0265,-12.9135],[32.9728,-13.1139],[32.9746,-13.1171],[33.0198,-13.1959],[33.0141,-13.2018],[32.9431,-13.275],[32.9209,-13.3967],[32.9175,-13.4155],[32.9173,-13.4156],[32.9172,-13.4162],[32.8454,-13.4606],[32.8457,-13.4689],[32.8495,-13.5139],[32.8476,-13.5152],[32.8476,-13.5161],[32.7443,-13.5831],[32.6879,-13.5718],[32.6724,-13.6183],[32.8025,-13.6496],[32.8483,-13.7169],[32.8442,-13.7203],[32.8388,-13.7247],[32.7718,-13.7801],[32.8908,-13.8151],[32.8965,-13.8232],[32.9044,-13.8345],[32.9534,-13.9044],[32.95,-13.9158],[32.964,-13.9407],[32.9823,-13.9471],[32.9964,-13.9476],[32.9962,-13.9519],[32.9944,-14.0047],[32.9945,-14.0048],[33.0343,-14.0531],[33.0714,-13.9808],[33.1465,-13.9379],[33.2412,-13.9987],[33.2195,-14.0066],[33.22204945480432,-14.007520636457112],[33.2231,-14.0079],[33.2449,-14.0001],[33.31735649985588,-14.077301263830082],[33.31803700532006,-14.078816351467301],[33.30340386476281,-14.134150413028086],[33.2991,-14.1467],[33.29962443470777,-14.147537078475862],[33.3407,-14.2131],[33.34525729480657,-14.213388296021828],[33.47344186892112,-14.399878289708072],[33.474,-14.401],[33.4743978041253,-14.401269037006836],[33.5985,-14.4852],[33.6018,-14.4912],[33.6401,-14.5611],[33.66426401804414,-14.60498974705977],[33.6695,-14.6145],[33.676152875429885,-14.609431142529614],[33.6863,-14.6017],[33.6906039264623,-14.59790811623579],[33.7174,-14.5743],[33.7177,-14.574],[33.71967985210344,-14.533121877158404],[33.73163588500012,-14.506481748303306],[33.748293456275796,-14.517894871332192],[33.7988,-14.5525],[33.9142,-14.4741],[33.9276,-14.4754],[33.92778838090918,-14.475285493957166],[34.0865,-14.4903],[34.28947612971011,-14.415413511394535],[34.37789251533289,-14.396543080394885],[34.508639761160936,-14.555125340118916],[34.53749693067693,-14.595180814223204],[34.5199,-14.6846],[34.52033490832549,-14.685938308630934],[34.5201,-14.6868],[34.5205,-14.6876],[34.5214965345396,-14.689512888139236],[34.57501551030596,-14.85420255487973],[34.5655,-14.8993],[34.5682,-14.9041],[34.62342208004875,-15.003160223161583],[34.623478272068816,-15.00333313837392],[34.5738,-15.0791],[34.5757,-15.1035],[34.5925,-15.212],[34.5991,-15.2542],[34.60022909518418,-15.261566001915876],[34.60138485813717,-15.279551965886808],[34.5916,-15.2889],[34.5349,-15.3432],[34.5224,-15.3551],[34.521062996546505,-15.372926712713292],[34.47994809801779,-15.418886197165898],[34.4421,-15.4266],[34.4409,-15.4325],[34.44043215124579,-15.46205703306046],[34.4392,-15.5399],[34.4598,-15.6131],[34.36639765529162,-15.742273455447755],[34.36420404166868,-15.743531933676826],[34.289386584144,-15.786454780464577],[34.2724,-15.7962],[34.26610752375246,-15.840681297611928],[34.25921896599803,-15.889376274841513],[34.2579,-15.8987],[34.3739,-16.0047],[34.37850819706944,-16.008146857082185],[34.4218965032239,-16.05134651842727],[34.4144,-16.0968],[34.411619959524415,-16.113726859347324],[34.40380323114899,-16.16132064905252],[34.402,-16.1723],[34.41863122608148,-16.225373177348253],[34.4263,-16.2585],[34.5688,-16.3152],[34.5934,-16.4164],[34.67972281030317,-16.471598882467728],[34.6817,-16.4831],[34.6851,-16.5025],[34.6851,-16.5027],[34.75235686792675,-16.518044529867733],[34.7526,-16.5182],[34.75267121104312,-16.51829780845311],[34.7571,-16.5306],[34.7769,-16.5856],[34.81002022176675,-16.597066743445815],[34.852222641472025,-16.655031817513432],[34.8577,-16.6749],[34.8585,-16.6752],[34.87023674133325,-16.679774205272466],[34.9194,-16.7473],[34.98205313614029,-16.755252874866105],[34.98310338749727,-16.756511117178107],[35.02446259931529,-16.806061074865966],[35.0275,-16.8097],[35.0427,-16.8279],[35.04375721365019,-16.829183759432368],[35.0441,-16.8296],[35.055130930701324,-16.830295099742823],[35.155236621043535,-16.840076553640696],[35.166589360539916,-16.939706629565794],[35.0541,-17.0098],[35.0925,-17.1277],[35.2961,-17.1295],[35.29639193191594,-17.124799896153373],[35.2964,-17.1248],[35.3051,-16.9853],[35.30507211155379,-16.985049003984066],[35.30501226993865,-16.984510429447848],[35.305,-16.9844],[35.29093427230047,-16.970137089201877],[35.262265008208104,-16.940866372016668],[35.264,-16.9373],[35.269224381498745,-16.92626493366798],[35.3142,-16.8332],[35.2889,-16.7125],[35.147835593635996,-16.564068023665733],[35.14647175118787,-16.560567494715542],[35.2579,-16.4814],[35.2979,-16.3595],[35.29773867538933,-16.35218853818098],[35.2995,-16.3497],[35.3007,-16.348],[35.3014,-16.347],[35.3011,-16.3468],[35.2988,-16.3446],[35.29754667482089,-16.343486798132847],[35.295104319640245,-16.232795772266993],[35.2998,-16.2282],[35.3146,-16.2137],[35.36566840390879,-16.16381009771987],[35.40568948879954,-16.12479764503159],[35.417,-16.1245],[35.4864,-16.1224],[35.51289106628242,-16.158676945244956],[35.51384,-16.15998],[35.5196,-16.1679],[35.51960404200067,-16.167895054758947],[35.5207,-16.1694],[35.64798389232423,-16.111063368732356],[35.7066,-16.1035],[35.8006,-16.0426],[35.80860337814841,-16.037448400272286],[35.8093,-16.037],[35.8071,-15.9714],[35.81,-15.9429],[35.8454,-15.5117],[35.7902,-15.5111],[35.6875,-15.5795],[35.683,-15.4734],[35.6168,-15.4548],[35.581,-15.3639],[35.5372,-15.3781],[35.5131,-15.2962],[35.5502,-15.0298],[35.7099,-14.9678],[35.87619426775108,-14.986899341635873],[35.8762,-14.9869],[35.876373508740315,-14.986514092629303],[35.8878,-14.9611],[35.8134,-14.9319],[35.7255,-14.9471],[35.845,-14.78],[35.8697,-14.6729],[35.519,-14.2618],[35.5045,-14.2188],[35.49699516042543,-14.199496107832244],[35.4858,-14.1707],[35.38642859368913,-14.05941564731853],[35.38038496784566,-14.052647493230666],[35.2464,-13.9026],[34.867,-13.483],[34.8482,-13.7099],[35.0607,-13.7381],[35.1174,-13.9608],[35.1813,-14.0463],[35.2264,-14.2511],[35.2958,-14.3559],[35.2395,-14.4233],[35.2674,-14.4318],[35.2799,-14.4704],[35.2757,-14.4943],[35.2626,-14.5103],[35.346,-14.6348],[35.2713,-14.7325],[35.3067,-14.8724],[35.2945,-14.9516],[35.2194,-15.061],[35.292,-14.8346],[35.2763,-14.799],[35.2777,-14.7728],[35.1754,-14.7152],[35.1822,-14.5673],[35.2287,-14.524],[35.2718,-14.5327],[35.2606,-14.5088],[35.2752,-14.4836],[35.2487,-14.4501],[35.256,-14.4535],[35.2601,-14.4549],[35.2474,-14.4484],[35.1475,-14.322],[35.0369,-14.1755],[34.9407,-14.1549],[34.9161,-14.0456],[34.8531,-13.997],[34.8226,-14.0398],[34.8654,-14.1098],[34.811,-14.1508],[34.8086,-14.2528],[34.7389,-14.2785],[34.6882,-14.2888],[34.6909,-14.2348],[34.6418,-14.2179],[34.6072,-14.1905],[34.6066,-14.1903],[34.5995,-14.1819],[34.595,-14.1536],[34.5576,-14.1175],[34.549,-14.101],[34.549,-14.1009],[34.5473,-14.0967],[34.5292,-14.0252],[34.5155,-13.9705],[34.59,-13.8861],[34.5944,-13.875],[34.5853,-13.8328],[34.5858,-13.8345],[34.6293,-13.7109],[34.5918,-13.7052],[34.5958,-13.6685],[34.5268,-13.5774],[34.5361,-13.635],[34.471,-13.5947],[34.5037,-13.5826],[34.4859,-13.58],[34.4621,-13.5959],[34.4368,-13.5939],[34.3043,-13.3686],[34.3023,-13.3748],[34.3019,-13.3808],[34.3102,-13.395],[34.2928,-13.3677],[34.2588,-13.3918],[34.3464,-13.2703],[34.3321,-13.1247],[34.3242,-13.1277],[34.324,-13.1684],[34.3141,-13.1738],[34.2974,-13.1115],[34.3294,-13.1257],[34.3307,-13.1025],[34.3035,-12.8939],[34.2553,-12.8271],[34.2754,-12.7542],[34.2124,-12.7088],[34.1759,-12.6316],[34.2008,-12.5188],[34.174,-12.4245],[34.0825,-12.3903],[34.0207,-12.2435],[34.0573,-12.0135],[34.1808,-11.9225],[34.1772,-11.8224],[34.2997,-11.7277],[34.3274,-11.6644],[34.3027,-11.5873],[34.2616,-11.3325],[34.2077,-11.2049],[34.2372,-11.1154],[34.2138,-10.7411],[34.1734,-10.5956],[34.2314,-10.5304],[34.2135,-10.4725],[34.2731,-10.4585],[34.2452,-10.3698],[34.1613,-10.2727],[34.0628,-10.1651],[33.9377,-9.9726],[33.95,-9.9071],[33.888,-9.7595],[33.9398,-9.7187],[33.92423520412608,-9.706306331917151],[33.77408192090395,-9.586744856849984],[33.7739,-9.5866],[33.77327897979079,-9.586559658136016],[33.7231,-9.5833],[33.69929512311,-9.614147152969965],[33.671,-9.5814],[33.62555777443739,-9.591389454757298],[33.5866,-9.5792],[33.5346804603923,-9.611366795344795],[33.486710369667,-9.621911944599063],[33.48469535504326,-9.621563076395548],[33.4439,-9.6145],[33.326,-9.4861],[33.1445,-9.4933],[33.0001,-9.3673],[32.9586,-9.406],[32.9509,-9.4909],[32.9648,-9.4914],[32.9924,-9.4925],[33.032,-9.494],[33.0273,-9.5188],[33.023,-9.5422],[33.0113,-9.6044],[33.023,-9.6323],[33.0626,-9.6222],[33.095,-9.6751],[33.1046,-9.6702],[33.1099,-9.651],[33.1204,-9.613],[33.1249,-9.5966],[33.1612,-9.606],[33.2041,-9.6172],[33.22,-9.6213],[33.2276,-9.7056],[33.2362,-9.7378],[33.2975,-9.7989],[33.3508,-9.8389],[33.3591,-9.8603],[33.3745,-9.8997],[33.3316,-10.0239],[33.3176,-10.0644],[33.3342,-10.09],[33.3503,-10.1083],[33.3646,-10.1091],[33.3974,-10.111],[33.4066,-10.1115],[33.4189,-10.1273],[33.4982,-10.1874],[33.5603,-10.2085],[33.5558,-10.2312],[33.5432,-10.2952],[33.5398,-10.3124],[33.5658,-10.4108],[33.6339,-10.4594],[33.6331,-10.462],[33.6225,-10.4967],[33.6228,-10.497],[33.6295,-10.5038],[33.6753,-10.5498],[33.6961,-10.5707],[33.6905,-10.5766],[33.4664,-10.8138],[33.4335,-10.8156],[33.3538,-10.82],[33.336,-10.821],[33.3142,-10.8649],[33.2992,-10.8707],[33.2501,-10.8896],[33.2476,-10.893],[33.3109,-10.9401],[33.3115,-10.9439],[33.3117,-10.9457],[33.3236,-11.0256],[33.3943,-11.1415],[33.4046,-11.1533],[33.4033,-11.1563],[33.3759,-11.22],[33.3146,-11.3625],[33.2911,-11.3717],[33.2772,-11.3771],[33.2835,-11.4359],[33.2688,-11.4339],[33.2316,-11.4288],[33.2305,-11.4287],[33.2208,-11.5919],[33.2222,-11.5919],[33.3117,-11.5933],[33.3126,-11.6007],[33.3223,-11.6835],[33.3354,-11.7954],[33.31,-11.9061],[33.2568,-12.138],[33.2598,-12.1394],[33.3074,-12.1617],[33.3078,-12.1714],[33.3106,-12.2329],[33.3112,-12.2473],[33.3744,-12.3317],[33.4376,-12.3319],[33.5101,-12.332],[33.5376,-12.3321],[33.5485,-12.37],[33.5386,-12.3759],[33.5388,-12.3815]],[[35.3875,-14.4167],[35.3512,-14.4257],[35.2958,-14.3511],[35.2975,-14.2082],[35.2549,-14.2159],[35.2604,-14.1303],[35.2257,-14.1144],[35.1624,-13.9806],[35.1806,-13.9214],[35.3517,-14.0214],[35.317,-14.0952],[35.3895,-14.1446],[35.3875,-14.4167]],[[35.8351,-15.6242],[35.7929,-15.6722],[35.7586,-15.6405],[35.7558,-15.6264],[35.8351,-15.6242]]],[[[33.5465,-9.5995],[33.545,-9.5998],[33.5447,-9.6004],[33.5473,-9.5994],[33.5465,-9.5995]]],[[[34.5078,-13.5858],[34.5077,-13.5858],[34.5078,-13.5859],[34.5078,-13.5858]]],[[[34.5049,-13.5836],[34.5045,-13.5833],[34.5044,-13.5834],[34.5049,-13.5838],[34.5049,-13.5836]]],[[[34.4926,-13.4323],[34.4902,-13.4373],[34.4923,-13.4359],[34.4935,-13.432],[34.4926,-13.4323]]],[[[34.1052,-12.3973],[34.1072,-12.3962],[34.1024,-12.3927],[34.0995,-12.3965],[34.1052,-12.3973]]],[[[34.6434,-13.9186],[34.6435,-13.9174],[34.6436,-13.9159],[34.6421,-13.9188],[34.6434,-13.9186]]],[[[34.6198,-13.8989],[34.6267,-13.9086],[34.6327,-13.8986],[34.6213,-13.8925],[34.6198,-13.8989]]],[[[34.6152,-13.8894],[34.609,-13.8856],[34.6092,-13.8913],[34.6146,-13.8928],[34.6152,-13.8894]]],[[[34.64,-13.7306],[34.641,-13.7296],[34.6396,-13.7293],[34.6391,-13.7298],[34.64,-13.7306]]],[[[34.8139,-14.0166],[34.814,-14.0166],[34.814,-14.0165],[34.8139,-14.0165],[34.8139,-14.0166]]],[[[34.7584,-13.9906],[34.7573,-13.9873],[34.7519,-13.9878],[34.7551,-13.9944],[34.7584,-13.9906]]],[[[34.817,-13.9688],[34.8246,-13.9777],[34.838,-13.9966],[34.8481,-14.0003],[34.817,-13.9688]]],[[[35.0709,-14.2159],[35.0717,-14.2151],[35.0723,-14.2147],[35.0726,-14.2141],[35.0709,-14.2159]]],[[[34.9288,-14.0785],[34.9298,-14.0775],[34.9293,-14.0757],[34.9284,-14.0758],[34.9288,-14.0785]]],[[[34.9295,-14.0694],[34.9297,-14.0689],[34.9295,-14.0684],[34.9292,-14.069],[34.9295,-14.0694]]],[[[35.2718,-14.5339],[35.267,-14.5347],[35.2696,-14.5391],[35.2714,-14.5385],[35.2718,-14.5339]]],[[[35.2685,-14.4729],[35.2688,-14.4714],[35.2683,-14.4692],[35.267,-14.4693],[35.2685,-14.4729]]],[[[35.2603,-14.4582],[35.2625,-14.4657],[35.2646,-14.465],[35.2679,-14.4685],[35.2603,-14.4582]]],[[[35.2593,-14.4612],[35.2573,-14.4575],[35.2571,-14.4591],[35.2585,-14.4611],[35.2593,-14.4612]]],[[[35.2634,-14.4545],[35.2627,-14.4538],[35.2615,-14.4549],[35.2637,-14.4562],[35.2634,-14.4545]]],[[[35.84469640744551,-15.412201301999616],[35.8298,-15.4176],[35.85108655182564,-15.444283142429322],[35.8511,-15.4443],[35.8513,-15.4415],[35.8447,-15.4122],[35.84469640744551,-15.412201301999616]]],[[[35.6206,-15.3555],[35.6301,-15.326],[35.5984,-15.317],[35.5982,-15.3487],[35.6206,-15.3555]]],[[[35.8016,-15.2212],[35.7953,-15.2277],[35.7978,-15.2384],[35.8076,-15.2478],[35.8016,-15.2212]]],[[[35.7076,-15.2254],[35.7121,-15.218],[35.7095,-15.2129],[35.7058,-15.2208],[35.7076,-15.2254]]],[[[35.7069,-15.2175],[35.7071,-15.2173],[35.707,-15.2173],[35.7068,-15.2173],[35.7069,-15.2175]]],[[[35.7078,-15.2136],[35.7075,-15.2131],[35.7064,-15.2145],[35.7071,-15.2172],[35.7078,-15.2136]]],[[[35.7073,-15.2125],[35.7075,-15.2125],[35.7075,-15.2124],[35.7075,-15.2123],[35.7073,-15.2125]]],[[[35.7086,-15.2119],[35.7116,-15.2114],[35.7107,-15.2072],[35.7053,-15.2071],[35.7069,-15.2122],[35.7081,-15.212],[35.7076,-15.2125],[35.7084,-15.2127],[35.7088,-15.2123],[35.7086,-15.2119]]],[[[35.9167,-14.8965],[35.9119,-14.9096],[35.9119,-14.9099],[35.9182,-14.8965],[35.9167,-14.8965]]],[[[35.3029,-14.8701],[35.3032,-14.8697],[35.3028,-14.8696],[35.3025,-14.87],[35.3029,-14.8701]]],[[[35.8719,-14.677],[35.8668,-14.6947],[35.8697,-14.7062],[35.8722,-14.7076],[35.8719,-14.677]]]]},"properties":{"iso3":"MWI"}},
{"type":"Feature","geometry":{"type":"Polygon","coordinates":[[[22.5,-17.8205],[21.4248,-18.0268],[21.2094,-17.9288],[20.978,-17.9582],[20.8032,-18.038],[20.6439,-17.9771],[20.5396,-17.9827],[20.4233,-17.909],[20.3235,-17.8626],[20.108,-17.9111],[19.9212,-17.8621],[19.8075,-17.8684],[19.7588,-17.9107],[19.7078,-17.8855],[19.6719,-17.8489],[19.4082,-17.8672],[19.1734,-17.8061],[19.1164,-17.8366],[18.9003,-17.8188],[18.7425,-17.7369],[18.6183,-17.6009],[18.5637,-17.5823],[18.4208,-17.3898],[18,-17.3893],[15.5466,-17.3908],[14.2126,-17.4101],[13.9541,-17.4327],[13.8999,-17.3622],[13.5132,-17.1378],[13.5223,-17.0931],[13.4641,-17.0121],[13.3535,-16.9743],[13.247,-16.9997],[13.1687,-16.9637],[12.9856,-16.9816],[12.7132,-17.1718],[12.5414,-17.2477],[12.4461,-17.2641],[12.4059,-17.2063],[12.2495,-17.2404],[12.1616,-17.1624],[12.0788,-17.1423],[11.9406,-17.1827],[11.7951,-17.2734],[11.7537,-17.2528],[11.7368,-17.5859],[11.8531,-18.1388],[11.9557,-18.2582],[12.0356,-18.4999],[12.3272,-18.7417],[12.4631,-18.9251],[12.4897,-19.0165],[12.5994,-19.1352],[13.055,-20.0738],[13.1989,-20.2181],[13.2488,-20.4567],[13.3328,-20.5995],[13.3934,-20.8326],[13.6283,-21.1899],[13.8603,-21.5043],[13.8796,-21.5867],[13.9782,-21.7202],[13.9508,-21.7729],[14.1144,-21.9238],[14.3926,-22.2802],[14.5077,-22.5576],[14.5399,-22.8944],[14.4605,-23.0158],[14.4752,-22.9616],[14.4301,-22.9682],[14.4393,-22.8769],[14.4035,-23.0106],[14.4898,-23.2778],[14.4846,-23.3541],[14.5025,-23.3275],[14.4873,-23.4022],[14.4623,-23.4078],[14.4775,-23.3696],[14.4359,-23.3992],[14.4796,-23.5406],[14.5123,-23.6289],[14.5098,-23.9048],[14.4591,-23.9653],[14.4649,-24.095],[14.6096,-24.4518],[14.5951,-24.5547],[14.767,-24.7614],[14.837,-24.9957],[14.8395,-25],[14.8769,-25.092],[14.8019,-25.299],[14.8834,-25.5621],[14.8286,-25.7495],[14.9095,-25.8516],[14.9104,-25.9319],[14.9809,-26.0803],[14.9653,-26.136],[14.9299,-26.1379],[14.9699,-26.192],[14.9488,-26.3114],[15.0922,-26.4031],[15.148,-26.5779],[15.1748,-26.5851],[15.1487,-26.6859],[15.1274,-26.6261],[15.0881,-26.6343],[15.0797,-26.6877],[15.1559,-26.8529],[15.1497,-26.9029],[15.2293,-26.9258],[15.2944,-27.3218],[15.5295,-27.6503],[15.5334,-27.728],[15.6826,-27.9043],[15.7169,-27.9999],[16.3997,-28.5998],[16.4522,-28.6332],[16.4844,-28.5712],[16.6701,-28.4735],[16.737,-28.4944],[16.8109,-28.3617],[16.7542,-28.2746],[16.8239,-28.2706],[16.804,-28.2214],[16.8577,-28.2101],[16.8301,-28.1677],[16.8869,-28.1747],[16.8849,-28.0892],[17.0807,-28.0329],[17.1901,-28.1085],[17.1805,-28.202],[17.213,-28.2471],[17.3322,-28.2255],[17.3813,-28.2959],[17.4087,-28.3994],[17.3322,-28.4759],[17.3762,-28.5669],[17.4279,-28.5695],[17.4164,-28.7228],[17.5667,-28.6859],[17.6481,-28.7745],[17.7487,-28.7403],[17.9171,-28.7649],[18.0486,-28.8775],[18.1893,-28.9169],[18.2639,-28.8804],[18.426,-28.9017],[18.7269,-28.8324],[18.9302,-28.8563],[19.0073,-28.9291],[19.1538,-28.9632],[19.2943,-28.8965],[19.2393,-28.8116],[19.2668,-28.7483],[19.4646,-28.7073],[19.5635,-28.5284],[19.6667,-28.5318],[19.7419,-28.4862],[19.8111,-28.5087],[19.8748,-28.4435],[20.0001,-28.4297],[20.0001,-25.6088],[20.0001,-23.8629],[20.0001,-22],[21,-22],[21.0003,-20.3513],[21,-19.1667],[21,-18.3178],[21.4534,-18.3175],[22.5,-18.1176],[23.0982,-18.0006],[23.3086,-18.0018],[23.3977,-18.2081],[23.4552,-18.2058],[23.4534,-18.2363],[23.5256,-18.2729],[23.5676,-18.4805],[23.6121,-18.5007],[23.9325,-18.2504],[23.9315,-18.2045],[24.0484,-18.1385],[24.051,-18.1098],[24.0983,-18.1147],[24.2037,-18.0162],[24.2939,-18.0318],[24.3873,-17.9472],[24.4573,-17.9636],[24.51,-18.0658],[24.5764,-18.0738],[24.7355,-17.8889],[24.9591,-17.7883],[24.9771,-17.8259],[25.0159,-17.8382],[25.0529,-17.8081],[25.069,-17.8415],[25.1357,-17.8255],[25.1648,-17.7787],[25.2288,-17.7867],[25.194,-17.7696],[25.1896,-17.7675],[25.1874,-17.7664],[25.1661,-17.7381],[25.1318,-17.6952],[25.119,-17.6992],[25.0951,-17.709],[25.1018,-17.6635],[25.0798,-17.634],[25.0609,-17.619],[25.0444,-17.629],[25.0461,-17.6072],[25.0282,-17.5929],[25.0042,-17.5963],[24.9752,-17.5533],[24.9453,-17.568],[24.845,-17.5262],[24.825,-17.5221],[24.7952,-17.5369],[24.7154,-17.4994],[24.7079,-17.4978],[24.6928,-17.5019],[24.5589,-17.5389],[24.4789,-17.4924],[24.4306,-17.4796],[24.3645,-17.4775],[24.2528,-17.474],[24.2464,-17.4738],[23.438,-17.638],[23.4355,-17.6347],[22.5,-17.8205]]]},"properties":{"iso3":"NAM"}},
{"type":"Feature","geometry":{"type":"MultiPolygon","coordinates":[[[[74.8649,34.68],[75.0187,34.6415],[75.2498,34.6473],[75.2618,34.6108],[75.3778,34.5524],[75.7493,34.5159],[76.0365,34.6703],[76.1579,34.6434],[76.4743,34.7943],[76.5618,34.7583],[76.6818,34.7597],[76.7432,34.8402],[76.7493,34.9266],[76.87,34.9724],[76.9976,34.9391],[77.0181,35.0384],[77.1259,35.043],[77.834,35.5021],[77.7551,35.4981],[77.6919,35.4495],[77.6459,35.4794],[77.6369,35.4561],[77.5369,35.4826],[77.4384,35.4618],[77.3048,35.5412],[77.1929,35.5201],[77.0615,35.5964],[76.9153,35.6094],[76.8463,35.669],[76.7586,35.6567],[76.6905,35.7485],[76.5911,35.773],[76.5638,35.8203],[76.595,35.8967],[76.5735,35.9218],[76.4289,35.8524],[76.3668,35.8639],[76.3631,35.8248],[76.1574,35.8252],[76.1599,35.9175],[76.1011,36.0194],[76.0116,36.0188],[75.9468,36.0711],[75.9336,36.1356],[76.0135,36.1661],[76.0087,36.2297],[76.0621,36.2309],[75.9884,36.3325],[76.0318,36.4096],[75.9324,36.5696],[75.9434,36.6009],[75.7495,36.7375],[75.6453,36.7716],[75.5343,36.7736],[75.5292,36.7271],[75.4551,36.7213],[75.4203,36.7862],[75.4268,36.8735],[75.3919,36.9101],[75.4103,36.9547],[75.2328,36.9654],[75.145,37.0262],[74.9322,36.9831],[74.9359,36.9438],[74.8996,36.9347],[74.8413,37.014],[74.8444,37.0574],[74.7364,37.0283],[74.6996,37.0894],[74.5716,37.0338],[74.5585,36.9603],[74.52542967248148,36.991278529693545],[74.5253,36.9914],[74.5173,36.9989],[74.45802653191578,36.99720362128379],[74.4579,36.9972],[74.4216,36.9961],[74.4205,36.9961],[74.35954921236323,36.961192156024566],[74.27633127146778,36.913531428257656],[74.2548,36.9012],[74.2075,36.9052],[74.17005027340413,36.90829584406526],[74.17,36.9083],[74.1521,36.9098],[74.1304,36.8552],[74.1244,36.8472],[74.0866,36.8375],[74.00558480429777,36.83620314658481],[73.98022153772106,36.83581858982072],[73.97081195631347,36.83679875455068],[73.9708,36.8368],[73.9632,36.8375],[73.8465,36.8987],[73.8212,36.8993],[73.7642,36.9005],[73.70909628681179,36.90168758002561],[73.6482,36.903],[73.6395,36.9032],[73.4966,36.8903],[73.39047789416665,36.88069692600588],[73.3662,36.8785],[73.3067,36.8731],[73.2503,36.8769],[73.1211,36.8857],[73.11340184531927,36.88621424919932],[73.0717,36.889],[72.9925,36.8689],[72.9386,36.8553],[72.8944,36.8441],[72.89406927256718,36.844015916754365],[72.8826,36.8411],[72.64549794584354,36.84808786242295],[72.6383,36.8483],[72.6317,36.8485],[72.6257,36.8454],[72.5071,36.7838],[72.4956,36.7778],[72.4742,36.7756],[72.2414,36.7535],[72.2338,36.7433],[72.1767,36.7056],[72.1948,36.6615],[72.103,36.6486],[72.1029096406833,36.647696406832914],[72.0942,36.6469],[72.09417249610794,36.646806590555265],[72.0941,36.6468],[72.0783,36.5931],[71.9353,36.5609],[71.9107,36.5085],[71.8561,36.5054],[71.832,36.5054],[71.8317,36.504],[71.83167868734382,36.50389921304653],[71.821,36.4534],[71.8187,36.4422],[71.8257,36.4401],[71.8282,36.4329],[71.8154,36.4133],[71.80626558351344,36.41629173699015],[71.72138372427311,36.44409254927584],[71.6501,36.4811],[71.648,36.4801],[71.6374,36.4763],[71.6373,36.4757],[71.558,36.3727],[71.55868718956303,36.370933495756056],[71.5562,36.3692],[71.5687,36.3295],[71.567,36.3284],[71.56699625894078,36.328397607781405],[71.458,36.2587],[71.2996,36.1573],[71.24602718198794,36.12311734373112],[71.246,36.1231],[71.2454,36.1227],[71.24369698492463,36.119293969849245],[71.1947,36.0389],[71.3189,35.9596],[71.37114877862194,35.954384115042906],[71.3804,35.9046],[71.38050621225194,35.90450992234685],[71.3807,35.9017],[71.4899,35.8035],[71.4853,35.7538],[71.49367923318668,35.74921137230254],[71.4937,35.7492],[71.4979,35.7469],[71.4983256424982,35.74666711773151],[71.5467,35.7202],[71.51474630888781,35.65668955803788],[71.5006,35.6327],[71.5002,35.6321],[71.50195893110455,35.631208085726335],[71.5006,35.6285],[71.4995,35.6264],[71.6123,35.5733],[71.5955,35.5057],[71.5954890625,35.50565468749997],[71.5941,35.4999],[71.59408851437082,35.49985597175485],[71.5935,35.4976],[71.6506,35.4451],[71.62128096895717,35.400183639311464],[71.5424,35.3085],[71.55526980093866,35.299054701408],[71.5535,35.2964],[71.6696,35.201],[71.66500516374022,35.1946862321898],[71.5303,35.089],[71.5302,35.088],[71.54448189030792,35.06373656757079],[71.556,35.0281],[71.5498,35.0211],[71.54096041760496,35.01107267009968],[71.386,34.9171],[71.3117897585052,34.879792561255066],[71.3098,34.8789],[71.30968526070704,34.878734574902886],[71.2943,34.871],[71.2395,34.7866],[71.12937042237357,34.7158561710919],[71.1145,34.7105],[71.11338823618166,34.70558970980234],[71.1133,34.7052],[71.10953155606407,34.688724736842104],[71.1012,34.6523],[71.0912,34.6089],[71.0432,34.5733],[71.03340721706586,34.569470911841485],[71.0021901733485,34.55726469699469],[70.9987,34.5559],[70.9956,34.5547],[71.0068,34.4611],[71.01902080799361,34.453453524018784],[71.115,34.3934],[71.1601,34.3652],[71.1713,34.3582],[71.1221,34.2673],[71.1228,34.2472],[71.12280597500902,34.247048757584146],[71.122,34.2453],[71.1234050217104,34.231885387955444],[71.1244,34.2067],[71.126,34.1624],[71.12441683203825,34.15953050806934],[71.0711,34.1099],[71.07497818924485,34.06947733517874],[71.0658,34.0527],[71.0653,34.0519],[71.03502274031085,34.03927888066173],[70.9016,33.9862],[70.9009,33.9848],[70.7207,33.9645],[70.7188,33.9638],[70.5111,33.9492],[70.4162,33.9658],[70.4148,33.9659],[70.1488,34.014],[70.0540669695671,34.03468435092957],[70.012,34.0487],[70.00333604148186,34.04715034888294],[69.9997,34.0465],[69.9959,34.0477],[69.91209178690345,34.03975926748058],[69.9083,34.0395],[69.8888,34.0187],[69.859,33.9243],[69.9716,33.7577],[69.982800676647,33.75389899618302],[69.9919,33.7404],[70.04750136274372,33.730662458363625],[70.049,33.7304],[70.137,33.7151],[70.1432,33.6837],[70.14321640866874,33.68361702786372],[70.14848965276809,33.656952321851904],[70.1485,33.6569],[70.1492,33.6535],[70.197,33.6335],[70.19475151719487,33.62307434254889],[70.17502421561039,33.53160373477471],[70.1736,33.525],[70.1741,33.5246],[70.192866931435,33.509655166729104],[70.206,33.4935],[70.2041,33.4915],[70.27427637173658,33.44484260751137],[70.29758382672227,33.4263128579798],[70.29871090909091,33.4229003030303],[70.3258,33.34],[70.21895994200923,33.265400500685274],[70.1645,33.2323],[70.0615,33.2127],[70.0621,33.2118],[70.02716574948333,33.14975133119909],[70.0231,33.1433],[69.90879839784344,33.10643850770561],[69.7983,33.1315],[69.7976,33.1312],[69.5756,33.0995],[69.54492549926556,33.06457472575554],[69.5071,33.029],[69.50546538199646,33.01964635253529],[69.4955,33.0083],[69.495,33.0018],[69.49727898325334,32.97299966218305],[69.492,32.9426],[69.50095359675785,32.92656223877439],[69.5041,32.8868],[69.5043,32.8864],[69.52679330096073,32.880374081035924],[69.5323,32.8705],[69.4637,32.8512],[69.40483039072707,32.78690689238535],[69.3902,32.7779],[69.45020981509299,32.66189376509094],[69.43859767103383,32.644854397404735],[69.3109218965824,32.5416168353551],[69.2852,32.533],[69.2835,32.5302],[69.27003588381608,32.508556747816485],[69.2691,32.5078],[69.2678,32.5054],[69.2378,32.4568],[69.2804986433198,32.34686548394132],[69.27652128369213,32.245675256530966],[69.2728,32.151],[69.2733,32.1491],[69.27661472961448,32.13532501585358],[69.29,32.0797],[69.3209,31.952],[69.28270056693638,31.91989129109905],[69.24350395616145,31.88694439989308],[69.2055,31.855],[69.1977,31.8484],[69.12595226920827,31.717606764614803],[69.1254,31.7166],[69.118,31.7032],[69.11315077001078,31.699373040116612],[68.98626549533444,31.635869046262645],[68.9566,31.6437],[68.9491,31.6457],[68.9169,31.6048],[68.86650712067495,31.607142382581692],[68.82986987889122,31.61439097594785],[68.76746571210299,31.663868156765275],[68.7085,31.771],[68.6098,31.8051],[68.60259251220836,31.811049376017362],[68.5764,31.8331],[68.57607464424132,31.832938385374767],[68.51079545454546,31.800512121212122],[68.4846,31.7875],[68.4331,31.7632],[68.4352,31.763],[68.43546193988983,31.76297752794511],[68.4725,31.7598],[68.47557497762816,31.759536029317765],[68.582,31.7504],[68.5379,31.7147],[68.4279,31.7554],[68.4266,31.7554],[68.4218,31.7572],[68.2784,31.7597],[68.2782,31.7597],[68.2593,31.8015],[68.17699046811047,31.831212633709004],[68.1712,31.8354],[68.16972584895157,31.8338439042494],[68.1688,31.8342],[68.16270121139935,31.82642878308108],[68.0074617689283,31.66255993326941],[67.98909114092255,31.651156574691978],[67.95068575851393,31.643223839009288],[67.8956,31.6319],[67.8687,31.6287],[67.8638,31.6253],[67.86375347668866,31.625267740911475],[67.82289978154932,31.596939942866744],[67.8214,31.5959],[67.713,31.5206],[67.554,31.5288],[67.569,31.5047],[67.5690043868527,31.50469298898769],[67.6018901635992,31.452135357873182],[67.6021,31.4518],[67.62655576767857,31.41257848579852],[67.6339,31.4008],[67.686,31.4005],[67.75715854014253,31.400083380912513],[67.7828836077024,31.349273172846495],[67.76494106939224,31.33000646196731],[67.68275961295298,31.307761373817115],[67.2715,31.2057],[67.1785,31.239],[67.1780960254372,31.239146899841018],[67.1664,31.2434],[67.13641599677648,31.241513589201166],[67.1362,31.2415],[67.0402,31.2355],[67.042,31.2636],[67.0445,31.3035],[67.0445,31.3038],[67.0442,31.3038],[67.03654217340285,31.304712706076987],[67.0098,31.3079],[67.00009173744009,31.309023862907182],[66.9692,31.3126],[66.96502329465198,31.311336941338055],[66.911,31.295],[66.8959,31.2904],[66.8566,31.2785],[66.82928273068542,31.25045369838032],[66.73953747056,31.21266826432492],[66.7311,31.2126],[66.73062608765811,31.21123465755364],[66.6832,31.0746],[66.5797,30.9885],[66.45284859437751,30.95268313253012],[66.4522,30.9525],[66.3903,30.9349],[66.3902383968921,30.934883350511377],[66.3866,30.9339],[66.3382,30.7668],[66.33774467053419,30.765225086348547],[66.277,30.5689],[66.3084,30.5002],[66.3097,30.4995],[66.32896975145736,30.47290706804133],[66.3405,30.4497],[66.3456,30.4395],[66.3544,30.4217],[66.33948813240013,30.351164499289574],[66.3166,30.2429],[66.2474,30.1023],[66.2384,30.084],[66.33117864813887,29.999601358789796],[66.3314,29.9994],[66.3615,29.9721],[66.3289149759083,29.926461036593288],[66.31863227848102,29.916212025316455],[66.3033,29.901],[66.2306,29.8467],[65.83581413270879,29.740882028332937],[65.3464,29.6097],[65.0918,29.5432],[64.907,29.5519],[64.5118,29.5707],[64.50675639455065,29.570897788448995],[64.5067,29.5709],[64.4876,29.5718],[64.208,29.4944],[64.2039,29.4898],[64.20375312169014,29.48963299392174],[64.15294246641075,29.431859396992955],[64.1499,29.4284],[64.11017928570365,29.383187942713374],[64.07959829413183,29.391578962077922],[64.0323,29.4176],[63.951255348369436,29.430963648105788],[63.5908,29.4904],[62.5567,29.398],[62.5566548864501,29.39799597599654],[62.51089080621378,29.393913947035916],[61.16875089417325,29.77482095944388],[60.8786,29.8618],[60.883992635402905,29.855636988110962],[60.8842,29.8554],[61.1926,29.5024],[61.3727,29.3487],[61.3578,29.2828],[61.4286,29.1938],[61.4157,29.1357],[61.4705,29.114],[61.5043,29.0075],[61.8042,28.6402],[62.0433,28.5079],[62.4263,28.4137],[62.5923,28.2551],[62.7919,28.2771],[62.7683,28.0323],[62.8554,27.4651],[62.8075,27.3401],[62.8326,27.305],[62.783,27.2343],[62.9516,27.1921],[63.1842,27.2414],[63.2992,27.179],[63.3175,27.1386],[63.2559,27.0829],[63.2814,26.8746],[63.1922,26.8436],[63.1691,26.6473],[62.7786,26.6523],[62.6081,26.585],[62.4346,26.5682],[62.3061,26.5245],[62.3088,26.4767],[62.2564,26.446],[62.2825,26.3584],[62.1325,26.39],[62.1211,26.3167],[61.8479,26.2282],[61.7803,25.8183],[61.6892,25.7992],[61.7067,25.6864],[61.6808,25.6544],[61.6643,25.3334],[61.6104,25.1949],[61.6982,25.2043],[61.7523,25.1687],[61.7813,25.1904],[61.7279,25.0444],[61.8407,25.0407],[61.8747,25.1026],[62.0984,25.0962],[62.0735,25.1784],[62.2033,25.2151],[62.3149,25.1687],[62.3203,25.1206],[62.269,25.1003],[62.3768,25.0962],[62.3393,25.1132],[62.3642,25.178],[62.4772,25.2159],[62.4738,25.2454],[62.5952,25.2623],[63.0072,25.2106],[63.1394,25.2577],[63.4926,25.1981],[63.504,25.2263],[63.456,25.2951],[63.4811,25.2844],[63.6059,25.3706],[63.758,25.3788],[64.0642,25.3283],[64.0417,25.4016],[64.0042,25.3843],[63.9674,25.4074],[63.9745,25.4234],[64.0057,25.4065],[64.0198,25.4249],[63.9915,25.4264],[64.0286,25.4649],[64.0474,25.4315],[64.1651,25.4533],[64.1419,25.4112],[64.0808,25.3977],[64.1174,25.3649],[64.0837,25.3294],[64.2463,25.3325],[64.24,25.307],[64.406,25.2383],[64.5435,25.2705],[64.6054,25.23],[64.58,25.1736],[64.6,25.1546],[64.6929,25.1739],[64.6402,25.2055],[64.6439,25.2591],[64.7021,25.3078],[64.7928,25.3239],[64.7806,25.3477],[64.827,25.3189],[65.1565,25.3061],[65.2279,25.3293],[65.2552,25.3822],[65.3189,25.3968],[65.5058,25.3761],[65.5436,25.4198],[65.5178,25.3704],[65.6358,25.3495],[65.8388,25.4194],[66.234,25.4656],[66.36,25.4601],[66.5133,25.4045],[66.4929,25.4478],[66.5175,25.492],[66.4264,25.4826],[66.3349,25.5532],[66.1957,25.4889],[66.0919,25.4796],[66.1901,25.5993],[66.2969,25.6239],[66.3992,25.5835],[66.4551,25.6194],[66.4671,25.57],[66.5027,25.5773],[66.5392,25.6442],[66.5158,25.5634],[66.5577,25.5381],[66.5601,25.4529],[66.5941,25.425],[66.5501,25.3653],[66.742,25.1833],[66.6755,24.9237],[66.703,24.8927],[66.6514,24.8294],[66.862,24.8568],[66.9792,24.7917],[66.9119,24.8495],[66.9784,24.8586],[66.9758,24.8109],[67.0931,24.7569],[67.0908,24.7921],[67.1293,24.7797],[67.22,24.8141],[67.3295,24.7712],[67.4638,24.7775],[67.468,24.7538],[67.4528,24.7761],[67.3493,24.7629],[67.4137,24.6953],[67.3405,24.6858],[67.3475,24.6718],[67.3633,24.6653],[67.3583,24.6667],[67.3466,24.6562],[67.3649,24.6521],[67.3686,24.6632],[67.3985,24.6509],[67.4358,24.6453],[67.4293,24.679],[67.4533,24.6538],[67.4406,24.6404],[67.3838,24.6377],[67.3712,24.6294],[67.3724,24.6338],[67.3476,24.6438],[67.329,24.6266],[67.3578,24.6205],[67.3477,24.6138],[67.3492,24.6179],[67.3398,24.6175],[67.3421,24.6101],[67.3238,24.5979],[67.3353,24.6106],[67.3124,24.635],[67.2902,24.614],[67.3023,24.5998],[67.3017,24.5994],[67.3049,24.5876],[67.3089,24.592],[67.3111,24.5894],[67.299,24.5814],[67.3234,24.5491],[67.4072,24.5895],[67.4395,24.5746],[67.3571,24.5505],[67.4014,24.5324],[67.3093,24.4589],[67.3743,24.4721],[67.4121,24.5215],[67.4212,24.4706],[67.454,24.4622],[67.4217,24.4645],[67.3951,24.4834],[67.3604,24.4607],[67.3619,24.4572],[67.3085,24.4518],[67.3059,24.4321],[67.3648,24.4504],[67.3707,24.4366],[67.3933,24.4498],[67.4726,24.4268],[67.4646,24.4235],[67.417,24.4368],[67.349,24.4005],[67.4278,24.3918],[67.4229,24.3603],[67.4177,24.3865],[67.369,24.3857],[67.3665,24.351],[67.438,24.3224],[67.4565,24.3422],[67.4872,24.3263],[67.5125,24.3526],[67.5291,24.3346],[67.4906,24.3218],[67.449,24.3321],[67.4421,24.3161],[67.4109,24.3114],[67.3466,24.3429],[67.3595,24.2906],[67.3298,24.3339],[67.2954,24.3011],[67.3259,24.2448],[67.3934,24.2874],[67.35,24.2542],[67.4212,24.2167],[67.4316,24.2472],[67.4282,24.2125],[67.3626,24.2385],[67.3344,24.2088],[67.3453,24.1557],[67.4245,24.1302],[67.4119,24.1233],[67.3626,24.1323],[67.3921,24.0478],[67.4101,24.0697],[67.4099,24.0625],[67.4222,24.0652],[67.4161,24.077],[67.4489,24.1168],[67.4092,24.0392],[67.4365,23.9907],[67.4224,23.9449],[67.5008,23.9698],[67.4655,23.9066],[67.5652,23.8683],[67.5762,23.8889],[67.5835,23.8393],[67.6254,23.843],[67.652,23.7945],[67.7502,23.8014],[67.709,23.8562],[67.8273,23.8136],[67.894,23.975],[67.8719,23.8586],[67.9962,23.7867],[68.0447,23.7949],[68.042,23.9118],[68.0761,23.8332],[68.1422,23.8397],[68.1361,23.8695],[68.189,23.8501],[68.1856,23.8864],[68.279,23.9386],[68.3258,23.922],[68.3743,23.9832],[68.7492,23.962],[68.7643,24.2843],[68.8263,24.3084],[68.8524,24.2057],[68.9267,24.2938],[69.0005,24.2259],[69.0929,24.2691],[69.1997,24.2352],[69.3102,24.2767],[69.5042,24.263],[69.5902,24.2867],[69.7246,24.1752],[69.9786,24.1651],[70.0593,24.1928],[70.119,24.2908],[70.5602,24.4185],[70.5962,24.4003],[70.5614,24.3584],[70.5743,24.2523],[70.7259,24.2208],[70.8941,24.2571],[70.8727,24.305],[71.1243,24.4093],[71.0007,24.4489],[70.9894,24.6031],[71.086,24.6934],[70.9556,24.9017],[70.8812,25.1459],[70.6658,25.396],[70.6594,25.7015],[70.6048,25.7185],[70.3747,25.6813],[70.2754,25.7113],[70.0961,25.9444],[70.0826,26.0739],[70.1726,26.2451],[70.1677,26.5507],[70.0661,26.5992],[69.8154,26.5921],[69.5154,26.74],[69.4837,26.8062],[69.5132,27.0169],[69.5781,27.1654],[70.0163,27.556],[70.1078,27.7669],[70.1806,27.8549],[70.3662,28.0082],[70.5304,28.0325],[70.6614,27.9296],[70.6784,27.8391],[70.7577,27.7172],[70.8854,27.7058],[71.244,27.8494],[71.6749,27.8855],[71.8902,27.9583],[71.9222,28.1139],[72.1844,28.358],[72.3019,28.6649],[72.3962,28.7747],[72.9445,29.0341],[73.2748,29.5561],[73.3965,29.939],[73.804,30.0698],[73.9652,30.1913],[73.9437,30.306],[73.8713,30.3685],[73.9352,30.463],[73.9627,30.4576],[74.032,30.5358],[74.0776,30.5294],[74.1043,30.6129],[74.2818,30.7302],[74.2621,30.7681],[74.2962,30.7786],[74.3196,30.8435],[74.363,30.8458],[74.3655,30.8855],[74.5485,30.9929],[74.5583,31.0675],[74.6392,31.0211],[74.6872,31.0651],[74.6645,31.1067],[74.5741,31.11],[74.5358,31.1543],[74.5502,31.2947],[74.6411,31.4646],[74.5173,31.7229],[74.5437,31.8223],[74.7033,31.9249],[74.7092,31.958],[74.8045,31.9469],[74.9202,32.0563],[75.0049,32.0287],[75.1719,32.0661],[75.212,32.1191],[75.2391,32.0871],[75.3819,32.2611],[75.3305,32.3317],[75.1886,32.4245],[75.1279,32.4212],[75.0826,32.48],[75.0302,32.4918],[74.9731,32.448],[74.8354,32.4962],[74.6867,32.4931],[74.6423,32.611],[74.6762,32.658],[74.6501,32.7184],[74.697,32.8398],[74.6419,32.8229],[74.6148,32.7577],[74.5315,32.7408],[74.4617,32.7917],[74.4139,32.9039],[74.3181,32.9197],[74.3464,32.9655],[74.3379,33.026],[74.2053,33.0432],[74.1117,33.1645],[74.0142,33.1982],[74.0203,33.2588],[74.1029,33.2705],[74.17,33.3462],[74.187,33.4555],[74.0963,33.5698],[74.0285,33.5747],[73.9562,33.7203],[74.0658,33.8201],[74.2197,33.8672],[74.2611,33.9248],[74.2487,34.0138],[74.1238,34.0552],[74.0061,34.0224],[73.8982,34.0328],[73.8857,34.0752],[73.9766,34.2118],[73.9762,34.2648],[73.8994,34.3598],[73.7735,34.3498],[73.777,34.4163],[73.8988,34.4958],[73.8954,34.5467],[73.9481,34.5731],[73.9274,34.6461],[73.9603,34.6967],[74.1417,34.6912],[74.3072,34.8002],[74.5615,34.7744],[74.6713,34.7007],[74.8649,34.68]]],[[[63.8674,25.1295],[63.8409,25.1183],[63.8507,25.1124],[63.8804,25.123],[63.8674,25.1295]]],[[[64.0651,25.4155],[64.0905,25.4084],[64.1246,25.4228],[64.1085,25.4296],[64.0651,25.4155]]],[[[66.4098,25.558],[66.3934,25.5442],[66.4226,25.522],[66.4215,25.5476],[66.4098,25.558]]],[[[66.1955,25.5329],[66.2062,25.572],[66.167,25.5484],[66.1625,25.5406],[66.1955,25.5329]]],[[[66.3529,25.5505],[66.3439,25.5635],[66.3429,25.5618],[66.3486,25.5562],[66.3529,25.5505]]],[[[66.3798,25.5631],[66.3813,25.5534],[66.3873,25.5655],[66.3842,25.5685],[66.3798,25.5631]]],[[[66.3817,25.5807],[66.3708,25.5899],[66.3695,25.5874],[66.3788,25.5785],[66.3817,25.5807]]],[[[66.351,25.5922],[66.35,25.5891],[66.3608,25.5835],[66.3615,25.5854],[66.351,25.5922]]],[[[67.2607,24.4741],[67.3049,24.4741],[67.288,24.5262],[67.2676,24.5186],[67.2607,24.4741]]],[[[67.2839,24.5328],[67.2915,24.5787],[67.2242,24.5761],[67.2405,24.5284],[67.2839,24.5328]]],[[[67.2807,24.6138],[67.2566,24.6611],[67.172,24.6663],[67.182,24.6243],[67.2807,24.6138]]],[[[67.3034,24.6622],[67.281,24.6615],[67.2805,24.6378],[67.3054,24.6397],[67.3034,24.6622]]],[[[67.3161,24.6635],[67.3081,24.6784],[67.301,24.6859],[67.2912,24.6875],[67.3161,24.6635]]],[[[67.1335,24.6752],[67.1211,24.6889],[67.1159,24.6905],[67.1159,24.6769],[67.1335,24.6752]]],[[[67.2122,24.7167],[67.1952,24.6974],[67.2222,24.6678],[67.2449,24.6676],[67.2122,24.7167]]],[[[67.2759,24.7271],[67.3107,24.7466],[67.3412,24.7601],[67.3027,24.7739],[67.2373,24.7225],[67.2171,24.7201],[67.271,24.6536],[67.2873,24.6918],[67.3909,24.7004],[67.3465,24.7355],[67.2759,24.7271]]],[[[67.1515,24.7393],[67.1135,24.747],[67.1233,24.7035],[67.1415,24.6902],[67.1515,24.7393]]],[[[67.1928,24.7052],[67.2444,24.7505],[67.1861,24.7407],[67.1788,24.715],[67.1928,24.7052]]],[[[67.2517,24.7639],[67.2644,24.7511],[67.2888,24.7778],[67.2366,24.7797],[67.2517,24.7639]]],[[[67.1652,24.7763],[67.1825,24.7513],[67.2293,24.7821],[67.2151,24.7933],[67.1652,24.7763]]],[[[67.2118,24.8053],[67.2218,24.8002],[67.2329,24.7931],[67.2264,24.8008],[67.2118,24.8053]]],[[[66.5962,24.891],[66.6119,24.8851],[66.6175,24.9],[66.6062,24.9056],[66.5962,24.891]]],[[[68.091,23.8118],[68.0328,23.713],[68.1074,23.6978],[68.1034,23.727],[68.1371,23.6947],[68.159,23.7199],[68.1837,23.8427],[68.091,23.8118]]],[[[67.4239,23.9777],[67.3972,23.9821],[67.3911,23.9795],[67.4094,23.9572],[67.4239,23.9777]]],[[[67.3578,24.3573],[67.3592,24.3603],[67.3556,24.3838],[67.3371,24.3642],[67.3578,24.3573]]],[[[67.3303,24.3843],[67.3103,24.3832],[67.3154,24.3647],[67.3337,24.3733],[67.3303,24.3843]]],[[[67.34,24.4177],[67.308,24.3905],[67.3388,24.3912],[67.3607,24.4341],[67.3073,24.4256],[67.34,24.4177]]],[[[67.379,24.4215],[67.3914,24.4242],[67.3951,24.4295],[67.3773,24.4338],[67.379,24.4215]]],[[[67.31,24.4828],[67.3097,24.4745],[67.321,24.4697],[67.3236,24.4969],[67.31,24.4828]]],[[[67.3249,24.5117],[67.3505,24.5024],[67.3617,24.5286],[67.312,24.5461],[67.3075,24.5181],[67.3157,24.5151],[67.3142,24.5079],[67.3448,24.491],[67.3466,24.4984],[67.3249,24.5117]]],[[[67.3449,24.6623],[67.3253,24.6665],[67.3066,24.6596],[67.3242,24.6406],[67.3449,24.6623]]]]},"properties":{"iso3":"PAK"}},
{"type":"Feature","geometry":{"type":"MultiPolygon","coordinates":[[[[35.3558,31.4629],[35.3952,31.4902],[35.4524,31.7023],[35.5069,31.7669],[35.5543,31.7669],[35.5189,32.0359],[35.5723,32.1928],[35.5642,32.3736],[35.4191,32.4172],[35.4024,32.5016],[35.2767,32.5141],[35.2245,32.5524],[35.0663,32.4507],[35.0507,32.3642],[35.0164,32.3387],[35.0203,32.2344],[34.9571,32.1903],[35.0039,32.0344],[34.9809,31.9656],[35.0275,31.8796],[34.9558,31.8561],[34.9795,31.8163],[35.0349,31.8197],[35.0551,31.851],[35.2172,31.8049],[35.2274,31.7444],[35.1314,31.7332],[34.9965,31.6448],[34.8806,31.3915],[34.9225,31.3428],[35.1356,31.3552],[35.2302,31.3744],[35.3558,31.4629]]],[[[34.3293,31.26],[34.3733,31.3038],[34.3811,31.3898],[34.5665,31.5338],[34.4936,31.594],[34.2188,31.3237],[34.2676,31.22],[34.3293,31.26]]]]},"properties":{"iso3":"PSE"}},
{"type":"Feature","geometry":{"type":"MultiPolygon","coordinates":[[[[-17.4334,14.6471],[-17.4335,14.6471],[-17.4335,14.647],[-17.4334,14.647],[-17.4334,14.6471]]],[[[-17.473,14.6511],[-17.4725,14.6513],[-17.4723,14.6517],[-17.472,14.6524],[-17.473,14.6511]]],[[[-17.4725,14.6525],[-17.4725,14.6527],[-17.4725,14.6528],[-17.4728,14.6529],[-17.4725,14.6525]]],[[[-17.4702,14.6523],[-17.4691,14.6552],[-17.472,14.6562],[-17.4748,14.6556],[-17.4702,14.6523]]],[[[-17.4834,14.7038],[-17.4835,14.7038],[-17.4835,14.7037],[-17.4834,14.7038]]],[[[-17.5129,14.7575],[-17.5164,14.7564],[-17.5166,14.755],[-17.5113,14.7558],[-17.5129,14.7575]]],[[[-17.4832,14.7637],[-17.4833,14.7638],[-17.4834,14.7638],[-17.4833,14.7637],[-17.4832,14.7637]]],[[[-17.4331,14.6465],[-17.4328,14.6465],[-17.4326,14.6467],[-17.4329,14.6467],[-17.4331,14.6465]]],[[[-17.397,14.6642],[-17.3968,14.6644],[-17.3991,14.6711],[-17.3981,14.6633],[-17.397,14.6642]]],[[[-17.4188,14.6666],[-17.4185,14.6664],[-17.4191,14.6673],[-17.4198,14.6683],[-17.4188,14.6666]]],[[[-17.4312,14.6788],[-17.4311,14.6788],[-17.4312,14.6789],[-17.4312,14.6788]]],[[[-17.4325,14.6809],[-17.432,14.6813],[-17.4318,14.6816],[-17.4322,14.6812],[-17.4325,14.6809]]],[[[-17.4254,14.7081],[-17.4255,14.7083],[-17.4259,14.7088],[-17.4254,14.7081]]],[[[-17.3421,14.734],[-17.3421,14.7339],[-17.342,14.7339],[-17.3421,14.734]]],[[[-17.4832,14.7637],[-17.4884,14.7582],[-17.4892,14.7578],[-17.5026,14.7539],[-17.5027,14.7539],[-17.5028,14.7539],[-17.5028,14.7537],[-17.503,14.7538],[-17.5287,14.7462],[-17.5138,14.7363],[-17.501,14.7181],[-17.4999,14.718],[-17.4834,14.7038],[-17.4833,14.7038],[-17.4738,14.689],[-17.4717,14.6874],[-17.4708,14.6871],[-17.4706,14.6869],[-17.4702,14.6867],[-17.4701,14.6866],[-17.4692,14.683],[-17.4692,14.6829],[-17.4693,14.6828],[-17.4697,14.6808],[-17.4693,14.6793],[-17.4615,14.6786],[-17.4588,14.6775],[-17.4511,14.6734],[-17.4511,14.6733],[-17.4432,14.662],[-17.4438,14.6609],[-17.4427,14.6592],[-17.4426,14.6592],[-17.4417,14.6587],[-17.4341,14.6474],[-17.4335,14.6477],[-17.4334,14.6471],[-17.4329,14.6472],[-17.4326,14.6468],[-17.4323,14.6469],[-17.432,14.6614],[-17.4318,14.6623],[-17.4284,14.6676],[-17.4213,14.6698],[-17.4221,14.67],[-17.4312,14.6788],[-17.4315,14.6796],[-17.4325,14.6809],[-17.4327,14.684],[-17.4288,14.6915],[-17.4224,14.6883],[-17.4197,14.7009],[-17.4182,14.7013],[-17.4246,14.7072],[-17.4278,14.7073],[-17.426,14.7088],[-17.4048,14.7364],[-17.3421,14.734],[-17.3417,14.7348],[-17.3415,14.7348],[-17.3385,14.7339],[-17.3378,14.7336],[-17.3013,14.7175],[-17.3014,14.7174],[-17.2052,14.6697],[-17.1447,14.5877],[-17.0569,14.4545],[-16.9489,14.3804],[-16.9296,14.2858],[-16.7745,14.0557],[-16.7391,13.8487],[-16.6327,13.7407],[-16.6193,13.6577],[-16.5515,13.5915],[-16.545,13.5915],[-16.1468,13.5906],[-15.4727,13.5891],[-15.4722,13.5903],[-15.4691,13.5982],[-15.4529,13.6389],[-15.4347,13.6848],[-15.412,13.7418],[-15.3936,13.7503],[-15.3193,13.7845],[-15.2155,13.748],[-15.0683,13.8219],[-15.0611,13.8255],[-14.8344,13.7685],[-14.8293,13.7577],[-14.8016,13.6984],[-14.7827,13.6581],[-14.7803,13.6529],[-14.7381,13.6299],[-14.7151,13.6173],[-14.7104,13.6148],[-14.6994,13.6202],[-14.5524,13.6473],[-14.5424,13.6463],[-14.4467,13.5273],[-14.4261,13.5017],[-14.3609,13.4732],[-14.3198,13.4553],[-14.2244,13.4902],[-13.9824,13.5789],[-13.9302,13.5678],[-13.9169,13.5643],[-13.8722,13.528],[-13.8599,13.51],[-13.8101,13.4568],[-13.8021,13.4121],[-13.8213,13.3582],[-13.8338,13.3447],[-14.0596,13.2923],[-14.1154,13.2793],[-14.1247,13.262],[-14.1394,13.2344],[-14.179,13.2219],[-14.2535,13.2252],[-14.377,13.2395],[-14.5419,13.3366],[-14.5748,13.3559],[-14.5788,13.3583],[-14.6812,13.3471],[-14.6857,13.3511],[-14.7224,13.3831],[-14.7616,13.4174],[-14.9829,13.4823],[-14.9852,13.4848],[-15.0748,13.5821],[-15.0769,13.5845],[-15.0895,13.5981],[-15.169,13.5461],[-15.1704,13.5452],[-15.1959,13.5285],[-15.2156,13.4616],[-15.2287,13.4174],[-15.3384,13.3594],[-15.4993,13.3942],[-15.5043,13.3915],[-15.5824,13.3497],[-15.5888,13.3511],[-15.6792,13.3701],[-15.803,13.3475],[-15.8027,13.2415],[-15.8025,13.1671],[-15.8946,13.1678],[-15.9817,13.1665],[-16.6975,13.1554],[-16.709,13.1552],[-16.7126,13.1383],[-16.7911,12.7669],[-16.7488,12.5684],[-16.7921,12.4844],[-16.7811,12.4281],[-16.7168,12.3397],[-16.7001,12.341],[-16.4735,12.3593],[-16.4657,12.3599],[-16.3825,12.3647],[-16.3767,12.365],[-16.2092,12.4569],[-16.1763,12.4597],[-15.9056,12.4501],[-15.8912,12.4496],[-15.6871,12.4251],[-15.6817,12.4245],[-15.6557,12.4382],[-15.4808,12.5112],[-15.2195,12.6628],[-15.151,12.6773],[-14.9129,12.6783],[-14.5405,12.6771],[-14.3404,12.674],[-13.7087,12.6642],[-13.7084,12.6742],[-13.7083,12.6762],[-13.428,12.6598],[-13.3463,12.6585],[-13.2353,12.6485],[-13.128,12.6388],[-13.1262,12.6421],[-13.0735,12.639],[-13.0727,12.6294],[-13.053,12.626],[-13.057,12.4826],[-12.9602,12.477],[-12.9465,12.502],[-12.9309,12.5305],[-12.8877,12.5406],[-12.8412,12.5035],[-12.8197,12.4864],[-12.763,12.441],[-12.7555,12.4351],[-12.7334,12.4344],[-12.6339,12.4313],[-12.5767,12.3797],[-12.5637,12.3679],[-12.5631,12.3674],[-12.4742,12.3991],[-12.3676,12.3241],[-12.349,12.311],[-12.223,12.347],[-12.171,12.3641],[-12.1433,12.3816],[-12.0969,12.4213],[-12.0851,12.4184],[-11.9987,12.3969],[-11.9033,12.4309],[-11.8773,12.423],[-11.7616,12.3879],[-11.6969,12.3994],[-11.4701,12.4397],[-11.4598,12.4415],[-11.4512,12.4363],[-11.3749,12.3901],[-11.3669,12.3915],[-11.3501,12.4613],[-11.3607,12.4818],[-11.367034277620396,12.494078753541077],[-11.3672,12.4944],[-11.367558186397986,12.495086901763225],[-11.3883,12.535],[-11.4469,12.5457],[-11.403786759581882,12.588025783972125],[-11.4032,12.5886],[-11.403200550964188,12.588601285583103],[-11.4031,12.5887],[-11.4402,12.6952],[-11.3678,12.7341],[-11.41,12.8447],[-11.374405486880931,12.934460076561129],[-11.35,12.9401],[-11.357167668008673,12.977929358934654],[-11.357196391580354,12.97808095556298],[-11.3572,12.9781],[-11.3686,12.975827902946273],[-11.4148,12.9667],[-11.41480866721637,12.966794992691428],[-11.3986,13.0014],[-11.3977,13.0037],[-11.424779814739232,13.076078769541995],[-11.424887561198686,13.07636675364502],[-11.4249,13.0764],[-11.5177,13.1473],[-11.5088,13.166],[-11.5014,13.1853],[-11.521158616513352,13.191318123088973],[-11.525874568288854,13.253265934065935],[-11.5258,13.2536],[-11.52605330814326,13.253807363006521],[-11.594600306081672,13.346523322369432],[-11.597,13.362],[-11.6058,13.3654],[-11.609635510216567,13.366859783739141],[-11.6326,13.3756],[-11.696869561774024,13.400261576029568],[-11.7272,13.4119],[-11.730803772102742,13.40548449361929],[-11.7413,13.4071],[-11.829645826499162,13.305462324038862],[-11.8871,13.3836],[-11.8862,13.3872],[-11.886286429891193,13.387321001847669],[-11.8867,13.3879],[-11.882453583473861,13.402932314502529],[-11.8817,13.4056],[-11.8693,13.4561],[-11.9152,13.5004],[-11.961951798900236,13.545530934799686],[-11.996481179232337,13.578863196853751],[-12.04,13.6543],[-12.072998093543468,13.714846051516695],[-12.0732,13.7154],[-12.0716,13.7166],[-11.9504,13.8053],[-11.9498,13.8091],[-11.9346,13.9143],[-12.010284314122783,13.983785598831354],[-11.9742,14.1807],[-11.974213503611521,14.180726416760944],[-11.9742,14.1808],[-11.9751,14.1826],[-12.005200158856235,14.2413447974583],[-12.0268,14.2835],[-12.0605,14.2944],[-12.1008,14.3075],[-12.0935,14.3646],[-12.093512165107038,14.364604678887321],[-12.0948,14.3651],[-12.1998,14.4028],[-12.2002,14.4058],[-12.200938938053097,14.412598230088495],[-12.2012,14.415],[-12.216289896141445,14.543414016832823],[-12.2163,14.5435],[-12.2157,14.5443],[-12.2014,14.5642],[-12.1532,14.631],[-12.1771,14.6683],[-12.170113443035698,14.675985212660732],[-12.1701,14.676],[-12.192994142259414,14.704273640167363],[-12.2067,14.7212],[-12.3149,14.7969],[-12.4508,14.8919],[-12.4619,14.9266],[-12.4881,15.0083],[-12.4902,15.0148],[-12.6588,15.1088],[-12.6893,15.0874],[-12.6991,15.0939],[-12.7544,15.1393],[-12.7593,15.1414],[-12.7884,15.2096],[-12.7944,15.2086],[-12.7945,15.2105],[-12.8447,15.2019],[-12.8922,15.2502],[-12.8286,15.2778],[-12.8333,15.2822],[-12.8322,15.2827],[-12.8383,15.2869],[-12.8931,15.3388],[-12.9426,15.3666],[-12.9219,15.4411],[-12.9239,15.4415],[-12.9237,15.4423],[-12.9344,15.4434],[-12.9605,15.4461],[-12.9646,15.5024],[-12.9646,15.5026],[-12.9656,15.5023],[-13.0934,15.4962],[-13.0838,15.5831],[-13.1763,15.6266],[-13.1808,15.6257],[-13.1832,15.6268],[-13.198,15.6223],[-13.2262,15.6167],[-13.2482,15.6694],[-13.2044,15.6959],[-13.2862,15.7643],[-13.2611,15.7894],[-13.289,15.8311],[-13.3258,15.8921],[-13.3181,15.9107],[-13.3131,15.923],[-13.3121,15.9253],[-13.3384,15.9486],[-13.3629,15.9733],[-13.37,16.0212],[-13.3751,16.0562],[-13.3752,16.0562],[-13.3752,16.0564],[-13.4595,16.1105],[-13.5019,16.0857],[-13.4858,16.1489],[-13.4868,16.1486],[-13.5848,16.1219],[-13.6809,16.0956],[-13.6966,16.1137],[-13.7173,16.1377],[-13.717,16.1392],[-13.7154,16.1481],[-13.7209,16.144],[-13.7126,16.1632],[-13.7099,16.1781],[-13.7443,16.1575],[-13.8174,16.124],[-13.849,16.1095],[-13.8517,16.1083],[-13.8672,16.172],[-13.8724,16.1899],[-13.912,16.1947],[-13.9212,16.2286],[-13.9736,16.2221],[-13.9729,16.2237],[-13.9621,16.2473],[-13.9518,16.2701],[-13.9909,16.304],[-13.9899,16.3041],[-13.9585,16.3083],[-13.9585,16.3084],[-13.9672,16.3313],[-13.9959,16.3396],[-14.0284,16.3466],[-14.2116,16.5358],[-14.2353,16.5432],[-14.2469,16.5444],[-14.2488,16.5446],[-14.2563,16.5155],[-14.2566,16.5142],[-14.2774,16.5835],[-14.33,16.5664],[-14.3301,16.568],[-14.3335,16.6394],[-14.4215,16.6516],[-14.4982,16.6131],[-14.5372,16.6394],[-14.5438,16.6436],[-14.5567,16.6175],[-14.557,16.6175],[-14.5669,16.6174],[-14.6389,16.6166],[-14.6391,16.6173],[-14.6391,16.6174],[-14.6478,16.6499],[-14.6543,16.6497],[-14.7244,16.6464],[-14.7357,16.619],[-14.7367,16.6202],[-14.7651,16.6559],[-14.7656,16.6553],[-14.7884,16.6297],[-14.7888,16.6299],[-14.7892,16.6294],[-14.8783,16.6607],[-14.897,16.6329],[-14.9219,16.6394],[-14.9496,16.6467],[-14.9522,16.6474],[-14.9864,16.6906],[-14.9874,16.6879],[-15.0004,16.6407],[-15.0543,16.6231],[-15.0973,16.6721],[-15.1185,16.638],[-15.1094,16.6309],[-15.0777,16.6179],[-15.1184,16.573],[-15.1729,16.5822],[-15.2291,16.5466],[-15.3109,16.569],[-15.4022,16.529],[-15.4746,16.5773],[-15.5151,16.56],[-15.5156,16.5455],[-15.5164,16.5223],[-15.5166,16.5181],[-15.6239,16.5215],[-15.629,16.4897],[-15.7002,16.4672],[-15.8863,16.5131],[-16.0492,16.4755],[-16.0516,16.4784],[-16.0762,16.5084],[-16.1134,16.5539],[-16.1898,16.5148],[-16.2367,16.5188],[-16.2629,16.5195],[-16.3648,16.3112],[-16.3539,16.2634],[-16.3883,16.21],[-16.4528,16.184],[-16.4419,16.1008],[-16.5112,16.0253],[-16.5285,15.8285],[-16.6104,15.6333],[-16.811,15.3293],[-17.1686,14.8906],[-17.3473,14.8039],[-17.3549,14.8011],[-17.3816,14.7909],[-17.4202,14.7751],[-17.4342,14.7699],[-17.4592,14.7633],[-17.4621,14.7628],[-17.4832,14.7637]]],[[[-16.642,13.6267],[-16.6282,13.6245],[-16.646,13.6351],[-16.6549,13.6495],[-16.6707,13.6609],[-16.642,13.6267]]],[[[-16.6445,13.6503],[-16.6374,13.6564],[-16.6395,13.6565],[-16.6413,13.6536],[-16.6445,13.6503]]],[[[-16.6406,13.6797],[-16.6442,13.6595],[-16.6335,13.6707],[-16.6378,13.6791],[-16.6406,13.6797]]],[[[-16.6538,13.6926],[-16.6664,13.6822],[-16.6591,13.6733],[-16.6517,13.6773],[-16.6538,13.6926]]],[[[-16.6377,13.6837],[-16.6358,13.6861],[-16.638,13.6901],[-16.6395,13.6868],[-16.6377,13.6837]]],[[[-16.6601,13.6997],[-16.6855,13.6937],[-16.6759,13.6904],[-16.6672,13.6957],[-16.6601,13.6997]]],[[[-16.6733,13.7413],[-16.6645,13.7612],[-16.6852,13.7478],[-16.6798,13.7391],[-16.6733,13.7413]]],[[[-16.7237,13.773],[-16.7443,13.7751],[-16.7399,13.7839],[-16.7587,13.7905],[-16.7686,13.7897],[-16.737,13.7692],[-16.7237,13.773]]],[[[-16.7572,13.8953],[-16.7629,13.8932],[-16.756,13.8008],[-16.7494,13.8254],[-16.7572,13.8953]]]]},"properties":{"iso3":"SEN"}},
{"type":"Feature","geometry":{"type":"MultiPolygon","coordinates":[[[[-10.5991,9.0457],[-10.5997,9.0585],[-10.6183,9.0621],[-10.7266,9.083],[-10.7334,9.0843],[-10.7231,9.1619],[-10.7203,9.1834],[-10.7184,9.1975],[-10.6713,9.2083],[-10.6635,9.2612],[-10.6633,9.3006],[-10.7171,9.3639],[-10.7342,9.3804],[-10.8106,9.3863],[-10.8112,9.3863],[-10.8148,9.3866],[-10.802,9.4144],[-10.8489,9.4547],[-10.8473,9.4595],[-10.8496,9.4614],[-10.8348,9.5172],[-10.8377,9.5222],[-10.8738,9.5375],[-10.8594,9.5582],[-10.9346,9.6586],[-11.0387,9.7977],[-11.0409,9.7992],[-11.1428,9.871],[-11.1564,9.8784],[-11.2078,9.9999],[-11.4002,9.9999],[-11.4776,9.9997],[-11.4775,9.9999],[-11.896,9.9999],[-11.9084,9.9432],[-11.9084,9.943],[-11.9122,9.9419],[-12.1402,9.8798],[-12.1483,9.8776],[-12.2271,9.9247],[-12.499,9.8436],[-12.5115,9.7603],[-12.5194,9.7073],[-12.5611,9.7032],[-12.5629,9.7031],[-12.5666,9.7027],[-12.5909,9.603],[-12.5917,9.5999],[-12.6163,9.601],[-12.6211,9.6012],[-12.6605,9.532],[-12.6868,9.4092],[-12.7523,9.3965],[-12.7534,9.345],[-12.8074,9.2914],[-12.8121,9.2868],[-12.8207,9.2868],[-12.9163,9.2866],[-12.9351,9.2866],[-12.9493,9.243],[-12.9797,9.1494],[-12.9916,9.1128],[-13.0724,9.0586],[-13.0866,9.0491],[-13.0877,9.0484],[-13.1019,9.0556],[-13.1814,9.0894],[-13.3025,9.0397],[-13.2911,8.9713],[-13.2712,8.9781],[-13.2915,8.9633],[-13.26,8.9502],[-13.2727,8.9729],[-13.2698,8.9757],[-13.2589,8.9598],[-13.2654,9.0052],[-13.2508,9.0155],[-13.2587,9.0129],[-13.2664,9.0432],[-13.269,9.038],[-13.2811,9.035],[-13.2748,9.0408],[-13.2691,9.0388],[-13.2732,9.0424],[-13.2729,9.0437],[-13.2707,9.045],[-13.2644,9.0427],[-13.2501,9.0227],[-13.2505,9.0196],[-13.2533,9.0189],[-13.2556,9.0222],[-13.2552,9.0162],[-13.2577,9.0135],[-13.252,9.0168],[-13.2495,9.0151],[-13.2509,9.0108],[-13.2563,9.0071],[-13.2455,8.9992],[-13.2409,9.0017],[-13.2409,9.0078],[-13.2369,9.012],[-13.2208,9.0199],[-13.2133,9.0376],[-13.2129,9.0314],[-13.2206,9.0189],[-13.2319,9.0078],[-13.2403,9.0072],[-13.2383,8.9969],[-13.2394,9.0025],[-13.2449,8.9984],[-13.2477,8.9989],[-13.2528,9.0031],[-13.2511,8.9948],[-13.2545,8.9965],[-13.2577,8.9941],[-13.2504,8.9914],[-13.2415,8.9463],[-13.2258,8.9802],[-13.209,8.9524],[-13.2125,8.9432],[-13.233,8.9584],[-13.1931,8.9118],[-13.1767,8.9313],[-13.1761,8.9259],[-13.1788,8.9253],[-13.177,8.9227],[-13.1772,8.9208],[-13.1878,8.9111],[-13.1836,8.9098],[-13.1408,8.9237],[-13.1418,8.9247],[-13.0769,8.9408],[-13.0895,8.9328],[-13.0771,8.9288],[-13.0615,8.9302],[-13.0576,8.9529],[-13.0757,8.9415],[-13.092,8.9557],[-13.092,8.9623],[-13.0809,8.9745],[-13.0941,8.9747],[-13.0974,8.9845],[-13.0856,9.0093],[-13.0832,9.0092],[-13.0812,9.0083],[-13.0807,9.0003],[-13.0856,9.0005],[-13.0829,8.9918],[-13.0845,8.9878],[-13.0905,8.9827],[-13.0936,8.9839],[-13.093,8.9779],[-13.094,8.9759],[-13.0885,8.9783],[-13.0855,8.978],[-13.0703,8.9719],[-13.0516,8.9864],[-13.066,8.9908],[-13.07,9.0009],[-13.0565,9.0109],[-13.0548,9.0104],[-13.056,9.0069],[-13.0595,9.0016],[-13.0555,8.9985],[-13.0608,8.9925],[-13.0633,8.9931],[-13.0666,8.9952],[-13.0671,8.9949],[-13.0654,8.9912],[-13.0526,8.9911],[-13.0506,8.9881],[-13.0497,8.9812],[-13.0378,8.9828],[-13.041,8.9956],[-13.0288,9.0018],[-13.0285,8.9995],[-13.0299,8.9973],[-13.0381,8.9949],[-13.0407,8.9952],[-13.0373,8.9824],[-13.0904,8.9625],[-13.0416,8.9579],[-13.0412,8.957],[-13.0453,8.9536],[-13.0455,8.9515],[-13.0421,8.9514],[-13.0436,8.9506],[-13.0456,8.9505],[-13.0461,8.9532],[-13.049,8.9515],[-13.0503,8.952],[-13.0505,8.9545],[-13.0531,8.95],[-13.042,8.9249],[-13.058,8.9246],[-13.0584,8.9281],[-13.0605,8.9289],[-13.0655,8.927],[-13.0599,8.9246],[-13.0854,8.9242],[-13.077,8.897],[-13.1088,8.9282],[-13.1378,8.9012],[-13.1196,8.9217],[-13.1365,8.9217],[-13.1482,8.8991],[-13.1382,8.9008],[-13.1479,8.8918],[-13.1119,8.8288],[-13.1548,8.8236],[-13.2011,8.8591],[-13.248,8.8144],[-13.2431,8.6627],[-13.1475,8.5163],[-13.1319,8.5477],[-13.1509,8.5612],[-13.1312,8.549],[-13.1158,8.5982],[-13.1228,8.5949],[-13.1295,8.5996],[-13.1286,8.6041],[-13.1495,8.6023],[-13.1252,8.6077],[-13.1287,8.5995],[-13.1155,8.5996],[-13.1162,8.5889],[-13.1089,8.6058],[-13.171,8.663],[-13.1417,8.6761],[-13.1539,8.6496],[-13.1244,8.6383],[-13.0932,8.6668],[-13.0931,8.6517],[-13.1222,8.6339],[-13.0839,8.6157],[-13.0602,8.631],[-13.0771,8.6813],[-13.0503,8.6837],[-13.0527,8.6456],[-13.0084,8.6608],[-13.0529,8.6068],[-13.057,8.6057],[-13.0646,8.6091],[-13.0685,8.6155],[-13.095,8.605],[-13.0603,8.5744],[-13.0227,8.603],[-13.0261,8.6204],[-13.0192,8.622],[-13.0214,8.5979],[-12.9693,8.5933],[-12.9726,8.6002],[-12.9113,8.5454],[-12.9487,8.5268],[-12.9749,8.5638],[-13.0223,8.5646],[-13.0231,8.5165],[-13.0497,8.5278],[-13.138,8.453],[-13.0611,8.4204],[-13.0744,8.3965],[-13.0413,8.3761],[-13.068,8.3507],[-13.095,8.4146],[-13.1357,8.3882],[-13.1414,8.3958],[-13.1274,8.415],[-13.1401,8.4111],[-13.133,8.419],[-13.1197,8.4159],[-13.1196,8.421],[-13.21,8.4941],[-13.2683,8.4972],[-13.2778,8.4679],[-13.2967,8.4991],[-13.2798,8.4424],[-13.2634,8.3831],[-13.1598,8.2859],[-13.1607,8.1695],[-13.0653,8.238],[-12.9884,8.2369],[-12.8966,8.0863],[-12.8845,7.9611],[-12.8113,7.9198],[-12.7765,7.9393],[-12.7863,7.9302],[-12.8128,7.9177],[-12.9001,7.9447],[-12.862,7.9173],[-12.8623,7.9139],[-12.8699,7.9129],[-12.869,7.9149],[-12.8629,7.9165],[-12.8744,7.9177],[-12.8868,7.9329],[-12.9022,7.9345],[-12.9049,7.939],[-12.9039,7.9443],[-12.9609,7.9168],[-12.9287,7.8738],[-12.8079,7.7892],[-12.7938,7.8106],[-12.7509,7.816],[-12.7942,7.8002],[-12.7883,7.7641],[-12.7087,7.7016],[-12.5877,7.6852],[-12.4785,7.7752],[-12.4488,7.7284],[-12.458,7.7209],[-12.4707,7.7228],[-12.4903,7.7448],[-12.5171,7.7136],[-12.517,7.7162],[-12.5331,7.7081],[-12.5395,7.6947],[-12.5328,7.6954],[-12.5462,7.6799],[-12.5375,7.6513],[-12.5084,7.6367],[-12.4571,7.6783],[-12.4524,7.6585],[-12.4995,7.6349],[-12.4531,7.6328],[-12.4603,7.6279],[-12.4646,7.6293],[-12.4612,7.6238],[-12.4617,7.6216],[-12.4763,7.6129],[-12.4591,7.5683],[-12.4628,7.5844],[-12.4481,7.5999],[-12.4282,7.5991],[-12.4299,7.6104],[-12.4211,7.6104],[-12.4237,7.6059],[-12.4264,7.6067],[-12.4297,7.6099],[-12.4272,7.6009],[-12.428,7.5987],[-12.4415,7.5942],[-12.4438,7.5951],[-12.4455,7.5992],[-12.4474,7.5995],[-12.4496,7.5948],[-12.446,7.5903],[-12.4464,7.5879],[-12.4519,7.5839],[-12.4622,7.5839],[-12.4565,7.5703],[-12.4621,7.5529],[-12.3672,7.5504],[-12.366,7.5481],[-12.3645,7.5503],[-12.3376,7.5496],[-12.3723,7.5407],[-12.3683,7.5459],[-12.3685,7.5495],[-12.3809,7.5403],[-12.373,7.5405],[-12.4169,7.5293],[-12.4052,7.5119],[-12.4077,7.4969],[-12.408,7.499],[-12.4099,7.4971],[-12.4108,7.4971],[-12.4115,7.4984],[-12.408,7.5115],[-12.4136,7.5137],[-12.4098,7.5158],[-12.4308,7.5293],[-12.4896,7.4486],[-12.378,7.4233],[-12.3674,7.4065],[-12.3825,7.4095],[-12.3885,7.4166],[-12.4053,7.425],[-12.389,7.4106],[-12.4004,7.4154],[-12.4223,7.4202],[-12.4092,7.4143],[-12.4005,7.4084],[-12.403,7.4114],[-12.3659,7.3947],[-12.371,7.403],[-12.3758,7.405],[-12.367,7.406],[-12.3512,7.381],[-12.4231,7.4127],[-12.5191,7.3849],[-11.9139,7.1725],[-11.6004,6.9799],[-11.5568,7.0001],[-11.6024,6.9767],[-11.4975,6.9234],[-11.4964,6.9236],[-11.4179,6.9379],[-11.4205,6.9437],[-11.4305,6.9697],[-11.3696,7.0196],[-11.3742,7.07],[-11.3321,7.0777],[-11.3467,7.1227],[-11.3516,7.1403],[-11.3099,7.2101],[-11.3092,7.2104],[-11.281,7.2223],[-11.1823,7.2638],[-11.169,7.29],[-11.1433,7.3409],[-11.1287,7.3512],[-10.8734,7.5307],[-10.8284,7.5624],[-10.6998,7.7353],[-10.6972,7.7383],[-10.6509,7.757],[-10.6048,7.7748],[-10.6051,7.9214],[-10.6054,8.0296],[-10.6053,8.0408],[-10.5848,8.0637],[-10.528,8.1262],[-10.4624,8.1574],[-10.3865,8.1529],[-10.3517,8.1509],[-10.3023,8.2025],[-10.2996,8.2053],[-10.3186,8.2841],[-10.2762,8.4785],[-10.2778,8.4794],[-10.2766,8.4851],[-10.289,8.486],[-10.3785,8.4924],[-10.386,8.4929],[-10.5493,8.3122],[-10.5535,8.3076],[-10.6639,8.3381],[-10.6739,8.3409],[-10.6919,8.313],[-10.719,8.271],[-10.6961,8.3596],[-10.6757,8.3731],[-10.6609,8.3828],[-10.6531,8.3879],[-10.6224,8.5417],[-10.4694,8.6746],[-10.5869,8.8043],[-10.5991,9.0457]]],[[[-12.9814,7.5646],[-12.9652,7.5785],[-12.9787,7.588],[-13.0008,7.5879],[-12.9814,7.5646]]],[[[-12.9042,7.5811],[-12.9006,7.5769],[-12.9014,7.5792],[-12.9021,7.58],[-12.9042,7.5811]]],[[[-12.9286,7.589],[-12.9276,7.5843],[-12.9214,7.5871],[-12.9246,7.592],[-12.9286,7.589]]],[[[-13.0019,7.5929],[-13.0015,7.5929],[-13.0015,7.5931],[-13.002,7.5931],[-13.0019,7.5929]]],[[[-12.9807,7.5973],[-12.9816,7.5974],[-12.9816,7.5969],[-12.9808,7.5971],[-12.9807,7.5973]]],[[[-13.0019,7.5936],[-13.0056,7.6032],[-13.0163,7.6002],[-13.0193,7.5924],[-13.0019,7.5936]]],[[[-13.0643,7.6212],[-13.0705,7.6251],[-13.0598,7.6052],[-13.0591,7.6094],[-13.0643,7.6212]]],[[[-13.0119,7.6181],[-13.0112,7.6184],[-13.0101,7.6189],[-13.0119,7.6184],[-13.0127,7.6169],[-13.0119,7.6181]]],[[[-12.9146,7.6169],[-12.9097,7.6221],[-12.9111,7.6233],[-12.9177,7.6182],[-12.9146,7.6169]]],[[[-13.0093,7.623],[-13.0109,7.623],[-13.0106,7.6215],[-13.0092,7.6225],[-13.0093,7.623]]],[[[-13.0718,7.6225],[-13.0718,7.622],[-13.0705,7.6228],[-13.0716,7.6227],[-13.0718,7.6225]]],[[[-13.0669,7.6241],[-13.0671,7.6246],[-13.0677,7.6243],[-13.0677,7.6238],[-13.0669,7.6241]]],[[[-13.0646,7.6241],[-13.0646,7.6248],[-13.0651,7.6246],[-13.0651,7.6241],[-13.0646,7.6241]]],[[[-13.0096,7.6248],[-13.0078,7.6251],[-13.0078,7.6256],[-13.0093,7.6264],[-13.0096,7.6248]]],[[[-13.0044,7.6273],[-13.0041,7.6274],[-13.0039,7.6284],[-13.0044,7.6284],[-13.0044,7.6273]]],[[[-12.9576,7.6293],[-12.9563,7.6314],[-12.9535,7.6323],[-12.957,7.6314],[-12.9576,7.6293]]],[[[-13.0067,7.6359],[-13.0044,7.6294],[-12.9911,7.6366],[-12.9955,7.6426],[-13.0067,7.6359]]],[[[-13.0064,7.6367],[-13.0067,7.6367],[-13.0067,7.6362],[-13.0064,7.6362],[-13.0064,7.6367]]],[[[-13.0055,7.6369],[-13.0031,7.6387],[-13.0038,7.64],[-13.0059,7.6377],[-13.0055,7.6369]]],[[[-13.0635,7.6271],[-13.0403,7.6207],[-13.0257,7.6567],[-13.0653,7.6421],[-13.0635,7.6271]]],[[[-13.0095,7.6518],[-13.0092,7.6526],[-13.011,7.6519],[-13.0107,7.6515],[-13.0095,7.6518]]],[[[-13.011,7.6522],[-13.0115,7.6524],[-13.0115,7.6519],[-13.0112,7.6519],[-13.011,7.6522]]],[[[-13.0734,7.6709],[-13.0667,7.6701],[-13.0584,7.6734],[-13.0737,7.6715],[-13.0734,7.6709]]],[[[-13.0015,7.9077],[-12.9995,7.9085],[-13.001,7.9085],[-13.0011,7.9083],[-13.0015,7.9077]]],[[[-13.0095,7.9101],[-13.0098,7.9101],[-13.0098,7.9098],[-13.0095,7.9098],[-13.0095,7.9101]]],[[[-12.9898,7.9136],[-12.9948,7.9087],[-12.9904,7.908],[-12.9842,7.9106],[-12.9898,7.9136]]],[[[-12.9945,7.9115],[-12.9943,7.9115],[-12.9943,7.9118],[-12.9945,7.9118],[-12.9945,7.9115]]],[[[-12.9974,7.9123],[-12.9974,7.9121],[-12.9969,7.9118],[-12.9969,7.9123],[-12.9974,7.9123]]],[[[-12.966,7.9139],[-12.965,7.9141],[-12.9655,7.9153],[-12.9665,7.9149],[-12.966,7.9139]]],[[[-12.9896,7.9151],[-12.9896,7.9146],[-12.9893,7.9146],[-12.9893,7.9151],[-12.9896,7.9151]]],[[[-12.571,7.4029],[-12.5721,7.4042],[-12.5721,7.4034],[-12.5714,7.4022],[-12.571,7.4029]]],[[[-12.5014,7.4285],[-12.4999,7.4312],[-12.502,7.4352],[-12.504,7.4333],[-12.5014,7.4285]]],[[[-12.4956,7.4417],[-12.4853,7.4297],[-12.4823,7.4382],[-12.4946,7.4451],[-12.4956,7.4417]]],[[[-12.484,7.4439],[-12.4898,7.4453],[-12.4851,7.4407],[-12.483,7.4419],[-12.484,7.4439]]],[[[-12.4969,7.4468],[-12.4945,7.4531],[-12.4977,7.4513],[-12.4994,7.4464],[-12.4969,7.4468]]],[[[-12.5163,7.4569],[-12.5156,7.4572],[-12.5153,7.4577],[-12.5158,7.4578],[-12.5163,7.4569]]],[[[-12.499,7.4661],[-12.4972,7.4687],[-12.4997,7.4689],[-12.5008,7.4683],[-12.499,7.4661]]],[[[-12.5123,7.4703],[-12.5168,7.4689],[-12.516,7.466],[-12.5096,7.4676],[-12.5123,7.4703]]],[[[-12.5077,7.4777],[-12.5085,7.477],[-12.5082,7.4771],[-12.5075,7.4772],[-12.5077,7.4777]]],[[[-12.4947,7.5008],[-12.4947,7.5014],[-12.4949,7.5014],[-12.4949,7.5008],[-12.4947,7.5008]]],[[[-12.4942,7.5016],[-12.4941,7.5007],[-12.4938,7.5008],[-12.4937,7.5012],[-12.4942,7.5016]]],[[[-12.4957,7.5011],[-12.4954,7.5011],[-12.4954,7.5016],[-12.4957,7.5016],[-12.4957,7.5011]]],[[[-12.5007,7.4985],[-12.4963,7.4972],[-12.4967,7.5083],[-12.5002,7.5071],[-12.5007,7.4985]]],[[[-12.4971,7.5087],[-12.4974,7.5097],[-12.4982,7.5102],[-12.4986,7.5088],[-12.4971,7.5087]]],[[[-12.4901,7.5059],[-12.4889,7.5107],[-12.4892,7.5117],[-12.4921,7.5155],[-12.4901,7.5059]]],[[[-12.4932,7.5131],[-12.4978,7.5197],[-12.4943,7.503],[-12.4906,7.5032],[-12.4932,7.5131]]],[[[-12.4995,7.5094],[-12.4992,7.5094],[-12.5002,7.5139],[-12.5006,7.5115],[-12.4995,7.5094]]],[[[-12.8048,7.6222],[-12.8056,7.6221],[-12.8051,7.6207],[-12.8039,7.621],[-12.8038,7.6213],[-12.7767,7.5978],[-12.8702,7.6181],[-12.9205,7.5925],[-12.8694,7.5672],[-12.9422,7.5685],[-12.6398,7.4819],[-12.581,7.4514],[-12.559,7.3895],[-12.5278,7.3959],[-12.5428,7.4257],[-12.4997,7.5272],[-12.5258,7.5616],[-12.5563,7.5282],[-12.5795,7.5796],[-12.5436,7.5451],[-12.5281,7.579],[-12.5033,7.5478],[-12.5032,7.584],[-12.5655,7.6134],[-12.5491,7.5931],[-12.5935,7.593],[-12.5847,7.5846],[-12.6015,7.5765],[-12.599,7.5823],[-12.5969,7.5807],[-12.5969,7.5832],[-12.5995,7.584],[-12.5995,7.585],[-12.5887,7.6092],[-12.6005,7.5937],[-12.6068,7.6007],[-12.6069,7.6009],[-12.6107,7.6074],[-12.6113,7.6056],[-12.6139,7.6085],[-12.6174,7.589],[-12.6328,7.5858],[-12.6221,7.5761],[-12.6306,7.5774],[-12.6338,7.5859],[-12.6293,7.5938],[-12.6228,7.5949],[-12.6244,7.5978],[-12.6276,7.5954],[-12.6302,7.5978],[-12.6276,7.5959],[-12.6243,7.5983],[-12.6228,7.5971],[-12.6224,7.594],[-12.625,7.5918],[-12.6235,7.5882],[-12.6177,7.5907],[-12.6154,7.619],[-12.5996,7.5959],[-12.5981,7.6108],[-12.5755,7.6206],[-12.5888,7.6367],[-12.668,7.6375],[-12.6674,7.6264],[-12.6795,7.6252],[-12.6759,7.6231],[-12.6739,7.6122],[-12.67,7.6156],[-12.6716,7.611],[-12.6745,7.6122],[-12.6746,7.6146],[-12.677,7.6152],[-12.678,7.6198],[-12.6766,7.6232],[-12.6801,7.624],[-12.6794,7.6274],[-12.6785,7.628],[-12.6675,7.6272],[-12.674,7.6339],[-12.6722,7.637],[-12.6938,7.6388],[-12.7243,7.6237],[-12.7135,7.6206],[-12.7102,7.599],[-12.7131,7.6014],[-12.7145,7.6075],[-12.717,7.6075],[-12.7182,7.6145],[-12.716,7.6166],[-12.7203,7.6181],[-12.7193,7.6201],[-12.7144,7.6205],[-12.7204,7.6219],[-12.7231,7.6197],[-12.7271,7.6287],[-12.8074,7.6244],[-12.8048,7.6222]]],[[[-12.4956,7.5457],[-12.4952,7.532],[-12.4916,7.5364],[-12.4917,7.5441],[-12.4956,7.5457]]],[[[-12.507,7.5439],[-12.507,7.5447],[-12.5078,7.5444],[-12.5073,7.5437],[-12.507,7.5439]]],[[[-12.5078,7.5467],[-12.507,7.5465],[-12.507,7.547],[-12.5076,7.5469],[-12.5078,7.5467]]],[[[-12.5336,7.5539],[-12.5324,7.5551],[-12.5334,7.5553],[-12.5341,7.5543],[-12.5336,7.5539]]],[[[-12.4843,7.6172],[-12.4928,7.6211],[-12.508,7.6185],[-12.4792,7.604],[-12.4843,7.6172]]],[[[-12.503,7.6314],[-12.5056,7.6269],[-12.5023,7.6261],[-12.5014,7.6278],[-12.503,7.6314]]],[[[-12.5612,7.6351],[-12.554,7.6302],[-12.5545,7.6322],[-12.5571,7.6353],[-12.5612,7.6351]]],[[[-12.541,7.649],[-12.5556,7.6558],[-12.524,7.6248],[-12.5226,7.6385],[-12.541,7.649]]],[[[-12.3887,7.4],[-12.3892,7.4],[-12.3875,7.3989],[-12.3882,7.3995],[-12.3887,7.4]]],[[[-12.4329,7.4126],[-12.4318,7.4141],[-12.4486,7.4118],[-12.4426,7.4112],[-12.4329,7.4126]]],[[[-12.4476,7.413],[-12.4445,7.4166],[-12.4483,7.4164],[-12.4476,7.4144],[-12.4476,7.413]]],[[[-12.4336,7.4151],[-12.4285,7.4156],[-12.4408,7.4183],[-12.4394,7.4176],[-12.4336,7.4151]]],[[[-12.4649,7.4179],[-12.4629,7.4189],[-12.4681,7.4188],[-12.4705,7.4162],[-12.4649,7.4179]]],[[[-12.4408,7.4178],[-12.4414,7.4186],[-12.4444,7.4178],[-12.4445,7.4174],[-12.4408,7.4178]]],[[[-12.3873,7.4183],[-12.3874,7.4204],[-12.3891,7.4211],[-12.3874,7.416],[-12.3873,7.4183]]],[[[-12.406,7.419],[-12.4045,7.4185],[-12.4036,7.4192],[-12.4041,7.4195],[-12.406,7.419]]],[[[-12.4268,7.4188],[-12.4352,7.4205],[-12.4314,7.4187],[-12.427,7.4183],[-12.4268,7.4188]]],[[[-12.4104,7.4195],[-12.4029,7.4206],[-12.432,7.4266],[-12.4292,7.4239],[-12.4104,7.4195]]],[[[-12.4007,7.4251],[-12.4023,7.4249],[-12.3983,7.4245],[-12.3991,7.4252],[-12.4007,7.4251]]],[[[-12.4838,7.4328],[-12.4821,7.4305],[-12.4796,7.433],[-12.481,7.4365],[-12.4838,7.4328]]],[[[-12.4791,7.5285],[-12.4716,7.5125],[-12.4713,7.5171],[-12.4749,7.5231],[-12.4791,7.5285]]],[[[-12.4853,7.5293],[-12.4884,7.5357],[-12.4831,7.5208],[-12.4833,7.5272],[-12.4853,7.5293]]],[[[-12.4771,7.5402],[-12.4682,7.5215],[-12.4609,7.5277],[-12.4597,7.5409],[-12.4771,7.5402]]],[[[-12.4318,7.5453],[-12.4332,7.5476],[-12.4392,7.5466],[-12.4375,7.5442],[-12.4318,7.5453]]],[[[-12.4792,7.5427],[-12.4721,7.5456],[-12.4784,7.5495],[-12.4821,7.5505],[-12.4792,7.5427]]],[[[-12.4675,7.5595],[-12.4638,7.5625],[-12.4655,7.5667],[-12.4689,7.5656],[-12.4675,7.5595]]],[[[-12.4688,7.5687],[-12.4606,7.5653],[-12.4596,7.5677],[-12.4674,7.5711],[-12.4688,7.5687]]],[[[-12.4737,7.5725],[-12.4731,7.5719],[-12.4724,7.5747],[-12.4735,7.5735],[-12.4737,7.5725]]],[[[-12.4751,7.5743],[-12.4718,7.5754],[-12.4718,7.5809],[-12.4738,7.5755],[-12.4751,7.5743]]],[[[-12.4746,7.5912],[-12.4833,7.597],[-12.4793,7.5819],[-12.4743,7.5899],[-12.4746,7.5912]]],[[[-12.4807,7.5953],[-12.4748,7.5921],[-12.4785,7.5983],[-12.4825,7.597],[-12.4807,7.5953]]],[[[-13.2444,8.1004],[-13.2502,8.0941],[-13.2452,8.0931],[-13.242,8.0953],[-13.2444,8.1004]]],[[[-13.2066,8.1114],[-13.1898,8.1406],[-13.2364,8.1054],[-13.2399,8.0982],[-13.2066,8.1114]]],[[[-13.2048,8.3067],[-13.2057,8.3059],[-13.204,8.3053],[-13.2035,8.3062],[-13.2048,8.3067]]],[[[-13.203,8.3072],[-13.2025,8.3068],[-13.2023,8.307],[-13.2026,8.3077],[-13.203,8.3072]]],[[[-13.1979,8.3128],[-13.1975,8.3129],[-13.1977,8.3132],[-13.1979,8.3132],[-13.1979,8.3128]]],[[[-13.2932,8.496],[-13.2932,8.4962],[-13.2933,8.4959],[-13.2932,8.496]]],[[[-13.1666,8.1625],[-13.1671,8.1625],[-13.1671,8.1623],[-13.1666,8.1623],[-13.1666,8.1625]]],[[[-13.1651,8.2027],[-13.1636,8.2023],[-13.1633,8.2029],[-13.1651,8.2035],[-13.1651,8.2027]]],[[[-13.1849,8.2819],[-13.1851,8.2833],[-13.1863,8.2824],[-13.186,8.2815],[-13.1849,8.2819]]],[[[-13.1941,8.2961],[-13.1946,8.2951],[-13.1943,8.2949],[-13.1933,8.2953],[-13.1941,8.2961]]],[[[-13.0574,8.5483],[-13.0657,8.5665],[-13.0878,8.5659],[-13.0879,8.5386],[-13.0574,8.5483]]],[[[-13.2462,8.68],[-13.2462,8.6805],[-13.2466,8.6806],[-13.2467,8.6803],[-13.2462,8.68]]],[[[-13.1584,8.8436],[-13.1713,8.8497],[-13.1747,8.8462],[-13.1634,8.8375],[-13.1584,8.8436]]],[[[-13.165,8.8765],[-13.1611,8.8714],[-13.1534,8.8674],[-13.151,8.8684],[-13.165,8.8765]]],[[[-13.1501,8.8695],[-13.1466,8.8682],[-13.1637,8.8874],[-13.1692,8.8829],[-13.1501,8.8695]]],[[[-13.1646,8.8932],[-13.1657,8.8931],[-13.1611,8.8892],[-13.1617,8.8928],[-13.1646,8.8932]]],[[[-13.1723,8.8914],[-13.1688,8.8919],[-13.171,8.894],[-13.1729,8.8924],[-13.1723,8.8914]]],[[[-13.1624,8.9036],[-13.1602,8.9021],[-13.1569,8.904],[-13.1578,8.9057],[-13.1624,8.9036]]],[[[-13.1979,8.9006],[-13.226,8.9225],[-13.2313,8.8902],[-13.2257,8.887],[-13.1979,8.9006]]],[[[-13.2041,8.9119],[-13.2011,8.9062],[-13.1965,8.9072],[-13.2023,8.9112],[-13.2041,8.9119]]],[[[-13.2581,9.0156],[-13.2569,9.0167],[-13.2573,9.0167],[-13.2578,9.0165],[-13.2581,9.0156]]],[[[-13.1305,8.5372],[-13.1302,8.5403],[-13.1316,8.5395],[-13.1316,8.5385],[-13.1305,8.5372]]],[[[-13.1153,8.5498],[-13.1207,8.547],[-13.1246,8.5452],[-13.1228,8.5375],[-13.1153,8.5498]]],[[[-13.1197,8.5649],[-13.1231,8.5632],[-13.1202,8.5597],[-13.1195,8.5603],[-13.1197,8.5649]]],[[[-13.1243,8.5645],[-13.1026,8.5833],[-13.1075,8.5947],[-13.1115,8.5938],[-13.1243,8.5645]]],[[[-13.1577,8.8433],[-13.1587,8.8405],[-13.1581,8.8398],[-13.1537,8.8426],[-13.1577,8.8433]]],[[[-13.1394,8.8434],[-13.1331,8.8453],[-13.1392,8.847],[-13.1437,8.8457],[-13.1394,8.8434]]],[[[-13.1418,8.8492],[-13.1542,8.852],[-13.1511,8.8497],[-13.1451,8.8479],[-13.1418,8.8492]]],[[[-13.1561,8.8538],[-13.151,8.8537],[-13.1519,8.8553],[-13.1575,8.8568],[-13.1561,8.8538]]],[[[-13.1386,8.8537],[-13.1474,8.8623],[-13.1519,8.8622],[-13.1469,8.8558],[-13.1386,8.8537]]],[[[-13.1547,8.8601],[-13.1582,8.8597],[-13.1578,8.8591],[-13.1529,8.8572],[-13.1547,8.8601]]],[[[-13.1431,8.8657],[-13.1328,8.8567],[-13.1372,8.8662],[-13.1429,8.8691],[-13.1431,8.8657]]],[[[-13.1429,8.8701],[-13.1493,8.8912],[-13.1568,8.8818],[-13.1459,8.8705],[-13.1429,8.8701]]],[[[-13.1187,8.9214],[-13.1173,8.9233],[-13.1166,8.9254],[-13.1186,8.9237],[-13.1187,8.9214]]],[[[-13.088,8.4167],[-13.088,8.4162],[-13.087,8.417],[-13.0875,8.4172],[-13.088,8.4167]]],[[[-12.9364,8.5562],[-12.9625,8.5507],[-12.9493,8.5319],[-12.9243,8.545],[-12.9364,8.5562]]],[[[-13.1065,8.559],[-13.1052,8.5665],[-13.11,8.5684],[-13.1128,8.5616],[-13.1065,8.559]]],[[[-13.041,8.5674],[-13.039,8.5714],[-13.0402,8.5713],[-13.0414,8.5681],[-13.041,8.5674]]],[[[-12.9536,8.5742],[-12.9563,8.571],[-12.9498,8.5697],[-12.948,8.5701],[-12.9536,8.5742]]],[[[-12.9738,8.5705],[-12.9602,8.5689],[-12.9804,8.5834],[-13.0093,8.5723],[-12.9774,8.5681],[-12.9738,8.5705]]],[[[-13.0703,8.5802],[-13.0738,8.578],[-13.0694,8.5732],[-13.0669,8.5753],[-13.0703,8.5802]]],[[[-13.0145,8.579],[-13.0069,8.575],[-12.9985,8.5796],[-13.0027,8.5814],[-13.0145,8.579]]],[[[-13.1091,8.5995],[-13.1097,8.5964],[-13.1074,8.5983],[-13.1085,8.6002],[-13.1091,8.5995]]]]},"properties":{"iso3":"SLE"}},
{"type":"Feature","geometry":{"type":"Polygon","coordinates":[[[1.6435,8.5962],[1.6177,9.0716],[1.4194,9.3166],[1.413,9.3245],[1.3898,9.4971],[1.3881,9.4965],[1.3609,9.4871],[1.3553,9.5042],[1.3425,9.5458],[1.3698,9.6615],[1.3643,9.9971],[1.3552,10],[1.0733,10.1868],[0.9016,10.29],[0.866,10.3242],[0.7746,10.3848],[0.7767,10.4101],[0.7799,10.4497],[0.8018,10.7183],[0.847,10.7727],[0.8844,10.8521],[0.8975998689279897,10.910899416133772],[0.8976,10.9109],[0.888,10.9142],[0.9105,10.9965],[0.7454530855806941,10.998296241010841],[0.6716,10.9991],[0.5008,10.9334],[0.501,10.9367],[0.5009734417344174,10.93668672086721],[0.5008,10.9366],[0.5038,11.0094],[0.4234,11.0265],[0.2625265885278575,11.059773817403865],[0.2624,11.0598],[0.1559,11.0813],[-0.10808790812110153,11.134635132566624],[-0.1584,11.1448],[-0.1361,11.1391],[-0.1361292800516065,11.138950397236322],[-0.1425,11.1064],[-0.1396,11.1052],[-0.1377,11.1044],[-0.0313,11.1086],[-0.0169,11.1137],[-0.0137,11.106],[0.0302,11.0015],[0.0339,10.9927],[0.0314,10.9907],[-0.0058,10.9612],[-0.0059,10.9602],[-0.0225,10.8195],[-0.0878,10.7153],[-0.0909,10.7104],[-0.0679,10.6535],[-0.0628,10.6407],[0.1035,10.5469],[0.1431,10.5259],[0.1576,10.474],[0.1859,10.412],[0.1939,10.403],[0.2321,10.416],[0.2663,10.4123],[0.2848,10.4104],[0.2983,10.4089],[0.2948,10.3931],[0.3257,10.3401],[0.3365,10.3289],[0.3273,10.3203],[0.3219,10.3106],[0.3977,10.3095],[0.3779,10.2824],[0.3615,10.2565],[0.3523,10.1011],[0.4173,10.0577],[0.4111,10.0227],[0.408,10.0232],[0.4079,10.0222],[0.3616,10.0277],[0.3533,10.0287],[0.3805,9.9441],[0.3645,9.9322],[0.362,9.9209],[0.3195,9.7265],[0.3815,9.6443],[0.3823,9.5923],[0.3734,9.5912],[0.2403,9.5746],[0.2405,9.5708],[0.2429,9.5245],[0.3105,9.5048],[0.2946,9.5014],[0.2305,9.4875],[0.2297,9.473],[0.2293,9.4662],[0.2397,9.4556],[0.2767,9.4287],[0.3344,9.4516],[0.3375,9.4528],[0.356,9.4915],[0.3593,9.4983],[0.4471,9.5011],[0.5647,9.4071],[0.5599,9.3057],[0.5085,9.2581],[0.5391,9.2135],[0.4781,9.1441],[0.4586,9.0643],[0.5278,8.88],[0.5265,8.8778],[0.5269,8.8767],[0.512,8.8451],[0.4911,8.8009],[0.4738,8.8],[0.4713,8.7966],[0.3912,8.7916],[0.3828,8.7389],[0.3823,8.7355],[0.436,8.6538],[0.4724,8.5986],[0.4728,8.5979],[0.6445,8.4913],[0.6459,8.4886],[0.7205,8.3497],[0.7286,8.3346],[0.7275,8.3084],[0.7245,8.2832],[0.701,8.2759],[0.6411,8.2573],[0.5944,8.2024],[0.5895,8.1966],[0.5957,8.1252],[0.6016,8.0576],[0.616,7.891],[0.6175,7.7052],[0.6138,7.705],[0.5898,7.7072],[0.5776,7.6209],[0.577,7.6164],[0.5195,7.5883],[0.5179,7.5875],[0.5022,7.4638],[0.5605,7.3906],[0.6424,7.3937],[0.6447,7.3819],[0.6443,7.2776],[0.6402,7.2645],[0.5983,7.1328],[0.5983,7.1289],[0.5984,7.1092],[0.5988,7.0284],[0.5557,6.9874],[0.5301,6.9631],[0.5147,6.9484],[0.5581,6.9141],[0.5301,6.8258],[0.5737,6.8092],[0.5778,6.8073],[0.5765,6.7613],[0.6239,6.7475],[0.6461,6.7395],[0.6378,6.6322],[0.6379,6.6321],[0.6406,6.6291],[0.6812,6.5838],[0.7374,6.5771],[0.7366,6.5746],[0.7199,6.5213],[0.7187,6.5175],[0.7211,6.5184],[0.7267,6.504],[0.77,6.4308],[0.8206,6.3917],[0.8833,6.3432],[0.8923,6.3363],[1.0041,6.3348],[1.0616,6.2102],[1.0842,6.1709],[1.2003,6.1677],[1.1995,6.1126],[1.1963,6.1108],[1.3102,6.1488],[1.8067,6.2843],[1.8072,6.2844],[1.7808,6.4268],[1.7259,6.5018],[1.6957,6.5004],[1.6956,6.5008],[1.6963,6.5534],[1.6789,6.5653],[1.6303,6.5986],[1.6124,6.6109],[1.574,6.6884],[1.5916,6.7129],[1.6087,6.7363],[1.6259,6.7598],[1.6258,6.7599],[1.606,6.7918],[1.5969,6.8064],[1.5984,6.8241],[1.605,6.9041],[1.6052,6.9061],[1.6036,6.907],[1.5767,6.9221],[1.5576,6.998],[1.595,6.9962],[1.6416,6.994],[1.6416,6.9946],[1.6357,7.4166],[1.6429,7.4763],[1.644,7.4856],[1.6757,7.4946],[1.6751,7.4968],[1.6774,7.4976],[1.635,7.661],[1.6314,7.6747],[1.6305,8.3782],[1.6499,8.4781],[1.6304,8.4718],[1.6302,8.5937],[1.6435,8.5962]]]},"properties":{"iso3":"TGO"}},
{"type":"Feature","geometry":{"type":"Polygon","coordinates":[[[33.5201,-0.9992],[33.9296,-0.9959],[33.9295,-0.8923],[33.9295,-0.8048],[33.9294,-0.73],[33.9429,-0.4451],[33.9582,-0.3381],[33.9878,-0.1312],[33.9536,-0.026],[33.9112,0.1042],[34.0998,0.3473],[34.0992,0.3529],[34.089,0.4537],[34.089,0.4541],[34.1384,0.583],[34.2774,0.6399],[34.3147,0.7611],[34.331,0.7687],[34.3626,0.7771],[34.3739,0.7888],[34.4141,0.8076],[34.4472,0.8612],[34.523,1.0994],[34.5752,1.0994],[34.5798,1.1471],[34.582,1.1485],[34.6695,1.205],[34.7192,1.2136],[34.7974,1.2271],[34.8066,1.2287],[34.8155,1.2554],[34.82,1.2623],[34.8225,1.2762],[34.8308,1.3009],[34.8278,1.3053],[34.7875,1.3636],[34.7924,1.374],[34.8194,1.4304],[34.8613,1.5184],[34.8648,1.5256],[34.9444,1.5739],[34.992,1.6616],[34.9926,1.6802],[35.0009,1.9585],[35.0009,1.9597],[34.9153,2.3991],[34.9273,2.4214],[34.9463,2.4543],[34.9552,2.4697],[34.8983,2.5827],[34.8969,2.5855],[34.8946,2.5901],[34.8883,2.5847],[34.8577,2.5819],[34.8261,2.6208],[34.7961,2.6653],[34.7719,2.7418],[34.7401,2.8427],[34.7371,2.8523],[34.7272,2.8538],[34.6542,2.8648],[34.6537,2.8649],[34.6348,2.8849],[34.5996,2.9228],[34.5992,2.9244],[34.5509,3.1166],[34.5466,3.1338],[34.476,3.1694],[34.4552,3.184],[34.4323,3.2904],[34.39,3.4891],[34.4523,3.5144],[34.464,3.6668],[34.4637,3.667],[34.3658,3.7325],[34.3033,3.6829],[34.2463,3.7812],[34.1716,3.765],[34.1736,3.7681],[34.1894,3.7925],[34.1883,3.7929],[34.1897,3.7951],[34.1585,3.8058],[34.2268,3.8283],[34.2189,3.8659],[34.2159,3.8814],[34.0913,3.8632],[34.1354,3.9586],[34.1341,3.9594],[34.1349,3.9611],[34.0625,4.009],[34.0921,4.0464],[34.0857,4.0574],[34.0921,4.0695],[34.0643,4.1383],[34.0664,4.1413],[34.0601,4.1486],[34.0019,4.2158],[33.9938,4.2253],[33.9885,4.2314],[33.952820721686315,4.195275955698464],[33.938377909507444,4.180653104238258],[33.86971077233494,4.111129985427643],[33.5953,3.8336],[33.51476915909404,3.7522022002804616],[33.1812,3.776],[33.1798,3.7761],[33.0285,3.8909],[32.883,3.808],[32.416209293416884,3.7429152388122495],[32.416,3.7429],[32.1979,3.5978],[32.1979,3.5966],[32.19790112038799,3.596575351464178],[32.1981,3.5922],[32.20078699641005,3.5161840047865973],[32.2012,3.5045],[32.0851,3.5301],[32.0624,3.5801],[32.059254732223,3.5799034207639377],[32.0592,3.5799],[32.0007,3.5768],[31.959041254393078,3.5863675587996755],[31.9589,3.5864],[31.9579,3.5866],[31.9592,3.6568],[31.93333721398518,3.6933474118973892],[31.9333,3.6934],[31.927820558888257,3.7011708437584763],[31.9278,3.7012],[31.8706,3.7821],[31.8055,3.8222],[31.8036,3.82],[31.803585556628654,3.819983644541202],[31.7122,3.7165],[31.712,3.7165],[31.6182,3.7291],[31.516,3.6368],[31.5086,3.6742],[31.29126914168441,3.7932430275346647],[31.29081964760382,3.7934892380204976],[31.2908,3.7935],[31.29,3.7935],[31.1659,3.794],[31.1658,3.794],[31.14481951643703,3.7822429413942187],[31.09216860061057,3.7527383829715393],[30.9977,3.6998],[30.9809,3.7014],[30.972143624856155,3.687582600690448],[30.97,3.6842],[30.9654,3.6769],[30.95717837004405,3.6639285682819382],[30.8882,3.5551],[30.88133031604055,3.53584553369112],[30.8811,3.5352],[30.8649,3.4899],[30.863985508506147,3.4873198275709143],[30.8621,3.482],[30.889342304060435,3.4907052475381093],[30.91973723705824,3.494763316029138],[30.927409823815726,3.4874375128539117],[30.903,3.356],[30.898255279292034,3.3443597138053045],[30.8449,3.2691],[30.8389,3.2606],[30.7687,3.0494],[30.775321251624675,3.042764034482825],[30.8587,2.9592],[30.8698,2.9],[30.870121066940243,2.8982742651962012],[30.879355674949633,2.8486382471457365],[30.8004,2.6852],[30.799900390424597,2.682044704920737],[30.7616,2.6019],[30.7508,2.5833],[30.7415,2.4473],[30.7523,2.4168],[30.759638951120163,2.417421945010183],[30.7889957166515,2.4199098064958893],[30.87899060857542,2.364774814390258],[30.8954,2.3428],[30.9055,2.3294],[30.9339,2.3381],[30.9353,2.3386],[30.9425,2.3408],[30.948293042693066,2.366045470262414],[30.97517414668051,2.3979639950634226],[30.9895,2.3981],[30.996156054435286,2.3962847124267403],[31.1012,2.2854],[31.106379463781153,2.2855687808971457],[31.1256,2.2636],[31.195280890737255,2.2884657724069166],[31.199373038706074,2.2885991214242307],[31.203,2.224],[31.2039,2.2234],[31.2039,2.2181],[31.3044,2.1555],[31.2678,2.0703],[31.24836873725641,2.024988671156866],[31.247180533279987,2.022217924766433],[31.043111253700093,1.7689661378239838],[31.035,1.759],[31.034953901885185,1.758963719367658],[30.985350409601896,1.7199242472839482],[30.8885,1.6437],[30.878656627534255,1.6326280255879255],[30.8189,1.5851],[30.6001,1.3484],[30.5109,1.2081],[30.4634,1.2057],[30.453286094674556,1.205178402366864],[30.3839,1.2016],[30.363,1.2005],[30.3575,1.1956],[30.3135,1.1568],[30.30776440677966,1.1517423728813558],[30.2712,1.1195],[30.271125191905277,1.1193617635955335],[30.2311,1.0454],[30.146194127607757,0.8884319841801555],[29.9868,0.8373],[29.9717,0.8143],[29.9108,0.6544],[29.9602,0.6089],[29.962291891182645,0.6006236703988803],[29.9625,0.5996],[29.97741159533074,0.5408042801556421],[29.992267901272207,0.4820269949666629],[29.992156281197335,0.4817731273573549],[29.9595,0.4075],[29.883267747331846,0.38564808464093553],[29.8831,0.3856],[29.8393,0.184],[29.838636076137842,0.18327109374689976],[29.749221881393865,0.08510537117017813],[29.731,0.0651],[29.755465265712623,-0.06823569813378304],[29.756484426497224,-0.07379012440986482],[29.72975567541064,-0.20768290547403076],[29.692143901694905,-0.38864758905499364],[29.680236361554787,-0.4459393363139649],[29.6674,-0.5077],[29.66980357595819,-0.5196060855603364],[29.653283362092964,-0.634828384571898],[29.6304,-0.6944],[29.626,-0.7057],[29.633516796940828,-0.772692766895974],[29.615225419136358,-0.900268270452639],[29.6088,-0.9025],[29.5884,-0.9096],[29.5891,-0.9346],[29.5919,-1.0449],[29.59204056603867,-1.0501935892290328],[29.5963,-1.2106],[29.5987,-1.3032],[29.600518812461168,-1.3729762598739697],[29.6009,-1.3876],[29.6751,-1.3822],[29.7278,-1.3402],[29.7949,-1.3722],[29.8225,-1.3079],[29.8789,-1.3556],[29.9126,-1.4814],[29.9997,-1.4358],[30.0217,-1.4134],[30.0528,-1.4321],[30.0731,-1.3789],[30.1192,-1.3854],[30.1698,-1.3452],[30.1694,-1.2745],[30.2108,-1.2762],[30.2758,-1.2101],[30.3448,-1.1318],[30.3582,-1.0606],[30.50104892052667,-1.066108179547409],[30.6331,-1.0712],[30.64656646808196,-1.0624947101462674],[30.799,-0.9976],[31.211276388888887,-0.9976],[31.2708,-0.9993],[31.790966699151067,-0.9992768742853709],[33.5201,-0.9992]],[[32.0624,3.5801],[32.0622,3.5798],[32.0622,3.5795],[32.062,3.5796],[32.0624,3.5801]]]},"properties":{"iso3":"UGA"}},
{"type":"Feature","geometry":{"type":"MultiPolygon","coordinates":[[[[33.7594,44.3906],[33.7588,44.3901],[33.759,44.3901],[33.7594,44.3906]]],[[[33.5055,45.8543],[33.5048,45.8564],[33.5032,45.8557],[33.5077,45.8528],[33.5055,45.8543]]],[[[33.5077,45.8584],[33.5066,45.8564],[33.5122,45.8547],[33.5095,45.8593],[33.5077,45.8584]]],[[[33.5233,45.868],[33.5424,45.8817],[33.5308,45.8751],[33.5233,45.8693],[33.5233,45.868]]],[[[34.9302,45.8324],[34.8096,46.161],[34.8951,46.2403],[35.1032,46.3018],[35.2748,46.265],[35.2312,46.2284],[35.2119,46.1869],[35.034,46.1455],[34.9828,46.0771],[35.1689,46.1384],[35.198,46.1645],[35.2574,46.242],[35.2775,46.2645],[35.4449,46.436],[35.8682,46.6459],[36.1891,46.6713],[36.2464,46.6403],[36.2578,46.5961],[36.2773,46.622],[36.2759,46.6289],[36.2703,46.6346],[36.2947,46.6388],[36.2932,46.636],[36.2892,46.6339],[36.2901,46.6319],[36.2864,46.6299],[36.2493,46.5856],[36.2359,46.5641],[36.1001,46.4926],[36.1086,46.4897],[36.1178,46.4894],[36.1486,46.5037],[36.1721,46.5001],[36.226,46.5511],[36.3066,46.6513],[36.3717,46.7067],[36.6145,46.7786],[36.7208,46.7793],[36.8101,46.7326],[36.8287,46.6997],[36.8028,46.6837],[36.8072,46.7039],[36.8047,46.701],[36.802,46.6944],[36.8013,46.6828],[36.7678,46.6622],[36.7689,46.6644],[36.7674,46.6638],[36.7665,46.6614],[36.7579,46.6561],[36.7505,46.6331],[36.7658,46.6317],[36.8161,46.6777],[36.9009,46.8121],[37.0625,46.8839],[37.2368,46.9512],[37.321,46.9107],[37.3026,46.8688],[37.3351,46.8895],[37.4371,46.9856],[37.5745,47.0996],[37.7103,47.0802],[37.8996,47.1114],[37.9828,47.087],[38.0648,47.112],[38.1296,47.0741],[38.1093,47.0421],[38.0858,47.025],[38.095,47.027],[38.1426,47.0546],[38.2295,47.1193],[38.2342,47.2308],[38.331,47.2638],[38.3353,47.306],[38.2209,47.3053],[38.2203,47.326],[38.302,47.3933],[38.2845,47.5443],[38.3507,47.5761],[38.3505,47.6166],[38.6163,47.6445],[38.666,47.669],[38.6629,47.6997],[38.7728,47.6857],[38.7891,47.8157],[38.8292,47.8148],[38.8423,47.8669],[39.0744,47.8695],[39.1095,47.8426],[39.3557,47.8724],[39.4138,47.831],[39.4414,47.8547],[39.5201,47.8251],[39.7381,47.8277],[39.7938,47.8694],[39.8247,47.9551],[39.7761,48.0398],[39.8817,48.0445],[39.8328,48.066],[39.9372,48.1806],[39.941,48.2285],[40.0095,48.2254],[39.9909,48.3169],[39.9151,48.2695],[39.8869,48.3088],[39.8412,48.31],[39.9473,48.3549],[39.8979,48.4474],[39.8455,48.4754],[39.8509,48.5674],[39.6604,48.608],[39.7999,48.8424],[39.9758,48.7931],[40.0785,48.8717],[40.0352,48.9158],[39.9932,48.8682],[39.8272,48.8863],[39.7752,48.922],[39.752,48.9862],[39.6636,49.0009],[39.6936,49.0504],[39.9379,49.0564],[40.031,49.1796],[40.2219,49.2504],[40.1856,49.2846],[40.1946,49.3468],[40.0294,49.4533],[40.0384,49.52],[40.1689,49.5689],[40.1357,49.6165],[39.8077,49.5567],[39.6578,49.6162],[39.5913,49.7189],[39.6099,49.7336],[39.2854,49.7553],[39.1798,49.8886],[39.0668,49.8154],[38.9303,49.7968],[38.901,49.8693],[38.7907,49.8782],[38.694,49.9347],[38.7177,49.9839],[38.6861,50.0077],[38.6468,49.9558],[38.4884,49.9635],[38.4687,49.995],[38.35,50.0065],[38.3129,50.0883],[38.1786,50.0799],[38.2178,49.9795],[38.0328,49.9005],[38.044,49.9327],[37.9235,50.0363],[37.7553,50.0786],[37.6403,50.176],[37.6145,50.2199],[37.6358,50.3109],[37.5771,50.3063],[37.4722,50.3685],[37.4906,50.4575],[37.331,50.4367],[37.1518,50.3561],[36.8703,50.3352],[36.6888,50.2669],[36.6479,50.2178],[36.5603,50.2507],[36.5861,50.2855],[36.4337,50.3305],[36.3663,50.2878],[36.2972,50.2919],[36.2838,50.3356],[36.16,50.4313],[36.067,50.4512],[35.8318,50.4338],[35.7385,50.3543],[35.6581,50.3511],[35.6015,50.3673],[35.57,50.4642],[35.4767,50.4885],[35.3903,50.58],[35.425,50.603],[35.3929,50.6499],[35.4957,50.6785],[35.4601,50.6892],[35.488,50.777],[35.4115,50.8023],[35.4191,50.8438],[35.382,50.8701],[35.3999,50.9148],[35.3254,50.9469],[35.3522,50.9732],[35.324,51.013],[35.3748,51.0086],[35.4061,51.0481],[35.3082,51.0786],[35.1893,51.0534],[35.1477,51.0827],[35.1746,51.1215],[35.1233,51.165],[35.1502,51.2232],[35.0727,51.2326],[35.0383,51.2042],[34.9799,51.2356],[34.8346,51.1692],[34.7169,51.1716],[34.6684,51.1977],[34.6619,51.2473],[34.5798,51.2339],[34.3837,51.2737],[34.3056,51.2383],[34.2307,51.2652],[34.2813,51.3347],[34.3386,51.3567],[34.2209,51.417],[34.3077,51.5191],[34.1821,51.5969],[34.1674,51.6455],[34.0803,51.6662],[34.3193,51.7158],[34.4363,51.7326],[34.4155,51.8258],[34.3034,51.8876],[34.245,51.8814],[34.2595,51.9095],[34.1904,51.9686],[34.1005,52.0046],[34.0622,52.0729],[34.1161,52.1407],[33.9376,52.2502],[33.921,52.3048],[33.8387,52.3206],[33.8382,52.3603],[33.8046,52.3664],[33.5442,52.3237],[33.5601,52.3022],[33.4835,52.3136],[33.5176,52.3555],[33.4289,52.3453],[33.3922,52.3715],[33.3058,52.351],[33.1891,52.3793],[33.17,52.3419],[33.0675,52.3034],[33.061,52.329],[32.996,52.2722],[32.9015,52.2455],[32.8335,52.2792],[32.7006,52.2479],[32.5502,52.3266],[32.3765,52.3376],[32.3517,52.3168],[32.3998,52.2467],[32.3239,52.2228],[32.3472,52.1834],[32.3246,52.151],[32.3681,52.1467],[32.0955,52.0336],[31.9147,52.0432],[31.9601,52.0751],[31.8666,52.1106],[31.722,52.0958],[31.4275,52.1412],[31.4184,52.1403],[31.3246,52.1047],[31.2975,52.0516],[31.2094,52.0718],[31.1628,52.0776],[31.1445,52.0946],[30.9496,52.0894],[30.9397,52.0135],[30.8057,51.9475],[30.8252,51.9205],[30.8023,51.8988],[30.7477,51.903],[30.6611,51.8178],[30.6687,51.7896],[30.6124,51.7662],[30.6509,51.7604],[30.626,51.7144],[30.5609,51.7042],[30.5803,51.6467],[30.5065,51.5978],[30.5539,51.5784],[30.5271,51.57],[30.5459,51.5427],[30.585,51.5447],[30.5674,51.5141],[30.6076,51.4674],[30.5777,51.4466],[30.6209,51.4274],[30.6538,51.3418],[30.5399,51.2626],[30.4535,51.2734],[30.4622,51.3069],[30.3347,51.3523],[30.345,51.4244],[30.1809,51.5124],[30.1619,51.4888],[30.0144,51.5055],[29.965,51.4715],[29.9234,51.4902],[29.8777,51.4454],[29.7934,51.4417],[29.7392,51.459],[29.7381,51.5311],[29.7067,51.5278],[29.5803,51.4617],[29.5371,51.4826],[29.4953,51.3965],[29.4161,51.4135],[29.3593,51.3884],[29.3205,51.3773],[29.3044,51.4544],[29.2456,51.5001],[29.2521,51.5674],[29.2115,51.5724],[29.1578,51.6289],[29.1755,51.6511],[29.1173,51.6565],[28.9994,51.5736],[28.9048,51.5884],[28.8195,51.5587],[28.7613,51.487],[28.7799,51.4541],[28.7531,51.4149],[28.7334,51.4515],[28.6832,51.4444],[28.6297,51.5613],[28.6524,51.5695],[28.4691,51.5931],[28.3521,51.54],[28.3424,51.5768],[28.2547,51.6213],[28.2612,51.6818],[28.0435,51.5662],[27.9394,51.557],[27.975,51.5939],[27.9198,51.5776],[27.9117,51.6164],[27.8356,51.6249],[27.8495,51.5433],[27.8,51.5329],[27.7618,51.4739],[27.6631,51.5173],[27.7206,51.5613],[27.723,51.6035],[27.5499,51.6372],[27.508,51.6289],[27.5279,51.6077],[27.5035,51.5872],[27.4541,51.6197],[27.2402,51.6018],[27.2728,51.6543],[27.2082,51.6639],[27.2014,51.7735],[26.9945,51.7688],[26.9483,51.7358],[26.7908,51.7569],[26.6917,51.8234],[26.4666,51.7995],[26.3957,51.8311],[26.3952,51.8783],[26.1558,51.8669],[25.9996,51.9334],[25.9231,51.9154],[25.7655,51.9496],[25.7803,51.9222],[25.5926,51.9244],[25.41,51.9217],[25.1916,51.9692],[24.9548,51.8962],[24.3889,51.8822],[24.2992,51.8136],[24.3191,51.7507],[23.9964,51.58],[23.8812,51.5919],[23.9125,51.6315],[23.7883,51.6401],[23.7827,51.6675],[23.6041,51.6215],[23.6614,51.5832],[23.6361,51.5495],[23.6766,51.5065],[23.6165,51.5028],[23.6697,51.4831],[23.6493,51.4463],[23.703,51.42],[23.6355,51.3284],[23.6482,51.2872],[23.6952,51.2915],[23.7391,51.212],[23.8691,51.1506],[23.8568,51.0996],[23.9114,51.0745],[23.9357,51.0149],[23.9149,51.0068],[23.9704,50.9503],[24.1457,50.8692],[24.1002,50.8358],[23.9895,50.8374],[23.9572,50.7949],[24.0239,50.7663],[24.0165,50.723],[24.072,50.7205],[24.0622,50.6777],[24.0978,50.6375],[24.07,50.5034],[23.9975,50.4122],[23.7272,50.3881],[23.686,50.3315],[23.2799,50.1006],[22.6408,49.5299],[22.6965,49.4951],[22.7467,49.3601],[22.7147,49.2265],[22.7476,49.2154],[22.7073,49.1745],[22.756,49.1826],[22.7388,49.158],[22.8928,49.0945],[22.8646,49.0663],[22.8939,49.0166],[22.8688,49.0036],[22.5696,49.0907],[22.5453,49.0068],[22.4772,48.9911],[22.3835,48.8655],[22.3396,48.684],[22.1713,48.5875],[22.1425,48.4042],[22.2646,48.4101],[22.24,48.3862],[22.3177,48.3541],[22.3692,48.245],[22.4325,48.2523],[22.4891,48.2538],[22.5705,48.1961],[22.5904,48.1076],[22.8256,48.1165],[22.8816,48.0547],[22.8355,47.9899],[22.8959,47.9541],[22.9476,47.9673],[22.9272,48.0191],[23.0136,47.9905],[23.0897,48.0053],[23.1139,48.0866],[23.174,48.12],[23.2678,48.1002],[23.2879,48.0468],[23.4603,47.9739],[23.5019,47.9691],[23.529,48.0198],[23.6668,47.9838],[23.7711,47.9959],[23.8635,47.932],[24.0078,47.9674],[24.1125,47.9147],[24.2647,47.9074],[24.3815,47.9264],[24.4357,47.9704],[24.5628,47.9685],[24.6285,47.948],[24.706,47.8404],[24.8281,47.8205],[24.8848,47.7243],[24.9224,47.7268],[25.1155,47.7546],[25.23,47.8931],[25.3041,47.9104],[26.1846,47.9948],[26.3334,48.184],[26.6206,48.2395],[26.6165,48.274],[26.6959,48.3272],[26.6818,48.3553],[26.8174,48.2952],[26.8242,48.3444],[26.7649,48.3537],[26.725,48.4117],[26.8732,48.42],[26.9323,48.3629],[26.9953,48.3595],[27.0471,48.3779],[27.0142,48.425],[27.0844,48.4346],[27.1294,48.3774],[27.2863,48.3715],[27.3196,48.4435],[27.4472,48.4089],[27.4662,48.4486],[27.5344,48.4701],[27.5892,48.4921],[27.591,48.4603],[27.6418,48.4415],[27.7631,48.456],[27.9535,48.3288],[28.0723,48.3185],[28.1001,48.2313],[28.1759,48.2577],[28.2073,48.2048],[28.3521,48.2467],[28.3684,48.2052],[28.3046,48.1407],[28.4268,48.1732],[28.4205,48.1228],[28.4906,48.0655],[28.5029,48.1511],[28.5658,48.1747],[28.6877,48.1246],[28.8336,48.1287],[28.847,48.0788],[28.8394,48.0349],[28.9249,47.9611],[28.9616,47.9793],[29.0699,47.9435],[29.0892,47.9814],[29.1744,47.9934],[29.2017,47.8843],[29.2811,47.8884],[29.1992,47.8189],[29.2753,47.8041],[29.2039,47.7194],[29.2306,47.6837],[29.2087,47.6416],[29.2337,47.6421],[29.1842,47.5716],[29.1164,47.5546],[29.1514,47.5057],[29.1903,47.5144],[29.1579,47.4581],[29.191,47.4683],[29.1903,47.4245],[29.242,47.4618],[29.244,47.4145],[29.3178,47.4478],[29.3373,47.3706],[29.3906,47.3794],[29.3979,47.3005],[29.4266,47.2919],[29.4863,47.3062],[29.4872,47.356],[29.5743,47.3703],[29.5978,47.2571],[29.5512,47.2517],[29.5808,47.1358],[29.4946,47.1307],[29.5302,47.0753],[29.6119,47.1],[29.6282,47.0451],[29.6022,47.0416],[29.596,46.9636],[29.556,46.9578],[29.6396,46.955],[29.6481,46.9193],[29.7186,46.932],[29.7493,46.8606],[29.8838,46.8863],[29.905,46.8199],[29.9692,46.832],[29.935,46.8059],[29.9746,46.754],[29.9486,46.5605],[29.9448,46.5547],[29.8755,46.5468],[29.9357,46.4944],[29.9871,46.5096],[30.023,46.4417],[30.1635,46.4131],[30.0885,46.3837],[29.9381,46.4003],[29.8907,46.3522],[29.8052,46.3854],[29.8224,46.3957],[29.7408,46.4729],[29.7343,46.4352],[29.6602,46.4361],[29.6768,46.3611],[29.6029,46.3534],[29.5655,46.4163],[29.4798,46.4413],[29.5034,46.4598],[29.4481,46.4986],[29.3866,46.4464],[29.3966,46.4251],[29.3505,46.5042],[29.3085,46.465],[29.3241,46.4147],[29.2406,46.376],[29.2066,46.3863],[29.2467,46.4194],[29.22,46.4635],[29.2552,46.4858],[29.2353,46.5585],[29.1617,46.5447],[29.1635,46.5152],[28.9889,46.489],[29.0258,46.4625],[28.9303,46.4573],[28.9936,46.3319],[28.9491,46.2605],[29.0677,46.1955],[28.9504,46.094],[29.0055,46.0495],[28.9789,46.0034],[28.7761,45.9706],[28.7546,45.9272],[28.7864,45.8324],[28.6965,45.8179],[28.7092,45.7799],[28.5796,45.7699],[28.5888,45.7289],[28.5183,45.7367],[28.4805,45.6785],[28.5159,45.6653],[28.5441,45.5801],[28.4913,45.5712],[28.5154,45.4998],[28.4275,45.4861],[28.4266,45.5306],[28.3058,45.5468],[28.2111,45.467],[28.2785,45.446],[28.3427,45.3232],[28.5591,45.249],[28.7817,45.2372],[28.7515,45.2815],[28.8038,45.3032],[28.7821,45.3274],[28.8714,45.3168],[28.9432,45.28],[28.9639,45.3299],[29.238,45.4326],[29.4286,45.4432],[29.5503,45.4092],[29.651,45.3402],[29.6857,45.2036],[29.7571,45.2227],[29.7549,45.4439],[29.7813,45.4676],[29.7452,45.4899],[29.6454,45.4524],[29.604,45.4805],[29.6313,45.5114],[30.2219,45.8659],[30.4819,46.0816],[30.752,46.3752],[30.7726,46.4417],[30.7312,46.5068],[30.75,46.544],[31.1765,46.6276],[31.3495,46.6003],[31.372,46.6234],[31.5164,46.6193],[31.5499,46.6003],[31.522,46.5626],[31.7095,46.4289],[31.7122,46.4798],[31.807,46.479],[31.7972,46.3309],[31.6947,46.2622],[31.5652,46.2671],[31.5323,46.3699],[31.5231,46.302],[31.5428,46.2812],[31.5782,46.2575],[31.6468,46.2327],[32.5397,46.0666],[32.6916,46.1035],[33.027,46.1113],[33.0317,46.1562],[33.1356,46.125],[33.2244,46.2164],[33.2018,46.1083],[33.2832,46.1334],[33.3115,46.1122],[33.2857,46.0765],[33.3146,46.0759],[33.3305,46.1154],[33.4195,46.0314],[33.4627,46.0507],[33.5017,46.0281],[33.4981,46.076],[33.5684,46.0757],[33.5119,46.1229],[33.5867,46.1594],[33.616,46.1346],[33.6428,46.0807],[33.6147,46.0528],[33.6182,45.9469],[33.6417,45.9449],[33.7592,45.9349],[33.6786,45.9056],[33.6831,45.8431],[33.6136,45.8903],[33.5433,45.8356],[33.4967,45.8576],[33.2383,45.7509],[33.181,45.7732],[33.1785,45.8073],[33.1711,45.8002],[33.1664,45.7839],[33.1575,45.7389],[33.14,45.72],[32.8982,45.6327],[32.8216,45.5861],[32.8451,45.5775],[32.8297,45.5477],[32.7903,45.5617],[32.5842,45.4801],[32.4801,45.396],[32.514,45.3746],[32.4942,45.3468],[32.6522,45.3153],[32.7534,45.365],[32.914,45.3595],[33.2678,45.1459],[33.3862,45.1977],[33.4352,45.1838],[33.5419,45.106],[33.5988,45.0131],[33.6133,44.9038],[33.5706,44.8372],[33.5681,44.836],[33.5692,44.8355],[33.5341,44.7915],[33.5444,44.6624],[33.5095,44.6245],[33.6019,44.6098],[33.5751,44.612],[33.4229,44.5948],[33.4385,44.5726],[33.4262,44.5732],[33.4159,44.5878],[33.4117,44.5631],[33.3786,44.5833],[33.4873,44.4979],[33.5985,44.5035],[33.6491,44.4267],[33.7574,44.3909],[33.7594,44.3906],[33.9698,44.3916],[34.1233,44.4277],[34.1763,44.4971],[34.347,44.5488],[34.4142,44.6696],[34.5075,44.7335],[34.5095,44.7342],[34.7288,44.8119],[34.9646,44.8411],[35.0821,44.7923],[35.1576,44.8938],[35.2395,44.9182],[35.2585,44.9639],[35.3836,44.9473],[35.3574,44.9876],[35.4252,45.0129],[35.3842,45.0319],[35.3938,45.0587],[35.54,45.1272],[35.7275,45.0935],[35.8383,44.9995],[36.0311,45.0502],[36.2254,45.0283],[36.3744,45.0593],[36.4529,45.0963],[36.4015,45.2115],[36.4371,45.2692],[36.4135,45.2431],[36.4176,45.2845],[36.4939,45.3178],[36.4791,45.3592],[36.5968,45.3463],[36.6461,45.3828],[36.5961,45.4378],[36.414,45.4458],[36.3442,45.4835],[36.1323,45.4642],[36.0727,45.442],[36.0506,45.387],[35.979,45.3705],[35.874,45.4158],[35.8458,45.4475],[35.8723,45.4667],[35.845,45.473],[35.7208,45.3349],[35.5182,45.2842],[35.2701,45.4424],[35.0607,45.6474],[34.9302,45.8324]],[[34.3045,46.0082],[34.2928,46.0222],[34.2934,46.0227],[34.2929,46.023],[34.2921,46.0231],[34.2699,46.0497],[34.2676,46.0448],[34.2672,46.0447],[34.2673,46.0442],[34.2665,46.0423],[34.2649,46.0419],[34.2654,46.0411],[34.2659,46.0412],[34.245,45.9969],[34.2443,45.9971],[34.2437,45.9963],[34.2446,45.9961],[34.2352,45.9762],[34.2256,45.9815],[34.2262,46.0164],[34.2406,46.0316],[34.1114,46.0683],[34.1873,46.0231],[34.2206,45.9492],[34.1766,45.9419],[34.1759,45.9426],[34.1752,45.9427],[34.1752,45.942],[34.176,45.9418],[34.1508,45.9376],[34.1013,45.9813],[34.1407,45.9694],[34.1864,46.0018],[34.1475,45.9895],[34.1448,45.9931],[34.1665,46.009],[34.0915,46.0455],[34.0826,46.0741],[34.0733,46.0754],[34.0745,46.0758],[34.0716,46.0756],[33.9443,46.0938],[33.9982,46.0623],[33.9441,46.0565],[33.9913,46.0288],[33.9572,46.0068],[33.9351,46.0725],[33.9015,46.0201],[33.872,46.0355],[33.9013,46.0461],[33.8771,46.0888],[33.8008,46.0868],[33.827,46.1199],[33.8465,46.11],[33.8644,46.1397],[33.8458,46.1727],[33.8037,46.1789],[33.8259,46.148],[33.7997,46.1189],[33.7362,46.1389],[33.6829,46.2083],[33.7389,46.2009],[33.7225,46.2404],[33.7747,46.2551],[33.8373,46.2231],[33.9469,46.2232],[34.0421,46.1198],[34.1069,46.1306],[34.2012,46.0732],[34.2101,46.1064],[34.2291,46.0646],[34.2766,46.0887],[34.2737,46.1385],[34.299,46.0927],[34.3188,46.1073],[34.343,46.1674],[34.3012,46.1905],[34.3124,46.2188],[34.5039,46.1345],[34.5476,46.1957],[34.5939,46.167],[34.571,46.0861],[34.5428,46.1303],[34.4939,46.0857],[34.49,46.0871],[34.4883,46.0893],[34.4873,46.1135],[34.4751,46.1258],[34.3945,46.0938],[34.4468,45.9732],[34.456,45.9675],[34.4388,46.012],[34.4795,46.0022],[34.4797,45.9528],[34.6078,46.0325],[34.6435,46.0965],[34.6261,46.1715],[34.6961,46.1834],[34.7449,46.1181],[34.8078,46.1288],[34.8073,46.0959],[34.7856,46.0715],[34.7601,46.1059],[34.6731,46.1006],[34.7621,46.0009],[34.6812,46.0094],[34.8029,45.9013],[34.798,45.8333],[34.8512,45.8224],[34.8902,45.8608],[34.9206,45.8325],[35.0063,45.6805],[35.0834,45.6058],[35.0835,45.6036],[35.085,45.6016],[35.0842,45.605],[35.3068,45.3893],[35.3607,45.3459],[35.3632,45.3413],[35.3663,45.3381],[35.3663,45.3414],[35.4158,45.3016],[35.474,45.2979],[35.4731,45.2595],[35.4598,45.2564],[35.448,45.2576],[35.4531,45.2682],[35.3164,45.2492],[35.365,45.273],[35.2034,45.3407],[35.1249,45.3381],[35.043,45.4128],[35.0459,45.4043],[35.0371,45.4213],[35.0425,45.4136],[35.0329,45.4301],[35.0396,45.4038],[35.0509,45.3895],[35.06,45.3627],[34.9503,45.3792],[35.0282,45.4316],[35.0302,45.4176],[35.0318,45.4235],[35.0327,45.4313],[35.0306,45.4332],[35.1092,45.4859],[35.1046,45.4943],[35.1049,45.4951],[35.1041,45.4951],[35.0569,45.5813],[35.0202,45.5853],[35.0374,45.6194],[35.0434,45.6104],[35.0425,45.61],[35.0428,45.6075],[35.0439,45.6074],[35.0444,45.609],[35.0756,45.5619],[35.075,45.5627],[35.0721,45.564],[35.0739,45.5613],[35.0763,45.5609],[35.0973,45.5294],[35.087,45.5552],[35.0766,45.5667],[35.0723,45.5827],[35.0555,45.6059],[34.981,45.6825],[34.9134,45.6808],[34.8441,45.722],[34.8787,45.7498],[34.7639,45.7326],[34.7574,45.7343],[34.7514,45.7323],[34.7545,45.7332],[34.7601,45.7328],[34.7634,45.7326],[34.6738,45.7192],[34.6839,45.7259],[34.6854,45.7263],[34.6843,45.7262],[34.7838,45.7922],[34.751,45.8229],[34.6597,45.7972],[34.6744,45.8549],[34.7588,45.8645],[34.7608,45.8996],[34.4947,45.7904],[34.4851,45.788],[34.487,45.7872],[34.4742,45.782],[34.4605,45.802],[34.5113,45.804],[34.5554,45.8617],[34.6245,45.8852],[34.6129,45.9195],[34.6483,45.9406],[34.5565,45.9887],[34.5608,45.9796],[34.5554,45.982],[34.5534,45.9681],[34.5552,45.9781],[34.5613,45.9786],[34.5624,45.9763],[34.5623,45.9762],[34.5624,45.9761],[34.5908,45.9158],[34.5695,45.9087],[34.5249,45.929],[34.4762,45.8614],[34.4898,45.9196],[34.4404,45.9454],[34.4401,45.8908],[34.4202,45.8743],[34.4298,45.9082],[34.4007,45.8842],[34.3822,45.9287],[34.437,45.9487],[34.3562,46.0368],[34.3231,46.0389],[34.3344,46.0349],[34.3245,46.0348],[34.3153,46.0308],[34.3224,46.0299],[34.3224,46.0338],[34.3389,46.0298],[34.3153,46.0271],[34.3374,46.0155],[34.3209,45.9885],[34.3045,46.0082]]],[[[33.6417,45.9449],[33.6404,45.9434],[33.6419,45.9434],[33.6438,45.9445],[33.6417,45.9449]]],[[[34.2406,45.9977],[34.2392,45.9974],[34.2388,45.9967],[34.2406,45.9967],[34.2406,45.9977]]],[[[34.2336,46.008],[34.2336,46.0156],[34.2284,46.0164],[34.2282,46.0108],[34.2336,46.008]]],[[[34.2392,46.0169],[34.2378,46.0174],[34.2372,46.0165],[34.239,46.0166],[34.2392,46.0169]]],[[[34.2341,46.0179],[34.2336,46.017],[34.2354,46.0165],[34.2354,46.0176],[34.2341,46.0179]]],[[[34.2312,46.018],[34.2287,46.018],[34.228,46.0175],[34.2314,46.0172],[34.2312,46.018]]],[[[34.2434,46.018],[34.2419,46.0185],[34.2406,46.0174],[34.2423,46.017],[34.2434,46.018]]],[[[34.141,46.0281],[34.1416,46.028],[34.1427,46.0281],[34.1427,46.0288],[34.141,46.0281]]],[[[34.2425,46.03],[34.2435,46.0288],[34.2443,46.0288],[34.2439,46.03],[34.2425,46.03]]],[[[34.1407,46.031],[34.1394,46.031],[34.1398,46.0297],[34.1407,46.0297],[34.1407,46.031]]],[[[34.1387,46.0354],[34.1385,46.0357],[34.1374,46.0354],[34.1392,46.0346],[34.1387,46.0354]]],[[[34.1343,46.0368],[34.1354,46.0364],[34.1356,46.0373],[34.1345,46.0373],[34.1343,46.0368]]],[[[34.1338,46.0406],[34.1325,46.0397],[34.1352,46.0397],[34.1351,46.0404],[34.1338,46.0406]]],[[[34.1264,46.0408],[34.1271,46.0396],[34.1287,46.0395],[34.1273,46.0417],[34.1264,46.0408]]],[[[34.1304,46.0427],[34.1314,46.0414],[34.1318,46.0426],[34.1304,46.0427]]],[[[34.1307,46.0439],[34.1316,46.0439],[34.1314,46.0447],[34.1302,46.044],[34.1307,46.0439]]],[[[34.2014,46.0509],[34.2016,46.0513],[34.2007,46.0507],[34.2012,46.0507],[34.2014,46.0509]]],[[[34.2001,46.0521],[34.1991,46.0521],[34.1989,46.0518],[34.1998,46.0515],[34.2001,46.0521]]],[[[34.2043,46.0539],[34.2085,46.0507],[34.2103,46.0514],[34.2061,46.0546],[34.2043,46.0539]]],[[[34.1441,46.061],[34.1432,46.0606],[34.1443,46.06],[34.1446,46.0606],[34.1441,46.061]]],[[[34.1407,46.0624],[34.1399,46.0619],[34.1412,46.0616],[34.1412,46.0621],[34.1407,46.0624]]],[[[34.1627,46.0705],[34.1671,46.0697],[34.1671,46.0726],[34.1653,46.0714],[34.1627,46.0705]]],[[[33.9214,46.082],[33.9288,46.094],[33.9259,46.1014],[33.9069,46.1009],[33.9214,46.082]]],[[[34.0942,46.0858],[34.0741,46.11],[34.0808,46.1008],[34.083,46.0892],[34.0942,46.0858]]],[[[34.326,46.0009],[34.3265,46.0014],[34.3251,46.001],[34.3254,46.0008],[34.326,46.0009]]],[[[34.3189,46.0018],[34.3216,45.9991],[34.3229,46.0038],[34.3189,46.0046],[34.3189,46.0018]]],[[[34.3216,46.0058],[34.3211,46.0064],[34.3204,46.0062],[34.3211,46.0054],[34.3216,46.0058]]],[[[34.3142,46.0098],[34.3131,46.0096],[34.3153,46.0092],[34.315,46.0096],[34.3142,46.0098]]],[[[34.3045,46.0082],[34.3282,46.0143],[34.3207,46.0174],[34.311,46.0197],[34.3045,46.0082]]],[[[34.3088,46.0171],[34.3083,46.0181],[34.307,46.0179],[34.3072,46.0169],[34.3088,46.0171]]],[[[34.3099,46.0205],[34.3084,46.0202],[34.309,46.0189],[34.3104,46.02],[34.3099,46.0205]]],[[[34.3168,46.0217],[34.3168,46.0198],[34.3191,46.0197],[34.3184,46.0225],[34.3168,46.0217]]],[[[34.3191,46.0229],[34.3195,46.0211],[34.3204,46.0205],[34.3209,46.0224],[34.3191,46.0229]]],[[[34.2484,46.0229],[34.2468,46.023],[34.247,46.0216],[34.2484,46.0216],[34.2484,46.0229]]],[[[34.2463,46.025],[34.2473,46.0242],[34.2479,46.0258],[34.2472,46.026],[34.2463,46.025]]],[[[34.2477,46.0281],[34.2473,46.0269],[34.2488,46.0269],[34.2486,46.0283],[34.2477,46.0281]]],[[[34.3139,46.0283],[34.3121,46.0281],[34.3117,46.0273],[34.3128,46.027],[34.3139,46.0283]]],[[[34.3086,46.0276],[34.3097,46.0273],[34.311,46.028],[34.3084,46.0281],[34.3086,46.0276]]],[[[34.2934,46.0288],[34.2936,46.0292],[34.2927,46.0296],[34.2924,46.0291],[34.2934,46.0288]]],[[[34.247,46.0294],[34.2477,46.0319],[34.2472,46.0332],[34.2448,46.0323],[34.247,46.0294]]],[[[34.2905,46.032],[34.2896,46.0316],[34.2913,46.0312],[34.2913,46.0316],[34.2905,46.032]]],[[[34.2882,46.0318],[34.288,46.0324],[34.2875,46.0324],[34.2878,46.0312],[34.2882,46.0318]]],[[[34.315,46.032],[34.3146,46.0324],[34.3141,46.0317],[34.3148,46.0315],[34.315,46.032]]],[[[34.2542,46.0332],[34.2549,46.0324],[34.2558,46.0326],[34.2551,46.0337],[34.2542,46.0332]]],[[[34.2949,46.0351],[34.2956,46.034],[34.2967,46.0336],[34.2989,46.0342],[34.2949,46.0351]]],[[[34.3041,46.036],[34.303,46.0359],[34.3037,46.034],[34.3054,46.0339],[34.3041,46.036]]],[[[34.3132,46.0362],[34.3128,46.0366],[34.3117,46.0364],[34.3106,46.0353],[34.3135,46.0358],[34.3159,46.032],[34.3193,46.0364],[34.3186,46.0387],[34.3122,46.0378],[34.3132,46.0362]]],[[[34.2578,46.0384],[34.2569,46.0383],[34.2571,46.0372],[34.2582,46.0373],[34.2578,46.0384]]],[[[34.2598,46.0387],[34.2607,46.0385],[34.2614,46.0393],[34.2596,46.0402],[34.2598,46.0387]]],[[[34.2551,46.0396],[34.2557,46.0406],[34.2538,46.0404],[34.2544,46.0391],[34.2551,46.0396]]],[[[34.2613,46.0435],[34.2578,46.0405],[34.2636,46.0408],[34.264,46.0412],[34.2613,46.0435]]],[[[34.5075,44.7335],[34.5077,44.7332],[34.5079,44.7331],[34.5077,44.7333],[34.5075,44.7335]]],[[[35.0264,45.5875],[35.0269,45.5858],[35.0286,45.5853],[35.0277,45.5879],[35.0264,45.5875]]],[[[35.0287,45.5899],[35.0307,45.5886],[35.0336,45.5889],[35.034,45.5893],[35.0287,45.5899]]],[[[35.0383,45.5922],[35.0385,45.5959],[35.0363,45.5972],[35.034,45.593],[35.0383,45.5922]]],[[[35.0342,45.5954],[35.0327,45.5959],[35.0322,45.5951],[35.0333,45.595],[35.0342,45.5954]]],[[[35.0356,45.6099],[35.0374,45.6086],[35.0383,45.6087],[35.0378,45.611],[35.0356,45.6099]]],[[[34.6903,45.7249],[34.6885,45.7235],[34.6863,45.7225],[34.6878,45.7225],[34.6897,45.7234],[34.6903,45.7249]]],[[[34.7371,45.73],[34.7349,45.7294],[34.7405,45.7306],[34.74,45.7307],[34.7371,45.73]]],[[[34.7407,45.7299],[34.7456,45.7301],[34.7463,45.7308],[34.7413,45.7306],[34.7407,45.7299]]],[[[34.7501,45.7623],[34.7536,45.7634],[34.7594,45.7682],[34.7489,45.7626],[34.7501,45.7623]]],[[[34.753,45.7675],[34.7516,45.7662],[34.749,45.7648],[34.7541,45.7669],[34.753,45.7675]]],[[[34.7597,45.7706],[34.7574,45.7701],[34.7566,45.7694],[34.7604,45.7702],[34.7597,45.7706]]],[[[34.4889,45.7964],[34.4737,45.7976],[34.4802,45.7933],[34.4934,45.7952],[34.4889,45.7964]]],[[[34.4977,45.8012],[34.4932,45.7993],[34.4923,45.798],[34.4986,45.798],[34.4977,45.8012]]],[[[34.4986,45.7972],[34.5024,45.7969],[34.5095,45.7972],[34.5106,45.8023],[34.4986,45.7972]]],[[[34.4896,45.8018],[34.4882,45.8018],[34.4894,45.7992],[34.4936,45.7998],[34.4896,45.8018]]],[[[34.7228,45.825],[34.7389,45.8244],[34.7326,45.8273],[34.714,45.8234],[34.7028,45.8176],[34.7228,45.825]]],[[[34.7328,45.8222],[34.7362,45.8233],[34.7362,45.8236],[34.7342,45.8237],[34.7328,45.8222]]],[[[34.7509,45.8634],[34.7501,45.8591],[34.7505,45.8582],[34.7534,45.8617],[34.7509,45.8634]]],[[[34.7827,45.8978],[34.78,45.8999],[34.778,45.9025],[34.7812,45.8974],[34.7827,45.8974],[34.7827,45.8978]]],[[[34.4278,45.9388],[34.4336,45.9392],[34.4348,45.943],[34.4336,45.9432],[34.4278,45.9388]]],[[[34.3314,46.0177],[34.3296,46.0172],[34.3298,46.0166],[34.3329,46.0161],[34.3314,46.0177]]],[[[34.371,46.0213],[34.3728,46.0201],[34.3732,46.0221],[34.3728,46.0222],[34.371,46.0213]]],[[[35.3706,45.2653],[35.3777,45.2622],[35.3641,45.2716],[35.3674,45.2672],[35.3706,45.2653]]],[[[36.5272,45.2872],[36.5501,45.2617],[36.5774,45.2498],[36.5451,45.2778],[36.5272,45.2872]]],[[[35.463,45.2775],[35.4588,45.2735],[35.4565,45.27],[35.4614,45.2726],[35.463,45.2775]]],[[[36.5199,45.2902],[36.5203,45.2902],[36.5201,45.2903],[36.5199,45.2904],[36.5198,45.2904],[36.5198,45.2903],[36.5199,45.2902]]],[[[35.0418,45.3945],[35.0405,45.3943],[35.0463,45.3885],[35.0477,45.3879],[35.0418,45.3945]]],[[[35.0421,45.3962],[35.0472,45.3899],[35.0484,45.3893],[35.0419,45.398],[35.0421,45.3962]]],[[[35.036,45.3996],[35.0389,45.3956],[35.0412,45.3954],[35.0331,45.403],[35.036,45.3996]]],[[[35.0956,45.5124],[35.0964,45.5108],[35.0982,45.5107],[35.0971,45.5135],[35.0956,45.5124]]],[[[35.0795,45.542],[35.0795,45.5407],[35.0813,45.5409],[35.0803,45.5422],[35.0795,45.542]]],[[[35.0835,45.5426],[35.0823,45.5451],[35.0819,45.5426],[35.0832,45.5418],[35.0835,45.5426]]],[[[35.081,45.5532],[35.0797,45.5528],[35.0794,45.5497],[35.0804,45.5493],[35.081,45.5532]]],[[[35.0745,45.5517],[35.0752,45.5501],[35.0765,45.5501],[35.0763,45.5528],[35.0745,45.5517]]],[[[35.0636,45.5723],[35.0654,45.5688],[35.0671,45.568],[35.0645,45.5723],[35.0636,45.5723]]],[[[35.062,45.5761],[35.0613,45.5769],[35.0606,45.5749],[35.0616,45.5748],[35.062,45.5761]]],[[[35.0593,45.5804],[35.0586,45.5787],[35.0611,45.5773],[35.0604,45.5799],[35.0593,45.5804]]],[[[35.0568,45.5828],[35.0593,45.5814],[35.06,45.5822],[35.0577,45.5849],[35.0568,45.5828]]],[[[35.0535,45.5875],[35.0537,45.5846],[35.0555,45.5842],[35.0564,45.5858],[35.0535,45.5875]]],[[[35.0387,45.587],[35.0416,45.5861],[35.041,45.5877],[35.0383,45.5875],[35.0387,45.587]]],[[[35.0457,45.5887],[35.0486,45.5878],[35.0492,45.588],[35.0474,45.5894],[35.0457,45.5887]]],[[[35.0472,45.5926],[35.0465,45.5917],[35.049,45.5913],[35.0486,45.5932],[35.0472,45.5926]]],[[[35.0886,45.592],[35.0949,45.5855],[35.0859,45.6007],[35.0873,45.594],[35.0886,45.592]]],[[[35.0392,45.6007],[35.0399,45.5997],[35.0421,45.5985],[35.0412,45.6029],[35.0392,45.6007]]],[[[35.036,45.6028],[35.038,45.6016],[35.0387,45.6014],[35.0372,45.6049],[35.036,45.6028]]],[[[35.0434,45.6056],[35.0419,45.6049],[35.041,45.6037],[35.0421,45.6036],[35.0434,45.6056]]],[[[38.1426,47.0546],[38.1426,47.0545],[38.1428,47.0546],[38.1426,47.0546]]],[[[36.2182,46.5598],[36.2189,46.5577],[36.2187,46.5593],[36.224,46.5649],[36.2195,46.5631],[36.2182,46.5598]]],[[[36.243,46.578],[36.2431,46.576],[36.2446,46.5791],[36.2431,46.5786],[36.243,46.578]]],[[[36.8054,46.7042],[36.8065,46.7056],[36.8042,46.7028],[36.8045,46.7027],[36.8054,46.7042]]],[[[31.7516,46.3855],[31.7757,46.3729],[31.7692,46.3827],[31.7283,46.4227],[31.7516,46.3855]]],[[[31.7207,46.4296],[31.7214,46.4281],[31.724,46.4263],[31.727,46.4256],[31.7207,46.4296]]],[[[31.4128,46.5943],[31.4146,46.5981],[31.4117,46.6016],[31.4069,46.6003],[31.4128,46.5943]]],[[[30.2019,45.2525],[30.2046,45.2526],[30.2073,45.2574],[30.2,45.257],[30.2019,45.2525]]],[[[29.649,45.472],[29.6381,45.4781],[29.6275,45.48],[29.6246,45.4777],[29.649,45.472]]],[[[32.7612,46.0308],[32.8771,46.0153],[33.0454,46.0099],[33.0817,46.0161],[32.8628,46.0611],[32.7648,46.0312],[32.5475,46.0664],[32.7612,46.0308]]],[[[35.267,46.2638],[35.2679,46.2632],[35.2696,46.2633],[35.2703,46.2639],[35.267,46.2638]]],[[[33.4229,44.5948],[33.4218,44.5939],[33.422,44.5938],[33.4229,44.5948]]],[[[33.5751,44.612],[33.5753,44.6121],[33.5753,44.6131],[33.5751,44.6131],[33.5751,44.612]]]]},"properties":{"iso3":"UKR"}},
{"type":"Feature","geometry":{"type":"Polygon","coordinates":[[[29.0417,-13.405],[29.0056,-13.4233],[29.0045,-13.416],[29.0041,-13.4161],[28.9864,-13.3711],[28.9215,-13.2064],[28.9125,-13.1838],[28.89401515291021,-13.174283542333828],[28.8383,-13.1456],[28.827791203016435,-13.028813558050587],[28.8277,-13.0278],[28.796119951785098,-12.959243313052463],[28.7961,-12.9592],[28.7839,-12.9402],[28.7823,-12.9388],[28.6672,-12.832],[28.6531,-12.8189],[28.573,-12.8929],[28.494235009310987,-12.776905959031657],[28.4709,-12.7425],[28.4651,-12.734],[28.494375814756257,-12.682476588537776],[28.514,-12.6741],[28.5195,-12.6484],[28.521246725478274,-12.635185642033916],[28.523,-12.6321],[28.442,-12.5159],[28.331212765957446,-12.431282978723404],[28.3162,-12.4198],[28.316179238125983,-12.419800677938744],[28.315,-12.4189],[28.1742466759972,-12.38306280615815],[28.174,-12.3829],[28.129,-12.4361],[28.107289595375722,-12.401995375722544],[28.0965,-12.385],[28.0761,-12.353],[27.9844,-12.3537],[27.955,-12.3539],[27.9446,-12.3217],[27.93050926395939,-12.278204822335026],[27.9181,-12.2399],[27.9177390451464,-12.239863940574066],[27.818,-12.2299],[27.81717215955565,-12.25767864602157],[27.68562194094688,-12.280981827603696],[27.675386318178656,-12.279860891039476],[27.66789195837583,-12.279040159158415],[27.631,-12.275],[27.6276,-12.2652],[27.6228,-12.2642],[27.6186,-12.2399],[27.61855506167128,-12.239633093562757],[27.6153,-12.2203],[27.5784,-12.2004],[27.5304,-12.1675],[27.4961,-12.0565],[27.49203199067275,-12.055607022342798],[27.468700634809554,-11.953056533040078],[27.4688,-11.9306],[27.232,-11.7839],[27.2062092611907,-11.5676248532059],[27.2053,-11.56],[27.19256763436642,-11.570832012553941],[27.0441,-11.603],[27.0434609907835,-11.60731906506442],[27.0423,-11.6076],[27.0207,-11.6091],[27.035448374900653,-11.661476358012203],[27.025891612105536,-11.726070544217423],[27.0046,-11.7458],[27.008,-11.8361],[27.008,-11.8416],[26.8797,-11.9796],[26.8732,-11.9813],[26.7743,-11.9553],[26.7093,-12.0065],[26.625269417531943,-11.978898187748484],[26.4568,-11.9176],[26.45187940464659,-11.919478208321019],[26.444,-11.9151],[26.4403,-11.9168],[26.4283,-11.9105],[26.3169,-11.9618],[26.2761,-11.9487],[26.208,-11.9208],[26.0837,-11.9356],[25.99075627299703,-11.941055608308606],[25.99,-11.941],[25.98999254450459,-11.94099043663271],[25.9877,-11.9073],[25.9901,-11.8952],[25.9601,-11.8888],[25.94546050771753,-11.883867978535854],[25.88763432632093,-11.80969275858076],[25.8869,-11.8083],[25.88655917525773,-11.808313632989691],[25.8844,-11.8084],[25.8608,-11.8096],[25.7226,-11.8164],[25.719,-11.816],[25.65,-11.7289],[25.5072,-11.7813],[25.50162664373746,-11.762091825738034],[25.5081,-11.7299],[25.4796,-11.6859],[25.4774,-11.6784],[25.4484,-11.6668],[25.42512984858963,-11.656545740672279],[25.32,-11.5636],[25.310741169323485,-11.508174723950233],[25.3322,-11.495],[25.2917,-11.3879],[25.3049,-11.3493],[25.3136,-11.3467],[25.3089,-11.3378],[25.3263,-11.2869],[25.3384,-11.2802],[25.331,-11.2733],[25.32484801235769,-11.267614714868486],[25.3355,-11.2291],[25.33333300649825,-11.229390175721921],[25.3341,-11.228],[25.34135625037909,-11.214832759143565],[25.3519,-11.1957],[25.348898469064203,-11.1964580921456],[25.1183,-11.2547],[24.8729,-11.2656],[24.8539,-11.2934],[24.85375266736107,-11.293609367434266],[24.852,-11.2961],[24.73491257854509,-11.323673488328973],[24.7348,-11.3237],[24.6935,-11.3335],[24.5932,-11.4441],[24.4565,-11.4574],[24.4297,-11.4456],[24.4199,-11.4271],[24.3329,-11.403],[24.2955,-11.3866],[24.3321,-11.3648],[24.3581,-11.3531],[24.3606,-11.3478],[24.39356193348936,-11.277209612100322],[24.405082162905945,-11.252538199439629],[24.4051,-11.2525],[24.4075,-11.2472],[24.3983,-11.1942],[24.398273300544528,-11.194046829439662],[24.3793,-11.0852],[24.36385134527095,-11.076473279008017],[24.3531,-11.0704],[24.3019,-11.0415],[24.2539,-11.0328],[24.2034,-11.0137],[24.177149453017073,-11.023142642799613],[24.1763,-11.0229],[24.146161086226204,-11.027155726250466],[24.1334,-10.9762],[24.131446591111374,-10.968375007417066],[24.11782331485231,-10.91380269728628],[24.1162,-10.9073],[24.116,-10.9063],[24.111,-10.9056],[24.09234668843992,-10.903017233783988],[24.007,-10.8912],[24.00627741935484,-10.891096774193548],[23.9993,-10.8901],[23.998155555555556,-10.891435185185184],[23.9981,-10.8915],[23.9817,-10.9116],[24.0238,-10.9832],[24.0009,-11.1173],[24.0347,-11.1354],[24.032,-11.2728],[24.0881,-11.4031],[24.0241,-11.4461],[24.0384,-11.5313],[23.9604,-11.6606],[24.0227,-11.8305],[23.9843,-11.8839],[23.9772,-12.0779],[23.9838,-12.1697],[24.0625,-12.2696],[24.0432,-12.3336],[24.0775,-12.3811],[23.9474,-12.5381],[23.8934,-12.8403],[24.0561,-12.9983],[22.0029,-12.9972],[21.9977,-13.726],[22.0012,-16.2081],[22.0808,-16.2601],[22.1429,-16.4807],[22.1894,-16.541],[22.6925,-17.0186],[22.8002,-17.1659],[22.996,-17.2746],[23.0884,-17.4189],[23.2458,-17.548],[23.3918,-17.5764],[23.4355,-17.6347],[23.438,-17.638],[24.2464,-17.4738],[24.2528,-17.474],[24.3645,-17.4775],[24.4306,-17.4796],[24.4789,-17.4924],[24.5589,-17.5389],[24.6928,-17.5019],[24.7079,-17.4978],[24.7154,-17.4994],[24.7952,-17.5369],[24.825,-17.5221],[24.845,-17.5262],[24.9453,-17.568],[24.9752,-17.5533],[25.0042,-17.5963],[25.0282,-17.5929],[25.0461,-17.6072],[25.0444,-17.629],[25.0609,-17.619],[25.0798,-17.634],[25.1018,-17.6635],[25.0951,-17.709],[25.119,-17.6992],[25.1318,-17.6952],[25.1661,-17.7381],[25.1874,-17.7664],[25.1896,-17.7675],[25.194,-17.7696],[25.2288,-17.7867],[25.3093,-17.826],[25.5159,-17.8649],[25.6885,-17.8083],[25.8421,-17.8948],[25.8578,-17.9744],[25.9689,-18.0025],[26.0916,-17.9818],[26.0878,-17.9344],[26.22,-17.8842],[26.2451,-17.9175],[26.5619,-17.9875],[26.5986,-18.0508],[26.693,-18.0774],[26.8312,-17.9919],[27.0415,-17.9626],[27.3315,-17.5878],[27.6217,-17.3316],[27.6303,-17.2454],[27.8301,-16.9622],[28.1366,-16.8237],[28.2535,-16.7247],[28.7469,-16.5449],[28.8235,-16.4727],[28.8519,-16.3759],[28.8202,-16.3176],[28.8417,-16.2367],[28.8484,-16.0434],[28.883,-15.9774],[28.934,-15.9418],[29.0207,-15.9397],[29.2141,-15.7681],[29.5534,-15.6482],[29.6339,-15.6643],[29.789,-15.6134],[29.9697,-15.6438],[30.1637,-15.6178],[30.2141,-15.6673],[30.2573,-15.6275],[30.3543,-15.6551],[30.418723093263893,-15.621140539984925],[30.4188,-15.6211],[30.36048901758784,-15.551445242852372],[30.398278548559233,-15.48052006403415],[30.3998,-15.4777],[30.39979505533859,-15.477673812394077],[30.3765,-15.3543],[30.2707,-15.2394],[30.269307884301377,-15.233135479356195],[30.2693,-15.2331],[30.2578,-15.2212],[30.2185,-15.0103],[30.218414678651687,-15.009925195505618],[30.2157,-14.998],[30.530831926149816,-14.885395789229284],[30.5311,-14.8853],[30.7846,-14.7914],[31.36598305604315,-14.644461460936244],[31.5055,-14.6092],[31.591837944083032,-14.560820155364326],[32.092691574606874,-14.37745636977434],[32.1324,-14.3673],[32.172312914359885,-14.35451521815071],[32.3091,-14.3107],[32.4508,-14.2846],[33.17211725918063,-14.023735946335092],[33.2195,-14.0066],[33.2412,-13.9987],[33.1465,-13.9379],[33.0714,-13.9808],[33.0343,-14.0531],[32.9945,-14.0048],[32.9944,-14.0047],[32.9962,-13.9519],[32.9964,-13.9476],[32.9823,-13.9471],[32.964,-13.9407],[32.95,-13.9158],[32.9534,-13.9044],[32.9044,-13.8345],[32.8965,-13.8232],[32.8908,-13.8151],[32.7718,-13.7801],[32.8388,-13.7247],[32.8442,-13.7203],[32.8483,-13.7169],[32.8025,-13.6496],[32.6724,-13.6183],[32.6879,-13.5718],[32.7443,-13.5831],[32.8476,-13.5161],[32.8476,-13.5152],[32.8495,-13.5139],[32.8457,-13.4689],[32.8454,-13.4606],[32.9172,-13.4162],[32.9173,-13.4156],[32.9175,-13.4155],[32.9209,-13.3967],[32.9431,-13.275],[33.0141,-13.2018],[33.0198,-13.1959],[32.9746,-13.1171],[32.9728,-13.1139],[33.0265,-12.9135],[33.0282,-12.9072],[32.947,-12.8476],[32.9407,-12.7951],[32.9387,-12.7754],[32.9383,-12.7715],[32.9962,-12.7245],[33.0203,-12.6489],[33.0897,-12.5917],[33.1555,-12.6034],[33.1635,-12.6048],[33.1806,-12.6352],[33.1803,-12.6406],[33.1824,-12.6383],[33.2731,-12.537],[33.3185,-12.5253],[33.366,-12.5577],[33.3933,-12.5327],[33.4807,-12.4528],[33.4792,-12.4435],[33.5388,-12.3815],[33.5386,-12.3759],[33.5485,-12.37],[33.5376,-12.3321],[33.5101,-12.332],[33.4376,-12.3319],[33.3744,-12.3317],[33.3112,-12.2473],[33.3106,-12.2329],[33.3078,-12.1714],[33.3074,-12.1617],[33.2598,-12.1394],[33.2568,-12.138],[33.31,-11.9061],[33.3354,-11.7954],[33.3223,-11.6835],[33.3126,-11.6007],[33.3117,-11.5933],[33.2222,-11.5919],[33.2208,-11.5919],[33.2305,-11.4287],[33.2316,-11.4288],[33.2688,-11.4339],[33.2835,-11.4359],[33.2772,-11.3771],[33.2911,-11.3717],[33.3146,-11.3625],[33.3759,-11.22],[33.4033,-11.1563],[33.4046,-11.1533],[33.3943,-11.1415],[33.3236,-11.0256],[33.3117,-10.9457],[33.3115,-10.9439],[33.3109,-10.9401],[33.2476,-10.893],[33.2501,-10.8896],[33.2992,-10.8707],[33.3142,-10.8649],[33.336,-10.821],[33.3538,-10.82],[33.4335,-10.8156],[33.4664,-10.8138],[33.6905,-10.5766],[33.6961,-10.5707],[33.6753,-10.5498],[33.6295,-10.5038],[33.6228,-10.497],[33.6225,-10.4967],[33.6331,-10.462],[33.6339,-10.4594],[33.5658,-10.4108],[33.5398,-10.3124],[33.5432,-10.2952],[33.5558,-10.2312],[33.5603,-10.2085],[33.4982,-10.1874],[33.4189,-10.1273],[33.4066,-10.1115],[33.3974,-10.111],[33.3646,-10.1091],[33.3503,-10.1083],[33.3342,-10.09],[33.3176,-10.0644],[33.3316,-10.0239],[33.3745,-9.8997],[33.3591,-9.8603],[33.3508,-9.8389],[33.2975,-9.7989],[33.2362,-9.7378],[33.2276,-9.7056],[33.22,-9.6213],[33.2041,-9.6172],[33.1612,-9.606],[33.1249,-9.5966],[33.1204,-9.613],[33.1099,-9.651],[33.1046,-9.6702],[33.095,-9.6751],[33.0626,-9.6222],[33.023,-9.6323],[33.0113,-9.6044],[33.023,-9.5422],[33.0273,-9.5188],[33.032,-9.494],[32.9924,-9.4925],[32.9648,-9.4914],[32.9509,-9.4909],[32.9586,-9.406],[32.9593,-9.3988],[32.94224349736782,-9.39499564264758],[32.90336494304496,-9.386323998924405],[32.8743,-9.3702],[32.75815100470286,-9.294425831017525],[32.7553,-9.2832],[32.73731192312404,-9.280830671757185],[32.7319,-9.2773],[32.544612452639505,-9.25471005672113],[32.4928,-9.1491],[32.49223625879543,-9.14878017554642],[32.49161415132996,-9.148427238456495],[32.4371,-9.1175],[32.28829846731061,-9.128105372395625],[32.25276280585555,-9.129107945916301],[32.1552,-9.059],[32.12600165967162,-9.061829025797367],[32.1133,-9.0549],[31.992,-9.0696],[31.938142806976472,-8.99220200163877],[31.939913095868008,-8.953745300399245],[31.94112465737577,-8.927426059985919],[31.9416,-8.9171],[31.874326661051747,-8.901745172279998],[31.842040083824525,-8.894375910716011],[31.8014,-8.8851],[31.77113244310766,-8.902664354984493],[31.681,-8.9132],[31.57918097736616,-8.835217222549225],[31.576352273800502,-8.79522416894541],[31.5699,-8.704],[31.4073,-8.6375],[31.3745,-8.5875],[31.365616702386056,-8.591654193456208],[31.28047402072087,-8.631470395320513],[31.275204532937934,-8.629754047871213],[31.2117,-8.5835],[31.181151946694303,-8.599119776923287],[31.1366,-8.6219],[31.0506,-8.6029],[30.7961,-8.2767],[30.564,-8.2972],[30.5598,-8.2965],[29.662,-8.392],[29.6285,-8.3956],[29.5966,-8.3998],[29.5962,-8.3998],[28.91031471065576,-8.489229153941979],[28.8975,-8.4909],[28.91428636826249,-8.522177549443517],[28.93377355710814,-8.683840932563784],[28.933606216181076,-8.703085139175927],[28.9336,-8.7038],[28.933549060808453,-8.709174084707886],[28.7858,-8.9441],[28.673,-9.0547],[28.6671,-9.0604],[28.481536379232093,-9.242264346000443],[28.4815,-9.2423],[28.576803372561255,-9.41528389185184],[28.58187097979377,-9.424482038757851],[28.696911535714406,-9.80590669074853],[28.69698817150826,-9.80624741092181],[28.600876776243368,-10.191480790303217],[28.5939,-10.203],[28.5781,-10.2291],[28.5772,-10.2306],[28.587509688146614,-10.245058708986106],[28.5872,-10.2463],[28.63498359848251,-10.427842795694499],[28.6341,-10.5185],[28.6377,-10.5268],[28.6664,-10.5928],[28.6968,-10.6627],[28.695,-10.665],[28.6895,-10.6722],[28.6638,-10.7058],[28.6502,-10.7235],[28.553478453518483,-10.84982248760744],[28.5476,-10.8575],[28.517717096967125,-10.966176896268614],[28.516547122670982,-10.970431810025794],[28.495161259179305,-11.048207027036769],[28.4785,-11.1088],[28.47965036868374,-11.122268475828198],[28.4898,-11.2411],[28.39440728525314,-11.529287419074768],[28.3901,-11.5423],[28.389013499989705,-11.555041681938922],[28.3879,-11.5681],[28.4319,-11.6441],[28.432,-11.6488],[28.4323,-11.6592],[28.4343,-11.7461],[28.4553,-11.7752],[28.4531,-11.8279],[28.485,-11.8288],[28.5325,-11.8913],[28.53478533537577,-11.894260548100428],[28.5369,-11.897],[28.6591,-11.9482],[28.7591,-11.9901],[28.7598,-11.9926],[28.76115101499238,-11.99282898559193],[28.76707562919937,-12.000712002960732],[28.7757,-12.0453],[28.8445,-12.1169],[28.877202054011427,-12.147241125234018],[28.947,-12.212],[28.9681,-12.2453],[29.0205,-12.3282],[29.0557,-12.3839],[29.0754,-12.387],[29.2417,-12.3671],[29.2669,-12.3641],[29.3021,-12.4131],[29.3242,-12.4195],[29.3458,-12.4257],[29.374101959463896,-12.41301291472308],[29.3748,-12.4127],[29.4795,-12.4602],[29.5312,-12.4042],[29.4889,-12.3958],[29.46380345762712,-12.340229084745763],[29.4637,-12.34],[29.456024879114022,-12.333022617376384],[29.469196043165468,-12.292055755395683],[29.4813,-12.2545],[29.482687116564417,-12.250093865030674],[29.485,-12.2429],[29.635706097960856,-12.20224070191618],[29.6671,-12.207],[29.7322,-12.1833],[29.74253282623193,-12.173419706303774],[29.7596,-12.1571],[29.8136,-12.1495],[29.8147,-12.1496],[29.8147,-13.4445],[29.809,-13.4454],[29.809,-13.4551],[29.6111,-13.4091],[29.63179267590673,-13.355447732529253],[29.6352,-13.3545],[29.6462,-13.3515],[29.6685,-13.2771],[29.6746,-13.2505],[29.672586267823178,-13.249677521153084],[29.58454595889767,-13.213718771225686],[29.5845,-13.2137],[29.583989552238805,-13.21358656716418],[29.58104446963619,-13.212932104363599],[29.5809,-13.2129],[29.580126696948714,-13.213462706110805],[29.34814320772925,-13.347581803772611],[29.3322,-13.3398],[29.313,-13.3445],[29.3102,-13.3467],[29.299,-13.375],[29.1954,-13.4358],[29.1831,-13.443],[29.122,-13.3701],[29.118320624151966,-13.371535549525102],[29.0811,-13.386],[29.08047450081833,-13.38630163666121],[29.0417,-13.405]]]},"properties":{"iso3":"ZMB"}},
{"type":"Feature","geometry":{"type":"Polygon","coordinates":[[[69.9083,34.0395],[69.91209178690345,34.03975926748058],[69.9959,34.0477],[69.9997,34.0465],[70.00333604148186,34.04715034888294],[70.012,34.0487],[70.0540669695671,34.03468435092957],[70.1488,34.014],[70.4148,33.9659],[70.4162,33.9658],[70.5111,33.9492],[70.7188,33.9638],[70.7207,33.9645],[70.9009,33.9848],[70.9016,33.9862],[71.03502274031085,34.03927888066173],[71.0653,34.0519],[71.0658,34.0527],[71.07497818924485,34.06947733517874],[71.0711,34.1099],[71.12441683203825,34.15953050806934],[71.126,34.1624],[71.1244,34.2067],[71.1234050217104,34.231885387955444],[71.122,34.2453],[71.12280597500902,34.247048757584146],[71.1228,34.2472],[71.1221,34.2673],[71.1713,34.3582],[71.1601,34.3652],[71.115,34.3934],[71.01902080799361,34.453453524018784],[71.0068,34.4611],[70.9956,34.5547],[70.9987,34.5559],[71.0021901733485,34.55726469699469],[71.03340721706586,34.569470911841485],[71.0432,34.5733],[71.0912,34.6089],[71.1012,34.6523],[71.10953155606407,34.688724736842104],[71.1133,34.7052],[71.11338823618166,34.70558970980234],[71.1145,34.7105],[71.12937042237357,34.7158561710919],[71.2395,34.7866],[71.2943,34.871],[71.30968526070704,34.878734574902886],[71.3098,34.8789],[71.3117897585052,34.879792561255066],[71.386,34.9171],[71.54096041760496,35.01107267009968],[71.5498,35.0211],[71.556,35.0281],[71.54448189030792,35.06373656757079],[71.5302,35.088],[71.5303,35.089],[71.66500516374022,35.1946862321898],[71.6696,35.201],[71.5535,35.2964],[71.55526980093866,35.299054701408],[71.5424,35.3085],[71.62128096895717,35.400183639311464],[71.6506,35.4451],[71.5935,35.4976],[71.59408851437082,35.49985597175485],[71.5941,35.4999],[71.5954890625,35.50565468749997],[71.5955,35.5057],[71.6123,35.5733],[71.4995,35.6264],[71.5006,35.6285],[71.50195893110455,35.631208085726335],[71.5002,35.6321],[71.5006,35.6327],[71.51474630888781,35.65668955803788],[71.5467,35.7202],[71.4983256424982,35.74666711773151],[71.4979,35.7469],[71.4937,35.7492],[71.49367923318668,35.74921137230254],[71.4853,35.7538],[71.4899,35.8035],[71.3807,35.9017],[71.38050621225194,35.90450992234685],[71.3804,35.9046],[71.37114877862194,35.954384115042906],[71.3189,35.9596],[71.1947,36.0389],[71.24369698492463,36.119293969849245],[71.2454,36.1227],[71.246,36.1231],[71.24602718198794,36.12311734373112],[71.2996,36.1573],[71.458,36.2587],[71.56699625894078,36.328397607781405],[71.567,36.3284],[71.5687,36.3295],[71.5562,36.3692],[71.55868718956303,36.370933495756056],[71.558,36.3727],[71.6373,36.4757],[71.6374,36.4763],[71.648,36.4801],[71.6501,36.4811],[71.72138372427311,36.44409254927584],[71.80626558351344,36.41629173699015],[71.8154,36.4133],[71.8282,36.4329],[71.8257,36.4401],[71.8187,36.4422],[71.821,36.4534],[71.83167868734382,36.50389921304653],[71.8317,36.504],[71.832,36.5054],[71.8561,36.5054],[71.9107,36.5085],[71.9353,36.5609],[72.0783,36.5931],[72.0941,36.6468],[72.09417249610794,36.646806590555265],[72.0942,36.6469],[72.1029096406833,36.647696406832914],[72.103,36.6486],[72.1948,36.6615],[72.1767,36.7056],[72.2338,36.7433],[72.2414,36.7535],[72.4742,36.7756],[72.4956,36.7778],[72.5071,36.7838],[72.6257,36.8454],[72.6317,36.8485],[72.6383,36.8483],[72.64549794584354,36.84808786242295],[72.8826,36.8411],[72.89406927256718,36.844015916754365],[72.8944,36.8441],[72.9386,36.8553],[72.9925,36.8689],[73.0717,36.889],[73.11340184531927,36.88621424919932],[73.1211,36.8857],[73.2503,36.8769],[73.3067,36.8731],[73.3662,36.8785],[73.39047789416665,36.88069692600588],[73.4966,36.8903],[73.6395,36.9032],[73.6482,36.903],[73.70909628681179,36.90168758002561],[73.7642,36.9005],[73.8212,36.8993],[73.8465,36.8987],[73.9632,36.8375],[73.9708,36.8368],[73.97081195631347,36.83679875455068],[73.98022153772106,36.83581858982072],[74.00558480429777,36.83620314658481],[74.0866,36.8375],[74.1244,36.8472],[74.1304,36.8552],[74.1521,36.9098],[74.17,36.9083],[74.17005027340413,36.90829584406526],[74.2075,36.9052],[74.2548,36.9012],[74.27633127146778,36.913531428257656],[74.35954921236323,36.961192156024566],[74.4205,36.9961],[74.4216,36.9961],[74.4579,36.9972],[74.45802653191578,36.99720362128379],[74.5173,36.9989],[74.5253,36.9914],[74.52542967248148,36.991278529693545],[74.5165,37.0111],[74.5614,37.0386],[74.4568,37.1421],[74.5018,37.2399],[74.6634,37.2363],[74.7496,37.2857],[74.814,37.2142],[74.889,37.2561],[74.69,37.406],[74.5663,37.3727],[74.3626,37.4244],[74.2405,37.4146],[74.1977,37.336],[73.7578,37.2218],[73.6174,37.2708],[73.7746,37.3396],[73.7753,37.4397],[73.306,37.4637],[73.1489,37.4029],[73.0934,37.3241],[72.8157,37.2321],[72.6779,37.0222],[72.3439,36.9894],[71.8419,36.6804],[71.638,36.6898],[71.6353,36.69],[71.4311,37.0581],[71.494,37.2822],[71.4767,37.4017],[71.5264,37.4797],[71.4938,37.5418],[71.5315,37.7651],[71.5953,37.8054],[71.5904,37.922],[71.5025,37.9521],[71.3322,37.8854],[71.2529,37.9298],[71.2527,37.93],[71.3762,38.1608],[71.3736,38.2561],[71.1046,38.4224],[71.0569,38.3982],[70.9916,38.4894],[70.9906,38.4905],[70.9253,38.4299],[70.8814,38.4692],[70.7677,38.4493],[70.7675,38.4474],[70.6108,38.3473],[70.5059,38.123],[70.4566,38.1038],[70.4547,38.1033],[70.3301,38],[70.2617,37.9789],[70.269,37.9387],[70.1717,37.9307],[70.1878,37.8464],[70.2797,37.8158],[70.298,37.7261],[70.2978,37.7256],[70.2663,37.6239],[70.1803,37.5724],[70.1789,37.5714],[70.1702,37.5293],[70.0778,37.5375],[69.9138,37.6203],[69.8095,37.5681],[69.6997,37.5763],[69.6981,37.5764],[69.6142,37.5775],[69.6135,37.5782],[69.5284,37.5887],[69.3783,37.4316],[69.4128,37.2709],[69.4145,37.2708],[69.4542,37.2339],[69.3959,37.1638],[69.3035,37.115],[69.3016,37.1152],[69.2294,37.1099],[68.906,37.3347],[68.9131,37.2679],[68.835,37.318],[68.8195,37.2436],[68.7813,37.2882],[68.6827,37.2806],[68.6467,37.2086],[68.4655,37.1439],[68.4611,37.1418],[68.2958,37.1055],[68.2714,37.0117],[68.1933,37.0235],[68.0351,36.9301],[68.0314,36.9291],[67.897,37.068],[67.8052,37.0762],[67.8026,37.0779],[67.7916,37.1687],[67.7353,37.2157],[67.5735,37.2235],[67.5013,37.2816],[67.436,37.2314],[67.3767,37.217],[67.2601,37.1845],[67.0583,37.3735],[66.9491,37.3986],[66.6559,37.323],[66.5868,37.3702],[66.2989,37.3286],[66.0703,37.4493],[65.8883,37.4774],[65.8829,37.4795],[65.7677,37.5501],[65.7061,37.5386],[65.6433,37.3427],[65.5314,37.2381],[65.4832,37.2373],[65.0059,37.2217],[65.0014,37.2209],[64.7556,37.1129],[64.7901,36.9588],[64.7902,36.9581],[64.6185,36.6348],[64.6367,36.4421],[64.5989,36.3906],[64.5934,36.3829],[64.2832,36.1515],[64.0935,36.1295],[64.0687,35.9973],[63.9738,36.0325],[63.5707,35.9514],[63.5352,35.903],[63.5208,35.9003],[63.1209,35.8633],[63.0996,35.8171],[63.2489,35.6886],[63.0948,35.6178],[63.1304,35.5439],[63.099,35.4181],[63.0142,35.4182],[62.7988,35.3004],[62.7985,35.3002],[62.6284,35.208],[62.4773,35.279],[62.4756,35.2774],[62.3056,35.1288],[62.2666,35.2952],[62.0226,35.4431],[61.5881,35.4369],[61.4007,35.5539],[61.3735,35.6233],[61.2862,35.6145],[61.2803,35.5236],[61.1875,35.3992],[61.1907,35.2924],[61.0918,35.2628],[61.086,35.1694],[61.1431,35.0767],[61.1426,35.076],[60.9603,34.6183],[60.9596,34.618],[60.7397,34.5189],[60.9284,34.3057],[60.6853,34.3144],[60.4724,34.0812],[60.5684,33.8199],[60.5589,33.707],[60.5609,33.7037],[60.6037,33.6296],[60.6646,33.5341],[60.9463,33.5139],[60.8514,33.4858],[60.8666,33.4201],[60.634,33.2279],[60.5817,33.1298],[60.6891,32.7879],[60.8775,32.2094],[60.8775,32.2092],[60.8248,31.9502],[60.8249,31.9497],[60.8576,31.4857],[61.6028,31.3894],[61.6177,31.3875],[61.7066,31.3759],[61.7764,31.3023],[61.831,31.0215],[61.8316,31.0215],[61.769,30.8014],[61.7673,30.7998],[60.8732,29.8587],[60.883992635402905,29.855636988110962],[60.8786,29.8618],[61.16875089417325,29.77482095944388],[62.51089080621378,29.393913947035916],[62.5566548864501,29.39799597599654],[62.5567,29.398],[63.5908,29.4904],[63.951255348369436,29.430963648105788],[64.0323,29.4176],[64.07959829413183,29.391578962077922],[64.11017928570365,29.383187942713374],[64.1499,29.4284],[64.15294246641075,29.431859396992955],[64.20375312169014,29.48963299392174],[64.2039,29.4898],[64.208,29.4944],[64.4876,29.5718],[64.5067,29.5709],[64.50675639455065,29.570897788448995],[64.5118,29.5707],[64.907,29.5519],[65.0918,29.5432],[65.3464,29.6097],[65.83581413270879,29.740882028332937],[66.2306,29.8467],[66.3033,29.901],[66.31863227848102,29.916212025316455],[66.3289149759083,29.926461036593288],[66.3615,29.9721],[66.3314,29.9994],[66.33117864813887,29.999601358789796],[66.2384,30.084],[66.2474,30.1023],[66.3166,30.2429],[66.33948813240013,30.351164499289574],[66.3544,30.4217],[66.3456,30.4395],[66.3405,30.4497],[66.32896975145736,30.47290706804133],[66.3097,30.4995],[66.3084,30.5002],[66.277,30.5689],[66.33774467053419,30.765225086348547],[66.3382,30.7668],[66.3866,30.9339],[66.3902383968921,30.934883350511377],[66.3903,30.9349],[66.4522,30.9525],[66.45284859437751,30.95268313253012],[66.5797,30.9885],[66.6832,31.0746],[66.73062608765811,31.21123465755364],[66.7311,31.2126],[66.73953747056,31.21266826432492],[66.82928273068542,31.25045369838032],[66.8566,31.2785],[66.8959,31.2904],[66.911,31.295],[66.96502329465198,31.311336941338055],[66.9692,31.3126],[67.00009173744009,31.309023862907182],[67.0098,31.3079],[67.03654217340285,31.304712706076987],[67.0442,31.3038],[67.0445,31.3038],[67.0445,31.3035],[67.042,31.2636],[67.0402,31.2355],[67.1362,31.2415],[67.13641599677648,31.241513589201166],[67.1664,31.2434],[67.1780960254372,31.239146899841018],[67.1785,31.239],[67.2715,31.2057],[67.68275961295298,31.307761373817115],[67.76494106939224,31.33000646196731],[67.7828836077024,31.349273172846495],[67.75715854014253,31.400083380912513],[67.686,31.4005],[67.6339,31.4008],[67.62655576767857,31.41257848579852],[67.6021,31.4518],[67.6018901635992,31.452135357873182],[67.5690043868527,31.50469298898769],[67.569,31.5047],[67.554,31.5288],[67.713,31.5206],[67.8214,31.5959],[67.82289978154932,31.596939942866744],[67.86375347668866,31.625267740911475],[67.8638,31.6253],[67.8687,31.6287],[67.8956,31.6319],[67.95068575851393,31.643223839009288],[67.98909114092255,31.651156574691978],[68.0074617689283,31.66255993326941],[68.16270121139935,31.82642878308108],[68.1688,31.8342],[68.16972584895157,31.8338439042494],[68.1712,31.8354],[68.17699046811047,31.831212633709004],[68.2593,31.8015],[68.2782,31.7597],[68.2784,31.7597],[68.4218,31.7572],[68.4266,31.7554],[68.4279,31.7554],[68.5379,31.7147],[68.582,31.7504],[68.47557497762816,31.759536029317765],[68.4725,31.7598],[68.43546193988983,31.76297752794511],[68.4352,31.763],[68.4331,31.7632],[68.4846,31.7875],[68.51079545454546,31.800512121212122],[68.57607464424132,31.832938385374767],[68.5764,31.8331],[68.60259251220836,31.811049376017362],[68.6098,31.8051],[68.7085,31.771],[68.76746571210299,31.663868156765275],[68.82986987889122,31.61439097594785],[68.86650712067495,31.607142382581692],[68.9169,31.6048],[68.9491,31.6457],[68.9566,31.6437],[68.98626549533444,31.635869046262645],[69.11315077001078,31.699373040116612],[69.118,31.7032],[69.1254,31.7166],[69.12595226920827,31.717606764614803],[69.1977,31.8484],[69.2055,31.855],[69.24350395616145,31.88694439989308],[69.28270056693638,31.91989129109905],[69.3209,31.952],[69.29,32.0797],[69.27661472961448,32.13532501585358],[69.2733,32.1491],[69.2728,32.151],[69.27652128369213,32.245675256530966],[69.2804986433198,32.34686548394132],[69.2378,32.4568],[69.2678,32.5054],[69.2691,32.5078],[69.27003588381608,32.508556747816485],[69.2835,32.5302],[69.2852,32.533],[69.3109218965824,32.5416168353551],[69.43859767103383,32.644854397404735],[69.45020981509299,32.66189376509094],[69.3902,32.7779],[69.40483039072707,32.78690689238535],[69.4637,32.8512],[69.5323,32.8705],[69.52679330096073,32.880374081035924],[69.5043,32.8864],[69.5041,32.8868],[69.50095359675785,32.92656223877439],[69.492,32.9426],[69.49727898325334,32.97299966218305],[69.495,33.0018],[69.4955,33.0083],[69.50546538199646,33.01964635253529],[69.5071,33.029],[69.54492549926556,33.06457472575554],[69.5756,33.0995],[69.7976,33.1312],[69.7983,33.1315],[69.90879839784344,33.10643850770561],[70.0231,33.1433],[70.02716574948333,33.14975133119909],[70.0621,33.2118],[70.0615,33.2127],[70.1645,33.2323],[70.21895994200923,33.265400500685274],[70.3258,33.34],[70.29871090909091,33.4229003030303],[70.29758382672227,33.4263128579798],[70.27427637173658,33.44484260751137],[70.2041,33.4915],[70.206,33.4935],[70.192866931435,33.509655166729104],[70.1741,33.5246],[70.1736,33.525],[70.17502421561039,33.53160373477471],[70.19475151719487,33.62307434254889],[70.197,33.6335],[70.1492,33.6535],[70.1485,33.6569],[70.14848965276809,33.656952321851904],[70.14321640866874,33.68361702786372],[70.1432,33.6837],[70.137,33.7151],[70.049,33.7304],[70.04750136274372,33.730662458363625],[69.9919,33.7404],[69.982800676647,33.75389899618302],[69.9716,33.7577],[69.859,33.9243],[69.8888,34.0187],[69.9083,34.0395]]]},"properties":{"iso3":"AFG"}},
{"type":"Feature","geometry":{"type":"Polygon","coordinates":[[[-4.6316,12.0573],[-4.6441,12.0544],[-4.7099,12.0393],[-4.7145,12.0382],[-4.74,11.9987],[-5.0764,11.9805],[-5.1139,11.9491],[-5.2094,11.8825],[-5.2535,11.8372],[-5.2623,11.8281],[-5.3928,11.8248],[-5.2595,11.7623],[-5.2637,11.7439],[-5.2909,11.6177],[-5.2153,11.5785],[-5.198,11.4314],[-5.1979,11.4305],[-5.2527,11.3094],[-5.2913,11.2242],[-5.3314,11.1357],[-5.345,11.1307],[-5.4325,11.0987],[-5.4883,11.0783],[-5.4902,11.0776],[-5.4911,10.9718],[-5.4041,10.8482],[-5.4026,10.8461],[-5.4667,10.7617],[-5.4545,10.5569],[-5.4559,10.5535],[-5.4558,10.5518],[-5.4736,10.51],[-5.5079699808950515,10.425628493226554],[-5.49379176239609,10.40471975855299],[-5.415539356257665,10.310146136277123],[-5.391718403885314,10.297556203395763],[-5.313079003460148,10.30624001133907],[-5.2903,10.3172],[-5.1974,10.3183],[-5.193695010891581,10.30531124507968],[-5.135993380529762,10.29479105832863],[-5.1123,10.3047],[-5.112902984587058,10.298954580821427],[-5.119283261802575,10.238161373390557],[-5.1229,10.2037],[-5.0838,10.2203],[-5.0918,10.2018],[-5.1043,10.1752],[-5.0599,10.1804],[-5.0365,10.1217],[-5.073,10.1111],[-4.9992,10.1072],[-4.962,10.0256],[-4.964087288624722,9.971125859617565],[-4.9403,9.9534],[-4.9671,9.8925],[-4.9542,9.8885],[-4.9422,9.8847],[-4.7903,9.8371],[-4.790263938618926,9.837067945439044],[-4.786867758186398,9.83404911838791],[-4.7858,9.8331],[-4.7836,9.7819],[-4.8165,9.7835],[-4.763997475301866,9.739775631174535],[-4.7335,9.7474],[-4.689662673630582,9.678780761651472],[-4.6123,9.725],[-4.56236593356967,9.692942329351729],[-4.562271840915137,9.693059244479915],[-4.5536,9.7421],[-4.5485,9.7433],[-4.5377,9.7459],[-4.516627924875182,9.749774238027433],[-4.5154,9.75],[-4.515,9.7461],[-4.506648320565704,9.665664407778433],[-4.5047,9.6469],[-4.5047,9.6466],[-4.5001,9.6477],[-4.499675164353543,9.64777246165084],[-4.4274,9.6601],[-4.3904,9.5964],[-4.3902,9.5965],[-4.3552,9.6174],[-4.3455,9.6231],[-4.3227,9.6064],[-4.3128,9.5966],[-4.3122,9.5987],[-4.3071,9.5949],[-4.2646,9.7554],[-4.1911,9.7739],[-4.1301,9.8457],[-4.1197,9.8413],[-4.10604306226096,9.83553208351621],[-4.0463,9.8103],[-4.043221233848093,9.809051851560037],[-3.9678,9.8721],[-3.961927626459144,9.873561738002595],[-3.929,9.8819],[-3.892,9.9057],[-3.8514,9.9016],[-3.6218,9.9598],[-3.3107,9.9105],[-3.310244572368421,9.909744457236842],[-3.3098,9.9097],[-3.309823200578758,9.909045412242197],[-3.2737312081343823,9.84916972221268],[-3.270420406958695,9.84731145390574],[-3.2704,9.8473],[-3.197455573647651,9.926892295420666],[-3.1903,9.9347],[-3.1877,9.9376],[-3.1822,9.839],[-3.149,9.8529],[-3.1454,9.8503],[-3.1451,9.8504],[-3.0915,9.8128],[-3.058916386335912,9.730941166899116],[-3.0062,9.7418],[-3.0047,9.7384],[-3.0007,9.7394],[-2.9355,9.5798],[-2.93273206401766,9.576478476821192],[-2.7687498955882557,9.415349027578623],[-2.703106779661017,9.479581355932204],[-2.6897,9.4927],[-2.689709958782418,9.492710240393231],[-2.7286,9.5327],[-2.729978488306406,9.534121669867812],[-2.7700398997836704,9.575438017126292],[-2.7701,9.5755],[-2.7711,9.5765],[-2.7629,9.5953],[-2.7623453673574243,9.59656695495804],[-2.7425,9.6419],[-2.7828,9.7263],[-2.7829960515741288,9.726707184038576],[-2.7906,9.7425],[-2.72789932731998,9.826953967283293],[-2.726984208660554,9.828618997339735],[-2.7472,9.9052],[-2.7904,10.0697],[-2.7907,10.0707],[-2.7939,10.1254],[-2.797072752600297,10.17836056263573],[-2.7978,10.1905],[-2.7819,10.2132],[-2.775292219002777,10.222624212241941],[-2.761984529951247,10.251451495064737],[-2.8504,10.3195],[-2.849117510389773,10.324075548869821],[-2.848255366269165,10.327151427633446],[-2.8312,10.388],[-2.8303,10.3885],[-2.83,10.3897],[-2.7736,10.4228],[-2.7735944688874934,10.422802765556256],[-2.7734,10.4229],[-2.8657,10.4591],[-2.871496824810227,10.471274106043372],[-2.9406,10.6164],[-2.941,10.6171],[-2.9301,10.6385],[-2.923039239949549,10.653222435849877],[-2.9385,10.7078],[-2.9330298194015074,10.718710428608212],[-2.9353,10.7214],[-2.937,10.7234],[-2.9329,10.7272],[-2.8641,10.8875],[-2.8191777585977973,10.92221264108352],[-2.818039701993521,10.923901980824587],[-2.834,11.0041],[-2.8325,11.0041],[-2.8324529252152977,11.004100175652182],[-2.7253401232937033,11.004499850286217],[-2.7253,11.0045],[-2.7158,11.0045],[-2.7161,11.0042],[-1.8985,10.9844],[-1.5843942121449843,11.009022699471686],[-1.585,11.0213],[-1.5447,11.0213],[-1.5442021825016303,11.01217334586322],[-1.4265,11.0214],[-1.0771337422530998,10.995583107632907],[-0.9872,10.9983],[-0.9769,10.9989],[-0.9193481273866033,10.983923326112063],[-0.9055,10.9829],[-0.855089585863366,10.98682484322486],[-0.8418,10.9968],[-0.8241,11.0101],[-0.6833,11.0002],[-0.6536,10.9564],[-0.6129582664526485,10.896485896490391],[-0.5649,10.9954],[-0.5,11.0051],[-0.4401,11.0369],[-0.43170000000000003,11.069062162162162],[-0.4196,11.1155],[-0.41957026884722753,11.115504826485841],[-0.3734,11.123],[-0.3649,11.0899],[-0.3615,11.0687],[-0.3428,11.0807],[-0.2855967741935484,11.117177419354839],[-0.271,11.1265],[-0.2746,11.1415],[-0.27599793934933664,11.168460258880064],[-0.276,11.1685],[-0.1584,11.1448],[-0.10808790812110153,11.134635132566624],[0.1559,11.0813],[0.2624,11.0598],[0.2625265885278575,11.059773817403865],[0.4234,11.0265],[0.5038,11.0094],[0.5008,10.9366],[0.5009734417344174,10.93668672086721],[0.501,10.9367],[0.5008,10.9334],[0.6716,10.9991],[0.7454530855806941,10.998296241010841],[0.9105,10.9965],[0.888,10.9142],[0.8976,10.9109],[0.8979837209302326,10.910767441860465],[0.9355952012299452,10.897836031442955],[0.9238,10.9864],[0.9239181453992465,10.98626375573108],[0.9239,10.9864],[0.9805,10.9828],[0.9448,11.0261],[0.9721,11.079],[0.9725658616904507,11.07956862529864],[0.9789,11.0873],[1.0602,11.0539],[1.1093,11.0337],[1.1142,11.0317],[1.1045,11.0505],[1.0681,11.1208],[1.0611,11.1344],[1.0650349372566001,11.136955811337083],[1.0922,11.1546],[1.1488,11.1663],[1.1588,11.1684],[1.165,11.1697],[1.1398,11.2252],[1.1312,11.2508],[1.1343,11.256],[1.1438084396703585,11.255136330182744],[1.2521,11.2453],[1.2590077799943005,11.250748389854659],[1.2592,11.2509],[1.2611086757990868,11.250379452054794],[1.2626457966788571,11.250109518632005],[1.2627045089433317,11.25015362174147],[1.2838,11.266],[1.2706,11.3156],[1.291,11.3059],[1.3032,11.2951],[1.3103,11.2968],[1.3209093520259876,11.299283039835869],[1.3244,11.3001],[1.332351291995358,11.301948455334715],[1.3270693435391803,11.360128723404255],[1.3254,11.3638],[1.3266808292775425,11.364408179002591],[1.3265,11.3664],[1.3937282817082766,11.440954956720795],[1.3951,11.4486],[1.407107578791782,11.455792356839748],[1.41,11.459],[1.4131751588334185,11.459426744884993],[1.4345,11.4722],[1.4598827871122024,11.465704302167588],[1.5536,11.4783],[1.6242,11.3934],[1.8781,11.453],[1.917,11.4084],[1.9975614124925272,11.418106194276207],[2,11.4184],[2.0119,11.4284],[2.0193,11.4277],[2.3057,11.6744],[2.3057,11.6758],[2.308696699029126,11.678354563106796],[2.3118,11.681],[2.3049,11.7346],[2.3517650404958563,11.771959081927195],[2.4074,11.8989],[2.4049,11.9022],[2.4054,11.9016],[2.405397829552422,11.901612618025752],[2.4043,11.9031],[2.0665,12.3533],[2.1487,12.4057],[2.2202,12.4186],[2.2618,12.4134],[2.2651,12.4267],[2.2685,12.441],[2.2743,12.4646],[2.162,12.686],[2.1582,12.6873],[2.1475,12.6909],[2.0308,12.7305],[2.0022,12.7341],[1.9839,12.7364],[1.9797,12.7369],[1.9541,12.7066],[1.8638,12.6164],[1.7579,12.6708],[1.7401,12.6783],[1.4549,12.8403],[1.409,12.8664],[1.3467,12.9018],[0.9922,13.1031],[0.9919,13.1079],[0.9919,13.3747],[0.9933,13.3743],[1.1751,13.3215],[1.204,13.368],[1.283,13.3522],[1.2804,13.3561],[1.2834,13.3551],[1.2851,13.3545],[1.2834,13.3553],[1.2798,13.3571],[1.2082,13.3922],[1.0277,13.4808],[1.006,13.5584],[0.9964,13.5642],[0.9942,13.5764],[0.9618,13.5854],[0.9072,13.6187],[0.8621,13.6253],[0.7927,13.6403],[0.7815,13.6427],[0.7735,13.6874],[0.7725,13.693],[0.6393,13.7064],[0.6052,13.7098],[0.6191,13.7801],[0.5347,13.8481],[0.5061,13.885],[0.4765,13.9104],[0.456,13.9495],[0.3818,14.0451],[0.1898,14.4701],[0.1865,14.4989],[0.1764,14.5869],[0.1859,14.6589],[0.236,14.7514],[0.2046,14.8013],[0.2156,14.8849],[0.2434,14.9128],[0.2203,14.9206],[0.0643,14.9731],[0.0504,14.9725],[-0.1807,15.0525],[-0.2474,15.0728],[-0.3849,14.9987],[-0.3966,15.0142],[-0.4392,15.0708],[-0.445,15.0785],[-0.7013,15.0798],[-0.7419,15.0642],[-0.7965,15.0216],[-1.0494,14.8044],[-1.0889,14.7933],[-1.1121,14.7752],[-1.2059,14.7604],[-1.3186,14.7288],[-1.6785,14.5007],[-1.9808,14.4747],[-1.9974,14.1912],[-2.0506,14.1681],[-2.0967,14.1481],[-2.095,14.1467],[-2.104,14.1424],[-2.4737,14.2946],[-2.5026,14.2751],[-2.663,14.1467],[-2.811,14.0678],[-2.8397,14.0485],[-2.8763,13.9229],[-2.9068,13.8185],[-2.8763,13.6521],[-2.8758,13.6493],[-2.9481,13.6219],[-2.9516,13.6206],[-3.0009,13.6558],[-3.0385,13.6103],[-3.1061,13.6857],[-3.1869,13.6763],[-3.2635,13.7022],[-3.233,13.2872],[-3.2335,13.2872],[-3.2332,13.2839],[-3.4371,13.2711],[-3.4404,13.1585],[-3.4412,13.1586],[-3.5483,13.1669],[-3.7976,13.3705],[-3.9502,13.3785],[-3.9533,13.3857],[-3.9018,13.4347],[-3.8972,13.4391],[-3.8952,13.441],[-3.964,13.5038],[-3.9648,13.5045],[-3.9841,13.4339],[-4.091,13.3963],[-4.094,13.39],[-4.1056,13.3655],[-4.1407,13.2915],[-4.2593,13.234],[-4.2582,13.2321],[-4.259,13.2317],[-4.2333,13.1801],[-4.3402,13.1415],[-4.3375,13.1375],[-4.2194,12.9596],[-4.2252,12.8651],[-4.232,12.7523],[-4.2335,12.7285],[-4.249,12.7284],[-4.2668,12.7034],[-4.4789,12.7189],[-4.4809,12.719],[-4.4837,12.6542],[-4.3684,12.531],[-4.4382,12.4201],[-4.4359,12.4141],[-4.4408,12.4059],[-4.3984,12.31],[-4.4739,12.3304],[-4.4737,12.3273],[-4.471,12.2833],[-4.4718,12.2827],[-4.5803,12.1995],[-4.5788,12.1972],[-4.5809,12.1955],[-4.5455,12.1407],[-4.6062,12.1372],[-4.6316,12.0573]],[[-3.4412,13.1568],[-3.4413,13.154],[-3.4425,13.1541],[-3.4412,13.1568]]]},"properties":{"iso3":"BFA"}},
{"type":"Feature","geometry":{"type":"Polygon","coordinates":[[[18.8299,4.5665],[19.0463,4.8274],[19.0979,4.9221],[19.102561140388527,4.922988529886563],[19.1299,4.9282],[19.13364544446205,4.932743653937569],[19.1421,4.943],[19.2007,4.9423],[19.225,4.9626],[19.403,5.121],[19.403752595432042,5.121024277272002],[19.4154,5.1214],[19.6129,5.1279],[19.7565,5.1042],[19.8249,5.0929],[19.8527,5.0581],[19.8541,5.0574],[19.860711805555557,5.0480656862745095],[19.8609,5.0478],[19.915,4.9801],[20.1001,4.9023],[20.4049,4.6771],[20.4779,4.485],[20.624,4.4019],[20.862869950267086,4.445646531589611],[20.872588864849934,4.443721529184312],[20.8833,4.4416],[20.9929,4.4196],[21.0067,4.4112],[21.028101052631577,4.398229665071771],[21.0595,4.3792],[21.0585,4.3854],[21.057863308634445,4.389523334557881],[21.077300611304587,4.383837354928902],[21.086088053120438,4.377462380561167],[21.087,4.381],[21.209488838268793,4.288169476082005],[21.211039685658154,4.287200196463655],[21.25953734939759,4.321987550200803],[21.282,4.3381],[21.36411382113821,4.311677235772358],[21.382009950156913,4.305918580395052],[21.443909079042786,4.286000543872371],[21.562603758389272,4.247806711409393],[21.5648,4.2471],[21.734546801370968,4.3039152529294595],[21.7348,4.304],[21.736939761401594,4.30326724316586],[21.9652,4.2251],[21.983524374085317,4.234921337189613],[21.993,4.24],[22.02690539610819,4.222897410716424],[22.0287,4.2224],[22.0372,4.2216],[22.242175342119655,4.125747576235384],[22.2658,4.1147],[22.298493900702386,4.125373945815773],[22.40623222470952,4.124659184710021],[22.4453,4.1244],[22.6195,4.3505],[22.619486284553417,4.350582224781232],[22.5993,4.4716],[22.599316680429396,4.4716],[22.5993,4.4717],[22.652,4.4717],[22.668,4.4717],[22.6932,4.4717],[22.7175,4.5223],[22.726624076809454,4.547423338257016],[22.731689358674892,4.561428060564302],[22.7834,4.7044],[22.82696968215159,4.706195599022005],[22.8659,4.7078],[22.9068,4.8178],[22.9749,4.8469],[23.10439418206708,4.717031827515401],[23.1134,4.708],[23.1883,4.7358],[23.18874492385199,4.7355247935607165],[23.402204965288554,4.60348966514358],[23.4072,4.6004],[23.415914079036295,4.612394877717291],[23.457320508032193,4.669390579781368],[23.4574,4.6696],[23.565,4.7178],[23.59,4.7355],[23.6938,4.7756],[23.7091,4.7824],[23.7183,4.785],[23.752998905758517,4.794784355758056],[23.857723252844853,4.824314401332224],[23.8732,4.8211],[23.959,4.8081],[23.97171812403227,4.878193119666577],[23.9718,4.8782],[23.9723,4.8812],[24.1931,4.9228],[24.274,4.938],[24.275217325083293,4.9382646358876725],[24.2763,4.9385],[24.2984,5.0029],[24.2988,5.003],[24.2991,5.004],[24.41,5.0317],[24.40987523653069,5.031767922805641],[24.3751,5.0507],[24.3574,5.0599],[24.40263464742584,5.103709934121092],[24.4354,5.0603],[24.43552474226804,5.06042474226804],[24.4361,5.0594],[24.46516097946831,5.10136665405647],[24.4757,5.0982],[24.4762,5.0986],[24.478212956631275,5.099101386743742],[24.486122201266497,5.095079371407766],[24.554687517337033,5.060212482662967],[24.6141,5.03],[24.692832917376727,4.921468168324995],[24.6931,4.9212],[24.75427979038901,4.91230461206687],[24.9835,4.9931],[24.9839,4.9929],[25.0001,5],[25.145696502209315,5.016599601213425],[25.1542,5.0283],[25.3178,5.0362],[25.3179,5.0362],[25.3183,5.0375],[25.3415,5.1681],[25.344864882226982,5.18702226980728],[25.3677,5.3157],[25.546679355302985,5.373768008550808],[25.5461,5.3861],[25.6744,5.3121],[25.7483,5.2376],[25.7494,5.2368],[25.7925,5.2727],[25.824744366197184,5.208805633802817],[25.8359,5.1867],[25.964,5.1916],[25.9852,5.2398],[26.0679,5.194],[26.1609,5.2586],[26.347410976585724,5.13764147545388],[26.4881,5.0464],[26.66230051197245,5.084313055297555],[26.75,5.1034],[26.8722,5.0338],[26.9702,5.152],[27.15608092679651,5.1985938885157825],[27.1581,5.1991],[27.24562,5.16022],[27.41734556444987,5.083932409211484],[27.4316,5.0776],[27.448668829168092,5.051851677507703],[27.4529,5.0747],[27.457,5.0969],[27.2576,5.347],[27.2803,5.5328],[27.293,5.5967],[27.2368,5.6009],[27.2312,5.6139],[27.1868,5.7176],[27.0027,5.8567],[26.8422,5.8928],[26.8399,5.8967],[26.8355,5.8965],[26.8342,5.9065],[26.7856,5.9896],[26.5602,6.0332],[26.5357,6.0821],[26.5191,6.1154],[26.4555,6.0876],[26.4865,6.144],[26.5327,6.2201],[26.5281,6.2195],[26.4887,6.2144],[26.4866,6.2246],[26.4773,6.2688],[26.4755,6.2773],[26.3898,6.3317],[26.3092,6.3829],[26.2931,6.4615],[26.293,6.4863],[26.3075,6.5074],[26.4155,6.6498],[26.3351,6.6929],[26.1026,6.8176],[26.0958,6.838],[26.0468,6.9854],[26.0405,7.0044],[26.04,7.006],[25.8371,7.1072],[25.8205,7.1572],[25.5312,7.2544],[25.4809,7.2713],[25.4754,7.2748],[25.4385,7.2987],[25.354,7.3534],[25.2962,7.4532],[25.2767,7.4743],[25.2615,7.478],[25.1993,7.4929],[25.1959,7.4937],[25.1667,7.5864],[25.2672,7.6403],[25.2857,7.6526],[25.285,7.8015],[25.2734,7.8157],[25.2191,7.8691],[25.0933,7.8837],[25.0337,7.9328],[24.9618,7.9839],[24.8587,8.1784],[24.65,8.1969],[24.5525,8.2056],[24.5379,8.2069],[24.4639,8.2751],[24.4389,8.2749],[24.3553,8.2462],[24.2952,8.2736],[24.2738,8.2734],[24.2532,8.2927],[24.1795,8.3263],[24.1558,8.3839],[24.1527,8.3915],[24.1507,8.3964],[24.165,8.4829],[24.2583,8.5766],[24.2232,8.6408],[24.2239,8.6418],[24.2539,8.6856],[24.2609,8.703],[24.2448,8.7035],[24.1962,8.7051],[23.9221,8.714],[23.8053,8.7178],[23.6814,8.7218],[23.5201,8.727],[23.5085,8.8148],[23.5204,8.8397],[23.5283,8.8562],[23.5884,8.9823],[23.5355,8.983],[23.5199,8.9832],[23.4653,9.006],[23.4763,9.1419],[23.521,9.1754],[23.6146,9.2456],[23.6202,9.2498],[23.6205,9.25],[23.6512,9.273],[23.672,9.4041],[23.6773,9.4372],[23.6775,9.4387],[23.6285,9.542],[23.6523,9.605],[23.693,9.7125],[23.6682,9.8916],[23.4525,10.2487],[23.4397,10.2699],[23.2961,10.5076],[23.2404,10.5482],[22.9992,10.7243],[22.9949,10.7311],[22.8814,10.9309],[22.8778,10.9316],[22.8758,10.9321],[22.509,11.0073],[22.4801,10.9967],[22.468,10.9987],[22.1518,10.876],[21.8325,10.8394],[21.7884,10.7946],[21.7886,10.6694],[21.7336,10.654],[21.7335,10.654],[21.7175,10.5078],[21.7709,10.4117],[21.7282,10.3018],[21.6685,10.232],[21.5427,10.2271],[21.5367,10.2269],[21.385,9.9918],[21.2554,9.9904],[21.2541,9.9904],[21.1724,9.8736],[21.1153,9.792],[21.0277,9.7593],[20.9951,9.7471],[20.9916,9.6856],[20.988,9.6208],[20.8209,9.4292],[20.8204,9.4286],[20.6669,9.3983],[20.6378,9.3179],[20.5286,9.3371],[20.4378,9.1608],[20.3943,9.144],[20.3373,9.13],[20.1029,9.1563],[20.1015,9.1565],[20.0996,9.1557],[19.9853,9.1061],[19.94,9.0864],[19.7419,9.0379],[19.0232,8.9951],[19.0225,8.9944],[18.9469,8.9275],[18.8625,8.8526],[19.1056,8.6984],[19.0462,8.5751],[18.8372,8.2889],[18.6588,8.1955],[18.6577,8.1949],[18.618,8.0525],[18.2135,8.0227],[18.2141,8.0194],[17.9218,7.9586],[17.9217,7.9586],[17.9216,7.9586],[17.7223,7.9789],[17.7232,7.9778],[17.72,7.9781],[17.6203,7.9454],[17.5151,7.8687],[17.515,7.8687],[17.4678,7.8939],[17.2869,7.804],[17.2822,7.8017],[17.1604,7.6668],[17.0913,7.6921],[17.0403,7.635],[16.9706,7.6258],[16.9009,7.6165],[16.908,7.5582],[16.8439,7.5299],[16.8366,7.5369],[16.6675,7.699],[16.668,7.7383],[16.5948,7.7688],[16.5946,7.7689],[16.5959,7.8802],[16.4891,7.7903],[16.439,7.8052],[16.3927,7.6712],[16.2331,7.6083],[16.0661,7.5819],[15.9901,7.4903],[15.8415,7.4498],[15.8097,7.4411],[15.8096,7.4411],[15.7688,7.4801],[15.7279,7.5191],[15.5035,7.5252],[15.2248,7.2378],[15.2112,7.2238],[15.2185,7.1239],[15.2191,7.1152],[15.2097,7.1065],[15.1397,6.967],[15.0665,6.7762],[14.9462,6.7017],[14.915,6.6251],[14.847,6.4656],[14.805,6.3466],[14.7852,6.3209],[14.7651,6.2948],[14.7403,6.2625],[14.6726,6.2375],[14.4885,6.1238],[14.4338,6.0645],[14.4156,6.0447],[14.485,5.92],[14.4919,5.9187],[14.577,5.9025],[14.6177,5.8947],[14.5965,5.6175],[14.5975,5.6144],[14.6299,5.5119],[14.6293,5.5105],[14.5257,5.2842],[14.5295,5.2818],[14.6642,5.1976],[14.6643,5.1968],[14.6815,5.0448],[14.6852,5.0121],[14.6964,4.9134],[14.7226,4.7065],[14.7317,4.6124],[15.0079,4.4243],[15.0111,4.4194],[15.0162,4.4166],[15.0931,4.2922],[15.1136,4.1253],[15.1795,4.0567],[15.1769,4.0558],[15.1776,4.0551],[15.0836,4.0097],[15.3383,3.7095],[15.7337,3.2436],[15.7754,3.2702],[16.0561,3.0204],[16.0616,2.8432],[16.0873,2.712],[16.0858,2.709],[16.0896,2.7003],[16.0755,2.4652],[16.1952,2.2234],[16.5201,2.8423],[16.4934,3.0043],[16.5444,3.0702],[16.5058,3.1598],[16.5965,3.4827],[16.6105,3.4972],[16.7545,3.557],[16.8518,3.5106],[16.8737,3.5575],[16.9573,3.5598],[17.0354,3.5134],[17.2987,3.6301],[17.367,3.6127],[17.4917,3.7021],[17.6063,3.6412],[17.829,3.6267],[17.8591,3.533],[17.9377,3.6024],[17.9957,3.5511],[18.1235,3.566],[18.176,3.4882],[18.2416,3.5004],[18.2677,3.5915],[18.3969,3.584],[18.4909,3.6516],[18.6126,3.4992],[18.58712252464946,3.7501929407580605],[18.587,3.7509],[18.58703746606889,3.7510309006806937],[18.587,3.7514],[18.6043,3.8117],[18.5991,3.8694],[18.6366,4.0257],[18.63663348439395,4.02583915235846],[18.6488,4.0764],[18.5499,4.3095],[18.549849392471113,4.309619172568021],[18.5437,4.3241],[18.6427,4.3615],[18.7308,4.3858],[18.73138005595523,4.385976538768983],[18.7331,4.3865],[18.7331,4.3867],[18.7331,4.3868],[18.8007,4.4786],[18.8299,4.5665]]]},"properties":{"iso3":"CAF"}},
{"type":"Feature","geometry":{"type":"MultiPolygon","coordinates":[[[[11.8803,7.2484],[11.8676,7.0785],[11.7149,7.0443],[11.6366,6.9657],[11.5727,6.9015],[11.5739,6.8853],[11.5775,6.8371],[11.5832,6.7611],[11.5385,6.6508],[11.5191,6.6145],[11.4172,6.5982],[11.4277,6.5313],[11.3559,6.5032],[11.28,6.5381],[11.261,6.5317],[11.1981,6.5105],[11.0942,6.5242],[11.0726,6.6857],[10.9182,6.7082],[10.9181,6.709],[10.9163,6.709],[10.8295,6.826],[10.8239,6.83],[10.8242,6.8331],[10.832,6.9119],[10.8348,6.94],[10.8348,6.9401],[10.6216,7.0571],[10.614,7.0742],[10.5785,7.1542],[10.56,7.0483],[10.5451,6.945],[10.5414,6.9417],[10.5367,6.9376],[10.4965,6.9021],[10.412,6.8987],[10.4095,6.9097],[10.2394,6.8919],[10.2148,6.8909],[10.2083,6.906],[10.1509,7.0374],[10.1505,7.0384],[9.8648,6.7775],[9.8168,6.7883],[9.8089,6.7879],[9.7793,6.7944],[9.7051,6.5122],[9.5992,6.5309],[9.5982,6.5294],[9.5968,6.5296],[9.5962,6.5262],[9.5599,6.4693],[9.4701,6.4549],[9.4656,6.4556],[9.4654,6.4541],[9.4651,6.4541],[9.4582,6.4247],[9.4354,6.3356],[9.3846,6.336],[9.3452,6.3526],[9.3214,6.302],[9.2645,6.1814],[8.9987,5.9582],[8.99,5.9519],[8.9785,5.9428],[8.8854,5.863],[8.843,5.8274],[8.8439,5.8262],[8.8837,5.7749],[8.838,5.6787],[8.9214,5.5642],[8.8792,5.5058],[8.8424,5.455],[8.8355,5.344],[8.7988,5.15],[8.7113,5.0216],[8.6907,4.9951],[8.6057,4.8854],[8.6068,4.8825],[8.6046,4.8799],[8.6269,4.8231],[8.6265,4.8229],[8.5823,4.8117],[8.5831,4.811],[8.5753,4.8049],[8.5732,4.8094],[8.569,4.8083],[8.5713,4.803],[8.5594,4.7984],[8.5539,4.8045],[8.5385,4.8006],[8.5301,4.7708],[8.5284,4.7699],[8.5272,4.7607],[8.4994,4.5485],[8.5658,4.4834],[8.7237,4.4983],[8.6684,4.5647],[8.6445,4.7249],[8.7666,4.5341],[8.7962,4.5807],[8.8668,4.525],[8.8391,4.6229],[8.9104,4.4967],[8.8805,4.4077],[8.9342,4.2581],[8.9352,4.2581],[8.996,4.1939],[8.9767,4.097],[9.1141,4.0099],[9.2091,4.005],[9.2117,3.9509],[9.2858,3.9757],[9.3266,3.9241],[9.3362,3.917],[9.4696,3.9081],[9.4475,3.9477],[9.5266,3.9616],[9.5211,4.0251],[9.6423,4.0376],[9.6507,4.0057],[9.6234,3.9492],[9.7009,3.9274],[9.6598,3.9133],[9.6809,3.8379],[9.6173,3.8667],[9.5938,3.8065],[9.5863,3.798],[9.5366,3.8266],[9.5363,3.8253],[9.5391,3.8203],[9.5569,3.8035],[9.5823,3.7658],[9.6518,3.638],[9.6295,3.5612],[9.896,3.2766],[9.9749,3.0851],[9.8239,2.5695],[9.8229,2.3517],[9.9064,2.1976],[10.1888,2.1734],[11.3598,2.1719],[11.3885,2.2981],[11.6661,2.3174],[11.7582,2.2702],[11.9361,2.2845],[12.124,2.2934],[12.2462,2.2493],[12.3025,2.2872],[12.7455,2.2211],[12.8195,2.258],[13.0848,2.2407],[13.1577,2.2866],[13.2863,2.2484],[13.2943,2.1706],[13.6799,2.1719],[14.3629,2.1874],[14.4607,2.1255],[14.5955,2.2068],[14.7717,2.0631],[14.873,2.1109],[14.9148,2.0003],[14.9831,2.0368],[15.1051,1.9828],[15.2065,2.0397],[15.3436,1.9124],[15.423,1.9565],[15.4856,1.9836],[15.7473,1.9198],[15.8811,1.7855],[16.026,1.7653],[16.0562,1.6547],[16.1498,1.7044],[16.0481,1.9754],[16.0813,2.1908],[16.1921,2.2157],[16.0734,2.463],[16.0616,2.8432],[16.0561,3.0204],[15.7754,3.2702],[15.7337,3.2436],[15.3383,3.7095],[15.0836,4.0097],[15.1776,4.0551],[15.1769,4.0558],[15.1795,4.0567],[15.1136,4.1253],[15.0931,4.2922],[15.0162,4.4166],[15.0111,4.4194],[15.0079,4.4243],[14.7317,4.6124],[14.7226,4.7065],[14.6964,4.9134],[14.6852,5.0121],[14.6815,5.0448],[14.6643,5.1968],[14.6642,5.1976],[14.5295,5.2818],[14.5257,5.2842],[14.6293,5.5105],[14.6299,5.5119],[14.5975,5.6144],[14.5965,5.6175],[14.6177,5.8947],[14.577,5.9025],[14.4919,5.9187],[14.485,5.92],[14.4156,6.0447],[14.4338,6.0645],[14.4885,6.1238],[14.6726,6.2375],[14.7403,6.2625],[14.7651,6.2948],[14.7852,6.3209],[14.805,6.3466],[14.847,6.4656],[14.915,6.6251],[14.9462,6.7017],[15.0665,6.7762],[15.1397,6.967],[15.2097,7.1065],[15.2191,7.1152],[15.2185,7.1239],[15.2112,7.2238],[15.2248,7.2378],[15.5035,7.5252],[15.5618,7.5853],[15.5827,7.6573],[15.5893,7.6799],[15.5902,7.7134],[15.5915,7.7663],[15.5063,7.792],[15.4517,7.8853],[15.3962,8.0552],[15.3561,8.178],[15.3406,8.2083],[15.109,8.6594],[15.037,8.6758],[14.9836,8.6879],[14.8993,8.814],[14.8597,8.8119],[14.8336,8.8139],[14.4895,9.0591],[14.4869,9.0617],[14.3487,9.2043],[14.3732,9.2941],[14.2836,9.3613],[13.9751,9.6424],[14.0338,9.7116],[14.1295,9.8245],[14.1421,9.8548],[14.2042,10.0033],[14.2827,9.9944],[14.7249,9.9441],[14.7811,9.9377],[14.8024,9.9353],[14.8925,9.9496],[15.0666,9.9771],[15.1102,9.984],[15.1542,9.9767],[15.4139,9.9334],[15.4258,9.9362],[15.435,9.9333],[15.659,9.9765],[15.668,9.9937],[15.6749,10.0069],[15.6644,10.013],[15.514,10.0906],[15.494,10.1118],[15.3102,10.3075],[15.2411,10.4707],[15.2398,10.4716],[15.1706,10.5208],[15.1473,10.5374],[15.1459,10.5384],[15.1191,10.7099],[15.1163,10.7275],[15.0859,10.8621],[15.0945,10.8816],[15.0637,10.9606],[15.0487,10.9991],[15.0535,11.006],[15.1106,11.0881],[15.1001,11.1321],[15.0513,11.3371],[15.0493,11.3455],[15.1381,11.5472],[15.1448,11.5623],[15.0701,11.7006],[15.0656,11.7108],[15.0753,11.7258],[15.1228,11.791],[15.1168,11.7965],[15.0564,11.8792],[15.0829,11.9843],[15.0867,11.9923],[15.0855,11.9948],[15.0858,11.9958],[15.0378,12.1041],[14.9666,12.0973],[14.9611,12.0973],[14.9536,12.104],[14.9084,12.1851],[14.9105,12.3792],[14.9082,12.3821],[14.9084,12.3838],[14.8486,12.4608],[14.8351,12.5933],[14.8325,12.6335],[14.8219,12.6337],[14.7544,12.671],[14.7457,12.6887],[14.7367,12.6808],[14.7151,12.6927],[14.718,12.7222],[14.5682,12.7739],[14.5555,12.7809],[14.5546,12.7876],[14.572,12.8876],[14.5304,12.9649],[14.529,12.9751],[14.5109,13.0011],[14.4667,13.0833],[14.0833,13.0833],[14.0841,13.0798],[14.0832,13.081],[14.1372,12.8083],[14.1528,12.705],[14.1725,12.5907],[14.1739,12.4137],[14.1733,12.411],[14.174,12.4104],[14.2283,12.3624],[14.3384,12.3582],[14.3527,12.3576],[14.3642,12.3572],[14.4857,12.3485],[14.5431,12.2479],[14.5497,12.2363],[14.5562,12.2327],[14.66,12.1742],[14.628,12.0545],[14.6224,12.0423],[14.6238,12.039],[14.6564,11.9623],[14.656,11.9607],[14.6498,11.9334],[14.5832,11.7516],[14.5828,11.7512],[14.5491,11.7189],[14.5575,11.7128],[14.6457,11.6041],[14.6459,11.599],[14.6229,11.5526],[14.5566,11.4994],[14.4659,11.4265],[14.1896,11.2435],[14.1763,11.2325],[14.0499,11.2869],[13.9853,11.309],[13.9737,11.3013],[13.9621,11.2847],[13.8802,11.1369],[13.7924,11.0043],[13.7646,11.0023],[13.7314,11],[13.7286,10.9737],[13.7168,10.8631],[13.5485,10.6157],[13.5787,10.5368],[13.5215,10.418],[13.5205,10.4159],[13.4786,10.3288],[13.4731,10.223],[13.4697,10.2093],[13.4347,10.1369],[13.4122,10.1216],[13.3757,10.1104],[13.3081,10.0896],[13.299,10.0868],[13.2863,10.0653],[13.2828,10.0614],[13.2473,10.0137],[13.2519,10.007],[13.249,10.0021],[13.2599,9.9956],[13.2822,9.9634],[13.2809,9.96],[13.2438,9.8643],[13.2434,9.8632],[13.2459,9.8616],[13.2941,9.8006],[13.2285,9.5853],[13.1337,9.5322],[13.1073,9.5174],[12.8619,9.38],[12.8472,9.3718],[12.903,9.349],[12.9238,9.3405],[12.9171,9.2521],[12.8966,9.174],[12.8467,8.9841],[12.8216,8.9473],[12.8095,8.8429],[12.7903,8.7697],[12.7464,8.7558],[12.7206,8.7631],[12.6757,8.6477],[12.4406,8.6193],[12.4445,8.55],[12.4138,8.49],[12.3692,8.4542],[12.2742,8.4454],[12.2704,8.4401],[12.2596,8.4416],[12.2594,8.4248],[12.2259,8.3782],[12.253,8.2539],[12.2386,8.1576],[12.1927,8.1082],[12.195,7.9484],[12.1139,7.8327],[11.9988,7.6781],[12.0251,7.5278],[11.9146,7.4661],[11.9212,7.4309],[11.9281,7.3939],[11.8418,7.27],[11.8803,7.2484]]],[[[9.2609,3.9522],[9.2645,3.9511],[9.2602,3.9575],[9.2589,3.9581],[9.2609,3.9522]]],[[[9.1928,3.9802],[9.19,3.9746],[9.1921,3.9709],[9.1951,3.9775],[9.1928,3.9802]]]]},"properties":{"iso3":"CMR"}},
{"type":"Feature","geometry":{"type":"MultiPolygon","coordinates":[[[[-76.4864,8.8186],[-76.6284,8.7205],[-76.6775,8.6595],[-76.8852,8.6232],[-76.9375,8.5548],[-76.8251,8.4965],[-76.7857,8.4204],[-76.7744,8.2666],[-76.7391,8.0973],[-76.7416,8.0938],[-76.7421,8.0904],[-76.7428,8.0783],[-76.7434,8.0777],[-76.7355,8.067],[-76.7349,8.0682],[-76.7333,8.0721],[-76.7345,8.0751],[-76.7339,8.0767],[-76.7343,8.0781],[-76.7343,8.0786],[-76.734,8.0795],[-76.737,8.0892],[-76.7363,8.0908],[-76.736,8.0915],[-76.7346,8.0904],[-76.729,8.0906],[-76.7318,8.0899],[-76.7322,8.0896],[-76.7325,8.0894],[-76.7327,8.0894],[-76.7324,8.0885],[-76.7321,8.0883],[-76.7319,8.0876],[-76.7318,8.0874],[-76.73,8.0851],[-76.73,8.0859],[-76.7294,8.0873],[-76.7285,8.0873],[-76.7279,8.0869],[-76.7278,8.0869],[-76.7278,8.0867],[-76.7269,8.0851],[-76.7251,8.083],[-76.7507,7.9195],[-76.9223,7.9176],[-76.9248,8.0245],[-76.8342,8.0198],[-76.8732,8.0681],[-76.8128,8.1317],[-76.8294,8.1412],[-76.8936,8.1324],[-76.9318,8.0915],[-76.9102,8.1909],[-76.9126,8.1935],[-76.9196,8.1963],[-76.9263,8.1924],[-76.9437,8.2108],[-76.9573,8.1847],[-76.9418,8.2485],[-76.9483,8.2529],[-76.9623,8.2562],[-76.9802,8.2553],[-77.0361,8.2527],[-77.0782,8.3179],[-77.1308,8.412],[-77.2492,8.4724],[-77.3678,8.6768],[-77.3693,8.6743],[-77.3699,8.654],[-77.3681,8.6498],[-77.4089,8.644],[-77.411,8.5765],[-77.4114,8.5725],[-77.4488,8.4907],[-77.3588,8.4009],[-77.3494,8.296],[-77.298,8.2772],[-77.2887,8.2471],[-77.2285,8.1107],[-77.2175,8.0874],[-77.2336,8.0249],[-77.1794,7.9567],[-77.1686,7.9215],[-77.2951,7.9107],[-77.3413,7.8522],[-77.3686,7.8285],[-77.3571,7.811],[-77.3486,7.8038],[-77.3485,7.7997],[-77.3451,7.7915],[-77.4146,7.7229],[-77.4652,7.6364],[-77.5254,7.5598],[-77.5848,7.5147],[-77.6976,7.6931],[-77.7421,7.6271],[-77.7466,7.607],[-77.736,7.5917],[-77.7135,7.5362],[-77.7101,7.53],[-77.7027,7.5115],[-77.7012,7.5073],[-77.7085,7.5015],[-77.7113,7.499],[-77.7926,7.4609],[-77.8838,7.2171],[-77.8275,7.156],[-77.8002,7.15],[-77.6585,6.9944],[-77.7022,6.8424],[-77.6668,6.8757],[-77.5869,6.8186],[-77.5266,6.648],[-77.4833,6.6979],[-77.4058,6.6871],[-77.3871,6.6553],[-77.3821,6.6235],[-77.3503,6.5921],[-77.3253,6.5492],[-77.3594,6.3917],[-77.4129,6.3811],[-77.3698,6.3538],[-77.3955,6.2352],[-77.4742,6.2973],[-77.4827,6.1928],[-77.3336,5.9896],[-77.2686,5.8302],[-77.2433,5.7675],[-77.3333,5.626],[-77.4884,5.6086],[-77.5232,5.505],[-77.4208,5.44],[-77.3808,5.4086],[-77.4134,5.4035],[-77.3485,4.7719],[-77.2998,4.747],[-77.3257,4.5694],[-77.3376,4.4294],[-77.4628,4.2692],[-77.4928,4.2595],[-77.4848,4.2935],[-77.5248,4.2576],[-77.5254,4.1265],[-77.4497,4.0384],[-77.358,3.9267],[-77.3573,3.9273],[-77.3571,3.9283],[-77.3062,4.0437],[-77.2323,4.0814],[-77.1985,4.0305],[-77.3222,3.9089],[-77.2815,3.8394],[-77.2001,3.8399],[-77.1983,3.8395],[-77.1973,3.839],[-77.1964,3.8388],[-77.08,3.8892],[-77.0765,3.8855],[-77.0765,3.8853],[-77.0765,3.8852],[-77.0766,3.8846],[-77.0765,3.8845],[-77.0763,3.8843],[-77.0763,3.8841],[-77.0762,3.8839],[-77.0762,3.8837],[-77.0762,3.8836],[-77.076,3.8836],[-77.0757,3.8832],[-77.0756,3.8832],[-77.0754,3.8832],[-77.0748,3.8825],[-77.0744,3.8825],[-77.0744,3.8823],[-77.0742,3.8822],[-77.0736,3.8811],[-77.0732,3.8811],[-77.073,3.8811],[-77.0732,3.8806],[-77.073,3.8806],[-77.0729,3.8806],[-77.0736,3.8795],[-77.073,3.8795],[-77.0729,3.8795],[-77.072,3.8802],[-77.0718,3.8802],[-77.0717,3.8801],[-77.0715,3.8795],[-77.0712,3.8797],[-77.0708,3.8799],[-77.0707,3.8799],[-77.0704,3.8797],[-77.0704,3.8792],[-77.0705,3.8788],[-77.0696,3.8781],[-77.0695,3.8779],[-77.0693,3.8776],[-77.0695,3.8774],[-77.0692,3.8776],[-77.069,3.8776],[-77.0687,3.8774],[-77.0687,3.8772],[-77.0689,3.8771],[-77.0687,3.8769],[-77.0687,3.8765],[-77.0687,3.8764],[-77.0686,3.8764],[-77.0684,3.8764],[-77.0683,3.8767],[-77.0666,3.8771],[-77.0662,3.8767],[-77.0663,3.8765],[-77.0666,3.8762],[-77.0668,3.8758],[-77.0666,3.8758],[-77.0663,3.8755],[-77.0663,3.8753],[-77.066,3.8751],[-77.0656,3.8756],[-77.0654,3.8756],[-77.0654,3.8755],[-77.065,3.8753],[-77.065,3.8751],[-77.065,3.8749],[-77.0648,3.8749],[-77.0647,3.8746],[-77.0641,3.8735],[-77.1818,3.8094],[-77.1656,3.6447],[-77.3003,3.57],[-77.3707,3.4757],[-77.333,3.4257],[-77.3632,3.4491],[-77.5495,3.2322],[-77.4978,3.2166],[-77.5434,3.213],[-77.6674,3.0442],[-77.7021,2.9729],[-77.6677,2.9852],[-77.6702,2.9477],[-77.736,2.7867],[-77.7942,2.7562],[-77.7882,2.691],[-77.7884,2.691],[-77.8731,2.6975],[-77.9283,2.6404],[-77.9778,2.6616],[-78.068,2.6108],[-78.113,2.6438],[-78.1398,2.6753],[-78.2253,2.6667],[-78.311,2.6581],[-78.3265,2.6566],[-78.4552,2.5976],[-78.5639,2.4327],[-78.5651,2.435],[-78.7006,2.2144],[-78.7036,2.1188],[-78.6497,2.0499],[-78.6745,1.9801],[-78.6459,1.9783],[-78.6292,2.0108],[-78.5884,1.96],[-78.5902,1.9583],[-78.6008,1.9299],[-78.5512,1.8978],[-78.5386,1.8559],[-78.5438,1.8448],[-78.5819,1.7403],[-78.6018,1.7944],[-78.6797,1.7891],[-78.6868,1.7484],[-78.7179,1.793],[-78.7285,1.7326],[-78.764,1.7428],[-78.7576,1.75],[-78.7259,1.7542],[-78.7393,1.7983],[-78.7783,1.7947],[-78.7783,1.7948],[-78.7789,1.7971],[-78.7825,1.799],[-78.7816,1.7999],[-78.7812,1.7999],[-78.7812,1.8001],[-78.781,1.8009],[-78.781,1.8013],[-78.7809,1.8016],[-78.7795,1.8025],[-78.7792,1.8027],[-78.7789,1.8025],[-78.7788,1.8027],[-78.7783,1.8027],[-78.7782,1.8027],[-78.7779,1.8029],[-78.7771,1.8029],[-78.777,1.8029],[-78.7768,1.8029],[-78.7765,1.803],[-78.7764,1.803],[-78.7751,1.8036],[-78.7749,1.8036],[-78.7745,1.8036],[-78.774,1.8039],[-78.7733,1.8038],[-78.7731,1.8038],[-78.7701,1.8039],[-78.769,1.8041],[-78.7663,1.8038],[-78.7661,1.8038],[-78.766,1.8038],[-78.7648,1.8039],[-78.7646,1.8039],[-78.7631,1.805],[-78.763,1.8052],[-78.7628,1.8055],[-78.7627,1.8053],[-78.7621,1.806],[-78.7623,1.8062],[-78.762,1.8066],[-78.7618,1.8071],[-78.7617,1.8075],[-78.7617,1.8078],[-78.7617,1.808],[-78.7615,1.808],[-78.7614,1.808],[-78.7617,1.8082],[-78.7614,1.8087],[-78.7614,1.8092],[-78.7614,1.8094],[-78.7612,1.8097],[-78.7614,1.8101],[-78.7617,1.8108],[-78.7618,1.8112],[-78.7618,1.8113],[-78.7621,1.8113],[-78.7624,1.8115],[-78.7626,1.8113],[-78.7631,1.8119],[-78.7634,1.8119],[-78.7628,1.812],[-78.7626,1.8126],[-78.7624,1.8126],[-78.7621,1.8134],[-78.7623,1.814],[-78.7623,1.8141],[-78.7631,1.8149],[-78.7631,1.815],[-78.763,1.815],[-78.7631,1.8152],[-78.763,1.8154],[-78.763,1.8159],[-78.7628,1.8159],[-78.7626,1.8163],[-78.763,1.8164],[-78.763,1.8168],[-78.7606,1.8168],[-78.7606,1.8177],[-78.7602,1.8187],[-78.7605,1.8189],[-78.7551,1.8182],[-78.7539,1.8173],[-78.7539,1.8171],[-78.7538,1.8171],[-78.7539,1.8164],[-78.7541,1.8164],[-78.7541,1.8163],[-78.7539,1.8163],[-78.7556,1.809],[-78.7554,1.8082],[-78.7521,1.8062],[-78.7493,1.808],[-78.749,1.8082],[-78.749,1.8085],[-78.7493,1.8083],[-78.7493,1.8092],[-78.7453,1.8069],[-78.7439,1.809],[-78.7438,1.8092],[-78.7435,1.809],[-78.7441,1.8083],[-78.7441,1.8082],[-78.7437,1.8082],[-78.7437,1.8083],[-78.742,1.8089],[-78.742,1.809],[-78.7422,1.809],[-78.7422,1.8092],[-78.7431,1.8103],[-78.7445,1.8108],[-78.7447,1.8108],[-78.7448,1.8108],[-78.7462,1.8115],[-78.7453,1.8113],[-78.7434,1.8112],[-78.7437,1.8117],[-78.7438,1.8122],[-78.7437,1.8122],[-78.7435,1.8119],[-78.7434,1.8119],[-78.7431,1.8119],[-78.7426,1.8119],[-78.7425,1.8117],[-78.7416,1.8131],[-78.7411,1.8127],[-78.7407,1.8122],[-78.7405,1.8122],[-78.7405,1.8119],[-78.7399,1.8115],[-78.7401,1.8112],[-78.7402,1.8104],[-78.7404,1.8099],[-78.7393,1.809],[-78.7365,1.8122],[-78.7343,1.818],[-78.7341,1.818],[-78.734,1.818],[-78.7337,1.8178],[-78.7332,1.8178],[-78.7328,1.8178],[-78.7328,1.818],[-78.7621,1.8228],[-78.7713,1.82],[-78.7713,1.8198],[-78.7715,1.8198],[-78.774,1.8164],[-78.7736,1.8164],[-78.7703,1.82],[-78.7681,1.8196],[-78.7676,1.82],[-78.7672,1.8212],[-78.766,1.8214],[-78.766,1.8212],[-78.7645,1.8189],[-78.7645,1.8187],[-78.764,1.8175],[-78.7637,1.8164],[-78.7639,1.8161],[-78.7639,1.8159],[-78.764,1.8157],[-78.7654,1.8157],[-78.7657,1.8156],[-78.766,1.8156],[-78.7667,1.8147],[-78.7669,1.8145],[-78.767,1.8141],[-78.7675,1.8136],[-78.7676,1.8131],[-78.7678,1.8131],[-78.7681,1.8129],[-78.7681,1.8127],[-78.7687,1.8122],[-78.769,1.812],[-78.7691,1.812],[-78.7695,1.8117],[-78.771,1.8104],[-78.7713,1.8103],[-78.7718,1.8097],[-78.7719,1.8097],[-78.7721,1.8097],[-78.7724,1.8099],[-78.7728,1.8099],[-78.773,1.8099],[-78.7734,1.8096],[-78.7737,1.8094],[-78.7739,1.809],[-78.774,1.809],[-78.774,1.8089],[-78.7742,1.8089],[-78.7743,1.8087],[-78.7746,1.8087],[-78.7748,1.8085],[-78.7749,1.8083],[-78.7751,1.8083],[-78.7751,1.8082],[-78.7752,1.8082],[-78.7754,1.8082],[-78.7754,1.808],[-78.7755,1.808],[-78.7756,1.808],[-78.7758,1.8078],[-78.7759,1.8078],[-78.7761,1.8075],[-78.7762,1.8075],[-78.7764,1.8075],[-78.7765,1.8075],[-78.7765,1.8073],[-78.7767,1.8073],[-78.7768,1.8071],[-78.777,1.8073],[-78.7771,1.8073],[-78.7773,1.8071],[-78.7777,1.8069],[-78.7779,1.8069],[-78.778,1.8071],[-78.7783,1.8071],[-78.7783,1.8073],[-78.7785,1.8069],[-78.7786,1.8067],[-78.7788,1.8067],[-78.7789,1.8066],[-78.7789,1.8064],[-78.7792,1.8062],[-78.7797,1.8066],[-78.7797,1.8067],[-78.7798,1.8069],[-78.7798,1.8067],[-78.78,1.8067],[-78.7806,1.8071],[-78.7809,1.8066],[-78.781,1.8064],[-78.7813,1.8066],[-78.7815,1.8066],[-78.7816,1.8066],[-78.7817,1.8067],[-78.7819,1.8066],[-78.782,1.8064],[-78.7825,1.8066],[-78.7837,1.8055],[-78.7835,1.8055],[-78.7835,1.8053],[-78.7834,1.8053],[-78.7829,1.805],[-78.7829,1.8046],[-78.7825,1.8043],[-78.7823,1.8043],[-78.7822,1.8041],[-78.7822,1.8038],[-78.7819,1.8038],[-78.7819,1.8034],[-78.782,1.803],[-78.781,1.8023],[-78.7812,1.8023],[-78.7812,1.8022],[-78.7815,1.8018],[-78.7889,1.8016],[-78.7896,1.8023],[-78.8608,1.8071],[-79.0088,1.6519],[-78.9886,1.6008],[-78.8634,1.5508],[-78.8466,1.4771],[-78.7987,1.485],[-78.8163,1.4412],[-78.8142,1.4375],[-78.68718158026998,1.3338830034123643],[-78.6609,1.3196],[-78.65707401241389,1.309322347072616],[-78.57965260450408,1.2461647847580064],[-78.5445,1.2444],[-78.52244520629905,1.1994970746951903],[-78.5097,1.1891],[-78.4381,1.194],[-78.42197942336546,1.1430881223801659],[-78.37211329199245,1.164809773523861],[-78.316249519577,1.1891439928139536],[-78.3113,1.1913],[-78.2795921803688,1.143000879398982],[-78.2511,1.0996],[-78.2816,1.056],[-78.209,1.0046],[-78.20853565635326,1.0024767798137648],[-78.2054,0.9998],[-78.201,0.9865],[-78.1869,0.9434],[-78.18553021834062,0.9392906550218391],[-78.18268816465515,0.9378081118655669],[-78.1122,0.9322],[-78.1118,0.9322],[-77.9192,0.8159],[-77.9187200081666,0.8156120048999608],[-77.88320080657434,0.8090065743418042],[-77.8785,0.8087],[-77.83750730946711,0.8059610674476912],[-77.7586,0.8386],[-77.74867057474034,0.8372082746266782],[-77.733,0.8436],[-77.7141,0.8507],[-77.7125,0.8495],[-77.69661576116124,0.8299121821573701],[-77.6739,0.8019],[-77.698,0.7417],[-77.643,0.7034],[-77.6398,0.7024],[-77.58682651575013,0.6689691681793913],[-77.5864,0.6687],[-77.5643,0.6517],[-77.5403,0.6534],[-77.54016479193297,0.6533825024854424],[-77.5318,0.6523],[-77.484,0.6417],[-77.49927551462622,0.5571056338028169],[-77.5117,0.4883],[-77.5264,0.4071],[-77.5277,0.4001],[-77.3998,0.4008],[-77.3717,0.401],[-77.3424720753543,0.38782290207819575],[-77.21361320582236,0.3792820032781756],[-77.1731,0.3881],[-77.1232,0.3753],[-77.1128,0.3726],[-77.04928999190521,0.2895484509529771],[-77.04898875696729,0.2895864668847857],[-77.0053,0.2951],[-77.0017,0.2938],[-76.8465,0.2392],[-76.8462,0.2391],[-76.84587592592595,0.23924259259257943],[-76.845,0.2398],[-76.8089,0.2591],[-76.80334188609044,0.25795757012020626],[-76.7337,0.2886],[-76.733,0.2884],[-76.730895599022,0.2876753056234719],[-76.6412,0.2581],[-76.5886,0.2192],[-76.5487,0.24905],[-76.5365,0.2582],[-76.5354,0.259],[-76.47222379518072,0.2463647590361445],[-76.4653,0.2486],[-76.4243,0.2424],[-76.4209,0.2361],[-76.4206,0.2418],[-76.4124,0.3813],[-76.3453567173148,0.37991358056485536],[-76.3446,0.3812],[-76.3298,0.4053],[-76.3126,0.4334],[-76.3122118627451,0.43341573529411775],[-76.31163699997924,0.4334390405413822],[-76.2756,0.4349],[-76.25958467288962,0.41534332993121253],[-76.1444,0.3753],[-76.14196393032363,0.3704435266901774],[-76.1333,0.3702],[-76.1133,0.3133],[-76.0643,0.3337],[-76.01,0.2985],[-76.0094718842843,0.29767103147903645],[-76.009,0.2976],[-75.87666118256125,0.13322470645849563],[-75.8542,0.1311],[-75.807,0.0467],[-75.6366,0.047],[-75.6283791512425,0.036538374749818456],[-75.5787,-0.0185],[-75.5779,-0.0277],[-75.2759,-0.1274],[-75.2664,-0.1168],[-75.26333524989722,-0.11770483098272674],[-75.1695,-0.0453],[-74.9283,-0.2289],[-74.7871,-0.2012],[-74.7265,-0.3488],[-74.6095,-0.3534],[-74.5058,-0.4683],[-74.3891,-0.5537],[-74.3418,-0.6936],[-74.3757,-0.735],[-74.2547,-0.8219],[-74.2714,-0.8791],[-74.3219,-0.8791],[-74.2744,-0.9799],[-74.0864,-1.0544],[-74.0253,-1.006],[-74.012,-1.098],[-73.9052,-1.1279],[-73.8641,-1.2294],[-73.7693,-1.2627],[-73.7447,-1.2008],[-73.7281,-1.2539],[-73.6203,-1.2646],[-73.5523,-1.4024],[-73.5874,-1.4237],[-73.4925,-1.503],[-73.4986,-1.5659],[-73.4575,-1.5726],[-73.5404,-1.6868],[-73.5099,-1.7292],[-73.315,-1.8288],[-73.2849,-1.7805],[-73.231,-1.802],[-73.22,-1.7498],[-73.1465,-1.8055],[-73.1143,-2.0738],[-73.0688,-2.0883],[-73.1728,-2.2206],[-73.1225,-2.3273],[-72.9742,-2.3464],[-72.9331,-2.4579],[-72.7749,-2.3941],[-72.7511,-2.4294],[-72.7024,-2.3982],[-72.6823,-2.4533],[-72.6311,-2.3596],[-72.5183,-2.4271],[-72.4078,-2.4163],[-72.3734,-2.4926],[-72.2514,-2.4316],[-72.1572,-2.4813],[-72.0488,-2.3388],[-71.9198,-2.3806],[-71.9262,-2.3154],[-71.7692,-2.1806],[-71.7411,-2.1464],[-71.7286,-2.228],[-71.6504,-2.2031],[-71.5187,-2.2521],[-71.4989,-2.3557],[-71.4632,-2.2743],[-71.3952,-2.4114],[-71.2967,-2.3473],[-71.284,-2.3888],[-71.2265,-2.3481],[-71.1721,-2.3811],[-71.1251,-2.2858],[-70.9939,-2.3085],[-71.002,-2.2116],[-70.9372,-2.2571],[-70.8794,-2.2232],[-70.8383,-2.2926],[-70.6638,-2.3596],[-70.6833,-2.4033],[-70.6284,-2.3989],[-70.629,-2.4797],[-70.559,-2.4789],[-70.5656,-2.4197],[-70.4961,-2.4773],[-70.4705,-2.4558],[-70.4249,-2.5317],[-70.301,-2.5053],[-70.3584,-2.5671],[-70.2441,-2.5585],[-70.1557,-2.7171],[-70.0718,-2.675],[-70.0731,-2.7902],[-70.3358,-3.197],[-70.7132,-3.7955],[-70.5733,-3.8185],[-70.52,-3.8802],[-70.3077,-3.812],[-70.1832,-3.9285],[-70.1675,-4.0516],[-70.0649,-4.0809],[-69.9411,-4.2234],[-69.7142,-3.0027],[-69.5536,-2.1073],[-69.5349,-2.0026],[-69.4563,-1.4887],[-69.3975,-1.3608],[-69.4299,-1.2185],[-69.3956,-1.1221],[-69.4329,-1.0696],[-69.4186,-0.9981],[-69.5282,-0.9244],[-69.6256,-0.7458],[-69.5619,-0.6371],[-69.6081,-0.5153],[-69.6942,-0.4577],[-69.9209,-0.3254],[-70.0608,-0.1579],[-70.0609,-0.158],[-70.0609,-0.1579],[-70.0523,-0.1468],[-70.0466,-0.1163],[-70.0471,0.2593],[-70.0386,0.5664],[-69.8029,0.5719],[-69.6721,0.6679],[-69.6067,0.6133],[-69.567,0.6714],[-69.464,0.7366],[-69.3533,0.6144],[-69.2912,0.6505],[-69.2948,0.604],[-69.2008,0.6064],[-69.1832,0.6543],[-69.1201,0.6339],[-69.1878,0.7331],[-69.1366,0.8769],[-69.2444,1.0564],[-69.3203,1.0879],[-69.4146,1.0412],[-69.6054,1.098],[-69.6869,1.0719],[-69.7024,1.1084],[-69.8151,1.0648],[-69.8465,1.0779],[-69.8457,1.7139],[-69.6539,1.7181],[-69.5346,1.777],[-69.3933,1.7268],[-68.1634,1.7278],[-68.1924,1.7801],[-68.24,1.7715],[-68.2266,1.8293],[-68.2852,1.8297],[-68.2168,1.965],[-68.1937,2.039],[-68.0352,1.8143],[-67.9956,1.8457],[-67.9077,1.8048],[-67.9217,1.8927],[-67.7755,2.0349],[-67.6772,2.009],[-67.6016,2.0437],[-67.5728,2.1632],[-67.3687,2.2162],[-67.303,1.9007],[-67.2202,1.9179],[-67.134,1.7955],[-67.1432,1.6043],[-67.0767,1.4565],[-67.0762,1.3668],[-67.1562,1.3258],[-67.0892,1.1656],[-66.8505,1.2236],[-66.851,1.2656],[-66.887,1.396],[-66.9112,1.4234],[-66.9621,1.6669],[-66.9853,1.6868],[-67.123,1.9768],[-67.1093,2.1196],[-67.1616,2.1328],[-67.2215,2.2525],[-67.2213,2.253],[-67.2219,2.2542],[-67.1885,2.3457],[-67.1962,2.358],[-67.3365,2.5002],[-67.4856,2.6658],[-67.4867,2.667],[-67.5232,2.6616],[-67.5623,2.6572],[-67.5778,2.7013],[-67.6166,2.812],[-67.617,2.8133],[-67.6293,2.8145],[-67.7729,2.8281],[-67.8135,2.8319],[-67.8641,2.7895],[-67.8627,2.8649],[-67.8562,2.8708],[-67.5164,3.1748],[-67.5169,3.1749],[-67.4349,3.2484],[-67.3824,3.2484],[-67.3174,3.3853],[-67.4016,3.4799],[-67.406,3.493],[-67.4965,3.7539],[-67.5825,3.7528],[-67.5987,3.7807],[-67.6344,3.7855],[-67.7252,4.0337],[-67.7077,4.045],[-67.7966,4.2326],[-67.7731,4.4189],[-67.8556,4.5376],[-67.8178,4.7073],[-67.8061,5.0517],[-67.8059,5.0539],[-67.806,5.0541],[-67.806,5.055],[-67.8543,5.1373],[-67.8542,5.1392],[-67.8241,5.2448],[-67.8362,5.3058],[-67.8147,5.3412],[-67.8139,5.3425],[-67.8106,5.3448],[-67.6248,5.4761],[-67.6219,5.5138],[-67.6161,5.5877],[-67.5973,5.8278],[-67.5972,5.8282],[-67.5916,5.8332],[-67.4126,5.9929],[-67.4099,5.9953],[-67.4838,6.1117],[-67.4929,6.127],[-67.492,6.1308],[-67.4559,6.1913],[-67.4733,6.206],[-67.4826,6.2139],[-67.8081,6.3239],[-67.8097,6.3243],[-67.8886,6.2778],[-68.0254,6.1965],[-68.0262,6.1967],[-68.1416,6.2288],[-68.142,6.2287],[-68.3075,6.1629],[-68.3076,6.1629],[-68.4477,6.1878],[-68.4478,6.1878],[-68.6439,6.1291],[-68.8135,6.1676],[-69.0346,6.2178],[-69.2386,6.0795],[-69.2396,6.0801],[-69.2408,6.0792],[-69.3431,6.1435],[-69.3445,6.1444],[-69.4275,6.1073],[-69.5387,6.2483],[-69.6279,6.3609],[-69.762,6.5302],[-70.1178,6.9793],[-70.2857,6.9426],[-70.3224,6.9345],[-70.3225,6.9345],[-70.5024,7.0056],[-70.5174,7.0261],[-70.5568,7.0794],[-70.5579,7.0796],[-70.6799,7.0924],[-70.7787,7.084],[-70.8766,7.0621],[-70.9967,6.9823],[-71.0111,6.9825],[-71.0221,6.9741],[-71.038,6.9827],[-71.0892,6.9833],[-71.13,7.0326],[-71.1319,7.0326],[-71.5871,7.0164],[-71.5876,7.0415],[-71.6815,7.0375],[-71.6928,7.0354],[-71.7068,7.0327],[-71.732,7.0538],[-71.754,7.0633],[-71.9389,7.0062],[-71.9498,7.0094],[-72.0478,7.0383],[-72.1745,7.2576],[-72.1539,7.3282],[-72.1948,7.3838],[-72.4115,7.4005],[-72.4138,7.4007],[-72.4744,7.4926],[-72.478,7.4981],[-72.4761,7.555],[-72.4728,7.65],[-72.471,7.7033],[-72.4487,7.8712],[-72.4598,7.8919],[-72.4627,7.8973],[-72.4601,7.9014],[-72.4875,7.9437],[-72.4878,7.9442],[-72.416,8.0334],[-72.3491,8.0056],[-72.3476,8.0188],[-72.3812,8.315],[-72.4065,8.3669],[-72.4959,8.4549],[-72.655,8.6153],[-72.6553,8.6156],[-72.7661,9.1055],[-72.812,9.1216],[-72.9472,9.0918],[-72.9477,9.0924],[-72.9483,9.0922],[-72.9489,9.0941],[-72.9858,9.1452],[-72.9698,9.1636],[-73.0024,9.2717],[-73.0032,9.2733],[-73.0042,9.2742],[-73.005,9.279],[-73.1741,9.1786],[-73.177,9.1766],[-73.3689,9.1723],[-73.3687,9.1727],[-73.3644,9.1797],[-73.2753,9.3267],[-73.2132,9.4292],[-73.1481,9.5365],[-73.1293,9.5426],[-73.0702,9.6325],[-72.9435,9.8431],[-72.9967,9.9193],[-72.9984,9.9211],[-72.9983,9.9215],[-72.9991,9.9227],[-72.9958,9.9299],[-72.9093,10.22],[-72.9083,10.2665],[-72.9065,10.3515],[-72.9065,10.352],[-72.8935,10.3634],[-72.8946,10.375],[-72.9004,10.4355],[-72.9008,10.4361],[-72.9005,10.4365],[-72.9005,10.4367],[-72.8903,10.4523],[-72.8524,10.5104],[-72.843,10.5248],[-72.8426,10.539],[-72.8019,10.5877],[-72.7834,10.616],[-72.756,10.6579],[-72.7254,10.7047],[-72.6828,10.77],[-72.6633,10.8318],[-72.6479,10.8804],[-72.5192,11.0187],[-72.4924,11.0795],[-72.4959,11.0811],[-72.4588,11.1158],[-72.4498,11.1168],[-72.4437,11.1277],[-72.2497,11.1402],[-72.1797,11.2673],[-71.9797,11.6314],[-71.9795,11.6308],[-71.3462,11.8263],[-71.3241,11.8331],[-71.2902,11.9141],[-71.3271,11.9211],[-71.311,11.9289],[-71.2787,11.9079],[-71.1162,12.0346],[-71.2599,12.3271],[-71.6516,12.4557],[-71.7363,12.4137],[-71.6473,12.4315],[-71.6723,12.4102],[-71.6271,12.4081],[-71.7002,12.363],[-71.7003,12.363],[-71.7004,12.3628],[-71.728,12.4099],[-71.8049,12.3052],[-71.8397,12.3396],[-71.8083,12.3708],[-71.86,12.3561],[-71.9563,12.2721],[-71.8911,12.2753],[-71.8621,12.1963],[-71.9622,12.16],[-71.9604,12.1748],[-71.9613,12.1734],[-71.9656,12.1484],[-71.9753,12.1511],[-71.9808,12.1683],[-71.9613,12.2578],[-72.1786,12.2175],[-72.1387,12.1046],[-72.2258,11.8933],[-72.3551,11.8281],[-72.4427,11.7814],[-72.7655,11.6808],[-72.8907,11.5602],[-72.9204,11.5482],[-73.2169,11.3299],[-73.3456,11.2643],[-73.5748,11.2598],[-73.5749,11.2598],[-73.7906,11.2564],[-74.0415,11.3417],[-74.1062,11.3457],[-74.2076,11.2566],[-74.2076,11.2564],[-74.2082,11.2564],[-74.209,11.2562],[-74.2093,11.2561],[-74.2105,11.2557],[-74.2128,11.2573],[-74.2134,11.2568],[-74.2146,11.2555],[-74.2171,11.2555],[-74.2183,11.2552],[-74.2184,11.2552],[-74.2187,11.255],[-74.2201,11.2538],[-74.2214,11.2524],[-74.221,11.2518],[-74.221,11.2515],[-74.2211,11.2513],[-74.221,11.251],[-74.2208,11.2508],[-74.2208,11.2506],[-74.2147,11.248],[-74.2147,11.2481],[-74.2146,11.248],[-74.2172,11.2435],[-74.2172,11.2436],[-74.2174,11.2436],[-74.2174,11.2434],[-74.2175,11.2432],[-74.2174,11.2432],[-74.2177,11.2428],[-74.2174,11.2427],[-74.2175,11.2407],[-74.2186,11.2377],[-74.221,11.2349],[-74.2247,11.2305],[-74.2335,11.2268],[-74.2349,11.2242],[-74.2363,11.2229],[-74.237,11.2224],[-74.24,11.2217],[-74.2406,11.2215],[-74.2407,11.2215],[-74.2409,11.2212],[-74.241,11.2212],[-74.2381,11.2173],[-74.2373,11.2168],[-74.237,11.2171],[-74.2369,11.2173],[-74.2335,11.2154],[-74.2336,11.2125],[-74.2355,11.2111],[-74.2357,11.2111],[-74.2357,11.211],[-74.236,11.2104],[-74.2361,11.2103],[-74.2361,11.2101],[-74.2364,11.2097],[-74.2366,11.2095],[-74.2361,11.2094],[-74.2297,11.1969],[-74.2302,11.1958],[-74.2399,11.1808],[-74.2404,11.1775],[-74.2409,11.1754],[-74.2385,11.1755],[-74.2375,11.175],[-74.2235,11.1014],[-74.2166,11.0806],[-74.2163,11.0801],[-74.2156,11.0783],[-74.2146,11.0753],[-74.2436,11.0261],[-74.2552,11.0147],[-74.2564,11.0138],[-74.2626,11.0082],[-74.2629,11.008],[-74.2652,11.0064],[-74.4848,10.9809],[-74.7939,11.0848],[-74.8461,11.1049],[-74.8519,11.1053],[-74.8531,11.0975],[-74.8737,11.0482],[-74.8738,11.0482],[-74.9839,10.9832],[-75.0271,10.9492],[-75.0436,10.8991],[-75.0734,10.8861],[-75.0772,10.8863],[-75.2167,10.8047],[-75.2247,10.7959],[-75.2555,10.7996],[-75.2633,10.7899],[-75.2938,10.7032],[-75.3945,10.6826],[-75.5116,10.5723],[-75.5121,10.4551],[-75.5164,10.4518],[-75.5183,10.4506],[-75.531,10.4396],[-75.5325,10.4386],[-75.5341,10.4377],[-75.5358,10.437],[-75.5359,10.4372],[-75.5359,10.437],[-75.5392,10.436],[-75.5392,10.4361],[-75.5393,10.4359],[-75.5423,10.4342],[-75.5462,10.4321],[-75.5535,10.4203],[-75.552,10.4169],[-75.5514,10.415],[-75.5515,10.4125],[-75.5518,10.4111],[-75.552,10.4097],[-75.5536,10.4076],[-75.5572,10.403],[-75.5587,10.4019],[-75.5606,10.4003],[-75.5648,10.3981],[-75.5654,10.3972],[-75.5639,10.3958],[-75.5627,10.3942],[-75.5621,10.3938],[-75.5596,10.3929],[-75.559,10.3922],[-75.5579,10.3938],[-75.5496,10.3915],[-75.5494,10.3915],[-75.5488,10.3912],[-75.5481,10.3908],[-75.5471,10.3907],[-75.5459,10.3905],[-75.5523,10.403],[-75.5478,10.4107],[-75.5477,10.4107],[-75.5475,10.4106],[-75.5468,10.4109],[-75.5468,10.413],[-75.5499,10.4173],[-75.5499,10.4174],[-75.5515,10.4187],[-75.5517,10.419],[-75.5515,10.4194],[-75.5514,10.4194],[-75.5514,10.4196],[-75.5494,10.4203],[-75.5448,10.415],[-75.5448,10.4148],[-75.5447,10.4148],[-75.5404,10.4114],[-75.5392,10.4104],[-75.525,10.3959],[-75.5374,10.394],[-75.5304,10.3855],[-75.5256,10.3838],[-75.5259,10.3882],[-75.5085,10.37],[-75.51,10.3655],[-75.5108,10.3632],[-75.5108,10.363],[-75.5097,10.3602],[-75.5094,10.3521],[-75.5096,10.3517],[-75.5084,10.3494],[-75.5088,10.3486],[-75.5099,10.3486],[-75.51,10.3486],[-75.509,10.3197],[-75.5087,10.3168],[-75.5082,10.3168],[-75.5615,10.2633],[-75.5889,10.2957],[-75.6216,10.2504],[-75.5861,10.2258],[-75.6706,10.1642],[-75.6706,10.1643],[-75.6708,10.1642],[-75.6724,10.1637],[-75.6724,10.163],[-75.6749,10.1612],[-75.6764,10.1613],[-75.6777,10.1607],[-75.6755,10.1607],[-75.689,10.1509],[-75.6855,10.1392],[-75.5423,10.2444],[-75.5338,10.1755],[-75.5359,10.1729],[-75.5737,10.0864],[-75.6213,9.8244],[-75.7041,9.6981],[-75.6125,9.6946],[-75.5786,9.6378],[-75.5762,9.5545],[-75.5768,9.5524],[-75.578,9.5476],[-75.5783,9.5467],[-75.5794,9.543],[-75.5794,9.5429],[-75.5814,9.536],[-75.5817,9.5355],[-75.582,9.5344],[-75.5822,9.5339],[-75.5829,9.532],[-75.5834,9.5304],[-75.5843,9.5281],[-75.5849,9.5265],[-75.5853,9.5249],[-75.5862,9.5224],[-75.5868,9.5207],[-75.5899,9.5108],[-75.5913,9.5069],[-75.5917,9.5053],[-75.592,9.5045],[-75.5927,9.5025],[-75.5927,9.5022],[-75.5936,9.5001],[-75.5983,9.4884],[-75.5987,9.4867],[-75.5993,9.486],[-75.6005,9.4824],[-75.6008,9.4821],[-75.6015,9.4807],[-75.6026,9.4793],[-75.603,9.4777],[-75.6044,9.475],[-75.6048,9.4742],[-75.6052,9.4733],[-75.6052,9.4731],[-75.6058,9.472],[-75.6064,9.4712],[-75.6076,9.4691],[-75.6097,9.4657],[-75.6319,9.4335],[-75.6322,9.4321],[-75.6346,9.4301],[-75.6372,9.4277],[-75.6374,9.4266],[-75.6808,9.404],[-75.6887,9.4106],[-75.6992,9.4114],[-75.7,9.4118],[-75.8379,9.3989],[-75.7966,9.4314],[-75.8618,9.4248],[-75.9179,9.4435],[-76.087,9.3285],[-76.0917,9.3246],[-76.0992,9.314],[-76.1932,9.1111],[-76.1934,9.1111],[-76.3245,8.9366],[-76.4145,8.8801],[-76.4136,8.8739],[-76.4266,8.8568],[-76.43,8.8542],[-76.4304,8.8528],[-76.4359,8.8507],[-76.4367,8.8492],[-76.4864,8.8186]]],[[[-76.4367,8.8492],[-76.4368,8.8501],[-76.437,8.8501],[-76.4367,8.8492]]],[[[-76.4359,8.8507],[-76.4356,8.851],[-76.4364,8.8505],[-76.4359,8.8507]]],[[[-76.4304,8.8528],[-76.4306,8.8533],[-76.4307,8.8533],[-76.4306,8.8529],[-76.4304,8.8528]]],[[[-74.8533,11.0975],[-74.8534,11.0975],[-74.8534,11.0973],[-74.8533,11.0975]]],[[[-75.8762,9.7804],[-75.8693,9.7805],[-75.87,9.7839],[-75.8755,9.7832],[-75.8762,9.7804]]],[[[-75.8597,9.7858],[-75.8596,9.7857],[-75.8587,9.7857],[-75.8585,9.7857],[-75.8587,9.7864],[-75.8594,9.7864],[-75.8596,9.7864],[-75.8599,9.7864],[-75.8599,9.7862],[-75.8597,9.7858]]],[[[-75.8545,9.7941],[-75.8539,9.7945],[-75.8539,9.795],[-75.8548,9.7948],[-75.8545,9.7941]]],[[[-75.8559,9.7953],[-75.8545,9.7959],[-75.8553,9.7964],[-75.856,9.7962],[-75.8559,9.7953]]],[[[-75.8517,9.8045],[-75.8504,9.7987],[-75.8521,9.7915],[-75.8569,9.7952],[-75.8566,9.7945],[-75.8566,9.7899],[-75.8566,9.7897],[-75.8565,9.7894],[-75.8566,9.7892],[-75.8317,9.7966],[-75.8334,9.7968],[-75.8402,9.7982],[-75.8413,9.7966],[-75.8437,9.7955],[-75.845,9.7929],[-75.8498,9.7952],[-75.8451,9.7973],[-75.8451,9.7975],[-75.8451,9.7976],[-75.8512,9.8045],[-75.8517,9.8045]]],[[[-75.8539,9.7978],[-75.8542,9.7969],[-75.8533,9.7968],[-75.8533,9.7973],[-75.8539,9.7978]]],[[[-75.8517,9.8045],[-75.8517,9.8047],[-75.8518,9.8045],[-75.8517,9.8045]]],[[[-75.7759,10.1627],[-75.7759,10.1629],[-75.7764,10.1629],[-75.7762,10.1625],[-75.7759,10.1627]]],[[[-75.7889,10.168],[-75.7887,10.168],[-75.7889,10.1681],[-75.789,10.1681],[-75.7889,10.168]]],[[[-75.7682,10.174],[-75.7666,10.1745],[-75.7675,10.1757],[-75.7688,10.1755],[-75.7682,10.174]]],[[[-75.759,10.1764],[-75.759,10.1762],[-75.7587,10.1762],[-75.7587,10.1764],[-75.759,10.1764]]],[[[-75.7551,10.1778],[-75.7553,10.1778],[-75.7557,10.175],[-75.7512,10.1768],[-75.7539,10.177],[-75.7544,10.1771],[-75.7542,10.1785],[-75.7541,10.1787],[-75.7542,10.1786],[-75.7544,10.1787],[-75.7544,10.1785],[-75.7543,10.1785],[-75.7551,10.1778]]],[[[-75.7713,10.178],[-75.7712,10.1768],[-75.7709,10.1768],[-75.7706,10.1778],[-75.7713,10.178]]],[[[-75.7716,10.1773],[-75.7715,10.1784],[-75.7719,10.1784],[-75.7724,10.1782],[-75.7716,10.1773]]],[[[-75.7585,10.1775],[-75.7584,10.1778],[-75.7581,10.1791],[-75.7585,10.1775]]],[[[-75.7701,10.1785],[-75.7701,10.1789],[-75.7704,10.1789],[-75.7704,10.1784],[-75.7701,10.1785]]],[[[-75.7657,10.1791],[-75.7658,10.1791],[-75.7658,10.1787],[-75.7657,10.1787],[-75.7657,10.1791]]],[[[-75.7783,10.1801],[-75.7768,10.1791],[-75.7767,10.1796],[-75.777,10.1799],[-75.7773,10.1796],[-75.7783,10.1801]]],[[[-75.777,10.1812],[-75.7764,10.1784],[-75.7758,10.1782],[-75.7755,10.1785],[-75.777,10.1812]]],[[[-75.7749,10.1814],[-75.775,10.1814],[-75.775,10.1812],[-75.7749,10.1814]]],[[[-75.7276,10.1459],[-75.728,10.1475],[-75.7288,10.1463],[-75.728,10.1454],[-75.7276,10.1459]]],[[[-75.6907,10.1495],[-75.6907,10.1505],[-75.6911,10.1495],[-75.6908,10.1495],[-75.6907,10.1495]]],[[[-75.6898,10.1507],[-75.6905,10.1503],[-75.6901,10.1496],[-75.6898,10.1498],[-75.6898,10.1507]]],[[[-75.6916,10.1507],[-75.6917,10.1498],[-75.6913,10.1498],[-75.6913,10.1507],[-75.6916,10.1507]]],[[[-75.7495,10.1752],[-75.7493,10.1754],[-75.7495,10.1754],[-75.7495,10.1752]]],[[[-75.75,10.1805],[-75.7502,10.1798],[-75.7495,10.1757],[-75.7487,10.1805],[-75.7489,10.1805],[-75.7489,10.1803],[-75.7498,10.1803],[-75.75,10.1805]]],[[[-75.75,10.1805],[-75.75,10.1808],[-75.7502,10.1808],[-75.75,10.1805]]],[[[-75.7489,10.1815],[-75.7487,10.1817],[-75.737,10.1838],[-75.749,10.1824],[-75.749,10.1822],[-75.7489,10.1815]]],[[[-75.717,10.1828],[-75.7182,10.1833],[-75.7185,10.1831],[-75.7179,10.1822],[-75.717,10.1828]]],[[[-75.7225,10.1819],[-75.7218,10.1822],[-75.7212,10.1833],[-75.7221,10.184],[-75.7225,10.1819]]],[[[-75.7175,10.1845],[-75.7178,10.1845],[-75.7178,10.1842],[-75.7175,10.1843],[-75.7175,10.1845]]],[[[-75.7375,10.1854],[-75.7375,10.1852],[-75.7374,10.1852],[-75.7372,10.1852],[-75.7375,10.1854]]],[[[-75.7367,10.1854],[-75.7367,10.1852],[-75.7365,10.1852],[-75.7365,10.1854],[-75.7367,10.1854]]],[[[-75.5802,10.305],[-75.5782,10.3059],[-75.5797,10.3098],[-75.5826,10.3098],[-75.5802,10.305]]],[[[-75.5752,10.3128],[-75.5782,10.3137],[-75.5782,10.3147],[-75.5785,10.3121],[-75.5752,10.3128]]],[[[-75.5807,10.3198],[-75.5813,10.3197],[-75.5813,10.3195],[-75.5807,10.3198]]],[[[-75.5807,10.3198],[-75.5819,10.3218],[-75.5802,10.3225],[-75.5774,10.3246],[-75.5773,10.3246],[-75.5767,10.3253],[-75.5765,10.3255],[-75.5759,10.3265],[-75.5758,10.3267],[-75.575,10.3274],[-75.5758,10.3279],[-75.549,10.3362],[-75.5471,10.3413],[-75.5466,10.342],[-75.543,10.342],[-75.5435,10.3434],[-75.5472,10.3648],[-75.5753,10.3811],[-75.5758,10.3813],[-75.5762,10.3808],[-75.5764,10.3808],[-75.5908,10.3258],[-75.5807,10.3198]]],[[[-75.5639,10.3958],[-75.5642,10.3956],[-75.564,10.3956],[-75.5639,10.3958]]],[[[-75.5664,10.3966],[-75.5664,10.3965],[-75.5663,10.3966],[-75.5664,10.3966]]],[[[-75.5648,10.3981],[-75.5648,10.3982],[-75.5655,10.3989],[-75.5648,10.3981]]],[[[-75.5094,10.3198],[-75.5094,10.3197],[-75.5093,10.3197],[-75.5093,10.3198],[-75.5094,10.3198]]],[[[-75.5234,10.3829],[-75.5233,10.3829],[-75.5233,10.3831],[-75.5234,10.3831],[-75.5234,10.3829]]],[[[-75.5256,10.3838],[-75.5256,10.3836],[-75.5234,10.3829],[-75.5256,10.3838]]],[[[-75.5305,10.3855],[-75.5307,10.3854],[-75.5305,10.3854],[-75.5305,10.3855]]],[[[-75.5596,10.3929],[-75.5597,10.3926],[-75.5596,10.3926],[-75.5596,10.3929]]],[[[-75.5374,10.394],[-75.5375,10.3938],[-75.5374,10.3938],[-75.5374,10.394]]],[[[-75.5575,10.4033],[-75.5576,10.4035],[-75.5576,10.4033],[-75.5575,10.4033]]],[[[-75.5536,10.4076],[-75.5536,10.4077],[-75.5539,10.4074],[-75.5536,10.4076]]],[[[-75.5526,10.4099],[-75.5523,10.4097],[-75.5521,10.4097],[-75.5526,10.4099]]],[[[-75.5472,10.4102],[-75.5471,10.4102],[-75.5471,10.4104],[-75.5472,10.4102]]],[[[-75.5475,10.4106],[-75.5477,10.4104],[-75.5475,10.4104],[-75.5475,10.4106]]],[[[-75.5518,10.4111],[-75.5523,10.4114],[-75.5523,10.4113],[-75.5518,10.4111]]],[[[-75.5515,10.4125],[-75.5518,10.4129],[-75.552,10.4127],[-75.5515,10.4125]]],[[[-75.5514,10.415],[-75.5517,10.4151],[-75.5517,10.415],[-75.5514,10.415]]],[[[-75.5515,10.4187],[-75.5514,10.4187],[-75.5514,10.4188],[-75.5515,10.4187]]],[[[-75.5344,10.4382],[-75.5346,10.4381],[-75.5343,10.4379],[-75.5344,10.4382]]],[[[-75.5164,10.4518],[-75.5164,10.4521],[-75.5166,10.4521],[-75.5164,10.4518]]],[[[-75.5121,10.4551],[-75.5121,10.4553],[-75.5125,10.4558],[-75.5127,10.4557],[-75.5121,10.4551]]],[[[-76.087,9.3285],[-76.087,9.3286],[-76.0871,9.3286],[-76.087,9.3285]]],[[[-77.3686,7.8285],[-77.3687,7.8285],[-77.3687,7.8283],[-77.3686,7.8283],[-77.3686,7.8285]]],[[[-74.2373,11.2168],[-74.2373,11.2166],[-74.2372,11.2166],[-74.2373,11.2168]]],[[[-74.2214,11.2353],[-74.2215,11.2354],[-74.2217,11.2351],[-74.2214,11.2353]]],[[[-74.2186,11.2377],[-74.2187,11.2379],[-74.219,11.2381],[-74.2189,11.2379],[-74.2186,11.2377]]],[[[-74.2183,11.2437],[-74.218,11.2436],[-74.2178,11.2437],[-74.2181,11.2439],[-74.2183,11.2437]]],[[[-74.7939,11.0848],[-74.7937,11.085],[-74.7937,11.0852],[-74.7939,11.085],[-74.7939,11.0848]]],[[[-78.8914,1.5094],[-78.8889,1.5092],[-78.8898,1.5099],[-78.8919,1.5097],[-78.8914,1.5094]]],[[[-78.781,1.8013],[-78.7809,1.8011],[-78.7809,1.8013],[-78.781,1.8013]]],[[[-78.7771,1.8029],[-78.7771,1.8027],[-78.777,1.8027],[-78.7771,1.8029]]],[[[-78.7783,1.8073],[-78.7785,1.8075],[-78.7785,1.8073],[-78.7783,1.8073]]],[[[-78.7654,1.8157],[-78.7654,1.8159],[-78.7655,1.8159],[-78.7654,1.8157]]],[[[-78.7639,1.8159],[-78.7642,1.8161],[-78.764,1.8159],[-78.7639,1.8159]]],[[[-78.7637,1.8164],[-78.7639,1.8166],[-78.7639,1.8164],[-78.7637,1.8164]]],[[[-78.7681,1.8196],[-78.7682,1.8196],[-78.7682,1.8194],[-78.7681,1.8194],[-78.7681,1.8196]]],[[[-78.762,1.806],[-78.7618,1.806],[-78.7618,1.8062],[-78.762,1.806]]],[[[-78.7456,1.8067],[-78.7457,1.8067],[-78.7457,1.8066],[-78.7456,1.8066],[-78.7456,1.8067]]],[[[-78.7628,1.8154],[-78.7627,1.8152],[-78.7627,1.8154],[-78.7628,1.8154]]],[[[-78.76,1.8187],[-78.76,1.8186],[-78.7599,1.8186],[-78.7599,1.8187],[-78.76,1.8187]]],[[[-75.6374,9.4266],[-75.6375,9.4268],[-75.6375,9.4266],[-75.6374,9.4266]]],[[[-75.6346,9.4301],[-75.6346,9.4303],[-75.6347,9.4303],[-75.6347,9.4301],[-75.6346,9.4301]]],[[[-75.6064,9.4712],[-75.6066,9.4713],[-75.6066,9.4712],[-75.6064,9.4712]]],[[[-75.6058,9.472],[-75.606,9.4722],[-75.6061,9.4722],[-75.6061,9.472],[-75.6058,9.472]]],[[[-75.6048,9.4742],[-75.605,9.4743],[-75.6051,9.4743],[-75.605,9.4742],[-75.6048,9.4742]]],[[[-75.6044,9.475],[-75.6047,9.4752],[-75.6048,9.4752],[-75.6047,9.475],[-75.6044,9.475]]],[[[-75.6035,9.4777],[-75.6032,9.4777],[-75.6033,9.4779],[-75.6035,9.4779],[-75.6035,9.4777]]],[[[-75.602,9.4807],[-75.6017,9.4807],[-75.6018,9.4809],[-75.602,9.4809],[-75.602,9.4807]]],[[[-75.599,9.4867],[-75.5989,9.4867],[-75.5989,9.4868],[-75.599,9.4868],[-75.599,9.4867]]],[[[-75.5983,9.4884],[-75.5983,9.4886],[-75.5984,9.4884],[-75.5983,9.4884]]],[[[-75.5922,9.5046],[-75.5923,9.5045],[-75.5922,9.5045],[-75.5922,9.5046]]],[[[-75.5899,9.5108],[-75.5899,9.511],[-75.5901,9.511],[-75.5901,9.5108],[-75.5899,9.5108]]],[[[-75.5862,9.5224],[-75.5863,9.5226],[-75.5865,9.5226],[-75.5865,9.5224],[-75.5862,9.5224]]],[[[-75.5856,9.5249],[-75.5855,9.5249],[-75.5855,9.5251],[-75.5856,9.5251],[-75.5856,9.5249]]],[[[-75.5849,9.5265],[-75.5849,9.5267],[-75.585,9.5267],[-75.585,9.5265],[-75.5849,9.5265]]],[[[-75.5843,9.5281],[-75.5843,9.5283],[-75.5844,9.5283],[-75.5844,9.5281],[-75.5843,9.5281]]],[[[-75.5837,9.5304],[-75.5835,9.5304],[-75.5835,9.5305],[-75.5837,9.5305],[-75.5837,9.5304]]],[[[-75.5829,9.532],[-75.5831,9.5321],[-75.5832,9.5321],[-75.5832,9.532],[-75.5829,9.532]]],[[[-75.5814,9.536],[-75.5816,9.5362],[-75.5816,9.536],[-75.5814,9.536]]],[[[-77.065,3.8749],[-77.0651,3.8749],[-77.0651,3.8748],[-77.065,3.8748],[-77.065,3.8749]]],[[[-77.0736,3.8811],[-77.0738,3.8811],[-77.0738,3.8809],[-77.0736,3.8811]]],[[[-77.0762,3.8837],[-77.0763,3.8837],[-77.0763,3.8836],[-77.0762,3.8837]]],[[[-77.229,4.0418],[-77.2378,4.0395],[-77.2326,4.0314],[-77.2265,4.0398],[-77.229,4.0418]]],[[[-81.688,12.5799],[-81.688,12.5801],[-81.6878,12.5802],[-81.688,12.5804],[-81.688,12.5806],[-81.6876,12.5806],[-81.6874,12.5806],[-81.6873,12.5811],[-81.6874,12.5817],[-81.6876,12.5818],[-81.6884,12.5827],[-81.6884,12.5829],[-81.6886,12.5829],[-81.6893,12.5834],[-81.6932,12.5854],[-81.7042,12.5947],[-81.7228,12.5734],[-81.7225,12.5718],[-81.723,12.5704],[-81.732,12.5274],[-81.7298,12.5052],[-81.73,12.5043],[-81.7297,12.4805],[-81.7066,12.5321],[-81.7066,12.5323],[-81.7039,12.5464],[-81.7044,12.5612],[-81.7044,12.5614],[-81.7047,12.5614],[-81.7047,12.5613],[-81.7072,12.5624],[-81.7023,12.5644],[-81.7002,12.5656],[-81.7033,12.5677],[-81.7048,12.5679],[-81.7067,12.5695],[-81.7072,12.5717],[-81.7053,12.57],[-81.7021,12.5681],[-81.7033,12.5743],[-81.6977,12.5785],[-81.6965,12.5797],[-81.6938,12.5801],[-81.6937,12.5797],[-81.6937,12.5799],[-81.6937,12.5801],[-81.692,12.5801],[-81.6919,12.5801],[-81.6908,12.5799],[-81.6899,12.5795],[-81.6881,12.5799],[-81.688,12.5799]]],[[[-81.6965,12.5797],[-81.6965,12.5795],[-81.6963,12.5795],[-81.6965,12.5797]]],[[[-81.6937,12.5797],[-81.6937,12.5795],[-81.6935,12.5797],[-81.6937,12.5797]]],[[[-81.691,12.5797],[-81.691,12.5795],[-81.6908,12.5795],[-81.691,12.5797]]],[[[-81.6932,12.5854],[-81.6931,12.5854],[-81.6929,12.5855],[-81.6932,12.5855],[-81.6932,12.5854]]],[[[-81.6884,12.5496],[-81.6883,12.5506],[-81.6892,12.5512],[-81.6898,12.5505],[-81.6884,12.5496]]],[[[-81.6892,12.5529],[-81.6892,12.5528],[-81.6886,12.5522],[-81.6889,12.5529],[-81.6892,12.5529]]],[[[-81.6899,12.5795],[-81.6901,12.5795],[-81.6899,12.5794],[-81.6899,12.5795]]],[[[-81.688,12.5799],[-81.688,12.5797],[-81.6878,12.5797],[-81.688,12.5799]]],[[[-81.689,12.5998],[-81.6899,12.601],[-81.6907,12.5991],[-81.6895,12.5991],[-81.689,12.5998]]],[[[-81.3719,13.329],[-81.3557,13.3433],[-81.3558,13.3516],[-81.3538,13.3605],[-81.3542,13.3609],[-81.3566,13.3669],[-81.3581,13.3681],[-81.3582,13.3685],[-81.3579,13.369],[-81.3578,13.369],[-81.3572,13.3697],[-81.3572,13.3699],[-81.357,13.3702],[-81.3581,13.3706],[-81.3584,13.3706],[-81.3582,13.3713],[-81.3573,13.3724],[-81.3567,13.3729],[-81.3564,13.3731],[-81.3548,13.3752],[-81.3543,13.3771],[-81.3557,13.3783],[-81.3558,13.3783],[-81.3563,13.3783],[-81.3588,13.3787],[-81.3625,13.3822],[-81.3643,13.3856],[-81.3701,13.3773],[-81.37,13.3745],[-81.392,13.3271],[-81.377,13.3239],[-81.3746,13.3253],[-81.3719,13.329]]],[[[-81.3724,13.394],[-81.3801,13.3852],[-81.3767,13.3815],[-81.3703,13.3835],[-81.3697,13.3872],[-81.3709,13.388],[-81.3707,13.3946],[-81.3724,13.394]]]]},"properties":{"iso3":"COL"}},
{"type":"Feature","geometry":{"type":"Polygon","coordinates":[[[-91.4362,14.0052],[-91.3102,13.9524],[-90.986,13.914],[-90.7477,13.924],[-90.6653,13.9256],[-90.6592,13.9249],[-90.456,13.8793],[-90.4473,13.8764],[-90.2385,13.7884],[-90.2188,13.78],[-90.1176,13.7448],[-90.1043,13.7507],[-90.1129,13.8326],[-90.0356,13.9164],[-89.9514,13.9799],[-89.95,13.9807],[-89.9046,14.0333],[-89.8602,14.0496],[-89.8061,14.0559],[-89.7431,14.0342],[-89.7377,14.0338],[-89.7358,14.0376],[-89.7212,14.1255],[-89.7197,14.1286],[-89.6721,14.1736],[-89.6655,14.1855],[-89.6342,14.1936],[-89.5218,14.2228],[-89.527,14.2293],[-89.5175,14.2325],[-89.5413,14.2821],[-89.5427,14.2925],[-89.541,14.2905],[-89.5374,14.2997],[-89.5854,14.3172],[-89.569,14.4125],[-89.5677,14.4202],[-89.5246,14.3878],[-89.5109,14.4072],[-89.393,14.4505],[-89.3903,14.4485],[-89.3859,14.4506],[-89.3549,14.4247],[-89.3539,14.4238],[-89.2672,14.5461],[-89.2635,14.5478],[-89.2392,14.5842],[-89.2388,14.5847],[-89.163,14.5719],[-89.1527,14.5832],[-89.152,14.5832],[-89.1518,14.5842],[-89.1512,14.5849],[-89.151,14.5897],[-89.1381,14.6727],[-89.132,14.7118],[-89.1319,14.7122],[-89.1981,14.802],[-89.2265,14.8795],[-89.2281,14.8824],[-89.1796,14.9223],[-89.1794,14.9224],[-89.184,15.0039],[-89.1839,15.0053],[-89.1543,15.068],[-89.1509,15.0698],[-89.0845,15.0949],[-88.9423,15.1626],[-88.7582,15.2949],[-88.682,15.3404],[-88.5344,15.4618],[-88.4729,15.5139],[-88.4515,15.5338],[-88.2358,15.7159],[-88.2232,15.7265],[-88.6077,15.9661],[-88.492,15.8421],[-88.5651,15.8538],[-88.6025,15.6995],[-88.6448,15.6974],[-88.6259,15.7503],[-88.6806,15.7817],[-88.7237,15.8097],[-88.8275,15.7722],[-88.748,15.8287],[-88.9127,15.8993],[-89.2258,15.8966],[-89.2029,16.2591],[-89.2028,16.2675],[-89.1919,16.4352],[-89.1667,16.8114],[-89.1663,16.8189],[-89.1569,17.8168],[-89.3374,17.8181],[-89.7017,17.8193],[-89.9161,17.8195],[-90.9877,17.817],[-90.9873,17.2786],[-91.346,17.2511],[-91.4437,17.2509],[-91.3507,17.1596],[-91.2662,17.1694],[-91.2686,17.1095],[-91.066,16.9025],[-90.9886,16.8636],[-90.9649,16.9013],[-90.9216,16.8225],[-90.7129,16.7266],[-90.668,16.5819],[-90.628,16.5782],[-90.6357,16.48],[-90.544,16.4802],[-90.3712,16.3699],[-90.4546,16.2484],[-90.4445,16.0738],[-91.1076,16.0744],[-91.3292,16.0741],[-91.4834,16.0738],[-91.7313,16.0737],[-91.8732,15.8336],[-91.8749,15.8306],[-91.9298,15.7383],[-91.9886,15.638],[-92.0016,15.6162],[-92.0946,15.4592],[-92.1178,15.4237],[-92.2108,15.2603],[-92.1408,15.173],[-92.0594,15.0695],[-92.0797,15.0306],[-92.1505,14.9877],[-92.1775,14.8036],[-92.1426,14.6897],[-92.1764,14.6073],[-92.2402,14.5435],[-92.1869,14.5019],[-92.1867,14.5018],[-92.1632,14.4866],[-92.0386,14.3926],[-91.8324,14.2333],[-91.8311,14.2321],[-91.7866,14.1909],[-91.6657,14.1238],[-91.5692,14.0624],[-91.5682,14.0617],[-91.5386,14.0444],[-91.4362,14.0052]],[[-88.9859,15.5528],[-88.9831,15.5159],[-89.0934,15.4178],[-89.2163,15.4151],[-89.3068,15.3541],[-89.3545,15.4706],[-89.4146,15.468],[-89.2252,15.5723],[-89.0993,15.579],[-88.9915,15.6556],[-88.9859,15.5528]],[[-88.9715,15.6699],[-88.8311,15.7696],[-88.8894,15.6857],[-88.9715,15.6699]]]},"properties":{"iso3":"GTM"}},
{"type":"Feature","geometry":{"type":"MultiPolygon","coordinates":[[[[-86.883,15.7623],[-87.0033,15.7709],[-87.0916,15.7862],[-87.1455,15.7894],[-87.3215,15.832],[-87.3822,15.8289],[-87.476,15.7808],[-87.5885,15.8444],[-87.5497,15.7769],[-87.5037,15.7684],[-87.5168,15.7649],[-87.5839,15.7707],[-87.5906,15.7857],[-87.6301,15.7669],[-87.6373,15.7744],[-87.6289,15.8165],[-87.596,15.8489],[-87.6016,15.9284],[-87.6445,15.9059],[-87.6419,15.8749],[-87.7191,15.9203],[-87.9508,15.8646],[-87.9644,15.8021],[-87.9748,15.8034],[-88.1351,15.6833],[-88.2358,15.7159],[-88.4515,15.5338],[-88.4729,15.5139],[-88.5344,15.4618],[-88.682,15.3404],[-88.7582,15.2949],[-88.9423,15.1626],[-89.0845,15.0949],[-89.1509,15.0698],[-89.1543,15.068],[-89.1839,15.0053],[-89.184,15.0039],[-89.1794,14.9224],[-89.1796,14.9223],[-89.2281,14.8824],[-89.2265,14.8795],[-89.1981,14.802],[-89.1319,14.7122],[-89.132,14.7118],[-89.1381,14.6727],[-89.151,14.5897],[-89.1512,14.5849],[-89.1518,14.5842],[-89.152,14.5832],[-89.1527,14.5832],[-89.163,14.5719],[-89.2388,14.5847],[-89.2392,14.5842],[-89.2635,14.5478],[-89.2672,14.5461],[-89.3539,14.4238],[-89.3537,14.4237],[-89.3509,14.4213],[-89.1434,14.3584],[-89.078,14.3386],[-88.9567,14.2032],[-88.8934,14.1878],[-88.8702,14.1822],[-88.8604,14.1629],[-88.7834,14.1048],[-88.7571,14.1109],[-88.7312,14.1018],[-88.7367,14.0713],[-88.7167,14.0499],[-88.6359,14.0208],[-88.6168,14.0135],[-88.5269,13.9848],[-88.5097,13.9724],[-88.5077,13.9719],[-88.5075,13.9708],[-88.4995,13.965],[-88.4864,13.8609],[-88.3913,13.8832],[-88.3499,13.8895],[-88.2389,13.9334],[-88.2227,13.9622],[-88.2172,13.9931],[-88.1186,13.9968],[-88.1182,13.9969],[-88.1101,14.0006],[-88.1079,14.0014],[-88.0799,13.9943],[-88.0268,13.9023],[-88.0069,13.8713],[-87.9986,13.8734],[-87.9532,13.8925],[-87.9264,13.8919],[-87.8871,13.902],[-87.7965,13.9119],[-87.7625,13.8666],[-87.7449,13.8414],[-87.7441,13.8404],[-87.7103,13.8108],[-87.7128,13.8003],[-87.7093,13.7959],[-87.721,13.7653],[-87.7386,13.6911],[-87.7571,13.6126],[-87.7667,13.585],[-87.7779,13.5185],[-87.7209,13.5057],[-87.7215,13.445],[-87.7234,13.4444],[-87.7235,13.4407],[-87.8091,13.4031],[-87.8166,13.4132],[-87.8207,13.4118],[-87.7445,13.3534],[-87.6593,13.3911],[-87.6918,13.4749],[-87.6912,13.4749],[-87.6884,13.4749],[-87.6848,13.4733],[-87.676,13.4657],[-87.6861,13.4637],[-87.6757,13.461],[-87.6753,13.4573],[-87.6733,13.4589],[-87.6711,13.4578],[-87.6696,13.4537],[-87.6742,13.4502],[-87.6706,13.4475],[-87.666,13.4522],[-87.6627,13.4518],[-87.6584,13.4431],[-87.6567,13.452],[-87.6575,13.4519],[-87.6353,13.4664],[-87.5977,13.461],[-87.6178,13.3754],[-87.6094,13.3742],[-87.6374,13.3749],[-87.6595,13.3358],[-87.581,13.3072],[-87.5815,13.3595],[-87.5719,13.3333],[-87.5423,13.3424],[-87.5629,13.3587],[-87.5815,13.3605],[-87.5816,13.3704],[-87.5195,13.3619],[-87.5059,13.38],[-87.5018,13.3785],[-87.4994,13.3807],[-87.5022,13.3825],[-87.5051,13.381],[-87.4855,13.4071],[-87.484,13.402],[-87.4818,13.4024],[-87.4803,13.4088],[-87.4848,13.4081],[-87.4804,13.4139],[-87.4778,13.4087],[-87.4702,13.4107],[-87.4685,13.4146],[-87.4649,13.414],[-87.4602,13.4133],[-87.4607,13.4098],[-87.457,13.4128],[-87.4513,13.412],[-87.4599,13.4096],[-87.4593,13.4046],[-87.4608,13.4079],[-87.4714,13.3992],[-87.4619,13.3968],[-87.4589,13.4008],[-87.4582,13.3945],[-87.4304,13.3897],[-87.444,13.4108],[-87.4038,13.4047],[-87.4042,13.4042],[-87.4013,13.4043],[-87.3751,13.4003],[-87.3751,13.4002],[-87.3945,13.3896],[-87.3882,13.3931],[-87.3965,13.4017],[-87.3946,13.3922],[-87.3964,13.3893],[-87.4003,13.3886],[-87.4111,13.3952],[-87.4067,13.3858],[-87.4042,13.3864],[-87.402,13.3855],[-87.4158,13.3779],[-87.425,13.383],[-87.4269,13.3719],[-87.4583,13.3547],[-87.4032,13.3351],[-87.4315,13.3234],[-87.4319,13.3193],[-87.4387,13.3199],[-87.444,13.3183],[-87.4322,13.3167],[-87.4355,13.2817],[-87.492,13.2816],[-87.4925,13.2857],[-87.4881,13.2876],[-87.4909,13.2946],[-87.5164,13.2652],[-87.4351,13.2262],[-87.4248,13.116],[-87.3951,13.1122],[-87.3326,13.102],[-87.2782,13.1276],[-87.278,13.1092],[-87.2912,13.0877],[-87.3683,13.0815],[-87.3312,13.0345],[-87.2809,13.0279],[-87.2804,13.0415],[-87.2387,13.0468],[-87.2296,13.0658],[-87.2061,13.0792],[-87.1944,13.0801],[-87.1871,13.0445],[-87.1637,13.0639],[-87.1588,13.0369],[-87.1471,13.0379],[-87.135,13.0337],[-87.1325,13.0249],[-87.1344,13.025],[-87.136,13.0286],[-87.135,13.0333],[-87.1399,13.0325],[-87.1467,13.0375],[-87.1547,13.0348],[-87.1573,13.0352],[-87.1594,13.0369],[-87.1639,13.0634],[-87.1761,13.0435],[-87.182,13.0418],[-87.1877,13.0443],[-87.2038,13.0789],[-87.2379,13.0461],[-87.2751,13.0377],[-87.267,13.0212],[-87.2017,13.0634],[-87.2272,12.9923],[-87.2276,12.9925],[-87.2294,12.9993],[-87.2329,13.021],[-87.2325,13.0233],[-87.2306,13.0266],[-87.2195,13.0331],[-87.2244,13.0446],[-87.3082,12.9872],[-87.1058,12.9996],[-86.9637,13.0302],[-86.9338,13.1271],[-86.893,13.2728],[-86.8929,13.2728],[-86.8292,13.3135],[-86.7545,13.2674],[-86.7057,13.3023],[-86.7506,13.565],[-86.7688,13.6995],[-86.7687,13.6995],[-86.7612,13.769],[-86.5747,13.7913],[-86.3779,13.7711],[-86.3339,13.7692],[-86.1516,14.0361],[-86.0118,14.0801],[-86.0425,13.9955],[-85.7519,13.8327],[-85.7529,13.9682],[-85.5704,14.0645],[-85.5206,14.0473],[-85.4051,14.1231],[-85.3398,14.2491],[-85.1853,14.2499],[-85.1531,14.3009],[-85.2213,14.3752],[-85.1498,14.4865],[-85.1517,14.5721],[-85.0874,14.5523],[-85.0253,14.6017],[-85.0514,14.653],[-85.0513,14.6533],[-84.9999,14.7244],[-84.9015,14.8109],[-84.7903,14.8131],[-84.7028,14.6651],[-84.675,14.693],[-84.4701,14.6156],[-84.3647,14.7157],[-84.2753,14.6626],[-84.234,14.7609],[-84.1684,14.7143],[-84.0964,14.7297],[-84.1106,14.7902],[-84.0226,14.7442],[-83.7963,14.7896],[-83.7433,14.845],[-83.7012,14.8283],[-83.6965,14.8767],[-83.6198,14.861],[-83.5568,14.9392],[-83.5045,15.0092],[-83.4603,14.9801],[-83.4044,15.0288],[-83.2865,14.9766],[-83.1498,14.9964],[-83.2974,15.0773],[-83.4261,15.2695],[-83.7176,15.3945],[-83.737,15.3554],[-83.5553,15.3051],[-83.4942,15.2143],[-83.5578,15.2121],[-83.5496,15.1988],[-83.5617,15.1746],[-83.591,15.1561],[-83.6157,15.21],[-83.638,15.1644],[-83.6154,15.2359],[-83.5661,15.1938],[-83.5512,15.1984],[-83.5609,15.2091],[-83.5515,15.2343],[-83.5274,15.2537],[-83.5423,15.2635],[-83.5498,15.2968],[-83.554,15.2781],[-83.6327,15.2902],[-83.633,15.3029],[-83.7438,15.1682],[-83.8323,15.3164],[-84.0203,15.4025],[-84.0226,15.3955],[-84.0154,15.3997],[-84.0119,15.3862],[-83.9983,15.385],[-83.9788,15.3646],[-83.9973,15.3531],[-83.9899,15.353],[-83.9807,15.3473],[-83.9666,15.3546],[-83.9587,15.3437],[-83.9665,15.3406],[-83.9688,15.3507],[-83.9732,15.3511],[-83.9749,15.348],[-83.9845,15.3467],[-83.9865,15.3475],[-83.9895,15.3521],[-83.9976,15.3528],[-84.0038,15.3564],[-84.0141,15.345],[-83.9995,15.3783],[-83.9982,15.3779],[-83.9971,15.3799],[-83.9988,15.3801],[-83.9973,15.3834],[-84.0149,15.3809],[-84.0246,15.3944],[-84.0478,15.3897],[-84.0504,15.3767],[-84.0383,15.3748],[-84.0346,15.3546],[-84.0218,15.3462],[-84.0232,15.3457],[-84.0352,15.3537],[-84.0393,15.3684],[-84.0426,15.3622],[-84.0288,15.3339],[-84.0388,15.321],[-84.1126,15.3537],[-84.1392,15.4238],[-84.1044,15.4501],[-84.1087,15.4547],[-84.1074,15.4549],[-84.1076,15.4563],[-84.1122,15.4583],[-84.1412,15.4889],[-84.1054,15.467],[-84.1306,15.5296],[-84.0892,15.5438],[-84.1006,15.4991],[-84.0921,15.4996],[-84.1001,15.4954],[-84.0708,15.4815],[-84.0716,15.4947],[-84.0848,15.5],[-83.9636,15.5068],[-83.9219,15.4419],[-83.7563,15.3695],[-83.7283,15.3922],[-83.7294,15.3947],[-83.7721,15.4014],[-83.8053,15.4141],[-83.8792,15.4573],[-84.1562,15.6975],[-84.1506,15.6605],[-84.1719,15.6291],[-84.0834,15.6021],[-84.1084,15.5526],[-84.1642,15.5667],[-84.1652,15.5779],[-84.1434,15.5738],[-84.1758,15.6338],[-84.167,15.6635],[-84.1519,15.6613],[-84.1612,15.6731],[-84.1581,15.6852],[-84.1623,15.6847],[-84.1694,15.6902],[-84.1637,15.691],[-84.1632,15.6938],[-84.1603,15.694],[-84.1611,15.6969],[-84.1575,15.6982],[-84.1939,15.7278],[-84.1947,15.7283],[-84.2959,15.8104],[-84.6456,15.8668],[-84.6285,15.856],[-84.6147,15.8532],[-84.6115,15.8507],[-84.6046,15.8511],[-84.4988,15.8292],[-84.5019,15.827],[-84.4986,15.821],[-84.5514,15.771],[-84.617,15.8168],[-84.6461,15.7746],[-84.6488,15.8634],[-84.9163,15.9551],[-84.9132,15.9525],[-84.9232,15.9584],[-84.9659,15.927],[-84.9793,15.9701],[-84.9706,15.9716],[-84.9298,15.9541],[-84.9256,15.9577],[-84.9718,15.9726],[-84.9996,15.9816],[-85.2976,15.8786],[-85.4706,15.8598],[-85.6099,15.9069],[-85.7297,15.9709],[-86.0054,16.0285],[-85.9111,15.9826],[-85.9992,15.9047],[-86.2084,15.8774],[-86.3589,15.7815],[-86.4588,15.7977],[-86.5989,15.7981],[-86.883,15.7623]],[[-87.9964,14.7933],[-88.0108,14.8143],[-88.0103,14.8148],[-88.0301,14.9297],[-88.027,14.9282],[-88.0276,14.9281],[-88.029,14.9264],[-88.0211,14.9252],[-87.9729,14.9009],[-87.9735,14.8979],[-87.9714,14.8973],[-87.9709,14.8992],[-87.9718,14.9003],[-87.9466,14.8877],[-87.9755,14.8033],[-87.9964,14.7933]],[[-84.1988,15.48],[-84.202,15.4791],[-84.2394,15.5303],[-84.1982,15.5239],[-84.1778,15.5114],[-84.1953,15.4838],[-84.1988,15.48]],[[-84.0193,15.343],[-84.0192,15.343],[-84.0214,15.3459],[-84.0071,15.3365],[-83.8741,15.3192],[-83.8358,15.2647],[-83.9281,15.2286],[-83.9747,15.2671],[-83.9414,15.2981],[-84.0202,15.2952],[-84.0167,15.3413],[-84.0193,15.343]],[[-84.8697,15.9269],[-84.8745,15.9297],[-84.7538,15.8813],[-84.8292,15.8378],[-84.8697,15.9269]]],[[[-85.0668,15.9799],[-85.0722,15.9748],[-85.0566,15.97],[-85.053,15.9741],[-85.0668,15.9799]]],[[[-87.4543,13.213],[-87.4538,13.2144],[-87.4538,13.2196],[-87.4565,13.2244],[-87.4543,13.213]]],[[[-87.4539,13.2976],[-87.4563,13.2966],[-87.4569,13.295],[-87.4535,13.2969],[-87.4539,13.2976]]],[[[-87.4909,13.2946],[-87.4847,13.3017],[-87.4917,13.2966],[-87.4909,13.2946]]],[[[-87.4847,13.3036],[-87.485,13.303],[-87.4842,13.3027],[-87.484,13.3032],[-87.4847,13.3036]]],[[[-84.0843,15.4846],[-84.0491,15.404],[-84.0364,15.418],[-84.0625,15.4761],[-84.0843,15.4846]]],[[[-84.1986,15.4859],[-84.1992,15.4902],[-84.2004,15.4876],[-84.2007,15.4823],[-84.1986,15.4859]]],[[[-84.1957,15.4893],[-84.1966,15.4903],[-84.1966,15.489],[-84.1959,15.4874],[-84.1957,15.4893]]],[[[-84.1978,15.4921],[-84.1984,15.4927],[-84.1989,15.4903],[-84.1977,15.4902],[-84.1978,15.4921]]],[[[-84.1967,15.495],[-84.1971,15.4952],[-84.1972,15.495],[-84.1968,15.4947],[-84.1967,15.495]]],[[[-84.1976,15.4959],[-84.1976,15.4957],[-84.1971,15.4956],[-84.1971,15.4959],[-84.1976,15.4959]]],[[[-83.5713,15.2858],[-83.5548,15.2964],[-83.5556,15.3043],[-83.5906,15.3129],[-83.5713,15.2858]]],[[[-83.9958,15.3806],[-83.9956,15.3786],[-83.9938,15.3775],[-83.994,15.3797],[-83.9958,15.3806]]],[[[-83.88,16.3603],[-83.8789,16.3602],[-83.8784,16.3607],[-83.8793,16.3608],[-83.88,16.3603]]],[[[-83.865,16.3753],[-83.8651,16.3753],[-83.8652,16.3752],[-83.8761,16.3623],[-83.8594,16.3759],[-83.8603,16.3769],[-83.865,16.3753]]],[[[-83.8304,16.3749],[-83.8357,16.3749],[-83.8488,16.3671],[-83.8306,16.369],[-83.8304,16.3749]]],[[[-84.8313,15.8769],[-84.8271,15.8741],[-84.8261,15.8781],[-84.8291,15.8783],[-84.8313,15.8769]]],[[[-84.8253,15.8778],[-84.8249,15.8772],[-84.8239,15.8767],[-84.8228,15.877],[-84.8253,15.8778]]],[[[-84.8337,15.9071],[-84.8369,15.9093],[-84.8336,15.905],[-84.8287,15.9085],[-84.8337,15.9071]]],[[[-86.4794,15.945],[-86.4786,15.9453],[-86.4785,15.9459],[-86.4793,15.9453],[-86.4794,15.945]]],[[[-86.4777,15.9479],[-86.4775,15.9489],[-86.4778,15.9493],[-86.4782,15.9488],[-86.4777,15.9479]]],[[[-86.4756,15.9519],[-86.4746,15.9527],[-86.4753,15.9531],[-86.4758,15.9526],[-86.4756,15.9519]]],[[[-86.5198,15.9529],[-86.5179,15.9519],[-86.5174,15.9525],[-86.5183,15.9534],[-86.5198,15.9529]]],[[[-86.4991,15.9657],[-86.5072,15.9588],[-86.5009,15.9525],[-86.4967,15.9567],[-86.4991,15.9657]]],[[[-86.4783,15.9806],[-86.4871,15.9741],[-86.4767,15.964],[-86.4698,15.9758],[-86.4783,15.9806]]],[[[-86.4963,16.3212],[-86.4932,16.3206],[-86.495,16.3223],[-86.4959,16.3249],[-86.4963,16.3212]]],[[[-86.4335,16.363],[-86.2636,16.4122],[-86.2626,16.4119],[-86.2625,16.4125],[-86.2266,16.4229],[-86.2229,16.41],[-86.2026,16.4241],[-86.1907,16.4248],[-86.2276,16.4262],[-86.2269,16.4238],[-86.3156,16.4301],[-86.4337,16.3838],[-86.5616,16.3357],[-86.6032,16.2685],[-86.4641,16.3461],[-86.464,16.3459],[-86.4618,16.3466],[-86.4621,16.3472],[-86.4336,16.3631],[-86.4335,16.363]]],[[[-86.4758,16.3339],[-86.4741,16.3349],[-86.476,16.3359],[-86.4779,16.3355],[-86.4758,16.3339]]],[[[-86.4686,15.9549],[-86.4665,15.9567],[-86.4675,15.9561],[-86.4684,15.9559],[-86.4686,15.9549]]],[[[-86.4658,15.9582],[-86.4637,15.9605],[-86.4645,15.9603],[-86.4659,15.9588],[-86.4658,15.9582]]],[[[-86.4732,15.96],[-86.4716,15.9603],[-86.4718,15.9618],[-86.4728,15.9613],[-86.4732,15.96]]],[[[-86.4629,15.9615],[-86.4618,15.9623],[-86.4618,15.9625],[-86.4626,15.9624],[-86.4629,15.9615]]],[[[-86.4688,16.3398],[-86.4678,16.3424],[-86.4717,16.34],[-86.4702,16.3393],[-86.4688,16.3398]]],[[[-86.4453,16.3503],[-86.4442,16.3505],[-86.4437,16.3518],[-86.4458,16.3522],[-86.4453,16.3503]]],[[[-86.4423,16.3526],[-86.4433,16.3521],[-86.442,16.3515],[-86.4418,16.3527],[-86.4423,16.3526]]],[[[-86.4376,16.3591],[-86.4387,16.3577],[-86.4358,16.3574],[-86.4358,16.36],[-86.4376,16.3591]]],[[[-85.8833,16.4048],[-85.8815,16.4083],[-85.8836,16.4081],[-85.8866,16.4044],[-85.8833,16.4048]]],[[[-85.8512,16.4398],[-85.8489,16.4406],[-85.8477,16.4426],[-85.8482,16.4434],[-85.8512,16.4398]]],[[[-85.8889,16.4423],[-85.8862,16.4399],[-85.8857,16.4413],[-85.8869,16.4434],[-85.8889,16.4423]]],[[[-85.8395,16.4482],[-85.8394,16.4487],[-85.8406,16.4484],[-85.8403,16.4481],[-85.8395,16.4482]]],[[[-85.9513,16.4026],[-85.816,16.4987],[-85.863,16.515],[-85.9322,16.4471],[-85.9513,16.4026]]],[[[-85.8293,16.4587],[-85.829,16.4595],[-85.8313,16.4589],[-85.8306,16.4585],[-85.8293,16.4587]]],[[[-85.8257,16.4677],[-85.8256,16.4683],[-85.8268,16.4688],[-85.8271,16.4673],[-85.8257,16.4677]]],[[[-85.8246,16.47],[-85.8241,16.4708],[-85.8245,16.4719],[-85.8249,16.4709],[-85.8246,16.47]]],[[[-85.8214,16.4811],[-85.8221,16.4805],[-85.821,16.4801],[-85.8207,16.4811],[-85.8214,16.4811]]],[[[-86.2824,16.4026],[-86.2829,16.405],[-86.2894,16.4044],[-86.2849,16.4019],[-86.2824,16.4026]]],[[[-86.2044,16.4119],[-86.2016,16.4144],[-86.2069,16.4173],[-86.2076,16.4138],[-86.2044,16.4119]]],[[[-86.1863,16.4359],[-86.1912,16.431],[-86.1843,16.4276],[-86.1836,16.4348],[-86.1863,16.4359]]],[[[-86.1659,16.4351],[-86.1661,16.4281],[-86.1226,16.446],[-86.1562,16.4428],[-86.1659,16.4351]]],[[[-86.9797,16.0553],[-86.9797,16.0549],[-86.9785,16.0553],[-86.979,16.0558],[-86.9797,16.0553]]],[[[-86.9803,16.0584],[-86.9804,16.0579],[-86.9798,16.0579],[-86.9796,16.0586],[-86.9803,16.0584]]],[[[-86.975,16.0589],[-86.9758,16.0604],[-86.9778,16.0591],[-86.9763,16.0587],[-86.975,16.0589]]],[[[-86.9743,16.0616],[-86.9742,16.0609],[-86.9731,16.0609],[-86.9734,16.0624],[-86.9743,16.0616]]],[[[-86.9672,16.0644],[-86.9689,16.0635],[-86.9681,16.0628],[-86.9673,16.0631],[-86.9672,16.0644]]],[[[-86.9639,16.0647],[-86.966,16.0645],[-86.9657,16.0639],[-86.9643,16.0631],[-86.9639,16.0647]]],[[[-86.9632,16.0659],[-86.9633,16.0655],[-86.9622,16.0652],[-86.9624,16.0661],[-86.9632,16.0659]]],[[[-86.9129,16.0898],[-86.8735,16.1191],[-86.9894,16.0921],[-86.9503,16.0719],[-86.9129,16.0898]]],[[[-87.4959,13.3691],[-87.4955,13.3696],[-87.4949,13.3719],[-87.4975,13.3719],[-87.4959,13.3691]]],[[[-87.6468,13.2483],[-87.6157,13.2569],[-87.6173,13.2896],[-87.6578,13.2928],[-87.6468,13.2483]]],[[[-87.7005,13.3077],[-87.7003,13.3085],[-87.7015,13.3083],[-87.701,13.3075],[-87.7005,13.3077]]],[[[-87.7023,13.3135],[-87.6996,13.315],[-87.7056,13.312],[-87.7046,13.3116],[-87.7023,13.3135]]],[[[-87.6854,13.3133],[-87.6784,13.3036],[-87.6675,13.3171],[-87.6747,13.3309],[-87.6854,13.3133]]],[[[-87.7136,13.3207],[-87.7126,13.3219],[-87.7131,13.3231],[-87.7142,13.3208],[-87.7136,13.3207]]],[[[-87.7201,13.3248],[-87.7199,13.3273],[-87.7226,13.3254],[-87.7213,13.3242],[-87.7201,13.3248]]],[[[-87.7138,13.3282],[-87.7056,13.3283],[-87.7041,13.3296],[-87.7188,13.3354],[-87.7138,13.3282]]],[[[-87.4713,13.3675],[-87.4701,13.3667],[-87.4695,13.3678],[-87.4709,13.3698],[-87.4713,13.3675]]],[[[-87.4727,13.37],[-87.4735,13.372],[-87.4736,13.3719],[-87.4733,13.3706],[-87.4727,13.37]]],[[[-87.4729,13.3812],[-87.473,13.3812],[-87.4731,13.3811],[-87.4729,13.3811],[-87.4729,13.3812]]],[[[-87.4739,13.3908],[-87.4734,13.3932],[-87.4708,13.3935],[-87.4733,13.398],[-87.4703,13.4026],[-87.4788,13.4076],[-87.4818,13.3928],[-87.4777,13.391],[-87.4745,13.396],[-87.4746,13.3909],[-87.476,13.3911],[-87.4778,13.3867],[-87.4748,13.3817],[-87.4687,13.3848],[-87.4624,13.3741],[-87.4432,13.3742],[-87.4312,13.385],[-87.4733,13.3925],[-87.4722,13.3906],[-87.4739,13.3908]]],[[[-87.4668,13.3947],[-87.469,13.396],[-87.4707,13.3957],[-87.4684,13.3917],[-87.4668,13.3947]]],[[[-87.4724,13.4101],[-87.4759,13.4076],[-87.4693,13.4043],[-87.4629,13.4079],[-87.4724,13.4101]]],[[[-87.4157,13.3898],[-87.4118,13.3935],[-87.4206,13.3972],[-87.4248,13.3843],[-87.4232,13.3828],[-87.418,13.3876],[-87.4176,13.387],[-87.4147,13.3883],[-87.4157,13.3898]]]]},"properties":{"iso3":"HND"}},
{"type":"Feature","geometry":{"type":"MultiPolygon","coordinates":[[[[-72.3706,18.5336],[-72.4566,18.5468],[-72.5461,18.55],[-72.6263,18.5511],[-72.7026,18.438],[-72.8337,18.4433],[-73.0507,18.4611],[-73.1071,18.4498],[-73.2401,18.4764],[-73.2738,18.4832],[-73.2895,18.4833],[-73.443,18.5247],[-73.5707,18.5053],[-73.7249,18.5456],[-73.6768,18.5649],[-73.5637,18.5813],[-73.7027,18.577],[-73.7316,18.5497],[-73.8372,18.567],[-73.9611,18.6007],[-74.0783,18.6164],[-74.2149,18.6748],[-74.2629,18.6671],[-74.3882,18.6373],[-74.4584,18.4955],[-74.4727,18.4201],[-74.4491,18.3585],[-74.3676,18.2958],[-74.2521,18.311],[-74.1917,18.2979],[-74.1062,18.2513],[-74.0766,18.2329],[-74.0076,18.1829],[-73.95,18.1318],[-73.943,18.1087],[-73.8874,18.025],[-73.8273,18.0269],[-73.7834,18.0479],[-73.8423,18.1156],[-73.807,18.1588],[-73.7889,18.1696],[-73.7217,18.2071],[-73.6849,18.2386],[-73.6338,18.2283],[-73.6096,18.2567],[-73.6196,18.2169],[-73.5672,18.2161],[-73.5514,18.2593],[-73.4196,18.255],[-73.0035,18.1858],[-72.9025,18.1576],[-72.6363,18.1905],[-72.5543,18.1719],[-72.5495,18.231],[-72.4339,18.2273],[-72.4028,18.2298],[-72.3573,18.2317],[-72.2241,18.2222],[-72.0518,18.2373],[-71.9574,18.1952],[-71.9195,18.1845],[-71.8545,18.1278],[-71.7594,18.0317],[-71.7363,18.0959],[-71.7821,18.1693],[-71.78167906479666,18.170206743082495],[-71.7882,18.1807],[-71.72975675091453,18.282053408713004],[-71.725,18.2923],[-71.705659375,18.323818055555556],[-71.696,18.3406],[-71.88322720658749,18.44456510750411],[-71.904,18.4561],[-71.9044,18.4572],[-71.9083,18.4685],[-71.9136,18.484],[-71.9134,18.4841],[-71.9129140191817,18.48438286190044],[-71.8811,18.5029],[-71.88157042801556,18.503370428015558],[-71.8816,18.5034],[-72.0061416691482,18.616628415137825],[-72.0115,18.6215],[-72.0076,18.6245],[-72.00217233885985,18.62864523046503],[-71.9657,18.6565],[-71.87988804400908,18.641397095745596],[-71.81165566971697,18.649120178609397],[-71.8042,18.6854],[-71.7561,18.7122],[-71.7393,18.7238],[-71.73661830687729,18.76328924578732],[-71.73594890066916,18.773146580342402],[-71.7291,18.874],[-71.78243899523157,18.95425774048862],[-71.87909209073487,18.9431601819274],[-71.8819,18.9414],[-71.88224022860976,18.942798717617915],[-71.88256108837518,18.944117807764624],[-71.8864,18.9599],[-71.8717716061421,18.97250355967982],[-71.8682,18.9819],[-71.85091992837958,18.99046843330349],[-71.8338,19.0051],[-71.8257633139683,19.002942500394173],[-71.7234,19.0537],[-71.70157192335037,19.086059911297696],[-71.7023,19.1059],[-71.68586923240937,19.109338997867802],[-71.6463,19.168],[-71.6398,19.2296],[-71.66108594036127,19.239020720954944],[-71.7083,19.2546],[-71.7323,19.2625],[-71.7396,19.2721],[-71.753,19.2797],[-71.7858,19.3318],[-71.6946,19.3824],[-71.7126,19.542],[-71.7434,19.5886],[-71.7757,19.7065],[-71.7908,19.7089],[-71.8442,19.7121],[-71.822,19.6479],[-71.8927,19.6708],[-71.8485,19.7137],[-71.9205,19.7266],[-72.0278,19.6984],[-72.0591,19.6933],[-72.0408,19.7339],[-72.0781,19.7032],[-72.0556,19.7317],[-72.1328,19.7524],[-72.1586,19.7468],[-72.1886,19.741],[-72.1977,19.7884],[-72.2591,19.7596],[-72.3189,19.7701],[-72.3101,19.7196],[-72.354,19.7828],[-72.4171,19.8091],[-72.4905,19.8213],[-72.5613,19.8798],[-72.6466,19.9063],[-72.7539,19.9425],[-73.0004,19.9172],[-73.1647,19.9302],[-73.2759,19.8642],[-73.4215,19.829],[-73.3599,19.8345],[-73.3735,19.8084],[-73.4526,19.7597],[-73.443,19.6775],[-73.2956,19.629],[-73.2094,19.6619],[-73.1221,19.6319],[-72.994,19.6138],[-72.8051,19.5011],[-72.754,19.4464],[-72.6971,19.4589],[-72.6852,19.4031],[-72.7236,19.427],[-72.7238,19.3684],[-72.7373,19.3636],[-72.7736,19.3458],[-72.7183,19.2883],[-72.7249,19.283],[-72.7735,19.2843],[-72.7795,19.2377],[-72.7007,19.1152],[-72.8216,19.0455],[-72.71,18.9423],[-72.4869,18.7678],[-72.3313,18.683],[-72.3583,18.6299],[-72.3485,18.5651],[-72.3706,18.5336]]],[[[-73.0905,18.9305],[-73.2063,18.9703],[-73.3038,18.9244],[-73.2175,18.8352],[-72.9963,18.7436],[-72.8208,18.6922],[-72.8096,18.7854],[-73.0905,18.9305]]],[[[-73.7032,18.1093],[-73.6747,18.0597],[-73.5714,18.068],[-73.6,18.0996],[-73.7032,18.1093]]],[[[-73.7082,18.5996],[-73.7496,18.643],[-73.7938,18.6263],[-73.792,18.5979],[-73.7082,18.5996]]],[[[-72.7422,20.0645],[-72.8145,20.0892],[-72.9677,20.0649],[-72.6201,19.9968],[-72.7422,20.0645]]]]},"properties":{"iso3":"HTI"}},
{"type":"Feature","geometry":{"type":"MultiPolygon","coordinates":[[[[-11.6669,15.5405],[-11.7113,15.5384],[-11.711294914259117,15.538300241236541],[-11.7113,15.5383],[-11.7479,15.4498],[-11.74840753574852,15.447980734535236],[-11.828840135773705,15.159669513318203],[-11.8473,15.0935],[-11.842,15.0333],[-11.8156,15.0289],[-11.792246595684539,15.01692389522284],[-11.79643675417661,14.955013126491647],[-11.8006,14.8935],[-11.9445,14.7734],[-11.950193940619107,14.772914787401042],[-12.0419,14.7651],[-12.0519,14.723],[-12.11141650038373,14.761983307751343],[-12.1224,14.77],[-12.2392,14.7614],[-12.2067,14.7212],[-12.192994142259414,14.704273640167363],[-12.1701,14.676],[-12.170113443035698,14.675985212660732],[-12.1771,14.6683],[-12.1532,14.631],[-12.2014,14.5642],[-12.2157,14.5443],[-12.2163,14.5435],[-12.216289896141445,14.543414016832823],[-12.2012,14.415],[-12.200938938053097,14.412598230088495],[-12.2002,14.4058],[-12.1998,14.4028],[-12.0948,14.3651],[-12.093512165107038,14.364604678887321],[-12.0935,14.3646],[-12.1008,14.3075],[-12.0605,14.2944],[-12.0268,14.2835],[-12.005200158856235,14.2413447974583],[-11.9751,14.1826],[-11.9742,14.1808],[-11.974213503611521,14.180726416760944],[-11.9742,14.1807],[-12.010284314122783,13.983785598831354],[-11.9346,13.9143],[-11.9498,13.8091],[-11.9504,13.8053],[-12.0716,13.7166],[-12.0732,13.7154],[-12.072998093543468,13.714846051516695],[-12.04,13.6543],[-11.996481179232337,13.578863196853751],[-11.961951798900236,13.545530934799686],[-11.9152,13.5004],[-11.8693,13.4561],[-11.8817,13.4056],[-11.882453583473861,13.402932314502529],[-11.8867,13.3879],[-11.886286429891193,13.387321001847669],[-11.8862,13.3872],[-11.8871,13.3836],[-11.829645826499162,13.305462324038862],[-11.7413,13.4071],[-11.730803772102742,13.40548449361929],[-11.7272,13.4119],[-11.696869561774024,13.400261576029568],[-11.6326,13.3756],[-11.609635510216567,13.366859783739141],[-11.6058,13.3654],[-11.597,13.362],[-11.594600306081672,13.346523322369432],[-11.52605330814326,13.253807363006521],[-11.5258,13.2536],[-11.525874568288854,13.253265934065935],[-11.521158616513352,13.191318123088973],[-11.5014,13.1853],[-11.5088,13.166],[-11.5177,13.1473],[-11.4249,13.0764],[-11.424887561198686,13.07636675364502],[-11.424779814739232,13.076078769541995],[-11.3977,13.0037],[-11.3986,13.0014],[-11.41480866721637,12.966794992691428],[-11.4148,12.9667],[-11.3686,12.975827902946273],[-11.3572,12.9781],[-11.357196391580354,12.97808095556298],[-11.357167668008673,12.977929358934654],[-11.35,12.9401],[-11.374405486880931,12.934460076561129],[-11.41,12.8447],[-11.3678,12.7341],[-11.4402,12.6952],[-11.4031,12.5887],[-11.403200550964188,12.588601285583103],[-11.4032,12.5886],[-11.403786759581882,12.588025783972125],[-11.4469,12.5457],[-11.3883,12.535],[-11.367558186397986,12.495086901763225],[-11.3672,12.4944],[-11.367034277620396,12.494078753541077],[-11.3607,12.4818],[-11.3501,12.4613],[-11.3669,12.3915],[-11.3749,12.3901],[-11.3766,12.3898],[-11.4281,12.3807],[-11.4351,12.3795],[-11.4348,12.3723],[-11.434461719493223,12.362787142112492],[-11.432144335960876,12.297619508233154],[-11.431561476810655,12.281228802432958],[-11.4315,12.2795],[-11.434463836499225,12.275056761241402],[-11.48393321772916,12.16985716800198],[-11.4791,12.1633],[-11.476883222222225,12.160302666666668],[-11.416302930832357,12.120469050410318],[-11.3681,12.1051],[-11.347643550680479,12.075323156611823],[-11.22295076163329,11.9933333775123],[-11.222779317362981,11.993449595486688],[-11.1665,12.0316],[-11.1422,12.0481],[-11.1412,12.0893],[-11.1395,12.0931],[-11.0961,12.1206],[-11.0735,12.1341],[-11.0732,12.1351],[-11.0696,12.145],[-11.046,12.2118],[-11.023835450616845,12.21491351806356],[-10.9741,12.2219],[-10.9286,12.2224],[-10.909319154299315,12.206628701494271],[-10.8951,12.2056],[-10.7911,12.1101],[-10.7731,11.9355],[-10.6589,11.8935],[-10.6425,11.9222],[-10.5765,11.985],[-10.572029853833074,11.986723429847489],[-10.568967687459477,11.990009549011626],[-10.5696,11.9915],[-10.5811,12.0191],[-10.5774,12.0205],[-10.5208,12.0417],[-10.5146,12.1137],[-10.4981,12.1205],[-10.4471,12.1197],[-10.44695804088483,12.119933624143822],[-10.4296,12.1485],[-10.406578694429605,12.157942142242403],[-10.3398,12.2208],[-10.2606025477707,12.20793041401274],[-10.115483715786564,12.184348603815316],[-10.092018257548231,12.178905770952047],[-10.092805582040913,12.173154879005493],[-10.0893,12.1758],[-10.068604061328534,12.134985683736273],[-10.056438558769395,12.129771121756194],[-9.9003,12.0799],[-9.7573,12.0343],[-9.753392123553981,12.033050225671202],[-9.712174893233398,12.026892413928973],[-9.6898,12.0686],[-9.6385,12.1644],[-9.637531272598995,12.165403324808185],[-9.6357,12.1697],[-9.4738,12.2536],[-9.3422,12.2437],[-9.2988,12.3561],[-9.300570073821692,12.357783021010789],[-9.401,12.4476],[-9.398398300376831,12.450800023309117],[-9.38046913214738,12.47285243694534],[-9.3623,12.4952],[-9.3338,12.4941],[-9.332274655511752,12.49401492780322],[-9.288319510502395,12.49156344174581],[-9.1545,12.4841],[-9.1035,12.4582],[-9.0448,12.4264],[-8.9621,12.3518],[-8.9329,12.3187],[-8.990615803452856,12.21683160690571],[-8.9906,12.2168],[-8.9929,12.2128],[-8.9873,12.2102],[-8.9462,12.1914],[-8.9059,12.173],[-8.9028,12.1687],[-8.913,12.0411],[-8.908536234204162,12.041002961613135],[-8.9084,12.041],[-8.908585594111461,12.03970084121977],[-8.8271,12.0403],[-8.827015410760943,12.040191040255266],[-8.827,12.0402],[-8.7733,11.971],[-8.8483,11.6484],[-8.7559,11.6086],[-8.754940372670807,11.608180745341615],[-8.7456,11.6041],[-8.7233,11.6223],[-8.6974,11.6332],[-8.6909,11.6202],[-8.6155,11.4716],[-8.60506513709387,11.468154219725703],[-8.603782417158534,11.467730642426183],[-8.5311,11.486],[-8.5017,11.4129],[-8.3504,11.3706],[-8.4078,11.3452],[-8.382438628801362,11.324006933374603],[-8.3824,11.324],[-8.3651,11.3209],[-8.3684,11.3123],[-8.368407018283758,11.312281508348011],[-8.372648443530943,11.301106274870644],[-8.3799,11.282],[-8.3824,11.2755],[-8.3863,11.276],[-8.4523,11.2851],[-8.473203413101391,11.28798666180924],[-8.4733,11.288],[-8.4792,11.2888],[-8.4864,11.2231],[-8.48640023201856,11.223097447795825],[-8.4865,11.222],[-8.5535,11.2075],[-8.553764388217003,11.20744216507753],[-8.568326466682112,11.176717513261886],[-8.571,11.1398],[-8.589155056291768,11.132771096883147],[-8.673041801617618,10.955777747461244],[-8.66460223470327,10.956643160678732],[-8.5133,10.991],[-8.4953,11.02745],[-8.4774,11.0639],[-8.4749,11.064],[-8.4729,11.0686],[-8.444,11.0647],[-8.443710381097338,11.064660200930739],[-8.3363,11.0499],[-8.335807665333407,11.049834611802092],[-8.3235,11.0482],[-8.312636378317272,11.032329665715666],[-8.312,11.0314],[-8.2871,10.9951],[-8.2765,10.8637],[-8.276479806821612,10.863462169232317],[-8.2756,10.8531],[-8.322779845415962,10.772334501915047],[-8.3228,10.7723],[-8.290118485503008,10.75211141917923],[-8.2901,10.7521],[-8.291535023041474,10.745323502304148],[-8.293688305135252,10.73500517365825],[-8.273445914507823,10.570872292019086],[-8.236012686567165,10.437557462686566],[-8.2313,10.4208],[-8.2292,10.4169],[-8.229103822663214,10.416725362204257],[-8.2254,10.41],[-8.1204,10.4221],[-8.0916,10.3581],[-8.0774,10.3552],[-8.075375345454544,10.354782545454546],[-7.9998,10.3392],[-7.9952,10.3383],[-7.9914125,10.3335],[-7.975,10.3127],[-7.970971050159684,10.307613808003005],[-7.9609,10.2949],[-7.9593730923694785,10.27963092369478],[-7.9591,10.2769],[-7.954007618381306,10.226475436912938],[-7.954,10.2264],[-7.9524,10.2099],[-7.9776837171508985,10.165504181695667],[-7.954528436464766,10.154767375567461],[-7.9436,10.1497],[-7.915236512435342,10.168336639977326],[-7.7978,10.2455],[-7.747502960947504,10.336409555057617],[-7.745336039998734,10.340326163728996],[-7.72576799376424,10.375694495742895],[-7.720639428919825,10.384964137790876],[-7.7173,10.391],[-7.627097081202445,10.456826418859922],[-7.6259,10.4577],[-7.5952,10.4286],[-7.579716581344379,10.42981850513165],[-7.533708388480422,10.433439231300047],[-7.453540645214539,10.43974822602111],[-7.441261538461538,10.390248076923074],[-7.4342,10.3363],[-7.434112071611884,10.336291472213997],[-7.4341,10.3362],[-7.4265,10.3355],[-7.358160610814125,10.32771828853066],[-7.3768,10.2432],[-7.3767779245104945,10.243200188760063],[-7.1429,10.2452],[-7.0792973128443615,10.174816642571905],[-7.05971460272364,10.153146223483091],[-7.0491,10.1414],[-7.034337371226657,10.148348760991611],[-7.015806143205859,10.157071399511798],[-6.9962,10.1663],[-6.9989350672019555,10.180690905917263],[-7.0134,10.2568],[-7.012879424404219,10.257438038807136],[-6.936935406436805,10.350518142880016],[-6.9354,10.3524],[-6.836927294941937,10.355114616266246],[-6.747845953695281,10.35757033897463],[-6.6999,10.3364],[-6.6629,10.3526],[-6.6452,10.3603],[-6.6274,10.4344],[-6.6304,10.4372],[-6.65444785151373,10.466728983994273],[-6.6791,10.497],[-6.663284829624539,10.568333870567853],[-6.649794750636212,10.629180483386929],[-6.6409,10.6693],[-6.625035060761645,10.657088804343811],[-6.615,10.6684],[-6.4281,10.5576],[-6.4141,10.6963],[-6.3203,10.68],[-6.2494,10.7346],[-6.248325219072512,10.734230305851183],[-6.2481,10.7344],[-6.247904046034885,10.734085434274412],[-6.2212,10.7249],[-6.212,10.7218],[-6.221623764764303,10.691897588053772],[-6.184,10.6315],[-6.248394562733693,10.526772548815954],[-6.2482,10.5267],[-6.2493,10.5253],[-6.1785,10.4909],[-6.17851017730968,10.490890561824543],[-6.1631,10.4834],[-6.1631,10.3604],[-6.189533261298875,10.338130359339242],[-6.1893,10.3285],[-6.212896776379277,10.318446935507055],[-6.2323,10.3021],[-6.217839907602809,10.27361017509839],[-6.2177,10.2734],[-6.1995,10.2376],[-6.198644293193718,10.235888586387436],[-6.0294,10.201212593984962],[-5.985892834065515,10.192318976888393],[-5.9552,10.2736],[-5.8792,10.2705],[-5.878806734816597,10.273600240529165],[-5.8683,10.3591],[-5.867922742832692,10.359402377335615],[-5.852687538913784,10.371613624113042],[-5.8023,10.412],[-5.7927,10.4197],[-5.7723,10.4271],[-5.73154534364335,10.42598584392694],[-5.6493,10.4629],[-5.6441026282668245,10.461400037017842],[-5.6441,10.4614],[-5.5231,10.4266],[-5.51065113269138,10.423014726215117],[-5.5106,10.423],[-5.5089,10.427],[-5.5079699808950515,10.425628493226554],[-5.4736,10.51],[-5.4558,10.5518],[-5.4559,10.5535],[-5.4545,10.5569],[-5.4667,10.7617],[-5.4026,10.8461],[-5.4041,10.8482],[-5.4911,10.9718],[-5.4902,11.0776],[-5.4883,11.0783],[-5.4325,11.0987],[-5.345,11.1307],[-5.3314,11.1357],[-5.2913,11.2242],[-5.2527,11.3094],[-5.1979,11.4305],[-5.198,11.4314],[-5.2153,11.5785],[-5.2909,11.6177],[-5.2637,11.7439],[-5.2595,11.7623],[-5.3928,11.8248],[-5.2623,11.8281],[-5.2535,11.8372],[-5.2094,11.8825],[-5.1139,11.9491],[-5.0764,11.9805],[-4.74,11.9987],[-4.7145,12.0382],[-4.7099,12.0393],[-4.6441,12.0544],[-4.6316,12.0573],[-4.6062,12.1372],[-4.5455,12.1407],[-4.5809,12.1955],[-4.5788,12.1972],[-4.5803,12.1995],[-4.4718,12.2827],[-4.471,12.2833],[-4.4737,12.3273],[-4.4739,12.3304],[-4.3984,12.31],[-4.4408,12.4059],[-4.4359,12.4141],[-4.4382,12.4201],[-4.3684,12.531],[-4.4837,12.6542],[-4.4809,12.719],[-4.4789,12.7189],[-4.2668,12.7034],[-4.249,12.7284],[-4.2335,12.7285],[-4.232,12.7523],[-4.2252,12.8651],[-4.2194,12.9596],[-4.3375,13.1375],[-4.3402,13.1415],[-4.2333,13.1801],[-4.259,13.2317],[-4.2582,13.2321],[-4.2593,13.234],[-4.1407,13.2915],[-4.1056,13.3655],[-4.094,13.39],[-4.091,13.3963],[-3.9841,13.4339],[-3.9648,13.5045],[-3.964,13.5038],[-3.8952,13.441],[-3.8972,13.4391],[-3.9018,13.4347],[-3.9533,13.3857],[-3.9502,13.3785],[-3.7976,13.3705],[-3.5483,13.1669],[-3.4412,13.1586],[-3.4404,13.1585],[-3.4371,13.2711],[-3.2332,13.2839],[-3.2335,13.2872],[-3.233,13.2872],[-3.2635,13.7022],[-3.1869,13.6763],[-3.1061,13.6857],[-3.0385,13.6103],[-3.0009,13.6558],[-2.9516,13.6206],[-2.9481,13.6219],[-2.8758,13.6493],[-2.8763,13.6521],[-2.9068,13.8185],[-2.8763,13.9229],[-2.8397,14.0485],[-2.811,14.0678],[-2.663,14.1467],[-2.5026,14.2751],[-2.4737,14.2946],[-2.104,14.1424],[-2.095,14.1467],[-2.0967,14.1481],[-2.0506,14.1681],[-2.0311,14.1775],[-2.0008,14.3336],[-1.9792,14.4999],[-1.7097,14.5601],[-1.3397,14.7394],[-1.2059,14.7604],[-1.1121,14.7752],[-1.0889,14.7933],[-1.0494,14.8044],[-0.7965,15.0216],[-0.7419,15.0642],[-0.7013,15.0798],[-0.445,15.0785],[-0.4392,15.0708],[-0.3966,15.0142],[-0.3849,14.9987],[-0.2474,15.0728],[-0.1807,15.0525],[0.0504,14.9725],[0.0643,14.9731],[0.2282,14.9808],[0.52,14.9944],[0.696,14.9402],[0.7075,14.9417],[0.9424,14.9719],[0.9472,14.9758],[1.3112,15.2737],[1.3115,15.2739],[1.7974,15.2986],[1.8099,15.2993],[2.6454,15.3418],[3.0086,15.3331],[3.0066,15.346],[3.013,15.39],[3.025,15.4322],[3.4932,15.3597],[3.5334,15.4833],[3.6745,15.633],[3.7044,15.6453],[3.7282,15.6551],[3.8619,15.7102],[3.8693,15.7146],[3.9073,15.7798],[3.9879,16.0599],[3.9956,16.0783],[4.0993,16.3254],[4.1998,16.3934],[4.2056,16.6088],[4.0707,16.6014],[4.0705,16.6094],[4.0707,16.9104],[4.2156,16.9854],[4.2429,18.0056],[4.2425,19.1404],[3.3566,18.965],[3.1203,19.1296],[3.2979,19.3764],[3.23,19.5822],[3.2528,19.8328],[2.9717,19.9663],[2.7311,20.0107],[2.6833,20.115],[2.5869,20.0458],[2.4644,20.1134],[2.3688,20.0429],[2.3922,20.1475],[2.2665,20.3138],[2.1837,20.3313],[2.1104,20.2523],[2.0311,20.2844],[1.9259,20.2212],[1.8864,20.2937],[1.8,20.2951],[1.7146,20.372],[1.6715,20.4049],[1.6688,20.5284],[1.5937,20.5974],[1.3843,20.6551],[1.3151,20.7395],[1.1704,20.7303],[1.1795,21.1141],[-0.0143,21.9068],[-4.8334,24.9995],[-4.859146875853488,24.999446687706733],[-6.572,24.9959],[-6.4964,24.3288],[-6.3609,23.1333],[-5.621996071305227,16.614270003895836],[-5.6085,16.4952],[-5.51516622625929,16.43872568125516],[-5.3368,16.3308],[-5.3667,16.1789],[-5.472965607580825,15.699963377926421],[-5.5172,15.5006],[-5.5174,15.4999],[-6.3086,15.4962],[-9.1361,15.4972],[-9.3293,15.4968],[-9.3289,15.5001],[-9.3087,15.6893],[-9.3308,15.6988],[-9.3311,15.6985],[-9.376447877758913,15.659548387096773],[-9.4457,15.6],[-9.403,15.4394],[-9.424804355142518,15.433903860893826],[-9.4272,15.4333],[-9.9443,15.4202],[-9.9562,15.4204],[-10.00424759032717,15.428885541963016],[-10.257203063640718,15.473559255440856],[-10.258023886883272,15.473688056558363],[-10.288133333333333,15.458633333333333],[-10.3482,15.4286],[-10.349623226150925,15.428538548093655],[-10.4061,15.4261],[-10.5855,15.4284],[-10.6084,15.4179],[-10.6645,15.4229],[-10.720703279976536,15.43858925483444],[-10.721093507120203,15.438599824140288],[-10.720767676767677,15.433572727272727],[-10.7164,15.3675],[-10.723,15.3623],[-10.8249,15.2824],[-10.8272,15.2767],[-10.827321360255047,15.276639319872476],[-10.8274,15.2766],[-10.8984,15.1086],[-10.903495608531996,15.111379422835633],[-10.9039,15.1116],[-10.991000601605627,15.223752054063334],[-10.99780812544415,15.232517524881002],[-11.0016,15.2374],[-11.0735,15.2885],[-11.0736,15.2903],[-11.3098,15.4946],[-11.4089,15.6312],[-11.409632712936547,15.631235944408207],[-11.47777870416876,15.634578955298846],[-11.514311336423711,15.635602278331197],[-11.4935,15.6074],[-11.5382,15.5758],[-11.538411190817795,15.575715319623782],[-11.621,15.5426],[-11.6669,15.5405]],[[-5.515173346303501,15.5006],[-5.5152,15.5006],[-5.510726530612245,15.501997959183674],[-5.4992,15.5056],[-5.5002,15.5006],[-5.515173346303501,15.5006]]],[[[-3.4425,13.1541],[-3.4413,13.154],[-3.4412,13.1568],[-3.4425,13.1541]]]]},"properties":{"iso3":"MLI"}},
{"type":"Feature","geometry":{"type":"MultiPolygon","coordinates":[[[[40.5349,-13.479],[40.5859,-13.3636],[40.56,-13.2035],[40.5603,-13.0511],[40.5858,-12.9665],[40.5054,-12.951],[40.4911,-13.0527],[40.4393,-13.0152],[40.4116,-12.9067],[40.491,-12.879],[40.5117,-12.9298],[40.5486,-12.7695],[40.5822,-12.8161],[40.6277,-12.7733],[40.6047,-12.7086],[40.5806,-12.753],[40.5664,-12.7174],[40.5691,-12.6574],[40.6169,-12.6453],[40.5638,-12.6312],[40.5697,-12.5311],[40.4811,-12.5465],[40.4819,-12.4673],[40.5684,-12.3994],[40.5732,-12.4076],[40.6025,-12.3932],[40.6211,-12.3357],[40.5463,-12.3611],[40.567,-12.3969],[40.4758,-12.3935],[40.5153,-12.326],[40.4587,-12.2418],[40.5055,-12.2442],[40.5004,-12.0464],[40.5535,-11.9992],[40.4954,-11.9563],[40.5177,-11.8524],[40.4171,-11.6809],[40.4617,-11.6157],[40.4355,-11.5359],[40.4762,-11.4082],[40.4291,-11.4166],[40.3241,-11.2987],[40.3796,-11.3322],[40.4342,-11.2314],[40.5098,-11.1971],[40.4914,-11.1494],[40.5656,-11.043],[40.4818,-11.0006],[40.4963,-10.9426],[40.6087,-10.8493],[40.4808,-10.7982],[40.4983,-10.7261],[40.6405,-10.6912],[40.5747,-10.6592],[40.5827,-10.6004],[40.4836,-10.5909],[40.4767,-10.5566],[40.5494,-10.5391],[40.5289,-10.4855],[40.4785,-10.5132],[40.5001,-10.4891],[40.4501,-10.4737],[39.9982,-10.8131],[39.502,-11.0122],[39.2477,-11.1797],[38.8816,-11.1745],[38.753,-11.2727],[38.6849,-11.2819],[38.6423,-11.2876],[38.582,-11.3395],[38.4868,-11.4216],[38.4692,-11.411],[38.3245,-11.3235],[38.2639,-11.2819],[38.1131,-11.2563],[37.9281,-11.2554],[37.8302,-11.3066],[37.7471,-11.5469],[37.7237,-11.5574],[37.5826,-11.6208],[37.5124,-11.6134],[37.5014,-11.6163],[37.4147,-11.6863],[37.021,-11.5862],[36.9261,-11.608],[36.8046,-11.5693],[36.801,-11.5734],[36.767,-11.6447],[36.7061,-11.6825],[36.6685,-11.7058],[36.6278,-11.731],[36.5738,-11.6998],[36.5192,-11.7616],[36.5184,-11.7592],[36.5158,-11.7623],[36.4914,-11.6822],[36.289,-11.7212],[36.2415,-11.7025],[36.2244,-11.7042],[36.2111,-11.6905],[36.1917,-11.6705],[36.1816,-11.6601],[36.182,-11.5488],[36.1551,-11.5709],[36.1527,-11.5672],[36.1525,-11.5674],[36.1467,-11.5578],[36.1176,-11.5096],[36.0651,-11.5379],[35.9927,-11.4686],[35.9445,-11.4224],[35.9435,-11.4215],[35.8666,-11.4098],[35.8665,-11.4098],[35.8584,-11.4138],[35.7778,-11.4541],[35.7386,-11.4736],[35.6143,-11.5635],[35.612,-11.5652],[35.4873,-11.568],[35.4166,-11.5705],[34.9575,-11.5744],[34.6362,-11.5996],[34.6343,-11.7758],[34.3521,-12.1856],[34.3678,-12.3429],[34.5223,-12.7541],[34.5283,-13.3543],[34.6045,-13.4841],[34.8705,-13.4818],[35.1619,-13.7945],[35.38038496784566,-14.052647493230666],[35.38642859368913,-14.05941564731853],[35.4858,-14.1707],[35.49699516042543,-14.199496107832244],[35.8722,-14.6735],[35.8731,-14.8954],[35.9183,-14.8964],[35.876373508740315,-14.986514092629303],[35.8762,-14.9869],[35.87619426775108,-14.986899341635873],[35.7904,-15.1713],[35.84469640744551,-15.412201301999616],[35.8447,-15.4122],[35.8513,-15.4415],[35.8511,-15.4443],[35.85108655182564,-15.444283142429322],[35.8205,-15.8431],[35.8122,-16.0358],[35.80860337814841,-16.037448400272286],[35.8006,-16.0426],[35.7066,-16.1035],[35.64798389232423,-16.111063368732356],[35.5207,-16.1694],[35.51960404200067,-16.167895054758947],[35.5196,-16.1679],[35.51384,-16.15998],[35.51289106628242,-16.158676945244956],[35.4864,-16.1224],[35.417,-16.1245],[35.40568948879954,-16.12479764503159],[35.36566840390879,-16.16381009771987],[35.3146,-16.2137],[35.2998,-16.2282],[35.295104319640245,-16.232795772266993],[35.29754667482089,-16.343486798132847],[35.2988,-16.3446],[35.3011,-16.3468],[35.3014,-16.347],[35.3007,-16.348],[35.2995,-16.3497],[35.29773867538933,-16.35218853818098],[35.2979,-16.3595],[35.2579,-16.4814],[35.14647175118787,-16.560567494715542],[35.147835593635996,-16.564068023665733],[35.2889,-16.7125],[35.3142,-16.8332],[35.269224381498745,-16.92626493366798],[35.264,-16.9373],[35.262265008208104,-16.940866372016668],[35.29093427230047,-16.970137089201877],[35.305,-16.9844],[35.30501226993865,-16.984510429447848],[35.30507211155379,-16.985049003984066],[35.3051,-16.9853],[35.2964,-17.1248],[35.29639193191594,-17.124799896153373],[35.2961,-17.1295],[35.0925,-17.1277],[35.0541,-17.0098],[35.166589360539916,-16.939706629565794],[35.155236621043535,-16.840076553640696],[35.055130930701324,-16.830295099742823],[35.0441,-16.8296],[35.04375721365019,-16.829183759432368],[35.0427,-16.8279],[35.0275,-16.8097],[35.02446259931529,-16.806061074865966],[34.98310338749727,-16.756511117178107],[34.98205313614029,-16.755252874866105],[34.9194,-16.7473],[34.87023674133325,-16.679774205272466],[34.8585,-16.6752],[34.8577,-16.6749],[34.852222641472025,-16.655031817513432],[34.81002022176675,-16.597066743445815],[34.7769,-16.5856],[34.7571,-16.5306],[34.75267121104312,-16.51829780845311],[34.7526,-16.5182],[34.75235686792675,-16.518044529867733],[34.6851,-16.5027],[34.6851,-16.5025],[34.6817,-16.4831],[34.67972281030317,-16.471598882467728],[34.5934,-16.4164],[34.5688,-16.3152],[34.4263,-16.2585],[34.41863122608148,-16.225373177348253],[34.402,-16.1723],[34.40380323114899,-16.16132064905252],[34.411619959524415,-16.113726859347324],[34.4144,-16.0968],[34.4218965032239,-16.05134651842727],[34.37850819706944,-16.008146857082185],[34.3739,-16.0047],[34.2579,-15.8987],[34.25921896599803,-15.889376274841513],[34.26610752375246,-15.840681297611928],[34.2724,-15.7962],[34.289386584144,-15.786454780464577],[34.36420404166868,-15.743531933676826],[34.36639765529162,-15.742273455447755],[34.4598,-15.6131],[34.4392,-15.5399],[34.44043215124579,-15.46205703306046],[34.4409,-15.4325],[34.4421,-15.4266],[34.47994809801779,-15.418886197165898],[34.521062996546505,-15.372926712713292],[34.5224,-15.3551],[34.5349,-15.3432],[34.5916,-15.2889],[34.60138485813717,-15.279551965886808],[34.60022909518418,-15.261566001915876],[34.5991,-15.2542],[34.5925,-15.212],[34.5757,-15.1035],[34.5738,-15.0791],[34.623478272068816,-15.00333313837392],[34.62342208004875,-15.003160223161583],[34.5682,-14.9041],[34.5655,-14.8993],[34.57501551030596,-14.85420255487973],[34.5214965345396,-14.689512888139236],[34.5205,-14.6876],[34.5201,-14.6868],[34.52033490832549,-14.685938308630934],[34.5199,-14.6846],[34.53749693067693,-14.595180814223204],[34.508639761160936,-14.555125340118916],[34.37789251533289,-14.396543080394885],[34.28947612971011,-14.415413511394535],[34.0865,-14.4903],[33.92778838090918,-14.475285493957166],[33.9276,-14.4754],[33.9142,-14.4741],[33.7988,-14.5525],[33.748293456275796,-14.517894871332192],[33.73163588500012,-14.506481748303306],[33.71967985210344,-14.533121877158404],[33.7177,-14.574],[33.7174,-14.5743],[33.6906039264623,-14.59790811623579],[33.6863,-14.6017],[33.676152875429885,-14.609431142529614],[33.6695,-14.6145],[33.66426401804414,-14.60498974705977],[33.6401,-14.5611],[33.6018,-14.4912],[33.5985,-14.4852],[33.4743978041253,-14.401269037006836],[33.474,-14.401],[33.47344186892112,-14.399878289708072],[33.34525729480657,-14.213388296021828],[33.3407,-14.2131],[33.29962443470777,-14.147537078475862],[33.2991,-14.1467],[33.30340386476281,-14.134150413028086],[33.31803700532006,-14.078816351467301],[33.31735649985588,-14.077301263830082],[33.2449,-14.0001],[33.2231,-14.0079],[33.22204945480432,-14.007520636457112],[33.2195,-14.0066],[33.17211725918063,-14.023735946335092],[32.4508,-14.2846],[32.3091,-14.3107],[32.172312914359885,-14.35451521815071],[32.1324,-14.3673],[32.092691574606874,-14.37745636977434],[31.591837944083032,-14.560820155364326],[31.5055,-14.6092],[31.36598305604315,-14.644461460936244],[30.7846,-14.7914],[30.5311,-14.8853],[30.530831926149816,-14.885395789229284],[30.2157,-14.998],[30.218414678651687,-15.009925195505618],[30.2185,-15.0103],[30.2578,-15.2212],[30.2693,-15.2331],[30.269307884301377,-15.233135479356195],[30.2707,-15.2394],[30.3765,-15.3543],[30.39979505533859,-15.477673812394077],[30.3998,-15.4777],[30.398278548559233,-15.48052006403415],[30.36048901758784,-15.551445242852372],[30.4188,-15.6211],[30.418723093263893,-15.621140539984925],[30.4197,-15.6223],[30.4211,-16.0004],[30.9175,-16.0011],[30.9928,-16.0614],[31.1457,-15.9883],[31.2805,-16.0063],[31.4262,-16.16],[31.736,-16.2087],[31.9496,-16.4183],[32.2771,-16.4328],[32.7125,-16.6062],[32.7034,-16.6778],[32.7592,-16.7053],[32.99,-16.6999],[32.9119,-16.8958],[32.8312,-16.923],[33.0529,-17.3439],[32.9657,-17.482],[32.9831,-17.5579],[33.0542,-17.6051],[33.0183,-17.8042],[32.9607,-17.816],[32.9838,-17.9191],[32.9368,-18.0322],[33.0681,-18.3494],[33.0228,-18.471],[32.8751,-18.5203],[32.9608,-18.6885],[32.9371,-18.7686],[32.7021,-18.8399],[32.7428,-18.9281],[32.6979,-18.9391],[32.717,-19.0253],[32.8435,-19.0104],[32.8652,-19.1741],[32.7764,-19.4586],[32.8477,-19.482],[32.8353,-19.6748],[32.9752,-19.6535],[32.9556,-19.7197],[33.0638,-19.778],[33.0291,-20.0352],[32.9166,-20.0462],[32.9384,-20.1022],[32.8729,-20.1039],[32.8735,-20.2765],[32.6671,-20.5556],[32.5001,-20.607],[32.5216,-20.9119],[32.3636,-21.1413],[32.4925,-21.3339],[32.4144,-21.3165],[31.8761,-21.8731],[31.3058,-22.4182],[31.5586,-23.2258],[31.5611,-23.4821],[31.6892,-23.6244],[31.7678,-23.885],[31.8801,-23.953],[31.9521,-24.2513],[32.0095,-24.4569],[32.0054,-24.7893],[32.0336,-25.1309],[31.978,-25.4728],[31.9971,-25.6747],[31.9309,-25.8402],[32.0024,-25.9981],[32.0862,-26.0082],[32.106,-26.464],[32.1625,-26.8584],[32.8591,-26.8631],[32.8968,-26.8451],[32.9015,-26.7289],[32.9628,-26.082],[32.87,-26.198],[32.8666,-26.2588],[32.8867,-26.2832],[32.8335,-26.2888],[32.6817,-26.1844],[32.608,-26.0349],[32.5393,-25.9753],[32.4951,-26.0087],[32.4795,-26.0072],[32.473,-25.992],[32.5011,-25.9604],[32.5944,-25.9828],[32.6924,-25.8789],[32.6971,-25.8533],[32.7321,-25.8084],[32.7523,-25.8733],[32.7867,-25.6511],[32.9752,-25.4761],[33.1335,-25.3816],[33.3536,-25.2709],[33.716,-25.1237],[33.7549,-25.1112],[33.9715,-25.0378],[34.1081,-24.9912],[34.473,-24.8626],[34.6378,-24.8059],[35.1061,-24.6112],[35.3872,-24.2793],[35.4997,-24.1097],[35.5219,-23.9417],[35.5396,-23.7935],[35.4812,-23.7792],[35.4796,-23.8817],[35.3903,-23.8373],[35.3762,-23.9444],[35.3763,-23.9449],[35.3298,-24.0036],[35.3784,-23.6971],[35.3326,-23.7153],[35.3904,-23.6642],[35.3966,-23.6706],[35.4011,-23.732],[35.395,-23.7337],[35.409,-23.7311],[35.4318,-23.4823],[35.4873,-23.1735],[35.5743,-23.0017],[35.6043,-22.9253],[35.5471,-22.8842],[35.5498,-22.8988],[35.5789,-22.9366],[35.546,-22.9248],[35.5057,-22.6192],[35.5211,-22.5151],[35.5435,-22.1227],[35.522,-22.2258],[35.4634,-22.0962],[35.4197,-22.1996],[35.3367,-22.2235],[35.2853,-21.8002],[35.2765,-21.6422],[35.1144,-21.3437],[35.116,-21.2549],[35.0783,-21.317],[35.0451,-21.2257],[35.0936,-21.2472],[35.1042,-21.211],[35.0081,-21.1136],[35.0144,-21.0694],[35.0866,-21.0871],[35.0741,-21.0268],[35.1312,-20.9574],[35.0578,-20.9707],[35.1298,-20.945],[35.111,-20.907],[35.0464,-20.9379],[35.0554,-20.9711],[35.0505,-20.972],[35.03,-20.818],[35.009,-20.8507],[35.0032,-20.7998],[34.9657,-20.8119],[35.0256,-20.7904],[34.961,-20.7578],[35.0068,-20.7526],[34.9949,-20.7126],[34.8949,-20.6949],[34.8732,-20.7532],[34.9034,-20.651],[34.8556,-20.7083],[34.7956,-20.6896],[34.8491,-20.6329],[34.7396,-20.5126],[34.6839,-20.5216],[34.6855,-20.6093],[34.6624,-20.5595],[34.6636,-20.5154],[34.7181,-20.4731],[34.6442,-20.4046],[34.6616,-20.3887],[34.6658,-20.4025],[34.7059,-20.3754],[34.6528,-20.3264],[34.7111,-20.3027],[34.7422,-20.217],[34.6881,-20.1824],[34.7076,-20.1858],[34.707,-20.1806],[34.697,-20.173],[34.6868,-20.1815],[34.6794,-20.1768],[34.7796,-20.148],[34.7522,-20.0108],[34.7754,-19.8379],[34.6635,-19.7297],[34.6644,-19.728],[34.6643,-19.7285],[34.6793,-19.7389],[34.6766,-19.7286],[34.6822,-19.722],[34.6813,-19.7136],[34.6792,-19.7099],[34.6762,-19.7272],[34.673,-19.7153],[34.6713,-19.7152],[34.6813,-19.6968],[34.6996,-19.7099],[34.8855,-19.8525],[35.14,-19.6713],[35.3214,-19.5297],[35.6825,-19.1082],[35.9086,-18.9709],[35.892,-18.9441],[35.9507,-18.9551],[36.0263,-18.8574],[36.027,-18.8668],[36.0153,-18.9091],[35.9832,-18.9355],[36.1102,-18.9155],[36.1591,-18.7947],[36.146,-18.9028],[36.2788,-18.8825],[36.2372,-18.7809],[36.3067,-18.8668],[36.3562,-18.8229],[36.3289,-18.8091],[36.3422,-18.8089],[36.3296,-18.8063],[36.3105,-18.7989],[36.3173,-18.8032],[36.2632,-18.7758],[36.385,-18.7876],[36.3802,-18.6845],[36.4732,-18.5993],[36.413,-18.5755],[36.4247,-18.5406],[36.4943,-18.568],[36.8286,-18.2174],[36.7493,-18.2504],[36.7131,-18.1715],[36.7545,-18.2473],[36.855,-18.1706],[36.9665,-18.045],[36.9237,-18.0262],[36.9459,-17.9952],[36.9157,-17.9763],[36.909,-18.0055],[36.9204,-18.0247],[36.9069,-18.0188],[36.8849,-17.8936],[36.8119,-17.9104],[36.8487,-17.8913],[36.8537,-17.8912],[36.8508,-17.895],[36.8647,-17.8934],[36.868,-17.8908],[36.9022,-17.89],[36.92,-17.954],[36.9869,-18.0188],[37.1937,-17.7698],[37.1689,-17.702],[37.2161,-17.7616],[37.3586,-17.6499],[37.7582,-17.4478],[37.7006,-17.4783],[38.0474,-17.3306],[37.9999,-17.2832],[38.0551,-17.3263],[38.111,-17.3014],[38.0547,-17.2722],[38.1165,-17.2636],[38.0717,-17.2],[38.0792,-17.2029],[38.0789,-17.2039],[38.0851,-17.2178],[38.0917,-17.2114],[38.0828,-17.2044],[38.1107,-17.2155],[38.1231,-17.1665],[38.1471,-17.2981],[38.5016,-17.1418],[38.4476,-17.1485],[38.5062,-17.0985],[38.5607,-17.1275],[38.5758,-17.0698],[38.586,-17.1152],[38.6797,-17.089],[38.6456,-17.0929],[38.6789,-17.0231],[38.6868,-17.0336],[38.6706,-17.0438],[38.7103,-17.0836],[39.0708,-17.0138],[39.1251,-16.9359],[39.0823,-16.9454],[39.0837,-16.9387],[39.072,-16.9375],[39.1336,-16.9061],[39.1292,-16.8586],[39.1433,-16.9028],[39.2736,-16.7876],[39.2138,-16.7697],[39.2378,-16.6991],[39.3013,-16.7802],[39.5276,-16.6521],[39.7933,-16.4719],[39.8656,-16.4369],[39.8034,-16.4183],[39.7737,-16.3236],[39.8101,-16.2887],[39.7551,-16.259],[39.8549,-16.2653],[39.8964,-16.1748],[39.904,-16.2467],[39.9782,-16.232],[40.1036,-16.0781],[40.1379,-15.9732],[40.0653,-16.0168],[40.1436,-15.9226],[40.1242,-15.9548],[40.1621,-15.9425],[40.3259,-15.768],[40.3268,-15.7672],[40.5787,-15.4468],[40.6797,-15.2627],[40.6651,-15.188],[40.619,-15.1463],[40.5663,-15.2026],[40.4994,-15.1814],[40.5273,-15.1283],[40.5955,-15.1245],[40.7131,-15.0831],[40.6579,-14.9911],[40.6193,-14.9969],[40.6391,-14.9595],[40.7768,-15.0005],[40.7395,-14.9367],[40.6512,-14.9198],[40.6389,-14.8443],[40.6505,-14.8407],[40.6545,-14.9085],[40.8332,-14.8382],[40.8344,-14.801],[40.8361,-14.8],[40.8365,-14.7949],[40.8346,-14.7946],[40.8381,-14.6837],[40.7995,-14.6288],[40.84,-14.5432],[40.7614,-14.5516],[40.8266,-14.5193],[40.8057,-14.4106],[40.6749,-14.4601],[40.6712,-14.5593],[40.6169,-14.6081],[40.6609,-14.4811],[40.6245,-14.4647],[40.6695,-14.4699],[40.6346,-14.3565],[40.6249,-14.3269],[40.6785,-14.3842],[40.7399,-14.2757],[40.6991,-14.1876],[40.6223,-14.2174],[40.6117,-14.2872],[40.596,-14.2757],[40.5862,-14.2066],[40.5463,-14.231],[40.5247,-14.1712],[40.6112,-14.1426],[40.589,-14.0935],[40.6392,-14.0258],[40.5771,-13.9986],[40.6236,-13.9853],[40.618,-13.9314],[40.5372,-13.6377],[40.6014,-13.5564],[40.4818,-13.5239],[40.5349,-13.479]]],[[[40.6039,-12.4979],[40.6071,-12.4937],[40.6045,-12.4911],[40.6012,-12.4901],[40.6039,-12.4979]]],[[[40.6303,-12.4868],[40.6345,-12.487],[40.636,-12.4753],[40.6323,-12.473],[40.6303,-12.4868]]],[[[40.5966,-12.4045],[40.5976,-12.4553],[40.6111,-12.4627],[40.6176,-12.4209],[40.5966,-12.4045]]],[[[40.5604,-12.1952],[40.5908,-12.2529],[40.6176,-12.2318],[40.5934,-12.1838],[40.5604,-12.1952]]],[[[40.4926,-12.3826],[40.4952,-12.378],[40.4944,-12.378],[40.494,-12.3781],[40.4926,-12.3826]]],[[[40.4977,-12.3717],[40.4971,-12.3645],[40.494,-12.3663],[40.4924,-12.3731],[40.4977,-12.3717]]],[[[40.5452,-12.0474],[40.5481,-12.044],[40.5447,-12.0426],[40.5423,-12.0461],[40.5452,-12.0474]]],[[[40.5396,-12.0194],[40.5407,-12.0182],[40.5355,-12.0166],[40.5367,-12.0185],[40.5396,-12.0194]]],[[[40.5697,-11.974],[40.5799,-12.0025],[40.595,-11.9843],[40.5882,-11.9753],[40.5697,-11.974]]],[[[40.5674,-11.825],[40.5688,-11.8242],[40.5665,-11.8227],[40.5653,-11.8238],[40.5674,-11.825]]],[[[40.6103,-11.8155],[40.5975,-11.8173],[40.6035,-11.8186],[40.6079,-11.8176],[40.6103,-11.8155]]],[[[40.4908,-13.0408],[40.4913,-13.0368],[40.4861,-13.0362],[40.4883,-13.0437],[40.4908,-13.0408]]],[[[40.5208,-11.4195],[40.5266,-11.4256],[40.5327,-11.4269],[40.5311,-11.4221],[40.5208,-11.4195]]],[[[40.6245,-11.3695],[40.6265,-11.372],[40.6477,-11.3703],[40.654,-11.3676],[40.6245,-11.3695]]],[[[40.5378,-11.3621],[40.5252,-11.3559],[40.5256,-11.3571],[40.5315,-11.3617],[40.5378,-11.3621]]],[[[40.5783,-11.311],[40.5777,-11.3115],[40.5838,-11.3141],[40.5841,-11.3112],[40.5783,-11.311]]],[[[40.6166,-11.1897],[40.5845,-11.176],[40.6159,-11.1968],[40.6379,-11.1919],[40.6166,-11.1897]]],[[[40.676,-11.1465],[40.6533,-11.1858],[40.6985,-11.1647],[40.6948,-11.1474],[40.676,-11.1465]]],[[[40.6435,-11.0432],[40.7034,-11.0247],[40.7156,-11.0144],[40.7154,-11.0024],[40.5998,-11.0253],[40.6435,-11.0432]]],[[[40.6219,-10.9091],[40.6259,-10.9249],[40.6306,-10.9193],[40.6299,-10.9137],[40.6219,-10.9091]]],[[[40.6528,-10.8234],[40.6447,-10.8805],[40.6841,-10.8546],[40.6661,-10.8351],[40.6528,-10.8234]]],[[[40.6308,-10.7733],[40.6535,-10.8026],[40.6619,-10.7777],[40.6528,-10.7702],[40.6308,-10.7733]]],[[[40.5012,-10.5727],[40.4879,-10.5846],[40.5209,-10.5764],[40.5147,-10.5704],[40.5012,-10.5727]]],[[[40.5191,-10.5653],[40.5028,-10.5563],[40.4981,-10.57],[40.5252,-10.5689],[40.5191,-10.5653]]],[[[40.6109,-12.6877],[40.6149,-12.6838],[40.6149,-12.681],[40.6082,-12.6791],[40.6109,-12.6877]]],[[[40.5997,-12.6002],[40.6205,-12.6112],[40.6259,-12.602],[40.6179,-12.595],[40.5997,-12.6002]]],[[[40.6121,-12.5432],[40.6044,-12.5302],[40.5806,-12.5489],[40.6025,-12.5624],[40.6121,-12.5432]]],[[[40.5331,-12.379],[40.5295,-12.3808],[40.5309,-12.3829],[40.5364,-12.3814],[40.5331,-12.379]]],[[[40.5016,-12.3778],[40.5027,-12.3744],[40.4965,-12.3811],[40.4995,-12.3798],[40.5016,-12.3778]]],[[[35.1215,-21.179],[35.127,-21.1979],[35.1281,-21.1776],[35.1202,-21.1635],[35.1215,-21.179]]],[[[35.4937,-21.5348],[35.482,-21.5142],[35.4586,-21.5075],[35.4248,-21.7271],[35.455,-21.7958],[35.4975,-21.6432],[35.4937,-21.5348]]],[[[35.3342,-21.6119],[35.34,-21.6181],[35.3407,-21.6273],[35.3425,-21.6171],[35.3342,-21.6119]]],[[[35.5241,-22.1717],[35.5196,-22.174],[35.5187,-22.1822],[35.5252,-22.1816],[35.5241,-22.1717]]],[[[35.5308,-22.1608],[35.5313,-22.1418],[35.5332,-22.1365],[35.5199,-22.1395],[35.5308,-22.1608]]],[[[35.4212,-21.9698],[35.4199,-21.9813],[35.4358,-21.9805],[35.4329,-21.9611],[35.4212,-21.9698]]],[[[35.4116,-21.8648],[35.4445,-21.9143],[35.4503,-21.9016],[35.4683,-21.8141],[35.4116,-21.8648]]],[[[32.7084,-25.8402],[32.7178,-25.8589],[32.7277,-25.832],[32.7242,-25.8193],[32.7084,-25.8402]]],[[[32.9406,-26.0335],[32.957,-26.0782],[32.9945,-25.9728],[32.9156,-26.002],[32.9054,-26.069],[32.9142,-26.023],[32.9406,-26.0335]]],[[[32.9036,-25.9741],[32.9145,-25.9825],[32.922,-25.9691],[32.9068,-25.9697],[32.9036,-25.9741]]],[[[32.7029,-25.8981],[32.6985,-25.8855],[32.6776,-25.9271],[32.6892,-25.9325],[32.7029,-25.8981]]],[[[39.8551,-16.312],[39.8818,-16.2903],[39.7986,-16.3441],[39.8564,-16.4259],[39.9107,-16.4113],[39.9522,-16.3077],[39.9122,-16.3541],[39.9108,-16.278],[39.8544,-16.3221],[39.8551,-16.312]]],[[[39.8039,-16.3085],[39.7863,-16.3154],[39.7931,-16.349],[39.8038,-16.3257],[39.8039,-16.3085]]],[[[40.771,-15.0913],[40.7762,-15.0844],[40.7768,-15.0805],[40.7664,-15.0788],[40.771,-15.0913]]],[[[40.7815,-15.0582],[40.7862,-15.0583],[40.7895,-15.0531],[40.7826,-15.0501],[40.7815,-15.0582]]],[[[40.7262,-15.0478],[40.7325,-15.0451],[40.7434,-15.0328],[40.7345,-15.0319],[40.7262,-15.0478]]],[[[40.8165,-14.8769],[40.8248,-14.8698],[40.829,-14.86],[40.8117,-14.8507],[40.8165,-14.8769]]],[[[36.2244,-11.7042],[36.2242,-11.7025],[36.2241,-11.7026],[36.2244,-11.7042]]],[[[34.6599,-20.3951],[34.6616,-20.3941],[34.662,-20.3904],[34.6601,-20.3925],[34.6599,-20.3951]]],[[[34.6753,-20.3402],[34.6761,-20.3423],[34.6775,-20.341],[34.6757,-20.3394],[34.6753,-20.3402]]],[[[34.7663,-19.7689],[34.7562,-19.7631],[34.7558,-19.7692],[34.7699,-19.7861],[34.7663,-19.7689]]],[[[34.6977,-19.7571],[34.7004,-19.7554],[34.6788,-19.7405],[34.6889,-19.7531],[34.6977,-19.7571]]],[[[34.7519,-19.7517],[34.7261,-19.7349],[34.7118,-19.7399],[34.7519,-19.7517]]],[[[34.7901,-19.7816],[34.7753,-19.769],[34.7878,-19.7843],[34.7901,-19.7816]]],[[[34.9483,-20.6808],[34.9445,-20.677],[34.9322,-20.6841],[34.9466,-20.6824],[34.9483,-20.6808]]],[[[34.9109,-20.6759],[34.9659,-20.6685],[34.9299,-20.6296],[34.9133,-20.63],[34.9109,-20.6759]]],[[[34.6725,-20.5593],[34.6765,-20.5405],[34.6694,-20.551],[34.6692,-20.559],[34.6725,-20.5593]]],[[[36.7861,-18.2264],[36.7797,-18.2337],[36.7886,-18.2322],[36.7993,-18.2235],[36.7861,-18.2264]]],[[[36.9092,-17.9732],[36.9163,-17.9735],[36.9175,-17.9717],[36.9072,-17.9675],[36.9092,-17.9732]]],[[[36.9131,-17.9654],[36.9057,-17.9365],[36.901,-17.9522],[36.9102,-17.9645],[36.9131,-17.9654]]],[[[36.899,-17.8942],[36.888,-17.9008],[36.9023,-17.9309],[36.907,-17.9116],[36.899,-17.8942]]],[[[37.4309,-17.6159],[37.4342,-17.6199],[37.4381,-17.619],[37.4447,-17.6163],[37.4309,-17.6159]]]]},"properties":{"iso3":"MOZ"}},
{"type":"Feature","geometry":{"type":"Polygon","coordinates":[[[5.7103,19.4229],[4.2429,19.1368],[4.248,18.6836],[4.2502,18.6757],[4.2494,17.0029],[4.2156,16.9854],[4.0707,16.9104],[4.0705,16.6094],[4.0707,16.6014],[4.2056,16.6088],[4.1998,16.3934],[4.0993,16.3254],[3.9956,16.0783],[4.0085,15.9535],[3.9073,15.7798],[3.8693,15.7146],[3.8619,15.7102],[3.7282,15.6551],[3.7044,15.6453],[3.6745,15.633],[3.5334,15.4833],[3.4932,15.3597],[3.025,15.4322],[3.013,15.39],[3.0066,15.346],[3.0086,15.3331],[2.6454,15.3418],[1.8099,15.2993],[1.7974,15.2986],[1.3115,15.2739],[1.3112,15.2737],[0.9472,14.9758],[0.9424,14.9719],[0.7075,14.9417],[0.696,14.9402],[0.52,14.9944],[0.2282,14.9808],[0.2203,14.9206],[0.2434,14.9128],[0.2156,14.8849],[0.2046,14.8013],[0.236,14.7514],[0.1859,14.6589],[0.1764,14.5869],[0.1865,14.4989],[0.2889,14.364],[0.3402,14.3576],[0.3913,14.2658],[0.36,14.1335],[0.3628,14.1272],[0.456,13.9495],[0.4765,13.9104],[0.5061,13.885],[0.5347,13.8481],[0.6191,13.7801],[0.6052,13.7098],[0.6393,13.7064],[0.7725,13.693],[0.7735,13.6874],[0.7815,13.6427],[0.7927,13.6403],[0.8621,13.6253],[0.9072,13.6187],[0.9618,13.5854],[0.9942,13.5764],[0.9964,13.5642],[1.006,13.5584],[1.0277,13.4808],[1.2082,13.3922],[1.2798,13.3571],[1.2834,13.3553],[1.2851,13.3545],[1.2834,13.3551],[1.2804,13.3561],[1.283,13.3522],[1.204,13.368],[1.1751,13.3215],[0.9933,13.3743],[0.9919,13.3747],[0.9919,13.1079],[0.9922,13.1031],[1.3467,12.9018],[1.409,12.8664],[1.4549,12.8403],[1.7401,12.6783],[1.7579,12.6708],[1.8638,12.6164],[1.9541,12.7066],[1.9797,12.7369],[1.9839,12.7364],[2.0022,12.7341],[2.0308,12.7305],[2.1475,12.6909],[2.1582,12.6873],[2.162,12.686],[2.2743,12.4646],[2.2685,12.441],[2.2651,12.4267],[2.2618,12.4134],[2.2202,12.4186],[2.1487,12.4057],[2.0665,12.3533],[2.4043,11.9031],[2.405397829552422,11.901612618025752],[2.3995,11.9359],[2.3978,11.9458],[2.4662,11.9882],[2.4083,12.0849],[2.3874,12.2422],[2.5143,12.2944],[2.59411121014536,12.28804294430819],[2.6183,12.2937],[2.6631,12.3042],[2.6863,12.2807],[2.689,12.2871],[2.7159,12.3493],[2.7753890284114022,12.394834811870457],[2.805,12.4175],[2.8291,12.3997],[2.9226,12.3307],[2.9281636916673337,12.325643280236934],[2.984,12.284],[2.9957,12.2754],[3.150050860065086,12.12397480241748],[3.1708592035894565,12.10506254627033],[3.1794,12.0973],[3.2618,12.0162],[3.3075,11.8876],[3.32,11.8853],[3.3714478114478115,11.875603030303031],[3.485,11.8543],[3.4863,11.8526],[3.4951669603524227,11.840978414096917],[3.5949,11.7103],[3.625,11.7279],[3.6289,11.7169],[3.6791,11.7585],[3.6649,11.782],[3.6337,11.8338],[3.6227,11.8522],[3.6225,11.8525],[3.668,11.9829],[3.6683,11.9839],[3.6467,12.0607],[3.6345,12.1052],[3.6365,12.1941],[3.6405,12.3719],[3.6434,12.5005],[3.6439,12.5213],[3.6464,12.5234],[3.8389,12.683],[4.0043,12.8654],[4.0817,12.9752],[4.1139,13.1695],[4.1292,13.3213],[4.1277,13.4504],[4.1293,13.4516],[4.1597,13.4744],[4.4648,13.7034],[4.6019,13.7312],[4.6809,13.7463],[4.8245,13.7753],[4.8241,13.7736],[4.8303,13.7748],[5.1559,13.7457],[5.166,13.7468],[5.1759,13.7456],[5.2705,13.7461],[5.3024,13.7834],[5.3989,13.8543],[5.44,13.8632],[5.5423,13.8854],[5.5417,13.8891],[5.7379,13.8141],[5.7384,13.801],[6.0289,13.6892],[6.1432,13.6452],[6.1479,13.6434],[6.1494,13.6428],[6.1546,13.644],[6.2633,13.668],[6.2829,13.6668],[6.3038,13.6564],[6.3841,13.6166],[6.5319,13.4839],[6.6516,13.3522],[6.7253,13.2712],[6.7926,13.1611],[6.9275,12.9905],[6.9276,12.9905],[6.928,12.9899],[6.9411,12.9915],[7.0477,12.9991],[7.0565,13.0053],[7.0912,13.0095],[7.2123,13.096],[7.3636,13.1007],[7.4111,13.094],[7.6353,13.2221],[7.818,13.3304],[8.0225,13.3088],[8.0635,13.3007],[8.074,13.2986],[8.0813,13.2972],[8.2051,13.2228],[8.2561,13.2075],[8.3075,13.1611],[8.3162,13.146],[8.3885,13.0797],[8.4017,13.0675],[8.4156,13.0548],[8.5575,13.0391],[8.7097,12.9138],[8.7346,12.9081],[8.9698,12.8331],[9.0454,12.8328],[9.1065,12.8325],[9.3408,12.8144],[9.48,12.8121],[9.4891,12.8107],[9.6503,12.8036],[9.6557,12.8091],[9.6581,12.8091],[9.7382,12.893],[9.9127,13.0706],[10.1192,13.2111],[10.2813,13.2705],[10.4385,13.3057],[10.6005,13.3336],[10.6534,13.3537],[10.6546,13.3542],[10.6556,13.3542],[11.2804,13.372],[11.3158,13.373],[11.3264,13.3733],[11.3671,13.3721],[11.3733,13.3706],[11.8818,13.2473],[11.8934,13.2406],[12.1141,13.0903],[12.1353,13.1018],[12.1785,13.1252],[12.2869,13.092],[12.2942,13.0954],[12.4039,13.0756],[12.4767,13.0624],[12.4779,13.0647],[12.544,13.1919],[12.5773,13.256],[12.6077,13.2702],[12.6906,13.3088],[12.8024,13.3795],[12.8179,13.3893],[12.8316,13.398],[12.865,13.4749],[12.8769,13.4953],[12.947,13.5029],[12.9481,13.5159],[13.064,13.5474],[13.0753,13.5442],[13.1987,13.5103],[13.2076,13.5212],[13.3545,13.714],[13.6317,13.7117],[13.6324,13.7107],[13.6345,13.7107],[13.634,13.7127],[13.6334,13.7136],[13.6133,13.8026],[13.5859,13.9209],[13.4681,14.4165],[13.4896,14.4759],[13.6834,14.5664],[13.6859,14.5973],[13.6897,14.6446],[13.6907,14.6574],[13.8083,14.7328],[13.8206,14.7407],[13.7964,14.8777],[13.8925,15.072],[13.9174,15.1054],[14.7913,16.1004],[15.5234,16.6979],[15.5277,16.8089],[15.5349,16.9983],[15.5732,17.9942],[15.5732,18.0036],[15.6579,19.1648],[15.7588,19.9355],[15.997,20.3306],[15.9896,20.3385],[15.5732,20.7828],[15.5493,20.8594],[15.5526,20.8651],[15.5849,20.9209],[15.6106,20.9652],[15.2348,21.4675],[15.2003,21.5136],[15.1978,21.5466],[15.1447,22.2352],[15.1352,22.3584],[15.0533,22.7112],[14.9855,23.0033],[14.186,22.6514],[13.4448,23.1947],[11.9795,23.525],[10.9722,22.9485],[7.945,21.1464],[7.4456,20.8425],[5.7945,19.4444],[5.7103,19.4229]]]},"properties":{"iso3":"NER"}},
{"type":"Feature","geometry":{"type":"MultiPolygon","coordinates":[[[[13.1337,9.5322],[13.2285,9.5853],[13.2941,9.8006],[13.2459,9.8616],[13.2434,9.8632],[13.2438,9.8643],[13.2809,9.96],[13.2822,9.9634],[13.2599,9.9956],[13.249,10.0021],[13.2519,10.007],[13.2473,10.0137],[13.2828,10.0614],[13.2863,10.0653],[13.299,10.0868],[13.3081,10.0896],[13.3757,10.1104],[13.4122,10.1216],[13.4347,10.1369],[13.4697,10.2093],[13.4731,10.223],[13.4786,10.3288],[13.5205,10.4159],[13.5215,10.418],[13.5425,10.6459],[13.56,10.6668],[13.6922,10.9457],[13.7286,10.9737],[13.7314,11],[13.7646,11.0023],[13.7924,11.0043],[13.8802,11.1369],[13.9621,11.2847],[13.9737,11.3013],[13.9853,11.309],[14.0499,11.2869],[14.1763,11.2325],[14.1896,11.2435],[14.4538,11.4618],[14.5566,11.4994],[14.6229,11.5526],[14.6459,11.599],[14.6457,11.6041],[14.5575,11.7128],[14.5491,11.7189],[14.5828,11.7512],[14.5832,11.7516],[14.6498,11.9334],[14.656,11.9607],[14.6564,11.9623],[14.6238,12.039],[14.6224,12.0423],[14.628,12.0545],[14.66,12.1742],[14.5562,12.2327],[14.5497,12.2363],[14.5431,12.2479],[14.4857,12.3485],[14.3642,12.3572],[14.3527,12.3576],[14.3384,12.3582],[14.2283,12.3624],[14.174,12.4104],[14.1733,12.411],[14.1739,12.4137],[14.1725,12.5907],[14.1528,12.705],[14.1372,12.8083],[14.0832,13.081],[14.0829,13.0824],[13.9541,13.2594],[13.8962,13.3389],[13.7371,13.5658],[13.634,13.7127],[13.6345,13.7107],[13.6324,13.7107],[13.6317,13.7117],[13.3545,13.714],[13.2076,13.5212],[13.1987,13.5103],[13.0753,13.5442],[13.064,13.5474],[12.9481,13.5159],[12.947,13.5029],[12.8769,13.4953],[12.865,13.4749],[12.8316,13.398],[12.8179,13.3893],[12.8024,13.3795],[12.6906,13.3088],[12.6077,13.2702],[12.5773,13.256],[12.544,13.1919],[12.4779,13.0647],[12.4767,13.0624],[12.4039,13.0756],[12.2942,13.0954],[12.2869,13.092],[12.1785,13.1252],[12.1353,13.1018],[12.1141,13.0903],[11.8934,13.2406],[11.8818,13.2473],[11.3733,13.3706],[11.3671,13.3721],[11.3264,13.3733],[11.3158,13.373],[11.2804,13.372],[10.6556,13.3542],[10.6546,13.3542],[10.6534,13.3537],[10.6005,13.3336],[10.4385,13.3057],[10.2813,13.2705],[10.1192,13.2111],[9.9127,13.0706],[9.7382,12.893],[9.6581,12.8091],[9.6557,12.8091],[9.6503,12.8036],[9.4891,12.8107],[9.48,12.8121],[9.3408,12.8144],[9.1065,12.8325],[9.0454,12.8328],[8.9698,12.8331],[8.7346,12.9081],[8.7097,12.9138],[8.5575,13.0391],[8.4156,13.0548],[8.4017,13.0675],[8.3885,13.0797],[8.3162,13.146],[8.3075,13.1611],[8.2561,13.2075],[8.2051,13.2228],[8.0813,13.2972],[8.074,13.2986],[8.0635,13.3007],[8.0225,13.3088],[7.818,13.3304],[7.6353,13.2221],[7.4111,13.094],[7.3636,13.1007],[7.2123,13.096],[7.0912,13.0095],[7.0565,13.0053],[7.0477,12.9991],[6.9411,12.9915],[6.928,12.9899],[6.9276,12.9905],[6.9275,12.9905],[6.7926,13.1611],[6.7253,13.2712],[6.6516,13.3522],[6.5319,13.4839],[6.3841,13.6166],[6.3038,13.6564],[6.2829,13.6668],[6.2633,13.668],[6.1546,13.644],[6.1494,13.6428],[6.1479,13.6434],[6.1432,13.6452],[6.0289,13.6892],[5.7384,13.801],[5.7379,13.8141],[5.5417,13.8891],[5.5423,13.8854],[5.44,13.8632],[5.3989,13.8543],[5.3024,13.7834],[5.2705,13.7461],[5.1759,13.7456],[5.166,13.7468],[5.1559,13.7457],[4.8303,13.7748],[4.8241,13.7736],[4.8245,13.7753],[4.6809,13.7463],[4.6019,13.7312],[4.4648,13.7034],[4.1597,13.4744],[4.1293,13.4516],[4.1277,13.4504],[4.1292,13.3213],[4.1139,13.1695],[4.0817,12.9752],[4.0043,12.8654],[3.8389,12.683],[3.6464,12.5234],[3.6439,12.5213],[3.6434,12.5005],[3.6405,12.3719],[3.6365,12.1941],[3.6345,12.1052],[3.6467,12.0607],[3.6683,11.9839],[3.668,11.9829],[3.6225,11.8525],[3.6227,11.8522],[3.6337,11.8338],[3.6649,11.782],[3.6791,11.7585],[3.6289,11.7169],[3.625,11.7279],[3.5949,11.7103],[3.514,11.663],[3.5196,11.5385],[3.5073560324471114,11.51580448076279],[3.502283582889386,11.403425568537473],[3.5159,11.3837],[3.4973,11.2908],[3.6536,11.1109],[3.7209,11.1247],[3.7211661937651694,11.124665279074108],[3.7233,11.1251],[3.753084840408121,11.001449656314003],[3.7541,11.0007],[3.769,10.9398],[3.7708,10.929],[3.7715,10.9251],[3.7714892142032386,10.925044776720581],[3.7515,10.8227],[3.7507,10.8186],[3.8415,10.7013],[3.845458888888889,10.673587777777778],[3.8455,10.6733],[3.8476,10.6476],[3.847764423076923,10.64524326923077],[3.8479,10.6433],[3.7862,10.4063],[3.6919,10.4576],[3.691850087596356,10.457572775052558],[3.6886,10.4558],[3.6812,10.4517],[3.6531172413793103,10.436404926108374],[3.6365,10.4273],[3.595475287356322,10.294343390804597],[3.5883,10.271],[3.5871,10.2672],[3.6278,10.2269],[3.6765,10.1786],[3.676454946852003,10.178488692222595],[3.6748,10.1744],[3.6402,10.0921],[3.6055,10.0092],[3.58791746031746,9.967248677248678],[3.5599,9.9004],[3.541324981279297,9.876858398733654],[3.5412,9.8767],[3.4987,9.8617],[3.4168629246676514,9.83274741506647],[3.3318,9.8026],[3.3484,9.6861],[3.3483868446760012,9.68609537609899],[3.3484,9.686],[3.2676,9.6577],[3.2652,9.653],[3.2641213137665965,9.65261928721174],[3.2393858814037917,9.616492537313432],[3.1492,9.4822],[3.1461,9.4801],[3.1462,9.4778],[3.1579,9.2955],[3.1582,9.2908],[3.1581708714271755,9.290721240593154],[3.1089,9.1575],[3.0878,9.103],[2.960923287671233,9.087328767123287],[2.7931,9.0666],[2.7809,9.0651],[2.7798,9.065],[2.7626,8.809],[2.7297378500591494,8.774119998746992],[2.7297,8.7739],[2.7582,8.5612],[2.756581252232755,8.546767426449046],[2.7576,8.5386],[2.7568,8.4976],[2.7498613530531104,8.486853558996891],[2.7475,8.4658],[2.700308619046693,8.334843917854574],[2.7478,8.2234],[2.7532,8.2108],[2.752015727849076,8.206320179490485],[2.750828848856381,8.201830497917172],[2.6933,7.8684],[2.7383,7.7788],[2.7295,7.5755],[2.7436,7.553],[2.7943,7.449],[2.7929,7.4353],[2.7627856382978733,7.42334414893617],[2.7594,7.422],[2.7439872,7.4216352],[2.7425126100307065,7.4215011463664275],[2.7481,7.3777],[2.753225279704632,7.3373127959275],[2.7706,7.2004],[2.7721,7.1887],[2.7616144588114655,7.168329808235454],[2.7725,7.0457],[2.7724727143444823,7.045658374766047],[2.7725,7.0456],[2.7723729983089163,7.04550625442184],[2.7118,6.9531],[2.7184,6.9447],[2.7292,6.931],[2.7398,6.9177],[2.7351727611069347,6.877841315611003],[2.7409,6.8594],[2.724,6.7816],[2.771,6.7581],[2.7721953048581676,6.75746403651777],[2.7869,6.7501],[2.7389182246995603,6.580655462551116],[2.7432,6.5633],[2.729136215753425,6.5461109303652965],[2.7026,6.4524],[2.7039,6.3727],[3.0471,6.3956],[3.2022,6.4008],[3.4023,6.4007],[3.6308,6.4226],[3.9177,6.4347],[3.9597,6.4314],[3.9971,6.4252],[4.1509,6.3972],[4.2411,6.3824],[4.3509,6.3711],[4.4605,6.3433],[4.9839,5.8984],[5.112,5.6898],[5.2304,5.4568],[5.3247,5.4064],[5.3903,5.1342],[5.5666,4.7272],[5.6664,4.5621],[5.8474,4.402],[6.0839,4.2741],[6.5609,4.3275],[6.5659,4.3276],[6.6018,4.3348],[6.8757,4.3592],[6.8565,4.3831],[6.8581,4.3961],[6.9944,4.375],[7.0723,4.4559],[7.1581,4.4628],[7.1327,4.3854],[7.1843,4.3791],[7.3246,4.4475],[7.5087,4.4529],[7.5974,4.4649],[7.8248,4.523],[8.2781,4.5326],[8.2913,4.5647],[8.2924,4.5648],[8.2947,4.5731],[8.2547,4.5632],[8.2485,4.566],[8.2439,4.5732],[8.24,4.5782],[8.2412,4.5794],[8.2939,4.5769],[8.3285,4.643],[8.3106,4.6636],[8.3223,4.6625],[8.3036,4.7337],[8.2839,4.7796],[8.2687,4.8291],[8.3664,4.8386],[8.334,4.8044],[8.3786,4.7758],[8.4082,4.8393],[8.3991,4.7725],[8.4412,4.7733],[8.39,4.7426],[8.4848,4.7842],[8.4617,4.7527],[8.5074,4.7455],[8.4555,4.6996],[8.5081,4.6933],[8.5272,4.7607],[8.5284,4.7699],[8.5301,4.7708],[8.5385,4.8006],[8.5539,4.8045],[8.5594,4.7984],[8.5713,4.803],[8.569,4.8083],[8.5732,4.8094],[8.5753,4.8049],[8.5831,4.811],[8.5823,4.8117],[8.6265,4.8229],[8.6269,4.8231],[8.6046,4.8799],[8.6068,4.8825],[8.6057,4.8854],[8.6907,4.9951],[8.7113,5.0216],[8.7988,5.15],[8.8355,5.344],[8.8424,5.455],[8.8792,5.5058],[8.8952,5.5783],[8.8179,5.6935],[8.8439,5.8262],[8.843,5.8274],[8.8854,5.863],[8.9785,5.9428],[8.99,5.9519],[8.9987,5.9582],[9.2645,6.1814],[9.3214,6.302],[9.3452,6.3526],[9.3846,6.336],[9.4354,6.3356],[9.4582,6.4247],[9.4651,6.4541],[9.4654,6.4541],[9.4656,6.4556],[9.4701,6.4549],[9.5599,6.4693],[9.5962,6.5262],[9.5968,6.5296],[9.5982,6.5294],[9.5992,6.5309],[9.7051,6.5122],[9.7793,6.7944],[9.8089,6.7879],[9.8168,6.7883],[9.8648,6.7775],[10.1505,7.0384],[10.1509,7.0374],[10.2083,6.906],[10.2148,6.8909],[10.2394,6.8919],[10.4095,6.9097],[10.412,6.8987],[10.4965,6.9021],[10.5367,6.9376],[10.5414,6.9417],[10.5451,6.945],[10.56,7.0483],[10.5785,7.1542],[10.614,7.0742],[10.6216,7.0571],[10.8348,6.9401],[10.8348,6.94],[10.832,6.9119],[10.8242,6.8331],[10.8239,6.83],[10.8295,6.826],[10.9163,6.709],[10.9181,6.709],[10.9182,6.7082],[11.0726,6.6857],[11.1059,6.6808],[11.102,6.5402],[11.1632,6.563],[11.261,6.5317],[11.28,6.5381],[11.3559,6.5032],[11.4277,6.5313],[11.4172,6.5982],[11.5191,6.6145],[11.5385,6.6508],[11.5832,6.7611],[11.5775,6.8371],[11.5739,6.8853],[11.5727,6.9015],[11.6366,6.9657],[11.6548,6.989],[11.6607,6.9899],[11.7181,7.0584],[11.8486,7.0846],[11.8029,7.2482],[11.854,7.3786],[11.9212,7.4309],[11.9146,7.4661],[12.0251,7.5278],[11.9988,7.6781],[12.1139,7.8327],[12.195,7.9484],[12.1927,8.1082],[12.2386,8.1576],[12.253,8.2539],[12.2259,8.3782],[12.2594,8.4248],[12.2596,8.4416],[12.2704,8.4401],[12.2742,8.4454],[12.3692,8.4542],[12.4138,8.49],[12.4445,8.55],[12.4406,8.6193],[12.6757,8.6477],[12.7206,8.7631],[12.7464,8.7558],[12.7903,8.7697],[12.8095,8.8429],[12.8216,8.9473],[12.8467,8.9841],[12.8966,9.174],[12.9171,9.2521],[12.9238,9.3405],[12.903,9.349],[12.8472,9.3718],[12.8619,9.38],[13.1073,9.5174],[13.1337,9.5322]],[[3.6295,6.5179],[3.4064,6.4645],[3.3941,6.4682],[3.4043,6.5197],[3.4055,6.5233],[3.4089,6.5262],[3.4655,6.5855],[3.5227,6.5249],[3.6426,6.5502],[3.6295,6.5179]]],[[[8.3147,4.5885],[8.3389,4.5892],[8.3408,4.6251],[8.3214,4.6237],[8.3147,4.5885]]],[[[8.2971,4.7923],[8.3013,4.8126],[8.2856,4.8287],[8.2777,4.8297],[8.2971,4.7923]]]]},"properties":{"iso3":"NGA"}},
{"type":"Feature","geometry":{"type":"Polygon","coordinates":[[[24.003,16.5009],[24,16.2801],[23.9923,15.7133],[23.992,15.7124],[23.7058,15.754],[23.6066,15.7597],[23.5693,15.7502],[23.3859,15.7031],[23.3567,15.6956],[23.3508,15.6941],[23.3057,15.6993],[23.1157,15.7133],[22.9272,15.5536],[22.9271,15.5532],[22.9187,15.4907],[22.949,15.4579],[22.9888,15.4149],[23.0045,15.2356],[22.9947,15.2265],[22.9351,15.1083],[22.9353,15.1004],[22.9296,15.0974],[22.9147,15.0894],[22.8334,15.0461],[22.7825,14.9836],[22.7582,14.896],[22.6779,14.8453],[22.7156,14.6964],[22.7123,14.6953],[22.4094,14.5956],[22.4002,14.5687],[22.3922,14.5451],[22.3831,14.5139],[22.4445,14.4835],[22.4437,14.4748],[22.4573,14.3425],[22.4276,14.2964],[22.4275,14.2958],[22.4367,14.2836],[22.4967,14.2383],[22.5294,14.2412],[22.5647,14.187],[22.5682,14.1843],[22.5349,14.1102],[22.3853,14.0234],[22.1993,13.9155],[22.0866,13.7925],[22.1722,13.6281],[22.2251,13.5487],[22.2234,13.5298],[22.301,13.3807],[22.2857,13.3612],[22.2905,13.3538],[22.1551,13.1943],[22.1354,13.1711],[22.0102,13.1426],[21.9359,13.0612],[21.9021,12.9902],[21.9004,12.9866],[21.8151,12.8073],[21.8159,12.8062],[21.946,12.6254],[21.947,12.624],[22.1511,12.6737],[22.1945,12.7558],[22.1965,12.7549],[22.3126,12.7011],[22.4586,12.6334],[22.3648,12.4461],[22.3652,12.4458],[22.4354,12.3806],[22.4763,12.239],[22.4919,12.185],[22.4798,12.0608],[22.4844,12.036],[22.5857,12.0579],[22.5922,12.0604],[22.5973,12.0604],[22.6405,12.0698],[22.5618,11.6306],[22.5652,11.6272],[22.769,11.4622],[22.7869,11.4062],[22.9415,11.4261],[22.9418,11.4247],[22.9419,11.4247],[22.9419,11.4244],[22.9674,11.3065],[22.979,11.3023],[22.9883,11.2212],[22.9867,11.2171],[22.9817,11.2043],[22.9127,11.0268],[22.8894,10.9669],[22.8778,10.9316],[22.8814,10.9309],[22.9949,10.7311],[22.9992,10.7243],[23.2404,10.5482],[23.2961,10.5076],[23.4397,10.2699],[23.4525,10.2487],[23.6682,9.8916],[23.693,9.7125],[23.6523,9.605],[23.6285,9.542],[23.6775,9.4387],[23.6773,9.4372],[23.672,9.4041],[23.6512,9.273],[23.6205,9.25],[23.6202,9.2498],[23.6146,9.2456],[23.521,9.1754],[23.4763,9.1419],[23.4653,9.006],[23.5199,8.9832],[23.5355,8.983],[23.5629,9.0546],[23.6135,8.9801],[23.5283,8.8562],[23.5204,8.8397],[23.5085,8.8148],[23.5201,8.727],[23.6814,8.7218],[23.8053,8.7178],[23.9221,8.714],[24.1962,8.7051],[24.2448,8.7035],[24.2609,8.703],[24.2539,8.6856],[24.2618,8.6972],[24.3065,8.7114],[24.3837,8.7898],[24.4512,8.8158],[24.442,8.8421],[24.5676,8.9064],[24.5731,8.9148],[24.5706,8.9568],[24.5612,9.1196],[24.5548,9.2296],[24.6154,9.3405],[24.6728,9.4457],[24.7453,9.5785],[24.7201,9.7444],[25.0327,10.0337],[25.0289,10.1738],[25.062,10.2355],[25.0824,10.2805],[25.0989,10.317],[25.1209,10.3215],[25.2239,10.3426],[25.4204,10.383],[25.6627,10.4327],[25.7375,10.4256],[25.8594,10.414],[25.8962,10.4105],[25.9326,10.3805],[25.9325,10.3731],[25.9325,10.3713],[25.9449,10.174],[26.0499,10.1172],[26.21,9.9071],[26.2156,9.8997],[26.2186,9.8958],[26.2183,9.8926],[26.3246,9.6054],[26.3943,9.5591],[26.4832,9.542],[26.7288,9.4948],[26.761,9.4886],[26.8674,9.5312],[27.1892,9.6157],[27.224,9.6156],[27.5831,9.6142],[27.5814,9.6173],[27.8208,9.6117],[27.8984,9.6109],[27.8989,9.6099],[28.0065,9.4051],[28.0386,9.3439],[28.039,9.3432],[28.7686,9.3484],[28.7692,9.3506],[28.7764,9.3775],[28.8058,9.4878],[28.8163,9.4972],[28.9343,9.6035],[28.9874,9.6581],[28.9998,9.6709],[28.9998,10.1667],[29,10.1667],[29.0003,9.6713],[29.0794,9.7377],[29.0985,9.7538],[29.5381,9.7501],[29.5381,9.7502],[29.5391,10.0808],[29.5391,10.0817],[29.5741,10.0997],[29.981,10.2882],[29.9819,10.2886],[29.9825,10.2883],[29.9967,10.2888],[30.0876,10.2319],[30.1064,10.2218],[30.13,10.2054],[30.5581,9.9373],[30.8274,9.7189],[31.278,9.7605],[31.2887,9.7615],[31.3201,9.7889],[31.3661,9.8198],[31.3867,9.8468],[31.4337,9.8877],[31.4441,9.8968],[31.5386,10.0037],[31.7175,10.2243],[31.7886,10.3037],[31.8063,10.3337],[31.9335,10.4905],[32.1124,10.4713],[32.1547,10.4667],[32.2286,10.5096],[32.2091,10.6214],[32.1929,10.7142],[32.4599,10.9764],[32.4452,11.0186],[32.3891,11.1791],[32.3844,11.6965],[32.1066,11.9449],[32.1255,11.9451],[32.1279,11.9451],[32.1379,11.9451],[32.7414,11.9468],[32.7414,11.9476],[32.7428,11.9999],[32.7305,12.2364],[32.749,12.2356],[32.8696,12.2304],[33.255,12.2144],[33.2973,12.2119],[33.2977,12.2119],[33.296,12.2059],[33.1748,11.7406],[33.1406,11.6281],[33.2323,11.0322],[33.2508,10.9196],[33.2646,10.8359],[33.2657,10.8292],[33.2424,10.7821],[33.2191,10.735],[33.3601,10.6939],[33.4827,10.6579],[33.4993,10.6408],[33.7927,10.3391],[33.7932,10.3384],[33.9015,10.1615],[33.9701,10.1482],[33.9928,9.9108],[33.9924,9.9095],[33.8991,9.6018],[33.8996,9.4987],[33.8996,9.4985],[34.1089,9.4985],[34.1128,9.4985],[34.243,10.0533],[34.348,10.1705],[34.2862,10.533],[34.5107,10.8395],[34.6027,10.9033],[34.795,10.749],[34.7778,10.7021],[34.8602,10.7482],[34.9802,10.8919],[34.9525,10.9434],[35.0086,11.186],[34.9368,11.2416],[35.0862,11.5315],[35.0524,11.7332],[35.0507,11.7395],[35.2755,11.9445],[35.6997,12.6661],[35.9994,12.722],[36.1693,12.7012],[36.1506,12.9426],[36.1893,13.0493],[36.2675,13.323],[36.4918,13.8275],[36.4587,13.9788],[36.547,14.2209],[36.4707,14.8778],[36.4327,15.1666],[36.5347,15.2288],[36.6642,15.6019],[36.6845,15.6668],[36.8978,16.2269],[36.9638,16.2878],[36.9341,16.357],[36.9666,16.4344],[36.8902,16.5325],[36.9053,16.6224],[36.8969,16.656],[37.0311,16.7977],[36.9891,16.9936],[37.0033,17.0733],[37.1172,17.0815],[37.3146,17.098],[37.3947,17.053],[37.5116,17.2044],[37.5116,17.3338],[37.5842,17.365],[37.7603,17.3816],[37.773,17.4837],[37.8392,17.5027],[37.9147,17.4575],[38.0037,17.5588],[38.0611,17.5657],[38.071,17.4823],[38.1096,17.4756],[38.1127,17.5626],[38.2655,17.5622],[38.452,17.9003],[38.5616,18.001],[38.5671,18.0005],[38.5073,18.1163],[38.4952,18.053],[38.4614,18.1245],[38.4053,18.1209],[38.382,18.2014],[38.3414,18.1731],[38.2689,18.2065],[38.3116,18.2868],[38.2753,18.3007],[38.2143,18.2227],[38.0948,18.3083],[38.0823,18.3687],[38.1215,18.4112],[37.931,18.5725],[37.7968,18.6219],[37.7398,18.7089],[37.521,18.7379],[37.5027,18.7485],[37.4094,18.8734],[37.3226,19.2807],[37.3092,19.3269],[37.2411,19.6838],[37.2692,19.8439],[37.1823,20.0318],[37.2186,20.0898],[37.1886,20.4531],[37.235,20.4632],[37.2412,20.5426],[37.1799,20.687],[37.1627,20.9151],[37.0948,21.0375],[37.135,21.1548],[37.0975,21.189],[37.1467,21.2241],[37.1638,21.1472],[37.2357,21.1372],[37.2803,21.0441],[37.2334,21.0717],[37.2183,21.1026],[37.1982,21.1058],[37.255,20.9953],[37.3228,21.0655],[37.0623,21.3545],[37.0035,21.3475],[37.0157,21.3675],[37.0593,21.3619],[36.9879,21.4795],[36.9465,21.4785],[36.9809,21.4947],[36.8881,21.6222],[36.9315,21.6198],[36.9118,21.6989],[36.8629,21.7028],[36.9072,21.7251],[36.8472,21.7356],[36.8971,21.7585],[36.8876,21.8331],[36.8215,21.8365],[36.8805,21.8488],[36.8862,21.938],[36.8423,21.9766],[36.8989,22.0575],[36.4364,22.3595],[36.424,22.4286],[36.3169,22.4847],[36.1889,22.6688],[35.9262,22.6922],[35.7726,22.8388],[35.7535,22.923],[35.717,22.9111],[35.628,23.1421],[35.1981,22.7846],[34.9446,22.8588],[34.6863,22.2967],[34.1505,22.2025],[34.0034,21.7696],[33.5603,21.7213],[33.5561,21.7209],[33.1642,21.999],[32.5883,21.9987],[32.4081,21.9985],[31.408,21.9998],[31.5159,22.1858],[31.4735,22.2254],[31.3054,21.9999],[24.9987,22.0005],[25,20.4841],[25.0029,20.0205],[24.0002,20.0066],[24.003,16.5009]],[[28.0009,10.1667],[27.8363,10.1664],[27.833,9.8574],[27.8333,10.1667],[28.0009,10.1667]]]},"properties":{"iso3":"SDN"}},
{"type":"Feature","geometry":{"type":"MultiPolygon","coordinates":[[[[-89.8061,14.0559],[-89.8602,14.0496],[-89.9046,14.0333],[-89.95,13.9807],[-89.9514,13.9799],[-90.0356,13.9164],[-90.1129,13.8326],[-90.1043,13.7507],[-90.1176,13.7448],[-90.1249,13.7416],[-89.9512,13.6643],[-89.8354,13.5826],[-89.7954,13.5221],[-89.6576,13.5296],[-89.6204,13.5185],[-89.2924,13.4835],[-89.1553,13.4179],[-89.018,13.3476],[-88.8838,13.2913],[-88.9712,13.3376],[-88.8993,13.3109],[-88.9068,13.3112],[-88.9074,13.3096],[-88.8874,13.3029],[-88.8913,13.308],[-88.8598,13.2963],[-88.8579,13.2949],[-88.8332,13.2596],[-88.8318,13.2591],[-88.7671,13.2357],[-88.4773,13.1724],[-88.6065,13.221],[-88.5999,13.2254],[-88.5932,13.226],[-88.5462,13.2157],[-88.5943,13.2624],[-88.6082,13.2626],[-88.6079,13.2635],[-88.6132,13.2629],[-88.6132,13.2627],[-88.7165,13.2643],[-88.6432,13.2632],[-88.6404,13.3021],[-88.5563,13.2548],[-88.5571,13.2501],[-88.5348,13.2346],[-88.5319,13.2411],[-88.5183,13.2335],[-88.4829,13.2588],[-88.4971,13.2338],[-88.4883,13.2298],[-88.4968,13.2318],[-88.5313,13.2196],[-88.4499,13.2135],[-88.4518,13.2212],[-88.4592,13.223],[-88.4524,13.2282],[-88.4795,13.2612],[-88.4768,13.2632],[-88.4175,13.2113],[-88.4238,13.166],[-88.3343,13.1962],[-88.3632,13.2313],[-88.3515,13.2265],[-88.3243,13.1949],[-88.3493,13.1746],[-88.1207,13.1672],[-88.0932,13.1721],[-88.0927,13.1724],[-87.984,13.1618],[-87.8979,13.1532],[-87.9357,13.1846],[-87.7793,13.2918],[-87.8661,13.3764],[-87.8513,13.3785],[-87.8476,13.3907],[-87.8623,13.3885],[-87.8689,13.3791],[-87.8871,13.3968],[-87.8325,13.4347],[-87.8166,13.4132],[-87.8091,13.4031],[-87.7235,13.4407],[-87.7234,13.4444],[-87.7215,13.445],[-87.7209,13.5057],[-87.7779,13.5185],[-87.7667,13.585],[-87.7571,13.6126],[-87.7386,13.6911],[-87.721,13.7653],[-87.7093,13.7959],[-87.7128,13.8003],[-87.7103,13.8108],[-87.7441,13.8404],[-87.7449,13.8414],[-87.7625,13.8666],[-87.7965,13.9119],[-87.8871,13.902],[-87.9264,13.8919],[-87.9532,13.8925],[-87.9986,13.8734],[-88.0069,13.8713],[-88.0268,13.9023],[-88.0799,13.9943],[-88.1079,14.0014],[-88.1101,14.0006],[-88.1182,13.9969],[-88.1186,13.9968],[-88.2172,13.9931],[-88.2227,13.9622],[-88.2389,13.9334],[-88.3499,13.8895],[-88.3913,13.8832],[-88.4864,13.8609],[-88.4995,13.965],[-88.5075,13.9708],[-88.5077,13.9719],[-88.5097,13.9724],[-88.5269,13.9848],[-88.6168,14.0135],[-88.6359,14.0208],[-88.7167,14.0499],[-88.7367,14.0713],[-88.7477,14.083],[-88.8199,14.0836],[-88.8604,14.1629],[-88.8702,14.1822],[-88.8934,14.1878],[-88.9567,14.2032],[-89.078,14.3386],[-89.1434,14.3584],[-89.3509,14.4213],[-89.3537,14.4237],[-89.3539,14.4238],[-89.3549,14.4247],[-89.3859,14.4506],[-89.3903,14.4485],[-89.393,14.4505],[-89.5109,14.4072],[-89.5246,14.3878],[-89.5677,14.4202],[-89.569,14.4125],[-89.5854,14.3172],[-89.5374,14.2997],[-89.541,14.2905],[-89.5427,14.2925],[-89.5413,14.2821],[-89.5175,14.2325],[-89.527,14.2293],[-89.5218,14.2228],[-89.6342,14.1936],[-89.6655,14.1855],[-89.6721,14.1736],[-89.7197,14.1286],[-89.7212,14.1255],[-89.7358,14.0376],[-89.7377,14.0338],[-89.7431,14.0342],[-89.8061,14.0559]]],[[[-87.6851,13.1751],[-87.6882,13.1726],[-87.684,13.1657],[-87.684,13.1724],[-87.6851,13.1751]]],[[[-87.7182,13.2168],[-87.7293,13.1874],[-87.7065,13.1612],[-87.6904,13.1721],[-87.7182,13.2168]]],[[[-87.7677,13.2487],[-87.781,13.2374],[-87.7621,13.214],[-87.7498,13.2349],[-87.7677,13.2487]]],[[[-87.7399,13.2895],[-87.7479,13.2818],[-87.7448,13.2774],[-87.7337,13.2818],[-87.7399,13.2895]]],[[[-87.7424,13.2999],[-87.744,13.3015],[-87.7468,13.2976],[-87.7457,13.2971],[-87.7424,13.2999]]],[[[-87.7426,13.3179],[-87.769,13.316],[-87.7696,13.2913],[-87.7512,13.2938],[-87.7426,13.3179]]],[[[-88.469,13.2021],[-88.4613,13.1999],[-88.4626,13.2071],[-88.4668,13.2062],[-88.469,13.2021]]],[[[-88.4626,13.1776],[-88.4624,13.1788],[-88.4632,13.1807],[-88.4654,13.1801],[-88.4626,13.1776]]]]},"properties":{"iso3":"SLV"}},
{"type":"Feature","geometry":{"type":"MultiPolygon","coordinates":[[[[43.2897,9.6573],[43.4683,9.4195],[43.5555,9.3756],[43.6569,9.3502],[44.006,8.9968],[44.691,8.772],[45.2909,8.5712],[46.251,8.2554],[47.0123,8.0001],[47.0126,8.0001],[47.9206,8.0006],[47.9864,8.0001],[47.5602,7.5631],[47.3593,7.3614],[46.895,6.8867],[46.5382,6.521],[46.5151,6.4973],[45.4812,5.4329],[44.9817,4.9173],[44.5921,4.9347],[44.0849,4.9573],[43.4692,4.8068],[43.1279,4.6346],[43.0349,4.5603],[42.8854,4.3077],[42.4017,4.193],[42.0876,4.1793],[41.8607,3.9117],[41.47902790167258,3.370360922453117],[41.4181,3.281],[41.3271,3.1513],[41.31896571498769,3.143339044590294],[41.3164,3.1397],[40.9957,2.8216],[40.9949,2.3118],[40.9957,1.2328],[40.9957,-0.1972],[40.9957,-0.8324],[40.9957,-0.8331],[41.5645,-1.6012],[41.5645,-1.6649],[41.8437,-1.2311],[41.7801,-1.1494],[41.6876,-1.2384],[41.7025,-1.1984],[41.7665,-1.1426],[41.8001,-1.1411],[41.8415,-1.1714],[41.8753,-1.2195],[41.9099,-1.1425],[41.9804,-1.0209],[41.9612,-0.97],[41.913,-0.8734],[41.9488,-0.8802],[41.9727,-0.9063],[41.9791,-1.0074],[42.0893,-0.8532],[42.0467,-0.843],[42.0428,-0.8048],[41.9873,-0.8028],[41.9928,-0.7241],[42.0047,-0.7975],[42.0822,-0.7406],[42.0548,-0.8431],[42.148,-0.8229],[42.6317,-0.2537],[42.6361,-0.2487],[42.7214,-0.1684],[43.1913,0.3287],[43.5208,0.6755],[44.4953,1.5125],[45.1135,1.921],[45.114,1.9217],[45.23,1.9683],[45.3637,2.0405],[45.5533,2.1531],[45.6068,2.1849],[46.0003,2.4213],[46.1292,2.5554],[46.7554,3.1532],[46.9114,3.3393],[47.0381,3.4723],[47.8348,4.3329],[47.9685,4.4756],[48.2966,5.0301],[48.6304,5.4651],[48.9867,6.047],[49.1641,6.6011],[49.1797,6.6372],[49.3974,7.0495],[49.6507,7.3993],[49.8311,7.7385],[49.8398,7.9639],[50.1292,8.1985],[50.1761,8.3291],[50.3247,8.5341],[50.3985,8.768],[50.4457,8.8969],[50.6409,9.077],[50.7053,9.2681],[50.8466,9.4658],[50.7987,9.5606],[50.8778,9.9209],[50.8991,10.3101],[51.0471,10.3959],[51.2121,10.4237],[51.374,10.3622],[51.413,10.4397],[51.1777,10.5606],[51.2337,10.4321],[51.019,10.4076],[51.1016,10.4821],[51.1054,10.5499],[51.1692,10.5737],[51.1166,10.9399],[51.1804,11.1387],[51.0773,11.2137],[51.1118,11.4053],[51.1244,11.5014],[51.2408,11.6509],[51.2847,11.8337],[50.8058,11.9793],[50.5816,11.9122],[50.4837,11.7198],[50.3557,11.6362],[50.0785,11.507],[49.5808,11.4513],[49.422,11.3335],[48.9191,11.2387],[48.7162,11.3054],[48.3934,11.2792],[48.1535,11.129],[47.9101,11.1206],[47.6744,11.0903],[47.5488,11.1746],[47.2566,11.1144],[46.7878,10.8106],[46.4497,10.6808],[46.3448,10.6897],[46.2362,10.7804],[46.0315,10.773],[45.8657,10.8172],[45.7803,10.8606],[45.4607,10.6639],[45.3246,10.6602],[45.2332,10.5621],[44.9435,10.4108],[44.4104,10.3918],[44.2367,10.473],[44.0724,10.598],[43.6978,10.9353],[43.518,11.1901],[43.5033,11.3707],[43.4553,11.3517],[43.3202,11.4472],[43.2905,11.4903],[43.306,11.4622],[43.2613,11.4621],[43.236666237966496,11.425803464133208],[43.21851260414218,11.3990550519207],[42.92517325451239,10.966835149394342],[42.6851,10.6131],[42.8175,10.3183],[43.0107,10.0915],[43.0895,9.9044],[43.2569,9.8426],[43.2897,9.6573]]],[[[43.4727,11.4461],[43.4587,11.4456],[43.4554,11.4209],[43.472,11.4331],[43.4727,11.4461]]],[[[43.3639,11.4954],[43.3563,11.4669],[43.3351,11.4476],[43.36,11.4643],[43.3639,11.4954]]],[[[43.4647,11.5115],[43.4521,11.5003],[43.4515,11.4913],[43.4664,11.509],[43.4647,11.5115]]],[[[42.0355,-1.016],[42.0533,-0.9813],[42.016,-1.0111],[42.0243,-1.0222],[42.0355,-1.016]]],[[[42.1062,-0.9353],[42.1064,-0.9282],[42.0981,-0.9392],[42.0998,-0.9477],[42.1062,-0.9353]]],[[[42.118,-0.9071],[42.117,-0.905],[42.1107,-0.9095],[42.1143,-0.9158],[42.118,-0.9071]]],[[[42.2221,-0.7956],[42.1398,-0.8693],[42.1377,-0.8885],[42.1756,-0.8466],[42.2221,-0.7956]]],[[[42.2379,-0.7813],[42.2385,-0.7765],[42.2244,-0.7877],[42.2292,-0.7899],[42.2379,-0.7813]]],[[[42.2574,-0.748],[42.2563,-0.7406],[42.2505,-0.744],[42.2507,-0.7507],[42.2574,-0.748]]],[[[42.2829,-0.7237],[42.2984,-0.7103],[42.2731,-0.7264],[42.2625,-0.7458],[42.2829,-0.7237]]],[[[42.3342,-0.6556],[42.3473,-0.6319],[42.3467,-0.6229],[42.3205,-0.641],[42.3342,-0.6556]]],[[[41.9169,-1.156],[41.9226,-1.1628],[41.9409,-1.1448],[41.9451,-1.1314],[41.9169,-1.156]]],[[[41.9908,-1.0695],[41.983,-1.0704],[41.9743,-1.0857],[41.9924,-1.0771],[41.9908,-1.0695]]]]},"properties":{"iso3":"SOM"}},
{"type":"Feature","geometry":{"type":"MultiPolygon","coordinates":[[[[28.0065,9.4051],[27.8989,9.6099],[27.8984,9.6109],[27.8208,9.6117],[27.5814,9.6173],[27.5831,9.6142],[27.224,9.6156],[27.1892,9.6157],[26.8674,9.5312],[26.761,9.4886],[26.7288,9.4948],[26.4832,9.542],[26.3943,9.5591],[26.3246,9.6054],[26.2183,9.8926],[26.2186,9.8958],[26.2156,9.8997],[26.21,9.9071],[26.0499,10.1172],[25.9449,10.174],[25.9325,10.3713],[25.9325,10.3731],[25.9326,10.3805],[25.8962,10.4105],[25.8594,10.414],[25.7375,10.4256],[25.6627,10.4327],[25.4204,10.383],[25.2239,10.3426],[25.1209,10.3215],[25.0989,10.317],[25.0824,10.2805],[25.062,10.2355],[25.0303,10.1655],[25.0785,10.088],[24.9829,9.9008],[24.7358,9.7186],[24.7511,9.5891],[24.7453,9.5785],[24.6728,9.4457],[24.6154,9.3405],[24.5548,9.2296],[24.5612,9.1196],[24.5706,8.9568],[24.5731,8.9148],[24.5676,8.9064],[24.442,8.8421],[24.4512,8.8158],[24.4567,8.8],[24.408,8.7983],[24.3963,8.7399],[24.3065,8.7114],[24.2618,8.6972],[24.2539,8.6856],[24.2239,8.6418],[24.2232,8.6408],[24.2583,8.5766],[24.165,8.4829],[24.1507,8.3964],[24.1527,8.3915],[24.1558,8.3839],[24.1795,8.3263],[24.2532,8.2927],[24.2738,8.2734],[24.2952,8.2736],[24.3553,8.2462],[24.4389,8.2749],[24.4639,8.2751],[24.5379,8.2069],[24.5525,8.2056],[24.65,8.1969],[24.8587,8.1784],[24.9618,7.9839],[25.0337,7.9328],[25.0933,7.8837],[25.2191,7.8691],[25.2734,7.8157],[25.285,7.8015],[25.2857,7.6526],[25.2672,7.6403],[25.1667,7.5864],[25.1959,7.4937],[25.1993,7.4929],[25.2615,7.478],[25.2767,7.4743],[25.2962,7.4532],[25.354,7.3534],[25.4385,7.2987],[25.4754,7.2748],[25.4809,7.2713],[25.5312,7.2544],[25.8205,7.1572],[25.8371,7.1072],[26.04,7.006],[26.0405,7.0044],[26.0468,6.9854],[26.0958,6.838],[26.1026,6.8176],[26.3351,6.6929],[26.4155,6.6498],[26.3075,6.5074],[26.293,6.4863],[26.2931,6.4615],[26.3092,6.3829],[26.3898,6.3317],[26.4755,6.2773],[26.4773,6.2688],[26.4866,6.2246],[26.4887,6.2144],[26.5281,6.2195],[26.5327,6.2201],[26.4865,6.144],[26.4555,6.0876],[26.5191,6.1154],[26.5357,6.0821],[26.5602,6.0332],[26.7856,5.9896],[26.8342,5.9065],[26.8355,5.8965],[26.8399,5.8967],[26.8422,5.8928],[27.0027,5.8567],[27.1868,5.7176],[27.2312,5.6139],[27.2368,5.6009],[27.293,5.5967],[27.2803,5.5328],[27.2576,5.347],[27.457,5.0969],[27.4529,5.0747],[27.448668829168092,5.051851677507703],[27.540041790316522,4.914015599382097],[27.679,4.8761],[27.6806,4.8714],[27.6843,4.8713],[27.7018,4.8071],[27.7109,4.7735],[27.782662434169797,4.757439325858506],[27.7882,4.7562],[27.790538244308784,4.70790226477745],[27.79304373710196,4.656149919193909],[27.867516475152257,4.562505027363526],[28.0146,4.5462],[28.0268,4.50655],[28.039,4.467],[28.0686,4.4585],[28.1299,4.441],[28.1332,4.4376],[28.1793,4.3904],[28.2172,4.3517],[28.3573,4.3486],[28.364827633356924,4.327596973596724],[28.39678340453003,4.298842026793997],[28.433335260934246,4.291686613507885],[28.466372546354645,4.307098444506781],[28.511,4.3812],[28.594060260350826,4.405977298002959],[28.70396515483461,4.5002564369464295],[28.786633668422233,4.571171534180136],[28.7869,4.5714],[28.81562214111922,4.517066180048662],[28.8303,4.4894],[28.842,4.4894],[28.94,4.4892],[29.0131,4.489],[29.0347,4.489],[29.03545717416962,4.4884262148035745],[29.2359742878038,4.3629570111751965],[29.2469,4.3682],[29.254665692055067,4.371931223856678],[29.372898557598507,4.472940381186884],[29.3755,4.4767],[29.4343700749761,4.562009968298702],[29.454396195827808,4.613372963059162],[29.4755,4.6675],[29.511664556355512,4.673847724062401],[29.5376,4.6784],[29.80561154002438,4.5817285114452115],[29.826015845751247,4.574368699224576],[29.8409,4.569],[29.840868260553886,4.56881163779691],[29.8205,4.447933333333333],[29.810314575410924,4.387486499824308],[29.821016385599687,4.377574167436355],[29.8225,4.3762],[29.828802718382725,4.374137474206765],[29.957330629777037,4.317408457452616],[29.975776974720265,4.281072871943639],[30.008,4.2176],[30.014509449136487,4.204793135900852],[30.0387,4.1572],[30.049,4.1532],[30.1226,4.1251],[30.165,4.1088],[30.169,4.1073],[30.1789,4.0534],[30.190480657176575,4.007529099055907],[30.194034322188863,3.993453057145526],[30.2071,3.9417],[30.264766683026377,3.956141570015241],[30.265,3.9562],[30.2662,3.9567],[30.2665,3.9565],[30.453,3.8312],[30.5459,3.8279],[30.5558,3.8275],[30.5602,3.8045],[30.5798,3.7015],[30.5593,3.6452],[30.541036871631707,3.595001346616115],[30.541,3.5949],[30.541885851145736,3.595032352824453],[30.5985,3.5971],[30.61964895496986,3.6066507454617516],[30.7351,3.6239],[30.7652,3.6667],[30.771,3.675],[30.7712,3.6741],[30.771465660155332,3.674426249313564],[30.860859223542278,3.564282364832395],[30.8608,3.5637],[30.861890565207826,3.562906861667033],[30.861573208379273,3.559773980154355],[30.8543,3.4902],[30.85457197966242,3.4906592864110686],[30.8541,3.486],[30.863985508506147,3.4873198275709143],[30.8649,3.4899],[30.8811,3.5352],[30.88133031604055,3.53584553369112],[30.8882,3.5551],[30.95717837004405,3.6639285682819382],[30.9654,3.6769],[30.97,3.6842],[30.972143624856155,3.687582600690448],[30.9809,3.7014],[30.9977,3.6998],[31.09216860061057,3.7527383829715393],[31.14481951643703,3.7822429413942187],[31.1658,3.794],[31.1659,3.794],[31.29,3.7935],[31.2908,3.7935],[31.29081964760382,3.7934892380204976],[31.29126914168441,3.7932430275346647],[31.5086,3.6742],[31.516,3.6368],[31.6182,3.7291],[31.712,3.7165],[31.7122,3.7165],[31.803585556628654,3.819983644541202],[31.8036,3.82],[31.8055,3.8222],[31.8706,3.7821],[31.9278,3.7012],[31.927820558888257,3.7011708437584763],[31.9333,3.6934],[31.93333721398518,3.6933474118973892],[31.9592,3.6568],[31.9579,3.5866],[31.9589,3.5864],[31.959041254393078,3.5863675587996755],[32.0007,3.5768],[32.0592,3.5799],[32.059254732223,3.5799034207639377],[32.0624,3.5801],[32.0851,3.5301],[32.2012,3.5045],[32.20078699641005,3.5161840047865973],[32.1981,3.5922],[32.19790112038799,3.596575351464178],[32.1979,3.5966],[32.1979,3.5978],[32.416,3.7429],[32.416209293416884,3.7429152388122495],[32.883,3.808],[33.0285,3.8909],[33.1798,3.7761],[33.1812,3.776],[33.51476915909404,3.7522022002804616],[33.5953,3.8336],[33.86971077233494,4.111129985427643],[33.938377909507444,4.180653104238258],[33.952820721686315,4.195275955698464],[33.9885,4.2314],[33.9938,4.2253],[34.4118,4.6326],[34.47741555075594,4.6324142548596114],[35.9308,4.6283],[35.930826329163764,4.628257694006204],[35.951,4.6282],[35.8061,4.8466],[35.7957,4.9908],[35.8061,5.0746],[35.839857049230304,5.12992022557537],[35.84885455682851,5.205435590231518],[35.8271,5.2536],[35.8421,5.2821],[35.84983413219191,5.213657088237202],[35.8626,5.3208],[35.61463476209985,5.401039916895885],[35.6265,5.3835],[35.6216,5.383],[35.5619,5.414],[35.57449558055348,5.414028691527457],[35.5409,5.4249],[35.51188120973816,5.413899824620676],[35.512,5.4139],[35.3106,5.3376],[35.3088,5.4136],[35.30881122471557,5.413600016571922],[35.3067,5.5033],[35.127,5.6292],[34.9979,5.8986],[35.0117,6.0082],[34.9585,6.2437],[35.0205,6.4501],[34.9634,6.5072],[34.8904,6.6014],[34.7688,6.5947],[34.652,6.733],[34.5389,6.7597],[34.4731,6.9169],[34.3337,6.9223],[34.2723,7.0046],[34.1894,7.0422],[34.1897,7.1317],[34.0206,7.2489],[34.0367,7.3565],[33.9494,7.5071],[33.8684,7.5164],[33.6743,7.6982],[33.4951,7.7319],[33.3201,7.7095],[33.2476,7.7796],[33.046,7.7903],[33.0004,7.8731],[33.0364,7.9879],[33.1211,8.1041],[33.1928,8.1276],[33.1697,8.2913],[33.22,8.4351],[33.2702,8.4626],[33.3971,8.4271],[33.4966,8.4816],[33.6407,8.4637],[33.7003,8.3774],[33.7686,8.3665],[33.9028,8.4851],[34.0234,8.4909],[34.0806,8.6353],[34.1469,8.6453],[34.1348,9.198],[34.1089,9.4985],[33.8996,9.4985],[33.8996,9.4987],[33.8991,9.6018],[33.9924,9.9095],[33.9928,9.9108],[33.9701,10.1482],[33.9015,10.1615],[33.7932,10.3384],[33.7927,10.3391],[33.4993,10.6408],[33.4827,10.6579],[33.3601,10.6939],[33.2191,10.735],[33.2424,10.7821],[33.2657,10.8292],[33.2646,10.8359],[33.2508,10.9196],[33.2323,11.0322],[33.1406,11.6281],[33.1748,11.7406],[33.296,12.2059],[33.2977,12.2119],[33.2973,12.2119],[33.255,12.2144],[32.8696,12.2304],[32.749,12.2356],[32.7305,12.2364],[32.7428,11.9999],[32.7414,11.9476],[32.7414,11.9468],[32.1379,11.9451],[32.1279,11.9451],[32.1255,11.9451],[32.1066,11.9449],[32.3844,11.6965],[32.3891,11.1791],[32.4452,11.0186],[32.4599,10.9764],[32.1929,10.7142],[32.2091,10.6214],[32.2286,10.5096],[32.1547,10.4667],[32.1124,10.4713],[31.9335,10.4905],[31.8063,10.3337],[31.7886,10.3037],[31.7175,10.2243],[31.5386,10.0037],[31.4441,9.8968],[31.4337,9.8877],[31.3867,9.8468],[31.3661,9.8198],[31.3201,9.7889],[31.2887,9.7615],[31.278,9.7605],[30.8274,9.7189],[30.5581,9.9373],[30.13,10.2054],[30.1064,10.2218],[30.0876,10.2319],[29.9967,10.2888],[29.9825,10.2883],[29.9819,10.2886],[29.981,10.2882],[29.5741,10.0997],[29.5391,10.0817],[29.5391,10.0808],[29.5381,9.7502],[29.5381,9.7501],[29.0985,9.7538],[29.0794,9.7377],[29.0003,9.6713],[29,10.1667],[28.9998,10.1667],[28.9998,9.6709],[28.9874,9.6581],[28.9343,9.6035],[28.8163,9.4972],[28.8058,9.4878],[28.7764,9.3775],[28.7692,9.3506],[28.7686,9.3484],[28.039,9.3432],[28.0386,9.3439],[28.0065,9.4051]]],[[[27.833,9.8574],[27.8363,10.1664],[28.0009,10.1667],[27.8333,10.1667],[27.833,9.8574]]],[[[32.0624,3.5801],[32.062,3.5796],[32.0622,3.5795],[32.0622,3.5798],[32.0624,3.5801]]]]},"properties":{"iso3":"SSD"}},
{"type":"Feature","geometry":{"type":"Polygon","coordinates":[[[15.5277,16.8089],[15.5234,16.6979],[14.7913,16.1004],[13.9174,15.1054],[13.8925,15.072],[13.7964,14.8777],[13.8206,14.7407],[13.8083,14.7328],[13.6907,14.6574],[13.6897,14.6446],[13.6859,14.5973],[13.6834,14.5664],[13.4896,14.4759],[13.4681,14.4165],[13.5859,13.9209],[13.6133,13.8026],[13.6334,13.7136],[13.634,13.7127],[13.7371,13.5658],[13.8962,13.3389],[13.9541,13.2594],[14.0829,13.0824],[14.0832,13.081],[14.0841,13.0798],[14.0833,13.0833],[14.4667,13.0833],[14.5109,13.0011],[14.529,12.9751],[14.5304,12.9649],[14.572,12.8876],[14.5546,12.7876],[14.5555,12.7809],[14.5682,12.7739],[14.718,12.7222],[14.7151,12.6927],[14.7367,12.6808],[14.7457,12.6887],[14.7544,12.671],[14.8219,12.6337],[14.8325,12.6335],[14.8351,12.5933],[14.8486,12.4608],[14.9084,12.3838],[14.9082,12.3821],[14.9105,12.3792],[14.9084,12.1851],[14.9536,12.104],[14.9611,12.0973],[14.9666,12.0973],[15.0378,12.1041],[15.0858,11.9958],[15.0855,11.9948],[15.0867,11.9923],[15.0829,11.9843],[15.0564,11.8792],[15.1168,11.7965],[15.1228,11.791],[15.0753,11.7258],[15.0656,11.7108],[15.0701,11.7006],[15.1448,11.5623],[15.1381,11.5472],[15.0493,11.3455],[15.0513,11.3371],[15.1001,11.1321],[15.1106,11.0881],[15.0535,11.006],[15.0487,10.9991],[15.0637,10.9606],[15.0945,10.8816],[15.0859,10.8621],[15.1163,10.7275],[15.1191,10.7099],[15.1459,10.5384],[15.1473,10.5374],[15.1706,10.5208],[15.2398,10.4716],[15.2411,10.4707],[15.3102,10.3075],[15.494,10.1118],[15.514,10.0906],[15.6644,10.013],[15.6749,10.0069],[15.668,9.9937],[15.659,9.9765],[15.435,9.9333],[15.4258,9.9362],[15.4139,9.9334],[15.1542,9.9767],[15.1102,9.984],[15.0666,9.9771],[14.8925,9.9496],[14.8024,9.9353],[14.7811,9.9377],[14.7249,9.9441],[14.2827,9.9944],[14.2042,10.0033],[14.1421,9.8548],[14.1295,9.8245],[14.0338,9.7116],[13.9751,9.6424],[14.2836,9.3613],[14.3732,9.2941],[14.3487,9.2043],[14.4869,9.0617],[14.4895,9.0591],[14.8336,8.8139],[14.8597,8.8119],[14.8993,8.814],[14.9836,8.6879],[15.037,8.6758],[15.1069,8.6734],[15.2076,8.6107],[15.236,8.5011],[15.2485,8.4615],[15.3406,8.2083],[15.3561,8.178],[15.3962,8.0552],[15.4517,7.8853],[15.5063,7.792],[15.5915,7.7663],[15.5902,7.7134],[15.5893,7.6799],[15.5827,7.6573],[15.5618,7.5853],[15.5035,7.5252],[15.7279,7.5191],[15.7688,7.4801],[15.8096,7.4411],[15.8097,7.4411],[15.8415,7.4498],[15.9901,7.4903],[16.0661,7.5819],[16.2331,7.6083],[16.3927,7.6712],[16.439,7.8052],[16.4891,7.7903],[16.5959,7.8802],[16.5946,7.7689],[16.5948,7.7688],[16.668,7.7383],[16.6675,7.699],[16.8366,7.5369],[16.8439,7.5299],[16.908,7.5582],[16.9009,7.6165],[16.9706,7.6258],[17.0403,7.635],[17.0913,7.6921],[17.1604,7.6668],[17.2822,7.8017],[17.2869,7.804],[17.4678,7.8939],[17.515,7.8687],[17.5151,7.8687],[17.6203,7.9454],[17.72,7.9781],[17.7232,7.9778],[17.7223,7.9789],[17.9216,7.9586],[17.9217,7.9586],[17.9218,7.9586],[18.2141,8.0194],[18.2135,8.0227],[18.618,8.0525],[18.6577,8.1949],[18.6588,8.1955],[18.8372,8.2889],[19.0462,8.5751],[19.1056,8.6984],[18.8625,8.8526],[18.9469,8.9275],[19.0225,8.9944],[19.0232,8.9951],[19.7419,9.0379],[19.94,9.0864],[19.9853,9.1061],[20.0996,9.1557],[20.1015,9.1565],[20.1029,9.1563],[20.3373,9.13],[20.3943,9.144],[20.4378,9.1608],[20.5286,9.3371],[20.6378,9.3179],[20.6669,9.3983],[20.8204,9.4286],[20.8209,9.4292],[20.988,9.6208],[20.9916,9.6856],[20.9951,9.7471],[21.0277,9.7593],[21.1153,9.792],[21.1724,9.8736],[21.2541,9.9904],[21.2554,9.9904],[21.385,9.9918],[21.5367,10.2269],[21.5427,10.2271],[21.6685,10.232],[21.7282,10.3018],[21.7709,10.4117],[21.7175,10.5078],[21.7335,10.654],[21.7336,10.654],[21.7886,10.6694],[21.7884,10.7946],[21.8325,10.8394],[22.1518,10.876],[22.468,10.9987],[22.4801,10.9967],[22.509,11.0073],[22.8758,10.9321],[22.8778,10.9316],[22.8894,10.9669],[22.9127,11.0268],[22.9817,11.2043],[22.9867,11.2171],[22.9883,11.2212],[22.979,11.3023],[22.9674,11.3065],[22.9419,11.4244],[22.9419,11.4247],[22.9418,11.4247],[22.9415,11.4261],[22.7869,11.4062],[22.769,11.4622],[22.5652,11.6272],[22.5618,11.6306],[22.6405,12.0698],[22.5973,12.0604],[22.5922,12.0604],[22.5857,12.0579],[22.4844,12.036],[22.4798,12.0608],[22.4919,12.185],[22.4763,12.239],[22.4354,12.3806],[22.3652,12.4458],[22.3648,12.4461],[22.4586,12.6334],[22.3126,12.7011],[22.1965,12.7549],[22.1945,12.7558],[22.1511,12.6737],[21.947,12.624],[21.946,12.6254],[21.8159,12.8062],[21.8151,12.8073],[21.9004,12.9866],[21.9021,12.9902],[21.9359,13.0612],[22.0102,13.1426],[22.1354,13.1711],[22.1551,13.1943],[22.2905,13.3538],[22.2857,13.3612],[22.2177,13.4669],[22.2234,13.5298],[22.2251,13.5487],[22.1722,13.6281],[22.0866,13.7925],[22.1993,13.9155],[22.3853,14.0234],[22.5349,14.1102],[22.5682,14.1843],[22.5647,14.187],[22.5294,14.2412],[22.4967,14.2383],[22.4367,14.2836],[22.4275,14.2958],[22.4276,14.2964],[22.4573,14.3425],[22.4437,14.4748],[22.4445,14.4835],[22.3831,14.5139],[22.3922,14.5451],[22.4002,14.5687],[22.4094,14.5956],[22.7123,14.6953],[22.7156,14.6964],[22.6779,14.8453],[22.7582,14.896],[22.7825,14.9836],[22.8334,15.0461],[22.9147,15.0894],[22.9296,15.0974],[22.9353,15.1004],[22.9351,15.1083],[22.9947,15.2265],[23.0045,15.2356],[22.9888,15.4149],[22.949,15.4579],[22.9187,15.4907],[22.9271,15.5532],[22.9272,15.5536],[23.1157,15.7133],[23.3057,15.6993],[23.3508,15.6941],[23.3567,15.6956],[23.3859,15.7031],[23.5693,15.7502],[23.6066,15.7597],[23.7058,15.754],[23.992,15.7124],[23.9923,15.7133],[24,16.2801],[24,16.4554],[24,19.5],[22.3429,20.3161],[22.3415,20.3167],[22.3409,20.317],[20.984,20.9853],[19.1864,21.8705],[16.9105,22.991],[16,23.4394],[14.9984,22.9972],[15.0533,22.7112],[15.1352,22.3584],[15.1447,22.2352],[15.1978,21.5466],[15.2003,21.5136],[15.2348,21.4675],[15.6106,20.9652],[15.5849,20.9209],[15.5526,20.8651],[15.5493,20.8594],[15.5732,20.7828],[15.9896,20.3385],[15.997,20.3306],[15.7588,19.9355],[15.6579,19.1648],[15.5732,18.0036],[15.5732,17.9942],[15.5349,16.9983],[15.5277,16.8089]]]},"properties":{"iso3":"TCD"}},
{"type":"Feature","geometry":{"type":"MultiPolygon","coordinates":[[[[35.2561,-1.687],[34.808457841021024,-1.4307719369023324],[34.78284074033607,-1.4162898113044258],[34.7305,-1.3867],[34.376091418932546,-1.186441417626241],[34.09270649538275,-1.0263147556666188],[34.0246,-1.1099],[33.9711,-1.1048],[34.0081,-1.139],[33.8604,-1.2514],[33.9809,-1.3508],[33.7992,-1.3257],[33.8534,-1.4048],[33.778,-1.4047],[33.933,-1.512],[33.9333,-1.5127],[33.9337,-1.5133],[33.8544,-1.5314],[33.8029,-1.4736],[33.7414,-1.4912],[33.647,-1.478],[33.689,-1.537],[33.6159,-1.5631],[33.7118,-1.6554],[33.5403,-1.6746],[33.6564,-1.7746],[33.574,-1.7604],[33.4948,-1.8416],[33.4442,-1.8377],[33.4473,-1.7891],[33.3736,-1.7966],[33.2879,-1.9371],[33.3786,-1.9127],[33.4512,-1.8815],[33.4666,-1.9584],[33.5345,-1.9599],[33.5535,-2.0125],[33.3979,-1.9679],[33.3998,-2.0418],[33.341,-2.0108],[33.311,-2.045],[33.288,-1.9869],[33.3038,-2.0729],[33.2111,-2.0336],[33.2196,-2.1451],[33.2733,-2.095],[33.3567,-2.1725],[33.4588,-2.1545],[33.6149,-2.1879],[33.7769,-2.0658],[33.8325,-2.1963],[33.8339,-2.2441],[33.6613,-2.2974],[33.5497,-2.3795],[33.5707,-2.4183],[33.4961,-2.4404],[33.5466,-2.4658],[33.588,-2.4623],[33.5647,-2.5052],[33.4744,-2.4867],[33.3967,-2.5542],[33.3428,-2.489],[33.2889,-2.5437],[33.2955,-2.5051],[33.1928,-2.5133],[33.1375,-2.3986],[33.0792,-2.3859],[32.9326,-2.4078],[32.8743,-2.47],[32.8979,-2.5124],[32.8843,-2.5524],[32.8843,-2.5522],[32.8819,-2.5528],[32.8819,-2.5536],[32.8838,-2.5539],[32.8601,-2.6238],[32.8927,-2.6432],[32.9223,-2.6849],[32.8856,-2.707],[32.9683,-2.7935],[32.9336,-2.8236],[33.0206,-2.8812],[32.9095,-2.8353],[32.9096,-2.7925],[32.7746,-2.9995],[32.7613,-2.9885],[32.8029,-2.8775],[32.7202,-2.8659],[32.8527,-2.8269],[32.8755,-2.7741],[32.8029,-2.6278],[32.8454,-2.5847],[32.8334,-2.489],[32.7524,-2.5324],[32.7435,-2.4912],[32.6603,-2.4886],[32.662,-2.4856],[32.6899,-2.4815],[32.7063,-2.4677],[32.6672,-2.3607],[32.5264,-2.5608],[32.5247,-2.5601],[32.5218,-2.5566],[32.5153,-2.5531],[32.5083,-2.5342],[32.5434,-2.4428],[32.4291,-2.4761],[32.4232,-2.4632],[32.4416,-2.4408],[32.3767,-2.416],[32.3027,-2.2583],[32.2499,-2.2815],[32.2244,-2.2448],[32.2335,-2.3157],[32.1603,-2.3894],[32.0598,-2.3849],[32.118,-2.4759],[32.1628,-2.4837],[32.1889,-2.5063],[32.1353,-2.5497],[32.0131,-2.4898],[32.004,-2.5909],[31.9309,-2.6037],[32.0379,-2.7728],[31.9785,-2.7786],[31.9453,-2.6561],[31.8948,-2.6368],[31.8841,-2.6574],[31.9146,-2.7201],[31.8693,-2.7581],[31.8733,-2.6946],[31.8281,-2.6895],[31.8248,-2.7991],[31.7816,-2.8385],[31.7628,-2.6577],[31.8602,-2.6132],[31.8146,-2.6006],[31.7562,-2.6307],[31.7317,-2.5576],[31.7177,-2.5065],[31.7985,-2.4904],[31.7681,-2.4112],[31.7458,-2.2978],[31.6647,-2.3314],[31.7075,-2.0041],[31.6016,-2.0806],[31.6881,-1.8921],[31.7484,-1.5113],[31.7579,-1.4591],[31.802,-1.476],[31.814,-1.38],[31.8585,-1.2818],[31.8765,-1.0404],[31.8288,-1.004],[31.7714,-1.075],[31.790966699151067,-0.9992768742853709],[31.2708,-0.9993],[31.211276388888887,-0.9976],[30.799,-0.9976],[30.64656646808196,-1.0624947101462674],[30.6331,-1.0712],[30.50104892052667,-1.066108179547409],[30.498,-1.1621],[30.5673,-1.3347],[30.7418,-1.3977],[30.7251,-1.4975],[30.7862,-1.5693],[30.8382,-1.6113],[30.8596,-1.6394],[30.8899,-1.5981],[30.9245,-1.6751],[30.8982,-1.729],[30.8419,-1.6372],[30.8367,-1.8536],[30.7752,-1.9361],[30.8117,-1.9369],[30.808,-2.023],[30.8416,-2.008],[30.8955,-2.077],[30.8474,-2.2561],[30.7784,-2.3847],[30.7156,-2.3531],[30.6567,-2.407],[30.5395,-2.4068],[30.4185,-2.6589],[30.5278,-2.6636],[30.4389,-2.7434],[30.4106,-2.8676],[30.5028,-2.9513],[30.5876,-2.9099],[30.6677,-2.991],[30.8496,-2.9774],[30.7959,-3.0526],[30.8402,-3.2522],[30.6659,-3.317],[30.6364,-3.3542],[30.6697,-3.4186],[30.5096,-3.5269],[30.4454,-3.565],[30.3865,-3.7118],[30.4013,-3.7947],[30.3292,-3.7849],[30.1514,-4.1182],[30.078,-4.1644],[30.0414,-4.2739],[29.8673,-4.3808],[29.8126,-4.3625],[29.7595,-4.4647],[29.6599,-4.4488],[29.6147,-4.8529],[29.5907,-4.9107],[29.6682,-4.9166],[29.7307,-4.9682],[29.8255,-5.1446],[29.7484,-5.4611],[29.8403,-5.5524],[29.9516,-5.8153],[29.9461,-5.9123],[29.8687,-5.9628],[29.7315,-6.038],[29.7244,-6.2419],[29.9493,-6.5047],[30.1416,-6.4476],[30.2451,-6.5707],[30.3376,-6.636],[30.3974,-6.801],[30.5031,-6.913],[30.5751,-6.9843],[30.5209,-7.1241],[30.6184,-7.3862],[30.5842,-7.4705],[30.5835,-7.4694],[30.5736,-7.4578],[30.5694,-7.4745],[30.5821,-7.4758],[30.5741,-7.4955],[30.7789,-7.8248],[30.9709,-8.1392],[30.9389,-8.1718],[30.9812,-8.2753],[31.0202,-8.2826],[31.1487,-8.4216],[31.1771,-8.5978],[31.181151946694303,-8.599119776923287],[31.2117,-8.5835],[31.275204532937934,-8.629754047871213],[31.28047402072087,-8.631470395320513],[31.365616702386056,-8.591654193456208],[31.3745,-8.5875],[31.4073,-8.6375],[31.5699,-8.704],[31.576352273800502,-8.79522416894541],[31.57918097736616,-8.835217222549225],[31.681,-8.9132],[31.77113244310766,-8.902664354984493],[31.8014,-8.8851],[31.842040083824525,-8.894375910716011],[31.874326661051747,-8.901745172279998],[31.9416,-8.9171],[31.94112465737577,-8.927426059985919],[31.939913095868008,-8.953745300399245],[31.938142806976472,-8.99220200163877],[31.992,-9.0696],[32.1133,-9.0549],[32.12600165967162,-9.061829025797367],[32.1552,-9.059],[32.25276280585555,-9.129107945916301],[32.28829846731061,-9.128105372395625],[32.4371,-9.1175],[32.49161415132996,-9.148427238456495],[32.49223625879543,-9.14878017554642],[32.4928,-9.1491],[32.544612452639505,-9.25471005672113],[32.7319,-9.2773],[32.73731192312404,-9.280830671757185],[32.7553,-9.2832],[32.75815100470286,-9.294425831017525],[32.8743,-9.3702],[32.90336494304496,-9.386323998924405],[32.94224349736782,-9.39499564264758],[32.9593,-9.3988],[32.9586,-9.406],[33.0001,-9.3673],[33.1445,-9.4933],[33.326,-9.4861],[33.4439,-9.6145],[33.48469535504326,-9.621563076395548],[33.486710369667,-9.621911944599063],[33.5346804603923,-9.611366795344795],[33.5866,-9.5792],[33.62555777443739,-9.591389454757298],[33.671,-9.5814],[33.69929512311,-9.614147152969965],[33.7231,-9.5833],[33.77327897979079,-9.586559658136016],[33.7739,-9.5866],[33.77408192090395,-9.586744856849984],[33.92423520412608,-9.706306331917151],[33.9422,-9.688],[33.9689,-9.5213],[34.0731,-9.5297],[34.3156,-9.7442],[34.4997,-9.9878],[34.5871,-10.4681],[34.5707,-10.5292],[34.6817,-10.7567],[34.6729,-10.9339],[34.6115,-11.0269],[34.637,-11.1143],[34.7595,-11.2099],[34.7941,-11.3221],[34.9275,-11.3959],[34.9597,-11.5727],[35.3946,-11.5701],[35.4873,-11.568],[35.612,-11.5652],[35.6143,-11.5635],[35.7386,-11.4736],[35.7778,-11.4541],[35.8584,-11.4138],[35.8665,-11.4098],[35.8666,-11.4098],[35.9435,-11.4215],[35.9445,-11.4224],[35.9927,-11.4686],[36.0651,-11.5379],[36.1176,-11.5096],[36.1467,-11.5578],[36.1525,-11.5674],[36.1527,-11.5672],[36.1551,-11.5709],[36.182,-11.5488],[36.1816,-11.6601],[36.1917,-11.6705],[36.2111,-11.6905],[36.2244,-11.7042],[36.2415,-11.7025],[36.289,-11.7212],[36.4914,-11.6822],[36.5158,-11.7623],[36.5184,-11.7592],[36.5192,-11.7616],[36.5738,-11.6998],[36.6278,-11.731],[36.6685,-11.7058],[36.7061,-11.6825],[36.767,-11.6447],[36.801,-11.5734],[36.8046,-11.5693],[36.9261,-11.608],[37.021,-11.5862],[37.4147,-11.6863],[37.5014,-11.6163],[37.5124,-11.6134],[37.5826,-11.6208],[37.7237,-11.5574],[37.7471,-11.5469],[37.8302,-11.3066],[37.9281,-11.2554],[38.1131,-11.2563],[38.2639,-11.2819],[38.3245,-11.3235],[38.4692,-11.411],[38.4868,-11.4216],[38.582,-11.3395],[38.6423,-11.2876],[38.6849,-11.2819],[38.8792,-11.1729],[38.9966,-11.1681],[39.24,-11.1757],[39.3778,-11.0758],[39.5114,-10.9943],[39.5188,-10.9871],[39.9144,-10.8283],[40.0427,-10.7717],[40.4113,-10.5026],[40.3423,-10.4684],[40.3441,-10.4121],[40.4447,-10.3464],[40.3991,-10.2918],[40.3752,-10.3458],[40.3275,-10.3502],[40.3305,-10.294],[40.2905,-10.3005],[40.2388,-10.2013],[40.1925,-10.2326],[40.2496,-10.2599],[40.2135,-10.2749],[40.1304,-10.2532],[40.1302,-10.1775],[39.9953,-10.1261],[39.9995,-10.2084],[39.9644,-10.1996],[39.9757,-10.0871],[39.8076,-9.971],[39.6793,-10.0663],[39.6911,-10.0997],[39.6671,-10.1324],[39.6701,-10.1054],[39.6576,-10.0727],[39.6843,-10.0387],[39.6482,-10.011],[39.6988,-10.0316],[39.7121,-9.9518],[39.7882,-9.9226],[39.733,-9.8912],[39.8052,-9.8577],[39.7605,-9.7788],[39.7474,-9.739],[39.6516,-9.4568],[39.5511,-9.3808],[39.6028,-9.406],[39.6563,-9.354],[39.6349,-9.1814],[39.5627,-9.0946],[39.5114,-9.1309],[39.4387,-9.0513],[39.5393,-9.0115],[39.5402,-8.9465],[39.4661,-8.9357],[39.4072,-8.9853],[39.3938,-8.9341],[39.3654,-8.989],[39.3497,-8.9393],[39.4234,-8.8534],[39.5108,-8.9404],[39.5543,-8.921],[39.496,-8.8004],[39.3658,-8.7156],[39.3489,-8.5832],[39.3089,-8.5403],[39.2838,-8.578],[39.316,-8.3607],[39.2918,-8.389],[39.2455,-8.2637],[39.2577,-8.2154],[39.2586,-8.2159],[39.2579,-8.2148],[39.2732,-8.1544],[39.2878,-8.1912],[39.3043,-8.1663],[39.2794,-8.1575],[39.255,-8.1094],[39.2637,-8.0997],[39.3019,-8.1211],[39.3197,-8.103],[39.2525,-8.0489],[39.221,-7.9375],[39.1556,-7.9843],[39.1153,-7.9794],[39.1165,-7.9779],[39.1194,-7.9756],[39.1283,-7.976],[39.1285,-7.9733],[39.1296,-7.9733],[39.1304,-7.9743],[39.1331,-7.9747],[39.1364,-7.9769],[39.1362,-7.9759],[39.1375,-7.9733],[39.1461,-7.9693],[39.1528,-7.9729],[39.1569,-7.981],[39.1568,-7.9828],[39.1548,-7.9829],[39.1558,-7.984],[39.1594,-7.981],[39.1586,-7.9782],[39.1594,-7.9748],[39.1554,-7.9733],[39.1553,-7.9712],[39.1738,-7.9493],[39.1768,-7.9474],[39.1782,-7.9474],[39.1794,-7.9513],[39.1884,-7.9488],[39.1917,-7.9514],[39.1924,-7.9487],[39.1126,-7.8937],[39.2569,-7.9227],[39.2448,-7.9076],[39.2469,-7.9059],[39.2441,-7.9026],[39.2417,-7.9037],[39.1981,-7.8489],[39.3041,-7.7436],[39.2846,-7.5505],[39.4463,-7.1793],[39.5087,-7.1761],[39.5444,-7.1177],[39.5441,-6.9847],[39.4744,-6.8623],[39.3132,-6.813],[39.3131,-6.8841],[39.2813,-6.8739],[39.2842,-6.825],[39.2842,-6.8249],[39.2805,-6.7938],[39.2842,-6.7371],[39.2444,-6.7486],[39.1206,-6.5641],[39.0745,-6.5248],[38.9132,-6.4428],[38.8483,-6.3499],[38.863,-6.1714],[38.7821,-6.0596],[38.7958,-5.9623],[38.8945,-5.6968],[39.0425,-5.3497],[39.0724,-5.257],[39.1272,-5.0774],[39.107,-5.0615],[39.0503,-5.0433],[39.1313,-5.0222],[39.0932,-4.9739],[39.1422,-4.9616],[39.0913,-4.9224],[39.1078,-4.8868],[39.1357,-4.9178],[39.1476,-4.824],[39.1898,-4.8633],[39.1748,-4.9375],[39.2114,-4.8574],[39.2145,-4.7901],[39.1653,-4.7842],[39.19384910233411,-4.6674427077299265],[38.75979510712572,-4.360275698096202],[38.46930717071057,-4.154706087521664],[38.4036,-4.1087],[37.9527,-3.7926],[37.949584324057064,-3.789885534482906],[37.785,-3.6744],[37.77288536210846,-3.635940372052471],[37.74368214866106,-3.543230648979015],[37.74322767563383,-3.5417878602059636],[37.6027,-3.5182],[37.591362504195374,-3.443110893170913],[37.5844,-3.4381],[37.589798528479044,-3.432752561695836],[37.5897,-3.4321],[37.6155,-3.4032],[37.70998273568154,-3.3037497177526576],[37.70587230703728,-3.2742019767654034],[37.6921,-3.1752],[37.6719,-3.0587],[37.5334,-2.9661],[37.44758923772436,-2.917877620156083],[37.424243662553614,-2.9047582961493577],[36.074942814343366,-2.14650261468709],[36.0002,-2.1045],[35.7458952558984,-1.9607337990736953],[35.2561,-1.687]],[[35.8731,-3.6257],[35.759,-3.8041],[35.7384,-3.6105],[35.7778,-3.559],[35.8327,-3.4242],[35.8898,-3.4549],[35.8731,-3.6257]],[[34.7871,-3.7943],[34.845,-3.7324],[34.7502,-3.7751],[34.7618,-3.7006],[34.8322,-3.6156],[34.891,-3.6218],[34.9934,-3.6082],[35.1677,-3.4697],[35.2697,-3.3515],[35.312,-3.387],[35.3546,-3.4705],[35.2405,-3.5269],[35.2374,-3.6161],[34.8187,-3.8179],[34.7871,-3.7943]],[[37.41,-3.6881],[37.368,-3.6465],[37.4167,-3.6096],[37.466,-3.5856],[37.41,-3.6881]],[[36.2244,-11.7042],[36.2241,-11.7026],[36.2242,-11.7025],[36.2244,-11.7042]],[[31.2325,-5.2409],[31.2029,-5.1983],[31.2893,-5.2884],[31.3475,-5.2353],[31.427,-5.3159],[31.2643,-5.2841],[31.2325,-5.2409]],[[31.5705,-7.5824],[31.7956,-7.4201],[32.0423,-7.6118],[32.9304,-8.4136],[32.8844,-8.4995],[32.6602,-8.4709],[32.4777,-8.321],[32.4458,-8.2421],[32.3922,-8.1371],[32.284,-8.0774],[32.256,-8.1944],[32.2154,-8.163],[32.0507,-8.2008],[31.8072,-7.7394],[31.6595,-7.7023],[31.5705,-7.5824]],[[31.57,-1.4321],[31.5905,-1.4523],[31.5859,-1.4857],[31.518,-1.4828],[31.57,-1.4321]],[[30.7654,-1.418],[30.8332,-1.4125],[30.8388,-1.4566],[30.7643,-1.4627],[30.7654,-1.418]],[[33.5465,-9.5995],[33.5473,-9.5994],[33.5447,-9.6004],[33.545,-9.5998],[33.5465,-9.5995]]],[[[39.1272,-5.0774],[39.1277,-5.0774],[39.1278,-5.0773],[39.1275,-5.0773],[39.1272,-5.0774]]],[[[39.107,-5.0615],[39.1073,-5.0613],[39.1069,-5.0609],[39.1071,-5.0613],[39.107,-5.0615]]],[[[39.3974,-7.547],[39.3996,-7.525],[39.3959,-7.523],[39.3678,-7.5391],[39.3974,-7.547]]],[[[39.4146,-7.4197],[39.4053,-7.3949],[39.3992,-7.3945],[39.3728,-7.4085],[39.4146,-7.4197]]],[[[39.2965,-8.2479],[39.3013,-8.2479],[39.3004,-8.245],[39.2965,-8.2479]]],[[[39.2805,-8.2476],[39.2848,-8.2469],[39.2844,-8.2417],[39.2808,-8.2413],[39.2805,-8.2476]]],[[[39.2736,-8.248],[39.2759,-8.2461],[39.2734,-8.2364],[39.2759,-8.2359],[39.2709,-8.2366],[39.2736,-8.248]]],[[[39.296,-8.2415],[39.2943,-8.2393],[39.2917,-8.2385],[39.2904,-8.2407],[39.296,-8.2415]]],[[[39.2843,-8.2367],[39.2845,-8.2361],[39.2835,-8.2349],[39.2828,-8.2355],[39.2843,-8.2367]]],[[[39.2931,-8.2321],[39.2994,-8.2352],[39.3009,-8.2331],[39.3026,-8.2296],[39.2931,-8.2321]]],[[[39.3018,-8.2239],[39.3013,-8.2233],[39.298,-8.2231],[39.2998,-8.2292],[39.3018,-8.2239]]],[[[39.2933,-8.2192],[39.2946,-8.2216],[39.2962,-8.2208],[39.2962,-8.2184],[39.2933,-8.2192]]],[[[39.2603,-8.2174],[39.2596,-8.2211],[39.2601,-8.2195],[39.2611,-8.22],[39.2603,-8.2174]]],[[[39.2846,-8.2149],[39.2827,-8.2164],[39.2832,-8.2183],[39.2853,-8.2204],[39.2846,-8.2149]]],[[[39.2705,-8.2266],[39.2764,-8.2043],[39.2722,-8.2046],[39.2609,-8.2102],[39.2705,-8.2266]]],[[[39.3007,-8.2167],[39.3011,-8.2152],[39.2983,-8.2136],[39.2975,-8.2155],[39.3007,-8.2167]]],[[[39.2901,-8.2117],[39.2877,-8.2111],[39.2952,-8.2154],[39.2943,-8.2128],[39.2901,-8.2117]]],[[[39.2912,-8.2043],[39.2913,-8.2052],[39.2948,-8.206],[39.2946,-8.2036],[39.2912,-8.2043]]],[[[39.2934,-8.0122],[39.2931,-8.0166],[39.2966,-8.0189],[39.2986,-8.0148],[39.2934,-8.0122]]],[[[39.2971,-8.0005],[39.2947,-8.0028],[39.2941,-8.0079],[39.2992,-8.0026],[39.2971,-8.0005]]],[[[39.277,-7.9837],[39.2601,-7.9868],[39.2612,-8.0083],[39.2431,-8.0051],[39.2725,-8.0151],[39.2715,-7.986],[39.277,-7.9837]]],[[[39.2759,-7.9965],[39.2749,-7.9995],[39.2782,-7.997],[39.2835,-7.9937],[39.2759,-7.9965]]],[[[39.2914,-7.9803],[39.295,-7.9738],[39.2883,-7.9779],[39.2977,-7.9921],[39.2914,-7.9803]]],[[[39.2838,-7.9737],[39.2908,-7.987],[39.2879,-7.9807],[39.2859,-7.9737],[39.2838,-7.9737]]],[[[39.2451,-7.9773],[39.2467,-7.9754],[39.2452,-7.9715],[39.243,-7.9707],[39.2451,-7.9773]]],[[[39.2401,-7.9727],[39.2408,-7.9747],[39.2413,-7.9735],[39.2416,-7.9728],[39.2401,-7.9727]]],[[[39.2979,-7.9709],[39.3026,-7.9725],[39.3034,-7.9667],[39.3028,-7.9665],[39.2979,-7.9709]]],[[[39.2917,-7.9707],[39.2966,-7.9699],[39.3006,-7.9645],[39.2988,-7.9637],[39.2917,-7.9707]]],[[[39.2909,-7.9352],[39.2935,-7.94],[39.2975,-7.9387],[39.2939,-7.9345],[39.2909,-7.9352]]],[[[39.2712,-7.9174],[39.2725,-7.9202],[39.2726,-7.9156],[39.2784,-7.9086],[39.2714,-7.9132],[39.2715,-7.9097],[39.2358,-7.9627],[39.2789,-7.9563],[39.2699,-7.9462],[39.2712,-7.9174]]],[[[39.2933,-7.934],[39.2972,-7.9346],[39.2989,-7.9352],[39.2975,-7.9334],[39.2933,-7.934]]],[[[39.2268,-7.9283],[39.2244,-7.9315],[39.2261,-7.9329],[39.2273,-7.9329],[39.2268,-7.9283]]],[[[39.2776,-7.9295],[39.2764,-7.9298],[39.2774,-7.9302],[39.2786,-7.9301],[39.2776,-7.9295]]],[[[39.2993,-7.9266],[39.2955,-7.9321],[39.3,-7.933],[39.2996,-7.9274],[39.3004,-7.9264],[39.2993,-7.9266]]],[[[39.2912,-7.9268],[39.2877,-7.9231],[39.2866,-7.9251],[39.2865,-7.9275],[39.2912,-7.9268]]],[[[39.2825,-7.8877],[39.2848,-7.8909],[39.2864,-7.8899],[39.2828,-7.884],[39.2825,-7.8877]]],[[[39.2746,-7.8799],[39.2692,-7.8874],[39.2698,-7.8898],[39.2729,-7.8866],[39.2746,-7.8799]]],[[[39.2319,-7.875],[39.2289,-7.8744],[39.2274,-7.8675],[39.2194,-7.8601],[39.2298,-7.8837],[39.2319,-7.875]]],[[[39.2371,-7.8654],[39.2371,-7.8641],[39.2362,-7.8645],[39.2361,-7.8649],[39.2371,-7.8654]]],[[[39.2328,-7.8667],[39.234,-7.865],[39.2296,-7.8565],[39.2264,-7.8641],[39.2328,-7.8667]]],[[[39.2983,-7.8553],[39.2988,-7.8578],[39.299,-7.8525],[39.2983,-7.853],[39.2983,-7.8553]]],[[[39.2485,-7.8555],[39.2512,-7.8521],[39.2496,-7.8513],[39.246,-7.8519],[39.2485,-7.8555]]],[[[39.2448,-7.8123],[39.2434,-7.8135],[39.2429,-7.815],[39.2454,-7.8145],[39.2448,-7.8123]]],[[[39.2739,-7.8085],[39.2748,-7.8119],[39.277,-7.8098],[39.276,-7.8091],[39.2739,-7.8085]]],[[[39.3214,-8.2952],[39.3277,-8.2939],[39.3277,-8.2925],[39.3242,-8.2897],[39.3214,-8.2952]]],[[[39.3188,-8.2884],[39.3184,-8.289],[39.3196,-8.2912],[39.3223,-8.2919],[39.3188,-8.2884]]],[[[39.3233,-8.2909],[39.3212,-8.2879],[39.3216,-8.2891],[39.3223,-8.2907],[39.3233,-8.2909]]],[[[39.3288,-8.2479],[39.3258,-8.237],[39.3289,-8.2281],[39.3208,-8.2478],[39.3288,-8.2479]]],[[[39.3121,-8.2188],[39.3133,-8.2176],[39.3119,-8.2155],[39.3099,-8.2156],[39.3121,-8.2188]]],[[[39.3175,-8.2142],[39.3144,-8.2149],[39.3143,-8.2172],[39.318,-8.2161],[39.3175,-8.2142]]],[[[39.3252,-8.2192],[39.3299,-8.2117],[39.3299,-8.2091],[39.3239,-8.2094],[39.3252,-8.2192]]],[[[39.3151,-8.1997],[39.3123,-8.2014],[39.3142,-8.2019],[39.3151,-8.2011],[39.3151,-8.1997]]],[[[39.317,-8.1923],[39.3205,-8.192],[39.3225,-8.1865],[39.3239,-8.1831],[39.317,-8.1923]]],[[[39.3143,-8.1842],[39.3113,-8.175],[39.301,-8.1891],[39.3033,-8.1971],[39.3143,-8.1842]]],[[[39.3285,-8.1812],[39.3287,-8.1764],[39.3274,-8.1762],[39.3267,-8.1813],[39.3285,-8.1812]]],[[[39.3235,-8.181],[39.3281,-8.166],[39.3409,-8.1491],[39.3239,-8.1565],[39.3235,-8.181]]],[[[39.3117,-8.1643],[39.3134,-8.1661],[39.3181,-8.1646],[39.3157,-8.1599],[39.316,-8.1559],[39.3117,-8.1643]]],[[[39.3103,-8.1591],[39.3113,-8.1559],[39.309,-8.1546],[39.3079,-8.1518],[39.3103,-8.1591]]],[[[39.314,-8.1514],[39.3108,-8.1519],[39.312,-8.1531],[39.3129,-8.1533],[39.314,-8.1514]]],[[[39.3095,-8.1493],[39.309,-8.1475],[39.3086,-8.1492],[39.3089,-8.15],[39.3095,-8.1493]]],[[[39.3319,-8.1451],[39.3328,-8.1418],[39.3253,-8.1382],[39.3221,-8.1537],[39.3319,-8.1451]]],[[[39.3122,-8.1458],[39.3213,-8.1483],[39.3216,-8.1466],[39.317,-8.1415],[39.3122,-8.1458]]],[[[39.3233,-8.0636],[39.3218,-8.0655],[39.3211,-8.0673],[39.3226,-8.0692],[39.3233,-8.0636]]],[[[39.3324,-8.0527],[39.3233,-8.0699],[39.3323,-8.0644],[39.3307,-8.0638],[39.3324,-8.0527]]],[[[39.3235,-8.056],[39.3264,-8.0509],[39.3211,-8.0505],[39.3189,-8.0472],[39.3235,-8.056]]],[[[39.3058,-8.0405],[39.3115,-8.0359],[39.2983,-8.0223],[39.2973,-8.0279],[39.3058,-8.0405]]],[[[39.3276,-7.9866],[39.3305,-7.9705],[39.3142,-7.9758],[39.3213,-7.9864],[39.3276,-7.9866]]],[[[39.3069,-7.979],[39.3091,-7.9754],[39.3053,-7.9739],[39.304,-7.9739],[39.3069,-7.979]]],[[[39.308,-7.9711],[39.3066,-7.9706],[39.3048,-7.9724],[39.3055,-7.9731],[39.308,-7.9711]]],[[[39.3208,-7.9717],[39.3225,-7.9709],[39.3205,-7.9706],[39.3185,-7.9696],[39.3153,-7.9693],[39.3208,-7.9717]]],[[[39.3323,-7.9667],[39.3303,-7.9594],[39.3281,-7.9598],[39.3265,-7.9664],[39.3323,-7.9667]]],[[[39.3027,-7.9593],[39.3041,-7.9603],[39.3074,-7.9589],[39.3039,-7.9564],[39.3027,-7.9593]]],[[[39.3023,-7.9459],[39.3005,-7.9506],[39.3064,-7.9522],[39.3072,-7.9513],[39.3023,-7.9459]]],[[[39.3054,-7.9414],[39.3053,-7.9448],[39.3074,-7.9492],[39.3109,-7.9505],[39.3054,-7.9414]]],[[[39.3197,-7.9343],[39.3213,-7.9385],[39.3234,-7.9385],[39.3219,-7.9315],[39.3197,-7.9343]]],[[[39.3251,-7.9266],[39.3244,-7.9279],[39.3249,-7.9326],[39.328,-7.9307],[39.3251,-7.9266]]],[[[39.3325,-7.9304],[39.3321,-7.9217],[39.3289,-7.9198],[39.3255,-7.9183],[39.3325,-7.9304]]],[[[39.313,-7.9172],[39.3202,-7.9181],[39.317,-7.916],[39.3154,-7.9155],[39.313,-7.9172]]],[[[39.3216,-7.9172],[39.325,-7.9182],[39.3288,-7.9165],[39.3321,-7.9106],[39.3216,-7.9172]]],[[[39.3172,-7.8834],[39.3123,-7.8843],[39.3087,-7.8872],[39.3074,-7.8888],[39.3172,-7.8834]]],[[[39.3212,-7.8741],[39.3251,-7.8758],[39.3255,-7.873],[39.3244,-7.8716],[39.3212,-7.8741]]],[[[39.329,-7.8567],[39.3299,-7.8538],[39.3253,-7.8487],[39.3248,-7.8502],[39.329,-7.8567]]],[[[39.309,-7.8473],[39.3133,-7.847],[39.3123,-7.8458],[39.3093,-7.8464],[39.309,-7.8473]]],[[[39.3173,-7.8398],[39.3167,-7.8387],[39.3067,-7.8366],[39.3065,-7.8404],[39.3173,-7.8398]]],[[[39.3286,-7.8309],[39.3244,-7.8261],[39.3194,-7.8257],[39.3163,-7.8264],[39.3286,-7.8309]]],[[[39.3314,-7.8268],[39.3298,-7.8257],[39.3294,-7.8265],[39.3305,-7.8276],[39.3314,-7.8268]]],[[[39.3258,-7.8255],[39.3269,-7.8271],[39.3277,-7.8268],[39.3282,-7.8251],[39.3258,-7.8255]]],[[[39.3287,-7.7602],[39.336,-7.7646],[39.3339,-7.7615],[39.331,-7.7596],[39.3287,-7.7602]]],[[[39.3333,-8.29],[39.3345,-8.2896],[39.3346,-8.2885],[39.3315,-8.2887],[39.3333,-8.29]]],[[[39.3418,-8.2759],[39.3459,-8.2753],[39.3452,-8.2718],[39.3391,-8.2751],[39.3418,-8.2759]]],[[[39.3352,-8.2644],[39.3339,-8.2744],[39.3387,-8.273],[39.338,-8.2682],[39.3352,-8.2644]]],[[[39.3365,-8.2502],[39.334,-8.2462],[39.3345,-8.2485],[39.3354,-8.2503],[39.3365,-8.2502]]],[[[39.335,-8.2427],[39.3357,-8.2454],[39.3376,-8.2422],[39.3433,-8.2351],[39.335,-8.2427]]],[[[39.3315,-8.2475],[39.3399,-8.2289],[39.3357,-8.2327],[39.3341,-8.2203],[39.3315,-8.2475]]],[[[39.3461,-8.2267],[39.3427,-8.2174],[39.3446,-8.2274],[39.3441,-8.2294],[39.3438,-8.2347],[39.3461,-8.2267]]],[[[39.3524,-8.2176],[39.3534,-8.2178],[39.3552,-8.2176],[39.3512,-8.2146],[39.3524,-8.2176]]],[[[39.35,-8.2097],[39.3474,-8.2073],[39.3451,-8.2057],[39.3454,-8.2096],[39.35,-8.2097]]],[[[39.3403,-8.1936],[39.3443,-8.1829],[39.3298,-8.1892],[39.3331,-8.1944],[39.3403,-8.1936]]],[[[39.3525,-8.1729],[39.3492,-8.1748],[39.3496,-8.1765],[39.3521,-8.1753],[39.3525,-8.1729]]],[[[39.3356,-8.1769],[39.3376,-8.177],[39.3401,-8.1743],[39.3376,-8.1722],[39.3356,-8.1769]]],[[[39.3452,-8.1698],[39.3483,-8.1686],[39.3488,-8.1681],[39.35,-8.1647],[39.3452,-8.1698]]],[[[39.3369,-8.166],[39.3375,-8.1677],[39.3388,-8.1668],[39.3387,-8.1658],[39.3369,-8.166]]],[[[39.3337,-8.1661],[39.3359,-8.1671],[39.3357,-8.1644],[39.3348,-8.1639],[39.3337,-8.1661]]],[[[39.343,-8.1624],[39.3404,-8.1685],[39.343,-8.1646],[39.3441,-8.1642],[39.3454,-8.1624],[39.343,-8.1624]]],[[[39.3388,-8.1578],[39.336,-8.1605],[39.3364,-8.1612],[39.3375,-8.1616],[39.3388,-8.1578]]],[[[39.3439,-8.1564],[39.3462,-8.1616],[39.3539,-8.1592],[39.3612,-8.1546],[39.3439,-8.1564]]],[[[39.3421,-8.1546],[39.3558,-8.1528],[39.3614,-8.141],[39.3478,-8.1445],[39.3421,-8.1546]]],[[[39.3377,-8.122],[39.3432,-8.1257],[39.3465,-8.1249],[39.3422,-8.1204],[39.3377,-8.122]]],[[[39.3484,-8.0689],[39.3459,-8.0678],[39.3437,-8.0712],[39.3141,-8.0859],[39.3767,-8.1387],[39.3949,-8.0877],[39.3735,-8.0564],[39.3484,-8.0689]]],[[[39.3388,-8.0646],[39.3509,-8.0675],[39.3492,-8.0607],[39.3456,-8.0643],[39.3388,-8.0646]]],[[[39.3413,-8.047],[39.3459,-8.0424],[39.3452,-8.0379],[39.3403,-8.0415],[39.3413,-8.047]]],[[[39.3481,-8.0205],[39.3389,-8.018],[39.3351,-8.0218],[39.3363,-8.0373],[39.3481,-8.0205]]],[[[39.363,-8.0215],[39.3633,-8.0219],[39.3657,-8.0192],[39.3654,-8.0164],[39.3572,-8.0099],[39.3562,-8.0145],[39.3597,-8.0181],[39.3519,-8.0197],[39.3568,-8.026],[39.363,-8.0215]]],[[[39.3539,-8.0051],[39.3472,-8.0122],[39.3506,-8.0136],[39.353,-8.0106],[39.3539,-8.0051]]],[[[39.3586,-7.9645],[39.3424,-7.9657],[39.3285,-7.9979],[39.3361,-7.9845],[39.3586,-7.9645]]],[[[39.3477,-7.8942],[39.3483,-7.8928],[39.3474,-7.8917],[39.346,-7.8923],[39.3477,-7.8942]]],[[[39.3339,-7.891],[39.337,-7.8916],[39.3362,-7.8889],[39.3354,-7.8885],[39.3339,-7.891]]],[[[39.348,-7.8836],[39.3515,-7.8903],[39.3522,-7.8881],[39.35,-7.8868],[39.348,-7.8836]]],[[[39.3433,-7.8834],[39.3422,-7.8853],[39.3442,-7.8889],[39.3472,-7.8895],[39.3433,-7.8834]]],[[[39.3505,-7.8519],[39.3531,-7.8464],[39.3489,-7.8363],[39.3472,-7.8447],[39.3503,-7.8517],[39.3489,-7.8506],[39.3451,-7.853],[39.3501,-7.8637],[39.3523,-7.8534],[39.3505,-7.8519]]],[[[39.3527,-7.8544],[39.3528,-7.856],[39.3534,-7.8556],[39.3535,-7.8538],[39.3527,-7.8544]]],[[[39.3529,-7.8527],[39.3537,-7.8523],[39.3538,-7.8515],[39.3536,-7.8514],[39.3529,-7.8527]]],[[[39.3527,-7.8236],[39.3523,-7.8249],[39.3531,-7.8253],[39.3539,-7.825],[39.3527,-7.8236]]],[[[39.3551,-7.8192],[39.3541,-7.8217],[39.3557,-7.825],[39.3574,-7.8273],[39.3551,-7.8192]]],[[[39.3513,-7.8232],[39.3504,-7.8211],[39.3498,-7.8221],[39.3509,-7.8234],[39.3513,-7.8232]]],[[[39.3531,-7.7958],[39.3553,-7.7925],[39.3529,-7.7835],[39.3333,-7.798],[39.3531,-7.7958]]],[[[39.3334,-7.7656],[39.3336,-7.766],[39.3346,-7.766],[39.3348,-7.7651],[39.3334,-7.7656]]],[[[39.3483,-7.7631],[39.3456,-7.7614],[39.3398,-7.759],[39.3392,-7.7696],[39.3483,-7.7631]]],[[[39.3384,-7.7551],[39.3396,-7.7537],[39.3377,-7.753],[39.3375,-7.7546],[39.3384,-7.7551]]],[[[39.343,-7.7514],[39.3461,-7.7515],[39.3472,-7.7469],[39.3446,-7.7448],[39.343,-7.7514]]],[[[39.3577,-8.1661],[39.3603,-8.168],[39.3606,-8.1658],[39.3592,-8.1643],[39.3577,-8.1661]]],[[[39.3537,-8.1615],[39.3545,-8.1625],[39.3593,-8.1611],[39.3613,-8.1585],[39.3537,-8.1615]]],[[[39.3728,-8.1561],[39.3753,-8.1508],[39.374,-8.1458],[39.3701,-8.148],[39.3728,-8.1561]]],[[[39.3611,-8.146],[39.3591,-8.1483],[39.3607,-8.1477],[39.3623,-8.1484],[39.3611,-8.146]]],[[[39.3741,-8.0352],[39.3796,-8.0322],[39.3771,-8.03],[39.3718,-8.031],[39.368,-8.0233],[39.3699,-8.0315],[39.3643,-8.0266],[39.3486,-8.0344],[39.3544,-8.0652],[39.3771,-8.0484],[39.3756,-8.05],[39.4035,-8.0579],[39.4036,-8.0589],[39.404,-8.0616],[39.4045,-8.062],[39.4036,-8.0579],[39.4072,-8.0589],[39.4049,-8.0338],[39.3942,-8.0297],[39.3825,-8.0425],[39.3741,-8.0352]]],[[[39.3741,-8.0294],[39.386,-8.0156],[39.3797,-8.0121],[39.3681,-8.014],[39.3741,-8.0294]]],[[[39.3643,-8.0109],[39.3674,-8.0131],[39.3764,-8.0107],[39.3791,-8.0091],[39.3643,-8.0109]]],[[[39.4042,-7.9648],[39.4055,-7.9726],[39.4162,-7.9688],[39.4141,-7.9651],[39.4048,-7.9627],[39.4083,-7.951],[39.3638,-7.9885],[39.3718,-8.0066],[39.3964,-7.991],[39.4042,-7.9648]]],[[[39.367,-7.9737],[39.3659,-7.9777],[39.3678,-7.9763],[39.3676,-7.9751],[39.3685,-7.9734],[39.367,-7.9737]]],[[[39.3649,-7.9732],[39.3612,-7.9686],[39.3538,-7.9702],[39.3538,-7.9726],[39.3649,-7.9732]]],[[[39.3784,-7.9717],[39.3835,-7.9626],[39.3819,-7.9582],[39.3761,-7.9688],[39.3784,-7.9717]]],[[[39.3895,-7.9331],[39.3888,-7.9331],[39.3886,-7.935],[39.3904,-7.9358],[39.3895,-7.9331]]],[[[39.3913,-7.9331],[39.3928,-7.9325],[39.3925,-7.9301],[39.3896,-7.9308],[39.3913,-7.9331]]],[[[39.3616,-7.9277],[39.36,-7.9273],[39.3562,-7.9311],[39.3601,-7.9307],[39.3616,-7.9277]]],[[[39.3815,-7.9179],[39.3826,-7.9222],[39.3855,-7.923],[39.3845,-7.9193],[39.3815,-7.9179]]],[[[39.3885,-7.8872],[39.3928,-7.8901],[39.3924,-7.888],[39.3921,-7.8856],[39.3885,-7.8872]]],[[[39.3835,-7.8888],[39.382,-7.8808],[39.3754,-7.8857],[39.3763,-7.891],[39.3835,-7.8888]]],[[[39.372,-7.8838],[39.3742,-7.8846],[39.3757,-7.8829],[39.3755,-7.8816],[39.372,-7.8838]]],[[[39.3906,-7.8836],[39.3932,-7.883],[39.3925,-7.8795],[39.389,-7.8785],[39.3906,-7.8836]]],[[[39.3703,-7.8804],[39.3708,-7.8801],[39.3699,-7.8784],[39.3682,-7.8781],[39.3703,-7.8804]]],[[[39.3779,-7.8772],[39.3783,-7.8762],[39.3776,-7.8754],[39.376,-7.8749],[39.3779,-7.8772]]],[[[39.3796,-7.8713],[39.3815,-7.8712],[39.3815,-7.8699],[39.3805,-7.8697],[39.3796,-7.8713]]],[[[39.3837,-7.8711],[39.3874,-7.8694],[39.3858,-7.8674],[39.3833,-7.869],[39.3837,-7.8711]]],[[[39.3888,-7.8619],[39.3898,-7.8578],[39.3867,-7.8587],[39.3859,-7.8621],[39.3888,-7.8619]]],[[[39.3918,-7.8581],[39.3923,-7.8575],[39.3912,-7.8563],[39.3895,-7.8569],[39.3918,-7.8581]]],[[[39.3682,-7.8719],[39.3982,-7.849],[39.3757,-7.8445],[39.3753,-7.8407],[39.3682,-7.8719]]],[[[39.3685,-7.8491],[39.3651,-7.8525],[39.3636,-7.8599],[39.3672,-7.8576],[39.3685,-7.8491]]],[[[39.368,-7.847],[39.3676,-7.8473],[39.3672,-7.849],[39.3683,-7.8485],[39.368,-7.847]]],[[[39.3675,-7.8453],[39.3667,-7.8462],[39.3663,-7.8484],[39.3657,-7.8501],[39.3675,-7.8453]]],[[[39.3823,-7.8444],[39.3871,-7.8453],[39.3858,-7.8423],[39.3834,-7.8416],[39.3823,-7.8444]]],[[[39.3645,-7.8203],[39.3623,-7.8185],[39.3592,-7.8187],[39.364,-7.8229],[39.3645,-7.8203]]],[[[39.3741,-7.8171],[39.3745,-7.8203],[39.3756,-7.8211],[39.3778,-7.8206],[39.3741,-7.8171]]],[[[39.3734,-7.821],[39.3721,-7.8168],[39.3647,-7.81],[39.3545,-7.8129],[39.3734,-7.821]]],[[[39.3841,-7.8035],[39.3883,-7.8085],[39.3897,-7.8093],[39.3837,-7.8025],[39.3841,-7.8035]]],[[[39.3865,-7.8015],[39.3863,-7.8027],[39.3887,-7.8059],[39.391,-7.8076],[39.3865,-7.8015]]],[[[39.3783,-7.7946],[39.3772,-7.7989],[39.382,-7.8008],[39.3797,-7.7957],[39.3783,-7.7946]]],[[[39.3614,-7.8011],[39.3664,-7.7953],[39.3636,-7.7927],[39.357,-7.7982],[39.3614,-7.8011]]],[[[39.3794,-7.7867],[39.3959,-7.8053],[39.3932,-7.7953],[39.3903,-7.7951],[39.3794,-7.7867]]],[[[39.3897,-7.7918],[39.3987,-7.7984],[39.3996,-7.7915],[39.4026,-7.7917],[39.4014,-7.7912],[39.3996,-7.7911],[39.3999,-7.7889],[39.396,-7.7861],[39.3969,-7.7866],[39.3979,-7.7872],[39.3971,-7.7862],[39.3935,-7.7844],[39.3724,-7.7693],[39.3822,-7.7711],[39.376,-7.7682],[39.3677,-7.7654],[39.3583,-7.7669],[39.3711,-7.7691],[39.3619,-7.7714],[39.3889,-7.7912],[39.387,-7.7908],[39.389,-7.7921],[39.3899,-7.7933],[39.3912,-7.794],[39.3897,-7.7918]]],[[[39.3585,-7.7735],[39.362,-7.7746],[39.3613,-7.7727],[39.3591,-7.7714],[39.3585,-7.7735]]],[[[39.3946,-8.1096],[39.3915,-8.1077],[39.3928,-8.1085],[39.392,-8.1114],[39.3946,-8.1096]]],[[[39.4008,-8.096],[39.4017,-8.0935],[39.4017,-8.0925],[39.3999,-8.0893],[39.4007,-8.0961],[39.3931,-8.1061],[39.3989,-8.1053],[39.4101,-8.093],[39.4093,-8.0849],[39.4008,-8.096]]],[[[39.4113,-8.0824],[39.4147,-8.0807],[39.4167,-8.0723],[39.4162,-8.0671],[39.4113,-8.0824]]],[[[39.396,-8.0593],[39.3959,-8.0607],[39.3956,-8.0618],[39.3959,-8.0636],[39.396,-8.0593]]],[[[39.4119,-8.0642],[39.4122,-8.0627],[39.4111,-8.0508],[39.4098,-8.0493],[39.4119,-8.0642]]],[[[39.417,-8.0654],[39.4205,-8.0643],[39.4216,-8.0603],[39.4288,-8.0435],[39.417,-8.0654]]],[[[39.4091,-8.0389],[39.4093,-8.0442],[39.4099,-8.0461],[39.4106,-8.0477],[39.4091,-8.0389]]],[[[39.4462,-8.0021],[39.4466,-7.9924],[39.4449,-7.9893],[39.4396,-8.0205],[39.4462,-8.0021]]],[[[39.4058,-8.0188],[39.426,-8.0118],[39.4262,-7.9738],[39.4263,-7.965],[39.4058,-8.0188]]],[[[39.4199,-7.9639],[39.4185,-7.963],[39.4179,-7.9632],[39.4175,-7.965],[39.4199,-7.9639]]],[[[39.4168,-7.9578],[39.4184,-7.9502],[39.4165,-7.9492],[39.4122,-7.9578],[39.4168,-7.9578]]],[[[39.4193,-7.9431],[39.415,-7.9202],[39.4075,-7.9193],[39.4129,-7.9457],[39.4193,-7.9431]]],[[[39.3946,-7.909],[39.4022,-7.9064],[39.402,-7.9006],[39.3956,-7.8959],[39.3946,-7.909]]],[[[39.4068,-7.8949],[39.4045,-7.8968],[39.4045,-7.8988],[39.4068,-7.8978],[39.4068,-7.8949]]],[[[39.4126,-7.8924],[39.4159,-7.8852],[39.3989,-7.8767],[39.3962,-7.8874],[39.4126,-7.8924]]],[[[39.4165,-7.8705],[39.4189,-7.8669],[39.4111,-7.8647],[39.4075,-7.8754],[39.4121,-7.8773],[39.414,-7.8744],[39.4139,-7.8766],[39.4231,-7.8715],[39.4176,-7.8703],[39.4165,-7.8705]]],[[[39.4058,-7.8659],[39.4089,-7.8678],[39.4086,-7.8671],[39.4073,-7.8654],[39.4058,-7.8659]]],[[[39.4086,-7.8592],[39.4093,-7.8573],[39.4087,-7.857],[39.4065,-7.8591],[39.4086,-7.8592]]],[[[39.405,-7.8564],[39.4069,-7.8572],[39.4063,-7.856],[39.4052,-7.8556],[39.405,-7.8564]]],[[[39.4225,-7.8528],[39.4216,-7.8524],[39.4209,-7.8538],[39.4222,-7.8545],[39.4225,-7.8528]]],[[[39.3993,-7.8471],[39.3973,-7.8532],[39.4009,-7.8544],[39.4014,-7.8536],[39.3993,-7.8471]]],[[[39.4252,-7.851],[39.4241,-7.8497],[39.4237,-7.8506],[39.4243,-7.8514],[39.4252,-7.851]]],[[[39.4317,-7.8542],[39.4412,-7.8465],[39.4424,-7.8433],[39.4241,-7.8452],[39.4317,-7.8542]]],[[[39.4176,-7.8486],[39.4172,-7.8482],[39.4163,-7.8474],[39.4174,-7.8496],[39.4176,-7.8486]]],[[[39.4235,-7.8462],[39.4229,-7.8473],[39.4233,-7.8485],[39.4242,-7.8464],[39.4235,-7.8462]]],[[[39.4177,-7.8478],[39.4185,-7.8484],[39.4201,-7.847],[39.4197,-7.8449],[39.4177,-7.8478]]],[[[39.4255,-7.8417],[39.426,-7.8424],[39.4273,-7.8429],[39.4266,-7.8414],[39.4255,-7.8417]]],[[[39.4249,-7.8406],[39.4259,-7.8407],[39.4268,-7.84],[39.4251,-7.8396],[39.4249,-7.8406]]],[[[39.4252,-7.8394],[39.4264,-7.839],[39.4258,-7.838],[39.4251,-7.8388],[39.4252,-7.8394]]],[[[39.4208,-7.8379],[39.4211,-7.8388],[39.4217,-7.8387],[39.4217,-7.8381],[39.4208,-7.8379]]],[[[39.4121,-7.8333],[39.4121,-7.8322],[39.4116,-7.8329],[39.4028,-7.8254],[39.3866,-7.8387],[39.389,-7.8421],[39.4179,-7.8383],[39.4121,-7.8333]]],[[[39.4137,-7.8317],[39.4163,-7.8332],[39.4152,-7.8323],[39.4148,-7.8316],[39.4137,-7.8317]]],[[[39.4336,-7.8314],[39.4404,-7.8335],[39.4415,-7.8296],[39.4409,-7.8263],[39.4336,-7.8314]]],[[[39.4178,-7.8304],[39.4233,-7.831],[39.4227,-7.8293],[39.4202,-7.8279],[39.4178,-7.8304]]],[[[39.4021,-7.8223],[39.4135,-7.8269],[39.418,-7.8155],[39.4137,-7.8106],[39.4021,-7.8223]]],[[[39.6534,-8.0981],[39.7413,-8.0506],[39.7067,-8.0139],[39.6968,-8.0593],[39.6534,-8.0981]]],[[[39.7763,-7.9267],[39.8482,-7.8684],[39.9059,-7.617],[39.7965,-7.7333],[39.7318,-7.7385],[39.8281,-7.7802],[39.7001,-7.8059],[39.731,-7.8403],[39.584,-7.9217],[39.6284,-8.0348],[39.6996,-7.9889],[39.7715,-7.9306],[39.7226,-8.0047],[39.7487,-8.0397],[39.8064,-7.9621],[39.7763,-7.9267]]],[[[39.5453,-7.9389],[39.5044,-7.9386],[39.5277,-7.9776],[39.5447,-7.9616],[39.5453,-7.9389]]],[[[39.7455,-7.699],[39.7328,-7.703],[39.7425,-7.7144],[39.7542,-7.7079],[39.7455,-7.699]]],[[[39.6883,-7.6737],[39.6738,-7.6872],[39.6759,-7.6909],[39.6882,-7.6858],[39.6883,-7.6737]]],[[[39.2701,-6.6983],[39.2675,-6.6919],[39.2611,-6.6887],[39.2599,-6.6931],[39.2701,-6.6983]]],[[[39.2481,-6.6539],[39.2541,-6.6537],[39.2519,-6.6474],[39.2459,-6.6473],[39.2481,-6.6539]]],[[[39.5828,-9.0449],[39.609,-9.1143],[39.6237,-9.0588],[39.5647,-9.0332],[39.5543,-9.0709],[39.5828,-9.0449]]],[[[39.5193,-9.0443],[39.515,-9.0565],[39.5252,-9.059],[39.5295,-9.051],[39.5193,-9.0443]]],[[[39.5736,-8.572],[39.5742,-8.5711],[39.5727,-8.5714],[39.5728,-8.5721],[39.5736,-8.572]]],[[[39.5247,-8.5321],[39.499,-8.5003],[39.5004,-8.5217],[39.5107,-8.5322],[39.5247,-8.5321]]],[[[39.6144,-8.3773],[39.6144,-8.3808],[39.6213,-8.3808],[39.6201,-8.3762],[39.6144,-8.3773]]],[[[39.6563,-8.2986],[39.65,-8.3038],[39.6546,-8.3083],[39.6638,-8.3009],[39.6563,-8.2986]]],[[[39.597,-8.2755],[39.5976,-8.2775],[39.6094,-8.2736],[39.6051,-8.2687],[39.597,-8.2755]]],[[[40.378,-10.2797],[40.3695,-10.273],[40.3688,-10.282],[40.374,-10.2855],[40.378,-10.2797]]],[[[40.3222,-10.2482],[40.3346,-10.253],[40.347,-10.2627],[40.323,-10.2362],[40.3222,-10.2482]]],[[[30.9502,-8.2137],[30.9476,-8.2054],[30.9416,-8.2068],[30.9456,-8.2113],[30.9502,-8.2137]]],[[[30.5497,-7.4432],[30.5451,-7.433],[30.5399,-7.4364],[30.5439,-7.4434],[30.5497,-7.4432]]],[[[30.5627,-7.3896],[30.5765,-7.4055],[30.5758,-7.4274],[30.5845,-7.3964],[30.5627,-7.3896]]],[[[31.6912,-2.2732],[31.6939,-2.2816],[31.7014,-2.2631],[31.6961,-2.2624],[31.6912,-2.2732]]],[[[31.7368,-2.185],[31.7296,-2.1792],[31.7248,-2.1783],[31.7352,-2.191],[31.7368,-2.185]]],[[[31.7606,-2.0725],[31.7447,-2.1176],[31.7541,-2.149],[31.8235,-2.1422],[31.818,-2.1209],[31.7805,-2.1281],[31.7606,-2.0725]]],[[[31.7747,-2.0464],[31.7829,-2.0347],[31.7719,-2.0416],[31.7712,-2.0524],[31.7747,-2.0464]]],[[[31.7582,-2.0267],[31.7701,-2.0263],[31.7725,-2.0128],[31.7564,-2.0247],[31.7582,-2.0267]]],[[[31.7901,-2.0211],[31.7947,-2.0061],[31.7774,-2.0051],[31.7816,-2.0239],[31.7901,-2.0211]]],[[[31.7665,-1.991],[31.7608,-1.9953],[31.7625,-2.0007],[31.7673,-1.9997],[31.7665,-1.991]]],[[[31.7958,-1.9973],[31.8009,-1.996],[31.8012,-1.9894],[31.7943,-1.9941],[31.7958,-1.9973]]],[[[31.7948,-1.9909],[31.7885,-1.9733],[31.782,-1.9711],[31.7681,-1.9727],[31.7948,-1.9909]]],[[[31.8192,-1.9735],[31.8355,-1.9657],[31.8218,-1.9458],[31.8075,-1.9543],[31.8192,-1.9735]]],[[[31.7734,-1.9622],[31.7785,-1.9557],[31.7786,-1.9472],[31.7723,-1.9479],[31.7734,-1.9622]]],[[[31.7869,-1.9505],[31.7904,-1.9425],[31.7855,-1.9364],[31.7773,-1.9322],[31.7869,-1.9505]]],[[[31.7938,-1.8319],[31.8002,-1.8279],[31.8006,-1.8228],[31.7906,-1.8299],[31.7938,-1.8319]]],[[[31.823,-2.1553],[31.823,-2.1506],[31.8223,-2.1448],[31.8207,-2.1442],[31.823,-2.1553]]],[[[31.8261,-1.8155],[31.8424,-1.7751],[31.8306,-1.7568],[31.813,-1.8263],[31.8261,-1.8155]]],[[[31.9059,-1.6657],[31.8946,-1.6098],[31.8578,-1.6113],[31.8519,-1.7537],[31.9059,-1.6657]]],[[[31.948,-1.6801],[31.9508,-1.6783],[31.9508,-1.6748],[31.9483,-1.6747],[31.948,-1.6801]]],[[[31.9424,-1.6542],[31.939,-1.6596],[31.9414,-1.6621],[31.9441,-1.6547],[31.9424,-1.6542]]],[[[31.9318,-1.6464],[31.907,-1.6199],[31.9005,-1.6267],[31.9343,-1.6531],[31.9318,-1.6464]]],[[[31.8557,-1.5756],[31.8506,-1.5853],[31.8712,-1.5926],[31.8724,-1.5807],[31.8557,-1.5756]]],[[[31.9064,-1.5433],[31.9099,-1.5316],[31.9023,-1.5314],[31.8965,-1.5548],[31.9064,-1.5433]]],[[[31.9853,-1.5099],[31.9859,-1.5109],[31.9887,-1.5096],[31.9888,-1.5085],[31.9853,-1.5099]]],[[[32.0061,-1.4996],[32.0035,-1.5019],[32.0049,-1.5029],[32.0074,-1.4997],[32.0061,-1.4996]]],[[[31.9794,-1.5035],[31.9849,-1.5044],[31.9917,-1.4984],[31.991,-1.4956],[31.9794,-1.5035]]],[[[32.124,-1.4713],[32.1257,-1.453],[32.1341,-1.4393],[32.1002,-1.4927],[32.124,-1.4713]]],[[[32.6043,-1.4721],[32.6176,-1.4723],[32.6163,-1.4592],[32.6048,-1.4679],[32.6043,-1.4721]]],[[[31.8504,-1.3542],[31.8476,-1.3533],[31.8449,-1.3536],[31.8449,-1.3565],[31.8504,-1.3542]]],[[[31.8673,-1.2999],[31.8684,-1.2978],[31.8684,-1.2957],[31.8668,-1.2919],[31.8673,-1.2999]]],[[[32.8894,-2.105],[32.8671,-2.1059],[32.9033,-2.1332],[32.9064,-2.111],[32.8894,-2.105]]],[[[32.7805,-2.1152],[32.7802,-2.1114],[32.7765,-2.1124],[32.7764,-2.1178],[32.7805,-2.1152]]],[[[32.8225,-1.9715],[32.8238,-1.9608],[32.8168,-1.9576],[32.8198,-1.9727],[32.8225,-1.9715]]],[[[32.8315,-1.963],[32.8286,-1.9623],[32.8276,-1.9634],[32.8307,-1.9661],[32.8315,-1.963]]],[[[32.8808,-1.8738],[32.8814,-1.8764],[32.8839,-1.8765],[32.8818,-1.8733],[32.8808,-1.8738]]],[[[32.8654,-1.8596],[32.8437,-1.8493],[32.8417,-1.8603],[32.8638,-1.876],[32.8654,-1.8596]]],[[[32.8878,-1.8377],[32.8911,-1.8398],[32.8923,-1.8367],[32.8896,-1.8357],[32.8878,-1.8377]]],[[[32.8109,-1.8393],[32.8122,-1.8348],[32.8111,-1.8293],[32.8064,-1.8305],[32.8109,-1.8393]]],[[[32.8902,-1.8292],[32.8884,-1.827],[32.8877,-1.8295],[32.8891,-1.8306],[32.8902,-1.8292]]],[[[32.8315,-1.8236],[32.8339,-1.8304],[32.8377,-1.8292],[32.8352,-1.8211],[32.8315,-1.8236]]],[[[32.9004,-1.821],[32.9005,-1.8229],[32.9021,-1.8238],[32.9029,-1.8227],[32.9004,-1.821]]],[[[32.8103,-1.8219],[32.8107,-1.8196],[32.8083,-1.8173],[32.8052,-1.8201],[32.8103,-1.8219]]],[[[32.8133,-1.8136],[32.8178,-1.8083],[32.8146,-1.8066],[32.8107,-1.8102],[32.8133,-1.8136]]],[[[32.8,-1.7968],[32.7961,-1.7969],[32.7966,-1.8057],[32.8044,-1.8038],[32.8,-1.7968]]],[[[33.0508,-2.1403],[33.0497,-2.1477],[33.0544,-2.1482],[33.0542,-2.1403],[33.0508,-2.1403]]],[[[33.0102,-2.1279],[33.0092,-2.1229],[33.0063,-2.1198],[33.0074,-2.1311],[33.0102,-2.1279]]],[[[33.1928,-2.1123],[33.1943,-2.1091],[33.1871,-2.1079],[33.1863,-2.1106],[33.1928,-2.1123]]],[[[32.9642,-1.9771],[32.9214,-1.883],[32.8215,-1.9238],[32.9043,-1.9715],[32.8424,-2.0563],[33.0742,-2.114],[33.1479,-2.1757],[33.1526,-2.1288],[33.1838,-2.1428],[33.1009,-1.9503],[32.9642,-1.9771]]],[[[33.206,-1.9311],[33.216,-1.9341],[33.2163,-1.9318],[33.2067,-1.9267],[33.206,-1.9311]]],[[[33.0543,-1.9395],[33.0647,-1.9375],[33.0647,-1.9223],[33.0495,-1.913],[33.0543,-1.9395]]],[[[33.192,-1.9261],[33.1956,-1.9275],[33.1974,-1.9253],[33.1906,-1.9232],[33.192,-1.9261]]],[[[33.1842,-1.9208],[33.1537,-1.917],[33.141,-1.9269],[33.1871,-1.923],[33.1842,-1.9208]]],[[[33.0219,-1.8862],[33.0842,-1.8582],[33.0851,-1.789],[33.006,-1.7992],[33.0219,-1.8862]]],[[[33.4172,-1.7203],[33.4042,-1.732],[33.4084,-1.7377],[33.4215,-1.7193],[33.4172,-1.7203]]],[[[33.3709,-1.7217],[33.3494,-1.7024],[33.3322,-1.7183],[33.3694,-1.74],[33.3709,-1.7217]]],[[[33.4236,-1.6915],[33.4258,-1.6824],[33.427,-1.6759],[33.4179,-1.6761],[33.4236,-1.6915]]],[[[33.3944,-1.6735],[33.3995,-1.6736],[33.4041,-1.6685],[33.3929,-1.6711],[33.3944,-1.6735]]],[[[32.8714,-2.5219],[32.8749,-2.5226],[32.8752,-2.5183],[32.872,-2.5164],[32.8714,-2.5219]]],[[[32.8635,-2.5098],[32.8686,-2.5147],[32.869,-2.5108],[32.8651,-2.5076],[32.8635,-2.5098]]],[[[32.158,-2.4895],[32.1556,-2.4877],[32.1453,-2.4925],[32.1499,-2.4958],[32.158,-2.4895]]],[[[31.9475,-2.3414],[31.9793,-2.3692],[32.0776,-2.2746],[32.0352,-2.271],[32.0339,-2.2161],[31.9328,-2.2916],[31.9877,-2.2995],[31.9475,-2.3414]]],[[[32.2048,-2.2509],[32.1986,-2.247],[32.1932,-2.2475],[32.201,-2.2559],[32.2048,-2.2509]]],[[[32.3159,-2.2394],[32.3217,-2.2349],[32.3174,-2.2354],[32.3132,-2.2324],[32.3159,-2.2394]]],[[[32.0632,-2.2299],[32.0707,-2.2242],[32.0694,-2.2163],[32.065,-2.2191],[32.0632,-2.2299]]],[[[32.0801,-2.2123],[32.0811,-2.2113],[32.0805,-2.2078],[32.072,-2.2105],[32.0801,-2.2123]]],[[[32.2702,-2.2127],[32.2756,-2.2116],[32.2735,-2.207],[32.2689,-2.2101],[32.2702,-2.2127]]],[[[32.1491,-2.1809],[32.1514,-2.1794],[32.1452,-2.1798],[32.1472,-2.1813],[32.1491,-2.1809]]],[[[32.1295,-2.1748],[32.133,-2.174],[32.1281,-2.1741],[32.1259,-2.1766],[32.1264,-2.1766],[32.1295,-2.1748]]],[[[32.1494,-2.1701],[32.1565,-2.1597],[32.1442,-2.1621],[32.1382,-2.1685],[32.1494,-2.1701]]],[[[32.1257,-2.1547],[32.1206,-2.1604],[32.1315,-2.1637],[32.1244,-2.1581],[32.1257,-2.1547]]],[[[32.7314,-2.4475],[32.7309,-2.4437],[32.727,-2.444],[32.7297,-2.4504],[32.7314,-2.4475]]],[[[32.7718,-2.4341],[32.7479,-2.4223],[32.7372,-2.4373],[32.7597,-2.4471],[32.7718,-2.4341]]],[[[32.696,-2.4184],[32.6967,-2.4283],[32.7189,-2.4419],[32.7145,-2.4303],[32.7025,-2.426],[32.696,-2.4184]]],[[[32.7014,-2.3638],[32.6988,-2.3653],[32.6998,-2.3683],[32.701,-2.3681],[32.7014,-2.3638]]],[[[32.6556,-2.361],[32.6538,-2.3584],[32.6445,-2.3606],[32.6531,-2.3687],[32.6556,-2.361]]],[[[32.4823,-2.3312],[32.4273,-2.2703],[32.4385,-2.4257],[32.5244,-2.39],[32.5427,-2.2709],[32.4823,-2.3312]]],[[[32.7094,-2.3426],[32.7002,-2.3331],[32.6996,-2.3421],[32.7086,-2.3449],[32.7094,-2.3426]]],[[[32.6813,-2.3143],[32.685,-2.3146],[32.6839,-2.3123],[32.6817,-2.312],[32.6813,-2.3143]]],[[[32.5979,-2.2945],[32.5864,-2.3],[32.6124,-2.3076],[32.6108,-2.2969],[32.5979,-2.2945]]],[[[32.573,-2.2914],[32.5803,-2.2913],[32.5803,-2.283],[32.5739,-2.2786],[32.573,-2.2914]]],[[[32.4764,-2.2757],[32.4747,-2.2683],[32.4719,-2.2693],[32.4723,-2.2776],[32.4764,-2.2757]]],[[[33.0047,-2.3635],[32.9959,-2.3629],[33.0047,-2.3698],[33.0049,-2.366],[33.0047,-2.3635]]],[[[32.9222,-2.3645],[32.9227,-2.3617],[32.9204,-2.3619],[32.9204,-2.3632],[32.9222,-2.3645]]],[[[33.1525,-2.2785],[33.1508,-2.2807],[33.1549,-2.2839],[33.1561,-2.2807],[33.1525,-2.2785]]],[[[33.1211,-2.2761],[33.118,-2.279],[33.1236,-2.2859],[33.1318,-2.2786],[33.1211,-2.2761]]],[[[33.0454,-2.2589],[33.0447,-2.2555],[33.0435,-2.2561],[33.0433,-2.2586],[33.0454,-2.2589]]],[[[32.8753,-2.7977],[32.8791,-2.8068],[32.8855,-2.8046],[32.881,-2.795],[32.8753,-2.7977]]],[[[33.5693,-1.6203],[33.5662,-1.6206],[33.5667,-1.6221],[33.5694,-1.6221],[33.5693,-1.6203]]],[[[33.551,-1.6137],[33.5492,-1.612],[33.549,-1.6139],[33.5501,-1.6146],[33.551,-1.6137]]],[[[33.5441,-1.6092],[33.5435,-1.6102],[33.5444,-1.611],[33.5451,-1.6106],[33.5441,-1.6092]]],[[[33.3379,-2.2858],[33.3375,-2.2835],[33.3338,-2.2835],[33.3335,-2.2865],[33.3379,-2.2858]]],[[[33.4473,-2.2079],[33.4413,-2.2089],[33.4413,-2.2129],[33.4486,-2.2126],[33.4473,-2.2079]]],[[[33.4521,-2.2023],[33.4597,-2.2141],[33.4639,-2.2104],[33.4597,-2.203],[33.4521,-2.2023]]],[[[33.269,-2.2169],[33.2981,-2.216],[33.3065,-2.1771],[33.2702,-2.1966],[33.269,-2.2169]]],[[[33.4244,-2.198],[33.4253,-2.1974],[33.4226,-2.1952],[33.4231,-2.1967],[33.4244,-2.198]]],[[[33.846,-1.4687],[33.8478,-1.4719],[33.8513,-1.469],[33.848,-1.4664],[33.846,-1.4687]]],[[[33.7673,-1.4081],[33.7721,-1.4],[33.7657,-1.4013],[33.7655,-1.407],[33.7673,-1.4081]]],[[[33.7759,-1.389],[33.7756,-1.381],[33.7653,-1.3797],[33.7637,-1.3889],[33.7759,-1.389]]],[[[33.6178,-1.51],[33.6178,-1.4999],[33.6148,-1.5044],[33.6151,-1.5073],[33.6178,-1.51]]],[[[33.7128,-1.4049],[33.712,-1.4145],[33.7187,-1.4126],[33.7157,-1.4072],[33.7128,-1.4049]]],[[[33.6953,-1.3926],[33.6998,-1.4055],[33.71,-1.4012],[33.7103,-1.39],[33.6953,-1.3926]]],[[[33.6954,-1.3918],[33.6977,-1.3886],[33.6955,-1.3896],[33.6948,-1.3894],[33.6925,-1.391],[33.6954,-1.3918]]],[[[31.8182,-2.6975],[31.8166,-2.684],[31.81,-2.6909],[31.8122,-2.6963],[31.8182,-2.6975]]],[[[32.0816,-2.5082],[32.0808,-2.5009],[32.0787,-2.5021],[32.0798,-2.5082],[32.0816,-2.5082]]],[[[31.9792,-2.4301],[31.9556,-2.4409],[31.9879,-2.4624],[31.9857,-2.4352],[31.9792,-2.4301]]],[[[31.9944,-2.4353],[32.0141,-2.4388],[32.0125,-2.4328],[32.0032,-2.4259],[31.9944,-2.4353]]],[[[31.966,-2.4323],[31.9692,-2.433],[31.9681,-2.4305],[31.9658,-2.432],[31.966,-2.4323]]],[[[31.9665,-2.4297],[31.967,-2.4278],[31.9654,-2.4277],[31.9642,-2.4293],[31.9665,-2.4297]]],[[[31.9676,-2.4234],[31.9672,-2.4259],[31.9702,-2.4266],[31.9712,-2.4254],[31.9676,-2.4234]]],[[[31.8588,-2.3138],[31.8491,-2.252],[31.7737,-2.2908],[31.8336,-2.3064],[31.8522,-2.4595],[31.9244,-2.3867],[31.8886,-2.3579],[31.92,-2.3012],[31.8588,-2.3138]]],[[[39.2227,-5.8925],[39.2074,-5.938],[39.1838,-5.909],[39.2042,-6.0354],[39.2113,-6.1379],[39.194,-6.1734],[39.2044,-6.1852],[39.2075,-6.1931],[39.2075,-6.1933],[39.228,-6.257],[39.297,-6.3216],[39.3099,-6.2371],[39.3374,-6.2711],[39.4099,-6.3924],[39.3896,-6.3029],[39.4291,-6.2838],[39.4979,-6.4753],[39.5396,-6.4616],[39.5396,-6.4615],[39.5397,-6.4615],[39.5803,-6.3844],[39.5292,-6.1758],[39.506,-6.1262],[39.5089,-6.1771],[39.5024,-6.1908],[39.4093,-6.1997],[39.4198,-6.1814],[39.4379,-6.1713],[39.4381,-6.1605],[39.4012,-6.0217],[39.367,-5.9481],[39.3065,-5.723],[39.275,-5.8638],[39.2227,-5.8925]]],[[[39.3853,-5.8185],[39.3833,-5.8194],[39.3815,-5.8213],[39.3856,-5.8219],[39.3853,-5.8185]]],[[[39.2206,-5.766],[39.2116,-5.8457],[39.2347,-5.8563],[39.2432,-5.8075],[39.2206,-5.766]]],[[[39.2868,-5.7714],[39.2833,-5.7719],[39.2833,-5.7771],[39.2862,-5.7745],[39.2868,-5.7714]]],[[[39.2181,-5.761],[39.2193,-5.7647],[39.2225,-5.7606],[39.2206,-5.7552],[39.2181,-5.761]]],[[[39.6382,-5.1387],[39.6375,-5.1541],[39.6402,-5.1519],[39.6439,-5.1385],[39.647,-5.133],[39.6382,-5.1387]]],[[[39.6635,-5.1362],[39.6605,-5.1323],[39.6571,-5.1492],[39.6689,-5.1395],[39.6635,-5.1362]]],[[[39.6781,-5.1399],[39.6793,-5.1339],[39.6716,-5.1361],[39.6717,-5.1379],[39.6781,-5.1399]]],[[[39.631,-5.1028],[39.6336,-5.1277],[39.6357,-5.1033],[39.631,-5.1028]]],[[[39.833,-5.0452],[39.8748,-4.9961],[39.8659,-4.8868],[39.8169,-4.965],[39.825,-5.0019],[39.6831,-4.8643],[39.6767,-4.8772],[39.674,-4.958],[39.7126,-4.9848],[39.6757,-4.9858],[39.7037,-5.0547],[39.7088,-5.0538],[39.7183,-5.0625],[39.7329,-5.0738],[39.6856,-5.1348],[39.7112,-5.1746],[39.7494,-5.1438],[39.7465,-5.1707],[39.747,-5.1984],[39.7398,-5.2075],[39.6475,-5.1886],[39.6514,-5.2056],[39.7186,-5.2329],[39.7592,-5.257],[39.7211,-5.2478],[39.7211,-5.2479],[39.7209,-5.2478],[39.7009,-5.2847],[39.6911,-5.2845],[39.691,-5.2845],[39.6908,-5.2844],[39.6907,-5.2846],[39.6907,-5.2847],[39.6873,-5.2868],[39.6873,-5.2867],[39.6872,-5.2868],[39.6853,-5.2895],[39.6803,-5.2926],[39.6604,-5.285],[39.6563,-5.2877],[39.6556,-5.2882],[39.6541,-5.2888],[39.6689,-5.3096],[39.6709,-5.3193],[39.6832,-5.3369],[39.6834,-5.35],[39.6833,-5.35],[39.6834,-5.3501],[39.6823,-5.351],[39.6814,-5.3512],[39.6791,-5.3496],[39.6791,-5.3495],[39.679,-5.3495],[39.6758,-5.3519],[39.6773,-5.3359],[39.6771,-5.338],[39.6704,-5.3345],[39.67,-5.3349],[39.6698,-5.3359],[39.665,-5.3386],[39.6646,-5.3382],[39.6639,-5.3387],[39.6637,-5.3384],[39.6635,-5.339],[39.6555,-5.3201],[39.6529,-5.3252],[39.6518,-5.3314],[39.6428,-5.3391],[39.6427,-5.3468],[39.6437,-5.3528],[39.6445,-5.3571],[39.6444,-5.3575],[39.6446,-5.3578],[39.6449,-5.3587],[39.645,-5.3591],[39.641,-5.3664],[39.6404,-5.3677],[39.6399,-5.369],[39.6399,-5.37],[39.6438,-5.3718],[39.6476,-5.3711],[39.6448,-5.375],[39.6419,-5.376],[39.6432,-5.3778],[39.6437,-5.3784],[39.6438,-5.3791],[39.6425,-5.3841],[39.6445,-5.3901],[39.6449,-5.3907],[39.6323,-5.4145],[39.6324,-5.4145],[39.6324,-5.4146],[39.636,-5.4275],[39.6368,-5.4313],[39.6373,-5.4329],[39.6427,-5.4366],[39.6445,-5.4367],[39.6546,-5.4344],[39.6653,-5.4288],[39.6698,-5.4312],[39.7029,-5.452],[39.7018,-5.4391],[39.7092,-5.4227],[39.7352,-5.4326],[39.7598,-5.4369],[39.7529,-5.4077],[39.7467,-5.4066],[39.7602,-5.393],[39.7649,-5.393],[39.7681,-5.3971],[39.7758,-5.3808],[39.7783,-5.3866],[39.783,-5.381],[39.7832,-5.3809],[39.7833,-5.3808],[39.7836,-5.3808],[39.784,-5.3803],[39.784,-5.3802],[39.7911,-5.3737],[39.7964,-5.3691],[39.798,-5.3428],[39.7963,-5.3401],[39.7965,-5.3401],[39.7965,-5.34],[39.7963,-5.34],[39.8004,-5.3233],[39.8557,-5.1918],[39.8637,-5.1145],[39.8211,-5.1373],[39.8272,-5.0941],[39.8271,-5.0942],[39.8272,-5.0938],[39.833,-5.0452]]],[[[39.8719,-5.0885],[39.8597,-5.0405],[39.8478,-5.06],[39.8568,-5.0793],[39.8376,-5.1041],[39.8719,-5.0885]]],[[[39.6451,-5.0875],[39.6644,-5.0091],[39.6487,-5.0276],[39.6355,-5.0934],[39.6451,-5.0875]]],[[[39.6325,-5.4808],[39.6332,-5.4814],[39.653,-5.4511],[39.5853,-5.4109],[39.6324,-5.4807],[39.6323,-5.4806],[39.6323,-5.4808],[39.6325,-5.4808]]],[[[39.6563,-5.4551],[39.6687,-5.4693],[39.6675,-5.4615],[39.6601,-5.4519],[39.6563,-5.4551]]],[[[39.5733,-5.4087],[39.5734,-5.4083],[39.5733,-5.4083],[39.5677,-5.3991],[39.5733,-5.4087]]],[[[39.6158,-5.3709],[39.6133,-5.3695],[39.6124,-5.3698],[39.612,-5.37],[39.6301,-5.3876],[39.6209,-5.3734],[39.6173,-5.3717],[39.6158,-5.3709]]],[[[39.6773,-5.3359],[39.6773,-5.3358],[39.6772,-5.3358],[39.6773,-5.3359]]],[[[39.7273,-5.4621],[39.727,-5.4631],[39.7287,-5.4724],[39.7273,-5.4621]]],[[[39.7273,-5.4621],[39.7391,-5.4338],[39.7367,-5.4354],[39.7262,-5.4534],[39.7273,-5.4621]]],[[[39.7529,-5.4077],[39.7526,-5.4074],[39.7526,-5.4076],[39.7529,-5.4077]]],[[[39.7679,-5.4189],[39.7941,-5.3859],[39.7931,-5.3786],[39.7679,-5.4189]]]]},"properties":{"iso3":"TZA"}},
{"type":"Feature","geometry":{"type":"MultiPolygon","coordinates":[[[[-64.7947,4.1683],[-64.7913,4.3074],[-64.6923,4.2111],[-64.5934,4.0979],[-64.4679,4.1515],[-64.2904,4.0806],[-64.2683,4.1303],[-64.1354,4.1085],[-64.0096,3.866],[-63.8244,3.9624],[-63.7706,3.9258],[-63.6177,3.9628],[-63.4851,3.8475],[-63.405,3.9647],[-63.3402,3.9559],[-63.2105,3.8904],[-62.9802,3.5802],[-62.8874,3.5505],[-62.7747,3.6074],[-62.73,3.6932],[-62.7815,3.9053],[-62.7433,4.0363],[-62.5564,4.0196],[-62.5517,4.0981],[-62.4435,4.1806],[-62.2087,4.1015],[-62.1288,4.0779],[-62.0588,4.1559],[-61.8354,4.1565],[-61.7203,4.2542],[-61.5681,4.2461],[-61.4872,4.4121],[-61.3185,4.4278],[-61.2757,4.4634],[-61.3139,4.5259],[-61.1482,4.4767],[-60.9973,4.5106],[-60.9068,4.7011],[-60.744,4.756],[-60.5829,4.9408],[-60.6816,5.1855],[-61.3769,5.9251],[-61.2631,6.0982],[-61.1036,6.1884],[-61.1038,6.2681],[-61.1645,6.3282],[-61.1305,6.4466],[-61.155,6.5282],[-61.2027,6.5297],[-61.2159,6.5795],[-61.1164,6.7187],[-60.9394,6.7149],[-60.8879,6.7523],[-60.898,6.8164],[-60.699,6.7544],[-60.6491,6.8249],[-60.3602,6.9328],[-60.2775,7.1267],[-60.4427,7.2113],[-60.5325,7.1286],[-60.6138,7.2119],[-60.5877,7.3405],[-60.7095,7.5453],[-60.5896,7.6428],[-60.5293,7.8261],[-60.3609,7.8173],[-60.2726,7.8936],[-60.1148,8.0278],[-60.0312,8.0372],[-59.9444,8.2137],[-59.7411,8.2198],[-59.7504,8.2566],[-60.0518,8.5786],[-60.3488,8.6383],[-60.4111,8.6184],[-60.3961,8.5565],[-60.4609,8.5168],[-60.5931,8.5494],[-60.581,8.6231],[-60.6682,8.6689],[-60.6464,8.7678],[-60.707,8.8342],[-60.7832,8.9855],[-60.6768,9.0663],[-60.6812,9.1384],[-60.8358,9.4035],[-60.9686,9.4846],[-61.031,9.5686],[-61.2174,9.5982],[-61.231,9.5663],[-61.3482,9.6151],[-61.5606,9.867],[-61.6524,9.8878],[-61.5999,9.7802],[-61.8014,9.8283],[-61.8252,9.7909],[-62.0775,9.9742],[-62.1988,10.018],[-62.2929,9.994],[-62.4347,9.9973],[-62.4975,10.1787],[-62.6313,10.2675],[-62.7608,10.4945],[-62.8078,10.4921],[-62.8173,10.3866],[-62.8376,10.4883],[-62.8552,10.5315],[-62.7531,10.5612],[-62.7531,10.5622],[-62.5111,10.5464],[-62.4303,10.5344],[-62.3217,10.5387],[-62.2495,10.635],[-61.955,10.6431],[-61.8577,10.7281],[-62.2296,10.6918],[-62.712,10.7653],[-62.9036,10.6915],[-62.9965,10.7191],[-63.2157,10.693],[-63.2653,10.6699],[-63.3871,10.6929],[-63.4412,10.6525],[-63.4971,10.6544],[-63.714,10.6566],[-63.8105,10.708],[-63.8248,10.6641],[-63.7859,10.6731],[-63.916,10.6244],[-64.0566,10.6513],[-64.1383,10.6151],[-64.2608,10.6649],[-64.2966,10.6336],[-64.2368,10.5824],[-64.2315,10.5031],[-64.1657,10.5713],[-63.9811,10.5768],[-63.7696,10.5241],[-63.6417,10.4896],[-63.6734,10.4722],[-63.8391,10.4473],[-63.8956,10.447],[-64.0551,10.4407],[-64.1173,10.4784],[-64.1184,10.4782],[-64.1185,10.478],[-64.1428,10.4742],[-64.1454,10.4742],[-64.1511,10.4733],[-64.1567,10.4766],[-64.1852,10.477],[-64.1856,10.4776],[-64.186,10.477],[-64.1887,10.476],[-64.1921,10.4681],[-64.1922,10.4668],[-64.2225,10.417],[-64.3374,10.3985],[-64.3646,10.3338],[-64.3466,10.3888],[-64.3794,10.3929],[-64.3788,10.3368],[-64.4636,10.3322],[-64.443,10.3107],[-64.3736,10.3204],[-64.3655,10.302],[-64.474,10.2641],[-64.4741,10.2641],[-64.4743,10.264],[-64.4798,10.262],[-64.5129,10.2505],[-64.5308,10.2533],[-64.5808,10.2387],[-64.5784,10.2412],[-64.5783,10.2411],[-64.5783,10.2413],[-64.5914,10.2506],[-64.5879,10.2462],[-64.6019,10.2464],[-64.6016,10.2505],[-64.5985,10.2513],[-64.6086,10.2505],[-64.6083,10.2505],[-64.6133,10.2427],[-64.6183,10.2413],[-64.6252,10.2424],[-64.6332,10.2315],[-64.6337,10.2287],[-64.6353,10.2273],[-64.6436,10.218],[-64.6433,10.2169],[-64.6473,10.2143],[-64.6477,10.214],[-64.6541,10.2112],[-64.6582,10.2101],[-64.6771,10.2035],[-64.6785,10.2028],[-64.7109,10.2199],[-64.7106,10.2177],[-64.7135,10.2124],[-64.712,10.2051],[-64.7096,10.2043],[-64.7075,10.2035],[-64.7056,10.2039],[-64.6989,10.2019],[-64.6989,10.2018],[-64.6988,10.2019],[-64.7092,10.1713],[-64.7613,10.1003],[-64.8848,10.0853],[-65.0734,10.0617],[-65.3505,10.1229],[-65.3835,10.1291],[-65.4314,10.1405],[-65.6248,10.197],[-65.6863,10.2194],[-65.9902,10.3907],[-66.112,10.5311],[-66.1089,10.5306],[-66.1076,10.5314],[-66.1085,10.5324],[-66.1091,10.5331],[-66.1102,10.5325],[-66.1104,10.5325],[-66.1101,10.5339],[-66.1104,10.534],[-66.1105,10.5343],[-66.1109,10.5346],[-66.1112,10.5345],[-66.1115,10.5345],[-66.1121,10.5351],[-66.1119,10.5352],[-66.1125,10.5354],[-66.1124,10.5375],[-66.113,10.5374],[-66.1131,10.5375],[-66.1134,10.5375],[-66.1138,10.5375],[-66.1139,10.5375],[-66.1155,10.5365],[-66.1162,10.5353],[-66.117,10.5357],[-66.0489,10.5796],[-66.2359,10.649],[-66.3136,10.6189],[-66.7,10.6219],[-66.712,10.6235],[-66.7134,10.6241],[-66.7165,10.6241],[-66.7355,10.6239],[-66.7459,10.6211],[-66.7464,10.6191],[-66.7465,10.6189],[-66.7464,10.618],[-66.7476,10.6169],[-66.7685,10.6147],[-66.7694,10.6138],[-66.7694,10.6139],[-66.7696,10.6139],[-66.8119,10.6113],[-66.8121,10.6113],[-66.8177,10.6122],[-66.8301,10.6133],[-66.8388,10.6189],[-66.843,10.6213],[-66.8434,10.6214],[-66.8438,10.6212],[-66.8425,10.6182],[-66.8421,10.6175],[-66.8446,10.6192],[-66.8487,10.6198],[-66.8502,10.6198],[-66.851,10.62],[-66.864,10.6131],[-66.8707,10.612],[-66.9274,10.6025],[-66.9295,10.6024],[-66.9298,10.6026],[-66.9452,10.6014],[-66.9534,10.6022],[-66.979,10.6079],[-66.9815,10.6092],[-66.9817,10.609],[-66.9819,10.6094],[-66.9835,10.6113],[-66.999,10.6111],[-67.0018,10.6109],[-67.0022,10.6115],[-67.0052,10.6116],[-67.0072,10.6135],[-67.0124,10.6135],[-67.0133,10.6141],[-67.0132,10.6142],[-67.0134,10.6142],[-67.0154,10.6128],[-67.0154,10.6129],[-67.0154,10.613],[-67.0155,10.613],[-67.0162,10.6146],[-67.0303,10.6102],[-67.0308,10.6107],[-67.0323,10.6095],[-67.0328,10.6091],[-67.039,10.6026],[-67.0391,10.6018],[-67.0591,10.5918],[-67.0769,10.588],[-67.0831,10.5886],[-67.0878,10.5831],[-67.4004,10.5298],[-67.4712,10.5365],[-67.5646,10.5165],[-67.6447,10.5021],[-67.7071,10.5026],[-67.834,10.4818],[-67.8392,10.4374],[-67.8566,10.4455],[-67.8598,10.4766],[-67.9853,10.4855],[-68.002,10.4843],[-67.9937,10.4798],[-67.992,10.479],[-68.0001,10.4751],[-68.0121,10.4775],[-68.0119,10.4775],[-68.0384,10.484],[-68.0389,10.484],[-68.1227,10.4885],[-68.1228,10.4885],[-68.1248,10.4884],[-68.125,10.4871],[-68.1337,10.4853],[-68.1386,10.4884],[-68.1387,10.4884],[-68.2355,10.5777],[-68.2887,10.6643],[-68.3256,10.8536],[-68.2178,10.8575],[-68.2536,10.9195],[-68.2535,10.8942],[-68.3629,10.9179],[-68.318,10.9369],[-68.2618,10.9074],[-68.3392,11.0604],[-68.4052,11.1883],[-68.4477,11.175],[-68.6596,11.3456],[-68.7341,11.3539],[-68.8534,11.4458],[-69.0261,11.4353],[-69.1618,11.4961],[-69.2745,11.5339],[-69.299,11.5213],[-69.3685,11.4826],[-69.465,11.5012],[-69.5987,11.4575],[-69.6861,11.5387],[-69.8087,11.8643],[-69.7966,11.9396],[-69.8932,12.1351],[-70.0015,12.1951],[-70.2102,12.0966],[-70.2621,11.9523],[-70.3007,11.8531],[-70.2387,11.7572],[-70.2203,11.7784],[-70.2073,11.7666],[-70.2075,11.7664],[-70.2074,11.7662],[-70.2099,11.7449],[-70.2099,11.7448],[-70.2239,11.7226],[-70.2163,11.7185],[-70.2152,11.6703],[-70.2075,11.6035],[-70.0097,11.6508],[-69.8069,11.693],[-69.7362,11.5133],[-69.7864,11.4306],[-69.8458,11.4225],[-69.8928,11.5083],[-69.966,11.4848],[-70.1395,11.5664],[-70.0187,11.4676],[-70.0976,11.4247],[-70.1653,11.468],[-70.1491,11.4118],[-70.2391,11.3417],[-70.3211,11.3173],[-70.4882,11.2849],[-70.5321,11.2308],[-70.8443,11.1946],[-70.9759,11.119],[-71.315,10.9634],[-71.5013,10.9503],[-71.4077,10.9146],[-71.4466,10.8774],[-71.4322,10.796],[-71.5922,10.7926],[-71.537,10.7569],[-71.4971,10.6099],[-71.542,10.55],[-71.4529,10.4493],[-71.4795,10.3917],[-71.4163,10.3207],[-71.3577,10.2137],[-71.2783,10.1514],[-71.2266,10.0154],[-71.0931,9.8738],[-71.0259,9.7107],[-71.0607,9.6168],[-71.092,9.482],[-71.0567,9.3618],[-71.0533,9.3547],[-71.2197,9.1979],[-71.2242,9.1633],[-71.4559,9.0561],[-71.6519,9.0657],[-71.7807,9.106],[-71.746,9.2266],[-71.8139,9.2366],[-71.7751,9.288],[-71.7332,9.2714],[-71.7142,9.384],[-71.7211,9.3841],[-71.742,9.3717],[-71.7636,9.3515],[-71.768,9.3315],[-71.8273,9.4248],[-71.9085,9.3864],[-71.8898,9.4305],[-71.838,9.4338],[-71.9439,9.4969],[-71.9987,9.4417],[-72.0205,9.4939],[-72.0142,9.5151],[-71.9783,9.4795],[-71.9557,9.5076],[-71.9618,9.5116],[-71.9682,9.5158],[-71.9612,9.5174],[-71.9918,9.596],[-71.9871,9.5952],[-71.9794,9.5863],[-71.965,9.5412],[-71.9317,9.5088],[-71.9874,9.6268],[-72.132,9.8053],[-72.1107,9.8391],[-71.9817,10.0827],[-71.903,10.1221],[-71.8025,10.2975],[-71.6297,10.4372],[-71.6318,10.51],[-71.6283,10.528],[-71.626,10.5315],[-71.6242,10.5338],[-71.6186,10.5459],[-71.6149,10.565],[-71.6155,10.5661],[-71.6113,10.5696],[-71.611,10.5738],[-71.6114,10.575],[-71.6118,10.5777],[-71.6144,10.5849],[-71.614,10.5856],[-71.6141,10.5885],[-71.6139,10.593],[-71.6154,10.5942],[-71.6157,10.5962],[-71.6156,10.5961],[-71.6156,10.5965],[-71.6158,10.5964],[-71.614,10.6299],[-71.6147,10.6303],[-71.6173,10.6336],[-71.6156,10.6355],[-71.5978,10.648],[-71.5884,10.6646],[-71.5892,10.674],[-71.5888,10.6746],[-71.5919,10.6817],[-71.5914,10.6822],[-71.5955,10.6884],[-71.5956,10.6884],[-71.5956,10.6885],[-71.5989,10.7152],[-71.6207,10.7344],[-71.6207,10.7351],[-71.6226,10.7366],[-71.6239,10.7379],[-71.6227,10.7363],[-71.6587,10.768],[-71.696,10.8416],[-71.7753,11.0013],[-71.7638,11.0143],[-71.6229,10.9897],[-71.6297,10.9679],[-71.6069,10.956],[-71.6151,10.9788],[-71.6125,10.9774],[-71.6213,10.9894],[-71.6073,10.987],[-71.7634,11.0861],[-71.809,11.1305],[-71.9546,11.3817],[-71.9558,11.5856],[-71.4402,11.7199],[-71.3462,11.8263],[-71.9795,11.6308],[-71.9797,11.6314],[-72.1797,11.2673],[-72.2497,11.1402],[-72.4437,11.1277],[-72.4498,11.1168],[-72.4588,11.1158],[-72.4959,11.0811],[-72.4924,11.0795],[-72.5192,11.0187],[-72.6479,10.8804],[-72.6633,10.8318],[-72.6828,10.77],[-72.7254,10.7047],[-72.756,10.6579],[-72.7834,10.616],[-72.8019,10.5877],[-72.8426,10.539],[-72.843,10.5248],[-72.8524,10.5104],[-72.8903,10.4523],[-72.9005,10.4367],[-72.9005,10.4365],[-72.9008,10.4361],[-72.9004,10.4355],[-72.8946,10.375],[-72.8935,10.3634],[-72.9065,10.352],[-72.9065,10.3515],[-72.9083,10.2665],[-72.9093,10.22],[-72.9958,9.9299],[-72.9991,9.9227],[-72.9983,9.9215],[-72.9984,9.9211],[-72.9967,9.9193],[-72.9435,9.8431],[-73.0702,9.6325],[-73.1293,9.5426],[-73.1481,9.5365],[-73.2132,9.4292],[-73.2753,9.3267],[-73.3644,9.1797],[-73.3687,9.1727],[-73.3689,9.1723],[-73.177,9.1766],[-73.1741,9.1786],[-73.005,9.279],[-73.0042,9.2742],[-73.0032,9.2733],[-73.0024,9.2717],[-72.9698,9.1636],[-72.9858,9.1452],[-72.9489,9.0941],[-72.9483,9.0922],[-72.9477,9.0924],[-72.9472,9.0918],[-72.812,9.1216],[-72.7661,9.1055],[-72.6553,8.6156],[-72.655,8.6153],[-72.4959,8.4549],[-72.4065,8.3669],[-72.3812,8.315],[-72.3476,8.0188],[-72.3491,8.0056],[-72.416,8.0334],[-72.4878,7.9442],[-72.4875,7.9437],[-72.4601,7.9014],[-72.4627,7.8973],[-72.4598,7.8919],[-72.4487,7.8712],[-72.471,7.7033],[-72.4728,7.65],[-72.4761,7.555],[-72.478,7.4981],[-72.4744,7.4926],[-72.4138,7.4007],[-72.4115,7.4005],[-72.1948,7.3838],[-72.1539,7.3282],[-72.1745,7.2576],[-72.0478,7.0383],[-71.9498,7.0094],[-71.9389,7.0062],[-71.754,7.0633],[-71.732,7.0538],[-71.7068,7.0327],[-71.6928,7.0354],[-71.6815,7.0375],[-71.5876,7.0415],[-71.5871,7.0164],[-71.1319,7.0326],[-71.13,7.0326],[-71.0892,6.9833],[-71.038,6.9827],[-71.0221,6.9741],[-71.0111,6.9825],[-70.9967,6.9823],[-70.8766,7.0621],[-70.7787,7.084],[-70.6799,7.0924],[-70.5579,7.0796],[-70.5568,7.0794],[-70.5174,7.0261],[-70.5024,7.0056],[-70.3225,6.9345],[-70.3224,6.9345],[-70.2857,6.9426],[-70.1178,6.9793],[-69.762,6.5302],[-69.6279,6.3609],[-69.5387,6.2483],[-69.4275,6.1073],[-69.3445,6.1444],[-69.3431,6.1435],[-69.2408,6.0792],[-69.2396,6.0801],[-69.2386,6.0795],[-69.0346,6.2178],[-68.8135,6.1676],[-68.6439,6.1291],[-68.4478,6.1878],[-68.4477,6.1878],[-68.3076,6.1629],[-68.3075,6.1629],[-68.142,6.2287],[-68.1416,6.2288],[-68.0262,6.1967],[-68.0254,6.1965],[-67.8886,6.2778],[-67.8097,6.3243],[-67.8081,6.3239],[-67.4826,6.2139],[-67.4733,6.206],[-67.4559,6.1913],[-67.492,6.1308],[-67.4929,6.127],[-67.4838,6.1117],[-67.4099,5.9953],[-67.4126,5.9929],[-67.5916,5.8332],[-67.5972,5.8282],[-67.5973,5.8278],[-67.6161,5.5877],[-67.6219,5.5138],[-67.6248,5.4761],[-67.8106,5.3448],[-67.8139,5.3425],[-67.8147,5.3412],[-67.8362,5.3058],[-67.8241,5.2448],[-67.8542,5.1392],[-67.8543,5.1373],[-67.806,5.055],[-67.806,5.0541],[-67.8059,5.0539],[-67.8061,5.0517],[-67.8178,4.7073],[-67.8556,4.5376],[-67.7731,4.4189],[-67.7966,4.2326],[-67.7077,4.045],[-67.7252,4.0337],[-67.6344,3.7855],[-67.5987,3.7807],[-67.5825,3.7528],[-67.4965,3.7539],[-67.406,3.493],[-67.4016,3.4799],[-67.3174,3.3853],[-67.3824,3.2484],[-67.4349,3.2484],[-67.5169,3.1749],[-67.5164,3.1748],[-67.8562,2.8708],[-67.8627,2.8649],[-67.8641,2.7895],[-67.8135,2.8319],[-67.7729,2.8281],[-67.6293,2.8145],[-67.617,2.8133],[-67.6166,2.812],[-67.5778,2.7013],[-67.5623,2.6572],[-67.5232,2.6616],[-67.4867,2.667],[-67.4856,2.6658],[-67.3365,2.5002],[-67.1962,2.358],[-67.1885,2.3457],[-67.2219,2.2542],[-67.2213,2.253],[-67.2215,2.2525],[-67.1616,2.1328],[-67.1093,2.1196],[-67.123,1.9768],[-66.9853,1.6868],[-66.9621,1.6669],[-66.9112,1.4234],[-66.887,1.396],[-66.851,1.2656],[-66.8322,1.1977],[-66.3211,0.7341],[-66.2133,0.7654],[-66.1312,0.7352],[-65.9599,0.7968],[-65.8821,0.9191],[-65.7235,0.9889],[-65.5559,0.9712],[-65.5052,0.848],[-65.5911,0.7009],[-65.5459,0.6346],[-65.432,0.6816],[-65.4064,0.8101],[-65.3244,0.9121],[-65.1835,0.9155],[-65.1384,1.1136],[-65.0144,1.0896],[-64.9994,1.1502],[-64.8212,1.2835],[-64.7383,1.2071],[-64.3874,1.5076],[-64.3411,1.4882],[-64.3943,1.377],[-64.3296,1.3452],[-64.2844,1.4547],[-64.0719,1.6134],[-64.0449,1.9197],[-63.994,1.9655],[-63.7563,1.9764],[-63.5576,2.1147],[-63.4029,2.1235],[-63.3495,2.3919],[-63.6595,2.4446],[-63.8247,2.3991],[-64.0231,2.4645],[-63.9933,2.7549],[-64.073,2.8929],[-64.2274,3.1169],[-64.2382,3.417],[-64.1804,3.5476],[-64.2931,3.7],[-64.5479,3.8534],[-64.626,3.9967],[-64.6928,4.0186],[-64.6845,4.0669],[-64.7439,4.049],[-64.7344,4.1347],[-64.7947,4.1683]],[[-67.6092,10.201],[-67.6075,10.1451],[-67.625,10.1096],[-67.6608,10.1328],[-67.8605,10.1147],[-67.865,10.1516],[-67.8703,10.1573],[-67.8306,10.2062],[-67.7347,10.2596],[-67.6725,10.2433],[-67.6092,10.201]]],[[[-64.943,10.1528],[-64.9119,10.1464],[-64.9249,10.1537],[-64.9337,10.1566],[-64.943,10.1528]]],[[[-64.9772,10.1648],[-64.9404,10.1625],[-64.9555,10.1688],[-64.9679,10.1692],[-64.9772,10.1648]]],[[[-64.6138,10.2435],[-64.6139,10.2433],[-64.6138,10.2433],[-64.6138,10.2435]]],[[[-64.5914,10.2506],[-64.5915,10.2505],[-64.5914,10.2505],[-64.5914,10.2506]]],[[[-64.6435,10.2573],[-64.6356,10.2567],[-64.6193,10.269],[-64.6354,10.2713],[-64.6435,10.2573]]],[[[-64.6752,10.2854],[-64.6117,10.2798],[-64.6263,10.2961],[-64.6658,10.3021],[-64.6752,10.2854]]],[[[-64.6087,10.2921],[-64.6016,10.2876],[-64.5866,10.2913],[-64.5992,10.295],[-64.6087,10.2921]]],[[[-64.6793,10.3038],[-64.6831,10.2981],[-64.6784,10.2901],[-64.6751,10.2991],[-64.6793,10.3038]]],[[[-64.6854,10.3003],[-64.6835,10.3027],[-64.6852,10.3029],[-64.6858,10.3014],[-64.6854,10.3003]]],[[[-64.5531,10.2603],[-64.5406,10.2568],[-64.5389,10.2664],[-64.5513,10.2735],[-64.5531,10.2603]]],[[[-64.5825,10.2928],[-64.5846,10.2932],[-64.5845,10.2914],[-64.5835,10.2905],[-64.5825,10.2928]]],[[[-64.5768,10.2936],[-64.5751,10.2917],[-64.5738,10.2929],[-64.576,10.2939],[-64.5768,10.2936]]],[[[-64.5538,10.292],[-64.5526,10.2932],[-64.5494,10.294],[-64.5516,10.2947],[-64.5538,10.292]]],[[[-64.5651,10.3038],[-64.562,10.3054],[-64.5632,10.309],[-64.565,10.307],[-64.5651,10.3038]]],[[[-64.6771,10.2035],[-64.6771,10.2036],[-64.6773,10.2036],[-64.6773,10.2035],[-64.6771,10.2035]]],[[[-64.6541,10.2112],[-64.6552,10.2136],[-64.6553,10.2132],[-64.6541,10.2112]]],[[[-64.6553,10.2132],[-64.6555,10.2131],[-64.6553,10.2131],[-64.6553,10.2132]]],[[[-64.6552,10.2136],[-64.655,10.2137],[-64.655,10.2138],[-64.6552,10.2137],[-64.6552,10.2136]]],[[[-64.6477,10.214],[-64.6477,10.2142],[-64.6478,10.2142],[-64.6477,10.214]]],[[[-64.6441,10.2182],[-64.644,10.2182],[-64.6441,10.2183],[-64.6441,10.2182]]],[[[-64.6361,10.2277],[-64.6361,10.2278],[-64.6361,10.2279],[-64.6362,10.2277],[-64.6361,10.2277]]],[[[-64.6341,10.2288],[-64.6338,10.2288],[-64.6339,10.229],[-64.6341,10.229],[-64.6341,10.2288]]],[[[-64.6991,10.2016],[-64.6991,10.2017],[-64.6992,10.2016],[-64.6991,10.2016]]],[[[-64.7075,10.2035],[-64.7074,10.2024],[-64.7071,10.2021],[-64.7071,10.2034],[-64.7075,10.2035]]],[[[-64.712,10.2051],[-64.7135,10.2051],[-64.7135,10.205],[-64.712,10.205],[-64.712,10.2051]]],[[[-64.7135,10.2124],[-64.7135,10.2127],[-64.7138,10.2128],[-64.7138,10.2127],[-64.7135,10.2124]]],[[[-64.7112,10.2202],[-64.7113,10.2202],[-64.7113,10.2201],[-64.7112,10.2201],[-64.7112,10.2202]]],[[[-64.7611,10.2457],[-64.763,10.2505],[-64.763,10.2495],[-64.7628,10.2473],[-64.7611,10.2457]]],[[[-64.7466,10.2692],[-64.75,10.2628],[-64.7447,10.2631],[-64.7413,10.2642],[-64.7466,10.2692]]],[[[-64.7436,10.271],[-64.7297,10.299],[-64.7431,10.3117],[-64.7627,10.2872],[-64.7436,10.271]]],[[[-68.0384,10.484],[-68.0386,10.4843],[-68.0391,10.4843],[-68.039,10.4841],[-68.0384,10.484]]],[[[-68.0076,10.4863],[-68.0082,10.4864],[-68.0081,10.4863],[-68.0076,10.4863]]],[[[-68.002,10.4843],[-68.0045,10.4856],[-68.0045,10.4857],[-68.0078,10.4891],[-68.0081,10.4891],[-68.0076,10.4863],[-68.0083,10.4853],[-68.0085,10.4854],[-68.0076,10.4839],[-68.002,10.4843]]],[[[-68.0081,10.4891],[-68.0079,10.4892],[-68.0081,10.4892],[-68.0081,10.4891]]],[[[-70.2387,11.7572],[-70.2389,11.757],[-70.2391,11.7568],[-70.2388,11.7569],[-70.2387,11.7572]]],[[[-66.1072,10.5311],[-66.1072,10.5313],[-66.1075,10.5314],[-66.1075,10.5313],[-66.1072,10.5311]]],[[[-66.1101,10.5339],[-66.1098,10.534],[-66.1098,10.5342],[-66.1101,10.5339]]],[[[-66.1119,10.5352],[-66.1119,10.5353],[-66.1121,10.5357],[-66.1123,10.5355],[-66.1119,10.5352]]],[[[-66.1124,10.5375],[-66.1125,10.5377],[-66.1127,10.5377],[-66.1127,10.5376],[-66.1124,10.5375]]],[[[-66.1131,10.5375],[-66.113,10.5381],[-66.1131,10.5381],[-66.1131,10.5375]]],[[[-63.9125,11.14],[-63.9761,11.1103],[-64.0155,11.0505],[-64.0354,10.9894],[-64.1655,11.015],[-64.1954,11.0839],[-64.2962,11.0717],[-64.3832,11.0435],[-64.4096,10.9717],[-64.2096,10.9345],[-64.1669,10.9777],[-64.0636,10.8606],[-63.991,10.8911],[-63.9416,10.936],[-63.8938,10.8844],[-63.8569,10.9492],[-63.8285,10.9516],[-63.8285,10.9515],[-63.8284,10.9515],[-63.828,10.9516],[-63.8148,10.9813],[-63.8116,10.9816],[-63.7766,10.9972],[-63.8019,11.0329],[-63.8021,11.0329],[-63.8205,11.0636],[-63.8787,11.1766],[-63.9125,11.14]]],[[[-63.8569,10.9492],[-63.8569,10.9491],[-63.8567,10.9491],[-63.8569,10.9492]]],[[[-64.2211,10.794],[-64.1489,10.811],[-64.1606,10.8352],[-64.2304,10.814],[-64.2211,10.794]]],[[[-63.9219,10.7903],[-63.9976,10.8113],[-64.0057,10.7762],[-63.8986,10.7342],[-63.9219,10.7903]]],[[[-63.9708,10.6659],[-63.9707,10.6663],[-63.9713,10.6664],[-63.9715,10.6661],[-63.9708,10.6659]]],[[[-63.9693,10.677],[-63.969,10.6777],[-63.9694,10.6779],[-63.9696,10.6773],[-63.9693,10.677]]],[[[-63.8739,10.6902],[-63.8762,10.6927],[-63.8768,10.6901],[-63.8747,10.6896],[-63.8739,10.6902]]],[[[-64.4798,10.262],[-64.4839,10.2671],[-64.4874,10.2675],[-64.4911,10.2671],[-64.4798,10.262]]],[[[-64.4929,10.2673],[-64.4929,10.268],[-64.4934,10.2683],[-64.4941,10.2678],[-64.4929,10.2673]]],[[[-64.4994,10.3505],[-64.4945,10.3629],[-64.5051,10.356],[-64.5088,10.3471],[-64.4994,10.3505]]],[[[-64.4535,10.3699],[-64.4704,10.3641],[-64.4396,10.3499],[-64.4271,10.3506],[-64.442,10.3538],[-64.4535,10.3699]]],[[[-64.4955,10.3661],[-64.4989,10.3658],[-64.4987,10.3651],[-64.4961,10.365],[-64.4955,10.3661]]],[[[-64.4112,10.3662],[-64.4213,10.3812],[-64.4366,10.3717],[-64.4314,10.3567],[-64.4112,10.3662]]],[[[-64.4137,10.3481],[-64.3941,10.3585],[-64.3997,10.3714],[-64.4036,10.3735],[-64.4137,10.3481]]],[[[-64.1935,10.4683],[-64.1935,10.4681],[-64.1932,10.4681],[-64.1932,10.4683],[-64.1935,10.4683]]],[[[-64.1428,10.4747],[-64.1428,10.4745],[-64.1426,10.4747],[-64.1428,10.4747]]],[[[-64.1887,10.476],[-64.1895,10.477],[-64.1897,10.4769],[-64.1891,10.4764],[-64.1887,10.476]]],[[[-71.629,10.8568],[-71.6312,10.8591],[-71.6344,10.8562],[-71.629,10.8555],[-71.629,10.8568]]],[[[-71.6327,10.8632],[-71.6288,10.8625],[-71.6275,10.8639],[-71.6305,10.8678],[-71.6327,10.8632]]],[[[-71.6279,10.8782],[-71.6298,10.8758],[-71.6297,10.8742],[-71.6268,10.871],[-71.6279,10.8782]]],[[[-71.6261,10.9543],[-71.6351,10.9587],[-71.6823,10.9609],[-71.6587,10.9503],[-71.6261,10.9543]]],[[[-71.6442,10.9811],[-71.6425,10.9743],[-71.6291,10.9782],[-71.629,10.9819],[-71.6442,10.9811]]],[[[-71.6273,10.8818],[-71.6238,10.8803],[-71.622,10.884],[-71.6248,10.8849],[-71.6273,10.8818]]],[[[-71.6235,10.8884],[-71.622,10.8924],[-71.6249,10.8926],[-71.626,10.891],[-71.6235,10.8884]]],[[[-71.6219,10.8975],[-71.6192,10.901],[-71.6204,10.9021],[-71.6226,10.9017],[-71.6219,10.8975]]],[[[-71.6043,10.9354],[-71.6009,10.9155],[-71.6009,10.9098],[-71.5925,10.9474],[-71.6043,10.9354]]],[[[-71.5955,10.9886],[-71.5379,10.9462],[-71.5488,10.9733],[-71.5863,10.9933],[-71.5955,10.9886]]],[[[-71.9557,9.5076],[-71.9556,9.5076],[-71.9555,9.5079],[-71.9557,9.5076]]],[[[-71.614,10.6299],[-71.6137,10.6299],[-71.614,10.63],[-71.614,10.6299]]],[[[-71.6173,10.6336],[-71.6162,10.6342],[-71.6162,10.6343],[-71.6173,10.6336]]],[[[-71.5881,10.6742],[-71.588,10.6744],[-71.5884,10.6747],[-71.5881,10.6744],[-71.5881,10.6742]]],[[[-71.5919,10.6817],[-71.5912,10.6818],[-71.5914,10.6819],[-71.5919,10.6817]]],[[[-71.5914,10.6822],[-71.5911,10.682],[-71.5911,10.6821],[-71.5914,10.6822]]],[[[-71.59,10.69],[-71.5893,10.69],[-71.5891,10.6922],[-71.591,10.6906],[-71.59,10.69]]],[[[-71.5157,10.9398],[-71.5025,10.9336],[-71.4983,10.9411],[-71.5137,10.9448],[-71.5157,10.9398]]],[[[-71.6283,10.528],[-71.628,10.5278],[-71.628,10.5279],[-71.6283,10.528]]],[[[-71.6231,10.5336],[-71.6231,10.5338],[-71.6234,10.5339],[-71.6238,10.5337],[-71.6231,10.5336]]],[[[-71.6113,10.5696],[-71.611,10.5694],[-71.611,10.5695],[-71.6113,10.5696]]],[[[-71.6118,10.5777],[-71.6117,10.5777],[-71.6106,10.5783],[-71.6115,10.578],[-71.6118,10.5777]]],[[[-71.613,10.585],[-71.6129,10.585],[-71.6129,10.5851],[-71.6132,10.5854],[-71.613,10.585]]],[[[-66.9298,10.6031],[-66.9298,10.6029],[-66.9297,10.6029],[-66.9298,10.6031]]],[[[-66.9294,10.6031],[-66.9293,10.6031],[-66.9293,10.6032],[-66.9295,10.6031],[-66.9294,10.6031]]],[[[-67.0398,10.6051],[-67.0399,10.6051],[-67.0398,10.605],[-67.0398,10.6051]]],[[[-67.0398,10.6051],[-67.0397,10.605],[-67.0397,10.6053],[-67.0398,10.6051]]],[[[-66.9815,10.6092],[-66.9813,10.6092],[-66.9812,10.6096],[-66.9815,10.6094],[-66.9815,10.6092]]],[[[-66.9819,10.6094],[-66.9812,10.6105],[-66.9812,10.6107],[-66.9817,10.6099],[-66.9819,10.6094]]],[[[-67.0308,10.6107],[-67.0308,10.6108],[-67.0309,10.6108],[-67.0309,10.6107],[-67.0308,10.6107]]],[[[-66.9835,10.6113],[-66.9834,10.6113],[-66.9834,10.6116],[-66.9836,10.6115],[-66.9835,10.6113]]],[[[-67.0014,10.6122],[-67.001,10.6122],[-67.001,10.6123],[-67.0012,10.6123],[-67.0014,10.6122]]],[[[-66.9993,10.6123],[-66.9992,10.6118],[-66.9992,10.6124],[-67,10.6127],[-66.9993,10.6123]]],[[[-67.0041,10.6124],[-67.0041,10.6123],[-67.0038,10.6123],[-67.0038,10.6124],[-67.0041,10.6124]]],[[[-67.0041,10.6124],[-67.0046,10.6125],[-67.0045,10.6123],[-67.0041,10.6124]]],[[[-67.0072,10.6135],[-67.0072,10.6136],[-67.0075,10.6138],[-67.0075,10.6136],[-67.0072,10.6135]]],[[[-67.0124,10.6135],[-67.012,10.6138],[-67.0127,10.614],[-67.0124,10.6137],[-67.0124,10.6135]]],[[[-67.0162,10.6146],[-67.0158,10.614],[-67.0161,10.6145],[-67.0162,10.6146]]],[[[-66.9274,10.6025],[-66.9274,10.6026],[-66.9275,10.6025],[-66.9274,10.6025]]],[[[-66.8711,10.6127],[-66.8709,10.6127],[-66.8709,10.6128],[-66.8711,10.6128],[-66.8711,10.6127]]],[[[-66.7476,10.6169],[-66.7476,10.617],[-66.748,10.6173],[-66.7477,10.6169],[-66.7476,10.6169]]],[[[-66.7465,10.6189],[-66.7467,10.6189],[-66.7467,10.6188],[-66.7465,10.6188],[-66.7465,10.6189]]],[[[-66.8388,10.6189],[-66.8385,10.6191],[-66.8385,10.6197],[-66.8388,10.6196],[-66.8388,10.6189]]],[[[-66.7464,10.6191],[-66.7464,10.6196],[-66.7465,10.6196],[-66.7465,10.6191],[-66.7464,10.6191]]],[[[-66.8487,10.6198],[-66.8487,10.62],[-66.8489,10.62],[-66.8489,10.6199],[-66.8487,10.6198]]],[[[-66.8509,10.6205],[-66.8508,10.6205],[-66.8508,10.6207],[-66.8509,10.6207],[-66.8509,10.6205]]],[[[-66.8501,10.6203],[-66.85,10.6205],[-66.8493,10.621],[-66.8502,10.6206],[-66.8501,10.6203]]],[[[-66.8438,10.6212],[-66.8438,10.6213],[-66.8441,10.6216],[-66.8438,10.6212]]],[[[-66.8434,10.6214],[-66.8435,10.6216],[-66.8437,10.6216],[-66.8434,10.6214]]],[[[-66.7459,10.6211],[-66.7457,10.622],[-66.7464,10.6225],[-66.7465,10.6219],[-66.7471,10.6218],[-66.7469,10.6209],[-66.7459,10.6211]]],[[[-66.712,10.6235],[-66.7118,10.6236],[-66.7118,10.6241],[-66.712,10.6241],[-66.712,10.6235]]],[[[-66.7135,10.6242],[-66.7134,10.6242],[-66.7134,10.6243],[-66.7135,10.6243],[-66.7135,10.6242]]]]},"properties":{"iso3":"VEN"}},
{"type":"Feature","geometry":{"type":"MultiPolygon","coordinates":[[[[47.1909,13.6003],[47.3924,13.6545],[47.6401,13.8699],[47.9675,14.0481],[48.0902,14.0399],[48.1842,13.9685],[48.3195,13.9923],[48.3206,13.9861],[48.3261,13.9913],[48.3253,13.9933],[48.6284,14.0467],[48.6973,14.0519],[48.993,14.3217],[49.0001,14.402],[49.0915,14.5201],[49.155,14.5143],[49.1554,14.5142],[49.1556,14.5142],[49.1649,14.5102],[49.1708,14.5131],[49.1692,14.5187],[49.1666,14.5201],[49.1676,14.527],[49.168,14.5289],[49.1686,14.5316],[49.1685,14.5317],[49.1686,14.5317],[49.1736,14.5415],[49.1736,14.5436],[49.386,14.6554],[49.4657,14.6867],[49.8638,14.8211],[50.1783,14.8446],[50.2179,14.8837],[50.2245,14.888],[50.4751,15.0243],[50.7562,15.0789],[51.1323,15.1685],[51.1618,15.1769],[51.6462,15.3354],[51.6612,15.4022],[51.8461,15.4434],[51.8658,15.4927],[52.2217,15.6324],[52.1466,15.9675],[52.2385,16.2016],[52.4293,16.4039],[52.7426,16.5318],[52.9026,16.592],[53.1084,16.6504],[53.0437,16.7905],[52.8123,17.2856],[52.7459,17.2945],[52.7823,17.3497],[52,19],[50.3344,18.744],[49.7499,18.6839],[49.7488,18.6838],[49.1167,18.6167],[48.4859,18.3132],[48.4854,18.313],[48.1833,18.1667],[47.6001,17.45],[47.4667,17.1167],[47.1834,16.9499],[47.0025,16.95],[46.75,17.2834],[46.3667,17.2333],[46.1,17.2499],[45.4001,17.3333],[45.2167,17.4333],[44.9532,17.4335],[44.3661,17.4333],[44.1381,17.4089],[44.1005,17.3661],[44.0113,17.4025],[43.9667,17.3306],[43.9081,17.3412],[43.6809,17.3688],[43.4313,17.5639],[43.3047,17.5319],[43.2565,17.4579],[43.228,17.3856],[43.3309,17.3034],[43.2032,17.2595],[43.2163,17.2103],[43.1519,17.1747],[43.1601,17.087],[43.2308,17.0646],[43.2486,17.0156],[43.1792,17.0259],[43.194,16.9446],[43.1379,16.9072],[43.2234,16.8287],[43.2666,16.795],[43.2117,16.7096],[43.2347,16.6429],[43.2188,16.6491],[43.1516,16.6772],[43.1207,16.5286],[42.9503,16.497],[42.9554,16.403],[42.7718,16.4039],[42.833,16.1972],[42.8279,15.9482],[42.8148,15.8648],[42.687,15.6973],[42.7003,15.5579],[42.7781,15.4219],[42.7965,15.3625],[42.7823,15.2044],[42.7662,15.2683],[42.6858,15.2962],[42.7058,15.3623],[42.6801,15.319],[42.6688,15.3085],[42.6685,15.2361],[42.5984,15.2339],[42.6349,15.1822],[42.6863,15.2152],[42.7816,15.1882],[42.8458,15.1532],[42.8656,15.0878],[42.9438,14.8498],[42.9362,14.8348],[42.8763,14.9235],[42.8688,14.892],[42.8811,14.8592],[42.94,14.7932],[42.944,14.7854],[42.9464,14.785],[42.9566,14.7064],[43.0165,14.5404],[43.0166,14.4358],[42.9587,14.5402],[42.9592,14.5328],[42.9662,14.518],[42.973,14.4827],[42.9916,14.4397],[42.9975,14.3973],[43.0105,14.3792],[43.0505,14.2644],[43.0973,14.0635],[43.2178,13.8973],[43.2878,13.6791],[43.244,13.256],[43.4084,12.9461],[43.4082,12.9459],[43.4949,12.8203],[43.4684,12.7239],[43.5013,12.7042],[43.4529,12.6941],[43.5174,12.6862],[43.6161,12.7388],[43.6164,12.7383],[43.9065,12.6449],[43.9463,12.5936],[44.4055,12.6813],[44.5689,12.8119],[44.724,12.771],[44.7338,12.77],[44.7381,12.7638],[44.8852,12.7425],[44.8872,12.7429],[44.8872,12.743],[44.9221,12.7654],[44.8424,12.7698],[44.8376,12.7782],[44.8607,12.8027],[44.8897,12.7688],[44.961,12.8274],[44.9989,12.8056],[45.0007,12.8438],[45.0255,12.8038],[44.9979,12.7957],[44.9842,12.7914],[45.0054,12.7587],[45.0544,12.7606],[45.0518,12.7804],[45.0401,12.79],[45.053,12.8474],[45.0956,12.9363],[45.1783,13.0057],[45.3921,13.0649],[45.5174,13.2214],[45.707,13.3554],[46.0211,13.4201],[46.388,13.4165],[46.3917,13.4174],[46.6995,13.4283],[46.9205,13.5385],[47.1831,13.5994],[47.1909,13.6003]]],[[[43.4057,12.646],[43.4383,12.6597],[43.3885,12.662],[43.392,12.65],[43.4066,12.6447],[43.4057,12.646]]],[[[42.4217,16.1107],[42.4065,16.1],[42.4139,16.0967],[42.4181,16.1007],[42.4217,16.1107]]],[[[42.3361,16.1452],[42.3359,16.1435],[42.3383,16.1405],[42.3403,16.138],[42.3361,16.1452]]],[[[42.3535,16.1344],[42.3535,16.1403],[42.349,16.1499],[42.3483,16.1473],[42.3531,16.136],[42.3535,16.1344]]],[[[42.3574,16.1421],[42.3574,16.1467],[42.3563,16.1447],[42.3564,16.1421],[42.3574,16.1421]]],[[[42.2736,16.1446],[42.276,16.1402],[42.2811,16.1438],[42.2871,16.1502],[42.2736,16.1446]]],[[[42.373,16.2191],[42.3602,16.197],[42.3685,16.181],[42.3873,16.1986],[42.373,16.2191]]],[[[42.4336,16.2391],[42.435,16.2395],[42.434,16.24],[42.4339,16.24],[42.4336,16.2391]]],[[[42.5034,16.256],[42.5016,16.2589],[42.4913,16.2623],[42.4782,16.2626],[42.5034,16.256]]],[[[42.3517,16.2606],[42.3614,16.262],[42.3654,16.2828],[42.3499,16.2701],[42.3517,16.2606]]],[[[42.2989,16.2837],[42.3328,16.2786],[42.3409,16.3158],[42.3213,16.3121],[42.2989,16.2837]]],[[[42.2002,16.2821],[42.2121,16.292],[42.2036,16.3193],[42.1918,16.3158],[42.2002,16.2821]]],[[[42.4779,16.3078],[42.4822,16.3028],[42.487,16.3044],[42.4853,16.3077],[42.4779,16.3078]]],[[[42.2383,16.2932],[42.2467,16.2981],[42.2638,16.328],[42.2373,16.3103],[42.2383,16.2932]]],[[[41.9624,16.3238],[41.958,16.3018],[41.9661,16.2989],[41.9691,16.3074],[41.9624,16.3238]]],[[[42.4863,16.3203],[42.4826,16.3276],[42.4768,16.3238],[42.4792,16.3207],[42.4863,16.3203]]],[[[42.4937,16.3377],[42.4932,16.3364],[42.4945,16.3355],[42.4948,16.3359],[42.4937,16.3377]]],[[[42.4989,16.3471],[42.4952,16.3493],[42.4943,16.3475],[42.4973,16.3458],[42.4989,16.3471]]],[[[42.3333,16.3473],[42.3359,16.3462],[42.3512,16.3529],[42.3459,16.353],[42.3333,16.3473]]],[[[42.4359,16.3547],[42.461,16.3624],[42.4564,16.3642],[42.4401,16.3613],[42.4359,16.3547]]],[[[42.4222,16.3804],[42.4144,16.3721],[42.4228,16.37],[42.4242,16.3755],[42.4222,16.3804]]],[[[42.3592,16.3757],[42.3572,16.3759],[42.3558,16.375],[42.3585,16.3748],[42.3592,16.3757]]],[[[42.2861,16.3748],[42.2915,16.3745],[42.3009,16.3777],[42.2984,16.3817],[42.2861,16.3748]]],[[[42.6361,15.9635],[42.6387,15.9622],[42.64,15.9664],[42.6363,15.9672],[42.6361,15.9635]]],[[[42.6359,15.989],[42.6278,15.9919],[42.6264,15.9887],[42.6303,15.9837],[42.6359,15.989]]],[[[42.5852,16.0026],[42.5895,16.0004],[42.5932,16.0035],[42.5969,16.0055],[42.5852,16.0026]]],[[[42.606,16.0253],[42.6036,16.0263],[42.6027,16.0243],[42.6031,16.0241],[42.606,16.0253]]],[[[42.6267,16.1438],[42.6297,16.1462],[42.6284,16.1462],[42.6272,16.1454],[42.6267,16.1438]]],[[[42.6275,16.1556],[42.6281,16.1568],[42.6275,16.1588],[42.6258,16.1573],[42.6275,16.1556]]],[[[42.526,16.1651],[42.5161,16.1828],[42.5107,16.1795],[42.5194,16.1646],[42.526,16.1651]]],[[[42.5485,16.1766],[42.5557,16.1831],[42.5557,16.1886],[42.5462,16.1864],[42.5485,16.1766]]],[[[42.525,16.2411],[42.5246,16.2444],[42.5244,16.2442],[42.5247,16.2419],[42.525,16.2411]]],[[[42.5175,16.2449],[42.5183,16.2476],[42.5175,16.2481],[42.5171,16.2436],[42.5175,16.2449]]],[[[42.5361,16.2465],[42.5366,16.2465],[42.5372,16.2512],[42.5363,16.2505],[42.5361,16.2465]]],[[[42.5358,16.2542],[42.5361,16.2564],[42.5352,16.2572],[42.5352,16.2566],[42.5358,16.2542]]],[[[42.5041,16.2569],[42.5068,16.2553],[42.5072,16.2553],[42.5068,16.2554],[42.5058,16.2564],[42.5041,16.2569]]],[[[42.5227,16.2555],[42.5225,16.2611],[42.5218,16.2584],[42.5225,16.2558],[42.5227,16.2555]]],[[[42.5135,16.2855],[42.542,16.2855],[42.4781,16.2891],[42.5001,16.2797],[42.5135,16.2855]]],[[[42.5535,16.2966],[42.5548,16.2964],[42.5554,16.2972],[42.5572,16.2995],[42.5535,16.2966]]],[[[42.5576,16.2996],[42.5638,16.3021],[42.5609,16.3016],[42.5599,16.3008],[42.5576,16.2996]]],[[[42.556,16.3073],[42.5557,16.3083],[42.5546,16.3087],[42.5553,16.3076],[42.556,16.3073]]],[[[42.5768,16.3121],[42.5803,16.3109],[42.5853,16.3143],[42.5809,16.3154],[42.5768,16.3121]]],[[[42.5657,16.3137],[42.5667,16.3155],[42.5647,16.3155],[42.565,16.3148],[42.5657,16.3137]]],[[[42.5722,16.3254],[42.5735,16.3276],[42.5751,16.3278],[42.5733,16.3287],[42.5722,16.3254]]],[[[42.5001,16.398],[42.4982,16.397],[42.4992,16.3953],[42.501,16.3962],[42.5001,16.398]]],[[[42.6454,16.4023],[42.6465,16.4005],[42.648,16.4004],[42.6491,16.4024],[42.6454,16.4023]]],[[[42.8002,15.8763],[42.8024,15.8758],[42.8021,15.8764],[42.8002,15.8763]]],[[[42.7979,15.8915],[42.7974,15.8937],[42.7964,15.8917],[42.7979,15.8915]]],[[[42.6773,15.9618],[42.6879,15.9651],[42.6812,15.9658],[42.6742,15.9644],[42.6773,15.9618]]],[[[42.7778,15.9784],[42.7773,15.9766],[42.7787,15.976],[42.7792,15.9784],[42.7778,15.9784]]],[[[42.7689,15.9942],[42.7695,15.9931],[42.7706,15.9946],[42.7698,15.9948],[42.7689,15.9942]]],[[[42.7096,16.0232],[42.7073,16.0233],[42.7064,16.0212],[42.7087,16.0212],[42.7096,16.0232]]],[[[42.7063,16.0801],[42.7055,16.0802],[42.7041,16.079],[42.7041,16.0776],[42.7063,16.0801]]],[[[42.6585,16.1335],[42.6606,16.1334],[42.6651,16.1347],[42.6671,16.1357],[42.6585,16.1335]]],[[[42.7022,16.1354],[42.7005,16.1363],[42.6997,16.1341],[42.7015,16.1334],[42.7022,16.1354]]],[[[42.6632,16.168],[42.6638,16.1666],[42.6718,16.1651],[42.6655,16.1695],[42.6632,16.168]]],[[[42.8103,16.188],[42.8067,16.1868],[42.8114,16.1821],[42.8103,16.188]]],[[[42.7867,16.236],[42.7852,16.2346],[42.786,16.2313],[42.7881,16.2331],[42.7867,16.236]]],[[[42.7648,16.2535],[42.7645,16.2513],[42.7662,16.2513],[42.7666,16.2543],[42.7648,16.2535]]],[[[42.7801,16.2809],[42.7783,16.2802],[42.7772,16.2769],[42.7809,16.2776],[42.7801,16.2809]]],[[[42.6791,16.3256],[42.6861,16.3272],[42.6828,16.3286],[42.6792,16.3295],[42.6791,16.3256]]],[[[42.7826,16.3584],[42.7824,16.3589],[42.7816,16.3584],[42.7824,16.3583],[42.7826,16.3584]]],[[[42.7651,16.3726],[42.7651,16.3729],[42.765,16.3728],[42.7651,16.3726]]],[[[42.7716,16.3735],[42.7713,16.3746],[42.7708,16.3746],[42.7711,16.3738],[42.7716,16.3735]]],[[[42.7681,16.401],[42.7651,16.3726],[42.781,16.358],[42.7816,16.3583],[42.7804,16.3593],[42.774,16.3647],[42.7681,16.3733],[42.7682,16.3832],[42.7704,16.3781],[42.7708,16.379],[42.7689,16.3838],[42.7689,16.3878],[42.7684,16.3876],[42.7683,16.3873],[42.7684,16.3987],[42.7681,16.401]]],[[[42.658,16.3934],[42.6503,16.3917],[42.6512,16.3906],[42.6553,16.392],[42.658,16.3934]]],[[[42.7681,16.401],[42.7681,16.4018],[42.769,16.4023],[42.768,16.4023],[42.7681,16.401]]],[[[42.3826,15.5092],[42.3824,15.5112],[42.3796,15.5135],[42.3844,15.5054],[42.3826,15.5092]]],[[[42.5597,15.579],[42.5504,15.5702],[42.5356,15.5631],[42.5485,15.5653],[42.5597,15.579]]],[[[42.499,15.5904],[42.5004,15.5928],[42.4982,15.5935],[42.4961,15.5914],[42.499,15.5904]]],[[[42.5503,15.6365],[42.5476,15.6356],[42.5488,15.631],[42.5543,15.6333],[42.5503,15.6365]]],[[[42.3078,15.6618],[42.2985,15.6975],[42.2825,15.6866],[42.307,15.6595],[42.3078,15.6618]]],[[[42.5058,15.7112],[42.5078,15.7105],[42.5062,15.7156],[42.5027,15.7144],[42.5058,15.7112]]],[[[42.5161,15.7137],[42.5199,15.7154],[42.5208,15.7177],[42.5132,15.7153],[42.5161,15.7137]]],[[[42.3671,15.7183],[42.3624,15.7195],[42.3656,15.7136],[42.3671,15.7183]]],[[[42.3861,15.7004],[42.4722,15.7006],[42.4856,15.717],[42.3775,15.7401],[42.3861,15.7004]]],[[[42.5156,15.7261],[42.5148,15.7321],[42.5101,15.7307],[42.51,15.7233],[42.5156,15.7261]]],[[[42.4923,15.7225],[42.5015,15.7223],[42.5062,15.7288],[42.4996,15.7339],[42.4923,15.7225]]],[[[42.5109,15.7346],[42.5118,15.7359],[42.5091,15.7365],[42.5083,15.7357],[42.5109,15.7346]]],[[[42.2994,15.7922],[42.2878,15.7693],[42.2794,15.7433],[42.2825,15.7341],[42.2994,15.7922]]],[[[42.4531,15.7718],[42.4554,15.7662],[42.4587,15.7696],[42.462,15.7782],[42.4531,15.7718]]],[[[42.5352,15.8163],[42.5357,15.8162],[42.5376,15.8169],[42.5375,15.8175],[42.5352,15.8163]]],[[[42.4465,15.8465],[42.4392,15.8442],[42.4432,15.8432],[42.4436,15.8442],[42.4465,15.8465]]],[[[42.2987,15.8387],[42.2871,15.8701],[42.2749,15.8617],[42.2817,15.8396],[42.2987,15.8387]]],[[[42.4822,15.8618],[42.4778,15.8584],[42.4773,15.8568],[42.4849,15.8607],[42.4822,15.8618]]],[[[42.633,15.547],[42.6478,15.5494],[42.6539,15.5552],[42.6552,15.5669],[42.633,15.547]]],[[[42.6391,15.6318],[42.6152,15.6394],[42.5858,15.6474],[42.6026,15.6214],[42.6391,15.6318]]],[[[42.5691,15.7075],[42.5641,15.7094],[42.5526,15.7095],[42.5417,15.707],[42.5691,15.7075]]],[[[42.7104,15.7332],[42.7086,15.735],[42.704,15.7351],[42.7036,15.7332],[42.7104,15.7332]]],[[[42.713,15.7377],[42.7165,15.7405],[42.7092,15.7394],[42.7069,15.7369],[42.713,15.7377]]],[[[42.6289,15.7688],[42.616,15.7656],[42.61,15.7579],[42.6046,15.7386],[42.6289,15.7688]]],[[[42.5618,15.8141],[42.5704,15.8156],[42.57,15.8195],[42.5618,15.8195],[42.5618,15.8141]]],[[[42.6755,15.8183],[42.6755,15.817],[42.6765,15.8148],[42.6781,15.819],[42.6755,15.8183]]],[[[42.5685,15.8547],[42.5728,15.8602],[42.5662,15.8598],[42.5638,15.8546],[42.5685,15.8547]]],[[[42.6778,15.8631],[42.67,15.8611],[42.6781,15.8611],[42.6791,15.8589],[42.6778,15.8631]]],[[[42.5694,15.8686],[42.5655,15.871],[42.5643,15.8643],[42.5709,15.8639],[42.5694,15.8686]]],[[[42.6845,15.8758],[42.6891,15.8754],[42.6909,15.8791],[42.6839,15.8793],[42.6845,15.8758]]],[[[42.665,15.8914],[42.665,15.893],[42.6625,15.893],[42.6625,15.8923],[42.665,15.8914]]],[[[42.5817,15.8957],[42.5805,15.895],[42.5809,15.8939],[42.5812,15.8937],[42.5817,15.8957]]],[[[42.6685,15.897],[42.6703,15.8981],[42.6664,15.8973],[42.6685,15.897]]],[[[42.5996,15.9235],[42.5941,15.9225],[42.5886,15.9148],[42.5912,15.9096],[42.5996,15.9235]]],[[[42.1503,15.0213],[42.1634,15.0129],[42.1673,15.0226],[42.1577,15.0315],[42.1503,15.0213]]],[[[42.1401,15.0678],[42.1413,15.0651],[42.1438,15.0667],[42.1439,15.0703],[42.1401,15.0678]]],[[[42.1545,15.0911],[42.1456,15.083],[42.1484,15.0782],[42.1598,15.0842],[42.1545,15.0911]]],[[[42.1084,15.1245],[42.1051,15.1242],[42.104,15.1175],[42.1102,15.1186],[42.1084,15.1245]]],[[[42.1163,15.1301],[42.1144,15.1347],[42.1121,15.1317],[42.1124,15.1297],[42.1163,15.1301]]],[[[42.1021,15.1472],[42.1061,15.1402],[42.1061,15.1443],[42.1033,15.1509],[42.1021,15.1472]]],[[[42.1185,15.1705],[42.1137,15.1765],[42.1121,15.1762],[42.1084,15.1736],[42.1185,15.1705]]],[[[42.0236,15.2104],[42.0182,15.2],[42.0315,15.1793],[42.0331,15.1827],[42.0236,15.2104]]],[[[42.0413,15.1897],[42.0607,15.1959],[42.0483,15.2252],[42.0416,15.2216],[42.0413,15.1897]]],[[[41.8429,15.5573],[41.815,15.5401],[41.8302,15.5249],[41.8494,15.5336],[41.8429,15.5573]]],[[[42.1807,15.0283],[42.1952,15.0443],[42.1911,15.0638],[42.1606,15.0667],[42.1807,15.0283]]],[[[42.5722,15.1792],[42.568,15.1778],[42.567,15.1755],[42.5723,15.1733],[42.5722,15.1792]]],[[[42.6172,15.3333],[42.613,15.3344],[42.6091,15.3379],[42.6081,15.3395],[42.608,15.3396],[42.6081,15.3396],[42.6151,15.3386],[42.6304,15.379],[42.6305,15.3789],[42.6306,15.3791],[42.6305,15.3792],[42.5998,15.4024],[42.6403,15.455],[42.5564,15.3899],[42.5345,15.3046],[42.5887,15.2633],[42.6195,15.3303],[42.6185,15.3319],[42.6185,15.332],[42.6181,15.3332],[42.6178,15.3333],[42.6176,15.3333],[42.6174,15.3332],[42.6174,15.3333],[42.6172,15.3333]]],[[[42.6317,15.4119],[42.6289,15.4226],[42.6235,15.4126],[42.6249,15.4099],[42.6317,15.4119]]],[[[42.5082,15.4876],[42.5083,15.4886],[42.5045,15.4889],[42.5058,15.4866],[42.5082,15.4876]]],[[[42.4924,15.495],[42.5342,15.4997],[42.5011,15.5057],[42.4814,15.4944],[42.4924,15.495]]],[[[42.4115,15.47],[42.4097,15.4767],[42.3807,15.4978],[42.3579,15.5321],[42.3786,15.4918],[42.4115,15.47]]],[[[42.954,14.5438],[42.9482,14.5695],[42.9559,14.5768],[42.951,14.5756],[42.9414,14.5648],[42.9493,14.542],[42.954,14.5438]]],[[[42.9455,14.6133],[42.9195,14.6087],[42.9146,14.6158],[42.8998,14.6322],[42.9066,14.6139],[42.9329,14.5967],[42.9455,14.6133]]],[[[42.6923,13.5806],[42.6908,13.5791],[42.6924,13.579],[42.6926,13.5801],[42.6923,13.5806]]],[[[42.7216,13.6109],[42.7265,13.6042],[42.7403,13.6042],[42.7445,13.6317],[42.7216,13.6109]]],[[[42.6937,13.6292],[42.6951,13.628],[42.6964,13.6303],[42.6941,13.6305],[42.6937,13.6292]]],[[[42.7806,13.6369],[42.7806,13.6385],[42.7795,13.6367],[42.7798,13.6368],[42.7806,13.6369]]],[[[42.7478,13.6363],[42.7488,13.6394],[42.7468,13.6397],[42.7456,13.6372],[42.7478,13.6363]]],[[[42.5975,13.6415],[42.5974,13.6438],[42.596,13.6433],[42.596,13.6422],[42.5975,13.6415]]],[[[42.752,13.6471],[42.7549,13.654],[42.7492,13.6539],[42.744,13.6444],[42.752,13.6471]]],[[[42.753,13.6799],[42.7506,13.6802],[42.7502,13.6783],[42.7511,13.6771],[42.753,13.6799]]],[[[42.7372,13.68],[42.7833,13.7735],[42.709,13.7353],[42.6746,13.6507],[42.7372,13.68]]],[[[42.7553,13.7754],[42.7569,13.777],[42.7562,13.7772],[42.7547,13.7756],[42.7553,13.7754]]],[[[42.7907,13.787],[42.7858,13.7919],[42.7849,13.7843],[42.7894,13.7818],[42.7907,13.787]]],[[[42.7801,13.8648],[42.7762,13.8402],[42.7944,13.8471],[42.8089,13.8733],[42.7801,13.8648]]],[[[42.7146,13.8806],[42.7155,13.8819],[42.7141,13.8811],[42.7128,13.8808],[42.7146,13.8806]]],[[[42.7161,13.8852],[42.7115,13.887],[42.7099,13.885],[42.7103,13.8826],[42.7105,13.885],[42.7124,13.8859],[42.7161,13.8852]]],[[[42.7193,13.9558],[42.7164,13.9579],[42.711,13.9469],[42.7158,13.9418],[42.7193,13.9558]]],[[[42.6975,13.9537],[42.6985,13.9542],[42.6988,13.9564],[42.6975,13.9591],[42.6975,13.9537]]],[[[42.7947,14.0295],[42.7643,14.0696],[42.6759,14.0047],[42.7768,13.9065],[42.7947,14.0295]]],[[[42.6952,14.0281],[42.694,14.0298],[42.6921,14.0287],[42.6924,14.0281],[42.6952,14.0281]]],[[[42.7617,14.0841],[42.7585,14.0881],[42.7577,14.0872],[42.758,14.0843],[42.7617,14.0841]]],[[[42.8125,13.626],[42.812,13.6242],[42.8131,13.624],[42.8138,13.6251],[42.8125,13.626]]],[[[42.8027,13.6639],[42.8025,13.6653],[42.8007,13.6647],[42.8012,13.6632],[42.8027,13.6639]]],[[[42.808,13.6653],[42.808,13.6659],[42.8067,13.6655],[42.8075,13.6648],[42.808,13.6653]]],[[[42.796,13.7096],[42.7914,13.7163],[42.7898,13.713],[42.7903,13.7083],[42.796,13.7096]]],[[[42.8114,13.7115],[42.8062,13.7181],[42.8045,13.7107],[42.8076,13.7098],[42.8114,13.7115]]],[[[42.8385,13.783],[42.8396,13.7845],[42.8344,13.7838],[42.8367,13.7827],[42.8385,13.783]]],[[[42.8067,13.7921],[42.8068,13.7908],[42.8072,13.7928],[42.8045,13.7919],[42.8067,13.7921]]],[[[42.8148,13.8542],[42.8175,13.8633],[42.8157,13.8591],[42.8142,13.8568],[42.8148,13.8542]]],[[[42.823,13.8679],[42.8226,13.8675],[42.8231,13.8676],[42.8235,13.8681],[42.823,13.8679]]],[[[42.8225,13.8707],[42.8229,13.8835],[42.8174,13.8721],[42.8197,13.8669],[42.8225,13.8707]]],[[[42.8119,13.8805],[42.8123,13.8809],[42.8133,13.8827],[42.8106,13.8826],[42.8119,13.8805]]],[[[42.8237,13.8854],[42.8231,13.8853],[42.823,13.8846],[42.8231,13.8845],[42.8237,13.8854]]],[[[42.8127,13.8861],[42.8131,13.8872],[42.8119,13.8854],[42.8124,13.8859],[42.8127,13.8861]]],[[[42.8185,13.8922],[42.8183,13.8922],[42.8166,13.889],[42.8165,13.8879],[42.8185,13.8922]]],[[[42.8133,13.8908],[42.8139,13.8903],[42.8146,13.8917],[42.8139,13.8917],[42.8133,13.8908]]],[[[42.815,14.0792],[42.8136,14.0772],[42.8161,14.0759],[42.8174,14.077],[42.815,14.0792]]],[[[42.8218,14.0761],[42.8229,14.08],[42.8225,14.0818],[42.818,14.0811],[42.8218,14.0761]]],[[[42.6987,13.9646],[42.7006,13.965],[42.7016,13.9681],[42.6987,13.9681],[42.6987,13.9646]]],[[[49.1736,14.5415],[49.1736,14.5409],[49.1734,14.5408],[49.1737,14.5409],[49.1736,14.5415]]],[[[48.3778,13.936],[48.3869,13.9342],[48.3851,13.9404],[48.3782,13.9407],[48.3778,13.936]]],[[[48.4565,13.984],[48.4608,13.9761],[48.4672,13.9814],[48.4624,13.9852],[48.4565,13.984]]],[[[48.3904,13.998],[48.389,13.9972],[48.3902,13.9953],[48.3918,13.9971],[48.3904,13.998]]],[[[44.724,12.771],[44.724,12.7709],[44.7241,12.7709],[44.724,12.771]]],[[[44.9854,12.7937],[44.9864,12.7935],[44.9868,12.7945],[44.9856,12.7946],[44.9854,12.7937]]],[[[45.0109,12.8019],[45.0111,12.8039],[45.009,12.8029],[45.0095,12.8019],[45.0109,12.8019]]],[[[45.0073,12.7539],[45.0068,12.7534],[45.0067,12.7527],[45.0076,12.7532],[45.0073,12.7539]]],[[[43.6161,12.7388],[43.6154,12.7364],[43.6155,12.7363],[43.616,12.737],[43.6161,12.7388]]],[[[53.7083,12.6625],[53.6183,12.6997],[53.51,12.7146],[53.4029,12.6529],[53.3918,12.5476],[53.3104,12.5279],[53.5449,12.3536],[53.6873,12.2954],[54.1451,12.3437],[54.5382,12.5454],[54.1736,12.6656],[54.0986,12.7025],[53.843,12.5961],[53.7083,12.6625]]],[[[53.246,12.1197],[53.2575,12.1126],[53.2834,12.1084],[53.3112,12.1118],[53.246,12.1197]]],[[[53.1753,12.1317],[53.1697,12.1374],[53.1662,12.1317],[53.1753,12.1317]]],[[[53.0274,12.1329],[53.0935,12.1368],[53.051,12.1754],[53.0118,12.1651],[53.0274,12.1329]]],[[[52.371,12.1519],[52.3931,12.1938],[52.207,12.2002],[52.1513,12.229],[52.0607,12.2346],[52.2715,12.1459],[52.371,12.1519]]],[[[53.1506,12.6336],[53.1483,12.635],[53.1451,12.6307],[53.1506,12.6336]]],[[[53.1619,12.6442],[53.1559,12.6457],[53.1581,12.6396],[53.1619,12.6442]]]]},"properties":{"iso3":"YEM"}},
{"type":"Feature","geometry":{"type":"Polygon","coordinates":[[[15.3151,-4.3115],[15.3028,-4.3136],[15.3025,-4.3144],[15.2986,-4.3155],[15.299,-4.317],[15.3016,-4.3162],[15.3,-4.3198],[15.2646,-4.3175],[15.2534,-4.3273],[15.1854,-4.3392],[15.1268,-4.4437],[14.9684,-4.625],[14.8672,-4.767],[14.6875,-4.9098],[14.4959,-4.842],[14.4159,-4.8936],[14.395,-4.5476],[14.4804,-4.4364],[14.3994,-4.3718],[14.4128,-4.3147],[14.027,-4.4279],[13.9305,-4.516],[13.8356,-4.4486],[13.7359,-4.4578],[13.7317,-4.6962],[13.6901,-4.7717],[13.6523,-4.752],[13.6001,-4.8218],[13.5275,-4.7766],[13.4158,-4.8928],[13.1881,-4.6431],[12.9372,-4.7252],[12.8394,-4.7552],[12.7681,-4.8719],[12.7078,-4.9523],[12.6343,-4.9552],[12.6289,-5.022],[12.4794,-5.0693],[12.5216,-5.1335],[12.4732,-5.1514],[12.5086,-5.2638],[12.5092,-5.6642],[12.5078,-5.7542],[12.2057,-5.7775],[12.3969,-6.0039],[12.4373,-6.0574],[12.6713,-6.0022],[12.9847,-5.857],[13.1005,-5.8785],[13.3583,-5.9043],[13.3749,-5.8666],[13.4261,-5.8619],[13.5512,-5.8947],[14.0083,-5.8339],[14.2317,-5.8689],[14.6114,-5.9109],[14.7763,-5.8597],[15.2954,-5.8798],[15.7807,-5.8783],[16.1394,-5.8585],[16.5873,-5.8753],[16.6068,-6.0856],[16.6885,-6.1393],[16.7307,-6.1939],[16.6906,-6.4056],[16.9454,-6.9383],[16.9536,-7.2033],[17.1116,-7.3538],[17.11,-7.4227],[17.1853,-7.4321],[17.1563,-7.475],[17.2995,-7.6694],[17.5602,-8.1274],[17.8849,-8.079],[18.1,-8.0989],[18.0979,-8.04],[18.2169,-7.989],[18.376,-8.027],[18.5269,-8.0001],[18.5582,-7.9336],[18.7633,-7.923],[18.8,-8.0001],[19.4356,-7.9986],[19.343,-7.902],[19.4089,-7.701],[19.369,-7.5831],[19.474,-7.5669],[19.55,-7.472],[19.487,-7.3131],[19.5439,-6.999],[19.9557,-6.9995],[20.297,-7.0101],[20.3188,-6.9278],[20.6219,-6.9321],[20.5428,-7.299],[21.311,-7.2886],[21.7797,-7.2747],[21.8536,-7.4265],[21.8294,-7.6374],[21.7447,-7.933],[21.9348,-8.3198],[21.9174,-8.6682],[21.7942,-9.4209],[21.8804,-9.6509],[22.0246,-9.8337],[22.1867,-9.9196],[22.2196,-10.0817],[22.2408,-10.29],[22.329,-10.399],[22.278,-10.516],[22.3342,-10.758],[22.1741,-10.8749],[22.2721,-11.2459],[22.4371,-11.1749],[22.5101,-11.042],[22.7461,-11.1141],[22.867,-11.0621],[23.084,-11.1241],[23.203,-11.102],[23.4291,-10.9401],[23.5061,-10.9461],[23.852,-11.028],[23.987,-10.8919],[23.998155555555556,-10.891435185185184],[23.9993,-10.8901],[24.00627741935484,-10.891096774193548],[24.007,-10.8912],[24.09234668843992,-10.903017233783988],[24.111,-10.9056],[24.116,-10.9063],[24.1162,-10.9073],[24.11782331485231,-10.91380269728628],[24.131446591111374,-10.968375007417066],[24.1334,-10.9762],[24.146161086226204,-11.027155726250466],[24.1763,-11.0229],[24.177149453017073,-11.023142642799613],[24.2034,-11.0137],[24.2539,-11.0328],[24.3019,-11.0415],[24.3531,-11.0704],[24.36385134527095,-11.076473279008017],[24.3793,-11.0852],[24.398273300544528,-11.194046829439662],[24.3983,-11.1942],[24.4075,-11.2472],[24.4051,-11.2525],[24.405082162905945,-11.252538199439629],[24.39356193348936,-11.277209612100322],[24.3606,-11.3478],[24.3581,-11.3531],[24.3321,-11.3648],[24.2955,-11.3866],[24.3329,-11.403],[24.4199,-11.4271],[24.4297,-11.4456],[24.4565,-11.4574],[24.5932,-11.4441],[24.6935,-11.3335],[24.7348,-11.3237],[24.73491257854509,-11.323673488328973],[24.852,-11.2961],[24.85375266736107,-11.293609367434266],[24.8539,-11.2934],[24.8729,-11.2656],[25.1183,-11.2547],[25.348898469064203,-11.1964580921456],[25.3519,-11.1957],[25.34135625037909,-11.214832759143565],[25.3341,-11.228],[25.33333300649825,-11.229390175721921],[25.3355,-11.2291],[25.32484801235769,-11.267614714868486],[25.331,-11.2733],[25.3384,-11.2802],[25.3263,-11.2869],[25.3089,-11.3378],[25.3136,-11.3467],[25.3049,-11.3493],[25.2917,-11.3879],[25.3322,-11.495],[25.310741169323485,-11.508174723950233],[25.32,-11.5636],[25.42512984858963,-11.656545740672279],[25.4484,-11.6668],[25.4774,-11.6784],[25.4796,-11.6859],[25.5081,-11.7299],[25.50162664373746,-11.762091825738034],[25.5072,-11.7813],[25.65,-11.7289],[25.719,-11.816],[25.7226,-11.8164],[25.8608,-11.8096],[25.8844,-11.8084],[25.88655917525773,-11.808313632989691],[25.8869,-11.8083],[25.88763432632093,-11.80969275858076],[25.94546050771753,-11.883867978535854],[25.9601,-11.8888],[25.9901,-11.8952],[25.9877,-11.9073],[25.98999254450459,-11.94099043663271],[25.99,-11.941],[25.99075627299703,-11.941055608308606],[26.0837,-11.9356],[26.208,-11.9208],[26.2761,-11.9487],[26.3169,-11.9618],[26.4283,-11.9105],[26.4403,-11.9168],[26.444,-11.9151],[26.45187940464659,-11.919478208321019],[26.4568,-11.9176],[26.625269417531943,-11.978898187748484],[26.7093,-12.0065],[26.7743,-11.9553],[26.8732,-11.9813],[26.8797,-11.9796],[27.008,-11.8416],[27.008,-11.8361],[27.0046,-11.7458],[27.025891612105536,-11.726070544217423],[27.035448374900653,-11.661476358012203],[27.0207,-11.6091],[27.0423,-11.6076],[27.0434609907835,-11.60731906506442],[27.0441,-11.603],[27.19256763436642,-11.570832012553941],[27.2053,-11.56],[27.2062092611907,-11.5676248532059],[27.232,-11.7839],[27.4688,-11.9306],[27.468700634809554,-11.953056533040078],[27.49203199067275,-12.055607022342798],[27.4961,-12.0565],[27.5304,-12.1675],[27.5784,-12.2004],[27.6153,-12.2203],[27.61855506167128,-12.239633093562757],[27.6186,-12.2399],[27.6228,-12.2642],[27.6276,-12.2652],[27.631,-12.275],[27.66789195837583,-12.279040159158415],[27.675386318178656,-12.279860891039476],[27.68562194094688,-12.280981827603696],[27.81717215955565,-12.25767864602157],[27.818,-12.2299],[27.9177390451464,-12.239863940574066],[27.9181,-12.2399],[27.93050926395939,-12.278204822335026],[27.9446,-12.3217],[27.955,-12.3539],[27.9844,-12.3537],[28.0761,-12.353],[28.0965,-12.385],[28.107289595375722,-12.401995375722544],[28.129,-12.4361],[28.174,-12.3829],[28.1742466759972,-12.38306280615815],[28.315,-12.4189],[28.316179238125983,-12.419800677938744],[28.3162,-12.4198],[28.331212765957446,-12.431282978723404],[28.442,-12.5159],[28.523,-12.6321],[28.521246725478274,-12.635185642033916],[28.5195,-12.6484],[28.514,-12.6741],[28.494375814756257,-12.682476588537776],[28.4651,-12.734],[28.4709,-12.7425],[28.494235009310987,-12.776905959031657],[28.573,-12.8929],[28.6531,-12.8189],[28.6672,-12.832],[28.7823,-12.9388],[28.7839,-12.9402],[28.7961,-12.9592],[28.796119951785098,-12.959243313052463],[28.8277,-13.0278],[28.827791203016435,-13.028813558050587],[28.89401515291021,-13.174283542333828],[28.9125,-13.1838],[28.9215,-13.2064],[28.9864,-13.3711],[29.0041,-13.4161],[29.0045,-13.416],[29.0056,-13.4233],[29.0417,-13.405],[29.08047450081833,-13.38630163666121],[29.0811,-13.386],[29.118320624151966,-13.371535549525102],[29.122,-13.3701],[29.1831,-13.443],[29.1954,-13.4358],[29.299,-13.375],[29.3102,-13.3467],[29.313,-13.3445],[29.3322,-13.3398],[29.34814320772925,-13.347581803772611],[29.580126696948714,-13.213462706110805],[29.5809,-13.2129],[29.58104446963619,-13.212932104363599],[29.583989552238805,-13.21358656716418],[29.5845,-13.2137],[29.58454595889767,-13.213718771225686],[29.672586267823178,-13.249677521153084],[29.6746,-13.2505],[29.6685,-13.2771],[29.6462,-13.3515],[29.6352,-13.3545],[29.63179267590673,-13.355447732529253],[29.6111,-13.4091],[29.809,-13.4551],[29.809,-13.4454],[29.8147,-13.4445],[29.8147,-12.1496],[29.8136,-12.1495],[29.7596,-12.1571],[29.74253282623193,-12.173419706303774],[29.7322,-12.1833],[29.6671,-12.207],[29.635706097960856,-12.20224070191618],[29.485,-12.2429],[29.482687116564417,-12.250093865030674],[29.4813,-12.2545],[29.469196043165468,-12.292055755395683],[29.456024879114022,-12.333022617376384],[29.4637,-12.34],[29.46380345762712,-12.340229084745763],[29.4889,-12.3958],[29.5312,-12.4042],[29.4795,-12.4602],[29.3748,-12.4127],[29.374101959463896,-12.41301291472308],[29.3458,-12.4257],[29.3242,-12.4195],[29.3021,-12.4131],[29.2669,-12.3641],[29.2417,-12.3671],[29.0754,-12.387],[29.0557,-12.3839],[29.0205,-12.3282],[28.9681,-12.2453],[28.947,-12.212],[28.877202054011427,-12.147241125234018],[28.8445,-12.1169],[28.7757,-12.0453],[28.76707562919937,-12.000712002960732],[28.76115101499238,-11.99282898559193],[28.7598,-11.9926],[28.7591,-11.9901],[28.6591,-11.9482],[28.5369,-11.897],[28.53478533537577,-11.894260548100428],[28.5096,-11.8835],[28.4363,-11.8274],[28.3832,-11.5828],[28.389013499989705,-11.555041681938922],[28.3901,-11.5423],[28.39440728525314,-11.529287419074768],[28.47965036868374,-11.122268475828198],[28.4785,-11.1088],[28.495161259179305,-11.048207027036769],[28.516547122670982,-10.970431810025794],[28.517717096967125,-10.966176896268614],[28.5476,-10.8575],[28.553478453518483,-10.84982248760744],[28.6502,-10.7235],[28.6638,-10.7058],[28.6895,-10.6722],[28.695,-10.665],[28.6968,-10.6627],[28.6664,-10.5928],[28.6377,-10.5268],[28.6341,-10.5185],[28.63498359848251,-10.427842795694499],[28.5872,-10.2463],[28.587509688146614,-10.245058708986106],[28.5772,-10.2306],[28.5781,-10.2291],[28.5939,-10.203],[28.600876776243368,-10.191480790303217],[28.69698817150826,-9.80624741092181],[28.696911535714406,-9.80590669074853],[28.58187097979377,-9.424482038757851],[28.576803372561255,-9.41528389185184],[28.4815,-9.2423],[28.481536379232093,-9.242264346000443],[28.6671,-9.0604],[28.673,-9.0547],[28.7858,-8.9441],[28.933549060808453,-8.709174084707886],[28.9336,-8.7038],[28.933606216181076,-8.703085139175927],[28.93377355710814,-8.683840932563784],[28.91428636826249,-8.522177549443517],[28.8975,-8.4909],[28.91031471065576,-8.489229153941979],[28.9096,-8.4833],[29.6285,-8.3955],[30.7932,-8.2716],[30.2761,-7.1025],[30.1358,-6.8911],[29.906,-6.708],[29.7706,-6.5828],[29.7087,-6.4971],[29.6714,-6.4378],[29.595,-6.2521],[29.578,-5.9937],[29.5991,-5.664],[29.3722,-5.0079],[29.379,-4.2019],[29.2255,-3.8544],[29.2354,-3.5611],[29.2239,-3.3251],[29.2543,-3.053],[29.1336,-2.9368],[29.1315,-2.9338],[29.0043,-2.7809],[29.0347,-2.734],[28.8971,-2.6611],[28.8954,-2.6528],[28.8857,-2.5552],[28.8834,-2.5541],[28.8769,-2.5504],[28.8903,-2.4788],[28.8805,-2.4662],[28.874,-2.4598],[28.8717,-2.4372],[28.9054,-2.3733],[29.0994,-2.2839],[29.1487,-2.1967],[29.167,-1.8862],[29.2425,-1.7001],[29.2469,-1.6833],[29.2914,-1.6306],[29.3998,-1.5291],[29.5303,-1.4208],[29.600518812461168,-1.3729762598739697],[29.5987,-1.3032],[29.5963,-1.2106],[29.59204056603867,-1.0501935892290328],[29.5919,-1.0449],[29.5891,-0.9346],[29.5884,-0.9096],[29.6088,-0.9025],[29.615225419136358,-0.900268270452639],[29.633516796940828,-0.772692766895974],[29.626,-0.7057],[29.6304,-0.6944],[29.653283362092964,-0.634828384571898],[29.66980357595819,-0.5196060855603364],[29.6674,-0.5077],[29.680236361554787,-0.4459393363139649],[29.692143901694905,-0.38864758905499364],[29.72975567541064,-0.20768290547403076],[29.756484426497224,-0.07379012440986482],[29.755465265712623,-0.06823569813378304],[29.731,0.0651],[29.749221881393865,0.08510537117017813],[29.838636076137842,0.18327109374689976],[29.8393,0.184],[29.8831,0.3856],[29.883267747331846,0.38564808464093553],[29.992156281197335,0.4817731273573549],[29.992267901272207,0.4820269949666629],[29.97741159533074,0.5408042801556421],[29.9625,0.5996],[29.962291891182645,0.6006236703988803],[29.9602,0.6089],[29.9108,0.6544],[29.9717,0.8143],[29.9868,0.8373],[30.146194127607757,0.8884319841801555],[30.2311,1.0454],[30.271125191905277,1.1193617635955335],[30.2712,1.1195],[30.30776440677966,1.1517423728813558],[30.3135,1.1568],[30.3575,1.1956],[30.363,1.2005],[30.3839,1.2016],[30.453286094674556,1.205178402366864],[30.4634,1.2057],[30.5109,1.2081],[30.6001,1.3484],[30.8189,1.5851],[30.878656627534255,1.6326280255879255],[30.8885,1.6437],[30.985350409601896,1.7199242472839482],[31.034953901885185,1.758963719367658],[31.035,1.759],[31.043111253700093,1.7689661378239838],[31.247180533279987,2.022217924766433],[31.24836873725641,2.024988671156866],[31.2678,2.0703],[31.3044,2.1555],[31.2039,2.2181],[31.2039,2.2234],[31.203,2.224],[31.199373038706074,2.2885991214242307],[31.195280890737255,2.2884657724069166],[31.1256,2.2636],[31.106379463781153,2.2855687808971457],[31.1012,2.2854],[30.996156054435286,2.3962847124267403],[30.9895,2.3981],[30.97517414668051,2.3979639950634226],[30.948293042693066,2.366045470262414],[30.9425,2.3408],[30.9353,2.3386],[30.9339,2.3381],[30.9055,2.3294],[30.8954,2.3428],[30.87899060857542,2.364774814390258],[30.7889957166515,2.4199098064958893],[30.759638951120163,2.417421945010183],[30.7523,2.4168],[30.7415,2.4473],[30.7508,2.5833],[30.7616,2.6019],[30.799900390424597,2.682044704920737],[30.8004,2.6852],[30.879355674949633,2.8486382471457365],[30.870121066940243,2.8982742651962012],[30.7702,3.0302],[30.775321251624675,3.042764034482825],[30.7687,3.0494],[30.8389,3.2606],[30.8449,3.2691],[30.898255279292034,3.3443597138053045],[30.903,3.356],[30.927409823815726,3.4874375128539117],[30.91973723705824,3.494763316029138],[30.889342304060435,3.4907052475381093],[30.8621,3.482],[30.863985508506147,3.4873198275709143],[30.8541,3.486],[30.85457197966242,3.4906592864110686],[30.8543,3.4902],[30.861573208379273,3.559773980154355],[30.861890565207826,3.562906861667033],[30.8608,3.5637],[30.860859223542278,3.564282364832395],[30.771465660155332,3.674426249313564],[30.7712,3.6741],[30.771,3.675],[30.7652,3.6667],[30.7351,3.6239],[30.61964895496986,3.6066507454617516],[30.5985,3.5971],[30.541885851145736,3.595032352824453],[30.541,3.5949],[30.541036871631707,3.595001346616115],[30.5593,3.6452],[30.5798,3.7015],[30.5602,3.8045],[30.5558,3.8275],[30.5459,3.8279],[30.453,3.8312],[30.2665,3.9565],[30.2662,3.9567],[30.265,3.9562],[30.264766683026377,3.956141570015241],[30.2071,3.9417],[30.194034322188863,3.993453057145526],[30.190480657176575,4.007529099055907],[30.1789,4.0534],[30.169,4.1073],[30.165,4.1088],[30.1226,4.1251],[30.049,4.1532],[30.0387,4.1572],[30.014509449136487,4.204793135900852],[30.008,4.2176],[29.975776974720265,4.281072871943639],[29.957330629777037,4.317408457452616],[29.828802718382725,4.374137474206765],[29.8225,4.3762],[29.821016385599687,4.377574167436355],[29.810314575410924,4.387486499824308],[29.8205,4.447933333333333],[29.840868260553886,4.56881163779691],[29.8409,4.569],[29.826015845751247,4.574368699224576],[29.80561154002438,4.5817285114452115],[29.5376,4.6784],[29.511664556355512,4.673847724062401],[29.4755,4.6675],[29.454396195827808,4.613372963059162],[29.4343700749761,4.562009968298702],[29.3755,4.4767],[29.372898557598507,4.472940381186884],[29.254665692055067,4.371931223856678],[29.2469,4.3682],[29.2359742878038,4.3629570111751965],[29.03545717416962,4.4884262148035745],[29.0347,4.489],[29.0131,4.489],[28.94,4.4892],[28.842,4.4894],[28.8303,4.4894],[28.81562214111922,4.517066180048662],[28.7869,4.5714],[28.786633668422233,4.571171534180136],[28.70396515483461,4.5002564369464295],[28.594060260350826,4.405977298002959],[28.4936,4.3198],[28.466372546354645,4.307098444506781],[28.433335260934246,4.291686613507885],[28.39678340453003,4.298842026793997],[28.364827633356924,4.327596973596724],[28.3573,4.3486],[28.2172,4.3517],[28.1793,4.3904],[28.1332,4.4376],[28.1299,4.441],[28.0686,4.4585],[28.039,4.467],[28.0268,4.50655],[28.0146,4.5462],[27.867516475152257,4.562505027363526],[27.7972,4.5703],[27.79304373710196,4.656149919193909],[27.790538244308784,4.70790226477745],[27.7882,4.7562],[27.782662434169797,4.757439325858506],[27.7109,4.7735],[27.7018,4.8071],[27.6843,4.8713],[27.6806,4.8714],[27.679,4.8761],[27.540041790316522,4.914015599382097],[27.448668829168092,5.051851677507703],[27.4316,5.0776],[27.41734556444987,5.083932409211484],[27.24562,5.16022],[27.1581,5.1991],[27.15608092679651,5.1985938885157825],[26.9702,5.152],[26.8722,5.0338],[26.75,5.1034],[26.66230051197245,5.084313055297555],[26.4881,5.0464],[26.347410976585724,5.13764147545388],[26.1609,5.2586],[26.0679,5.194],[25.9852,5.2398],[25.964,5.1916],[25.8359,5.1867],[25.824744366197184,5.208805633802817],[25.7925,5.2727],[25.7494,5.2368],[25.7483,5.2376],[25.6744,5.3121],[25.5461,5.3861],[25.546679355302985,5.373768008550808],[25.3677,5.3157],[25.344864882226982,5.18702226980728],[25.3415,5.1681],[25.3183,5.0375],[25.3179,5.0362],[25.3178,5.0362],[25.1542,5.0283],[25.145696502209315,5.016599601213425],[25.0885,4.9379],[24.9835,4.9931],[24.75427979038901,4.91230461206687],[24.6931,4.9212],[24.692832917376727,4.921468168324995],[24.6141,5.03],[24.554687517337033,5.060212482662967],[24.486122201266497,5.095079371407766],[24.478212956631275,5.099101386743742],[24.4762,5.0986],[24.4757,5.0982],[24.46516097946831,5.10136665405647],[24.4361,5.0594],[24.43552474226804,5.06042474226804],[24.4354,5.0603],[24.40263464742584,5.103709934121092],[24.3574,5.0599],[24.3751,5.0507],[24.40987523653069,5.031767922805641],[24.41,5.0317],[24.2991,5.004],[24.2988,5.003],[24.2984,5.0029],[24.2763,4.9385],[24.275217325083293,4.9382646358876725],[24.274,4.938],[24.1931,4.9228],[23.9723,4.8812],[23.9718,4.8782],[23.97171812403227,4.878193119666577],[23.959,4.8081],[23.8732,4.8211],[23.857723252844853,4.824314401332224],[23.752998905758517,4.794784355758056],[23.7183,4.785],[23.7091,4.7824],[23.6938,4.7756],[23.59,4.7355],[23.565,4.7178],[23.4574,4.6696],[23.457320508032193,4.669390579781368],[23.415914079036295,4.612394877717291],[23.4072,4.6004],[23.402204965288554,4.60348966514358],[23.18874492385199,4.7355247935607165],[23.1883,4.7358],[23.1134,4.708],[23.10439418206708,4.717031827515401],[22.9749,4.8469],[22.9068,4.8178],[22.8659,4.7078],[22.82696968215159,4.706195599022005],[22.7834,4.7044],[22.731689358674892,4.561428060564302],[22.726624076809454,4.547423338257016],[22.7175,4.5223],[22.6932,4.4717],[22.668,4.4717],[22.652,4.4717],[22.5993,4.4717],[22.599316680429396,4.4716],[22.5993,4.4716],[22.619486284553417,4.350582224781232],[22.6195,4.3505],[22.4453,4.1244],[22.40623222470952,4.124659184710021],[22.298493900702386,4.125373945815773],[22.2658,4.1147],[22.242175342119655,4.125747576235384],[22.0372,4.2216],[22.0287,4.2224],[22.02690539610819,4.222897410716424],[21.993,4.24],[21.983524374085317,4.234921337189613],[21.9652,4.2251],[21.736939761401594,4.30326724316586],[21.7348,4.304],[21.734546801370968,4.3039152529294595],[21.5648,4.2471],[21.562603758389272,4.247806711409393],[21.443909079042786,4.286000543872371],[21.382009950156913,4.305918580395052],[21.36411382113821,4.311677235772358],[21.282,4.3381],[21.25953734939759,4.321987550200803],[21.211039685658154,4.287200196463655],[21.209488838268793,4.288169476082005],[21.087,4.381],[21.086088053120438,4.377462380561167],[21.077300611304587,4.383837354928902],[21.057863308634445,4.389523334557881],[21.0585,4.3854],[21.0595,4.3792],[21.028101052631577,4.398229665071771],[21.0067,4.4112],[20.9929,4.4196],[20.8833,4.4416],[20.872588864849934,4.443721529184312],[20.862869950267086,4.445646531589611],[20.624,4.4019],[20.4779,4.485],[20.4049,4.6771],[20.1001,4.9023],[19.915,4.9801],[19.8609,5.0478],[19.860711805555557,5.0480656862745095],[19.8541,5.0574],[19.8527,5.0581],[19.8249,5.0929],[19.7565,5.1042],[19.6129,5.1279],[19.4154,5.1214],[19.403752595432042,5.121024277272002],[19.403,5.121],[19.225,4.9626],[19.2007,4.9423],[19.1421,4.943],[19.13364544446205,4.932743653937569],[19.1299,4.9282],[19.102561140388527,4.922988529886563],[19.0979,4.9221],[19.0463,4.8274],[18.8299,4.5665],[18.8007,4.4786],[18.7331,4.3868],[18.7331,4.3867],[18.7331,4.3865],[18.73138005595523,4.385976538768983],[18.7308,4.3858],[18.6427,4.3615],[18.5437,4.3241],[18.549849392471113,4.309619172568021],[18.5499,4.3095],[18.6488,4.0764],[18.63663348439395,4.02583915235846],[18.6366,4.0257],[18.5991,3.8694],[18.6043,3.8117],[18.587,3.7514],[18.58703746606889,3.7510309006806937],[18.587,3.7509],[18.58712252464946,3.7501929407580605],[18.6376,3.4589],[18.642,3.2091],[18.4529,2.927],[18.4209,2.7519],[18.1059,2.267],[18.086,1.984],[18.0679,1.5211],[17.9277,1.251],[17.8595,0.8943],[17.8759,0.594],[17.963,0.4079],[17.7749,0.1079],[17.714,-0.1278],[17.7031,-0.5591],[17.4212,-0.9105],[16.8459,-1.264],[16.504,-1.8741],[16.242,-2.1229],[16.1849,-2.32],[16.237,-2.6251],[16.1799,-2.875],[16.191,-3.179],[16.2112,-3.3396],[15.9022,-3.9486],[15.5563,-4.0482],[15.5038,-4.1456],[15.5492,-4.2467],[15.436,-4.3373],[15.4285,-4.3373],[15.4184,-4.3358],[15.405,-4.3326],[15.3716,-4.3241],[15.341,-4.3239],[15.342,-4.3224],[15.3291,-4.3216],[15.3151,-4.3115]]]},"properties":{"iso3":"COD"}},
{"type":"Feature","geometry":{"type":"MultiPolygon","coordinates":[[[[98.1682,25.6259],[98.3137,25.548],[98.403,25.5955],[98.4214,25.674],[98.5329,25.8454],[98.6394,25.8007],[98.7052,25.852],[98.5729,26.1208],[98.7163,26.1255],[98.7251,26.211],[98.672,26.2419],[98.7512,26.4765],[98.7482,26.51],[98.7622,26.8],[98.7335,26.8507],[98.7659,27.0533],[98.7144,27.0769],[98.6935,27.2003],[98.741,27.3266],[98.6872,27.4243],[98.7049,27.5588],[98.5875,27.5682],[98.5582,27.6463],[98.4788,27.6361],[98.4315,27.6636],[98.4294,27.5527],[98.373,27.509],[98.3178,27.5226],[98.1699,27.8524],[98.2039,27.8917],[98.1371,27.963],[98.1363,28.1475],[98.0113,28.2086],[97.9085,28.3681],[97.7944,28.3338],[97.6878,28.5236],[97.5925,28.5207],[97.5007,28.4942],[97.4804,28.2793],[97.35,28.2392],[97.3127,28.0629],[97.3774,27.9812],[97.3652,27.873],[97.2469,27.8993],[96.8895,27.6125],[96.9051,27.4515],[97.1621,27.1424],[97.1384,27.0922],[97.1086,27.1034],[97.0666,27.0926],[96.8591,27.1902],[96.8841,27.2585],[96.746,27.3573],[96.0898,27.223],[95.946,27.0508],[95.8002,27.0135],[95.7421,26.8959],[95.6684,26.9025],[95.607,26.8124],[95.5422,26.8342],[95.4327,26.7014],[95.3026,26.6526],[95.2342,26.6813],[95.0655,26.4583],[95.13,26.3817],[95.1193,26.1004],[95.1852,26.0741],[95.0117,25.897],[95.0466,25.7574],[95.0376,25.7406],[94.8972,25.5678],[94.6353,25.3932],[94.5777,25.2137],[94.7368,25.1341],[94.7452,25.0811],[94.6715,24.8745],[94.6104,24.7273],[94.3942,24.4833],[94.1421,23.8348],[93.9315,23.9513],[93.8105,23.9267],[93.7544,24.0047],[93.6203,24.0096],[93.5061,23.9471],[93.381,24.0873],[93.3408,24.1051],[93.3259,24.047],[93.3933,23.9205],[93.4244,23.5818],[93.3887,23.3686],[93.3398,23.0728],[93.292,23.0073],[93.1254,23.0415],[93.1636,22.9114],[93.092,22.7114],[93.1394,22.5915],[93.1075,22.5272],[93.1854,22.4256],[93.1579,22.1868],[93.0431,22.1999],[93.0566,22.0977],[93.0048,22.1068],[93.0049,21.9882],[92.952,22.0315],[92.9058,21.9411],[92.8636,22.0605],[92.7036,22.1505],[92.6806,22.0122],[92.6168830777065,21.9777996403575],[92.6169,21.9777],[92.60540088974248,21.971500479687247],[92.60540092258009,21.971496806703417],[92.6338,21.8732],[92.6332,21.8664],[92.6107,21.6128],[92.6088,21.5914],[92.64395,21.43875],[92.6791,21.2862],[92.67907930313767,21.286189882675238],[92.6791,21.2861],[92.6388,21.2665],[92.5985,21.2469],[92.59814815775817,21.248078671510118],[92.5625,21.3675],[92.56178707134411,21.369876428852976],[92.4394,21.3645],[92.43939312542075,21.36451412179927],[92.4393,21.3645],[92.4389,21.3652],[92.426,21.3906],[92.38369982305524,21.473519552156635],[92.37093045841236,21.468409617890803],[92.3291,21.42],[92.2848,21.4258],[92.26938925898203,21.427775736027947],[92.2692,21.4277],[92.26917166970803,21.427624247262777],[92.2638,21.3943],[92.2586,21.3621],[92.2525,21.3578],[92.240418679135,21.350741250730568],[92.2111037582297,21.272355701353327],[92.2201,21.2316],[92.1771,21.1655],[92.17672167433302,21.16490783808648],[92.2616,21.0724],[92.3828,20.7039],[92.4969,20.6193],[92.6272,20.4475],[92.6637,20.3877],[92.7518,20.2391],[92.746,20.3361],[92.7465,20.3338],[92.758,20.3889],[92.7543,20.4089],[92.7435,20.3788],[92.7355,20.5116],[92.7501,20.4829],[92.7689,20.4886],[92.76,20.4477],[92.7618,20.4477],[92.7592,20.4447],[92.7797,20.2822],[92.8616,20.3123],[92.8303,20.3908],[92.8357,20.3934],[92.873,20.3106],[92.9268,20.3157],[92.9506,20.411],[92.9483,20.344],[92.9294,20.3126],[92.8925,20.2981],[92.7618,20.1988],[92.898,20.1127],[92.8788,20.2485],[92.9023,20.2124],[92.9197,20.2466],[92.921,20.1967],[92.9373,20.282],[92.9454,20.2729],[92.9442,20.2627],[92.95,20.2542],[92.9504,20.2368],[92.9579,20.2347],[93.013,20.3053],[93.0356,20.3888],[93.0318,20.3575],[93.0762,20.3667],[93.0744,20.4112],[93.1102,20.4199],[93.1015,20.492],[93.1147,20.4207],[93.0769,20.4057],[93.1219,20.3826],[93.0342,20.3321],[92.9925,20.1411],[93.1332,20.2228],[93.1039,20.1921],[93.2144,20.2362],[93.1767,20.195],[93.2249,20.1543],[93.2211,20.1332],[93.1821,20.1855],[93.083,20.1817],[93.1664,20.0338],[93.2134,20.0906],[93.2026,20.0304],[93.3522,20.0518],[93.3444,20.0718],[93.3758,20.0071],[93.3785,20.0701],[93.4186,19.9744],[93.4562,19.9492],[93.4601,19.9527],[93.4547,19.9411],[93.4623,19.9441],[93.4556,19.939],[93.4724,19.9284],[93.495,19.9345],[93.498,19.9708],[93.4828,19.9594],[93.4765,19.9657],[93.4754,19.966],[93.5246,20.0088],[93.5623,19.8885],[93.5749,19.8907],[93.5698,19.8881],[93.58,19.8796],[93.5889,19.8836],[93.5971,19.8945],[93.6615,19.9055],[93.5408,19.8323],[93.5676,19.8346],[93.5439,19.8198],[93.5465,19.8019],[93.5614,19.8063],[93.5416,19.7854],[93.5542,19.7623],[93.5724,19.7788],[93.5622,19.8065],[93.5892,19.8145],[93.5751,19.8352],[93.5954,19.8369],[93.6227,19.8722],[93.6616,19.9055],[93.7027,19.9125],[93.7041,19.9723],[93.7533,19.9159],[93.7168,19.9012],[93.7932,19.8692],[93.7827,19.8686],[93.7405,19.8237],[93.7388,19.8363],[93.7281,19.8287],[93.7313,19.8407],[93.7624,19.8703],[93.7197,19.8832],[93.6391,19.8615],[93.5968,19.7126],[93.6539,19.767],[93.6357,19.7194],[93.6971,19.7145],[93.7142,19.7776],[93.7669,19.7633],[93.7652,19.7578],[93.7196,19.6815],[93.8043,19.7128],[93.818,19.6395],[93.7216,19.6202],[93.8171,19.6051],[93.8164,19.5981],[93.7848,19.6036],[93.7724,19.5887],[93.9001,19.4903],[93.9456,19.541],[93.937,19.495],[93.9022,19.4697],[93.9912,19.4591],[94.0145,19.377],[93.9011,19.2957],[93.9836,19.4031],[93.8756,19.4704],[93.8559,19.4625],[93.8196,19.4857],[93.8582,19.4961],[93.8551,19.5066],[93.7826,19.5334],[93.8156,19.4882],[93.7167,19.5512],[93.6683,19.5578],[93.6481,19.4449],[93.6616,19.4286],[93.6492,19.4303],[93.6547,19.4209],[93.666,19.4186],[93.6648,19.4247],[93.6847,19.4008],[93.6596,19.4086],[93.6775,19.3898],[93.6897,19.3921],[93.6891,19.3956],[93.7666,19.3024],[93.8761,19.3223],[93.9006,19.2953],[93.8054,19.2271],[93.7161,19.2977],[93.6507,19.2523],[93.6599,19.3217],[93.6419,19.3397],[93.642,19.3401],[93.6416,19.3401],[93.5503,19.4314],[93.4689,19.3669],[93.6634,19.0701],[93.6673,19.0156],[93.9373,18.8469],[93.9867,18.9663],[93.9692,19.1248],[93.8971,19.202],[93.9376,19.208],[93.9534,19.1437],[94.006,19.1541],[94.0716,19.3768],[94.0797,19.369],[94.0356,19.1216],[94.0966,19.1588],[94.0762,19.1265],[94.0334,19.1066],[94.027,19.086],[94.0892,19.0824],[94.0301,18.8985],[94.1052,18.9053],[94.0799,18.8758],[94.0203,18.8616],[94.0701,18.8573],[94.0607,18.8405],[94.1288,18.8155],[94.1247,18.8615],[94.1524,18.89],[94.1773,18.7726],[94.1727,18.7727],[94.1776,18.757],[94.18,18.7595],[94.1814,18.7531],[94.2165,18.7846],[94.2085,18.7343],[94.2719,18.7375],[94.2169,18.7237],[94.1389,18.7419],[94.1923,18.6889],[94.2377,18.643],[94.2501,18.5786],[94.3331,18.3692],[94.4045,18.317],[94.3243,18.31],[94.3187,18.2495],[94.4131,18.2442],[94.4448,18.1365],[94.4806,17.7881],[94.5899,17.5757],[94.5882,17.5769],[94.5833,17.5711],[94.5862,17.5601],[94.5911,17.5734],[94.6068,17.5427],[94.6065,17.5153],[94.5564,17.5974],[94.5596,17.4753],[94.5669,17.3176],[94.4849,17.2636],[94.5339,17.1844],[94.4423,17.1851],[94.4869,17.1174],[94.4444,16.9449],[94.3832,16.9167],[94.3626,16.7343],[94.3399,16.5582],[94.2379,16.5226],[94.2253,16.3932],[94.2239,16.3915],[94.2243,16.3835],[94.1912,16.0427],[94.2428,15.9545],[94.2828,15.9886],[94.3238,15.9782],[94.3371,16.0179],[94.3282,16.0211],[94.3047,16.0073],[94.5068,16.1793],[94.4712,16.2939],[94.4884,16.2882],[94.4876,16.2881],[94.4996,16.2756],[94.5105,16.2741],[94.5112,16.2806],[94.5151,16.2793],[94.5098,16.2345],[94.5447,16.2048],[94.5587,16.2523],[94.5369,16.2721],[94.5634,16.2633],[94.6341,16.3421],[94.6156,16.3431],[94.6432,16.3983],[94.6701,16.3847],[94.6669,16.3787],[94.6762,16.3891],[94.6833,16.4644],[94.6842,16.463],[94.6837,16.4682],[94.6994,16.6337],[94.6409,16.6274],[94.6802,16.6732],[94.7315,16.6331],[94.732,16.64],[94.7446,16.6269],[94.6998,16.6174],[94.6869,16.495],[94.765,16.5873],[94.7486,16.6228],[94.784,16.5862],[94.6913,16.4869],[94.7094,16.394],[94.7633,16.4127],[94.7277,16.3592],[94.6558,16.2476],[94.7186,16.2137],[94.7481,16.2795],[94.7556,16.2336],[94.7172,16.2095],[94.6768,16.2084],[94.6217,16.0667],[94.6114,16.0527],[94.6126,16.0478],[94.6155,16.0509],[94.5712,15.9369],[94.6437,15.9746],[94.6043,15.928],[94.6681,15.8497],[94.8062,15.9708],[94.8091,15.9816],[94.8102,15.9803],[94.8551,16.0206],[94.8452,16.0694],[94.8232,16.033],[94.8665,16.1904],[95.0441,16.3323],[95.0439,16.317],[94.8813,16.1882],[94.8788,16.0327],[94.8231,15.9498],[94.8739,15.8265],[94.8638,15.9002],[94.9437,15.9542],[94.9506,15.9462],[94.9403,15.9332],[94.9073,15.9245],[94.8691,15.8927],[94.8885,15.8259],[94.8337,15.7913],[94.8645,15.7568],[94.9667,15.7472],[94.9825,15.8522],[95.0469,15.8442],[95.0863,16.0957],[95.1196,16.2561],[95.1306,16.1227],[95.2776,16.1842],[95.1841,16.0285],[95.1804,16.0286],[95.1869,16.111],[95.0923,16.0656],[95.1009,15.9801],[95.1156,16.0262],[95.1148,15.9888],[95.1006,15.961],[95.1074,15.9398],[95.1142,15.9564],[95.1112,15.8102],[95.2241,15.799],[95.2521,15.9302],[95.2596,15.9405],[95.2477,15.8503],[95.3384,15.978],[95.3235,16.0866],[95.2742,16.0339],[95.3016,16.1619],[95.3921,16.2975],[95.3909,16.2406],[95.3662,16.1645],[95.3288,16.1053],[95.3313,16.0902],[95.3314,16.0888],[95.3316,16.0886],[95.3324,16.0838],[95.3321,16.0841],[95.3325,16.0833],[95.3474,15.9942],[95.3381,15.9655],[95.3418,15.9576],[95.3495,15.9818],[95.3534,15.9581],[95.3039,15.869],[95.2996,15.712],[95.5296,15.7985],[95.7407,16.1108],[95.7112,16.2754],[95.7505,16.1238],[95.8567,16.2159],[95.8457,16.191],[95.8814,16.1937],[95.9301,16.2432],[95.9178,16.2124],[96.0122,16.2413],[96.0557,16.2943],[96.0787,16.3331],[95.9899,16.3884],[95.9922,16.3915],[95.9807,16.4046],[95.9276,16.4025],[95.9608,16.3486],[95.986,16.3831],[95.9638,16.3276],[95.9509,16.362],[95.9469,16.3579],[95.9534,16.3015],[95.9418,16.2725],[95.9321,16.3874],[95.9233,16.3673],[95.9292,16.3881],[95.8872,16.4181],[95.9836,16.415],[96.0451,16.3699],[96.0414,16.3711],[96.0561,16.3615],[96.0557,16.3621],[96.1152,16.3185],[96.3111,16.3991],[96.2729,16.498],[96.2337,16.6087],[96.1399,16.768],[96.1202,16.7567],[96.1143,16.7816],[96.1157,16.8079],[96.108,16.8253],[96.1127,16.8316],[96.115,16.831],[96.118,16.8221],[96.1203,16.7941],[96.1355,16.7731],[96.164,16.7671],[96.185,16.7748],[96.1788,16.7782],[96.1768,16.7831],[96.1863,16.8032],[96.1846,16.7775],[96.2024,16.7739],[96.2371,16.803],[96.3425,16.9074],[96.3063,16.869],[96.306,16.8696],[96.3043,16.8679],[96.3046,16.8672],[96.2171,16.7744],[96.2428,16.6727],[96.2759,16.5817],[96.2822,16.6013],[96.3312,16.6335],[96.4679,16.6129],[96.2825,16.596],[96.3982,16.4776],[96.5477,16.4969],[96.6482,16.5446],[96.7595,16.7487],[96.7852,16.7775],[96.8266,16.8291],[96.817,17.1269],[96.8351,17.1282],[96.8645,17.1276],[96.8651,17.1341],[96.8636,17.3543],[96.8955,17.3838],[96.93,17.2358],[96.9736,17.0501],[96.9986,17.045],[96.9907,17.1293],[97.0645,17.087],[97.0882,16.9878],[97.1676,17.1212],[97.1578,16.914],[97.2312,16.7805],[97.3598,16.5075],[97.412,16.51],[97.4108,16.4956],[97.4326,16.511],[97.4652,16.5125],[97.4599,16.5094],[97.4683,16.5084],[97.4785,16.5132],[97.528,16.5155],[97.5548,16.5109],[97.5551,16.5168],[97.5578,16.5169],[97.5828,16.5047],[97.5705,16.5175],[97.5767,16.5178],[97.5845,16.5124],[97.5827,16.5181],[97.5956,16.5187],[97.5984,16.513],[97.6046,16.5107],[97.6079,16.5119],[97.5964,16.5187],[97.5997,16.5189],[97.6094,16.5128],[97.6126,16.5168],[97.607,16.5192],[97.6087,16.5193],[97.6115,16.5185],[97.6111,16.5194],[97.6148,16.5196],[97.6141,16.5538],[97.6218,16.5406],[97.6291,16.5696],[97.6172,16.5714],[97.6139,16.5647],[97.6135,16.584],[97.6262,16.5754],[97.636,16.6004],[97.6135,16.5861],[97.6122,16.6534],[97.6316,16.6227],[97.6452,16.6112],[97.6463,16.6095],[97.6509,16.6017],[97.6535,16.593],[97.6979,16.5735],[97.7072,16.5678],[97.6938,16.5682],[97.6944,16.5663],[97.7073,16.5654],[97.7099,16.5661],[97.7256,16.5563],[97.6604,16.5196],[97.6218,16.4678],[97.6181,16.4464],[97.6182,16.4464],[97.6182,16.4462],[97.6181,16.4462],[97.6295,16.3929],[97.621,16.3235],[97.6172,16.3359],[97.6092,16.3406],[97.6113,16.3225],[97.6203,16.3179],[97.62,16.315],[97.6179,16.3157],[97.6196,16.3114],[97.6186,16.3029],[97.6132,16.3126],[97.6148,16.2937],[97.617,16.2904],[97.6058,16.198],[97.6077,16.2735],[97.591,16.3374],[97.571,16.2812],[97.6055,16.1963],[97.593,16.0936],[97.5707,16.0096],[97.7156,15.8575],[97.7265,15.611],[97.798,14.8876],[97.8372,14.7118],[97.8997,14.7374],[97.8855,14.7735],[97.8955,14.8363],[97.9138,14.8195],[97.8971,14.7688],[97.9237,14.7387],[97.9384,14.8106],[97.9991,14.65],[97.9351,14.7251],[97.8718,14.6711],[97.9822,14.46],[97.997,14.2949],[98.0786,14.18],[98.0833,14.2192],[98.0663,13.7614],[98.168,13.5359],[98.1871,14.0414],[98.1899,14.0414],[98.2013,14.0145],[98.2019,14.0141],[98.2071,14.0024],[98.2102,13.9699],[98.2098,13.9706],[98.2033,13.9632],[98.2135,13.9359],[98.2202,13.8662],[98.2196,13.8679],[98.1853,13.7848],[98.198,13.7517],[98.223,13.8372],[98.227,13.796],[98.2201,13.771],[98.2223,13.7648],[98.2286,13.7792],[98.2348,13.7147],[98.3677,13.5981],[98.4912,13.2947],[98.5413,13.2035],[98.5769,13.2463],[98.5906,12.9693],[98.635,12.9782],[98.6134,12.9538],[98.597,12.9559],[98.5894,12.9324],[98.6458,12.7697],[98.6721,12.781],[98.6458,12.7568],[98.6589,12.757],[98.6933,12.7812],[98.6871,12.7874],[98.7132,12.7987],[98.6944,12.7088],[98.6156,12.5578],[98.7181,12.4926],[98.6421,12.5028],[98.5934,12.4332],[98.7074,12.3511],[98.5793,12.419],[98.5377,12.3454],[98.6778,12.3208],[98.5636,12.3011],[98.5391,12.2181],[98.6863,12.2421],[98.737,12.1848],[98.6411,12.1674],[98.6964,12.1573],[98.7303,12.1072],[98.7037,12.1059],[98.6909,12.1545],[98.6461,12.1556],[98.6385,12.0682],[98.7369,12.0745],[98.7776,12.0183],[98.7112,12.0599],[98.7115,11.9256],[98.5622,11.8996],[98.6644,11.9264],[98.5105,11.9954],[98.438,12.1012],[98.4736,11.8764],[98.5465,11.8955],[98.7273,11.8711],[98.5968,11.8467],[98.6678,11.7708],[98.6461,11.7744],[98.627,11.7903],[98.617,11.7894],[98.6043,11.7196],[98.6901,11.6717],[98.6941,11.7472],[98.8146,11.8461],[98.8104,11.789],[98.7828,11.7502],[98.844,11.7258],[98.8386,11.7002],[98.8335,11.7143],[98.8237,11.7148],[98.8051,11.6925],[98.8371,11.6932],[98.8241,11.6316],[98.7872,11.685],[98.7259,11.6585],[98.7115,11.52],[98.7486,11.5342],[98.8049,11.411],[98.7131,11.4504],[98.6886,11.3946],[98.7594,11.2737],[98.7371,11.1759],[98.6495,11.1312],[98.6909,11.0866],[98.6868,11.0815],[98.6919,11.0794],[98.6949,11.0819],[98.6949,11.0822],[98.7428,11.0304],[98.6792,10.9984],[98.7815,10.9945],[98.7693,10.9746],[98.7124,10.9901],[98.7302,10.9148],[98.6642,10.9171],[98.7278,10.887],[98.6937,10.8541],[98.6419,10.9222],[98.662,10.8755],[98.5734,10.876],[98.6268,10.8664],[98.6395,10.8284],[98.6307,10.8293],[98.6264,10.8473],[98.6151,10.8474],[98.627,10.8571],[98.6161,10.8658],[98.6016,10.8567],[98.6134,10.8474],[98.5934,10.8477],[98.562,10.7118],[98.5141,10.7464],[98.5518,10.6664],[98.4884,10.7461],[98.4623,10.6931],[98.5408,10.3662],[98.4796,10.201],[98.5517,9.9742],[98.5594,9.9889],[98.56,9.9835],[98.5629,9.9861],[98.561,9.9916],[98.5606,9.9912],[98.6228,10.1105],[98.6208,10.1029],[98.6274,10.1013],[98.6283,10.1042],[98.6325,10.1053],[98.6333,10.1072],[98.6293,10.1074],[98.6341,10.1223],[98.63,10.1196],[98.6311,10.1223],[98.6292,10.1223],[98.6287,10.1218],[98.8088,10.467],[98.7812,10.6774],[98.9252,10.8244],[99.008,10.8514],[99.0209,10.9674],[99.0692,10.9383],[99.2295,11.1144],[99.3126,11.3164],[99.4027,11.3889],[99.475,11.6237],[99.5652,11.6257],[99.6653,11.8225],[99.5713,11.8658],[99.5637,12.1509],[99.4741,12.1305],[99.4861,12.2724],[99.399,12.4581],[99.4357,12.5872],[99.2395,12.7249],[99.1623,12.9273],[99.1956,12.9897],[99.0999,13.0724],[99.1237,13.1929],[99.2093,13.2007],[99.1885,13.292],[99.2059,13.4816],[99.1093,13.8923],[99.0211,13.9455],[98.9549,14.1029],[98.605,14.3187],[98.4511,14.586],[98.4392,14.6036],[98.2551,14.8128],[98.2081,14.982],[98.2026,15.2357],[98.2635,15.2387],[98.3002,15.3134],[98.4158,15.2616],[98.4161,15.3643],[98.4837,15.3902],[98.5614,15.3361],[98.5473,15.6831],[98.6104,15.8743],[98.5627,16.0419],[98.6306,16.0448],[98.665,16.1271],[98.848,16.1288],[98.9217,16.3915],[98.831,16.4222],[98.6749,16.2725],[98.6509,16.4725],[98.4639,16.7298],[98.5485,16.814],[98.4956,16.8408],[98.5374,16.8966],[98.4536,17.0253],[98.3121,17.0822],[98.3047,17.0913],[98.2437,17.2277],[98.1351,17.2934],[98.1101,17.3853],[97.7062,17.8168],[97.6935,17.8318],[97.7372,17.9844],[97.6141,18.2262],[97.6405,18.2875],[97.5728,18.3393],[97.5084,18.2657],[97.4621,18.3085],[97.3593,18.5975],[97.4505,18.4916],[97.7689,18.5784],[97.7419,18.8817],[97.6781,18.9487],[97.8392,19.0962],[97.8409,19.223],[97.7828,19.2638],[97.8438,19.2916],[97.787,19.3965],[97.8888,19.5007],[97.8632,19.5748],[98.0476,19.6534],[98.0484,19.8151],[98.1501,19.7756],[98.2269,19.7275],[98.2519,19.6755],[98.5086,19.7158],[98.5677,19.6715],[98.8391,19.8145],[98.9164,19.7415],[99.0202,19.806],[99.0734,20.0972],[99.1598,20.1308],[99.3296,20.0637],[99.4832,20.1098],[99.5657,20.2065],[99.4573,20.3927],[99.6198,20.3365],[99.8109,20.3365],[99.8705,20.4434],[99.9597,20.4649],[100.0847,20.3565],[100.2546,20.751],[100.3637,20.8249],[100.5736,20.8248],[100.6478,20.88],[100.5094,20.8876],[100.5455,21.023],[100.638,21.0635],[100.7253,21.3138],[100.8474,21.3039],[101.1634,21.5266],[101.1059,21.775],[100.8848,21.6878],[100.7249,21.5147],[100.5862,21.4534],[100.4821,21.4581],[100.4317,21.5415],[100.1692,21.4852],[100.1067,21.5936],[100.1575,21.6798],[100.0479,21.6679],[99.9749,21.7413],[99.9713,22.058],[99.8786,22.0692],[99.8537,22.0241],[99.4794,22.1348],[99.2486,22.1131],[99.1557,22.1626],[99.2608,22.3764],[99.3799,22.495],[99.3605,22.5415],[99.3264,22.7529],[99.461,22.8457],[99.4421,22.9418],[99.5658,22.9324],[99.524,23.0756],[99.3517,23.1318],[99.2106,23.0994],[99.1064,23.0917],[99.0606,23.1719],[98.9505,23.1789],[98.8861,23.1819],[98.9451,23.3096],[98.8781,23.3304],[98.9226,23.3618],[98.8826,23.4759],[98.8339,23.4785],[98.803,23.5391],[98.8908,23.6151],[98.8076,23.7693],[98.6736,23.809],[98.6776,23.9628],[98.8941,24.1272],[98.5943,24.0849],[98.5488,24.124],[98.0873,24.089],[97.7478,23.9023],[97.7452,23.9019],[97.666,23.8558],[97.6383,23.8632],[97.5291,23.9436],[97.7286,24.1148],[97.7332,24.1861],[97.7696,24.2627],[97.6675,24.2992],[97.7164,24.3605],[97.6756,24.4504],[97.5313,24.4371],[97.5508,24.7432],[97.702,24.8461],[97.8006,24.849],[97.731,24.9118],[97.7216,25.0841],[97.8376,25.2695],[97.9363,25.2198],[98.1403,25.3904],[98.1682,25.6259]],[[94.946,16.3319],[94.7252,16.0709],[94.7996,16.2147],[94.9451,16.3325],[94.946,16.3319]],[[95.1098,16.3195],[95.114,16.3238],[95.1143,16.3196],[95.1129,16.3198],[95.111,16.3151],[95.1153,16.3077],[95.1173,16.2839],[95.0422,16.1817],[94.9881,16.1595],[95.1098,16.3195]]],[[[98.1279,13.5334],[98.1306,13.5295],[98.1326,13.5334],[98.1309,13.5346],[98.1279,13.5334]]],[[[98.1996,13.6],[98.2001,13.5976],[98.2064,13.6004],[98.2045,13.6148],[98.1996,13.6]]],[[[98.1929,13.6498],[98.1795,13.6337],[98.1887,13.6121],[98.1949,13.6189],[98.1937,13.6331],[98.1929,13.6498]]],[[[98.1843,13.6677],[98.1884,13.6575],[98.192,13.6564],[98.1947,13.6683],[98.1843,13.6677]]],[[[98.06,13.8108],[98.0602,13.8026],[98.0669,13.8079],[98.0637,13.8113],[98.06,13.8108]]],[[[97.9269,13.8204],[97.9156,13.8739],[97.9009,13.8253],[97.9103,13.7871],[97.9269,13.8204]]],[[[98.1913,13.8249],[98.1958,13.8319],[98.2049,13.8528],[98.2057,13.8571],[98.1913,13.8249]]],[[[97.9114,13.8889],[97.9061,13.8953],[97.9129,13.8806],[97.9137,13.8844],[97.9114,13.8889]]],[[[97.9098,13.9453],[97.9173,13.8904],[97.9197,13.9146],[97.9173,13.9288],[97.9098,13.9453]]],[[[98.2079,13.8671],[98.2054,13.8582],[98.2085,13.8615],[98.2107,13.8694],[98.2079,13.8671]]],[[[97.7908,14.2018],[97.7906,14.2067],[97.7854,14.2043],[97.7851,14.1974],[97.7908,14.2018]]],[[[97.785,14.3083],[97.7863,14.3075],[97.7876,14.3092],[97.7867,14.3109],[97.785,14.3083]]],[[[97.7878,14.3159],[97.7884,14.3153],[97.7907,14.3197],[97.7887,14.3248],[97.7878,14.3159]]],[[[97.7877,14.3291],[97.7893,14.3276],[97.791,14.3301],[97.7896,14.3338],[97.7877,14.3291]]],[[[97.78,14.3917],[97.7834,14.4112],[97.7745,14.4182],[97.7679,14.3938],[97.78,14.3917]]],[[[97.7795,14.4316],[97.7819,14.422],[97.7839,14.4286],[97.7808,14.4326],[97.7795,14.4316]]],[[[97.7736,14.4366],[97.7742,14.4417],[97.7703,14.4449],[97.7635,14.435],[97.7736,14.4366]]],[[[97.7771,14.4576],[97.7749,14.46],[97.7721,14.4606],[97.7702,14.4542],[97.7771,14.4576]]],[[[97.8217,14.1256],[97.8073,14.1365],[97.7971,14.1267],[97.8019,14.1085],[97.8217,14.1256]]],[[[97.8173,14.1494],[97.8181,14.1484],[97.823,14.1532],[97.8227,14.1562],[97.8173,14.1494]]],[[[97.8089,14.1564],[97.8246,14.1884],[97.7888,14.1823],[97.7861,14.1394],[97.8089,14.1564]]],[[[97.7991,14.2782],[97.8068,14.2663],[97.8157,14.2765],[97.8051,14.2864],[97.7991,14.2782]]],[[[97.8152,14.2867],[97.8192,14.2837],[97.8193,14.2881],[97.816,14.2903],[97.8152,14.2867]]],[[[97.814,14.2952],[97.8172,14.2932],[97.8176,14.2937],[97.8149,14.2973],[97.814,14.2952]]],[[[98.6445,12.6458],[98.6418,12.6488],[98.6382,12.649],[98.638,12.6456],[98.6445,12.6458]]],[[[98.0101,11.4566],[98.0129,11.4712],[97.969,11.4485],[98.0054,11.4402],[98.0101,11.4566]]],[[[97.9283,11.5103],[97.9286,11.5149],[97.9274,11.5162],[97.9259,11.5109],[97.9283,11.5103]]],[[[97.9034,11.5147],[97.9078,11.5147],[97.9076,11.516],[97.9034,11.5147]]],[[[97.9325,11.5173],[97.9332,11.5198],[97.9319,11.5215],[97.9314,11.5183],[97.9325,11.5173]]],[[[97.5185,11.6507],[97.5219,11.6507],[97.5253,11.6575],[97.5256,11.6609],[97.5185,11.6507]]],[[[97.4827,11.7879],[97.4496,11.8004],[97.4416,11.782],[97.4846,11.7644],[97.4827,11.7879]]],[[[97.4865,11.8134],[97.4842,11.7879],[97.5195,11.783],[97.5221,11.813],[97.4865,11.8134]]],[[[97.6606,11.8019],[97.6639,11.8178],[97.6591,11.8231],[97.6386,11.8157],[97.6606,11.8019]]],[[[97.4689,11.8174],[97.4675,11.8265],[97.4645,11.8251],[97.4645,11.8164],[97.4689,11.8174]]],[[[97.6842,11.8709],[97.6748,11.8961],[97.6345,11.8688],[97.6727,11.8274],[97.6842,11.8709]]],[[[97.9988,11.9649],[97.9629,11.9585],[98.0028,11.9318],[98.0094,11.9585],[97.9988,11.9649]]],[[[97.9807,11.9719],[97.9829,11.9763],[97.9832,11.9789],[97.9779,11.9769],[97.9807,11.9719]]],[[[97.9123,11.9827],[97.9221,11.9842],[97.9209,11.9967],[97.9126,12.0001],[97.9123,11.9827]]],[[[97.7537,12.0013],[97.7456,12.0126],[97.7362,12.0111],[97.7458,11.9918],[97.7537,12.0013]]],[[[97.9944,12.0117],[97.9856,12.023],[97.9699,12.0183],[97.9933,12.0068],[97.9944,12.0117]]],[[[97.6561,12.0266],[97.6947,12.0487],[97.6731,12.059],[97.6503,12.0172],[97.6558,12.0175],[97.6561,12.0266]]],[[[97.7887,12.047],[97.7663,12.0508],[97.7584,12.044],[97.7638,12.0376],[97.7887,12.047]]],[[[97.9413,12.055],[97.9401,12.0489],[97.9408,12.0474],[97.943,12.0491],[97.9413,12.055]]],[[[97.9828,12.062],[97.9673,12.0735],[97.9619,12.0671],[97.9595,12.0302],[97.9828,12.062]]],[[[97.6554,12.0646],[97.6429,12.0662],[97.6356,12.0501],[97.652,12.0436],[97.6554,12.0646]]],[[[97.9786,12.1017],[97.9759,12.1083],[97.9719,12.089],[97.9761,12.089],[97.9786,12.1017]]],[[[97.9906,12.115],[97.9826,12.1125],[97.9963,12.0959],[98.0022,12.103],[97.9906,12.115]]],[[[97.9674,12.1184],[97.9729,12.1195],[97.9641,12.1199],[97.9678,12.1078],[97.9674,12.1184]]],[[[97.9707,12.1246],[97.9755,12.1229],[97.9756,12.1244],[97.9739,12.1269],[97.9707,12.1246]]],[[[97.7449,12.1303],[97.7328,12.1469],[97.7153,12.1443],[97.7189,12.1068],[97.7449,12.1303]]],[[[97.9785,12.1297],[97.9727,12.1394],[97.9807,12.1172],[97.9817,12.1199],[97.9785,12.1297]]],[[[98.0025,12.1331],[97.9952,12.1469],[97.9927,12.1307],[98.0116,12.125],[98.0025,12.1331]]],[[[97.944,12.2258],[97.943,12.2309],[97.9407,12.2461],[97.9402,12.2124],[97.944,12.2258]]],[[[97.8762,12.2383],[97.8777,12.2364],[97.882,12.2421],[97.8804,12.244],[97.8762,12.2383]]],[[[97.773,12.2856],[97.7726,12.2635],[97.7965,12.2814],[97.8003,12.3043],[97.773,12.2856]]],[[[97.8903,12.2926],[97.8838,12.2901],[97.8654,12.2865],[97.8867,12.2828],[97.8903,12.2926]]],[[[97.9578,12.3022],[97.9425,12.2905],[97.9494,12.2797],[97.9614,12.2992],[97.9578,12.3022]]],[[[97.9653,12.3011],[98.0099,12.2697],[98.0397,12.3048],[98.041,12.3043],[98.0477,12.3119],[98.0461,12.3123],[98.0806,12.3528],[98.0771,12.3399],[98.0786,12.3352],[98.0842,12.3482],[98.0829,12.3556],[98.1231,12.4029],[98.0949,12.4341],[98.037,12.3552],[97.9906,12.3497],[98.0293,12.4173],[97.9536,12.3862],[97.9422,12.3174],[97.9647,12.3015],[97.964,12.3002],[97.9676,12.2905],[97.9651,12.3007],[97.9653,12.3011]]],[[[98.009,12.4286],[98.0043,12.4193],[98.0121,12.4201],[98.0119,12.4281],[98.009,12.4286]]],[[[97.8222,12.4292],[97.8341,12.4368],[97.8343,12.4547],[97.8212,12.4735],[97.8222,12.4292]]],[[[97.7951,12.4969],[97.7988,12.4946],[97.804,12.5043],[97.7901,12.5092],[97.7951,12.4969]]],[[[97.8548,12.5896],[97.8232,12.5815],[97.8557,12.5395],[97.8808,12.5656],[97.8548,12.5896]]],[[[97.8488,12.6078],[97.8572,12.6012],[97.8643,12.6093],[97.8544,12.6167],[97.8488,12.6078]]],[[[97.8615,12.6169],[97.8785,12.622],[97.8651,12.6284],[97.8578,12.6201],[97.8615,12.6169]]],[[[97.8793,12.7911],[97.8597,12.814],[97.8367,12.778],[97.8816,12.7741],[97.8793,12.7911]]],[[[98.0114,11.4313],[98.0147,11.4262],[98.0165,11.4292],[98.0152,11.4335],[98.0114,11.4313]]],[[[98.1323,11.4648],[98.1205,11.4581],[98.1288,11.4349],[98.1458,11.447],[98.1323,11.4648]]],[[[98.0394,11.6339],[98.0405,11.636],[98.0388,11.6392],[98.0362,11.6392],[98.0394,11.6339]]],[[[98.0294,11.6509],[98.0285,11.65],[98.0299,11.6407],[98.0325,11.646],[98.0294,11.6509]]],[[[98.037,11.664],[98.0311,11.6564],[98.0394,11.6481],[98.0432,11.6624],[98.037,11.664]]],[[[98.0113,11.6935],[98.0863,11.6252],[98.0899,11.65],[98.0564,11.6681],[98.072,11.6857],[98.0486,11.6933],[98.0879,11.7402],[98.0533,11.7256],[98.0121,11.8564],[98.0113,11.6935]]],[[[98.1055,11.7568],[98.11,11.7572],[98.1187,11.762],[98.1194,11.7652],[98.1055,11.7568]]],[[[98.0706,11.824],[98.0791,11.8308],[98.0465,11.8055],[98.0637,11.7847],[98.0706,11.824]]],[[[98.1107,11.8198],[98.1179,11.8206],[98.123,11.8244],[98.1153,11.8263],[98.1107,11.8198]]],[[[98.1429,11.9979],[98.1457,12.0024],[98.1446,12.0056],[98.1363,12.0045],[98.1429,11.9979]]],[[[98.0229,12.0749],[98.0044,12.0749],[97.9951,12.0699],[98.0192,12.0593],[98.0229,12.0749]]],[[[98.1369,12.1358],[98.1301,12.1335],[98.1341,12.1252],[98.1387,12.1343],[98.1369,12.1358]]],[[[98.0613,12.1348],[98.0667,12.1278],[98.0688,12.1295],[98.0649,12.1401],[98.0613,12.1348]]],[[[98.0575,12.1486],[98.0549,12.1443],[98.0564,12.1428],[98.0583,12.1471],[98.0575,12.1486]]],[[[98.0234,12.1683],[98.0234,12.167],[98.0276,12.1696],[98.0278,12.1706],[98.0234,12.1683]]],[[[98.155,12.1696],[98.1528,12.184],[98.1422,12.1763],[98.15,12.1634],[98.155,12.1696]]],[[[98.0515,12.1944],[98.041,12.1952],[98.0379,12.1859],[98.0533,12.1867],[98.0515,12.1944]]],[[[98.1526,12.1967],[98.1572,12.1927],[98.1564,12.1963],[98.1533,12.1986],[98.1526,12.1967]]],[[[98.1584,12.2035],[98.1614,12.206],[98.1619,12.2094],[98.1556,12.2086],[98.1584,12.2035]]],[[[98.1536,12.2114],[98.1421,12.2137],[98.1272,12.2116],[98.1534,12.2018],[98.1536,12.2114]]],[[[98.1363,12.2845],[98.0818,12.2943],[98.0459,12.2041],[98.1488,12.1373],[98.1035,12.2003],[98.1363,12.2845]]],[[[98.1601,12.285],[98.1629,12.29],[98.16,12.2943],[98.1542,12.2881],[98.1601,12.285]]],[[[98.0539,12.2924],[98.0572,12.292],[98.0589,12.2941],[98.0576,12.2964],[98.0539,12.2924]]],[[[98.0612,12.3092],[98.0585,12.3024],[98.0629,12.3024],[98.0606,12.3047],[98.0612,12.3092]]],[[[98.0669,12.3064],[98.0679,12.3036],[98.0708,12.3075],[98.0691,12.3098],[98.0669,12.3064]]],[[[98.0873,12.306],[98.085,12.3092],[98.0812,12.3079],[98.0851,12.3051],[98.0873,12.306]]],[[[98.0762,12.3145],[98.0797,12.3132],[98.078,12.3166],[98.0762,12.3164],[98.0762,12.3145]]],[[[98.0745,12.3331],[98.0634,12.3157],[98.0642,12.3127],[98.0759,12.3285],[98.0745,12.3331]]],[[[98.1617,12.3363],[98.1331,12.3711],[98.0993,12.3624],[98.0985,12.3321],[98.1617,12.3363]]],[[[98.1757,12.3518],[98.1772,12.3579],[98.1728,12.3645],[98.1649,12.3584],[98.1757,12.3518]]],[[[98.0182,12.3719],[98.0121,12.3787],[98.0048,12.3743],[98.0153,12.3647],[98.0182,12.3719]]],[[[98.1426,12.3804],[98.144,12.3845],[98.1334,12.38],[98.1371,12.3783],[98.1426,12.3804]]],[[[98.1638,12.4245],[98.1403,12.4294],[98.1197,12.419],[98.1681,12.4091],[98.1638,12.4245]]],[[[98.021,12.4299],[98.0299,12.4409],[98.0274,12.4455],[98.0139,12.4369],[98.021,12.4299]]],[[[98.0951,12.4543],[98.0899,12.4553],[98.0842,12.4593],[98.0921,12.4511],[98.0951,12.4543]]],[[[98.175,12.4827],[98.1711,12.482],[98.1719,12.4752],[98.1739,12.4763],[98.175,12.4827]]],[[[98.151,12.4693],[98.1544,12.4859],[98.1557,12.4994],[98.1442,12.4693],[98.151,12.4693]]],[[[98.3171,11.5264],[98.3191,11.5253],[98.3209,11.5295],[98.3196,11.5313],[98.3171,11.5264]]],[[[98.3115,11.5223],[98.3136,11.5251],[98.3094,11.5408],[98.3041,11.5245],[98.3115,11.5223]]],[[[98.3131,11.5599],[98.3155,11.5735],[98.3114,11.5737],[98.3102,11.5595],[98.3131,11.5599]]],[[[98.3061,11.5785],[98.3067,11.5749],[98.3092,11.5796],[98.309,11.5824],[98.3061,11.5785]]],[[[98.2954,11.8032],[98.2576,11.7911],[98.1626,11.4368],[98.274,11.4682],[98.2954,11.8032]]],[[[98.3087,11.7714],[98.3046,11.776],[98.3008,11.7729],[98.3062,11.7654],[98.3087,11.7714]]],[[[98.21,11.7816],[98.2137,11.7807],[98.2145,11.7862],[98.2133,11.7877],[98.21,11.7816]]],[[[98.2552,11.8072],[98.2847,11.811],[98.29,11.8495],[98.2561,11.8378],[98.2552,11.8072]]],[[[98.2024,11.8503],[98.1907,11.8545],[98.1931,11.8395],[98.2096,11.8386],[98.2024,11.8503]]],[[[98.2098,11.8707],[98.1877,11.8705],[98.2064,11.8526],[98.2154,11.855],[98.2098,11.8707]]],[[[98.2156,11.887],[98.2141,11.8881],[98.2073,11.8826],[98.2164,11.8806],[98.2156,11.887]]],[[[98.2691,11.9209],[98.2493,11.9114],[98.2588,11.8509],[98.295,11.8949],[98.2691,11.9209]]],[[[98.2613,11.9281],[98.2747,11.9472],[98.2514,11.9907],[98.2241,11.9519],[98.2613,11.9281]]],[[[98.3951,12.0573],[98.4033,12.0624],[98.3996,12.065],[98.3907,12.0633],[98.3951,12.0573]]],[[[98.3836,12.1187],[98.3882,12.1112],[98.3908,12.1199],[98.3815,12.1273],[98.3836,12.1187]]],[[[98.4017,12.145],[98.4023,12.1732],[98.3839,12.1702],[98.3869,12.1413],[98.4017,12.145]]],[[[98.1831,12.1967],[98.1902,12.2071],[98.1912,12.212],[98.1849,12.2099],[98.1831,12.1967]]],[[[98.2475,12.2114],[98.2464,12.2234],[98.2443,12.2035],[98.2514,12.2026],[98.2475,12.2114]]],[[[98.2091,12.2235],[98.2196,12.2245],[98.2151,12.227],[98.207,12.2241],[98.2091,12.2235]]],[[[98.3348,12.2839],[98.3371,12.2865],[98.3336,12.2917],[98.3328,12.2901],[98.3348,12.2839]]],[[[98.3839,12.2907],[98.3961,12.317],[98.3694,12.3142],[98.3859,12.2652],[98.3839,12.2907]]],[[[98.351,12.3038],[98.3577,12.2907],[98.3646,12.3004],[98.3572,12.3104],[98.351,12.3038]]],[[[98.2574,12.3085],[98.2588,12.3132],[98.2517,12.3354],[98.2445,12.3501],[98.2515,12.2886],[98.2567,12.3061],[98.2587,12.3036],[98.2615,12.3045],[98.2622,12.3104],[98.2574,12.3085]]],[[[98.3904,12.3285],[98.3927,12.3284],[98.3924,12.331],[98.3874,12.327],[98.3904,12.3285]]],[[[98.403,12.335],[98.3988,12.3471],[98.3934,12.3486],[98.3999,12.3357],[98.403,12.335]]],[[[98.1813,12.3639],[98.1812,12.3681],[98.173,12.3713],[98.1751,12.3668],[98.1813,12.3639]]],[[[98.2317,12.3781],[98.2238,12.3705],[98.2086,12.369],[98.2342,12.3594],[98.2317,12.3781]]],[[[98.216,12.4428],[98.2181,12.4379],[98.2183,12.4415],[98.2171,12.4438],[98.216,12.4428]]],[[[98.2197,12.4475],[98.2206,12.4511],[98.2175,12.4551],[98.2166,12.4532],[98.2197,12.4475]]],[[[98.2139,12.4549],[98.2106,12.4551],[98.2139,12.4494],[98.2143,12.4515],[98.2139,12.4549]]],[[[98.4761,12.546],[98.4837,12.5486],[98.4825,12.5537],[98.4777,12.554],[98.4801,12.5663],[98.4379,12.6064],[98.4285,12.5207],[98.4064,12.6316],[98.3223,12.6702],[98.3381,12.3125],[98.4572,12.4509],[98.4761,12.546]]],[[[98.2908,12.5134],[98.2544,12.5656],[98.2216,12.5262],[98.2371,12.4899],[98.2908,12.5134]]],[[[98.2883,12.5359],[98.2854,12.5342],[98.2869,12.5313],[98.289,12.5321],[98.2883,12.5359]]],[[[98.2702,12.5539],[98.2821,12.5518],[98.2752,12.5622],[98.2701,12.5629],[98.2702,12.5539]]],[[[98.2995,12.5737],[98.3017,12.575],[98.2998,12.5764],[98.2983,12.5749],[98.2995,12.5737]]],[[[98.2173,12.6439],[98.2112,12.6475],[98.2101,12.6358],[98.2237,12.6371],[98.2173,12.6439]]],[[[98.1847,12.653],[98.1903,12.6498],[98.1966,12.6543],[98.1953,12.6585],[98.1847,12.653]]],[[[98.2074,12.6666],[98.2079,12.6609],[98.2164,12.6585],[98.2181,12.6602],[98.2074,12.6666]]],[[[98.3566,12.708],[98.3582,12.7292],[98.3325,12.7837],[98.3409,12.7247],[98.3566,12.708]]],[[[98.4062,11.7612],[98.3832,11.7133],[98.4332,11.7249],[98.3695,11.6857],[98.4237,11.5637],[98.5222,11.5128],[98.548,11.6117],[98.5311,11.7943],[98.3646,11.7737],[98.4062,11.7612]]],[[[98.4556,11.8312],[98.469,11.8285],[98.4673,11.8456],[98.4566,11.8516],[98.4556,11.8312]]],[[[98.4766,11.8291],[98.4987,11.842],[98.4862,11.8564],[98.4727,11.8545],[98.4766,11.8291]]],[[[98.4407,11.849],[98.4129,11.8647],[98.4066,11.842],[98.4217,11.8214],[98.4407,11.849]]],[[[98.6786,11.9778],[98.6098,11.9931],[98.6164,11.9695],[98.6855,11.9481],[98.6786,11.9778]]],[[[98.5503,12.019],[98.5538,12.0336],[98.532,12.0257],[98.5401,12.0094],[98.5503,12.019]]],[[[98.6468,12.1615],[98.6464,12.1587],[98.6509,12.1566],[98.6511,12.1609],[98.6468,12.1615]]],[[[98.6629,12.1874],[98.6747,12.1901],[98.6889,12.201],[98.6707,12.1999],[98.6629,12.1874]]],[[[98.4069,12.2097],[98.4014,12.2201],[98.4093,12.1732],[98.4271,12.1827],[98.4069,12.2097]]],[[[98.6084,12.1967],[98.6161,12.2012],[98.6188,12.2118],[98.6073,12.205],[98.6084,12.1967]]],[[[98.6869,12.2058],[98.6976,12.2031],[98.6999,12.2037],[98.7078,12.208],[98.6869,12.2058]]],[[[98.6351,12.1903],[98.6455,12.1857],[98.6864,12.2107],[98.66,12.2298],[98.6351,12.1903]]],[[[98.6952,12.2122],[98.6997,12.2105],[98.7032,12.2114],[98.7004,12.2162],[98.6952,12.2122]]],[[[98.4307,12.2109],[98.4285,12.2188],[98.4253,12.219],[98.4249,12.2171],[98.4307,12.2109]]],[[[98.6898,12.2116],[98.6989,12.2162],[98.699,12.2173],[98.6947,12.2198],[98.6898,12.2116]]],[[[98.4692,12.2239],[98.4571,12.234],[98.4458,12.2296],[98.4581,12.2124],[98.4692,12.2239]]],[[[98.4227,12.2294],[98.4187,12.2283],[98.413,12.2277],[98.4211,12.2222],[98.4227,12.2294]]],[[[98.436,12.2502],[98.4433,12.2442],[98.4468,12.2457],[98.4352,12.2525],[98.436,12.2502]]],[[[98.4921,12.2654],[98.4955,12.2784],[98.4791,12.271],[98.4806,12.269],[98.4921,12.2654]]],[[[98.4284,12.2727],[98.4339,12.2725],[98.4341,12.2782],[98.4275,12.2782],[98.4284,12.2727]]],[[[98.5068,12.2845],[98.5119,12.2767],[98.5279,12.2761],[98.5385,12.293],[98.5068,12.2845]]],[[[98.458,12.2958],[98.4584,12.2952],[98.4661,12.296],[98.4672,12.303],[98.458,12.2958]]],[[[98.6182,12.3127],[98.6246,12.3134],[98.6288,12.317],[98.614,12.3204],[98.6182,12.3127]]],[[[98.6079,12.3193],[98.5784,12.3232],[98.5736,12.321],[98.6164,12.313],[98.6079,12.3193]]],[[[98.5294,12.3172],[98.5476,12.3289],[98.5399,12.3399],[98.5211,12.3274],[98.5294,12.3172]]],[[[98.5089,12.3475],[98.4969,12.3437],[98.5006,12.3323],[98.5058,12.3361],[98.5089,12.3475]]],[[[98.4675,12.3248],[98.4833,12.3431],[98.4704,12.3974],[98.4236,12.3268],[98.4675,12.3248]]],[[[98.4354,12.3792],[98.4364,12.3931],[98.4266,12.3611],[98.4314,12.3662],[98.4354,12.3792]]],[[[98.4113,12.3815],[98.4119,12.3749],[98.416,12.3804],[98.4157,12.3859],[98.4113,12.3815]]],[[[98.4234,12.3938],[98.4235,12.3984],[98.4183,12.3953],[98.4185,12.391],[98.4234,12.3938]]],[[[98.5116,12.4376],[98.5009,12.5147],[98.4634,12.4163],[98.4877,12.3902],[98.4915,12.3933],[98.4891,12.3879],[98.5019,12.3715],[98.5247,12.4086],[98.5131,12.4409],[98.5116,12.4376]]],[[[98.4344,12.4069],[98.437,12.4114],[98.4367,12.4178],[98.4313,12.4072],[98.4344,12.4069]]],[[[98.447,12.4178],[98.4545,12.4324],[98.4568,12.4405],[98.4443,12.4313],[98.447,12.4178]]],[[[98.5733,12.4451],[98.5873,12.4316],[98.5867,12.4521],[98.5732,12.4621],[98.5733,12.4451]]],[[[98.5239,12.4733],[98.5268,12.4674],[98.5278,12.4699],[98.5254,12.4767],[98.5239,12.4733]]],[[[98.5174,12.7987],[98.5143,12.7852],[98.5167,12.7816],[98.5184,12.7911],[98.5174,12.7987]]],[[[98.2195,12.813],[98.2251,12.8195],[98.2181,12.8248],[98.2139,12.8208],[98.2195,12.813]]],[[[98.3248,12.8371],[98.3218,12.8465],[98.32,12.8469],[98.3239,12.838],[98.3248,12.8371]]],[[[98.3152,12.887],[98.3068,12.9103],[98.3059,12.8978],[98.3141,12.869],[98.3152,12.887]]],[[[98.1847,12.9421],[98.1761,12.926],[98.1929,12.9091],[98.1976,12.9262],[98.1847,12.9421]]],[[[98.5467,12.9332],[98.5392,12.9354],[98.5482,12.9207],[98.5513,12.9299],[98.5467,12.9332]]],[[[98.3197,13.0283],[98.3121,13.0319],[98.3144,13.0136],[98.3226,13.0175],[98.3197,13.0283]]],[[[98.3123,13.0478],[98.3153,13.052],[98.3068,13.0537],[98.3091,13.0493],[98.3123,13.0478]]],[[[98.3067,13.1267],[98.3129,13.1261],[98.3096,13.1346],[98.3035,13.1324],[98.2579,13.2124],[98.3058,12.9123],[98.2917,13.0453],[98.3332,13.0802],[98.3104,13.1202],[98.3104,13.122],[98.3091,13.1225],[98.3067,13.1267]]],[[[98.5211,13.1651],[98.5267,13.1235],[98.5354,13.1392],[98.5383,13.1558],[98.5211,13.1651]]],[[[98.5332,13.167],[98.5316,13.1751],[98.5236,13.1681],[98.526,13.1666],[98.5332,13.167]]],[[[98.4897,13.2152],[98.4976,13.1715],[98.5365,13.2063],[98.505,13.2436],[98.4897,13.2152]]],[[[98.6214,12.7099],[98.6179,12.712],[98.6186,12.7086],[98.6199,12.7078],[98.6214,12.7099]]],[[[98.6247,12.7173],[98.6268,12.7224],[98.6239,12.726],[98.6215,12.7207],[98.6247,12.7173]]],[[[98.5986,12.7336],[98.6011,12.7372],[98.6005,12.7398],[98.5981,12.7387],[98.5986,12.7336]]],[[[98.6869,12.7183],[98.6719,12.7498],[98.6286,12.7445],[98.6178,12.7595],[98.6269,12.7262],[98.6869,12.7183]]],[[[98.6326,12.7563],[98.6295,12.7546],[98.6358,12.7534],[98.6354,12.7559],[98.6326,12.7563]]],[[[98.6662,12.7567],[98.6691,12.7576],[98.6701,12.7602],[98.6666,12.7589],[98.6662,12.7567]]],[[[98.6479,12.7646],[98.6376,12.782],[98.6088,12.7884],[98.6158,12.7642],[98.6479,12.7646]]],[[[98.6072,12.8189],[98.6081,12.8212],[98.605,12.8238],[98.6036,12.8189],[98.6072,12.8189]]],[[[98.5579,12.9035],[98.5577,12.9086],[98.553,12.9163],[98.5521,12.9082],[98.5579,12.9035]]],[[[98.5593,13.1929],[98.5325,13.1776],[98.5684,13.1509],[98.5771,13.1683],[98.5593,13.1929]]],[[[98.5635,13.1874],[98.5685,13.1876],[98.5716,13.1889],[98.563,13.1916],[98.5635,13.1874]]],[[[97.9733,9.6059],[97.9792,9.6235],[97.9737,9.638],[97.951,9.6352],[97.9733,9.6059]]],[[[98.0172,9.7671],[98.0291,9.7642],[98.0294,9.768],[98.0283,9.7769],[98.0172,9.7671]]],[[[98.0495,9.7888],[98.0579,9.8312],[98.018,9.8458],[98.0084,9.8],[98.0495,9.7888]]],[[[97.9913,10.0576],[97.9876,10.0493],[97.9898,10.0349],[97.9944,10.0467],[97.9913,10.0576]]],[[[97.9781,10.086],[97.9784,10.0724],[97.9894,10.0646],[97.9932,10.0798],[97.9847,10.0762],[97.9781,10.086]]],[[[97.9587,10.1301],[97.98,10.1382],[97.9869,10.1545],[97.9796,10.1808],[97.9587,10.1301]]],[[[97.9282,10.1679],[97.9086,10.1617],[97.9147,10.1579],[97.9283,10.1613],[97.9282,10.1679]]],[[[98.0286,10.1923],[98.0254,10.1976],[98.0345,10.1503],[98.0333,10.1708],[98.0286,10.1923]]],[[[97.9722,10.2001],[97.9727,10.1939],[97.9742,10.191],[97.9762,10.194],[97.9722,10.2001]]],[[[97.8696,10.195],[97.8806,10.2005],[97.8738,10.2065],[97.8674,10.206],[97.8696,10.195]]],[[[97.9659,10.2099],[97.9641,10.2056],[97.9657,10.2012],[97.9712,10.2035],[97.9659,10.2099]]],[[[97.9666,10.2173],[97.9692,10.2143],[97.9721,10.2177],[97.9731,10.2203],[97.9666,10.2173]]],[[[97.9741,10.2275],[97.9729,10.2266],[97.9746,10.2222],[97.976,10.2253],[97.9741,10.2275]]],[[[97.9949,10.3675],[97.9841,10.324],[97.9975,10.3416],[97.9998,10.3539],[97.9949,10.3675]]],[[[97.9675,10.3677],[97.9647,10.3575],[97.9661,10.3507],[97.97,10.3582],[97.9675,10.3677]]],[[[97.9369,10.3547],[97.9422,10.3579],[97.9417,10.3685],[97.9461,10.37],[97.9501,10.3777],[97.9409,10.3707],[97.9369,10.3547]]],[[[97.9461,10.4069],[97.9414,10.4137],[97.947,10.3959],[97.9456,10.401],[97.9461,10.4069]]],[[[97.9604,10.412],[97.9637,10.4175],[97.9621,10.4269],[97.9577,10.4407],[97.9604,10.412]]],[[[97.8956,10.3993],[97.9464,10.4402],[97.9071,10.4882],[97.8934,10.4882],[97.8956,10.3993]]],[[[97.6886,10.4678],[97.6871,10.4682],[97.6818,10.4663],[97.6851,10.4604],[97.6886,10.4678]]],[[[97.8927,10.5001],[97.9154,10.5111],[97.9178,10.5209],[97.8898,10.509],[97.8927,10.5001]]],[[[97.939,10.5592],[97.9984,10.5385],[98.0236,10.5872],[97.9959,10.5639],[97.939,10.5592]]],[[[98.0738,9.6502],[98.0944,9.6382],[98.0948,9.6494],[98.0887,9.656],[98.0738,9.6502]]],[[[98.0379,9.656],[98.0364,9.6528],[98.0387,9.6396],[98.0425,9.6477],[98.0379,9.656]]],[[[98.1095,9.7275],[98.0797,9.705],[98.0968,9.6969],[98.1083,9.7027],[98.1095,9.7275]]],[[[98.1484,9.7616],[98.157,9.7544],[98.1592,9.7586],[98.1587,9.7671],[98.1484,9.7616]]],[[[98.1154,9.7795],[98.1166,9.7975],[98.1138,9.8041],[98.1023,9.7979],[98.1154,9.7795]]],[[[98.1135,9.8323],[98.1089,9.8244],[98.1135,9.8219],[98.1159,9.827],[98.1135,9.8323]]],[[[98.2283,9.9386],[98.2298,9.9282],[98.2344,9.9248],[98.2299,9.9377],[98.2283,9.9386]]],[[[98.116,9.8478],[98.3034,10.0192],[98.264,10.0609],[98.1257,9.9634],[98.116,9.8478]]],[[[98.2084,10.0512],[98.2213,10.0467],[98.2232,10.0559],[98.2162,10.0575],[98.2084,10.0512]]],[[[98.1673,10.1435],[98.1796,10.0363],[98.2394,10.1687],[98.2068,10.1946],[98.1673,10.1435]]],[[[98.16,10.1668],[98.1361,10.1562],[98.1424,10.1407],[98.1586,10.1492],[98.16,10.1668]]],[[[98.2376,10.2586],[98.2442,10.2332],[98.2464,10.2347],[98.2519,10.254],[98.2376,10.2586]]],[[[98.2144,10.4332],[98.2256,10.4646],[98.2211,10.4655],[98.2124,10.4606],[98.2144,10.4332]]],[[[98.1644,10.4574],[98.1621,10.4464],[98.1667,10.4498],[98.1672,10.4545],[98.1644,10.4574]]],[[[98.2398,10.4659],[98.2378,10.4627],[98.2484,10.4468],[98.2502,10.457],[98.2398,10.4659]]],[[[98.1784,10.4587],[98.1966,10.4632],[98.1872,10.4661],[98.1818,10.4676],[98.1784,10.4587]]],[[[98.1599,10.4689],[98.1722,10.474],[98.1681,10.4759],[98.1603,10.4801],[98.1599,10.4689]]],[[[98.1921,10.4829],[98.236,10.4903],[98.2348,10.5332],[98.1964,10.5257],[98.1921,10.4829]]],[[[98.2201,10.5508],[98.2294,10.5459],[98.2346,10.5609],[98.228,10.5641],[98.2201,10.5508]]],[[[98.0984,10.5679],[98.0877,10.5813],[98.0865,10.5781],[98.0962,10.5563],[98.0984,10.5679]]],[[[98.0439,10.5906],[98.0382,10.58],[98.0447,10.573],[98.0515,10.5809],[98.0439,10.5906]]],[[[98.234,10.6276],[98.2268,10.6229],[98.2319,10.6169],[98.2361,10.621],[98.234,10.6276]]],[[[98.5205,9.9271],[98.5475,9.9477],[98.5269,9.9578],[98.5154,9.9587],[98.5205,9.9271]]],[[[98.4961,9.9806],[98.4894,9.9774],[98.4926,9.9725],[98.4968,9.9725],[98.4961,9.9806]]],[[[98.5566,9.9801],[98.5566,9.9769],[98.5576,9.9761],[98.5584,9.9791],[98.5566,9.9801]]],[[[98.4699,9.9969],[98.4736,9.9818],[98.4967,9.9886],[98.4832,9.9971],[98.4699,9.9969]]],[[[98.5049,10.0086],[98.5199,10.0134],[98.5135,10.0242],[98.5024,10.0329],[98.5049,10.0086]]],[[[98.3181,10.1047],[98.3212,10.101],[98.3231,10.1053],[98.322,10.1059],[98.3181,10.1047]]],[[[98.3108,10.0881],[98.313,10.1222],[98.2789,10.139],[98.2868,10.0853],[98.3108,10.0881]]],[[[98.3344,10.1276],[98.3319,10.1418],[98.325,10.1369],[98.3164,10.1397],[98.3344,10.1276]]],[[[98.3067,10.142],[98.3043,10.1341],[98.314,10.129],[98.312,10.1399],[98.3067,10.142]]],[[[98.6569,10.1753],[98.6607,10.1719],[98.664,10.1746],[98.6637,10.1772],[98.6569,10.1753]]],[[[98.2854,10.3448],[98.2859,10.3348],[98.297,10.3376],[98.2961,10.3439],[98.2854,10.3448]]],[[[98.2811,10.4351],[98.2833,10.4407],[98.2759,10.4328],[98.2765,10.4324],[98.2811,10.4351]]],[[[98.3431,10.5904],[98.3455,10.5959],[98.3434,10.5962],[98.3406,10.5896],[98.3431,10.5904]]],[[[98.2451,10.6178],[98.2573,10.6123],[98.2603,10.6182],[98.2606,10.6331],[98.2451,10.6178]]],[[[98.2636,10.6469],[98.2572,10.6437],[98.2591,10.6397],[98.2643,10.6452],[98.2636,10.6469]]],[[[98.3497,10.6333],[98.3602,10.639],[98.3589,10.6536],[98.3539,10.6452],[98.3497,10.6333]]],[[[98.2446,10.6825],[98.2366,10.6524],[98.2612,10.6503],[98.2698,10.6787],[98.2446,10.6825]]],[[[98.2062,10.797],[98.2038,10.8002],[98.1998,10.796],[98.2046,10.7941],[98.2062,10.797]]],[[[98.1953,10.8312],[98.1958,10.8155],[98.2003,10.8111],[98.1984,10.8293],[98.1953,10.8312]]],[[[98.2057,10.8348],[98.2037,10.8306],[98.2068,10.8251],[98.2099,10.8321],[98.2057,10.8348]]],[[[98.3029,10.7856],[98.1776,10.9875],[98.0828,10.8717],[98.1548,10.9264],[98.2228,10.8787],[98.2601,10.6878],[98.3029,10.7856]]],[[[98.1939,10.8436],[98.1954,10.8579],[98.176,10.8588],[98.1892,10.824],[98.192,10.8257],[98.1936,10.8408],[98.1963,10.8321],[98.2049,10.8388],[98.2052,10.8427],[98.1939,10.8436]]],[[[98.0734,10.8804],[98.0406,10.8724],[98.0281,10.8562],[98.0803,10.8314],[98.0734,10.8804]]],[[[98.0199,10.8688],[98.0038,10.8847],[98.0131,10.8929],[97.9968,10.8828],[98.0199,10.8688]]],[[[97.8802,10.8424],[97.9489,10.9018],[97.9225,10.9309],[97.8896,10.9071],[97.8802,10.8424]]],[[[98.1852,10.9871],[98.1962,10.9822],[98.1956,10.9878],[98.1912,10.9903],[98.1852,10.9871]]],[[[97.9256,11.2856],[97.9197,11.2784],[97.9242,11.2737],[97.9275,11.2837],[97.9256,11.2856]]],[[[98.2077,11.268],[98.2741,11.2907],[98.275,11.3282],[98.2197,11.2928],[98.2077,11.268]]],[[[98.0008,11.321],[98.0226,11.3162],[98.0135,11.3204],[98.0116,11.324],[98.0008,11.321]]],[[[98.002,11.3492],[97.9978,11.3478],[98,11.3248],[98.0085,11.342],[98.002,11.3492]]],[[[98.016,11.3529],[98.0151,11.3594],[98.0101,11.3611],[98.002,11.3584],[98.016,11.3529]]],[[[98.138,11.3632],[98.1457,11.4108],[98.1094,11.4133],[98.0947,11.4059],[98.138,11.3632]]],[[[98.2196,11.3883],[98.2282,11.3802],[98.2254,11.3914],[98.219,11.3972],[98.2196,11.3883]]],[[[98.0121,11.3825],[98.0154,11.3879],[97.9967,11.4158],[97.9929,11.3881],[98.0121,11.3825]]],[[[98.3476,10.6887],[98.3385,10.6889],[98.3372,10.6819],[98.3404,10.6857],[98.3476,10.6887]]],[[[98.5406,10.764],[98.5457,10.7565],[98.5476,10.7631],[98.5423,10.7674],[98.5406,10.764]]],[[[98.5092,10.7752],[98.5616,10.8562],[98.501,10.8832],[98.4923,10.7937],[98.5092,10.7752]]],[[[98.5367,10.8959],[98.5308,10.8806],[98.541,10.8762],[98.5415,10.8915],[98.5367,10.8959]]],[[[98.4691,10.8804],[98.4856,10.8982],[98.4814,10.898],[98.4671,10.8936],[98.4691,10.8804]]],[[[98.2504,10.9106],[98.2518,10.9194],[98.249,10.9203],[98.247,10.9214],[98.2504,10.9106]]],[[[98.4361,10.9356],[98.4313,10.9326],[98.4346,10.9271],[98.4382,10.9318],[98.4361,10.9356]]],[[[98.4404,10.9596],[98.4657,10.9901],[98.4655,11.0049],[98.4349,11.0024],[98.4404,10.9596]]],[[[98.5211,10.9907],[98.542,10.9532],[98.5347,11.0694],[98.4689,10.9909],[98.5051,10.9392],[98.5211,10.9907]]],[[[98.2996,11.0085],[98.3191,11.0111],[98.3107,11.0378],[98.2942,11.0249],[98.2996,11.0085]]],[[[98.5267,11.125],[98.5251,11.1239],[98.5266,11.1114],[98.5301,11.114],[98.5267,11.125]]],[[[98.2622,11.1787],[98.2545,11.1853],[98.2548,11.1679],[98.2619,11.1725],[98.2622,11.1787]]],[[[98.2452,11.1938],[98.2927,11.2258],[98.2544,11.2601],[98.2071,11.2417],[98.2452,11.1938]]],[[[98.5461,11.262],[98.5532,11.2803],[98.5441,11.3066],[98.5245,11.3234],[98.5461,11.262]]],[[[98.2516,11.3522],[98.2613,11.3777],[98.2361,11.3635],[98.2408,11.3416],[98.2516,11.3522]]],[[[98.2819,11.3949],[98.2743,11.4018],[98.2615,11.3993],[98.2678,11.39],[98.2819,11.3949]]],[[[98.2743,11.415],[98.2711,11.4112],[98.2747,11.4059],[98.2794,11.4095],[98.2743,11.415]]],[[[98.484,11.4059],[98.5262,11.418],[98.5118,11.44],[98.5017,11.4638],[98.484,11.4059]]],[[[98.5441,10.7896],[98.5455,10.783],[98.5502,10.7864],[98.5546,10.8058],[98.5441,10.7896]]],[[[98.6671,10.9339],[98.7035,10.9324],[98.6942,10.9411],[98.691,10.9441],[98.6671,10.9339]]],[[[98.5561,10.9536],[98.5582,10.9498],[98.5602,10.9517],[98.5577,10.9561],[98.5561,10.9536]]],[[[98.6882,10.9752],[98.7016,10.9687],[98.7104,10.9905],[98.6934,10.9945],[98.6882,10.9752]]],[[[98.669,10.9778],[98.6817,10.9871],[98.6723,10.9875],[98.6637,10.9839],[98.669,10.9778]]],[[[98.6784,11.0105],[98.6761,11.0603],[98.6529,11.061],[98.6399,11.0226],[98.6784,11.0105]]],[[[98.6136,11.0136],[98.6252,11.0327],[98.6117,11.0643],[98.5972,11.0296],[98.6136,11.0136]]],[[[98.7004,11.065],[98.6991,11.0633],[98.7009,11.0614],[98.7043,11.0622],[98.7004,11.065]]],[[[98.6144,11.0662],[98.6222,11.0735],[98.6123,11.0732],[98.6118,11.0703],[98.6144,11.0662]]],[[[98.6751,11.0724],[98.6675,11.0722],[98.6702,11.0699],[98.6747,11.0711],[98.6751,11.0724]]],[[[98.6731,11.0758],[98.6737,11.0771],[98.6717,11.079],[98.6669,11.0781],[98.6731,11.0758]]],[[[98.6787,11.5143],[98.6791,11.5062],[98.6851,11.4975],[98.6851,11.5073],[98.6787,11.5143]]],[[[97.6173,16.3961],[97.6146,16.3912],[97.6151,16.3826],[97.6187,16.387],[97.6173,16.3961]]],[[[97.604,16.3724],[97.609,16.3883],[97.6049,16.4093],[97.6018,16.3968],[97.604,16.3724]]],[[[97.6217,16.3908],[97.6222,16.394],[97.6203,16.3995],[97.62,16.3936],[97.6217,16.3908]]],[[[97.6113,16.4089],[97.6098,16.405],[97.6124,16.3925],[97.6147,16.4023],[97.6113,16.4089]]],[[[97.6097,16.4097],[97.6094,16.4114],[97.6066,16.4154],[97.6089,16.4072],[97.6097,16.4097]]],[[[97.6329,16.5136],[97.6303,16.512],[97.6354,16.5092],[97.6395,16.5103],[97.6329,16.5136]]],[[[97.642,16.5194],[97.6373,16.5194],[97.6335,16.5164],[97.6384,16.5147],[97.642,16.5194]]],[[[97.6469,16.5243],[97.6363,16.5259],[97.6303,16.5204],[97.6429,16.5211],[97.6469,16.5243]]],[[[97.6295,16.5238],[97.635,16.5285],[97.6354,16.5302],[97.6309,16.5281],[97.6295,16.5238]]],[[[97.6527,16.5701],[97.6515,16.5906],[97.6501,16.5989],[97.6267,16.5311],[97.6527,16.5701]]],[[[97.6398,16.5073],[97.6549,16.5207],[97.6544,16.5249],[97.6474,16.5187],[97.6398,16.5073]]],[[[97.6441,16.5262],[97.6495,16.5325],[97.633,16.5251],[97.6377,16.5266],[97.6441,16.5262]]],[[[97.651,16.5304],[97.6507,16.5323],[97.6503,16.5319],[97.6502,16.5294],[97.651,16.5304]]],[[[97.6395,16.5302],[97.6413,16.5304],[97.6432,16.5323],[97.6373,16.5317],[97.6395,16.5302]]],[[[97.6817,16.5639],[97.684,16.565],[97.6844,16.5656],[97.6788,16.565],[97.6817,16.5639]]],[[[97.6863,16.5675],[97.6806,16.5686],[97.677,16.5658],[97.6831,16.5663],[97.6863,16.5675]]],[[[97.6569,16.5661],[97.6557,16.5722],[97.6539,16.5735],[97.6546,16.5688],[97.6569,16.5661]]],[[[97.6552,16.5743],[97.6554,16.5752],[97.6542,16.5777],[97.6541,16.5754],[97.6552,16.5743]]],[[[97.6425,16.5907],[97.646,16.5985],[97.6432,16.6057],[97.6406,16.597],[97.6425,16.5907]]],[[[97.5709,16.2882],[97.5732,16.2926],[97.5723,16.2983],[97.5702,16.2935],[97.5709,16.2882]]],[[[97.5905,16.39],[97.5909,16.3891],[97.5917,16.3917],[97.5914,16.3932],[97.6038,16.4403],[97.6042,16.4409],[97.6045,16.4429],[97.6118,16.4702],[97.5245,16.5014],[97.4386,16.4587],[97.5376,16.1904],[97.5905,16.39]]],[[[97.5976,16.355],[97.5999,16.3416],[97.6015,16.3546],[97.6006,16.3628],[97.5976,16.355]]],[[[97.6117,16.3461],[97.61,16.3467],[97.6098,16.3435],[97.6137,16.3412],[97.6117,16.3461]]],[[[97.74,15.0979],[97.7262,15.0646],[97.7361,15.0622],[97.7421,15.0824],[97.74,15.0979]]],[[[97.7348,15.2101],[97.7294,15.2018],[97.7354,15.1921],[97.7389,15.2035],[97.7348,15.2101]]],[[[97.7057,15.3043],[97.7017,15.3087],[97.705,15.3004],[97.7126,15.3013],[97.7057,15.3043]]],[[[97.6432,15.5889],[97.655,15.4971],[97.6629,15.5262],[97.6539,15.5781],[97.6432,15.5889]]],[[[97.5553,16.5056],[97.5594,16.4997],[97.5695,16.4979],[97.5665,16.5011],[97.5553,16.5056]]],[[[97.5736,16.5056],[97.5763,16.505],[97.5724,16.5081],[97.5671,16.509],[97.5694,16.507],[97.5568,16.5111],[97.5594,16.5062],[97.5759,16.4994],[97.5858,16.5016],[97.5736,16.5056]]],[[[97.5561,16.516],[97.557,16.5137],[97.5618,16.5126],[97.559,16.5153],[97.5561,16.516]]],[[[97.5738,16.4982],[97.5788,16.4954],[97.5874,16.4975],[97.5901,16.499],[97.5738,16.4982]]],[[[97.5938,16.5084],[97.587,16.5069],[97.5886,16.505],[97.5929,16.5041],[97.5938,16.5084]]],[[[97.5848,16.5111],[97.5871,16.509],[97.5904,16.5092],[97.5906,16.5124],[97.5848,16.5111]]],[[[93.5374,19.6528],[93.5437,19.6486],[93.5429,19.6532],[93.5354,19.6573],[93.5374,19.6528]]],[[[93.5719,19.6484],[93.5854,19.6588],[93.5777,19.6708],[93.5607,19.6577],[93.5719,19.6484]]],[[[93.498,19.712],[93.4485,19.7387],[93.4092,19.7417],[93.5016,19.6764],[93.498,19.712]]],[[[93.5524,19.6823],[93.5881,19.7483],[93.5103,19.7196],[93.5191,19.6817],[93.5524,19.6823]]],[[[93.4829,19.7249],[93.5024,19.7175],[93.4929,19.73],[93.4749,19.7389],[93.4607,19.7466],[93.4829,19.7249]]],[[[93.4,19.8066],[93.4021,19.7937],[93.4051,19.7983],[93.4033,19.8072],[93.4,19.8066]]],[[[93.5018,19.9187],[93.5102,19.9233],[93.5043,19.9362],[93.4896,19.921],[93.4904,19.9208],[93.448,19.9286],[93.3968,19.9674],[93.4432,19.7867],[93.513,19.7338],[93.5335,19.9129],[93.5018,19.9187]]],[[[93.6881,19.6611],[93.6897,19.657],[93.6949,19.6592],[93.6948,19.6615],[93.6881,19.6611]]],[[[93.5946,19.7058],[93.5926,19.7031],[93.5946,19.7024],[93.5962,19.7033],[93.5946,19.7058]]],[[[93.5891,19.7131],[93.5851,19.7109],[93.5868,19.7069],[93.5908,19.7105],[93.5891,19.7131]]],[[[93.6065,19.8467],[93.5979,19.8106],[93.612,19.8225],[93.636,19.872],[93.6065,19.8467]]],[[[93.7064,19.8982],[93.7149,19.8881],[93.7285,19.8881],[93.7238,19.8929],[93.7174,19.8938],[93.7064,19.8982]]],[[[93.1206,20.0438],[93.0681,20.1223],[92.9788,20.131],[93.1729,19.7886],[93.1017,19.9453],[93.1229,20.0388],[93.2216,19.8185],[93.248,19.8179],[93.1581,19.991],[93.1369,20.0561],[93.1174,20.051],[93.1206,20.0438]]],[[[92.9422,20.0822],[92.9144,20.0622],[93.0255,19.8151],[93.0199,19.9241],[92.9422,20.0822]]],[[[93.1152,20.055],[93.1295,20.059],[93.1225,20.0745],[93.1116,20.0578],[93.1152,20.055]]],[[[93.1098,20.0616],[93.1259,20.0834],[93.0948,20.1522],[93.0678,20.1259],[93.1098,20.0616]]],[[[93.0644,20.1271],[93.093,20.1526],[93.082,20.1736],[93.0555,20.1344],[93.0644,20.1271]]],[[[92.983,20.2461],[92.9407,20.1999],[92.9684,20.1757],[92.9733,20.1772],[92.983,20.2461]]],[[[92.2563,21.027],[92.2662,21.0092],[92.2648,21.0332],[92.26431914083742,21.035461337683497],[92.2642,21.0301],[92.26312281219273,21.041087315634144],[92.26130281396962,21.049646226196895],[92.26081077966101,21.04917799999999],[92.2563,21.027]]],[[[93.6371,19.3734],[93.6391,19.3745],[93.6397,19.3789],[93.6356,19.3773],[93.6371,19.3734]]],[[[93.637,19.4286],[93.6217,19.4318],[93.6342,19.4014],[93.64,19.4101],[93.637,19.4286]]],[[[93.6173,19.4396],[93.6151,19.4528],[93.6007,19.4454],[93.6064,19.4343],[93.6173,19.4396]]],[[[93.6254,19.4905],[93.5941,19.4751],[93.6462,19.4453],[93.6463,19.4636],[93.6254,19.4905]]],[[[93.534,19.477],[93.5298,19.4784],[93.5332,19.4642],[93.5453,19.4712],[93.534,19.477]]],[[[93.5361,19.4857],[93.5176,19.5003],[93.5076,19.5024],[93.522,19.4744],[93.5361,19.4857]]],[[[93.5988,19.4606],[93.5897,19.4748],[93.5426,19.4939],[93.5117,19.5219],[93.5413,19.4861],[93.5988,19.4606]]],[[[93.5319,19.5274],[93.5291,19.534],[93.52,19.5444],[93.5208,19.5408],[93.5319,19.5274]]],[[[93.5087,19.5327],[93.5068,19.5389],[93.5028,19.5425],[93.5032,19.5372],[93.5087,19.5327]]],[[[93.4846,19.5378],[93.485,19.5374],[93.4891,19.5383],[93.4899,19.5414],[93.4846,19.5378]]],[[[93.6239,19.5444],[93.6199,19.5438],[93.6219,19.5397],[93.6249,19.5431],[93.6239,19.5444]]],[[[93.5987,19.5514],[93.5946,19.5546],[93.5862,19.5563],[93.587,19.5556],[93.5987,19.5514]]],[[[93.502,19.545],[93.4984,19.5567],[93.4889,19.5669],[93.4877,19.5648],[93.502,19.545]]],[[[93.6137,19.5574],[93.6169,19.5554],[93.6249,19.5643],[93.6131,19.5663],[93.6137,19.5574]]],[[[93.6005,19.6076],[93.6372,19.6089],[93.6197,19.6263],[93.6063,19.6269],[93.6005,19.6076]]],[[[93.6354,19.6261],[93.6329,19.6358],[93.6296,19.6399],[93.6285,19.6335],[93.6354,19.6261]]],[[[93.8259,19.2546],[93.8333,19.2572],[93.8361,19.2621],[93.8165,19.2608],[93.8259,19.2546]]],[[[93.7487,19.2843],[93.7522,19.2737],[93.7592,19.2792],[93.7534,19.2841],[93.7487,19.2843]]],[[[93.8641,19.2833],[93.8622,19.2979],[93.8442,19.2952],[93.8419,19.2706],[93.8641,19.2833]]],[[[93.8049,19.2667],[93.8269,19.2981],[93.7937,19.3058],[93.7712,19.2964],[93.8049,19.2667]]],[[[93.6516,19.3762],[93.6408,19.3543],[93.6573,19.3336],[93.6878,19.3637],[93.6516,19.3762]]],[[[93.6542,19.3809],[93.6514,19.3811],[93.6634,19.3787],[93.6625,19.3802],[93.6542,19.3809]]],[[[93.7519,19.5381],[93.7589,19.5336],[93.7574,19.5421],[93.7532,19.5461],[93.7519,19.5381]]],[[[93.653,19.5711],[93.6264,19.545],[93.6481,19.5257],[93.6696,19.5639],[93.653,19.5711]]],[[[93.6686,19.5741],[93.6611,19.5801],[93.6547,19.5748],[93.675,19.5716],[93.6686,19.5741]]],[[[93.6524,19.5853],[93.6488,19.5858],[93.6529,19.5752],[93.661,19.5822],[93.6524,19.5853]]],[[[93.6923,19.5896],[93.6954,19.5926],[93.6899,19.5958],[93.6891,19.5921],[93.6923,19.5896]]],[[[93.6998,19.6049],[93.7096,19.5921],[93.7196,19.5917],[93.7131,19.5989],[93.6998,19.6049]]],[[[93.6508,19.6403],[93.6502,19.6327],[93.6542,19.629],[93.6579,19.6322],[93.6508,19.6403]]],[[[93.7842,18.6023],[93.7999,18.6333],[93.7935,18.6681],[93.7719,18.6221],[93.7842,18.6023]]],[[[93.8138,18.7294],[93.8067,18.7186],[93.8109,18.7139],[93.8198,18.7188],[93.8138,18.7294]]],[[[93.7501,18.7317],[93.7437,18.8868],[93.6251,18.8978],[93.4791,18.873],[93.7007,18.6683],[93.7501,18.7317]]],[[[93.9775,18.7421],[94.0089,18.7288],[93.9964,18.7408],[93.9906,18.7504],[93.9775,18.7421]]],[[[93.9783,18.7756],[93.9798,18.7705],[93.986,18.7655],[93.9857,18.7724],[93.9783,18.7756]]],[[[93.9871,18.7799],[93.9904,18.7905],[93.9704,18.8378],[93.9403,18.7969],[93.9871,18.7799]]],[[[94.0172,19.1072],[94.0097,19.114],[93.9941,19.1034],[94.0064,19.0926],[94.0172,19.1072]]],[[[93.9892,19.4536],[93.9841,19.4547],[93.9722,19.4598],[93.9712,19.4462],[93.9892,19.4536]]],[[[93.8766,19.4723],[93.8799,19.4717],[93.8798,19.4748],[93.8759,19.4736],[93.8766,19.4723]]],[[[94.3145,18.3756],[94.3256,18.3726],[94.3223,18.3768],[94.3184,18.3781],[94.3145,18.3756]]],[[[94.2279,18.5383],[94.2392,18.5325],[94.2366,18.5381],[94.2354,18.5404],[94.2279,18.5383]]],[[[94.0476,19.0238],[94.0619,19.0414],[94.0443,19.0434],[94.0322,19.0219],[94.0476,19.0238]]],[[[94.0216,19.0385],[94.0416,19.0453],[94.0406,19.0686],[94.0178,19.0491],[94.0216,19.0385]]],[[[94.5194,17.5726],[94.5166,17.5762],[94.5162,17.5705],[94.5179,17.5697],[94.5194,17.5726]]],[[[94.5721,17.5836],[94.573,17.5775],[94.5809,17.5713],[94.5813,17.5756],[94.5721,17.5836]]],[[[94.4849,17.7584],[94.4864,17.7627],[94.4781,17.7582],[94.4811,17.7587],[94.4849,17.7584]]],[[[96.2718,16.5346],[96.2791,16.5319],[96.2731,16.547],[96.2636,16.5554],[96.2718,16.5346]]],[[[96.1304,16.3214],[96.1356,16.3121],[96.15,16.3253],[96.1687,16.3316],[96.1304,16.3214]]],[[[93.3789,14.1223],[93.3717,14.152],[93.3519,14.1498],[93.3652,14.0457],[93.3789,14.1223]]],[[[93.6363,14.8745],[93.6436,14.9002],[93.6127,14.8751],[93.6115,14.8363],[93.6363,14.8745]]],[[[94.4244,16.9502],[94.4261,16.9483],[94.433,16.953],[94.4287,16.9564],[94.4244,16.9502]]],[[[94.4993,17.3193],[94.4989,17.3142],[94.5034,17.3151],[94.502,17.3204],[94.4993,17.3193]]],[[[94.2763,15.8696],[94.2721,15.8632],[94.2752,15.8586],[94.2804,15.8647],[94.2763,15.8696]]],[[[94.5741,16.0052],[94.6576,16.1655],[94.6447,16.2538],[94.3845,16.0043],[94.3948,15.8346],[94.4181,15.8558],[94.4337,15.8817],[94.4458,15.9248],[94.4695,15.9258],[94.4813,15.9729],[94.5741,16.0052]]],[[[94.5268,16.1554],[94.518,16.1392],[94.5314,16.1458],[94.5399,16.156],[94.5268,16.1554]]],[[[94.6795,16.3845],[94.5744,16.2319],[94.6079,16.2466],[94.6604,16.3308],[94.6795,16.3845]]],[[[94.6341,16.3421],[94.6466,16.3414],[94.6669,16.3787],[94.6341,16.3421]]],[[[94.6982,16.3808],[94.6964,16.3993],[94.6931,16.3951],[94.692,16.3721],[94.6982,16.3808]]],[[[94.6969,16.4029],[94.6976,16.4156],[94.696,16.4114],[94.6949,16.3999],[94.6969,16.4029]]],[[[94.6923,16.4271],[94.6936,16.4175],[94.6959,16.4222],[94.6943,16.4303],[94.6923,16.4271]]],[[[94.8127,15.9394],[94.7311,15.8196],[94.8117,15.7932],[94.8235,15.8475],[94.8127,15.9394]]],[[[94.843,15.8838],[94.8428,15.8997],[94.8299,15.9089],[94.8347,15.8925],[94.843,15.8838]]],[[[94.5163,15.9224],[94.5146,15.9303],[94.5075,15.9284],[94.5114,15.921],[94.5163,15.9224]]],[[[94.6557,16.2752],[94.6629,16.2858],[94.6636,16.2879],[94.6549,16.2765],[94.6557,16.2752]]],[[[94.6799,16.3089],[94.681,16.3193],[94.6751,16.3087],[94.6749,16.3021],[94.6799,16.3089]]],[[[95.0236,15.726],[95.0586,15.713],[95.0644,15.7434],[95.0463,15.7478],[95.0236,15.726]]],[[[94.9828,15.8475],[94.9934,15.7763],[95.0414,15.8336],[95.0056,15.8435],[94.9828,15.8475]]],[[[95.0585,15.8157],[95.0631,15.8168],[95.0639,15.8348],[95.0553,15.8255],[95.0585,15.8157]]],[[[94.8431,15.999],[94.8523,16.0056],[94.8535,16.0109],[94.8393,15.9992],[94.8431,15.999]]],[[[94.8767,16.1708],[94.879,16.1846],[94.8654,16.1728],[94.8674,16.1594],[94.8767,16.1708]]],[[[95.3121,15.6732],[95.3709,15.6976],[95.2758,15.6961],[95.2731,15.6802],[95.3121,15.6732]]],[[[95.2474,15.6872],[95.2453,15.6948],[95.211,15.6897],[95.2075,15.7008],[95.2044,15.6984],[95.2041,15.6946],[95.2104,15.6842],[95.2474,15.6872]]],[[[95.3309,15.9577],[95.3181,15.9489],[95.3124,15.9269],[95.3334,15.9371],[95.3309,15.9577]]],[[[95.1233,16.1023],[95.1134,16.0972],[95.1092,16.0911],[95.1205,16.0979],[95.1233,16.1023]]],[[[95.3312,16.1259],[95.3281,16.122],[95.3275,16.1189],[95.3302,16.1231],[95.3312,16.1259]]],[[[95.3342,16.1267],[95.3364,16.1301],[95.3325,16.1269],[95.331,16.1229],[95.3342,16.1267]]],[[[95.3368,16.1238],[95.3433,16.1341],[95.3389,16.1316],[95.3302,16.1191],[95.3368,16.1238]]],[[[95.3435,16.1361],[95.3469,16.1403],[95.3391,16.135],[95.3372,16.1322],[95.3435,16.1361]]],[[[95.3619,16.1641],[95.3642,16.2105],[95.3045,16.1566],[95.3239,16.1191],[95.3619,16.1641]]],[[[95.3381,16.1984],[95.3445,16.2025],[95.3289,16.1944],[95.3255,16.1891],[95.3381,16.1984]]],[[[95.989,16.4012],[95.9971,16.3895],[96.0109,16.386],[95.9971,16.3991],[95.989,16.4012]]]]},"properties":{"iso3":"MMR"}},
{"type":"Feature","geometry":{"type":"MultiPolygon","coordinates":[[[[37.4036,36.6492],[37.2703,36.6646],[37.1502,36.6634],[37.0963,36.6235],[37.0345,36.6568],[37.0581,36.7208],[36.9657,36.772],[36.9271,36.7798],[36.9027,36.7777],[36.7602,36.8159],[36.6707,36.8427],[36.603,36.5899],[36.5684,36.4501],[36.6078,36.3299],[36.6691,36.3205],[36.7048,36.2504],[36.6413,36.2292],[36.6183,36.2166],[36.5788,36.2324],[36.5574,36.2281],[36.469,36.2028],[36.3976,36.2232],[36.3949,36.0496],[36.3029,35.9662],[36.1975,35.9329],[36.1548,35.8202],[36.0345,35.8795],[36.0086,35.9402],[35.8962,35.8972],[35.805,35.8536],[35.8541,35.7559],[35.8194,35.7067],[35.7828,35.6194],[35.7272,35.5843],[35.8449,35.4853],[35.8821,35.4628],[35.9394,35.2722],[35.9466,35.2711],[35.9616,35.1943],[35.8967,35.102],[35.9016,35.028],[35.8857,34.9432],[35.939,34.7659],[35.9786,34.7043],[36.0515,34.6798],[35.9786,34.7042],[36.01857407307642,34.64204732936143],[36.0290826054071,34.641616525693415],[36.1173,34.638],[36.243887429218574,34.632101925254815],[36.2787,34.6305],[36.289,34.63],[36.3188,34.6848],[36.4443,34.6282],[36.4534,34.6329],[36.447101730001485,34.6265193996747],[36.4634,34.6352],[36.4632,34.634],[36.451,34.5923],[36.4329,34.598],[36.422452684839094,34.60154814477163],[36.41015975405254,34.58909452207937],[36.4162,34.5599],[36.4105,34.5565],[36.331,34.5089],[36.3448,34.5087],[36.3531,34.5085],[36.35342869170067,34.50842319958119],[36.4464,34.4867],[36.4491,34.4821],[36.4587,34.4762],[36.4629,34.4643],[36.5308,34.4321],[36.5512,34.4197],[36.5322,34.3769],[36.5281,34.3693],[36.548111536489486,34.34640754571869],[36.5927,34.2954],[36.57678620539317,34.2785871209521],[36.6005,34.2225],[36.6252,34.2012],[36.6138,34.1906],[36.55528315273222,34.13574784417728],[36.5526,34.1306],[36.5005,34.048],[36.48354167491408,34.043000980692064],[36.48291367861886,34.04281585830591],[36.465,34.0434],[36.454,34.044],[36.4378,34.0499],[36.4375,34.05],[36.4259,34.0546],[36.3516,33.9806],[36.3505,33.9795],[36.3454,33.978],[36.3085,33.9378],[36.288,33.9173],[36.2891,33.9166],[36.2769,33.9032],[36.3081,33.8878],[36.31503417618901,33.88504369209388],[36.372,33.8624],[36.3883,33.8517],[36.3851,33.8442],[36.38480412091868,33.84415525936859],[36.338333377815445,33.83712829964114],[36.315,33.8336],[36.31091855755505,33.83525845355832],[36.307075426958356,33.83499633027523],[36.2803,33.8477],[36.2376,33.8419],[36.2362,33.8415],[36.1565,33.8537],[36.1261,33.8356],[36.1243,33.8345],[36.124,33.8345],[36.1134,33.8336],[36.114,33.8319],[36.1087,33.8252],[36.100388196115354,33.82022258255745],[36.09626003480162,33.82067931529855],[36.0857,33.814],[36.075532634010656,33.81840172551978],[36.0693,33.8211],[36.0086,33.7671],[35.9915,33.7347],[35.9906,33.7327],[35.9581,33.6845],[35.93696368484431,33.65327228625493],[35.932096702011485,33.646081593573356],[35.94315674225798,33.63888493050475],[35.9738,33.6221],[36.0588,33.5758],[36.04937961274177,33.56976671827282],[36.041,33.5644],[35.9723,33.534],[35.9711,33.5335],[35.971,33.5335],[35.9705,33.5333],[35.9448,33.5219],[35.945,33.5199],[35.9417,33.5182],[35.94779540418506,33.486078187469225],[35.948,33.485],[35.9482,33.4832],[35.9392,33.4664],[35.9372,33.4652],[35.84413864656778,33.40788020486897],[35.82466465818877,33.39318915491309],[35.82345556668982,33.388541709464],[35.8191,33.3718],[35.8155,33.358],[35.7998,33.3509],[35.7914,33.3472],[35.718544389577154,33.314334323342464],[35.683,33.2983],[35.64148435078435,33.28148015498015],[35.620964094194456,33.27088472837492],[35.620976073914086,33.270723002159826],[35.62135223458753,33.27055850556439],[35.6846,33.2429],[35.6464,33.0671],[35.6313,32.9618],[35.6495,32.8097],[35.6447,32.6778],[35.7469,32.7321],[35.9023,32.725],[36.0327,32.658],[36.0907,32.518],[36.2423,32.504],[36.3111,32.4602],[36.5,32.3617],[36.5988,32.3496],[36.7217,32.333],[36.7246,32.3326],[36.8348,32.3164],[36.9282,32.3755],[37.0928,32.4643],[37.4643,32.664],[39.1253,33.5315],[39.8661,33.8802],[40.265,34.068],[40.9976,34.4131],[41.1183,34.6221],[41.2333,34.8265],[41.2195,35.1084],[41.2886,35.4939],[41.3943,35.6303],[41.3811,35.8353],[41.258,36.0546],[41.288,36.2379],[41.2945,36.3562],[41.3823,36.4817],[41.8358,36.5985],[42.2033,36.915],[42.3848,37.0672],[42.3574,37.2275],[42.2271,37.2766],[42.225,37.3191],[42.1062,37.2128],[41.8921,37.1435],[41.6552,37.1119],[41.3479,37.08],[41.2184,37.0636],[41.0681,37.1038],[40.7551,37.1072],[40.4205,36.9999],[39.8419,36.7553],[39.504,36.7021],[39.1069,36.6926],[38.8008,36.6974],[38.6442,36.7698],[38.3116,36.9058],[38.1377,36.8844],[38.0245,36.8268],[37.7893,36.7484],[37.6455,36.7262],[37.4036,36.6492]]],[[[35.8597,34.8538],[35.8613,34.8577],[35.8579,34.8591],[35.856,34.8587],[35.8562,34.8544],[35.8597,34.8538]]]]},"properties":{"iso3":"SYR"}}
]}