{"type":"FeatureCollection", "features": [
{"type":"Feature","geometry":{"type":"Polygon","coordinates":[[[69.9083,34.0394],[69.9959,34.0477],[69.99968763594681,34.04645062579797],[70.012,34.0487],[70.22207133910973,33.978707081371994],[70.5099,33.9487],[70.68915599240957,33.95989421229195],[70.87684377867984,33.97600832546599],[70.8849,33.9767],[71.0653,34.0519],[71.06576621802941,34.052748716511545],[71.07505996263463,34.06966731253916],[71.12442037255248,34.159524401434076],[71.126,34.1624],[71.12435261426003,34.20671045233921],[71.12284590219976,34.247237143396326],[71.1221,34.2673],[71.1713,34.3582],[71.16006048142009,34.365230677579774],[71.11501423254609,34.3934085438967],[71.0068,34.4611],[70.9956,34.5547],[70.99865895783273,34.5558981475975],[71.04317325898317,34.57333372726037],[71.09122426594861,34.60893316050302],[71.10116441781176,34.65230836863312],[71.11327802397334,34.70516774097454],[71.1145,34.7105],[71.1356410425689,34.71809945698462],[71.24023867926732,34.778584445955524],[71.2892003091524,34.84919283833667],[71.3098,34.8789],[71.40118070676166,34.91986210139422],[71.48889135761205,34.95917907212916],[71.50415623106569,34.96941066298457],[71.51107377499865,34.97724161500728],[71.54984955706544,35.02113743872022],[71.556,35.0281],[71.5410528389202,35.07419941263722],[71.5358,35.0904],[71.54962718867448,35.10095677524968],[71.6556898824611,35.18193346885241],[71.66958411934294,35.20097005675101],[71.5535,35.2964],[71.55566134060389,35.29970990059524],[71.5425,35.3085],[71.62092035059527,35.39964826090131],[71.6506,35.4451],[71.5935,35.4976],[71.59406570779713,35.49987787660863],[71.59552194576622,35.5057415582182],[71.6123,35.5733],[71.4995,35.6264],[71.50055960519872,35.62850574083983],[71.51447788378402,35.65616537074029],[71.5467,35.7202],[71.49791430932947,35.746897055480936],[71.49367979934644,35.749214311758294],[71.4853,35.7538],[71.4899,35.8035],[71.3807,35.9017],[71.38049431001085,35.90456911164374],[71.38046282131661,35.90500833855804],[71.37696596681224,35.953784975747396],[71.3189,35.9596],[71.1947,36.0389],[71.2435939047041,36.11912483641882],[71.2454,36.1227],[71.24601103587312,36.123090851279194],[71.29955174548948,36.15733835746126],[71.45800954410689,36.258696454442635],[71.56699776621105,36.32841116007561],[71.5687,36.3295],[71.5562,36.3692],[71.55952081140687,36.37150035373496],[71.57051910774825,36.37911896526311],[71.6138,36.4091],[71.636,36.4721],[71.63619786969569,36.472035086579716],[71.67769045538051,36.45842296854665],[71.8153788170499,36.413252724275544],[71.8282,36.4329],[71.82566789047311,36.440142041650965],[71.8187,36.4422],[71.82104772347579,36.45335609952399],[71.83170120775969,36.50398017521903],[71.832,36.5054],[71.85613130169787,36.50536874183718],[71.91068791142065,36.5084696503827],[71.9353,36.5609],[72.07827197458347,36.593143989311265],[72.0941,36.6468],[72.10287857451105,36.64761124959003],[72.103,36.6486],[72.19475643879666,36.661531562738844],[72.1767,36.7056],[72.23379305381611,36.743260537608656],[72.2414,36.7535],[72.47423013434015,36.77560877162174],[72.495556750744,36.777785301302195],[72.50706652255805,36.78376363699169],[72.62566044339138,36.8453629702304],[72.6317,36.8485],[72.63825453035429,36.848306681846864],[72.8826,36.8411],[72.89440354179364,36.84408989768332],[72.93859726111013,36.85528439348057],[72.99250424698387,36.868939309521565],[73.0717,36.889],[73.12108457635719,36.885658660578386],[73.2503349917944,36.876913632470085],[73.3067,36.8731],[73.36623819243587,36.87848491464038],[73.49658754500447,36.89027432423268],[73.6395,36.9032],[73.64822449438202,36.90301033707865],[73.76420205432773,36.90048908577548],[73.82118372376769,36.899250353831135],[73.8465,36.8987],[73.9632,36.8375],[73.97076542362717,36.83676459010552],[73.98039769040696,36.83582826920066],[74.0866370899916,36.837511124703724],[74.12437491559757,36.84719783929777],[74.13037729495994,36.85522832636278],[74.1521,36.9098],[74.17004372694504,36.908297409428165],[74.2074966358039,36.905161138579224],[74.2548,36.9012],[74.4205,36.9961],[74.42161549966336,36.99613226651919],[74.4579118107826,36.99718215981603],[74.5173,36.9989],[74.52527435249094,36.99142888334586],[74.5164,37.011],[74.5614,37.0385],[74.5337,37.0767],[74.4951,37.0645],[74.4568,37.1421],[74.5017,37.2399],[74.6306,37.265],[74.6634,37.2363],[74.7496,37.2857],[74.814,37.2142],[74.8875,37.222],[74.889,37.2561],[74.8039,37.3552],[74.69,37.4059],[74.5663,37.3728],[74.4661,37.4266],[74.4183,37.3891],[74.3626,37.4243],[74.3169,37.3991],[74.2405,37.4146],[74.252,37.3749],[74.1977,37.336],[74.0661,37.3263],[73.758,37.2218],[73.6872,37.2539],[73.6521,37.2371],[73.6175,37.2709],[73.6553,37.3141],[73.7747,37.3397],[73.7754,37.4396],[73.6497,37.4353],[73.5129,37.4751],[73.3726,37.4418],[73.3061,37.4637],[73.2156,37.406],[73.149,37.4029],[73.0935,37.3241],[72.8157,37.2321],[72.6778,37.0221],[72.3438,36.9893],[71.8432,36.6809],[71.6766,36.6715],[71.5667,36.7633],[71.4292,37.0717],[71.5072,37.3141],[71.4767,37.4017],[71.5265,37.4797],[71.4939,37.5418],[71.5507,37.7134],[71.5315,37.7651],[71.5954,37.8055],[71.5905,37.922],[71.5025,37.952],[71.3323,37.8854],[71.2978,37.9318],[71.2572,37.9231],[71.2838,38.042],[71.3762,38.1608],[71.3737,38.2562],[71.3292,38.3036],[71.1859,38.3447],[71.1046,38.4224],[71.0569,38.3982],[70.9893,38.4908],[70.9253,38.4299],[70.8732,38.469],[70.8505,38.4386],[70.771,38.4561],[70.6871,38.4147],[70.6916,38.369],[70.6108,38.3473],[70.6046,38.2822],[70.5447,38.2431],[70.5052,38.122],[70.3649,38.055],[70.286,37.9698],[70.2617,37.9789],[70.2706,37.9394],[70.2125,37.921],[70.1831,37.9458],[70.186,37.849],[70.2797,37.8159],[70.3035,37.6925],[70.2663,37.6104],[70.2154,37.6055],[70.1721,37.5303],[70.0778,37.5374],[69.9523,37.5673],[69.9138,37.6203],[69.8095,37.5681],[69.5285,37.5887],[69.3782,37.4313],[69.3796,37.3247],[69.407,37.3115],[69.4136,37.2401],[69.4536,37.2325],[69.4018,37.1663],[69.3016,37.1152],[69.2398,37.0993],[69.1169,37.1743],[68.9726,37.32],[68.905,37.3347],[68.9131,37.2679],[68.8349,37.3181],[68.8093,37.2963],[68.8374,37.2565],[68.8195,37.2436],[68.7813,37.2883],[68.6808,37.28],[68.6896,37.2434],[68.6567,37.2479],[68.6453,37.2079],[68.4194,37.143],[68.3991,37.1012],[68.2957,37.1054],[68.2714,37.0117],[68.1932,37.0234],[68.0313,36.9292],[67.9539,36.9707],[67.897,37.068],[67.7991,37.0797],[67.7916,37.1687],[67.7372,37.2147],[67.5736,37.2235],[67.5037,37.2814],[67.4505,37.2354],[67.271,37.182],[67.2094,37.249],[67.1261,37.273],[67.0583,37.3736],[66.9492,37.3986],[66.8513,37.3539],[66.6936,37.3577],[66.6559,37.323],[66.5869,37.3702],[66.5044,37.3319],[66.299,37.3286],[66.1693,37.3687],[66.0703,37.4493],[65.8406,37.4875],[65.7608,37.5509],[65.7008,37.5342],[65.6467,37.4424],[65.6431,37.3428],[65.5314,37.2381],[65.4832,37.2373],[65.1332,37.2463],[64.9902,37.2185],[64.7556,37.1129],[64.7983,36.9229],[64.6186,36.6364],[64.6367,36.4421],[64.58,36.3516],[64.4456,36.2426],[64.3163,36.2083],[64.2843,36.1516],[64.1697,36.1631],[64.0934,36.1294],[64.0581,36.1028],[64.0686,35.9973],[63.9738,36.0326],[63.5707,35.9514],[63.5353,35.9031],[63.3061,35.8583],[63.121,35.8633],[63.0996,35.8171],[63.249,35.6886],[63.0949,35.6178],[63.1305,35.5439],[63.0994,35.4184],[63.0143,35.4182],[62.7986,35.3002],[62.6285,35.208],[62.4774,35.2789],[62.3057,35.1288],[62.2665,35.2952],[62.1539,35.341],[62.0645,35.4343],[61.9682,35.454],[61.779,35.4113],[61.588,35.4369],[61.4007,35.5539],[61.3735,35.6233],[61.2749,35.6042],[61.2803,35.5236],[61.1875,35.3992],[61.1907,35.2923],[61.0918,35.2627],[61.1182,35.2099],[61.086,35.1695],[61.144,35.0787],[61.1169,35.0706],[61.1153,35.002],[61.0641,34.9286],[61.081,34.8733],[61.0037,34.7194],[61.0015,34.6416],[60.9258,34.6213],[60.8533,34.5397],[60.7397,34.5189],[60.9284,34.3058],[60.6854,34.3144],[60.472,34.0802],[60.5684,33.8199],[60.5446,33.7309],[60.6646,33.5341],[60.898,33.5406],[60.9463,33.5139],[60.8514,33.4859],[60.8666,33.4202],[60.634,33.2279],[60.5817,33.1298],[60.6891,32.7879],[60.8142,32.4795],[60.8801,32.2019],[60.823,32.0327],[60.8176,31.8878],[60.8576,31.4857],[61.5579,31.3953],[61.6176,31.3875],[61.7065,31.3758],[61.7763,31.3024],[61.7717,31.2058],[61.8393,31.0362],[61.8327,30.973],[61.7825,30.9219],[61.8041,30.8328],[60.8732,29.8587],[60.884159757805264,29.855436379123525],[60.8786,29.8618],[62.4558,29.389],[62.55666013093966,29.398010764120954],[63.5908,29.4904],[64.0323,29.4176],[64.10008039313925,29.380316134912427],[64.10654860085278,29.37903357431605],[64.14993179400665,29.42836718598617],[64.20393832424152,29.489781226690983],[64.208,29.4944],[64.4876,29.5718],[64.50673309015806,29.570892787029422],[64.51181064941566,29.570652029912857],[64.90704788077188,29.551911495070865],[65.09180513146998,29.543151061034482],[65.34640312179596,29.609718075343284],[66.2306,29.8467],[66.30326314162123,29.900950761843898],[66.3287654143922,29.926348602703445],[66.3615,29.9721],[66.33144405813304,29.99942136389044],[66.2384,30.084],[66.24742054718932,30.10232947504326],[66.3166,30.2429],[66.3544,30.4217],[66.3455815354329,30.439457235608508],[66.34049613960093,30.44969740511464],[66.31691081805408,30.497189812485907],[66.2811,30.5693],[66.3382456240087,30.76679094325662],[66.3866,30.9339],[66.39028717240483,30.934942566614726],[66.45222608560618,30.952456107064204],[66.5797,30.9885],[66.6832,31.0746],[66.7311,31.2126],[66.7929,31.2131],[66.8566,31.2785],[66.8958737784126,31.290393746393157],[66.9109898285497,31.29497152001372],[66.9692,31.3126],[67.00981931590086,31.307852988314377],[67.0442093014839,31.30383397273495],[67.0445,31.3038],[67.0444816317813,31.30350824434003],[67.04196965534783,31.26360871168765],[67.0402,31.2355],[67.13615756510198,31.24150685233206],[67.1664,31.2434],[67.17854050533607,31.239045127962225],[67.2715,31.2057],[67.7627,31.3276],[67.7898,31.3567],[67.7714,31.4],[67.68599313254033,31.4004969126834],[67.6339,31.4008],[67.60208578359527,31.451766454315454],[67.56904672365187,31.504695111045823],[67.554,31.5288],[67.713,31.5206],[67.82140626012497,31.59586471881509],[67.86379824553185,31.625296790892694],[67.8687,31.6287],[67.89560903479669,31.63186271892601],[67.98901200609556,31.651141624033958],[68.0594,31.6948],[68.1688,31.8342],[68.1700620141449,31.833744001518916],[68.2593,31.8015],[68.2782,31.7597],[68.27840296089919,31.75969646655816],[68.4218,31.7572],[68.42656984620108,31.755416995912697],[68.4279,31.7554],[68.53786431700124,31.714717922208127],[68.582,31.7504],[68.47254825309834,31.75980888086193],[68.43524424260016,31.76301567289938],[68.4331,31.7632],[68.48462284691514,31.78753232259423],[68.5764,31.8331],[68.6428,31.7772],[68.7085,31.7709],[68.7282,31.695],[68.83730361273213,31.608498849095557],[68.9169,31.6048],[68.9491,31.6457],[68.95663925434667,31.64370770747446],[69.021,31.6267],[69.08102530745296,31.674039546599495],[69.118,31.7032],[69.12536388233195,31.71661575551569],[69.1977,31.8484],[69.20551002301737,31.854967519355515],[69.3209,31.952],[69.29002268739761,32.0797460542178],[69.27326036577799,32.14909536819503],[69.2728,32.151],[69.28052742179617,32.346856752438605],[69.2809,32.3563],[69.2407,32.4614],[69.2834873496437,32.53024436481998],[69.2852,32.533],[69.3852,32.5665],[69.4511,32.6632],[69.4411,32.7278],[69.43967818523322,32.729148975895534],[69.39271297189157,32.77370818445534],[69.3923,32.7741],[69.40399013432145,32.78601871236684],[69.4637,32.8512],[69.53231968955572,32.87047886516089],[69.5264797622858,32.88092493224933],[69.50113286424717,32.92626374986775],[69.492,32.9426],[69.49783857701726,32.976007487039205],[69.4957,33.0083],[69.50529229538793,33.01865657758397],[69.5071,33.029],[69.56761918344966,33.08594946480997],[69.58,33.0976],[69.68802623914155,33.091932217680124],[69.7077,33.0909],[69.7865,33.1275],[69.7884768508559,33.12679366452564],[69.85650671331315,33.10248636535553],[69.8755,33.0957],[70.0231,33.1433],[70.05477647058824,33.19360968858131],[70.0673,33.2135],[70.11699035733957,33.21787948912146],[70.1558,33.2213],[70.32583274660799,33.33996453978731],[70.2976194088319,33.42626416122005],[70.26149528463935,33.45502373793418],[70.17412978411275,33.52457822183448],[70.1736,33.525],[70.197,33.6335],[70.1492,33.6535],[70.14851779724776,33.65694456471616],[70.14321484669178,33.68372011834315],[70.137,33.7151],[70.04901557602741,33.730441184882885],[69.9919,33.7404],[69.98275509053238,33.75391446605159],[69.95491967574068,33.79505000375883],[69.87231282216031,33.91712748547625],[69.8657,33.9269],[69.88056801149288,33.97392766017653],[69.89189970238463,34.009769905034766],[69.8888,34.0187],[69.9083,34.0394]]]},"properties":{"iso3":"AFG"}},
{"type":"Feature","geometry":{"type":"Polygon","coordinates":[[[2.0193,11.4277],[2.0118717758495444,11.428398487293427],[2,11.4184],[1.917,11.4084],[1.8895230596053265,11.439903124462788],[1.8417,11.4444],[1.6205,11.3904],[1.5543,11.4714],[1.5318,11.4473],[1.4345,11.4722],[1.3950599130377637,11.448583181459739],[1.3876231409529212,11.406828094157685],[1.386089158216566,11.398215273656316],[1.385,11.3921],[1.3254,11.3638],[1.3515,11.3064],[1.324383486952809,11.300055971067634],[1.3103499334150108,11.296772758749267],[1.3032,11.2951],[1.2910222058099465,11.305909502708024],[1.2705681212079665,11.315578706338052],[1.2838,11.266],[1.2625,11.25],[1.2592484592561923,11.25088288760091],[1.2521,11.2453],[1.134282907293001,11.256045532885329],[1.1312186197001222,11.250762828753857],[1.13975225965489,11.225245028759243],[1.165,11.1697],[1.1587607721869118,11.168404639012515],[1.1488257568317548,11.166341974899794],[1.0921671783818534,11.15457877048907],[1.0611293433136062,11.134362732514353],[1.0681443024105186,11.120792618362174],[1.1044888836886961,11.050485705671111],[1.1142,11.0317],[1.109252969276771,11.033730658899492],[1.0601505983696595,11.05388621726311],[0.9788682565745447,11.087251021318746],[0.9721190923543856,11.079030741436624],[0.9448,11.0261],[0.9805,10.9828],[0.9473,10.9593],[0.9238,10.9864],[0.9356,10.8978],[0.9031179726059834,10.908991286749199],[0.8976286310676761,10.910882572489287],[0.8844121704756233,10.852099737303714],[0.8470132233497172,10.772681460306742],[0.8018,10.7183],[0.7798968559543388,10.449744906646028],[0.7766643835445354,10.410111467356712],[0.7746,10.3848],[0.8660063001316219,10.324219317446351],[0.9016,10.29],[1.0733208563009062,10.186818970884277],[1.3552,10],[1.36434333076611,9.997133023403848],[1.3698,9.6615],[1.3425,9.5458],[1.355307178336805,9.504194359878225],[1.360873839560541,9.487094718478133],[1.3880506360279032,9.496494911776775],[1.3898,9.4971],[1.413,9.3245],[1.4194172694922609,9.316571678287286],[1.6177,9.0716],[1.6434926247030404,8.596198672010729],[1.6302,8.5937],[1.6303568663415378,8.471788708234996],[1.6499,8.4781],[1.6304772598312272,8.378222901164644],[1.6313824454069537,7.674742844562479],[1.6349654420538564,7.660950233814187],[1.6774,7.4976],[1.6751181153266854,7.496786993185257],[1.6757,7.4946],[1.6439910848549946,7.485625778732546],[1.6428750505731624,7.476334457181389],[1.6357,7.4166],[1.641591426822558,6.994614071997798],[1.6416,6.994],[1.5950214592274679,6.996218025751073],[1.5576,6.998],[1.5767,6.9221],[1.6035595043649673,6.907020980005632],[1.6052,6.9061],[1.6050339642584508,6.90410557067079],[1.5983763438271232,6.824133913200505],[1.5969,6.8064],[1.6059656160458453,6.791832492836676],[1.6258244442209033,6.759921410320893],[1.6259,6.7598],[1.608666411238825,6.736347765006386],[1.5916,6.7129],[1.574045754535094,6.688403397571572],[1.6124,6.6109],[1.6303458730780473,6.598600980905987],[1.678924171771843,6.565308344733242],[1.6963,6.5534],[1.6956048617635218,6.500768104952355],[1.6956988199149203,6.500404565936663],[1.7259,6.5018],[1.7808,6.4268],[1.8072,6.2844],[1.8066861275577208,6.284259796573092],[1.8067,6.2842],[1.6278,6.2257],[1.9619,6.286],[2.3578,6.3393],[2.498,6.3475],[2.6652,6.3636],[2.7096,6.3688],[2.709927843448649,6.37305583691751],[2.7039,6.3726],[2.7026,6.4523],[2.7015,6.5124],[2.710794202989469,6.523744722593861],[2.7432,6.5633],[2.7282,6.6241],[2.786593482947074,6.749755600676213],[2.77104,6.75808],[2.724,6.7816],[2.7398,6.9177],[2.729241376188321,6.931049117247623],[2.7184290612150344,6.944718972606706],[2.7118,6.9531],[2.724,7.0098],[2.7725,7.0456],[2.7559704540563805,7.080859909619109],[2.748105536069663,7.097636915976044],[2.7372,7.1209],[2.7721,7.1887],[2.7706159770462095,7.200376653578979],[2.7480829367801394,7.377672095402216],[2.7425,7.4216],[2.7593506967035064,7.422046148792557],[2.7929037522621805,7.435312807996179],[2.7943396119497477,7.448983388771555],[2.7435532421024487,7.553044221513426],[2.7295,7.5755],[2.7302048012768516,7.591782511316361],[2.7294,7.6897],[2.7294,7.7922],[2.6684,7.8897],[2.668570051590914,7.890338139925765],[2.6685,7.8904],[2.7532,8.2108],[2.74781806162658,8.22342360414289],[2.6976003424789154,8.341211762143695],[2.6959,8.3452],[2.703932573579537,8.395063745220664],[2.7083627100856127,8.422564669531457],[2.7089,8.4259],[2.7157890779663907,8.434062689019001],[2.756810139089095,8.497574350137944],[2.7576427928987894,8.53858255026538],[2.7284,8.7727],[2.762605338740775,8.808957659065221],[2.7798,9.065],[2.7808955575897905,9.065135166196143],[2.7931425352112678,9.06664615694165],[3.0878,9.103],[3.1088979108016,9.157490502296637],[3.158169912409908,9.290777583570392],[3.1578687285066636,9.295501798826932],[3.146248763098519,9.477766578817588],[3.1461,9.4801],[3.149242202424433,9.482224992770403],[3.2635,9.6524],[3.2651845266167876,9.653049265253005],[3.2676,9.6577],[3.3484,9.686],[3.347986067445046,9.688890091970517],[3.3320766113826483,9.7999704857954],[3.3317,9.8026],[3.3520184513226163,9.809791881314375],[3.4987265523526783,9.861720408430566],[3.54118656168613,9.876749474518567],[3.5598739386571303,9.90037686806045],[3.6054899156933393,10.009198342878031],[3.64023141958932,10.092077674572282],[3.6747525393166542,10.17443125779381],[3.6765,10.1786],[3.627772592648559,10.226891367912055],[3.5871,10.2672],[3.5882705418577414,10.271001293132342],[3.6337367620668597,10.41865122934897],[3.6364,10.4273],[3.6811555923777908,10.451734134217064],[3.6886334658409505,10.455816648918573],[3.6919,10.4576],[3.786227681622285,10.406274643823167],[3.847923940561683,10.64328214250637],[3.8475743433498035,10.647580131758303],[3.845481805594018,10.673306037108834],[3.841503805162365,10.701348484596169],[3.7507,10.8186],[3.7515060587676983,10.822727175901917],[3.7715,10.9251],[3.770832829222078,10.92902646408646],[3.7689993040534184,10.939817210570864],[3.7541388984509467,11.00070676993689],[3.7280705218617776,11.019934508697697],[3.717227549674169,11.027932161942458],[3.717,11.0281],[3.723249368694079,11.124419634951597],[3.720885685972255,11.124704667279817],[3.6536,11.1109],[3.4973,11.2908],[3.5158571125880917,11.383653537711846],[3.4711,11.4486],[3.5196025872468524,11.538474570249205],[3.514,11.663],[3.578960828540654,11.71478221296587],[3.586717511099695,11.720965295866815],[3.558771017650904,11.757598491029272],[3.5407241733212462,11.781254896138066],[3.4863103502066917,11.852582349270728],[3.485,11.8543],[3.3772578344687636,11.874513037251775],[3.319996543682111,11.885255578002173],[3.3075,11.8876],[3.2618,12.0162],[3.179447123588671,12.097255233085862],[2.922591107242074,12.330652447754073],[2.8291396555990356,12.399671525976704],[2.805,12.4175],[2.7159,12.3493],[2.6890470062915797,12.287066372689269],[2.6863,12.2807],[2.6631,12.3042],[2.6182770197486533,12.293709515260323],[2.5438767663908335,12.276296690006365],[2.5362,12.2745],[2.5174433134433136,12.291543747145116],[2.5143,12.2944],[2.409149006941102,12.251146400018326],[2.3874,12.2422],[2.4083,12.0849],[2.4662,11.9882],[2.4620836992267354,11.985648374959263],[2.3978,11.9458],[2.3994952725947445,11.935940651488462],[2.4054,11.9016],[2.4049047443685825,11.9022452636955],[2.4074,11.8989],[2.401250052361436,11.878124708133477],[2.3877756187961716,11.832606387245818],[2.3754,11.7908],[2.3049,11.7346],[2.3118,11.681],[2.30565326184212,11.675823176907443],[2.3057,11.6744],[2.0193,11.4277]]]},"properties":{"iso3":"BEN"}},
{"type":"Feature","geometry":{"type":"Polygon","coordinates":[[[-4.629297862593806,12.05818411690096],[-4.6307,12.0534],[-4.6983,12.0582],[-4.736,11.9966],[-4.8326,12.0148],[-5.0734,11.9774],[-5.1486,11.9443],[-5.248,11.8341],[-5.39370248713294,11.825198561879338],[-5.2595,11.7623],[-5.2651794210560245,11.737551492489201],[-5.290928915414433,11.617685966535975],[-5.2153,11.5785],[-5.198,11.4314],[-5.198010107629821,11.431389424965332],[-5.1979,11.4305],[-5.2492,11.3778],[-5.253870042553191,11.281889872340425],[-5.255780490608992,11.242654401821287],[-5.2559,11.2402],[-5.322269705542924,11.204669751619125],[-5.322480425795175,11.203984295856941],[-5.3314,11.1357],[-5.345000917235115,11.130726977398615],[-5.432888385130354,11.09859191204485],[-5.488340002602151,11.078316651030931],[-5.4776,11.0211],[-5.4902,10.9749],[-5.4517,10.9724],[-5.4523,10.9005],[-5.4018,10.8512],[-5.403403164578199,10.846977967258098],[-5.4026,10.8462],[-5.4335,10.7671],[-5.466655680151816,10.760507642542915],[-5.4545,10.5569],[-5.455999749818513,10.553562528572888],[-5.4559,10.5518],[-5.508909498127951,10.426980560166726],[-5.483203283356003,10.389134333276496],[-5.4374,10.3217],[-5.377840611742201,10.29019219946416],[-5.3672,10.2802],[-5.2903,10.3172],[-5.1973857994160815,10.318290775033537],[-5.1887,10.2878],[-5.173993490950863,10.291542787650037],[-5.1661,10.2822],[-5.1123,10.3047],[-5.1229,10.2037],[-5.0838,10.2203],[-5.091815192894074,10.201849184674533],[-5.1043,10.1752],[-5.103343146420625,10.17531206393272],[-5.104,10.1738],[-5.0644,10.1773],[-5.0706,10.1373],[-5.050848062015504,10.129133333333334],[-5.040579699844747,10.12381357943764],[-5.056538360756808,10.11588064043775],[-5.073,10.1111],[-5.066967010309278,10.110696631503236],[-5.0386,10.1088],[-5.041347291179436,10.104411034823096],[-5.048514634146342,10.092960767400356],[-5.054793472329681,10.082929940546485],[-5.055,10.0826],[-5.03659344,10.09071472],[-5.0053,10.1041],[-5.013132960893853,10.077244134078217],[-5.0152,10.0728],[-5.01458763066202,10.072256694873072],[-4.996099693955619,10.055853863810249],[-4.96389814533031,10.027284068789298],[-4.962862314214741,10.024309977934749],[-4.987,9.9882],[-4.9403,9.9534],[-4.9671,9.8925],[-4.954247073931622,9.888471047457594],[-4.942165298336637,9.884683824202654],[-4.790320762232466,9.837085757697594],[-4.785790699601593,9.833143321115537],[-4.7836,9.7819],[-4.8165,9.7835],[-4.80972485590778,9.775908573487031],[-4.808896416840848,9.774980322484323],[-4.775,9.737],[-4.772256296163811,9.737687578792684],[-4.7335,9.7474],[-4.733470838980037,9.747354353808841],[-4.6891,9.6779],[-4.687732228741043,9.678738828467406],[-4.6123,9.725],[-4.5623,9.6929],[-4.5536,9.7421],[-4.548544100713549,9.743320847071795],[-4.537696562170706,9.745940200210748],[-4.515364692935868,9.749988273183831],[-4.514967856563362,9.746141165017038],[-4.50472943127962,9.646885319905213],[-4.5047,9.6466],[-4.5000575197889185,9.647683245382586],[-4.427376054553015,9.660096663950103],[-4.3904,9.5964],[-4.390156670824524,9.596544994086004],[-4.355188279219591,9.617381829495955],[-4.345512527685602,9.623147380410021],[-4.322731242158094,9.606394730238394],[-4.3128,9.5966],[-4.312214397092278,9.598660968854118],[-4.3071,9.5949],[-4.2646,9.7554],[-4.1911,9.7739],[-4.1301,9.8457],[-4.119689206552159,9.841309619677425],[-4.046251097027227,9.81033971977491],[-4.0426,9.8088],[-4.003469104820043,9.833977846898657],[-3.970264959076458,9.855342267367138],[-3.9677,9.8721],[-3.928951707747233,9.8819242995969],[-3.892,9.9057],[-3.8513596777604246,9.90159709817985],[-3.6218,9.9598],[-3.3107,9.9105],[-3.31076496515424,9.909847100199892],[-3.3098,9.9097],[-3.3112,9.8702],[-3.2703849264159364,9.847343558792923],[-3.1903,9.9347],[-3.1902983578980524,9.934674441477748],[-3.1877,9.9376],[-3.182226698223697,9.838984545188367],[-3.149,9.8529],[-3.1454284219467463,9.850262044981719],[-3.1451,9.8504],[-3.0915,9.8128],[-3.058889497976416,9.730946705522463],[-3.0062,9.7418],[-3.004712121137116,9.738380820748711],[-3.0007,9.7394],[-2.9355,9.5798],[-2.9324604833647205,9.57620988700565],[-2.7688,9.4153],[-2.6897324090952153,9.492689502208927],[-2.7286024601712366,9.532726552508942],[-2.770118854621644,9.575489397601046],[-2.7711,9.5765],[-2.7628586842105265,9.59534552631579],[-2.7425,9.6419],[-2.7828495620737637,9.726290144378806],[-2.7906,9.7425],[-2.7269,9.8283],[-2.747151867219917,9.90524439834025],[-2.7904380423515476,10.06970472517265],[-2.7907,10.0707],[-2.7939429801572446,10.125419580681394],[-2.7978,10.1905],[-2.7819154985453585,10.213170113726527],[-2.7575207386283425,10.247985936132366],[-2.8504,10.3195],[-2.8312,10.388],[-2.830340766447545,10.388514946533164],[-2.83,10.3897],[-2.773576363460351,10.42279655005506],[-2.7734,10.4229],[-2.8657,10.4591],[-2.940646207211564,10.616357645941928],[-2.941,10.6171],[-2.930070833333333,10.638464359698682],[-2.9066141063641417,10.687498195735975],[-2.910380503833516,10.691948302300109],[-2.9353461648853,10.721445946409064],[-2.937,10.7234],[-2.9328791982580973,10.727195726894513],[-2.8641,10.8875],[-2.8179034855752647,10.923219983075713],[-2.834,11.0041],[-2.8324919147660066,11.004105531213034],[-2.725303637364829,11.00449866628511],[-2.7158489966100663,11.004533343126315],[-2.7161,11.0042],[-1.7156,10.9766],[-1.5835,10.9909],[-1.585,11.0213],[-1.5447247723389455,11.021325394216683],[-1.5441,11.0103],[-1.4285,11.0125],[-1.3778,10.9865],[-0.9872,10.9983],[-0.9768583539064778,10.998885100203312],[-0.9158,10.983],[-0.8962228756997735,10.972393198908547],[-0.8862715085104238,10.967001591298217],[-0.8835,10.9655],[-0.8417648083393812,10.996836524378175],[-0.8241,11.0101],[-0.6833,11.0002],[-0.6535949223667646,10.956401888375996],[-0.6129,10.8964],[-0.5673127584170112,10.990423685764915],[-0.5443,10.9765],[-0.5435387031970952,10.97714408995699],[-0.5422,10.976],[-0.44876226059597096,11.03173318638301],[-0.4401,11.0369],[-0.43441802096247073,11.058655325143693],[-0.4195776200798001,11.11547667987464],[-0.3734,11.123],[-0.36487914251044895,11.089856370500202],[-0.3615,11.0687],[-0.3427810675562969,11.080655296080067],[-0.27376274070419826,11.124735509251904],[-0.271,11.1265],[-0.27461261595547315,11.141471514200086],[-0.2759854987538593,11.168506744691383],[-0.1584439197845319,11.144773634410338],[0.155932160122127,11.081297184293105],[0.2624,11.0598],[0.4234,11.0265],[0.5037672195953182,11.009440455227006],[0.5008,10.9366],[0.5009774524828244,10.936680706877583],[0.5008,10.9334],[0.6715587457207519,10.999143571606286],[0.9104767798507117,10.996520020719062],[0.888,10.9142],[0.8976286310676761,10.910882572489287],[0.9031179726059834,10.908991286749199],[0.9356,10.8978],[0.9238,10.9864],[0.9473,10.9593],[0.9805,10.9828],[0.9448,11.0261],[0.9721190923543856,11.079030741436624],[0.9788682565745447,11.087251021318746],[1.0601505983696595,11.05388621726311],[1.109252969276771,11.033730658899492],[1.1142,11.0317],[1.1044888836886961,11.050485705671111],[1.0681443024105186,11.120792618362174],[1.0611293433136062,11.134362732514353],[1.0921671783818534,11.15457877048907],[1.1488257568317548,11.166341974899794],[1.1587607721869118,11.168404639012515],[1.165,11.1697],[1.13975225965489,11.225245028759243],[1.1312186197001222,11.250762828753857],[1.134282907293001,11.256045532885329],[1.2521,11.2453],[1.2592484592561923,11.25088288760091],[1.2625,11.25],[1.2838,11.266],[1.2705681212079665,11.315578706338052],[1.2910222058099465,11.305909502708024],[1.3032,11.2951],[1.3103499334150108,11.296772758749267],[1.324383486952809,11.300055971067634],[1.3515,11.3064],[1.3254,11.3638],[1.385,11.3921],[1.386089158216566,11.398215273656316],[1.3876231409529212,11.406828094157685],[1.3950599130377637,11.448583181459739],[1.4345,11.4722],[1.5318,11.4473],[1.5543,11.4714],[1.6205,11.3904],[1.8417,11.4444],[1.8895230596053265,11.439903124462788],[1.917,11.4084],[2,11.4184],[2.0118717758495444,11.428398487293427],[2.0193,11.4277],[2.3057,11.6744],[2.30565326184212,11.675823176907443],[2.3118,11.681],[2.3049,11.7346],[2.3754,11.7908],[2.3877756187961716,11.832606387245818],[2.401250052361436,11.878124708133477],[2.4074,11.8989],[2.4049047443685825,11.9022452636955],[2.394487941776479,11.915817213431108],[2.0594,12.3524],[2.073,12.392],[2.089917900248874,12.395060693683195],[2.220180516745822,12.418627091498747],[2.2650310738592987,12.426741208193233],[2.26795770926803,12.438825380203479],[2.2163,12.5251],[2.2147328824583274,12.596032688728336],[2.1523,12.6487],[2.1523247656687188,12.64879523293229],[2.1482,12.6513],[2.158,12.6878],[2.0987,12.7265],[2.0602827839021054,12.730704019199324],[2.0307,12.7305],[1.9838741987361956,12.736376178982125],[1.954245936632259,12.7067721032146],[1.8686,12.6054],[0.9922,13.1031],[0.9919,13.1033],[0.9919,13.3747],[0.9933010493679558,13.374293145052537],[0.9933,13.3747],[1.1663,13.3285],[1.1803477352970846,13.329930787854332],[1.202257341994857,13.365129828122885],[1.2015,13.3685],[1.2040390199637019,13.36799219600726],[1.22337040181098,13.364125919637804],[1.2802035507844753,13.352759289843105],[1.2820888736204128,13.35342953075955],[1.2791216128995524,13.357433737431249],[1.1966181396533704,13.397920163553147],[1.1437,13.3931],[1.0376,13.4452],[1.027652200489726,13.480835788119084],[1.006,13.5584],[0.996436955496147,13.5642365544897],[0.9617507044202749,13.585406402059286],[0.9072,13.6187],[0.7926122795100272,13.640578323721236],[0.7815,13.6427],[0.7868517266655808,13.654689257789775],[0.7726,13.6896],[0.6214,13.6984],[0.622134224501613,13.708099492100256],[0.6052,13.7098],[0.6193135182512225,13.781203260099934],[0.6023712392582921,13.797529288988345],[0.5305,13.8407],[0.4733,13.9177],[0.47385119174670937,13.92137461164473],[0.4429,13.9512],[0.4224004250130459,13.993649866695957],[0.3988,14.0278],[0.3749016554563982,14.092008805219557],[0.1617,14.5335],[0.1712,14.6319],[0.18585458304894553,14.658925041270818],[0.2045925828308083,14.801260596617084],[0.21559130159935208,14.884807867523417],[0.22030522634998104,14.9206152698637],[0.06199650829826173,14.973955965143531],[0.0505,14.9726],[-0.2423,15.0737],[-0.3849,14.9987],[-0.39659171433298657,15.014224106551952],[-0.4392147478089164,15.070818417223819],[-0.445,15.0785],[-0.7014,15.0798],[-0.7419,15.0642],[-0.7955136842726004,15.02233468047884],[-1.0729,14.7838],[-1.3186,14.7288],[-1.6786,14.5007],[-1.9808,14.4747],[-1.9974,14.1912],[-2.0503965104291466,14.168197486409907],[-2.0531,14.1644],[-2.094689897563732,14.146424012840823],[-2.104,14.1424],[-2.169099668485097,14.176856519093576],[-2.443878458003915,14.285996266175905],[-2.4737,14.2945],[-2.677,14.1308],[-2.8313,14.0554],[-2.838179716432805,14.033813181153226],[-2.9068,13.8185],[-2.8763195354653552,13.652135658088326],[-2.8758,13.6493],[-2.948134173169965,13.621912258971266],[-2.9516,13.6206],[-3.0009,13.6558],[-3.0385,13.6104],[-3.1050990910361134,13.684585082174843],[-3.1340855837232073,13.68176843651398],[-3.1844,13.6747],[-3.2635561544287572,13.70613246810246],[-3.2504,13.5829],[-3.251126023594726,13.582173976405274],[-3.2508,13.5796],[-3.2774395058567496,13.553341058512633],[-3.2788,13.552],[-3.2337534930789915,13.287154199440296],[-3.2332,13.2839],[-3.437100429990343,13.271149997538465],[-3.4379,13.2711],[-3.4412659006367816,13.158582750141857],[-3.4414,13.1541],[-3.5478,13.1634],[-3.548217396371102,13.16688582374785],[-3.5487925561797753,13.171689185393259],[-3.5515,13.1943],[-3.5623669355731846,13.200350774952057],[-3.663496287146602,13.256660204901028],[-3.7381,13.2982],[-3.7964,13.3665],[-3.9609,13.3754],[-3.958805076645581,13.378921900132067],[-3.9402,13.4102],[-3.8958,13.4378],[-3.8996798031585986,13.438676644561562],[-3.9405,13.4479],[-3.9626,13.4972],[-3.9843,13.4301],[-4.0956,13.3894],[-4.1353,13.2936],[-4.258251162182962,13.232174116225488],[-4.259,13.2318],[-4.234200841561364,13.182111831099402],[-4.2314,13.1765],[-4.2868,13.185],[-4.338805470496478,13.138647298035748],[-4.342,13.1358],[-4.2666,12.9871],[-4.2197,12.9594],[-4.233002131299917,12.755404815394035],[-4.2349,12.7263],[-4.260210585768712,12.715889088417043],[-4.2802767426931725,12.7076353487581],[-4.302,12.6987],[-4.313714375802872,12.709407257521178],[-4.340572136320607,12.733955979804357],[-4.3462,12.7391],[-4.478879476717187,12.719286794338666],[-4.4808,12.719],[-4.4836,12.6543],[-4.369005458041782,12.531618751982768],[-4.3674,12.5299],[-4.4223,12.4845],[-4.437741514016214,12.418894432341922],[-4.4408,12.4059],[-4.398400925729268,12.310020275228686],[-4.3968,12.3064],[-4.473802683884246,12.327302136982665],[-4.471,12.2833],[-4.471786915969794,12.282696121261276],[-4.4716,12.28],[-4.578735709698603,12.197271236060732],[-4.5809,12.1956],[-4.545540355153204,12.140679700557103],[-4.5433,12.1372],[-4.6074,12.1329],[-4.629297862593806,12.05818411690096]]]},"properties":{"iso3":"BFA"}},
{"type":"Feature","geometry":{"type":"MultiPolygon","coordinates":[[[[90.4771,21.7812],[90.4704,21.7754],[90.4764,21.7691],[90.4801,21.7709],[90.4771,21.7812]]],[[[90.3863,21.7982],[90.3789,21.7883],[90.3914,21.7944],[90.3916,21.8057],[90.3863,21.7982]]],[[[90.4612,21.8078],[90.4633,21.8057],[90.4805,21.8018],[90.4716,21.8199],[90.4612,21.8078]]],[[[90.3841,21.84],[90.381,21.8542],[90.3684,21.8542],[90.3682,21.8366],[90.3841,21.84]]],[[[90.437,21.8494],[90.4335,21.8318],[90.4599,21.8409],[90.4558,21.8603],[90.437,21.8494]]],[[[90.4339,21.8652],[90.4142,21.8568],[90.4315,21.8604],[90.4361,21.8694],[90.4339,21.8652]]],[[[90.481,21.8867],[90.4652,21.8639],[90.4671,21.8492],[90.482,21.8573],[90.481,21.8867]]],[[[90.4123,21.8893],[90.497,21.9561],[90.4662,22.0543],[90.3561,21.9791],[90.3068,21.8832],[90.3208,21.849],[90.3585,21.8518],[90.3574,21.9156],[90.391,21.8725],[90.4085,21.8863],[90.4061,21.8761],[90.4165,21.8843],[90.4182,21.8897],[90.4123,21.8893]]],[[[90.5007,21.9102],[90.4895,21.8959],[90.4904,21.8756],[90.5114,21.891],[90.5007,21.9102]]],[[[90.1488,21.8926],[90.1179,21.8994],[90.0895,21.8657],[90.1063,21.8195],[90.1789,21.7974],[90.2333,21.8171],[90.296,21.9899],[90.2544,21.9507],[90.159,21.9811],[90.119,21.9032],[90.1967,21.9348],[90.1727,21.9066],[90.1604,21.9102],[90.1488,21.8926]]],[[[90.4201,21.8913],[90.4492,21.8896],[90.4597,21.9115],[90.4249,21.8982],[90.4201,21.8913]]],[[[90.4867,21.9211],[90.4785,21.9125],[90.4743,21.9018],[90.4838,21.9131],[90.4867,21.9211]]],[[[90.3835,22.0512],[90.3968,22.0526],[90.425,22.0776],[90.39,22.084],[90.3401,22.0223],[90.3424,22.0028],[90.368,22.0496],[90.375,22.0504],[90.3658,22.0413],[90.3698,22.0426],[90.3746,22.0469],[90.3761,22.0505],[90.3796,22.0508],[90.3395,21.9913],[90.3638,22.0118],[90.3913,22.0428],[90.3835,22.0512]]],[[[90.3433,22.044],[90.3486,22.0423],[90.3496,22.0514],[90.3447,22.0488],[90.3433,22.044]]],[[[90.4786,22.0455],[90.4796,22.0649],[90.4751,22.0508],[90.4842,22.0319],[90.4786,22.0455]]],[[[90.4073,22.0589],[90.4048,22.058],[90.3928,22.0461],[90.3908,22.0392],[90.4073,22.0589]]],[[[90.468,22.0553],[90.4697,22.0547],[90.4699,22.0571],[90.4682,22.0567],[90.468,22.0553]]],[[[90.4479,22.0579],[90.4473,22.0634],[90.4447,22.0628],[90.4433,22.0545],[90.4479,22.0579]]],[[[90.4603,22.0633],[90.4513,22.0658],[90.4509,22.0567],[90.4564,22.0582],[90.4603,22.0633]]],[[[89.8773,22.0863],[89.8786,22.0786],[89.8849,22.0839],[89.8829,22.091],[89.8773,22.0863]]],[[[90.3958,22.1337],[90.397,22.1367],[90.3971,22.1419],[90.388,22.1313],[90.3958,22.1337]]],[[[90.4991,22.1341],[90.5051,22.136],[90.5055,22.1399],[90.4983,22.1384],[90.4991,22.1341]]],[[[90.4173,23.0072],[90.4978,23.0487],[90.4985,23.069],[90.5563,23.1352],[90.5717,23.1524],[90.6078,23.2135],[90.6022,23.2241],[90.6013,23.2267],[90.5966,23.2301],[90.5974,23.2315],[90.5981,23.2325],[90.49,23.3245],[90.5305,23.3291],[90.5293,23.3272],[90.5532,23.3213],[90.5626,23.3271],[90.5617,23.3255],[90.5653,23.3243],[90.5665,23.3283],[90.5644,23.3283],[90.5724,23.3332],[90.5684,23.3334],[90.5907,23.3359],[90.6263,23.3557],[90.6734,23.3205],[90.6734,23.3504],[90.6833,23.3254],[90.6786,23.3199],[90.6722,23.3185],[90.6391,23.3334],[90.6653,23.2754],[90.6371,23.2272],[90.6391,23.1818],[90.6378,23.1823],[90.6366,23.1797],[90.6371,23.1744],[90.6392,23.1778],[90.6402,23.1566],[90.6382,23.1559],[90.6383,23.1506],[90.6406,23.146],[90.6478,22.9795],[90.7114,22.8936],[90.7146,22.8858],[90.7146,22.8871],[90.7129,22.8916],[90.7214,22.8801],[90.7147,22.9402],[90.7611,22.8701],[90.8242,22.701],[90.9081,22.6447],[91.0778,22.4934],[91.0906,22.5222],[91.1367,22.557],[91.1297,22.5428],[91.0927,22.5208],[91.0822,22.4859],[91.138,22.443],[91.2012,22.5098],[91.1126,22.4879],[91.123,22.4957],[91.1529,22.5005],[91.1504,22.5403],[91.2289,22.5258],[91.2881,22.6186],[91.2638,22.6836],[91.2114,22.7045],[91.1931,22.7329],[91.1965,22.7329],[91.2077,22.7247],[91.2109,22.7129],[91.2589,22.6972],[91.2989,22.7451],[91.3844,22.7564],[91.3287,22.7882],[91.3293,22.8535],[91.3392,22.8409],[91.3332,22.7956],[91.4221,22.7486],[91.4071,22.8134],[91.468,22.8623],[91.4671,22.8504],[91.4522,22.8282],[91.4187,22.8095],[91.6901,22.5141],[91.7542,22.3474],[91.8002,22.2259],[91.8337,22.2596],[91.7983,22.2789],[91.7944,22.2968],[91.862,22.3339],[91.8906,22.4051],[91.8902,22.4279],[91.8699,22.4358],[91.8583,22.4525],[91.8545,22.4633],[91.8567,22.4674],[91.8812,22.4777],[91.8761,22.4676],[91.856,22.4638],[91.8912,22.43],[91.8932,22.4059],[91.9294,22.4245],[91.95932665671641,22.41958837313433],[91.9687,22.4155],[91.9114,22.4139],[91.8809,22.3393],[91.87022000196772,22.333111589925227],[91.87022686868687,22.3331498989899],[91.8702,22.3331],[91.87012954990215,22.332959099804302],[91.7982,22.2912],[91.8407,22.2633],[91.8123,22.2082],[91.8445,22.1159],[91.853,22.117],[91.8421,22.1425],[91.8495,22.1547],[91.9046,22.1255],[91.8768,22.1441],[91.8727,22.1515],[91.8736,22.1507],[91.8779,22.1581],[91.9028,22.1552],[91.9176,22.1875],[91.9777,22.1769],[91.9869,22.1654],[91.9713,22.1588],[91.9976,22.1429],[91.9796,22.1487],[91.9712,22.1554],[91.9684,22.1626],[91.9699,22.1661],[91.9751,22.1675],[91.9808,22.1655],[91.9846,22.167],[91.9779,22.1755],[91.9554,22.1695],[91.9384,22.1803],[91.9371,22.1692],[91.9281,22.1683],[91.9201,22.1751],[91.9182,22.1851],[91.9044,22.1537],[91.8768,22.15],[91.904,22.135],[91.9074,22.1253],[91.9045,22.1211],[91.8601,22.1295],[91.8472,22.1499],[91.9168,21.8626],[91.8554,21.6837],[91.8841,21.6478],[91.9053,21.6986],[91.8592,21.5665],[91.8907,21.5453],[91.8505,21.5308],[91.9131,21.4696],[91.9377,21.4883],[91.9034,21.5025],[91.9768,21.5096],[91.992,21.5991],[91.9915,21.5939],[91.9983,21.6007],[91.9968,21.6075],[91.9927,21.6029],[91.9933,21.6068],[91.983,21.6433],[91.9605,21.6693],[91.9474,21.7159],[92.02,21.6071],[92.0172,21.6006],[92.0016,21.5937],[91.9922,21.5701],[92.0203,21.4978],[92.0071,21.5007],[92.0017,21.516],[91.9489,21.4593],[92.0349,21.3286],[92.0462,21.1845],[92.344,20.74],[92.2743,20.9184],[92.2839,20.9055],[92.2854,20.9105],[92.2729,20.9259],[92.2727,20.9224],[92.2621,20.9495],[92.26374957296441,21.013605818306413],[92.2563,21.027],[92.256,21.0446],[92.2622,21.0505],[92.26417437650069,21.03011456263036],[92.26452243055077,21.043640663128123],[92.26223884121782,21.065445258049188],[92.21859361072153,21.11674257441172],[92.1748,21.1619],[92.17712659839118,21.165479777215563],[92.2201,21.2316],[92.20026658993064,21.3213225693614],[92.1991,21.3266],[92.25245289795524,21.357767433653986],[92.25862516635746,21.362077903062758],[92.26380216470588,21.39425270588235],[92.2692,21.4278],[92.28478928896992,21.42577000911577],[92.3291,21.42],[92.3806,21.4796],[92.38068440059052,21.47943450582675],[92.42598496767242,21.390608351293103],[92.43893241217714,21.36522077271571],[92.4393,21.3645],[92.558,21.3825],[92.56249383791858,21.36745396489481],[92.5985,21.2469],[92.6791,21.2861],[92.6088,21.5914],[92.61070226579646,21.61284234005766],[92.63319390738093,21.866368123997745],[92.6338,21.8732],[92.6054,21.9715],[92.61688649701274,21.977708505025483],[92.6026,22.0619],[92.5625,22.1283],[92.6101,22.1352],[92.588,22.216],[92.5165,22.7224],[92.4739,22.7464],[92.4494,22.8947],[92.3717,22.9362],[92.3923,23.0565],[92.3579,23.1035],[92.3467,23.2358],[92.404,23.2406],[92.317,23.4718],[92.2782,23.7175],[92.2411,23.7205],[92.2165,23.6521],[92.2028,23.7059],[92.1486,23.7357],[92.0634,23.6451],[92.0084,23.6637],[91.9569,23.7342],[91.934,23.6845],[91.9691,23.4765],[91.9366,23.4665],[91.9427,23.4353],[91.8451,23.4048],[91.7643,23.3093],[91.7847,23.2339],[91.8357,23.0931],[91.7745,23.0697],[91.7806,23.0293],[91.7206,22.9875],[91.6455,22.9852],[91.62,22.9386],[91.5425,22.9997],[91.4909,23.1578],[91.5075,23.1838],[91.409,23.2853],[91.3799,23.1846],[91.4172,23.0647],[91.3958,23.0562],[91.3469,23.1025],[91.2898,23.3187],[91.3201,23.3603],[91.291,23.3508],[91.2493,23.4903],[91.1625,23.5952],[91.1563,23.6709],[91.1994,23.6468],[91.2085,23.6866],[91.1492,23.7117],[91.1676,23.7498],[91.219,23.7366],[91.254,23.8371],[91.233,23.9271],[91.2761,23.9227],[91.3035,23.9967],[91.3035,23.997],[91.3528,23.9819],[91.3795,23.9755],[91.3964,24.0425],[91.3745,24.1079],[91.586,24.0728],[91.6379,24.103],[91.6575,24.1797],[91.6576,24.1797],[91.6576,24.1798],[91.6576,24.1804],[91.6651,24.2337],[91.668,24.2312],[91.6673,24.2123],[91.6803,24.1853],[91.7592,24.1416],[91.745,24.2471],[91.8104,24.2172],[91.8458,24.225],[91.848,24.185],[91.9057,24.1389],[91.9407,24.2682],[91.9199,24.3376],[91.9567,24.3568],[91.9959,24.3221],[91.9704,24.3847],[92.0961,24.3728],[92.1664,24.4218],[92.1549,24.5231],[92.2236,24.5174],[92.2543,24.6782],[92.2959,24.7367],[92.2326,24.902],[92.3006,24.9156],[92.4002,24.8497],[92.4878,24.8714],[92.4967,24.9022],[92.4873,24.9472],[92.4489,24.9391],[92.4618,24.9689],[92.4194,24.9676],[92.4252,25.0297],[92.2274,25.0938],[92.1044,25.1747],[91.774,25.1634],[91.6379,25.1227],[91.6016,25.1437],[91.61,25.177],[91.4744,25.1335],[91.268,25.2074],[91.0409,25.1877],[90.9649,25.1718],[90.7853,25.1789],[90.7332,25.155],[90.666,25.1659],[90.6638,25.198],[90.6063,25.1761],[90.441,25.1446],[90.3302,25.1939],[90.1122,25.2255],[89.9666,25.3038],[89.8568,25.2868],[89.8311,25.2961],[89.8256,25.4152],[89.8824,25.6173],[89.8173,25.8179],[89.887,25.9453],[89.8254,25.9455],[89.8707,25.9815],[89.8358,26.0127],[89.8201,25.9878],[89.8088,26.0433],[89.7903,26.0179],[89.8018,26.0403],[89.7735,26.0377],[89.7948,26.0874],[89.7476,26.1575],[89.6742,26.1671],[89.702,26.1741],[89.7006,26.1778],[89.7024,26.1768],[89.7023,26.1825],[89.6994,26.1812],[89.6787,26.2383],[89.6338,26.2303],[89.6499,26.1903],[89.6277,26.184],[89.6586,26.1765],[89.6087,26.1807],[89.603,26.1267],[89.6303,26.1185],[89.5967,26.0981],[89.6301,26.1069],[89.65,26.0645],[89.605,26.0633],[89.5851,25.976],[89.5576,25.9654],[89.5408,26.006],[89.4274,26.0133],[89.4238,26.0471],[89.3924,26.0072],[89.3485,26.0105],[89.2543,26.0642],[89.2668,26.0925],[89.2170961622013,26.126334540188267],[89.217,26.1272],[89.217,26.1264],[89.1624,26.133],[89.1345,26.1813],[89.149,26.2103],[89.1136,26.277],[89.1168,26.2783],[89.1182,26.2839],[89.1128,26.285],[89.1123,26.2795],[89.0992,26.3042],[89.106,26.3159],[89.1219,26.2876],[89.1362,26.3202],[89.0837,26.3223],[89.0873,26.3978],[89.0558,26.4029],[89.0593,26.4036],[89.056,26.4079],[89.0541,26.4075],[89.0554,26.4029],[88.994,26.4129],[88.9558,26.4603],[88.9039,26.4081],[88.9394,26.3549],[88.9382,26.3549],[88.938,26.3514],[88.9407,26.3513],[88.9411,26.3522],[88.9559,26.3301],[88.9872,26.348],[88.9957,26.2904],[89.0586,26.2933],[89.0506,26.2418],[89.0247,26.2415],[89.0258,26.2427],[89.022,26.2427],[89.0228,26.2415],[88.9567,26.2407],[88.8982,26.2888],[88.8613,26.2727],[88.8778,26.2335],[88.8402,26.2314],[88.7935,26.3101],[88.6662,26.2628],[88.668,26.2973],[88.7094,26.2889],[88.675,26.3202],[88.7464,26.3225],[88.7453,26.348],[88.7046,26.3326],[88.681,26.3802],[88.7022,26.3885],[88.6237,26.4349],[88.6229,26.4711],[88.5599,26.4571],[88.4835,26.5411],[88.4312,26.5502],[88.4151,26.6332],[88.3905,26.6163],[88.3337,26.4788],[88.3549,26.4471],[88.3723,26.4883],[88.4852,26.4603],[88.5228,26.3602],[88.4576,26.3767],[88.3496,26.2824],[88.3501,26.2203],[88.1771,26.1481],[88.1584,26.0808],[88.1828,26.0268],[88.1396,26.013],[88.0858,25.9157],[88.1011,25.8291],[88.1474,25.7763],[88.2695,25.8083],[88.4017,25.6727],[88.4537,25.665],[88.4443,25.597],[88.4999,25.5841],[88.5399,25.5084],[88.7064,25.48],[88.7648,25.495],[88.7616,25.5259],[88.8106,25.5232],[88.8401,25.3639],[88.9294,25.3042],[89.0089,25.3032],[89.0078,25.2677],[88.9772,25.2636],[88.923,25.165],[88.8437,25.214],[88.8058,25.1705],[88.7078,25.208],[88.5648,25.1746],[88.4399,25.2103],[88.438,25.208],[88.4387,25.2031],[88.4354,25.1999],[88.4423,25.1753],[88.4603,25.1386],[88.4349,25.0561],[88.4526,25.037],[88.3981,24.9445],[88.3402,24.9403],[88.3292,24.8702],[88.2762,24.8981],[88.259,24.8781],[88.2262,24.9598],[88.138,24.9363],[88.175,24.8602],[88.0683,24.7693],[88.0086,24.6679],[88.1407,24.5113],[88.3339,24.3815],[88.4463,24.3786],[88.5271,24.3444],[88.555,24.2934],[88.5676,24.3267],[88.7063,24.3119],[88.7374,24.2701],[88.7334,24.1939],[88.7464,24.1472],[88.693,24.1113],[88.7277,24.1009],[88.7288,23.9967],[88.7696,23.9819],[88.7375,23.9827],[88.7334,23.9111],[88.6675,23.8696],[88.5753,23.8624],[88.602,23.8165],[88.5558,23.7845],[88.5807,23.7593],[88.5582,23.6492],[88.5937,23.641],[88.58,23.603],[88.646,23.6081],[88.6597,23.5492],[88.7414,23.4798],[88.8004,23.4976],[88.7954,23.4436],[88.7628,23.447],[88.7488,23.3982],[88.7655,23.3677],[88.7321,23.3525],[88.7456,23.3078],[88.6963,23.3022],[88.7188,23.2548],[88.7897,23.2185],[88.8122,23.2564],[88.9421,23.2064],[88.9958,23.2152],[88.8684,23.1012],[88.8797,23.0062],[88.845,23.0089],[88.8596,22.9424],[88.8943,22.9522],[88.9054,22.8859],[88.9685,22.8442],[88.911,22.7578],[88.9623,22.6951],[88.9285,22.6523],[88.9608,22.6161],[88.9382,22.5613],[88.9971,22.4699],[88.9856,22.3255],[89.0253,22.2954],[88.9959,22.2851],[89.0754,22.1942],[89.0754,22.1492],[89.1019,22.1561],[89.0477,22.097],[89.0875,22.0559],[89.0766,22.1023],[89.0944,22.1113],[89.0842,22.1223],[89.0924,22.1262],[89.0923,22.1246],[89.085,22.1225],[89.0946,22.12],[89.0954,22.1106],[89.0772,22.1022],[89.08,22.0992],[89.0936,22.0972],[89.0983,22.0942],[89.0908,22.059],[89.0873,22.0543],[89.0677,22.0544],[89.0896,22.0185],[89.0942,22.0232],[89.0971,21.9402],[89.1155,21.9521],[89.1261,22.0267],[89.1277,22.0572],[89.1481,22.0779],[89.0951,22.1716],[89.1749,22.0817],[89.1918,22.12],[89.1715,22.1235],[89.1659,22.1472],[89.1445,22.1514],[89.1388,22.1642],[89.1603,22.208],[89.1586,22.1911],[89.1421,22.1691],[89.1431,22.1559],[89.1643,22.1514],[89.1941,22.1185],[89.1777,22.0808],[89.1503,22.0849],[89.1786,22.0649],[89.1549,22.038],[89.2019,22.0027],[89.2454,22.0593],[89.1915,22.1337],[89.2197,22.1716],[89.1805,22.1658],[89.1822,22.2315],[89.1929,22.2295],[89.2021,22.2149],[89.1983,22.1824],[89.222,22.1726],[89.2044,22.1284],[89.2128,22.1489],[89.2423,22.1612],[89.2236,22.1999],[89.2526,22.2249],[89.2273,22.1999],[89.2461,22.1604],[89.2135,22.1448],[89.227,22.1342],[89.2077,22.1268],[89.2185,22.0975],[89.2645,22.1126],[89.2576,22.1647],[89.2632,22.1657],[89.2654,22.1371],[89.3319,22.2166],[89.3302,22.1332],[89.3356,22.1297],[89.3261,22.1294],[89.3232,22.1845],[89.2781,22.119],[89.292,22.1075],[89.2773,22.1131],[89.2626,22.09],[89.2991,22.0985],[89.3357,22.0639],[89.2895,22.0616],[89.3466,21.9722],[89.3427,22.0315],[89.3792,22.0827],[89.3772,22.0661],[89.391,22.0559],[89.3766,22.0635],[89.3537,22.0322],[89.3766,21.9538],[89.3746,21.953],[89.3778,21.9497],[89.3854,21.9236],[89.3814,21.9225],[89.4022,21.8545],[89.3951,21.8556],[89.3815,21.8777],[89.3484,21.8057],[89.3608,21.7551],[89.3947,21.7983],[89.3799,21.7625],[89.3601,21.7518],[89.3978,21.7215],[89.474,21.7945],[89.4147,21.8174],[89.4635,21.8189],[89.4501,21.847],[89.424,21.8511],[89.4668,21.8565],[89.4713,21.9025],[89.4629,21.9129],[89.5088,21.9279],[89.456,21.9489],[89.4641,21.966],[89.5097,21.9382],[89.4655,21.9973],[89.502,21.9686],[89.4425,22.0619],[89.4485,22.075],[89.4348,22.0945],[89.4177,22.101],[89.4135,22.1095],[89.4134,22.1148],[89.4237,22.1184],[89.4299,22.1391],[89.4242,22.1174],[89.4146,22.1146],[89.4189,22.1015],[89.4854,22.09],[89.4538,22.149],[89.4177,22.1593],[89.3967,22.1326],[89.3765,22.1381],[89.3601,22.1908],[89.3836,22.1816],[89.3703,22.1623],[89.3857,22.1573],[89.379,22.1384],[89.429,22.1665],[89.3652,22.2148],[89.4021,22.209],[89.4,22.2146],[89.4622,22.1483],[89.4342,22.1832],[89.437,22.1871],[89.4639,22.1535],[89.4572,22.2082],[89.4594,22.2463],[89.4183,22.23],[89.4164,22.2386],[89.4379,22.2443],[89.4789,22.2725],[89.4227,22.3466],[89.4211,22.325],[89.3882,22.3987],[89.4007,22.3932],[89.4225,22.3543],[89.4344,22.4137],[89.4485,22.3874],[89.4336,22.3572],[89.4736,22.3053],[89.4806,22.3168],[89.4646,22.3285],[89.4562,22.3387],[89.4624,22.3443],[89.486,22.3393],[89.4888,22.3703],[89.4681,22.3719],[89.4631,22.4054],[89.4777,22.404],[89.4725,22.3979],[89.4652,22.3992],[89.4776,22.3827],[89.4689,22.3731],[89.4899,22.3711],[89.4972,22.3444],[89.4839,22.3367],[89.4611,22.3427],[89.4604,22.334],[89.4826,22.3175],[89.483,22.3113],[89.4763,22.2994],[89.4925,22.2664],[89.4958,22.2883],[89.4854,22.2988],[89.4863,22.3043],[89.5164,22.3022],[89.5093,22.2967],[89.5016,22.296],[89.4865,22.3025],[89.497,22.2896],[89.4969,22.2747],[89.4948,22.266],[89.4759,22.2323],[89.5238,22.0966],[89.5439,22.1469],[89.5505,22.1119],[89.5102,22.0166],[89.532,21.9947],[89.5839,22.1248],[89.5246,22.1981],[89.5331,22.2101],[89.5269,22.221],[89.5352,22.2422],[89.5379,22.2333],[89.5283,22.2222],[89.535,22.2092],[89.5276,22.1973],[89.573,22.2442],[89.5119,22.3282],[89.5111,22.3331],[89.5148,22.3377],[89.5345,22.343],[89.5038,22.3723],[89.5355,22.3452],[89.5349,22.3391],[89.5124,22.3314],[89.5284,22.3321],[89.5539,22.3042],[89.5781,22.2406],[89.6288,22.3659],[89.6172,22.267],[89.617,22.2695],[89.6126,22.2975],[89.5931,22.2277],[89.5539,22.208],[89.6043,22.1281],[89.6002,22.2263],[89.6117,22.2201],[89.6069,22.179],[89.6771,22.1425],[89.6779,22.1348],[89.6421,22.1591],[89.6143,22.1666],[89.5988,22.0911],[89.597,22.091],[89.5735,22.0534],[89.5914,22.0391],[89.6009,22.0654],[89.6044,22.0544],[89.5929,22.0384],[89.5687,22.0393],[89.618,22.0265],[89.6327,22.064],[89.639,22.032],[89.636,22.0292],[89.6175,22.0252],[89.5996,22.0287],[89.5971,22.0251],[89.5682,22.0374],[89.5483,21.9626],[89.5822,21.9488],[89.5615,21.9752],[89.5679,21.9818],[89.5629,21.9745],[89.5867,21.9503],[89.6369,21.9614],[89.6572,21.9028],[89.6955,22.0216],[89.7273,21.9691],[89.7463,21.9761],[89.7501,22.0072],[89.7485,21.9733],[89.7209,21.9632],[89.722,21.9704],[89.6961,22.0052],[89.6585,21.8867],[89.673,21.8369],[89.7063,21.8455],[89.6883,21.8548],[89.6974,21.8573],[89.6945,21.865],[89.7013,21.8641],[89.7036,21.8815],[89.7124,21.888],[89.7124,21.882],[89.7054,21.8815],[89.7024,21.8632],[89.696,21.8641],[89.6988,21.8577],[89.6966,21.8557],[89.6905,21.8547],[89.7414,21.8391],[89.7113,21.9015],[89.7205,21.9606],[89.7702,21.9562],[89.7704,21.9531],[89.7683,21.9512],[89.7591,21.9478],[89.7313,21.9475],[89.7163,21.9054],[89.7489,21.8557],[89.78,21.8625],[89.7481,21.8937],[89.7836,21.887],[89.773,21.9359],[89.7881,21.9091],[89.783,21.8694],[89.7877,21.8776],[89.8078,21.8782],[89.8126,21.8904],[89.8122,21.8852],[89.8081,21.8773],[89.7948,21.8718],[89.7879,21.8754],[89.7774,21.8334],[89.8359,21.8503],[89.8451,21.8915],[89.8067,21.9199],[89.8098,21.923],[89.8478,21.8924],[89.8763,21.9101],[89.8327,22.0503],[89.842,22.0049],[89.8115,21.992],[89.8408,22.0088],[89.8076,22.0551],[89.7765,22.0887],[89.7578,22.0702],[89.7579,22.0715],[89.7554,22.1247],[89.7983,22.0729],[89.8367,22.1232],[89.8105,22.1402],[89.8147,22.15],[89.8344,22.1632],[89.8079,22.22],[89.8368,22.164],[89.8133,22.1446],[89.8377,22.1275],[89.842,22.1197],[89.8148,22.0674],[89.8769,22.097],[89.8858,22.1773],[89.9567,21.9467],[89.9866,21.9563],[89.9719,22.0304],[90.0226,22.0811],[90.0163,22.1288],[90.0602,22.161],[90.0197,22.1877],[90.0707,22.1602],[90.0347,22.1285],[90.0289,22.0529],[89.987,22.0351],[90.0178,21.9828],[90.0563,21.9785],[90.0858,22.0598],[90.1512,22.121],[90.2238,22.1452],[90.2003,22.109],[90.1589,22.1147],[90.0903,22.0415],[90.0711,21.9696],[90.0285,21.9452],[90.0307,21.876],[90.0727,21.8606],[90.1013,21.8852],[90.1556,21.9834],[90.2567,21.9536],[90.2717,22.0212],[90.3075,21.9822],[90.3982,22.1716],[90.435,22.1914],[90.4362,22.1883],[90.4321,22.1816],[90.4042,22.1695],[90.4051,22.1428],[90.3868,22.1057],[90.4383,22.0817],[90.4972,22.1547],[90.4839,22.2064],[90.5185,22.1765],[90.6158,22.3245],[90.6177,22.274],[90.669,22.3425],[90.6677,22.379],[90.6432,22.381],[90.6222,22.4467],[90.6405,22.4185],[90.6334,22.476],[90.5916,22.4359],[90.6159,22.4042],[90.5875,22.4238],[90.5909,22.5302],[90.5113,22.5807],[90.4775,22.5789],[90.5093,22.5934],[90.5029,22.6957],[90.4719,22.6517],[90.4783,22.6735],[90.5039,22.7084],[90.4562,22.756],[90.458,22.7555],[90.453,22.7658],[90.4913,22.7388],[90.4918,22.7435],[90.5078,22.7199],[90.5245,22.7143],[90.5161,22.7989],[90.5407,22.7944],[90.579,22.7993],[90.5413,22.783],[90.5299,22.7406],[90.5629,22.7714],[90.5427,22.7384],[90.5632,22.7065],[90.5658,22.6986],[90.5219,22.701],[90.5225,22.6406],[90.5341,22.6763],[90.5693,22.6537],[90.5675,22.6932],[90.5802,22.6528],[90.5336,22.6202],[90.538,22.6172],[90.5333,22.6182],[90.5337,22.616],[90.5252,22.6406],[90.5229,22.5791],[90.5426,22.5813],[90.5486,22.5729],[90.5358,22.6098],[90.5393,22.6068],[90.5433,22.6135],[90.5491,22.6095],[90.5498,22.5879],[90.5923,22.5729],[90.584,22.5847],[90.5794,22.5884],[90.6219,22.5589],[90.6055,22.662],[90.6113,22.6555],[90.6174,22.6392],[90.6215,22.567],[90.6573,22.5428],[90.6574,22.5421],[90.6589,22.5405],[90.6591,22.5416],[90.6704,22.534],[90.6722,22.4653],[90.6712,22.4697],[90.672,22.4584],[90.6724,22.4608],[90.6755,22.3447],[90.6751,22.343],[90.6707,22.2942],[90.6739,22.2922],[90.6759,22.3271],[90.6773,22.2751],[90.6124,22.1653],[90.5964,22.0377],[90.6534,21.9951],[90.7054,22.0115],[90.8106,22.125],[90.8649,22.4253],[90.7731,22.5176],[90.7532,22.603],[90.7091,22.6196],[90.6527,22.7864],[90.6111,22.8034],[90.6708,22.8111],[90.6563,22.8449],[90.6514,22.8481],[90.597,22.8757],[90.5328,22.8887],[90.4909,22.8487],[90.4865,22.7969],[90.4972,22.8392],[90.5091,22.8189],[90.5061,22.8154],[90.5052,22.821],[90.4924,22.8178],[90.4925,22.8082],[90.5054,22.8147],[90.4948,22.8028],[90.5143,22.7992],[90.4949,22.7691],[90.4965,22.7821],[90.4378,22.7944],[90.4388,22.8813],[90.4548,22.8652],[90.4664,22.8027],[90.4754,22.8654],[90.5279,22.9168],[90.5392,22.8972],[90.5637,22.905],[90.5869,22.9453],[90.5147,23.0323],[90.4899,23.0225],[90.4757,23.0076],[90.5219,22.9273],[90.437,22.9921],[90.4736,22.9827],[90.4584,23.004],[90.4518,23.0063],[90.4258,23.0007],[90.4173,23.0072]]],[[[90.4964,22.7989],[90.4967,22.7992],[90.4958,22.7998],[90.496,22.7989],[90.4964,22.7989]]],[[[90.4823,22.8533],[90.4945,22.8537],[90.5229,22.88],[90.5238,22.8819],[90.4823,22.8533]]],[[[90.5369,21.845],[90.5003,21.8593],[90.4763,21.8227],[90.4986,21.811],[90.5369,21.845]]],[[[90.5415,21.8586],[90.5279,21.887],[90.5036,21.8662],[90.5259,21.8634],[90.5415,21.8586]]],[[[90.5771,21.8831],[90.6009,21.9649],[90.5513,21.9766],[90.5076,21.9258],[90.5171,21.8915],[90.5771,21.8831]]],[[[90.6166,21.9689],[90.6093,21.9606],[90.6046,21.9024],[90.6111,21.9086],[90.6166,21.9689]]],[[[90.5485,21.9829],[90.5504,21.986],[90.5429,21.9796],[90.5451,21.98],[90.5485,21.9829]]],[[[90.5654,22.0002],[90.5657,22.0092],[90.5539,21.9956],[90.5593,21.9939],[90.5654,22.0002]]],[[[90.5672,21.9927],[90.6062,21.9776],[90.6226,21.9894],[90.592,22.0299],[90.5672,21.9927]]],[[[90.6009,22.1879],[90.4905,22.0848],[90.4847,22.0138],[90.5059,21.9592],[90.5898,22.0587],[90.6009,22.1879]]],[[[90.5382,22.1889],[90.5384,22.176],[90.5445,22.2008],[90.5425,22.2001],[90.5382,22.1889]]],[[[90.5716,22.2068],[90.5681,22.192],[90.5853,22.2101],[90.5873,22.2388],[90.5781,22.2347],[90.5752,22.2225],[90.5676,22.2089],[90.5666,22.203],[90.5716,22.2068]]],[[[90.586,22.2051],[90.6275,22.2024],[90.6313,22.2431],[90.589,22.2407],[90.586,22.2051]]],[[[90.6032,22.4701],[90.6102,22.4726],[90.6096,22.4833],[90.6054,22.4729],[90.6032,22.4701]]],[[[90.5702,22.5567],[90.6013,22.5531],[90.5958,22.5679],[90.5525,22.5866],[90.5702,22.5567]]],[[[90.6197,22.5801],[90.6193,22.5782],[90.6194,22.5765],[90.6201,22.5785],[90.6197,22.5801]]],[[[90.5363,22.7096],[90.5376,22.7131],[90.5292,22.7254],[90.5265,22.7083],[90.5363,22.7096]]],[[[90.5992,22.8909],[90.5999,22.8858],[90.6065,22.8885],[90.6028,22.897],[90.5992,22.8909]]],[[[90.5975,22.8839],[90.5956,22.912],[90.5605,22.8958],[90.5758,22.8852],[90.5975,22.8839]]],[[[90.6018,23.0099],[90.5989,23.0346],[90.5896,23.0249],[90.5963,23.0163],[90.5976,23.0148],[90.5986,23.0102],[90.6018,23.0099]]],[[[90.5887,23.0254],[90.5882,23.0275],[90.5668,23.0435],[90.5871,23.003],[90.5887,23.0254]]],[[[90.5656,23.0449],[90.5787,23.0794],[90.5483,23.0597],[90.5537,23.005],[90.5758,23.0004],[90.5656,23.0449]]],[[[90.5266,23.0571],[90.5257,23.0566],[90.5266,23.0514],[90.5283,23.0571],[90.5266,23.0571]]],[[[90.5233,23.0614],[90.5259,23.0626],[90.5281,23.0644],[90.5284,23.0653],[90.5233,23.0614]]],[[[90.5358,23.071],[90.5337,23.0746],[90.5324,23.0713],[90.5309,23.0687],[90.5358,23.071]]],[[[90.7134,21.8765],[90.742,21.867],[90.7572,21.931],[90.7341,21.9255],[90.7134,21.8765]]],[[[90.6948,21.9598],[90.6333,21.9752],[90.6142,21.8913],[90.6507,21.8988],[90.6948,21.9598]]],[[[90.6958,21.9912],[90.6781,21.9867],[90.6914,21.9797],[90.7087,21.9969],[90.6958,21.9912]]],[[[90.7225,22.0092],[90.7255,22.0142],[90.7112,22.0006],[90.7154,22.0006],[90.7225,22.0092]]],[[[90.673,22.2901],[90.6712,22.2896],[90.664,22.2587],[90.6721,22.2718],[90.673,22.2901]]],[[[90.6134,22.2599],[90.6523,22.288],[90.6491,22.3046],[90.6461,22.3049],[90.6134,22.2599]]],[[[90.6652,22.4006],[90.67,22.393],[90.6726,22.3862],[90.6679,22.4376],[90.6604,22.4084],[90.665,22.4011],[90.6606,22.4034],[90.6608,22.3949],[90.6677,22.3882],[90.6652,22.4006]]],[[[90.6662,22.4645],[90.6632,22.4645],[90.6643,22.4491],[90.6697,22.4586],[90.6662,22.4645]]],[[[90.6406,22.4792],[90.6327,22.481],[90.644,22.4622],[90.6471,22.4764],[90.6406,22.4792]]],[[[90.6702,22.4799],[90.6707,22.4794],[90.67,22.4844],[90.6698,22.4835],[90.6702,22.4799]]],[[[90.6352,22.5541],[90.6141,22.5515],[90.6021,22.5363],[90.6357,22.4889],[90.6311,22.5414],[90.6496,22.535],[90.6352,22.5541]]],[[[90.703,22.6642],[90.702,22.6613],[90.7118,22.6505],[90.7085,22.6629],[90.703,22.6642]]],[[[90.7306,22.6795],[90.7303,22.6724],[90.7453,22.6684],[90.7353,22.6878],[90.7306,22.6795]]],[[[90.7065,22.7527],[90.6983,22.7314],[90.7211,22.6792],[90.7277,22.7288],[90.7065,22.7527]]],[[[90.6902,22.7493],[90.691,22.7503],[90.6907,22.7554],[90.6888,22.7514],[90.6902,22.7493]]],[[[90.6842,22.7529],[90.6833,22.7644],[90.6776,22.76],[90.6793,22.7549],[90.6842,22.7529]]],[[[90.6791,22.7722],[90.6843,22.7725],[90.687,22.7792],[90.6788,22.7765],[90.6791,22.7722]]],[[[90.6691,22.7966],[90.6579,22.795],[90.6719,22.7955],[90.6741,22.7976],[90.6691,22.7966]]],[[[90.6648,22.8014],[90.6761,22.8076],[90.6438,22.8052],[90.6554,22.7987],[90.6648,22.8014]]],[[[90.6846,22.9032],[90.6837,22.8965],[90.6891,22.9038],[90.6876,22.906],[90.6846,22.9032]]],[[[90.6785,22.9117],[90.6781,22.9172],[90.6655,22.9285],[90.6706,22.9087],[90.6775,22.9117],[90.6745,22.9079],[90.6785,22.9117]]],[[[90.6611,22.9073],[90.6613,22.9228],[90.6528,22.9298],[90.6462,22.9187],[90.6611,22.9073]]],[[[90.6874,22.9185],[90.6786,22.9298],[90.677,22.9314],[90.6663,22.9435],[90.6686,22.9389],[90.6747,22.9334],[90.6888,22.9162],[90.6874,22.9185]]],[[[90.6727,22.927],[90.6706,22.9279],[90.6684,22.929],[90.6676,22.9285],[90.6727,22.927]]],[[[90.6421,22.9326],[90.6425,22.9351],[90.642,22.9358],[90.6408,22.93],[90.6421,22.9326]]],[[[90.6527,22.9373],[90.656,22.9365],[90.6594,22.9354],[90.6568,22.9389],[90.6527,22.9373]]],[[[90.6481,22.9397],[90.6504,22.9398],[90.6508,22.9426],[90.6477,22.941],[90.6481,22.9397]]],[[[90.8323,21.8898],[90.8042,21.9153],[90.8217,21.9284],[90.8067,21.9251],[90.7953,21.9129],[90.7692,21.8559],[90.8323,21.8898]]],[[[90.7951,21.9376],[90.8181,21.9448],[90.8299,21.9974],[90.7796,21.9127],[90.7951,21.9376]]],[[[90.8626,21.9457],[90.8622,21.9714],[90.8543,21.9907],[90.8314,21.9653],[90.849,21.9205],[90.8626,21.9457]]],[[[90.7714,21.997],[90.7595,21.9941],[90.7538,21.9886],[90.7617,21.9862],[90.7714,21.997]]],[[[90.8382,22.0111],[90.8364,21.9979],[90.8404,21.9916],[90.8471,21.9978],[90.8382,22.0111]]],[[[90.7893,22.0241],[90.7759,22.0215],[90.7689,22.004],[90.7845,22.0036],[90.7893,22.0241]]],[[[90.7574,22.0529],[90.7373,22.0437],[90.7232,22.022],[90.7211,22.0156],[90.7574,22.0529]]],[[[90.8797,22.0822],[90.8791,22.0573],[90.891,22.0498],[90.8953,22.0845],[90.8797,22.0822]]],[[[90.8914,22.0962],[90.8864,22.0933],[90.8954,22.0887],[90.8921,22.0937],[90.8914,22.0962]]],[[[90.8855,22.1173],[90.8842,22.1127],[90.8762,22.1006],[90.895,22.125],[90.8855,22.1173]]],[[[90.9001,22.121],[90.9045,22.0758],[90.9266,22.0923],[90.9891,22.1997],[90.9857,22.3462],[90.9001,22.121]]],[[[90.8959,22.2544],[90.8938,22.246],[90.8981,22.2074],[90.9104,22.2972],[90.8959,22.2544]]],[[[90.9305,22.2723],[90.9194,22.2352],[90.9214,22.2315],[90.9385,22.2874],[90.9305,22.2723]]],[[[90.8693,22.2918],[90.8714,22.2885],[90.8747,22.2917],[90.8698,22.293],[90.8693,22.2918]]],[[[91.0159,22.297],[90.9985,22.3175],[91.0081,22.2863],[91.0106,22.2835],[91.0159,22.297]]],[[[90.8791,22.3023],[90.876,22.3059],[90.8716,22.2976],[90.8767,22.2982],[90.8791,22.3023]]],[[[90.9669,22.3095],[90.9628,22.3162],[90.9647,22.3],[90.9659,22.3008],[90.9669,22.3095]]],[[[90.9334,22.3205],[90.9345,22.3164],[90.9261,22.2978],[90.9401,22.3081],[90.9334,22.3205]]],[[[91.0194,22.2928],[91.0137,22.2698],[91.0134,22.2681],[91.0153,22.2426],[91.0257,22.2634],[91.019,22.3323],[91.0077,22.3308],[91.0194,22.2928]]],[[[90.9185,22.3246],[90.9107,22.3038],[90.9173,22.2854],[90.9324,22.347],[90.9185,22.3246]]],[[[90.8791,22.3193],[90.8871,22.3158],[90.89,22.3272],[90.8834,22.3249],[90.8791,22.3193]]],[[[90.8584,22.3403],[90.8564,22.3447],[90.8572,22.3317],[90.8591,22.3338],[90.8584,22.3403]]],[[[90.8661,22.3438],[90.8929,22.3506],[90.8978,22.3564],[90.8858,22.3959],[90.8661,22.3438]]],[[[90.9902,22.391],[90.9723,22.4206],[90.9489,22.3915],[90.9711,22.3658],[90.9902,22.391]]],[[[90.9678,22.4276],[90.9739,22.4574],[90.9509,22.4645],[90.9365,22.442],[90.9678,22.4276]]],[[[90.9045,22.4674],[90.8921,22.4628],[90.893,22.4512],[90.902,22.453],[90.9045,22.4674]]],[[[90.905,22.5023],[90.8676,22.5302],[90.8652,22.4946],[90.905,22.4958],[90.905,22.5023]]],[[[90.9339,22.4937],[90.9818,22.5129],[90.8938,22.5602],[90.8543,22.5782],[90.9339,22.4937]]],[[[90.8417,22.5408],[90.8451,22.5287],[90.8524,22.5456],[90.8418,22.551],[90.8417,22.5408]]],[[[90.7457,22.6601],[90.7467,22.6633],[90.7424,22.6663],[90.7404,22.6649],[90.7457,22.6601]]],[[[90.6121,23.0168],[90.6172,23.0299],[90.6135,23.0359],[90.611,23.0265],[90.6121,23.0168]]],[[[90.5909,23.1015],[90.5903,23.1085],[90.5764,23.0963],[90.5787,23.0884],[90.5831,23.0909],[90.58,23.0866],[90.5839,23.0529],[90.6094,23.0334],[90.6186,23.0543],[90.6159,23.0925],[90.5983,23.1115],[90.5909,23.1015]]],[[[90.5737,23.0987],[90.5872,23.1088],[90.5856,23.1117],[90.5733,23.1112],[90.5737,23.0987]]],[[[90.6073,23.1919],[90.6097,23.1987],[90.6047,23.2018],[90.6027,23.1954],[90.6073,23.1919]]],[[[90.6276,23.2479],[90.6262,23.2479],[90.6263,23.2425],[90.6288,23.2449],[90.6276,23.2479]]],[[[90.6318,23.2586],[90.6371,23.2532],[90.632,23.2687],[90.6275,23.2701],[90.6318,23.2586]]],[[[90.6115,23.2814],[90.6187,23.2712],[90.618,23.2753],[90.616,23.2807],[90.6115,23.2814]]],[[[90.6092,23.2794],[90.59,23.2966],[90.6195,23.2654],[90.6141,23.2744],[90.6092,23.2794]]],[[[90.6244,23.2834],[90.6158,23.3003],[90.6115,23.3057],[90.6272,23.2626],[90.6244,23.2834]]],[[[90.5756,23.2916],[90.5836,23.2854],[90.5872,23.2891],[90.572,23.2974],[90.5756,23.2916]]],[[[90.5857,23.3018],[90.5943,23.2965],[90.5965,23.2968],[90.5926,23.3003],[90.5857,23.3018]]],[[[90.591,23.3091],[90.5965,23.3105],[90.591,23.3126],[90.5901,23.3111],[90.591,23.3091]]],[[[90.5994,23.3183],[90.5983,23.3167],[90.6022,23.3166],[90.6008,23.318],[90.5994,23.3183]]],[[[90.5698,23.3245],[90.5704,23.3248],[90.56972409638554,23.324521686746987],[90.5691,23.3247],[90.5687,23.3241],[90.5698,23.3245]]],[[[90.6222,23.3244],[90.628,23.3202],[90.624,23.3289],[90.6208,23.3313],[90.6222,23.3244]]],[[[90.635,23.3315],[90.625,23.3357],[90.6264,23.325],[90.6374,23.3184],[90.635,23.3315]]],[[[91.0827,22.0642],[91.0483,22.0532],[91.058,22.0303],[91.0773,22.0498],[91.0827,22.0642]]],[[[90.989,22.023],[91.0399,22.0542],[91.0434,22.0822],[91.0025,22.1004],[90.9731,22.0718],[90.989,22.023]]],[[[91.0167,22.1781],[91.0177,22.1836],[91.0175,22.1869],[91.0151,22.1756],[91.0167,22.1781]]],[[[91.0049,22.1096],[91.0591,22.0794],[91.1663,22.1763],[91.1847,22.3654],[91.07,22.407],[91.0685,22.2421],[91.0049,22.1096]]],[[[91.0341,22.337],[91.0536,22.3463],[91.0415,22.3738],[91.0246,22.3588],[91.0341,22.337]]],[[[91.0435,22.3785],[91.0497,22.3619],[91.0553,22.3596],[91.0519,22.3855],[91.0435,22.3785]]],[[[91.0186,22.3636],[91.0454,22.436],[91.0019,22.4634],[90.9871,22.4533],[91.0007,22.3874],[91.0186,22.3636]]],[[[90.7594,22.82],[90.7704,22.8093],[90.7738,22.8294],[90.7524,22.8325],[90.7594,22.82]]],[[[90.7475,22.8706],[90.7527,22.8747],[90.7401,22.8871],[90.7332,22.8693],[90.7381,22.8632],[90.7435,22.8675],[90.7503,22.8352],[90.768,22.8416],[90.7551,22.8724],[90.7475,22.8706]]],[[[90.7013,22.8676],[90.6992,22.8682],[90.6989,22.8665],[90.7004,22.8653],[90.7013,22.8676]]],[[[90.7252,22.8726],[90.7225,22.876],[90.7198,22.8777],[90.7218,22.8729],[90.7252,22.8726]]],[[[90.7238,22.9091],[90.7339,22.8949],[90.7341,22.8956],[90.7283,22.9046],[90.7238,22.9091]]],[[[90.7201,22.9158],[90.724,22.9106],[90.7251,22.9133],[90.7234,22.9195],[90.7201,22.9158]]],[[[90.6421,23.3025],[90.6433,23.3066],[90.6382,23.3146],[90.637,23.3125],[90.6421,23.3025]]],[[[92.3231,20.6356],[92.3152,20.6275],[92.3311,20.5907],[92.332,20.6011],[92.3266,20.6168],[92.3231,20.6356]]],[[[92.2638,20.9935],[92.2661,20.9816],[92.2667,20.9862],[92.2663,20.988],[92.2638,20.9935]]],[[[91.9717,21.5052],[91.9657,21.5041],[91.9657,21.5033],[91.9714,21.5022],[91.9717,21.5052]]],[[[91.8492,21.5269],[91.846,21.526],[91.8511,21.5235],[91.8509,21.5249],[91.8492,21.5269]]],[[[91.8411,21.5276],[91.8415,21.528],[91.8416,21.5393],[91.838,21.5349],[91.8411,21.5276]]],[[[91.8619,21.5897],[91.866,21.6225],[91.8466,21.6101],[91.8512,21.5826],[91.8619,21.5897]]],[[[92.0061,21.6166],[92.0004,21.6237],[92.0055,21.6013],[92.0084,21.6116],[92.0061,21.6166]]],[[[91.8818,21.6433],[91.8838,21.6437],[91.8853,21.6444],[91.8851,21.6462],[91.8818,21.6433]]],[[[91.8469,21.7421],[91.8952,21.864],[91.8738,21.9234],[91.8464,21.8994],[91.8297,21.7226],[91.8469,21.7421]]],[[[91.87022686868687,22.3331498989899],[91.8835,22.3578],[91.8733,22.3474],[91.8721,22.3436],[91.87022686868687,22.3331498989899]]],[[[91.8793,22.3674],[91.8799,22.3704],[91.8793,22.3704],[91.8785,22.3677],[91.8793,22.3674]]],[[[91.3934,22.4235],[91.3548,22.371],[91.4054,22.3825],[91.4037,22.4198],[91.3934,22.4235]]],[[[91.2525,22.4109],[91.2639,22.4146],[91.2595,22.4345],[91.2459,22.4276],[91.2525,22.4109]]],[[[91.278,22.4444],[91.2751,22.4486],[91.2704,22.445],[91.2764,22.4408],[91.278,22.4444]]],[[[91.5643,22.4724],[91.4601,22.6084],[91.4207,22.5973],[91.4205,22.5202],[91.4804,22.3998],[91.5684,22.4094],[91.5643,22.4724]]],[[[91.3434,22.5173],[91.3534,22.6001],[91.3248,22.6108],[91.2655,22.522],[91.291,22.4839],[91.3434,22.5173]]],[[[91.358,22.6024],[91.3525,22.6071],[91.3512,22.6101],[91.3493,22.6042],[91.358,22.6024]]],[[[91.3798,22.6271],[91.4053,22.6866],[91.3415,22.7316],[91.2865,22.705],[91.3224,22.6454],[91.3798,22.6271]]],[[[91.7846,23.2339],[91.7845,23.2344],[91.7841,23.2343],[91.7841,23.234],[91.7846,23.2339]]],[[[90.4525,23.0119],[90.4583,23.0106],[90.4596,23.013],[90.4577,23.0139],[90.4525,23.0119]]],[[[90.5173,23.3176],[90.5197,23.3176],[90.5209,23.3185],[90.5168,23.3181],[90.5173,23.3176]]],[[[90.5141,23.3179],[90.5139,23.3184],[90.5052,23.3214],[90.4996,23.3226],[90.5141,23.3179]]],[[[90.514,23.3226],[90.5167,23.3209],[90.5195,23.3214],[90.5228,23.3221],[90.514,23.3226]]],[[[90.5225,23.0721],[90.5282,23.0715],[90.5273,23.0716],[90.5225,23.0721]]],[[[90.5227,23.0855],[90.5194,23.0766],[90.5433,23.0884],[90.5538,23.1057],[90.5432,23.0947],[90.5227,23.0855]]],[[[89.2774,21.6677],[89.2777,21.6953],[89.2247,21.699],[89.2105,21.6534],[89.2774,21.6677]]],[[[89.346,21.6994],[89.3381,21.7182],[89.3341,21.7121],[89.333,21.6975],[89.346,21.6994]]],[[[89.2256,21.7049],[89.2784,21.7036],[89.2873,21.7398],[89.2227,21.7481],[89.2256,21.7049]]],[[[89.2756,21.7952],[89.2811,21.7947],[89.2658,21.8324],[89.2479,21.8248],[89.2396,21.8661],[89.2441,21.867],[89.2507,21.8596],[89.2584,21.8604],[89.2631,21.8356],[89.269,21.8832],[89.2294,21.8867],[89.285,21.9054],[89.2107,21.9351],[89.2191,21.9484],[89.236,21.9417],[89.2304,21.9502],[89.2612,21.9658],[89.2557,21.973],[89.263,21.9976],[89.2658,21.9776],[89.2646,21.9758],[89.2567,21.9733],[89.2625,21.9658],[89.2575,21.9606],[89.2454,21.9518],[89.232,21.9486],[89.2944,21.9104],[89.2939,21.8828],[89.2908,21.879],[89.2938,21.8774],[89.2932,21.8509],[89.2812,21.8357],[89.2975,21.8186],[89.3155,21.8421],[89.3244,21.8093],[89.3358,21.7896],[89.364,21.8836],[89.3403,21.8704],[89.3557,21.8834],[89.344,21.8794],[89.3598,21.9001],[89.3063,21.998],[89.29,21.9405],[89.3211,21.917],[89.3177,21.9127],[89.3195,21.9178],[89.2887,21.9395],[89.3056,22.0006],[89.2784,22.0857],[89.2255,22.096],[89.2536,22.0604],[89.2193,22.0082],[89.2508,21.981],[89.2308,21.9669],[89.2427,21.9856],[89.1992,22.0006],[89.1653,22.0213],[89.1609,22.0065],[89.1473,22.0422],[89.1735,22.0623],[89.1495,22.0767],[89.1169,21.951],[89.0844,21.9269],[89.1295,21.945],[89.1077,21.9228],[89.0958,21.9205],[89.0837,21.9243],[89.0798,21.9037],[89.1161,21.8171],[89.1268,21.8905],[89.1324,21.8495],[89.1185,21.8173],[89.0991,21.8137],[89.1495,21.795],[89.1792,21.8388],[89.1515,21.8598],[89.1497,21.866],[89.1545,21.8725],[89.1422,21.8751],[89.1454,21.8802],[89.1556,21.8734],[89.1518,21.8615],[89.159,21.8639],[89.1641,21.8623],[89.1823,21.8342],[89.2011,21.9127],[89.1394,21.9224],[89.1443,21.9411],[89.177,21.9263],[89.1692,21.955],[89.2107,21.9183],[89.1938,21.8295],[89.2377,21.8205],[89.2345,21.8192],[89.2484,21.8058],[89.2348,21.811],[89.1847,21.8174],[89.2186,21.7522],[89.2866,21.7548],[89.2818,21.7928],[89.2756,21.7952]]],[[[89.1309,21.7672],[89.0836,21.7966],[89.0836,21.857],[89.0367,21.9199],[89.0449,21.7867],[89.1146,21.7197],[89.1463,21.7349],[89.1309,21.7672]]],[[[89.5452,21.8811],[89.5694,21.9339],[89.5434,21.9606],[89.5475,21.923],[89.546,21.9035],[89.5452,21.8811]]],[[[89.517,22.0783],[89.4796,22.0516],[89.4786,22.0458],[89.4964,22.0305],[89.517,22.0783]]],[[[89.4721,22.0481],[89.5135,22.0797],[89.4506,22.0709],[89.4595,22.0499],[89.4721,22.0481]]],[[[89.4781,22.109],[89.5014,22.0908],[89.4961,22.13],[89.4736,22.1414],[89.4781,22.109]]],[[[89.5408,21.8501],[89.5381,21.762],[89.5933,21.7142],[89.6045,21.7988],[89.5637,21.8314],[89.5408,21.8501]]],[[[89.8404,21.8298],[89.8375,21.8269],[89.8432,21.8085],[89.8521,21.8194],[89.8404,21.8298]]],[[[89.853,21.8455],[89.8605,21.8348],[89.8633,21.8525],[89.8516,21.8513],[89.853,21.8455]]],[[[89.5914,21.8979],[89.5812,21.8918],[89.5931,21.8789],[89.5943,21.8719],[89.5871,21.8664],[89.5774,21.8623],[89.5552,21.8579],[89.5548,21.8548],[89.6148,21.8016],[89.6095,21.7647],[89.6672,21.7543],[89.6994,21.7822],[89.6257,21.8637],[89.6341,21.9244],[89.5872,21.9458],[89.5487,21.8757],[89.5751,21.8629],[89.5805,21.8927],[89.5922,21.8988],[89.6009,21.891],[89.5996,21.8896],[89.5972,21.8899],[89.5914,21.8979]]],[[[89.6412,21.8628],[89.6595,21.8635],[89.6459,21.8977],[89.6309,21.8799],[89.6412,21.8628]]],[[[89.5711,21.9353],[89.5699,21.9302],[89.5707,21.9295],[89.5729,21.9333],[89.5711,21.9353]]],[[[89.8877,22.1652],[89.8901,22.1544],[89.8906,22.1526],[89.8912,22.1501],[89.8877,22.1652]]],[[[89.1713,26.2637],[89.1439,26.2663],[89.1426,26.2418],[89.1707,26.2401],[89.1713,26.2637]]],[[[89.0132,26.2625],[89.0046,26.2656],[88.9986,26.2533],[89.0057,26.2499],[89.0132,26.2625]]],[[[89.0331,26.2696],[89.0223,26.2712],[89.0324,26.2562],[89.0368,26.2643],[89.0331,26.2696]]],[[[88.9957,26.2772],[88.9997,26.277],[89.003,26.2816],[88.9961,26.2825],[88.9957,26.2772]]],[[[89.1316,26.2927],[89.1292,26.2924],[89.1303,26.2911],[89.1317,26.2912],[89.1316,26.2927]]],[[[89.131,26.2969],[89.1318,26.2948],[89.1349,26.2958],[89.1345,26.298],[89.131,26.2969]]],[[[89.1462,26.3045],[89.1438,26.3027],[89.1466,26.3014],[89.1473,26.3032],[89.1462,26.3045]]],[[[88.9761,26.2781],[88.9836,26.2996],[88.94,26.3233],[88.9213,26.3355],[88.9236,26.2961],[88.9761,26.2781]]],[[[89.0723,26.4016],[89.0758,26.4007],[89.0753,26.4054],[89.0726,26.4036],[89.0723,26.4016]]],[[[89.0659,26.4022],[89.0665,26.4014],[89.0688,26.4021],[89.0673,26.4062],[89.0659,26.4022]]],[[[89.5202,26.0263],[89.5105,26.0242],[89.5141,26.0109],[89.5213,26.0224],[89.5202,26.0263]]],[[[89.5709,26.0623],[89.5534,26.0652],[89.552,26.0582],[89.5712,26.0522],[89.5709,26.0623]]],[[[89.5035,26.07],[89.5026,26.06],[89.5117,26.0577],[89.5144,26.0656],[89.5035,26.07]]],[[[89.6171,26.068],[89.6208,26.0688],[89.6176,26.08],[89.6115,26.0726],[89.6171,26.068]]],[[[89.4247,26.1055],[89.4155,26.1052],[89.4144,26.0994],[89.4269,26.0985],[89.4247,26.1055]]],[[[89.6041,26.1259],[89.6041,26.1253],[89.6042,26.1258],[89.6041,26.1259]]],[[[89.6048,26.1914],[89.5901,26.1895],[89.5872,26.1773],[89.6071,26.1755],[89.6048,26.1914]]],[[[89.5847,26.1876],[89.5831,26.1841],[89.5856,26.1836],[89.5877,26.1887],[89.5847,26.1876]]],[[[89.6229,26.1987],[89.6157,26.1896],[89.6091,26.191],[89.6189,26.1863],[89.6229,26.1987]]],[[[89.5969,26.1936],[89.5974,26.2003],[89.5928,26.2022],[89.5893,26.1968],[89.5969,26.1936]]],[[[89.6159,26.2047],[89.6098,26.2054],[89.6089,26.2045],[89.617,26.2023],[89.6159,26.2047]]],[[[89.1869,26.2438],[89.1779,26.2449],[89.1776,26.2415],[89.1804,26.2393],[89.1869,26.2438]]],[[[91.6576,24.1791],[91.6576,24.1794],[91.6575,24.1792],[91.6576,24.1791]]]]},"properties":{"iso3":"BGD"}},
{"type":"Feature","geometry":{"type":"MultiPolygon","coordinates":[[[[18.549288736726528,4.31070551247946],[18.6069,4.3581],[18.63401881303789,4.363141317808326],[18.637164879292605,4.363726163458241],[18.752265606407633,4.385123093498856],[18.76727320681132,4.397544580942883],[18.81646243507168,4.51502378973613],[18.8399,4.571],[18.901273425680127,4.640521277020419],[19.0139,4.7681],[19.0979,4.922],[19.09907916810294,4.922226545264734],[19.1018,4.9274],[19.1421,4.943],[19.2006,4.9423],[19.2289,4.9974],[19.239552749490834,5.004587915818059],[19.241,5.007],[19.403,5.121],[19.412666580402792,5.121396036069763],[19.69278647154702,5.132872439940472],[19.6959,5.133],[19.69623229152356,5.132896706278335],[19.697582322015332,5.132477045637095],[19.8249,5.0929],[19.852670173622354,5.0581333453429345],[19.8542,5.0574],[19.861853951846395,5.046635785035811],[19.915,4.9801],[20.009809508633676,4.967737327616178],[20.021600881972017,4.966199793168021],[20.0239,4.9659],[20.17481490676417,4.864154296160877],[20.339387881271715,4.753200424981439],[20.3428,4.7509],[20.40247781811234,4.6837421283912875],[20.4529,4.627],[20.453391603880203,4.620150687511773],[20.460472136167112,4.521500574750342],[20.460939573062042,4.514987970821011],[20.611763481790035,4.403894681132546],[20.8648,4.4461],[20.895749043275462,4.438130731836257],[21.07446566592677,4.392111839473402],[21.0749,4.392],[21.131915384615386,4.3479807692307695],[21.211106653224835,4.287148522922492],[21.282,4.3381],[21.283416595418785,4.337202872658915],[21.40489179771705,4.272882669521563],[21.521813460268547,4.251507594100814],[21.543663767881622,4.249368849601069],[21.6599,4.3091],[21.66012493585174,4.309021898841242],[21.8592,4.2399],[21.86213455319149,4.239828425531915],[21.9822,4.2369],[22.009282924787,4.2309215884113796],[22.02376948854649,4.227723756517663],[22.038706394294362,4.2244265140254464],[22.0372,4.2216],[22.219,4.1265],[22.250345193182017,4.1231665045997685],[22.311241402558586,4.116690320750158],[22.3403,4.1136],[22.410168295668075,4.122379583726305],[22.4453,4.1244],[22.44854180854033,4.127201562936087],[22.54851237113402,4.21359587628866],[22.5506,4.2154],[22.57045353061044,4.320739363869943],[22.5712,4.3247],[22.573248605205848,4.325794286010577],[22.5748,4.3286],[22.616632820280667,4.354843435943866],[22.5859,4.4014],[22.5993,4.4717],[22.647494454799627,4.468072460391426],[22.6923,4.4647],[22.69535130784255,4.47245708880827],[22.746253423975574,4.601861349455704],[22.786640413393272,4.704533868840062],[22.7906,4.7146],[22.8246,4.7349],[22.855082992670326,4.7073613873035125],[22.863418212978022,4.707705734193502],[22.8676896776985,4.713143012551333],[22.89945258182613,4.798438030708702],[22.898,4.8095],[22.904808276724985,4.812820030912705],[22.932893671794595,4.826515769730784],[22.9749,4.847],[23.10079273006705,4.720652783542817],[23.1716,4.7382],[23.17766228932168,4.731937488278704],[23.1883,4.7359],[23.3231,4.6222],[23.4129,4.5962],[23.42553070811866,4.617005188878602],[23.453002940997397,4.662257203935039],[23.4574,4.6695],[23.47829242291197,4.6761153713905435],[23.5821,4.733],[23.67762960999823,4.756603816680369],[23.7091,4.7824],[23.81000464398644,4.810818042592099],[23.859839630320238,4.8248532020085575],[23.9051,4.8376],[23.95023843866171,4.812979033457249],[23.959,4.8082],[23.969341018336586,4.865036724842436],[23.9723,4.8813],[24.02094013088063,4.877471185032721],[24.0902,4.9104],[24.0974308996325,4.908803433841827],[24.1055,4.9135],[24.165738768379676,4.8994379531227255],[24.2364,4.9595],[24.236461224697905,4.9594651251720805],[24.2365,4.9595],[24.277132199847056,4.940625087942901],[24.2983,5.0029],[24.298817070638503,5.0030299564748635],[24.2991,5.004],[24.41004842324234,5.031662743596616],[24.375093029490618,5.050657372654156],[24.3574,5.0599],[24.360865514348045,5.064622436650445],[24.39165871452522,5.106584155026594],[24.396,5.1125],[24.43450433689152,5.061512960375565],[24.4361,5.0594],[24.462896557737416,5.098096626508983],[24.4674,5.1046],[24.478212956631275,5.099101386743742],[24.60161463892289,5.0363490656874745],[24.61366183885756,5.030222814050621],[24.6141,5.03],[24.632968868767332,4.975090593534218],[24.6684,4.970251219512195],[24.674,4.9695],[24.662,4.9169],[24.788291827445157,4.907162773520034],[24.95275246119734,4.979281241685144],[24.9835,4.9931],[24.983847601724385,4.99291692975849],[25,5],[25.145699775080036,5.016591166586654],[25.1542,5.0283],[25.168072648734007,5.0191388168737685],[25.293701169713785,5.033444423855423],[25.319452548310423,5.040899268210365],[25.3552,5.1491],[25.354744249894942,5.149731460988934],[25.3208,5.1883],[25.323493540587634,5.1930306365352035],[25.322,5.1951],[25.381760702295132,5.302465451748259],[25.3677,5.3156],[25.39563219038727,5.327386821950333],[25.41185829560476,5.334233911652009],[25.4869,5.3659],[25.486980414169675,5.365885054603333],[25.5173,5.36025],[25.54759904697647,5.354618762650754],[25.547570060381418,5.355189436240806],[25.5408,5.3859],[25.546137267561676,5.383397544879508],[25.621262373806275,5.348174051841746],[25.6227,5.3475],[25.6019,5.3228],[25.6306,5.3036],[25.630727949995244,5.3037111622299085],[25.652267792082302,5.322424854823278],[25.6588,5.3281],[25.7089,5.2972],[25.749328381962865,5.236806984969055],[25.7924,5.2727],[25.79242967696104,5.272641261498778],[25.7925,5.2727],[25.835837074707566,5.186824690671638],[25.836178405582064,5.187052007057785],[25.862,5.2197],[25.8784123275193,5.215178564673604],[25.885909744061355,5.213113099920352],[25.963282881002087,5.191797559253346],[25.9639,5.1917],[25.9852,5.2397],[26.06795569514238,5.194124399776661],[26.074539013452913,5.197008520179372],[26.09935673228884,5.2080473162546586],[26.091,5.2365],[26.093050396639384,5.237145332275628],[26.1609,5.2585],[26.1602,5.232],[26.2081,5.2371],[26.2213,5.1941],[26.2375,5.2086],[26.3034,5.1408],[26.406854686966614,5.13351708882365],[26.4142,5.133],[26.434167368897036,5.109601161752594],[26.502707773039063,5.049584818024171],[26.524644343797647,5.054367476253707],[26.62405670940948,5.076041573529139],[26.636224836046903,5.0786944946096915],[26.749927653797453,5.103484226925676],[26.75,5.1035],[26.872126357174498,5.033842004132058],[26.8722,5.0338],[26.969739705728315,5.151743419681692],[26.9702,5.1523],[26.97177381086767,5.152773600492587],[27.14261182963068,5.204183189472195],[27.143,5.2043],[27.153060203374164,5.199886896232956],[27.41702898244917,5.084091860089864],[27.4316,5.0777],[27.441460101921777,5.048269543807945],[27.44664818456454,5.040662477847082],[27.452825169591147,5.074219715651186],[27.3161,5.2079],[27.2489,5.3268],[27.2332,5.4268],[27.2834,5.587],[27.2379,5.5888],[27.23201582708203,5.617496212752656],[27.209859776036797,5.694355168984009],[27.1965,5.7407],[27.1034,5.8102],[27.0502,5.8068],[27.02249143041931,5.8375427724479945],[27.01282090603345,5.848272259214951],[27.0018,5.8605],[26.93940791515301,5.868444333784865],[26.9374,5.8687],[26.935494817721594,5.872631713746519],[26.9159,5.8936],[26.8421,5.8929],[26.84079890197269,5.896782772031025],[26.8355,5.8965],[26.832058447654035,5.922866272931496],[26.8104,5.9875],[26.5602,6.0332],[26.53588651787239,6.08188612114604],[26.5162,6.114],[26.4474,6.0729],[26.46185058236359,6.090495474944097],[26.52,6.1613],[26.527852579807824,6.203523707819118],[26.529992567240363,6.215030525489169],[26.4887,6.2145],[26.48657313447826,6.224634836463459],[26.4758,6.2241],[26.477287744991525,6.268881124244933],[26.4755,6.2774],[26.376344747100912,6.338981218439017],[26.311,6.3742],[26.309742681800184,6.380345001111708],[26.30487919367902,6.40411475161379],[26.294813246878117,6.453310933050629],[26.291546126220982,6.469278617343396],[26.2888,6.4827],[26.41182301365877,6.644950557082717],[26.267113383126592,6.707146126698392],[26.2566,6.7086],[26.258251917678333,6.713973270689971],[26.231216617234992,6.7435360309436705],[26.2056,6.7475],[26.175575957940243,6.804378390529628],[26.168279397613738,6.812357087273214],[26.1026,6.8176],[26.0902,6.8961],[26.0381,6.9267],[26.039891244181657,7.001460875581834],[26.04,7.006],[25.92492294060175,7.063396739335155],[25.838106284646916,7.106698097554126],[25.8371,7.1072],[25.8205,7.1572],[25.72155612592855,7.184597658100128],[25.6114,7.2151],[25.59232547465742,7.231979871148334],[25.48417642390203,7.2716325488486255],[25.4809,7.2713],[25.478753754392407,7.273620762012204],[25.4529,7.2831],[25.3611,7.3445],[25.3584350844725,7.352908080419423],[25.354,7.3534],[25.343250111651646,7.400818219156233],[25.3366,7.4218],[25.27686640702924,7.474275323874151],[25.26285154347938,7.477637634187683],[25.19932636201155,7.492877980414269],[25.1959,7.4937],[25.1667,7.5864],[25.26733915512957,7.6403561184644255],[25.285689359841925,7.652542354798499],[25.285514713750384,7.690989444379573],[25.2853057360832,7.73699438511259],[25.28501290334923,7.801459419833926],[25.273363423441012,7.815746159851658],[25.195792231774877,7.8920480047450745],[25.175,7.9125],[25.082,7.8984],[25.032936595679484,7.933299509728819],[24.9618,7.9839],[24.9555090246091,8.000382355524158],[24.914740223279477,8.042388449762118],[24.9018,8.0453],[24.8587,8.1784],[24.639537786726727,8.224421133504999],[24.6344,8.2255],[24.548801475164726,8.209001216974755],[24.5379,8.2069],[24.46615197147803,8.273039931999781],[24.3715,8.2514],[24.370869132856008,8.251542349509414],[24.3553,8.2462],[24.316796716258892,8.263743305049276],[24.274,8.2734],[24.2037,8.304],[24.193966744787964,8.319708496828692],[24.1795,8.3263],[24.1590685950143,8.376030607274219],[24.152705441123913,8.391518700597695],[24.1507,8.3964],[24.165,8.4829],[24.2583,8.5766],[24.2232,8.6408],[24.254294406094637,8.686233277298898],[24.2618,8.6972],[24.262679231912696,8.69747913161838],[24.260266186430087,8.700945760339874],[24.2611,8.703],[24.2589594791704,8.702823001755203],[24.141081528666767,8.693075752370435],[24.1317,8.6923],[24.04492693319392,8.704609217318682],[24.006055981441396,8.710123266897858],[23.818,8.7368],[23.739,8.7161],[23.668019522009956,8.734543234903178],[23.6297,8.7445],[23.627828448870165,8.74420089365505],[23.609043901483215,8.741198797040697],[23.5202,8.727],[23.5085,8.8148],[23.522270161232015,8.831472137359423],[23.5811,8.9027],[23.584349031436787,8.937692946690788],[23.5885,8.9824],[23.5696,9.0083],[23.5312,8.9635],[23.4636,8.984],[23.465370821039528,9.006030686948456],[23.4763,9.142],[23.470735292560015,9.149717477471512],[23.4712,9.1519],[23.513441588976942,9.171817018636796],[23.613820387368165,9.252400445054777],[23.6036,9.3374],[23.640629498898175,9.337771223046598],[23.6391,9.3432],[23.675854059666342,9.434845240160202],[23.664040063860668,9.441491628447025],[23.64476250617608,9.452336911931202],[23.6107,9.4715],[23.5983,9.5224],[23.697154103498328,9.673339582333602],[23.6683,9.8915],[23.442239466158245,10.26579694947569],[23.3186,10.4663],[23.0044,10.7161],[22.99924345817911,10.724257577707416],[22.99494074525355,10.73106440993376],[22.8745,10.9216],[22.877800517625516,10.931665613694184],[22.875807228590585,10.93208958837244],[22.85257881040892,10.937030297397769],[22.567846089068397,10.99759324727802],[22.5208,11.0076],[22.49500768615923,10.998401440375487],[22.4681,10.9987],[22.1518,10.876],[22.074147766097887,10.895787827944167],[22.02845901309164,10.88514098690836],[21.8326,10.8394],[21.788500079743805,10.794600081009582],[21.7886,10.6694],[21.7336,10.654],[21.7175,10.5078],[21.771,10.4117],[21.770968242490486,10.411657104157294],[21.74705,10.37935],[21.72310977222542,10.347013199644778],[21.7282,10.3018],[21.6765,10.2781],[21.6689,10.232],[21.668431827085787,10.231981925194075],[21.5368,10.2269],[21.3851,9.9917],[21.3407,9.9637],[21.34056556359362,9.96374140083103],[21.254,9.9904],[21.1153,9.7919],[21.0305,9.774],[21.0305,9.7285],[20.99502575243093,9.746986579719092],[21.0044,9.7057],[20.9678,9.7023],[20.9986,9.6849],[20.9672,9.6425],[20.988,9.6207],[20.9515,9.6164],[20.9516,9.5679],[20.8745,9.5231],[20.8274,9.4305],[20.82065582083346,9.429147804675202],[20.8204,9.4287],[20.692657187663357,9.403484317825406],[20.66686911246918,9.39831385692097],[20.6668,9.3983],[20.6379,9.3179],[20.5479,9.333709698078682],[20.528692557827195,9.337083740985525],[20.5286,9.3371],[20.43775978948195,9.160808405011586],[20.4342,9.1539],[20.39414096799367,9.144007746683453],[20.33733176148178,9.129979173515762],[20.3034,9.1216],[20.10168643750366,9.156567680472373],[20.101482027964536,9.15659074456022],[19.9881,9.0982],[19.985239216926203,9.10613230434689],[19.879328783173655,9.060118017978686],[19.827208722495637,9.05937395185072],[19.8225,9.0643],[19.804339532731333,9.059047471235457],[19.6721,9.0208],[19.672036692052888,9.020812876192633],[19.5777,9.04],[19.307639380383602,9.008181661355112],[19.2184,9.0315],[19.0233,8.9951],[18.8625,8.8526],[19.11421082346483,8.68112078293004],[19.11767343298038,8.674439722262216],[19.07651504613201,8.643702129169624],[19.06968775735111,8.638603425344181],[19.0658,8.6357],[19.05085466237942,8.589491456132292],[19.0462,8.5751],[19.044585563674673,8.573143225369543],[18.9217,8.4242],[18.92357906820001,8.395330679472599],[18.916409067332697,8.386001373324786],[18.8505,8.3473],[18.84385,8.3181],[18.8372,8.2889],[18.658826922265405,8.195490143136201],[18.6577,8.1949],[18.613970367108546,8.052161740042793],[18.45406158864676,8.039063545123009],[18.2133697336683,8.022090091297558],[18.032368399457955,8.00932597932194],[18.032,8.0093],[17.9216,7.9586],[17.67160114339328,7.982699889776889],[17.6716,7.9827],[17.6165,7.9269],[17.5471,7.9213],[17.515024800914972,7.868740639505527],[17.515,7.8687],[17.46779575943459,7.893948779837312],[17.4677,7.894],[17.46735886085941,7.893731623149055],[17.347316075344388,7.834065386561709],[17.3087,7.8278],[17.298403981477698,7.809754049965247],[17.2822,7.8017],[17.2626,7.747],[17.2325,7.7635],[17.1604,7.6668],[17.0913,7.6921],[17.0906,7.6604],[17.0403,7.635],[16.901,7.6165],[16.908,7.5582],[16.836949567222728,7.537034275282473],[16.8224,7.5327],[16.72730656647521,7.649577389530991],[16.7268,7.6502],[16.697,7.65945],[16.6673,7.6687],[16.668,7.7382],[16.66799885606674,7.738200477806139],[16.668,7.7383],[16.61608445297505,7.759884452975048],[16.5944,7.7689],[16.59579943395762,7.880154999630842],[16.5958,7.8802],[16.5188,7.8457],[16.489013767635115,7.790325594865275],[16.4389,7.8052],[16.4125,7.7679],[16.430475009298778,7.718668446753897],[16.413793552168816,7.697606447831184],[16.3927,7.6711],[16.2355,7.6067],[16.0662,7.5819],[15.9748,7.4833],[15.80957890147199,7.4411201430255165],[15.76875,7.4801],[15.727904415380873,7.519095784581295],[15.7279,7.5191],[15.507652776358993,7.527394246625319],[15.5075,7.5274],[15.4278,7.4149],[15.235971350019817,7.249341480411192],[15.224809137769642,7.237832239885128],[15.224902328919384,7.218783968877725],[15.2336,7.2156],[15.224977210822079,7.20347810796727],[15.2253,7.1375],[15.216908622446574,7.125504492922975],[15.2191,7.1152],[15.192238076147145,7.090237850367001],[15.1583,7.0587],[15.056384985901255,6.773199703721441],[15.0551,6.7696],[14.964021937736398,6.735867384346815],[14.9462,6.7016],[14.802288520780337,6.361375881276427],[14.805,6.3467],[14.785158506216565,6.320878457858343],[14.765073712750032,6.29474028769015],[14.7403,6.2625],[14.672551984886082,6.237532598163352],[14.488433468188767,6.12368912395972],[14.423438431686831,6.053297558571245],[14.4155,6.0447],[14.42198985546225,6.033055611854063],[14.43080267200564,6.017243263322253],[14.490186249893672,5.920145323990015],[14.5992,5.9232],[14.604015489895113,5.915807572269123],[14.6177,5.8948],[14.6265,5.7109],[14.5965,5.6174],[14.600369334875007,5.605177999122361],[14.6299,5.5119],[14.629263024948393,5.510509403458768],[14.631,5.5066],[14.529498131395915,5.281761558499093],[14.6642,5.1975],[14.664284053561357,5.1967594919277635],[14.681200214308225,5.047728881184998],[14.68526345911101,5.011931878329698],[14.713003311815886,4.767545031196701],[14.731541746812127,4.612300091145012],[14.748262568542849,4.5946457247767185],[14.838524467285035,4.513807395337176],[15.0079,4.4243],[15.011690321343337,4.418410349851796],[15.0868,4.3017],[15.0993,4.1401],[15.17757576446204,4.058603412311967],[15.1795,4.0566],[15.161826264560181,4.050529382974525],[15.083145230921943,4.010193310219575],[15.33741180213813,3.710527504427923],[15.7336,3.2436],[15.7754,3.2702],[16.0561,3.0204],[16.069037360282834,2.88934248678563],[16.07601022408681,2.8187062696475746],[16.0876,2.7013],[16.087589790359583,2.701128736876964],[16.0897,2.7003],[16.0756,2.4652],[16.1909,2.2234],[16.5201,2.8423],[16.4933,3.0044],[16.5443,3.0702],[16.5057,3.1598],[16.5583,3.2534],[16.5965,3.4773],[16.6627,3.5377],[16.745,3.5562],[16.8518,3.5106],[16.8737,3.5575],[16.9573,3.5599],[17.0353,3.5134],[17.058,3.5481],[17.2393,3.5792],[17.2988,3.6301],[17.367,3.6128],[17.3962,3.6639],[17.4917,3.7021],[17.6063,3.6412],[17.829,3.6267],[17.8592,3.533],[17.9377,3.6025],[17.9957,3.5512],[18,3.5788],[18.1235,3.566],[18.189,3.4812],[18.2416,3.5004],[18.2676,3.5916],[18.3459,3.6076],[18.4104,3.5779],[18.4867,3.6533],[18.6037,3.4727],[18.6352,3.4711],[18.5874,3.7437],[18.587727129861992,3.7472420267816022],[18.587,3.7514],[18.597778789135393,3.8560772340866682],[18.599,3.8693],[18.599177538452473,3.869661061347163],[18.6019,3.8961],[18.652,3.978],[18.649449441517387,4.058630558482613],[18.64880695192168,4.076209787698444],[18.546,4.308],[18.549288736726528,4.31070551247946]]],[[[23.62171076021266,9.258734783477983],[23.6229,9.267],[23.6221,9.276],[23.620803146468372,9.25800615724863],[23.62171076021266,9.258734783477983]]]]},"properties":{"iso3":"CAF"}},
{"type":"Feature","geometry":{"type":"Polygon","coordinates":[[[-3.8514,5.2215],[-3.2219,5.1071],[-3.1135,5.0851],[-3.1108,5.1156],[-3.1075341197098942,5.115453598469753],[-3.0628,5.1219],[-3.0331406282183315,5.112118717816684],[-3.0075887587822017,5.103692037470726],[-2.95,5.0847],[-2.9403,5.1243],[-2.879,5.1276],[-2.7583,5.1007],[-2.728170328578746,5.137463727514008],[-2.7256,5.1406],[-2.7848,5.2851],[-2.7811944361806504,5.3114549545842955],[-2.7764,5.3465],[-2.765453414264037,5.3465],[-2.759059541984733,5.3465],[-2.728072671285604,5.3465],[-2.7652,5.5951],[-2.8620811453732293,5.654676336522618],[-2.9345,5.6199],[-2.9370630669231836,5.621555645714355],[-2.9547381430965878,5.632973086223883],[-2.9667,5.6407],[-2.955503297202749,5.701002242208052],[-2.9556,5.7096],[-2.9985124950591735,5.712105450022088],[-3.0261,5.7097],[-3.0259477567309845,5.713707260330877],[-3.0361,5.7143],[-3.0232,5.8482],[-3.111,6.1562],[-3.1761,6.2468],[-3.2607,6.6119],[-3.259112479751774,6.615446070133011],[-3.2621,6.6177],[-3.209253455461415,6.731155858331426],[-3.209,6.7317],[-3.2312,6.8213],[-3.1789200510375393,6.905513600161171],[-3.1166,7.0059],[-3.109603177008561,7.011348413643037],[-3.0799,7.0567],[-3.0734,7.06],[-3.0351,7.0771],[-3.0257,7.1408],[-2.990663450873705,7.187415151198075],[-2.9558,7.2338],[-2.956123393024951,7.235379288267479],[-2.9582656801110834,7.245841136853154],[-2.97175894676918,7.311735439076674],[-2.9235,7.6087],[-2.8499628329713045,7.757435337830113],[-2.7917,7.8652],[-2.7827,7.952],[-2.7448,7.9197],[-2.6842,8.0151],[-2.6014,8.0309],[-2.617674518518176,8.114071785592888],[-2.6118380539395343,8.137762413966952],[-2.5908841527766158,8.149194809727224],[-2.5030559623536677,8.197113649470563],[-2.4941,8.202],[-2.582651422234544,8.780469627945662],[-2.5868780476099054,8.78360940679593],[-2.5900861050112285,8.783787220601084],[-2.5905,8.7863],[-2.6203855342668474,8.793692737423905],[-2.6285,8.7957],[-2.5972142732863355,8.827957333133345],[-2.659298014757612,9.008403580135436],[-2.7611,9.0261],[-2.780458992309595,9.05593771291754],[-2.781780073829116,9.057973875259554],[-2.7829,9.0597],[-2.7778505511811025,9.106267139107612],[-2.773942694338923,9.142306263318817],[-2.7739,9.1427],[-2.6598407594182234,9.252578040799154],[-2.694714433436273,9.288998100973966],[-2.7207,9.3117],[-2.7190424865188154,9.314404920936317],[-2.691692015030531,9.359038562705496],[-2.6753175954843997,9.385760221837161],[-2.680279979183249,9.448655550113267],[-2.684472816211677,9.487051066975447],[-2.6845,9.4873],[-2.6897324090952153,9.492689502208927],[-2.7688,9.4153],[-2.9324604833647205,9.57620988700565],[-2.9355,9.5798],[-3.0007,9.7394],[-3.004712121137116,9.738380820748711],[-3.0062,9.7418],[-3.058889497976416,9.730946705522463],[-3.0915,9.8128],[-3.1451,9.8504],[-3.1454284219467463,9.850262044981719],[-3.149,9.8529],[-3.182226698223697,9.838984545188367],[-3.1877,9.9376],[-3.1902983578980524,9.934674441477748],[-3.1903,9.9347],[-3.2703849264159364,9.847343558792923],[-3.3112,9.8702],[-3.3098,9.9097],[-3.31076496515424,9.909847100199892],[-3.3107,9.9105],[-3.6218,9.9598],[-3.8513596777604246,9.90159709817985],[-3.892,9.9057],[-3.928951707747233,9.8819242995969],[-3.9677,9.8721],[-3.970264959076458,9.855342267367138],[-4.003469104820043,9.833977846898657],[-4.0426,9.8088],[-4.046251097027227,9.81033971977491],[-4.119689206552159,9.841309619677425],[-4.1301,9.8457],[-4.1911,9.7739],[-4.2646,9.7554],[-4.3071,9.5949],[-4.312214397092278,9.598660968854118],[-4.3128,9.5966],[-4.322731242158094,9.606394730238394],[-4.345512527685602,9.623147380410021],[-4.355188279219591,9.617381829495955],[-4.390156670824524,9.596544994086004],[-4.3904,9.5964],[-4.427376054553015,9.660096663950103],[-4.5000575197889185,9.647683245382586],[-4.5047,9.6466],[-4.50472943127962,9.646885319905213],[-4.514967856563362,9.746141165017038],[-4.515364692935868,9.749988273183831],[-4.537696562170706,9.745940200210748],[-4.548544100713549,9.743320847071795],[-4.5536,9.7421],[-4.5623,9.6929],[-4.6123,9.725],[-4.687732228741043,9.678738828467406],[-4.6891,9.6779],[-4.733470838980037,9.747354353808841],[-4.7335,9.7474],[-4.772256296163811,9.737687578792684],[-4.775,9.737],[-4.808896416840848,9.774980322484323],[-4.80972485590778,9.775908573487031],[-4.8165,9.7835],[-4.7836,9.7819],[-4.785790699601593,9.833143321115537],[-4.790320762232466,9.837085757697594],[-4.942165298336637,9.884683824202654],[-4.954247073931622,9.888471047457594],[-4.9671,9.8925],[-4.9403,9.9534],[-4.987,9.9882],[-4.962862314214741,10.024309977934749],[-4.96389814533031,10.027284068789298],[-4.996099693955619,10.055853863810249],[-5.01458763066202,10.072256694873072],[-5.0152,10.0728],[-5.013132960893853,10.077244134078217],[-5.0053,10.1041],[-5.03659344,10.09071472],[-5.055,10.0826],[-5.054793472329681,10.082929940546485],[-5.048514634146342,10.092960767400356],[-5.041347291179436,10.104411034823096],[-5.0386,10.1088],[-5.066967010309278,10.110696631503236],[-5.073,10.1111],[-5.056538360756808,10.11588064043775],[-5.040579699844747,10.12381357943764],[-5.050848062015504,10.129133333333334],[-5.0706,10.1373],[-5.0644,10.1773],[-5.104,10.1738],[-5.103343146420625,10.17531206393272],[-5.1043,10.1752],[-5.091815192894074,10.201849184674533],[-5.0838,10.2203],[-5.1229,10.2037],[-5.1123,10.3047],[-5.1661,10.2822],[-5.173993490950863,10.291542787650037],[-5.1887,10.2878],[-5.1973857994160815,10.318290775033537],[-5.2903,10.3172],[-5.3672,10.2802],[-5.377840611742201,10.29019219946416],[-5.4374,10.3217],[-5.483203283356003,10.389134333276496],[-5.508909498127951,10.426980560166726],[-5.5106,10.423],[-5.523097913182578,10.426597884098015],[-5.6441184538189955,10.461437130644862],[-5.651169209486691,10.461514940342383],[-5.7028,10.4252],[-5.772337950968844,10.427105149341612],[-5.79272083097587,10.419687526342114],[-5.802264100555703,10.41203722924936],[-5.8683,10.3591],[-5.8792,10.2704],[-5.885011757213587,10.270644705566887],[-5.9552,10.2736],[-5.959198785723578,10.262975775185394],[-5.9858,10.1923],[-6.1986,10.2358],[-6.199535762634551,10.237640981088152],[-6.217690234409952,10.273357345441536],[-6.24,10.3069],[-6.1893,10.3285],[-6.1914,10.4152],[-6.1674,10.4281],[-6.1717708429021005,10.435063204899208],[-6.1876,10.4561],[-6.186053234589414,10.457816532345893],[-6.1964,10.4743],[-6.178486224167227,10.490918804085826],[-6.2493,10.5253],[-6.248218394167585,10.526657014724927],[-6.2541,10.5289],[-6.2139,10.5865],[-6.233,10.6209],[-6.198554888670715,10.638851552729811],[-6.2331,10.6563],[-6.231617842547614,10.66090101010101],[-6.212,10.7218],[-6.221169314687026,10.724938161176308],[-6.2494,10.7346],[-6.3203,10.68],[-6.4141,10.6963],[-6.3983,10.5972],[-6.4281,10.5576],[-6.5343,10.5873],[-6.544512567463375,10.595155821125674],[-6.59139014084507,10.631215492957747],[-6.6409,10.6693],[-6.679113114075691,10.497013979570724],[-6.630407783770971,10.43719215221386],[-6.6274,10.4344],[-6.6452,10.3603],[-6.6628846694176955,10.352573060345833],[-6.6999,10.3364],[-6.8034,10.3821],[-6.8526,10.3425],[-6.9399,10.3508],[-7.013258507389621,10.256853137675417],[-7.011333440139819,10.254115758811535],[-6.9785,10.2093],[-7.0235,10.1463],[-7.0801,10.157],[-7.0798429358672905,10.162938181465591],[-7.0781,10.2032],[-7.080093901017792,10.204492343252273],[-7.1429,10.2452],[-7.3768,10.2431],[-7.3741728727609805,10.254949726546526],[-7.372704926755147,10.261570935635994],[-7.358049653941985,10.327673929324835],[-7.426468307828787,10.335459835883787],[-7.4341,10.3362],[-7.441186562264925,10.389995801135198],[-7.45398190076679,10.441603666426053],[-7.5121,10.4548],[-7.522593016307731,10.444433710942363],[-7.5527235516166416,10.414667070987424],[-7.5535,10.4139],[-7.6258,10.4578],[-7.667934097508788,10.426226929543024],[-7.7275,10.3796],[-7.7122,10.3451],[-7.7476,10.34],[-7.7465,10.2993],[-7.8641,10.171],[-7.931345816848142,10.167457639147594],[-7.9583,10.1527],[-7.977429697906471,10.165030042252512],[-7.977772391015548,10.16525092501476],[-7.977912358745503,10.165004616747382],[-7.978246466005492,10.16441667136631],[-8.0165,10.0971],[-8.066435980937252,10.069308578236695],[-8.1067,10.0469],[-8.12188776832726,10.024303564196027],[-8.1438,9.977],[-8.1103,9.957],[-8.155677034727224,9.927551230523964],[-8.151292564322832,9.919875055274684],[-8.128897448778828,9.880666481424706],[-8.120741790564697,9.866387844337275],[-8.1015,9.8327],[-8.139817265935092,9.624632226243289],[-8.14088957472646,9.618809449029028],[-8.1473,9.584],[-8.1492,9.532],[-8.0603,9.4018],[-8.03600497894758,9.400271679803645],[-7.989226038710277,9.397328969897176],[-7.947040037839013,9.403436074700366],[-7.85,9.4377],[-7.855871199742379,9.416634236117472],[-7.8492,9.4176],[-7.9103,9.1978],[-7.873309712129629,9.160716302311773],[-7.854174880509824,9.167435103558152],[-7.8291,9.1816],[-7.7192,9.0701],[-7.831636595350192,9.069524386030631],[-7.865817449703008,9.046150982946925],[-7.8873,9.0291],[-7.910147165506425,9.004203088791686],[-7.936113817946105,8.905823057690528],[-7.9613,8.8104],[-7.9159,8.7655],[-7.771134406326021,8.762078800959765],[-7.7678,8.762],[-7.7535123788986615,8.727693640804471],[-7.735784044445022,8.685125699970145],[-7.735220870656287,8.683773449504598],[-7.6598,8.6152],[-7.684859155732911,8.562848694458967],[-7.6611,8.5058],[-7.667807822895064,8.48686609596615],[-7.6814,8.4485],[-7.6411,8.3774],[-7.726576639952508,8.374030247848026],[-7.7451,8.3733],[-7.817040019128625,8.475608859320392],[-7.8263,8.4242],[-7.8641,8.417],[-7.868022549056675,8.422500586033498],[-7.8866,8.417],[-7.937771216825898,8.50056309388462],[-8.1009,8.4771],[-8.11811203093774,8.48224330675466],[-8.1196,8.4807],[-8.180089075630251,8.497893277310926],[-8.22753836032992,8.46493548444798],[-8.23385275033939,8.457126948654375],[-8.2104,8.3494],[-8.239141569374532,8.232275652446443],[-8.0689,8.1615],[-8.0396,8.2055],[-7.9984,8.1985],[-7.9987665408369875,8.196296173217611],[-8.0144,8.1023],[-7.952509678407075,8.02196852153709],[-7.9456,8.013],[-7.973927965078481,8.026568422030278],[-8.014160082477108,8.035208876773607],[-8.056014972103352,8.023156421645632],[-8.058142300884956,8.02120867256637],[-8.1172,7.8588],[-8.0713,7.7902],[-8.161756274237234,7.608843675854704],[-8.192084593633503,7.5480382472695435],[-8.1936,7.545],[-8.194984315498619,7.545714976136649],[-8.3028,7.6014],[-8.303637396525062,7.601038597289183],[-8.3693,7.5727],[-8.376840093457945,7.585266822429906],[-8.387976923076922,7.603828205128202],[-8.393,7.6122],[-8.444208298755184,7.574957600905321],[-8.4698,7.5481],[-8.427,7.5266],[-8.415417800947866,7.470668867825171],[-8.3685,7.2441],[-8.284622209638929,7.164737966966501],[-8.300965452212957,7.104874650416934],[-8.3071,7.0873],[-8.277239915743364,7.0047740713425],[-8.2762,7.0019],[-8.323222621564481,6.963391762587112],[-8.3248,6.9621],[-8.322966280077612,6.896828302762586],[-8.322308990006734,6.873431906192089],[-8.320994270803382,6.826634163120363],[-8.32997492375149,6.8004231876555385],[-8.4357,6.6631],[-8.43384905749825,6.661785069718792],[-8.4515,6.6422],[-8.47254807304385,6.627227317124959],[-8.51114487572687,6.599771231935619],[-8.5149,6.5971],[-8.52290069581777,6.604305046509925],[-8.533,6.6082],[-8.53382169704369,6.606210150867708],[-8.539,6.5609],[-8.550677580781798,6.565391377223769],[-8.5611,6.5694],[-8.6089,6.5005],[-8.556318245304343,6.484036578655616],[-8.4786,6.4329],[-8.450132264251836,6.479169459685669],[-8.4431,6.4854],[-8.3991,6.4453],[-8.39714890230516,6.397754829857299],[-8.3974,6.3509],[-8.342954866709508,6.375673975994615],[-8.265623200754348,6.331084280244936],[-8.172,6.2742],[-8.003679804055759,6.319852883333933],[-8.002036836403033,6.319273932827735],[-7.9924,6.2947],[-7.9092356991075246,6.286572579685508],[-7.902723012969736,6.284277633141716],[-7.822715210065154,6.197333866859569],[-7.822784184888784,6.197033965337046],[-7.8466,6.1915],[-7.8559,6.0976],[-7.8495,6.0758],[-7.8186884400530685,6.081173444591858],[-7.794519967363015,6.083082623763065],[-7.791263694267516,6.07669878401853],[-7.7712,6.0344],[-7.779107994923858,6.016664593908629],[-7.795,5.9825],[-7.764894546808288,5.957858024749534],[-7.746839087847571,5.94307923467411],[-7.6881,5.895],[-7.685728052821147,5.900690545922361],[-7.6843,5.8997],[-7.665643757921419,5.940375411913815],[-7.6651,5.9121],[-7.5828,5.8922],[-7.5485,5.8294],[-7.5227,5.8542],[-7.502938060755277,5.834350229914189],[-7.487818277922476,5.819163248046576],[-7.4777,5.809],[-7.472652957426217,5.829808708316499],[-7.4654,5.8349],[-7.439479101795665,5.75623905643932],[-7.4357,5.7008],[-7.407439508801232,5.659009994530474],[-7.3846,5.5897],[-7.4007,5.514],[-7.41462522540573,5.456001436185135],[-7.424706326893233,5.430785240997729],[-7.4255,5.4288],[-7.447945455575886,5.430001094612756],[-7.4554,5.4304],[-7.4048,5.3601],[-7.3888573404834075,5.377629369705447],[-7.383443260316041,5.382266928414547],[-7.3711,5.3326],[-7.420988284264626,5.265241473867425],[-7.417644731837201,5.292186572841384],[-7.4155,5.3021],[-7.479,5.281],[-7.4909,5.129],[-7.569,5.0848],[-7.5653,4.9737],[-7.533,4.9191],[-7.553135288961523,4.911159704352993],[-7.597598259782826,4.893625854486719],[-7.6073,4.8898],[-7.602039510312953,4.826814403480424],[-7.5998,4.8],[-7.5662,4.7771],[-7.5823,4.6525],[-7.5543,4.6094],[-7.5807,4.5808],[-7.5731,4.4571],[-7.546,4.4366],[-7.5774,4.4011],[-7.5563,4.3696],[-7.53619952585155,4.371139549558972],[-7.4166,4.3803],[-7.1912,4.5189],[-7.0353,4.5443],[-6.9165,4.6634],[-6.713,4.6942],[-6.5836,4.7646],[-6.3013,4.8486],[-5.8635,5.0312],[-5.4859,5.0901],[-4.2141,5.2189],[-4.0035,5.2497],[-3.8514,5.2215]]]},"properties":{"iso3":"CIV"}},
{"type":"Feature","geometry":{"type":"MultiPolygon","coordinates":[[[[14.9462,6.7016],[14.964021937736398,6.735867384346815],[15.0551,6.7696],[15.056384985901255,6.773199703721441],[15.1583,7.0587],[15.192238076147145,7.090237850367001],[15.2191,7.1152],[15.216908622446574,7.125504492922975],[15.2253,7.1375],[15.224977210822079,7.20347810796727],[15.2336,7.2156],[15.224902328919384,7.218783968877725],[15.224809137769642,7.237832239885128],[15.235971350019817,7.249341480411192],[15.4278,7.4149],[15.5075,7.5274],[15.507652776358993,7.527394246625319],[15.5074,7.5275],[15.574,7.5905],[15.582918759837753,7.658213674476331],[15.5892,7.6799],[15.590066278332442,7.71247959815489],[15.5915,7.7664],[15.5064,7.7921],[15.4950466905373,7.822793015784859],[15.3931,8.0984],[15.34863179178484,8.186209450224235],[15.109,8.6594],[15.037316799999997,8.675748800000001],[14.988167902484617,8.686958197678948],[14.98746402441069,8.715945176541593],[14.9892,8.7285],[14.908761943023915,8.763399577254148],[14.90707064732143,8.770484375],[14.8993,8.814],[14.860145713023975,8.81182831034717],[14.83336276715903,8.813905657948883],[14.505699651081647,9.047480770815293],[14.4933,9.092],[14.3808,9.1969],[14.3858,9.2886],[14.3174,9.3668],[14.304514928103305,9.371557268697284],[14.3043,9.3718],[14.30408108324335,9.371717447591767],[14.2505,9.3915],[14.022,9.6471],[14.0385,9.7375],[14.072401995389182,9.776124530155457],[14.1295,9.8246],[14.142729937215586,9.85624912691332],[14.2042,10.0033],[14.29561063044481,9.996008361603387],[14.6179,9.9703],[14.724519925234596,9.950027197314549],[14.750811157790682,9.945028160138392],[14.8025,9.9352],[14.937862593941272,9.976776276439143],[14.9578,9.9829],[15.0599,9.9456],[15.096219188000978,9.965567336389677],[15.111952138335127,9.974216899582434],[15.142424394108076,9.99096974608204],[15.1483,9.9942],[15.222018178887994,9.977324754230459],[15.4139,9.9334],[15.42580526684588,9.93622160450146],[15.670209122684277,9.994146473278862],[15.689,9.9986],[15.51151903017373,10.101734338530317],[15.4862,10.1189],[15.3934,10.2511],[15.3102,10.3075],[15.2411,10.4707],[15.23982212073081,10.471609699542842],[15.2385,10.4749],[15.146192491440402,10.540848038200869],[15.147164615271228,10.553211165978786],[15.1601,10.622],[15.15365824228065,10.635794822416273],[15.108893402708693,10.731657324437],[15.07121548020159,10.812343415507831],[15.0858186873997,10.86819427812517],[15.0937,10.8888],[15.092164073027602,10.892462595088023],[15.0922,10.8926],[15.055922621457489,11.016935288850826],[15.1106,11.0881],[15.09698686022006,11.130276619865711],[15.0337,11.0931],[15.0266,11.2828],[15.055826327852895,11.34043892964028],[15.0493,11.3454],[15.0584,11.4121],[15.135118881639492,11.54522721542298],[15.1006,11.5823],[15.085323323323323,11.638387227227227],[15.0656,11.7108],[15.1023,11.7295],[15.102282034761506,11.729526250576795],[15.0804,11.7615],[15.082172154333664,11.762969143489048],[15.098959148764905,11.776885822810284],[15.119,11.7935],[15.07575307858242,11.852662238402203],[15.0421,11.8987],[15.045509676584734,11.920115161707635],[15.0535,11.9703],[15.078699269593447,11.98699831117638],[15.082683062898221,11.9950263892244],[15.0853,12.0003],[15.04407274510865,12.027755409574324],[15.0611,12.0416],[15.056538354337535,12.05235525938521],[15.0606,12.0571],[15.033,12.1095],[14.964515639943743,12.097301523524342],[14.961086651023622,12.097348321139876],[14.896733889091001,12.154878342605821],[14.907341166340245,12.18235703721213],[14.9111,12.1853],[14.91109433598048,12.185732426105702],[14.909622544519321,12.29809804342872],[14.9085,12.3838],[14.8778,12.4633],[14.875877542676072,12.463543769804764],[14.847922049005339,12.467088558627566],[14.83506465868663,12.593384866958198],[14.8325,12.6335],[14.77389254222973,12.634569124436936],[14.772122571990858,12.63475866876116],[14.749449689377995,12.681220901691303],[14.747209079823897,12.685812453845726],[14.7458,12.6887],[14.71838304488037,12.664740314880792],[14.716968372206619,12.712603407009395],[14.7179,12.7221],[14.6216,12.755407645631067],[14.606504495005739,12.76062878510117],[14.558930372024278,12.777083427151796],[14.5555,12.7809],[14.560096833208515,12.81922998517477],[14.572,12.8875],[14.56173307515455,12.906590825116231],[14.529,12.9751],[14.510842006425154,13.001220181784943],[14.4667,13.0833],[14.0833,13.0833],[14.084161883414245,13.079384894590794],[14.084661461873528,13.077115559439491],[14.0871,13.0737],[14.100097971572687,13.006995214131068],[14.19681902400165,12.510628757625744],[14.197,12.5097],[14.174979035498994,12.409604706813615],[14.2284,12.3624],[14.4832,12.3526],[14.487022622405759,12.348337449043656],[14.4879,12.3483],[14.489234896524323,12.345870574171169],[14.5501,12.2351],[14.584815299350465,12.21817734397063],[14.6738,12.1748],[14.673056696750402,12.172766158431218],[14.663472677500001,12.146542168750004],[14.640829958362641,12.084586697094627],[14.626349342614075,12.04496453982985],[14.623981082127099,12.038484457001317],[14.6564,11.9623],[14.655748643932784,11.96113309183325],[14.658,11.956],[14.6074,11.8684],[14.608366347093659,11.838876430173059],[14.6103,11.7798],[14.5537,11.7265],[14.555355606149165,11.724819367246253],[14.591845267119918,11.687778118377105],[14.6397,11.6392],[14.6202,11.5304],[14.4538,11.4618],[14.43372456517455,11.422573104336884],[14.4299,11.4151],[14.233270740054522,11.273443194826346],[14.19146766260806,11.24332717649248],[14.1763,11.2324],[13.9759,11.3052],[13.8859,11.1242],[13.801358419803185,11.01947467081379],[13.7904,11.0059],[13.788030061446353,11.004445664618455],[13.711635071211202,10.957565150733073],[13.7168,10.863],[13.6505,10.8129],[13.6267,10.7116],[13.5883,10.6979],[13.5472,10.6124],[13.5786,10.5368],[13.547542434682743,10.472200264140106],[13.4858,10.2182],[13.482947403519605,10.213506858660079],[13.452986178973932,10.164214130972763],[13.4283,10.1236],[13.412229060270436,10.121538797309235],[13.4122,10.1216],[13.3437,10.1165],[13.338475135624652,10.11207937611218],[13.298306819121638,10.07809399262461],[13.2469,10.0346],[13.251886412429561,10.0278102490947],[13.2516,10.0275],[13.2837891884539,9.972807731471946],[13.2363,9.9101],[13.239095286765531,9.891571242011342],[13.2268,9.8699],[13.286575763396822,9.807746791468077],[13.2603,9.7758],[13.2095,9.5571],[13.0351,9.5068],[12.957484681912034,9.451047569701455],[12.860280123860216,9.381223848289366],[12.8473,9.3719],[12.902942678620272,9.349133779858635],[12.9045,9.2336],[12.899375639118086,9.194229438658196],[12.8843,9.1485],[12.89150352845287,9.13374786388694],[12.884542416150426,9.080265506725537],[12.831011963688441,8.969563848392884],[12.8069,8.9197],[12.8189,8.8304],[12.7903,8.760661891117477],[12.789484724234272,8.758673926427981],[12.755231326561098,8.753377009262026],[12.7206,8.7631],[12.6757,8.6478],[12.5752,8.6137],[12.4996,8.6424],[12.4313,8.6203],[12.440755061273897,8.555545271143906],[12.410457277387168,8.496832215147702],[12.342853460637466,8.460504876836799],[12.3124,8.4674],[12.2405,8.4349],[12.256466374377053,8.209967121413376],[12.2559,8.1764],[12.1926,8.1081],[12.195014254350072,7.94740723045925],[12.1894,7.9385],[12.184170235946057,7.931108269885869],[12.0981,7.8477],[11.9988,7.6781],[12.0251,7.5278],[11.9228,7.478],[11.924106010013974,7.457251689966687],[11.9281,7.3938],[11.8417,7.27],[11.8803,7.2483],[11.856,7.2161],[11.8676,7.0786],[11.843652295346663,7.0801082271747875],[11.8025,7.0827],[11.785274479924217,7.058100965934943],[11.7182,7.0583],[11.653461752431507,7.001306281466995],[11.6175,6.9766],[11.6069,6.9136],[11.572590488431876,6.878202313624679],[11.560127846508703,6.865344401342001],[11.5533,6.8583],[11.5948,6.8037],[11.5694,6.7728],[11.580382394301594,6.743132282060276],[11.575939349309742,6.7294943255718325],[11.5499,6.7149],[11.5177,6.6133],[11.4173,6.5982],[11.427687777606716,6.5313224984558085],[11.42539048066532,6.530427408025184],[11.3566,6.5255],[11.350124159383794,6.503284268997185],[11.3494,6.5008],[11.1978,6.5376],[11.1981,6.5105],[11.0977,6.5199],[11.096193245666468,6.606915062761506],[11.089101359654856,6.686895777225782],[11.063177630910015,6.710571377732587],[11.053949151946126,6.713533605548157],[11.0391,6.7183],[10.970746986482904,6.693403206997084],[10.9485,6.6853],[10.9183,6.7082],[10.918281506002987,6.708432381092893],[10.9163,6.709],[10.9107,6.7659],[10.890646124330095,6.782448696130144],[10.824,6.83],[10.824968178302376,6.836646916422086],[10.8396,6.9371],[10.83802338028169,6.937967864065125],[10.824870403994552,6.945208034498411],[10.6238,7.0502],[10.575311238379927,7.154237189682915],[10.5451,6.945],[10.541713647309496,6.942010812131222],[10.524887184391737,6.927157823259373],[10.4965,6.9021],[10.491642863365326,6.901907365685877],[10.214944692990722,6.890933500571871],[10.2141,6.8909],[10.204360995541393,6.915700679712696],[10.151940226602363,7.038371852167197],[9.8841,6.7733],[9.863407590871699,6.77617999612429],[9.859143179990761,6.776773522317075],[9.7986,6.7852],[9.7066,6.5121],[9.705145741108007,6.512354326206228],[9.5991,6.5309],[9.598132875161584,6.529380728485433],[9.596249559338457,6.5264221982426385],[9.549936238140988,6.453667878587727],[9.5434,6.4434],[9.533644049330116,6.444929853446948],[9.4656,6.4556],[9.465159208083998,6.454089394190562],[9.4651,6.4541],[9.464851987636802,6.45303654141477],[9.4286,6.3288],[9.397136248156157,6.33066345682902],[9.3452,6.3526],[9.2644,6.1814],[9.1693,6.1334],[8.851426750945159,5.8344189434369875],[8.844213985590306,5.827634855084329],[8.8412,5.8248],[8.844812406850371,5.820568565684659],[8.8515,5.7416],[8.8135,5.7074],[8.8952,5.5782],[8.86323830228252,5.475980811855711],[8.8334,5.4308],[8.830383346163432,5.370904824632024],[8.8074,5.2974],[8.801354905399899,5.157290307413794],[8.6057,4.8853],[8.620471515397082,4.847244570502436],[8.62668839465799,4.823798054432722],[8.619582190820019,4.821888053635896],[8.582623854415276,4.811954416268894],[8.57324638305353,4.8094339456798805],[8.568903058979343,4.8082665498899875],[8.55409442818462,4.804286295838354],[8.546322892103724,4.802197467478583],[8.5441,4.8016],[8.5256,4.7564],[8.522309474447056,4.70536657301936],[8.5093,4.5036],[8.7237,4.4982],[8.6685,4.5647],[8.6445,4.7248],[8.7046,4.5851],[8.7666,4.5342],[8.7962,4.5807],[8.8668,4.5251],[8.8159,4.6286],[8.8392,4.623],[8.8859,4.5815],[8.8816,4.5179],[8.9104,4.4966],[8.8792,4.4229],[8.9145,4.2873],[8.996,4.1939],[8.9767,4.097],[9.1141,4.0099],[9.209,4.005],[9.2116,3.9509],[9.2858,3.9757],[9.3181,3.9311],[9.3362,3.917],[9.4344,3.8912],[9.4722,3.9106],[9.4409,3.922],[9.459,3.9644],[9.5269,3.9619],[9.5243,4.0324],[9.5815,4.0042],[9.6423,4.0375],[9.6507,4.0057],[9.6234,3.9492],[9.7009,3.9274],[9.6598,3.9134],[9.6808,3.838],[9.6173,3.8667],[9.5972,3.8079],[9.5362,3.8257],[9.6518,3.6381],[9.6295,3.5612],[9.7868,3.427],[9.896,3.2766],[9.9749,3.0851],[9.9066,2.9527],[9.8174,2.5088],[9.834,2.2847],[9.9053,2.1982],[10.1215,2.1566],[11.3599,2.1719],[11.3856,2.2954],[11.7014,2.3175],[11.7582,2.2703],[12.124,2.2934],[12.2462,2.2494],[12.3079,2.2881],[12.4545,2.2521],[12.5745,2.2703],[12.7456,2.221],[12.8195,2.258],[12.8617,2.2275],[12.9192,2.2545],[13.0848,2.2408],[13.1577,2.2866],[13.2862,2.2484],[13.2942,2.1705],[13.6799,2.1719],[14.3032,2.1625],[14.3628,2.1873],[14.4132,2.1814],[14.4607,2.1255],[14.5955,2.2067],[14.6442,2.1327],[14.723,2.1058],[14.7232,2.1282],[14.7716,2.0632],[14.8604,2.0803],[14.873,2.1109],[14.9148,2.0002],[14.9831,2.0369],[15.0409,1.9786],[15.0626,2.0044],[15.1051,1.9827],[15.1472,2.04],[15.1755,2.0166],[15.2066,2.0397],[15.2494,2.0282],[15.3436,1.9124],[15.4099,1.9418],[15.4857,1.9835],[15.7472,1.9198],[15.8675,1.8297],[15.8811,1.7856],[16.03,1.7616],[16.0279,1.6604],[16.1449,1.6907],[16.1092,1.892],[16.0481,1.9753],[16.0832,2.0467],[16.0589,2.066],[16.0855,2.0885],[16.0844,2.199],[16.1444,2.1772],[16.1921,2.2157],[16.0734,2.4631],[16.087589790359583,2.701128736876964],[16.0876,2.7013],[16.07601022408681,2.8187062696475746],[16.069037360282834,2.88934248678563],[16.0561,3.0204],[15.7754,3.2702],[15.7336,3.2436],[15.33741180213813,3.710527504427923],[15.083145230921943,4.010193310219575],[15.161826264560181,4.050529382974525],[15.1795,4.0566],[15.17757576446204,4.058603412311967],[15.0993,4.1401],[15.0868,4.3017],[15.011690321343337,4.418410349851796],[15.0079,4.4243],[14.838524467285035,4.513807395337176],[14.748262568542849,4.5946457247767185],[14.731541746812127,4.612300091145012],[14.713003311815886,4.767545031196701],[14.68526345911101,5.011931878329698],[14.681200214308225,5.047728881184998],[14.664284053561357,5.1967594919277635],[14.6642,5.1975],[14.529498131395915,5.281761558499093],[14.631,5.5066],[14.629263024948393,5.510509403458768],[14.6299,5.5119],[14.600369334875007,5.605177999122361],[14.5965,5.6174],[14.6265,5.7109],[14.6177,5.8948],[14.604015489895113,5.915807572269123],[14.5992,5.9232],[14.490186249893672,5.920145323990015],[14.43080267200564,6.017243263322253],[14.42198985546225,6.033055611854063],[14.4155,6.0447],[14.423438431686831,6.053297558571245],[14.488433468188767,6.12368912395972],[14.672551984886082,6.237532598163352],[14.7403,6.2625],[14.765073712750032,6.29474028769015],[14.785158506216565,6.320878457858343],[14.805,6.3467],[14.802288520780337,6.361375881276427],[14.9462,6.7016]]],[[[9.2603,3.953],[9.2633,3.9496],[9.2643,3.9515],[9.2589,3.9581],[9.2603,3.953]]],[[[9.194,3.9795],[9.1911,3.9799],[9.19,3.9746],[9.192,3.9709],[9.194,3.9795]]]]},"properties":{"iso3":"CMR"}},
{"type":"Feature","geometry":{"type":"Polygon","coordinates":[[[15.1311,-4.4448],[14.913,-4.6812],[14.8355,-4.8303],[14.6813,-4.9239],[14.4854,-4.8501],[14.4077,-4.8898],[14.4243,-4.7632],[14.3803,-4.6588],[14.395,-4.5476],[14.4804,-4.4365],[14.3994,-4.3718],[14.4187,-4.327],[14.3817,-4.2982],[14.1557,-4.4088],[14.0169,-4.4325],[13.9435,-4.5162],[13.8721,-4.4979],[13.8102,-4.4333],[13.7359,-4.458],[13.7029,-4.6671],[13.7304,-4.7005],[13.6807,-4.7197],[13.6901,-4.7719],[13.6353,-4.7549],[13.6074,-4.8193],[13.5275,-4.7768],[13.5021,-4.8393],[13.4158,-4.8928],[13.3726,-4.7986],[13.2846,-4.7715],[13.183,-4.6388],[13.1062,-4.6473],[13.093,-4.6878],[12.8631,-4.7393],[12.7158,-4.946],[12.6343,-4.9552],[12.6289,-5.0221],[12.4794,-5.0694],[12.5216,-5.1336],[12.4732,-5.1515],[12.5084,-5.1598],[12.5078,-5.7543],[12.2057,-5.7777],[12.4373,-6.0575],[12.7937,-5.968],[12.8545,-5.9129],[12.9863,-5.8894],[12.9847,-5.8572],[13.0833,-5.8621],[13.1177,-5.8998],[13.217,-5.8568],[13.3583,-5.9043],[13.3833,-5.864],[13.5424,-5.8958],[13.73,-5.9052],[14.0083,-5.834],[14.1918,-5.8408],[14.239,-5.8854],[14.2841,-5.8609],[14.6097,-5.9256],[14.7763,-5.8598],[15.4696,-5.886],[16.1394,-5.8587],[16.3659,-5.8647],[16.4045,-5.8884],[16.4482,-5.8964],[16.4236,-5.8911],[16.4355,-5.8681],[16.4893,-5.8453],[16.5873,-5.8754],[16.5989,-6.059],[16.6328,-6.068],[16.6068,-6.0857],[16.7307,-6.1941],[16.7248,-6.3442],[16.69,-6.3555],[16.6906,-6.4057],[16.7323,-6.4254],[16.7111,-6.4464],[16.7632,-6.5312],[16.7494,-6.573],[16.789,-6.6819],[16.8763,-6.8469],[16.9378,-6.8701],[16.9387,-6.9662],[16.9729,-6.9862],[16.9679,-7.0744],[16.9288,-7.0687],[16.9702,-7.1703],[16.9536,-7.2034],[17.0054,-7.3001],[17.1116,-7.3538],[17.11,-7.4228],[17.145,-7.4056],[17.1853,-7.4322],[17.1563,-7.4751],[17.1998,-7.4994],[17.2204,-7.5782],[17.3062,-7.637],[17.2909,-7.6896],[17.331,-7.7171],[17.3215,-7.7585],[17.4315,-7.8426],[17.4424,-7.9274],[17.4878,-7.9511],[17.4836,-8.0001],[17.5325,-8.044],[17.5054,-8.0828],[17.5602,-8.1275],[17.8849,-8.079],[17.9819,-8.1131],[18.1,-8.099],[18.0979,-8.04],[18.1529,-8.0091],[18.294,-7.988],[18.376,-8.027],[18.3909,-8.0001],[18.5269,-8.0001],[18.5582,-7.9336],[18.7799,-7.9221],[18.8,-8.0001],[19.4356,-7.9986],[19.4364,-7.9583],[19.343,-7.9021],[19.4089,-7.7011],[19.369,-7.5831],[19.474,-7.5671],[19.4858,-7.503],[19.55,-7.4721],[19.487,-7.3131],[19.4963,-7.1759],[19.563,-7.058],[19.5439,-6.999],[19.9557,-6.9996],[20.297,-7.0101],[20.3151,-6.9282],[20.6219,-6.9321],[20.5445,-7.1411],[20.5428,-7.299],[21.7797,-7.2747],[21.8536,-7.4265],[21.8294,-7.6374],[21.768,-7.7776],[21.7453,-7.9388],[21.8901,-8.1815],[21.9579,-8.503],[21.859,-8.9083],[21.8592,-9.2369],[21.7942,-9.421],[21.8341,-9.4664],[21.8804,-9.6508],[22.0064,-9.7616],[22.0246,-9.8338],[22.1867,-9.9197],[22.2614,-10.264],[22.2408,-10.29],[22.299,-10.316],[22.328,-10.3851],[22.278,-10.5161],[22.3172,-10.544],[22.3342,-10.758],[22.1741,-10.875],[22.2721,-11.246],[22.3512,-11.177],[22.4371,-11.175],[22.4952,-11.12],[22.498,-11.0519],[22.562,-11.031],[22.7461,-11.1141],[22.867,-11.0621],[23.084,-11.1241],[23.203,-11.1021],[23.436,-10.9379],[23.83,-11.0301],[23.987,-10.892],[23.99812407704655,-10.891536496789726],[23.9993,-10.8901],[24.006987655786347,-10.891167181008901],[24.111037807480866,-10.905611160935647],[24.116,-10.9063],[24.116242612669332,-10.90727260404422],[24.13344618718369,-10.976239596550002],[24.147771776924813,-11.033669105719296],[24.2034,-11.0137],[24.253904707171664,-11.032830150215107],[24.3019,-11.0415],[24.35307742424995,-11.07039474728324],[24.3793,-11.0852],[24.39828211624441,-11.194246199701938],[24.4075,-11.2472],[24.405050197836985,-11.252451701398043],[24.360592275370944,-11.347757247737189],[24.3581,-11.3531],[24.33210639815285,-11.364755729745474],[24.2955,-11.3866],[24.332859683054654,-11.403028978635215],[24.4199,-11.4271],[24.4297449747982,-11.44563443612244],[24.4565,-11.4574],[24.593230146333227,-11.444113676861022],[24.6935,-11.3335],[24.73482438903079,-11.323749008518918],[24.852,-11.2961],[24.85387242927152,-11.293367507522424],[24.8729,-11.2656],[25.1183,-11.2547],[25.3519,-11.1957],[25.33410657085029,-11.227969439305403],[25.3165,-11.2599],[25.33096566350335,-11.273308811375252],[25.3384,-11.2802],[25.32631251577076,-11.286895007428697],[25.30888203385642,-11.337788286173236],[25.3136,-11.3467],[25.30493810134351,-11.349303725489005],[25.291732383346275,-11.387861597288415],[25.3322,-11.495],[25.310739952944168,-11.508235511255245],[25.32,-11.5637],[25.3456,-11.6215],[25.448387729593485,-11.666803034964131],[25.4774,-11.6784],[25.47958095382731,-11.685926021619956],[25.5081,-11.7299],[25.501637408203383,-11.762038294339929],[25.507231345984543,-11.781341819318095],[25.65,-11.7289],[25.719,-11.816],[25.722591554293825,-11.816410463347866],[25.86082590206186,-11.809587048969071],[25.88439161651198,-11.80842381683884],[25.8869,-11.8083],[25.922660847608917,-11.876199167797708],[25.960050462971488,-11.88879067061834],[25.9901,-11.8952],[25.987733211276083,-11.907332664526487],[25.99,-11.9411],[26.083703990866866,-11.93561529994926],[26.208,-11.9208],[26.276060796139927,-11.94866076483209],[26.316928931437698,-11.961798189155969],[26.4283,-11.9105],[26.440259158164224,-11.916770253065271],[26.444,-11.9151],[26.559,-11.979],[26.576543831095254,-11.982297049338454],[26.5927,-11.9682],[26.7093,-12.0065],[26.7743,-11.9553],[26.873155398309045,-11.981263966481949],[26.879651902223554,-11.979557337732274],[27.008,-11.841614950419526],[27.008,-11.83608888888889],[27.0046,-11.7458],[27.041427496933554,-11.711694165657375],[27.046994386462902,-11.702483740158698],[27.0207,-11.6091],[27.042288516064687,-11.607572437130441],[27.191888689633164,-11.57143306935828],[27.2053,-11.56],[27.232,-11.7839],[27.4688,-11.9306],[27.468724312057816,-11.953249616699301],[27.492017162580538,-12.055586151913333],[27.4961,-12.0565],[27.530432090487565,-12.167497788486894],[27.5784477306192,-12.200373803311717],[27.6153,-12.2203],[27.618641087957236,-12.239856501509687],[27.6228,-12.2642],[27.627552623819764,-12.26519712583385],[27.631,-12.275],[27.721395844534303,-12.284885934217362],[27.7581,-12.2889],[27.768043446901604,-12.28404624964803],[27.8171,-12.2601],[27.818,-12.2299],[27.9181,-12.2399],[27.9445860272154,-12.32172675074677],[27.955,-12.3539],[27.984428760480142,-12.353681289145895],[28.0761,-12.353],[28.09645723929376,-12.384978952463351],[28.12714822791626,-12.433191072586785],[28.129,-12.4361],[28.174,-12.3829],[28.204010502714183,-12.402677413264103],[28.234065808022553,-12.42248435217224],[28.235,-12.4231],[28.267188552188554,-12.421410101010101],[28.316203839683855,-12.419820416010253],[28.349799100734405,-12.445506241585122],[28.44330986732693,-12.53590153261241],[28.4451,-12.5631],[28.521827148305345,-12.63096265106853],[28.519485030442997,-12.64844224648331],[28.514,-12.6741],[28.4559,-12.6989],[28.460151553309974,-12.71512060012827],[28.4651,-12.734],[28.470892691696843,-12.742536033177],[28.555028145788825,-12.866516915481217],[28.569964414494393,-12.88852680171092],[28.573,-12.893],[28.6531,-12.8189],[28.667212691509775,-12.831992124337047],[28.78230328570972,-12.938759877904563],[28.78388722118615,-12.940229270201906],[28.796113275945757,-12.959168228859898],[28.827745221276597,-13.027822072340431],[28.8383,-13.1456],[28.912537215871424,-13.18376286544797],[28.921451389829688,-13.206382247919484],[28.98636236307054,-13.371091410788381],[29.0041,-13.4161],[29.004472041816804,-13.4159548437356],[29.0056,-13.4233],[29.0417,-13.405],[29.081122625382225,-13.386048763633736],[29.121465584136295,-13.370308508309844],[29.122,-13.3701],[29.1831,-13.443],[29.195392864155238,-13.435787620685451],[29.299,-13.375],[29.31019840596702,-13.346674620201062],[29.313,-13.3445],[29.332162587639573,-13.339836406128278],[29.349,-13.348],[29.4421,-13.3139],[29.5809,-13.2129],[29.584453871509417,-13.213742670564088],[29.6745830336237,-13.250499774783714],[29.66854580177334,-13.277072918835481],[29.6462419661297,-13.351492647666253],[29.6352,-13.354546808510639],[29.605,-13.3629],[29.605198125625986,-13.364400558019748],[29.6111,-13.4091],[29.629339160839162,-13.417586276223776],[29.703303105706265,-13.45200005612722],[29.7119,-13.456],[29.716419572907018,-13.45595810900498],[29.746710909474096,-13.45567734481435],[29.809,-13.4551],[29.808985869788966,-13.445439397823808],[29.8147,-13.4445],[29.8147,-12.1496],[29.8136,-12.1495],[29.7596,-12.1571],[29.732218098237414,-12.18332491999797],[29.6671,-12.207],[29.595189666631192,-12.196069004699638],[29.575,-12.193],[29.499755702605842,-12.234718782666317],[29.485,-12.2429],[29.483018705346552,-12.24905567752675],[29.48126513252304,-12.254503846885319],[29.456,-12.333],[29.46366835350964,-12.340015123395856],[29.4889,-12.3958],[29.5312,-12.4042],[29.4795,-12.4602],[29.3748,-12.4127],[29.345805022902397,-12.42572984155991],[29.324223647643482,-12.419493273493725],[29.3021,-12.4131],[29.2669,-12.3641],[29.24166470588235,-12.367120955882353],[29.075407048185017,-12.387023915866312],[29.055654379236707,-12.383866176272535],[29.02045376374401,-12.328186918522693],[28.968052220716423,-12.24529975931016],[28.947,-12.212],[28.84453059884172,-12.116867165433527],[28.7757,-12.0453],[28.7657,-11.9936],[28.759838112383893,-11.992638481743546],[28.7591,-11.9901],[28.659125970645746,-11.948211691571194],[28.5369,-11.897],[28.53253568096509,-11.891264998878981],[28.485,-11.8288],[28.453105527884354,-11.827948607520527],[28.4553,-11.7752],[28.43434613222203,-11.746059238527355],[28.432261524407505,-11.659168994621869],[28.43201196209095,-11.648766783518255],[28.4319,-11.6441],[28.387883297809374,-11.56807948725827],[28.390136789916024,-11.542348286571114],[28.4898,-11.2411],[28.4785,-11.1088],[28.5476,-10.8575],[28.65024035830117,-10.723489666239491],[28.66382094581535,-10.705758443399263],[28.689499584620574,-10.672231641527558],[28.69504887611677,-10.664986319922608],[28.6968,-10.6627],[28.666391414082707,-10.592765102244437],[28.637730327611283,-10.52684917450633],[28.6341,-10.5185],[28.6361,-10.3133],[28.634560161567837,-10.311137951810872],[28.5772,-10.2306],[28.578112636601013,-10.229092611456757],[28.593884965831442,-10.203041685649195],[28.6217,-10.1571],[28.627091106076673,-10.131984461996058],[28.697,-9.8063],[28.6313,-9.5142],[28.4815,-9.2423],[28.667080166131786,-9.060439975220183],[28.672971262462074,-9.054666971849521],[28.7858,-8.9441],[28.8599367162951,-8.833999944363915],[28.90914643502135,-8.760918844466937],[28.9334,-8.7249],[28.933579828194713,-8.703770187121266],[28.934655893585575,-8.577332503694942],[28.9348,-8.5604],[28.8975,-8.4909],[29.596194899298663,-8.399811595207712],[29.59658923515184,-8.399760185896074],[29.6285,-8.3956],[29.66200195349766,-8.392033208350897],[30.55978343782777,-8.296450737279432],[30.7932,-8.2716],[30.2761,-7.1026],[30.1358,-6.8912],[29.792,-6.6092],[29.664,-6.426],[29.579,-6.1471],[29.5991,-5.664],[29.3722,-5.008],[29.3523,-4.7988],[29.3859,-4.2669],[29.3021,-4.0012],[29.231,-3.9507],[29.236,-3.5631],[29.197,-3.3572],[29.2409,-3.2775],[29.2224,-3.1982],[29.2543,-3.0529],[29.096,-2.9184],[29.0509,-2.8206],[29.006,-2.8161],[29.0406,-2.7446],[28.8971,-2.661],[28.8834,-2.554],[28.8611,-2.5289],[28.8929,-2.4908],[28.8817,-2.3959],[28.9602,-2.375],[29.0171,-2.2909],[29.0994,-2.2838],[29.1487,-2.1965],[29.167,-1.886],[29.2425,-1.7],[29.3359,-1.5572],[29.4566,-1.5224],[29.5301,-1.4208],[29.601,-1.391],[29.6009104814949,-1.3875798247337032],[29.59870215896394,-1.3032078829555105],[29.596276978211424,-1.210550580236557],[29.59194187707078,-1.044922192212218],[29.589053206626904,-0.9345566404914],[29.5884,-0.9096],[29.608849183021178,-0.9024910565462854],[29.635,-0.8934],[29.636049193683757,-0.8787559349671595],[29.6397,-0.8278],[29.626,-0.7057],[29.630355489614242,-0.6943740926729057],[29.6793,-0.5671],[29.671669562566684,-0.5290119341563917],[29.6674,-0.5077],[29.757,-0.0766],[29.731,0.0651],[29.8393,0.184],[29.8831,0.3856],[29.9595,0.4075],[29.9923,0.4821],[29.96251869738252,0.5996392239399969],[29.9585,0.6155],[29.9108,0.6545],[29.968504951858872,0.7932196671660052],[29.981025664142265,0.8233188005104208],[29.9868,0.8372],[29.999994756829224,0.8412245263378929],[30.13288603288452,0.8817576295608464],[30.1445,0.8853],[30.231124152986585,1.0454213625055908],[30.2712,1.1195],[30.313511890526318,1.1568340210526318],[30.357479450701444,1.1956289270895106],[30.363,1.2005],[30.383911859052247,1.2015745782880127],[30.463383357553912,1.2056583064057453],[30.5109,1.2081],[30.545433961456105,1.2601046823697368],[30.5787,1.3102],[30.7009,1.496],[30.8884943973334,1.6436723331298522],[31.035,1.759],[31.2449,2.0169],[31.2678436822137,2.0703461815294215],[31.304381204636073,2.155458546573218],[31.2039,2.2181],[31.203885510973617,2.223417472683042],[31.203,2.224],[31.199336597614565,2.289941242937853],[31.1256,2.2636],[31.0136831695924,2.3914642668015587],[30.98953831293746,2.3981260374802438],[30.95788546760352,2.3978228493065474],[30.951952709775455,2.3822464967077606],[30.9425,2.3408],[30.935324391869376,2.3385891369543486],[30.933891562412054,2.338147670581012],[30.9055,2.3294],[30.895444029595577,2.3428459434302753],[30.83815574738755,2.419446706042708],[30.8349,2.4238],[30.7523,2.4168],[30.7415,2.4473],[30.7508,2.5833],[30.76163055905843,2.6018781420765027],[30.879405413141004,2.848387696337964],[30.869759408698712,2.900011683075413],[30.8587,2.9592],[30.7687,3.0494],[30.8389,3.2606],[30.844948800491558,3.2691362711049368],[30.926472681752106,3.3841855197845647],[30.936,3.402],[30.933,3.4821],[30.915290480386695,3.499001201290707],[30.8621,3.482],[30.8649235629575,3.489908139930773],[30.8539,3.4861],[30.854326990001297,3.490199104012461],[30.8619,3.5629],[30.860755151729006,3.563394283697953],[30.7989,3.5901],[30.77126730644166,3.6741865836237606],[30.771,3.675],[30.765092824412907,3.6666081906701455],[30.7316,3.6255],[30.727134407807693,3.6254015704737195],[30.6669,3.636],[30.627619462881526,3.623208085608758],[30.541,3.595],[30.566723006007358,3.6656719701129976],[30.5798,3.7016],[30.576147704560825,3.72075933315801],[30.56685669343756,3.7694984290087965],[30.5558,3.8275],[30.5388859052337,3.839516410759898],[30.5261,3.8486],[30.46846321160616,3.8348807097393594],[30.466457990956577,3.834403406876121],[30.453,3.8312],[30.4303,3.871],[30.423999471250696,3.8742904041061257],[30.394853161594746,3.8895118467478995],[30.347280030733813,3.9143565592084846],[30.282103392513854,3.948394571977836],[30.26735288161673,3.956097916181879],[30.2662,3.9567],[30.258762251362903,3.9532832842198324],[30.2112,3.9377],[30.192,4.0325],[30.181703738267714,4.038424310596731],[30.169,4.1073],[30.161816296478353,4.110051088301844],[30.12258815674481,4.125073990624972],[30.049042848467828,4.1532390779850745],[30.0387,4.1572],[29.99245038817118,4.208081285582358],[29.9698,4.233],[29.9791,4.3078],[29.9484,4.3349],[29.8103,4.3875],[29.8409,4.5689],[29.827926656969296,4.575488663205845],[29.6501,4.6658],[29.50810148974759,4.683332935027949],[29.4946,4.685],[29.47584591666701,4.644159306271175],[29.413,4.5073],[29.39209239213167,4.483868007150488],[29.357996845841978,4.445655763937795],[29.313863559466345,4.396193823705708],[29.2691,4.3977],[29.23477017965178,4.359458333718192],[29.199898618346868,4.356272950714377],[29.1991,4.3562],[29.0347,4.489],[28.95136467809298,4.489163082821736],[28.84384798427232,4.489373487310622],[28.8303,4.4894],[28.78755208572338,4.570167948633243],[28.7869,4.5714],[28.775189825141126,4.565751562715131],[28.721871987625473,4.540033546972286],[28.7189,4.5386],[28.705077528498823,4.503155979878596],[28.673831908106283,4.434546300119314],[28.656826876117712,4.4274070336308755],[28.5239,4.3716],[28.4804,4.3032],[28.4440202314851,4.291993485571283],[28.4145,4.2829],[28.3591,4.3362],[28.359012438418848,4.336205510483396],[28.2002,4.3462],[28.185973450807634,4.366949020250658],[28.142046494578093,4.431015245449226],[28.14,4.434],[28.131190482398956,4.436878357235985],[28.047123966466856,4.46434563471875],[28.039,4.467],[28.0146,4.5461],[27.8763,4.5391],[27.7972,4.5702],[27.7636,4.6462],[27.782820744154233,4.673318722661242],[27.7911,4.685],[27.7817,4.7698],[27.76373965275723,4.770738605717489],[27.7109,4.7735],[27.701769658909,4.807069449575176],[27.6843,4.8713],[27.680561215703836,4.871366877742947],[27.679,4.8761],[27.5379,4.9146],[27.45554400227635,5.006231883783051],[27.4457122291767,5.035577784037941],[27.44664818456454,5.040662477847082],[27.441460101921777,5.048269543807945],[27.4316,5.0777],[27.41702898244917,5.084091860089864],[27.153060203374164,5.199886896232956],[27.143,5.2043],[27.14261182963068,5.204183189472195],[26.97177381086767,5.152773600492587],[26.9702,5.1523],[26.969739705728315,5.151743419681692],[26.8722,5.0338],[26.872126357174498,5.033842004132058],[26.75,5.1035],[26.749927653797453,5.103484226925676],[26.636224836046903,5.0786944946096915],[26.62405670940948,5.076041573529139],[26.524644343797647,5.054367476253707],[26.502707773039063,5.049584818024171],[26.434167368897036,5.109601161752594],[26.4142,5.133],[26.406854686966614,5.13351708882365],[26.3034,5.1408],[26.2375,5.2086],[26.2213,5.1941],[26.2081,5.2371],[26.1602,5.232],[26.1609,5.2585],[26.093050396639384,5.237145332275628],[26.091,5.2365],[26.09935673228884,5.2080473162546586],[26.074539013452913,5.197008520179372],[26.06795569514238,5.194124399776661],[25.9852,5.2397],[25.9639,5.1917],[25.963282881002087,5.191797559253346],[25.885909744061355,5.213113099920352],[25.8784123275193,5.215178564673604],[25.862,5.2197],[25.836178405582064,5.187052007057785],[25.835837074707566,5.186824690671638],[25.7925,5.2727],[25.79242967696104,5.272641261498778],[25.7924,5.2727],[25.749328381962865,5.236806984969055],[25.7089,5.2972],[25.6588,5.3281],[25.652267792082302,5.322424854823278],[25.630727949995244,5.3037111622299085],[25.6306,5.3036],[25.6019,5.3228],[25.6227,5.3475],[25.621262373806275,5.348174051841746],[25.546137267561676,5.383397544879508],[25.5408,5.3859],[25.547570060381418,5.355189436240806],[25.54759904697647,5.354618762650754],[25.5173,5.36025],[25.486980414169675,5.365885054603333],[25.4869,5.3659],[25.41185829560476,5.334233911652009],[25.39563219038727,5.327386821950333],[25.3677,5.3156],[25.381760702295132,5.302465451748259],[25.322,5.1951],[25.323493540587634,5.1930306365352035],[25.3208,5.1883],[25.354744249894942,5.149731460988934],[25.3552,5.1491],[25.319452548310423,5.040899268210365],[25.293701169713785,5.033444423855423],[25.168072648734007,5.0191388168737685],[25.1542,5.0283],[25.145699775080036,5.016591166586654],[25.0885,4.9378],[24.983847601724385,4.99291692975849],[24.9835,4.9931],[24.95275246119734,4.979281241685144],[24.788291827445157,4.907162773520034],[24.662,4.9169],[24.674,4.9695],[24.6684,4.970251219512195],[24.632968868767332,4.975090593534218],[24.6141,5.03],[24.61366183885756,5.030222814050621],[24.60161463892289,5.0363490656874745],[24.478212956631275,5.099101386743742],[24.4674,5.1046],[24.462896557737416,5.098096626508983],[24.4361,5.0594],[24.43450433689152,5.061512960375565],[24.396,5.1125],[24.39165871452522,5.106584155026594],[24.360865514348045,5.064622436650445],[24.3574,5.0599],[24.375093029490618,5.050657372654156],[24.41004842324234,5.031662743596616],[24.2991,5.004],[24.298817070638503,5.0030299564748635],[24.2983,5.0029],[24.277132199847056,4.940625087942901],[24.2365,4.9595],[24.236461224697905,4.9594651251720805],[24.2364,4.9595],[24.165738768379676,4.8994379531227255],[24.1055,4.9135],[24.0974308996325,4.908803433841827],[24.0902,4.9104],[24.02094013088063,4.877471185032721],[23.9723,4.8813],[23.969341018336586,4.865036724842436],[23.959,4.8082],[23.95023843866171,4.812979033457249],[23.9051,4.8376],[23.859839630320238,4.8248532020085575],[23.81000464398644,4.810818042592099],[23.7091,4.7824],[23.67762960999823,4.756603816680369],[23.5821,4.733],[23.47829242291197,4.6761153713905435],[23.4574,4.6695],[23.453002940997397,4.662257203935039],[23.42553070811866,4.617005188878602],[23.4129,4.5962],[23.3231,4.6222],[23.1883,4.7359],[23.17766228932168,4.731937488278704],[23.1716,4.7382],[23.10079273006705,4.720652783542817],[22.9749,4.847],[22.932893671794595,4.826515769730784],[22.904808276724985,4.812820030912705],[22.898,4.8095],[22.89945258182613,4.798438030708702],[22.8676896776985,4.713143012551333],[22.863418212978022,4.707705734193502],[22.855082992670326,4.7073613873035125],[22.8246,4.7349],[22.7906,4.7146],[22.786640413393272,4.704533868840062],[22.746253423975574,4.601861349455704],[22.69535130784255,4.47245708880827],[22.6923,4.4647],[22.647494454799627,4.468072460391426],[22.5993,4.4717],[22.5859,4.4014],[22.616632820280667,4.354843435943866],[22.5748,4.3286],[22.573248605205848,4.325794286010577],[22.5712,4.3247],[22.57045353061044,4.320739363869943],[22.5506,4.2154],[22.54851237113402,4.21359587628866],[22.44854180854033,4.127201562936087],[22.4453,4.1244],[22.410168295668075,4.122379583726305],[22.3403,4.1136],[22.311241402558586,4.116690320750158],[22.250345193182017,4.1231665045997685],[22.219,4.1265],[22.0372,4.2216],[22.038706394294362,4.2244265140254464],[22.02376948854649,4.227723756517663],[22.009282924787,4.2309215884113796],[21.9822,4.2369],[21.86213455319149,4.239828425531915],[21.8592,4.2399],[21.66012493585174,4.309021898841242],[21.6599,4.3091],[21.543663767881622,4.249368849601069],[21.521813460268547,4.251507594100814],[21.40489179771705,4.272882669521563],[21.283416595418785,4.337202872658915],[21.282,4.3381],[21.211106653224835,4.287148522922492],[21.131915384615386,4.3479807692307695],[21.0749,4.392],[21.07446566592677,4.392111839473402],[20.895749043275462,4.438130731836257],[20.8648,4.4461],[20.611763481790035,4.403894681132546],[20.460939573062042,4.514987970821011],[20.460472136167112,4.521500574750342],[20.453391603880203,4.620150687511773],[20.4529,4.627],[20.40247781811234,4.6837421283912875],[20.3428,4.7509],[20.339387881271715,4.753200424981439],[20.17481490676417,4.864154296160877],[20.0239,4.9659],[20.021600881972017,4.966199793168021],[20.009809508633676,4.967737327616178],[19.915,4.9801],[19.861853951846395,5.046635785035811],[19.8542,5.0574],[19.852670173622354,5.0581333453429345],[19.8249,5.0929],[19.697582322015332,5.132477045637095],[19.69623229152356,5.132896706278335],[19.6959,5.133],[19.69278647154702,5.132872439940472],[19.412666580402792,5.121396036069763],[19.403,5.121],[19.241,5.007],[19.239552749490834,5.004587915818059],[19.2289,4.9974],[19.2006,4.9423],[19.1421,4.943],[19.1018,4.9274],[19.09907916810294,4.922226545264734],[19.0979,4.922],[19.0139,4.7681],[18.901273425680127,4.640521277020419],[18.8399,4.571],[18.81646243507168,4.51502378973613],[18.76727320681132,4.397544580942883],[18.752265606407633,4.385123093498856],[18.637164879292605,4.363726163458241],[18.63401881303789,4.363141317808326],[18.6069,4.3581],[18.549288736726528,4.31070551247946],[18.546,4.308],[18.64880695192168,4.076209787698444],[18.649449441517387,4.058630558482613],[18.652,3.978],[18.6019,3.8961],[18.599177538452473,3.869661061347163],[18.599,3.8693],[18.597778789135393,3.8560772340866682],[18.587,3.7514],[18.587727129861992,3.7472420267816022],[18.6399,3.4489],[18.642,3.2091],[18.468,2.9581],[18.4289,2.768],[18.3389,2.599],[18.2419,2.507],[18.185,2.345],[18.1059,2.267],[18.065,2.0271],[18.086,1.984],[18.058,1.821],[18.0879,1.678],[18.0679,1.521],[17.9277,1.251],[17.942,1.164],[17.85,1.0121],[17.845,0.919],[17.8948,0.7751],[17.8759,0.594],[17.9529,0.4951],[17.963,0.408],[17.7747,0.1075],[17.7709,0.0001],[17.714,-0.1279],[17.7419,-0.3809],[17.7,-0.568],[17.3299,-0.9989],[17.111,-1.0739],[16.8459,-1.2638],[16.504,-1.874],[16.242,-2.1229],[16.191,-2.225],[16.1856,-2.3981],[16.237,-2.625],[16.1937,-2.7185],[16.1723,-3.0725],[16.1841,-3.2504],[16.2223,-3.2962],[15.9022,-3.9485],[15.5563,-4.0483],[15.504,-4.1422],[15.5517,-4.2249],[15.5101,-4.3163],[15.4222,-4.337],[15.3109,-4.2967],[15.1986,-4.3259],[15.1311,-4.4448]]]},"properties":{"iso3":"COD"}},
{"type":"Feature","geometry":{"type":"MultiPolygon","coordinates":[[[[-76.9802,8.2553],[-77.0361,8.2527],[-77.1308,8.412],[-77.2489,8.472],[-77.3693,8.6743],[-77.3699,8.654],[-77.3681,8.6498],[-77.4089,8.644],[-77.3906,8.5846],[-77.411,8.5765],[-77.4114,8.5725],[-77.4488,8.4907],[-77.4015,8.4759],[-77.355,8.3889],[-77.3504,8.2978],[-77.2887,8.2471],[-77.2285,8.1107],[-77.2175,8.0874],[-77.2336,8.0249],[-77.1656,7.9742],[-77.1586,7.9322],[-77.2951,7.9107],[-77.3413,7.8522],[-77.3686,7.8285],[-77.3571,7.811],[-77.3486,7.8038],[-77.3485,7.7997],[-77.3451,7.7915],[-77.3394,7.7659],[-77.378,7.7703],[-77.4146,7.7229],[-77.4652,7.6364],[-77.4893,7.5695],[-77.5254,7.5598],[-77.5848,7.5147],[-77.644,7.6495],[-77.6976,7.6931],[-77.7429,7.6792],[-77.7421,7.6271],[-77.7466,7.607],[-77.736,7.5917],[-77.7135,7.5362],[-77.7101,7.53],[-77.7027,7.5115],[-77.7012,7.5073],[-77.7085,7.5015],[-77.7926,7.4609],[-77.8838,7.2171],[-77.8275,7.156],[-77.8002,7.15],[-77.6585,6.9944],[-77.6622,6.9523],[-77.6987,6.9393],[-77.7022,6.8424],[-77.6668,6.8757],[-77.5869,6.8186],[-77.5263,6.6479],[-77.4723,6.7044],[-77.4058,6.6871],[-77.4004,6.6211],[-77.3287,6.5589],[-77.3763,6.425],[-77.3558,6.3986],[-77.4129,6.3811],[-77.3699,6.355],[-77.3954,6.2356],[-77.4742,6.2973],[-77.4827,6.1921],[-77.3638,5.999],[-77.3525,5.9986],[-77.3637,6.0591],[-77.3515,6.0458],[-77.307,5.8735],[-77.2686,5.8302],[-77.2433,5.7675],[-77.2477,5.7673],[-77.2562,5.7832],[-77.2647,5.715],[-77.3381,5.6202],[-77.4144,5.6304],[-77.5037,5.5848],[-77.5393,5.4807],[-77.454,5.4888],[-77.4208,5.44],[-77.4001,5.4523],[-77.3808,5.4086],[-77.4134,5.4035],[-77.3763,4.9486],[-77.3296,4.798],[-77.3485,4.7719],[-77.3091,4.7819],[-77.2998,4.747],[-77.3284,4.7373],[-77.3376,4.4294],[-77.3668,4.37],[-77.3869,4.3686],[-77.3762,4.389],[-77.4562,4.3131],[-77.4141,4.2928],[-77.4628,4.2692],[-77.4928,4.2595],[-77.4848,4.2935],[-77.5248,4.2576],[-77.5254,4.1265],[-77.4497,4.0384],[-77.358,3.9267],[-77.3573,3.9273],[-77.3571,3.9283],[-77.3062,4.0437],[-77.2323,4.0814],[-77.1985,4.0305],[-77.29,3.9791],[-77.3222,3.9089],[-77.2863,3.8952],[-77.305,3.8737],[-77.2815,3.8394],[-77.2001,3.8399],[-77.1983,3.8395],[-77.1973,3.839],[-77.1964,3.8388],[-77.08,3.8892],[-77.0765,3.8855],[-77.0765,3.8853],[-77.0765,3.8852],[-77.0766,3.8846],[-77.0765,3.8845],[-77.0763,3.8843],[-77.0763,3.8841],[-77.0762,3.8839],[-77.0762,3.8837],[-77.0762,3.8836],[-77.076,3.8836],[-77.0757,3.8832],[-77.0756,3.8832],[-77.0754,3.8832],[-77.0748,3.8825],[-77.0744,3.8825],[-77.0744,3.8823],[-77.0742,3.8822],[-77.0736,3.8811],[-77.0732,3.8811],[-77.073,3.8811],[-77.0732,3.8806],[-77.073,3.8806],[-77.0729,3.8806],[-77.0736,3.8795],[-77.073,3.8795],[-77.0729,3.8795],[-77.072,3.8802],[-77.0718,3.8802],[-77.0717,3.8801],[-77.0715,3.8795],[-77.0712,3.8797],[-77.0708,3.8799],[-77.0707,3.8799],[-77.0704,3.8797],[-77.0704,3.8792],[-77.0705,3.8788],[-77.0696,3.8781],[-77.0695,3.8779],[-77.0693,3.8776],[-77.0695,3.8774],[-77.0692,3.8776],[-77.069,3.8776],[-77.0687,3.8774],[-77.0687,3.8772],[-77.0689,3.8771],[-77.0687,3.8769],[-77.0687,3.8765],[-77.0687,3.8764],[-77.0686,3.8764],[-77.0684,3.8764],[-77.0683,3.8767],[-77.0666,3.8771],[-77.0662,3.8767],[-77.0663,3.8765],[-77.0666,3.8762],[-77.0668,3.8758],[-77.0666,3.8758],[-77.0663,3.8755],[-77.0663,3.8753],[-77.066,3.8751],[-77.0656,3.8756],[-77.0654,3.8756],[-77.0654,3.8755],[-77.065,3.8753],[-77.065,3.8751],[-77.065,3.8749],[-77.0648,3.8749],[-77.0647,3.8746],[-77.064,3.8732],[-77.0631,3.8732],[-77.0626,3.873],[-77.0623,3.8731],[-77.1349,3.8048],[-77.1818,3.8094],[-77.166,3.7574],[-77.197,3.721],[-77.1656,3.6447],[-77.1888,3.6537],[-77.236,3.5774],[-77.3003,3.57],[-77.3707,3.4757],[-77.333,3.4257],[-77.3611,3.4142],[-77.3632,3.4491],[-77.4137,3.355],[-77.4805,3.3226],[-77.5495,3.2322],[-77.4978,3.2166],[-77.5049,3.1873],[-77.5434,3.213],[-77.6679,3.0435],[-77.7021,2.9729],[-77.6665,2.9842],[-77.6717,2.9362],[-77.7161,2.8312],[-77.764,2.7967],[-77.736,2.7875],[-77.7506,2.7643],[-77.7942,2.7562],[-77.7865,2.6926],[-77.8731,2.6975],[-77.9283,2.6404],[-77.9458,2.626],[-77.9781,2.6618],[-78.0725,2.6112],[-78.1543,2.6838],[-78.3326,2.6565],[-78.3956,2.6031],[-78.4552,2.5976],[-78.5142,2.5004],[-78.557,2.4916],[-78.5515,2.4475],[-78.6224,2.3765],[-78.7121,2.1743],[-78.6803,2.059],[-78.6497,2.0499],[-78.6547,2.0441],[-78.6761,2.0493],[-78.6745,1.9801],[-78.6459,1.9783],[-78.6292,2.0108],[-78.5884,1.96],[-78.5902,1.9583],[-78.6008,1.9299],[-78.5968,1.8938],[-78.552,1.8989],[-78.5386,1.8559],[-78.5438,1.8448],[-78.5536,1.7578],[-78.5819,1.7403],[-78.6018,1.7944],[-78.6797,1.7891],[-78.6868,1.7484],[-78.7179,1.793],[-78.7285,1.7326],[-78.764,1.7428],[-78.7576,1.75],[-78.7259,1.7542],[-78.7393,1.7983],[-78.7783,1.7947],[-78.7783,1.7948],[-78.7789,1.7971],[-78.7825,1.799],[-78.7816,1.7999],[-78.7812,1.7999],[-78.7812,1.8001],[-78.781,1.8009],[-78.781,1.8013],[-78.7809,1.8016],[-78.7795,1.8025],[-78.7792,1.8027],[-78.7789,1.8025],[-78.7788,1.8027],[-78.7783,1.8027],[-78.7782,1.8027],[-78.7779,1.8029],[-78.7771,1.8029],[-78.777,1.8029],[-78.7768,1.8029],[-78.7765,1.803],[-78.7764,1.803],[-78.7751,1.8036],[-78.7749,1.8036],[-78.7745,1.8036],[-78.774,1.8039],[-78.7733,1.8038],[-78.7731,1.8038],[-78.7701,1.8039],[-78.769,1.8041],[-78.7663,1.8038],[-78.7661,1.8038],[-78.766,1.8038],[-78.7648,1.8039],[-78.7646,1.8039],[-78.7631,1.805],[-78.763,1.8052],[-78.7628,1.8055],[-78.7627,1.8053],[-78.7621,1.806],[-78.7623,1.8062],[-78.762,1.8066],[-78.7618,1.8071],[-78.7617,1.8075],[-78.7617,1.8078],[-78.7617,1.808],[-78.7615,1.808],[-78.7614,1.808],[-78.7617,1.8082],[-78.7614,1.8087],[-78.7614,1.8092],[-78.7614,1.8094],[-78.7612,1.8097],[-78.7614,1.8101],[-78.7617,1.8108],[-78.7618,1.8112],[-78.7618,1.8113],[-78.7621,1.8113],[-78.7624,1.8115],[-78.7626,1.8113],[-78.7631,1.8119],[-78.7634,1.8119],[-78.7628,1.812],[-78.7626,1.8126],[-78.7624,1.8126],[-78.7621,1.8134],[-78.7623,1.814],[-78.7623,1.8141],[-78.7631,1.8149],[-78.7631,1.815],[-78.763,1.815],[-78.7631,1.8152],[-78.763,1.8154],[-78.763,1.8159],[-78.7628,1.8159],[-78.7626,1.8163],[-78.763,1.8164],[-78.763,1.8168],[-78.7606,1.8168],[-78.7606,1.8177],[-78.7602,1.8187],[-78.7605,1.8189],[-78.7551,1.8182],[-78.7539,1.8173],[-78.7539,1.8171],[-78.7538,1.8171],[-78.7539,1.8164],[-78.7541,1.8164],[-78.7541,1.8163],[-78.7539,1.8163],[-78.7556,1.809],[-78.7554,1.8082],[-78.7521,1.8062],[-78.7493,1.808],[-78.749,1.8082],[-78.749,1.8085],[-78.7493,1.8083],[-78.7493,1.8092],[-78.7453,1.8069],[-78.7439,1.809],[-78.7438,1.8092],[-78.7435,1.809],[-78.7441,1.8083],[-78.7441,1.8082],[-78.7437,1.8082],[-78.7437,1.8083],[-78.742,1.8089],[-78.742,1.809],[-78.7422,1.809],[-78.7422,1.8092],[-78.7431,1.8103],[-78.7445,1.8108],[-78.7447,1.8108],[-78.7448,1.8108],[-78.7462,1.8115],[-78.7453,1.8113],[-78.7434,1.8112],[-78.7437,1.8117],[-78.7438,1.8122],[-78.7437,1.8122],[-78.7435,1.8119],[-78.7434,1.8119],[-78.7431,1.8119],[-78.7426,1.8119],[-78.7425,1.8117],[-78.7416,1.8131],[-78.7411,1.8127],[-78.7407,1.8122],[-78.7405,1.8122],[-78.7405,1.8119],[-78.7399,1.8115],[-78.7401,1.8112],[-78.7402,1.8104],[-78.7404,1.8099],[-78.7393,1.809],[-78.7365,1.8122],[-78.7343,1.818],[-78.7341,1.818],[-78.734,1.818],[-78.7337,1.8178],[-78.7332,1.8178],[-78.7328,1.8178],[-78.7328,1.818],[-78.7621,1.8228],[-78.7713,1.82],[-78.7713,1.8198],[-78.7715,1.8198],[-78.774,1.8164],[-78.7736,1.8164],[-78.7703,1.82],[-78.7681,1.8196],[-78.7676,1.82],[-78.7672,1.8212],[-78.766,1.8214],[-78.766,1.8212],[-78.7645,1.8189],[-78.7645,1.8187],[-78.764,1.8175],[-78.7637,1.8164],[-78.7639,1.8161],[-78.7639,1.8159],[-78.764,1.8157],[-78.7654,1.8157],[-78.7657,1.8156],[-78.766,1.8156],[-78.7667,1.8147],[-78.7669,1.8145],[-78.767,1.8141],[-78.7675,1.8136],[-78.7676,1.8131],[-78.7678,1.8131],[-78.7681,1.8129],[-78.7681,1.8127],[-78.7687,1.8122],[-78.769,1.812],[-78.7691,1.812],[-78.7695,1.8117],[-78.771,1.8104],[-78.7713,1.8103],[-78.7718,1.8097],[-78.7719,1.8097],[-78.7721,1.8097],[-78.7724,1.8099],[-78.7728,1.8099],[-78.773,1.8099],[-78.7734,1.8096],[-78.7737,1.8094],[-78.7739,1.809],[-78.774,1.809],[-78.774,1.8089],[-78.7742,1.8089],[-78.7743,1.8087],[-78.7746,1.8087],[-78.7748,1.8085],[-78.7749,1.8083],[-78.7751,1.8083],[-78.7751,1.8082],[-78.7752,1.8082],[-78.7754,1.8082],[-78.7754,1.808],[-78.7755,1.808],[-78.7756,1.808],[-78.7758,1.8078],[-78.7759,1.8078],[-78.7761,1.8075],[-78.7762,1.8075],[-78.7764,1.8075],[-78.7765,1.8075],[-78.7765,1.8073],[-78.7767,1.8073],[-78.7768,1.8071],[-78.777,1.8073],[-78.7771,1.8073],[-78.7773,1.8071],[-78.7777,1.8069],[-78.7779,1.8069],[-78.778,1.8071],[-78.7783,1.8071],[-78.7783,1.8073],[-78.7785,1.8069],[-78.7786,1.8067],[-78.7788,1.8067],[-78.7789,1.8066],[-78.7789,1.8064],[-78.7792,1.8062],[-78.7797,1.8066],[-78.7797,1.8067],[-78.7798,1.8069],[-78.7798,1.8067],[-78.78,1.8067],[-78.7806,1.8071],[-78.7809,1.8066],[-78.781,1.8064],[-78.7813,1.8066],[-78.7815,1.8066],[-78.7816,1.8066],[-78.7817,1.8067],[-78.7819,1.8066],[-78.782,1.8064],[-78.7825,1.8066],[-78.7837,1.8055],[-78.7835,1.8055],[-78.7835,1.8053],[-78.7834,1.8053],[-78.7829,1.805],[-78.7829,1.8046],[-78.7825,1.8043],[-78.7823,1.8043],[-78.7822,1.8041],[-78.7822,1.8038],[-78.7819,1.8038],[-78.7819,1.8034],[-78.782,1.803],[-78.781,1.8023],[-78.7812,1.8023],[-78.7812,1.8022],[-78.7815,1.8018],[-78.7889,1.8016],[-78.7896,1.8023],[-78.8142,1.7884],[-78.7819,1.8302],[-78.8608,1.8071],[-79.0088,1.6519],[-78.9886,1.6008],[-78.9024,1.543],[-78.8634,1.5508],[-78.8466,1.4771],[-78.8163,1.4412],[-78.816,1.4412],[-78.8158,1.4406],[-78.8163,1.441],[-78.8142,1.4375],[-78.6608,1.3196],[-78.62641006655367,1.2618798065396217],[-78.6182,1.2481],[-78.5445,1.2444],[-78.5167,1.1878],[-78.5085476842055,1.187934590119249],[-78.43701092806013,1.1891156214707055],[-78.43104991540478,1.1691622916842699],[-78.4298,1.1397],[-78.42311744005707,1.1426098742029966],[-78.3113,1.1913],[-78.2511,1.0996],[-78.25116661882177,1.0995047678482222],[-78.2816,1.056],[-78.2177156850068,1.0103079071571734],[-78.20538059082665,0.9998075149002351],[-78.20099904259747,0.9864542250589535],[-78.18686870541458,0.9433903403110766],[-78.1851,0.938],[-78.11222498619547,0.9322336278299282],[-78.1118,0.9322],[-77.91921715047327,0.8159416313647653],[-77.9107,0.8108],[-77.87853674135118,0.8086890462700653],[-77.83356828443169,0.8057376558994548],[-77.8269,0.8053],[-77.73296783736264,0.8436089318681319],[-77.71408481695515,0.8507174895118483],[-77.71249691996711,0.8495385158284136],[-77.6739,0.8019],[-77.698,0.7417],[-77.643,0.7034],[-77.6398,0.7024],[-77.58641023767497,0.668650043101679],[-77.5643,0.6517],[-77.54033938345815,0.6533703314416198],[-77.5318,0.6523],[-77.48396059151355,0.6416992219831149],[-77.51172700390171,0.48832852351290296],[-77.52643111590974,0.4071088146959754],[-77.5277,0.4001],[-77.39975372673241,0.40083815157654384],[-77.3717,0.401],[-77.28832658664632,0.3634021808201736],[-77.2881,0.3633],[-77.28800394733432,0.36332326413187227],[-77.2875,0.3632],[-77.17307247489617,0.3881453894528572],[-77.1232135589292,0.3752858500405609],[-77.1128,0.3726],[-77.09468366606171,0.32720444646098],[-77.0782,0.2859],[-77.0053,0.2951],[-77.00168846715495,0.2938288130777931],[-76.84652396018227,0.23921402746830553],[-76.8462,0.2391],[-76.84613794777611,0.23913334341490708],[-76.8449677658392,0.23976213412374542],[-76.80892527155628,0.2591293665288864],[-76.76562075471699,0.2501698113207554],[-76.7587,0.247],[-76.75777107048069,0.24854573872014174],[-76.7337,0.2886],[-76.73299668861911,0.2883581163487433],[-76.6424,0.2572],[-76.5886,0.2192],[-76.58734843262876,0.2201363229581817],[-76.5365241004184,0.2581590376569038],[-76.5354,0.259],[-76.5034,0.2363],[-76.46529322981183,0.24863985282840767],[-76.42430045493985,0.2423798724292376],[-76.4209,0.2361],[-76.42056576325444,0.24180955005363264],[-76.4124,0.3813],[-76.38285660230154,0.380503920421299],[-76.3456,0.3795],[-76.34458014622838,0.3811657611603162],[-76.32978181818181,0.40533636363636366],[-76.3126,0.4334],[-76.27561520068318,0.43493304867634514],[-76.24525048231511,0.3979],[-76.2258,0.3728],[-76.1333,0.3702],[-76.1133,0.3133],[-76.0643,0.3337],[-76.01,0.2985],[-75.98560590836661,0.260193652981938],[-76.0039,0.2484],[-76.00307852011699,0.24813668758340682],[-76.0048,0.2472],[-75.97066925795053,0.23774840989399293],[-75.96564367298286,0.2361375379177111],[-75.95373141651436,0.21613769595387627],[-75.9415578224626,0.19569908654254076],[-75.906,0.136],[-75.8542,0.1311],[-75.807,0.0467],[-75.6493,0.0266],[-75.6370896965866,0.04621340075853516],[-75.57865579701406,-0.01849705988761334],[-75.5779,-0.0277],[-75.2759,-0.1274],[-75.26642352941533,-0.11677759751039708],[-75.2023,-0.0449],[-75.1695,-0.0453],[-74.9749,-0.1575],[-74.9283,-0.2289],[-74.8543,-0.2433],[-74.7871,-0.2012],[-74.7265,-0.3488],[-74.6838,-0.3314],[-74.6893,-0.3633],[-74.6562,-0.3767],[-74.6095,-0.3534],[-74.6155,-0.3797],[-74.5058,-0.4683],[-74.4269,-0.4996],[-74.4238,-0.5601],[-74.3891,-0.5537],[-74.3418,-0.6936],[-74.3757,-0.735],[-74.3143,-0.7681],[-74.3177,-0.7962],[-74.2919,-0.7803],[-74.2805,-0.8295],[-74.2547,-0.8219],[-74.2714,-0.8791],[-74.3219,-0.8791],[-74.2757,-0.9096],[-74.2744,-0.9799],[-74.0864,-1.0544],[-74.0497,-1.053],[-74.0253,-1.006],[-74.012,-1.098],[-73.9622,-1.0849],[-73.9678,-1.1277],[-73.9052,-1.1279],[-73.8641,-1.2294],[-73.7693,-1.2627],[-73.7447,-1.2008],[-73.7281,-1.2539],[-73.6199,-1.265],[-73.5523,-1.4024],[-73.5874,-1.4237],[-73.4903,-1.4856],[-73.4999,-1.5625],[-73.4577,-1.5712],[-73.4647,-1.5899],[-73.509,-1.6242],[-73.541,-1.6991],[-73.4376,-1.7861],[-73.4252,-1.7916],[-73.3801,-1.7812],[-73.3045,-1.8295],[-73.2859,-1.7808],[-73.231,-1.802],[-73.2188,-1.7498],[-73.1855,-1.8081],[-73.1469,-1.8048],[-73.1548,-1.8596],[-73.1087,-1.8834],[-73.1301,-1.993],[-73.0934,-2.0412],[-73.1143,-2.0738],[-73.0688,-2.0883],[-73.134,-2.1815],[-73.1719,-2.1864],[-73.1728,-2.2206],[-73.1225,-2.3273],[-73.0571,-2.3659],[-73.0393,-2.3277],[-73.0015,-2.3629],[-72.9742,-2.3464],[-72.9338,-2.4575],[-72.7749,-2.3941],[-72.7511,-2.4294],[-72.7024,-2.3982],[-72.6823,-2.4533],[-72.6311,-2.3596],[-72.5183,-2.4271],[-72.4365,-2.4422],[-72.4078,-2.4163],[-72.3734,-2.4926],[-72.2552,-2.459],[-72.2514,-2.4316],[-72.1872,-2.4355],[-72.1572,-2.4813],[-72.0488,-2.3388],[-71.9198,-2.3806],[-71.9262,-2.3154],[-71.882,-2.3131],[-71.8329,-2.1959],[-71.7972,-2.207],[-71.7411,-2.1464],[-71.7286,-2.228],[-71.6504,-2.2031],[-71.518,-2.2526],[-71.4994,-2.3555],[-71.455,-2.2796],[-71.3961,-2.4112],[-71.2967,-2.3473],[-71.284,-2.3888],[-71.2265,-2.3481],[-71.1721,-2.3811],[-71.1663,-2.3436],[-71.1276,-2.339],[-71.1251,-2.2858],[-71.0366,-2.2761],[-70.9939,-2.3085],[-71.0142,-2.2264],[-70.9925,-2.2114],[-70.9372,-2.2571],[-70.8691,-2.2276],[-70.8383,-2.2926],[-70.6669,-2.3569],[-70.6833,-2.4033],[-70.6284,-2.3989],[-70.627,-2.4808],[-70.559,-2.4789],[-70.5458,-2.4501],[-70.5855,-2.4283],[-70.5656,-2.4197],[-70.4961,-2.4773],[-70.4705,-2.4558],[-70.4249,-2.5317],[-70.3661,-2.4947],[-70.301,-2.5053],[-70.3581,-2.5675],[-70.2441,-2.5585],[-70.2193,-2.6565],[-70.1652,-2.6432],[-70.1557,-2.7171],[-70.077,-2.6626],[-70.0603,-2.7597],[-70.7132,-3.7955],[-70.6208,-3.8399],[-70.5733,-3.8185],[-70.52,-3.8802],[-70.3545,-3.8002],[-70.2882,-3.8205],[-70.2481,-3.895],[-70.1832,-3.9285],[-70.1675,-4.0516],[-70.0649,-4.0809],[-69.9411,-4.2234],[-69.4563,-1.4887],[-69.3975,-1.3608],[-69.4299,-1.2185],[-69.3956,-1.1221],[-69.4329,-1.0696],[-69.4183,-1.0444],[-69.4451,-1.0231],[-69.4186,-0.9981],[-69.5282,-0.9244],[-69.5256,-0.8687],[-69.6256,-0.7458],[-69.5619,-0.6371],[-69.6036,-0.5957],[-69.6081,-0.5153],[-69.6942,-0.4577],[-69.845,-0.3374],[-69.9209,-0.3254],[-70.0608,-0.1579],[-70.0609,-0.158],[-70.0609,-0.1579],[-70.0526,-0.1469],[-70.0465,0.5633],[-70.0054,0.5442],[-69.9776,0.5781],[-69.9361,0.5529],[-69.9167,0.5902],[-69.8029,0.5719],[-69.6721,0.6679],[-69.6067,0.6133],[-69.567,0.6714],[-69.464,0.7366],[-69.3533,0.6144],[-69.2912,0.6505],[-69.2948,0.604],[-69.2008,0.6064],[-69.1832,0.6543],[-69.1201,0.6339],[-69.1878,0.7331],[-69.1476,0.7687],[-69.1674,0.8437],[-69.1366,0.8769],[-69.1909,0.9158],[-69.1656,0.9417],[-69.2179,0.9745],[-69.1979,1.0002],[-69.2444,1.0564],[-69.3212,1.0883],[-69.3761,1.0892],[-69.4121,1.0412],[-69.4374,1.0742],[-69.6054,1.098],[-69.6869,1.0719],[-69.7036,1.1188],[-69.8038,1.0654],[-69.8465,1.0779],[-69.8457,1.7139],[-69.7826,1.6928],[-69.7212,1.7352],[-69.6539,1.7181],[-69.5346,1.777],[-69.3933,1.7268],[-68.1634,1.7278],[-68.1931,1.7379],[-68.1924,1.7801],[-68.24,1.7715],[-68.2266,1.8293],[-68.2852,1.8297],[-68.1991,2.0386],[-68.1747,1.9685],[-68.1392,1.9706],[-68.0942,1.8964],[-68.062,1.8933],[-68.0311,1.811],[-67.9956,1.8457],[-67.9077,1.8048],[-67.9217,1.8927],[-67.8711,1.9008],[-67.7755,2.0349],[-67.6583,1.9903],[-67.6016,2.0437],[-67.5739,2.1625],[-67.4504,2.1688],[-67.3996,2.2335],[-67.3272,2.1549],[-67.3584,2.0414],[-67.303,1.9007],[-67.2202,1.9179],[-67.2085,1.8584],[-67.1276,1.7768],[-67.1432,1.6043],[-67.1008,1.5818],[-67.0749,1.37],[-67.1121,1.3349],[-67.1514,1.3455],[-67.1562,1.3171],[-67.1007,1.2597],[-67.0892,1.1656],[-66.8505,1.2236],[-66.85932026286966,1.2414134720700987],[-66.879,1.2735],[-66.8774920212766,1.278113297872343],[-66.852,1.3561],[-66.85205591486996,1.3561637675505118],[-66.88059599509603,1.388712014711892],[-66.9112,1.4234],[-66.963,1.6621],[-66.97201832078593,1.684746942011045],[-67.0332,1.7864],[-67.07099132157718,1.9316603923122762],[-67.123,1.9768],[-67.109319642411,2.1196071860550094],[-67.1617,2.1328],[-67.18297895618865,2.175640220253771],[-67.22050857712122,2.2511973675376056],[-67.222,2.2542],[-67.18935043339111,2.346212414988668],[-67.19780108821953,2.360803878992404],[-67.24318749844198,2.4089534712701015],[-67.4852,2.6657],[-67.48557056238049,2.665659090674299],[-67.52453499691113,2.6613574971317626],[-67.56184093877025,2.657238997773761],[-67.5631,2.6571],[-67.5638,2.726],[-67.56570107344633,2.7292160451977403],[-67.61569227692388,2.8111565140556705],[-67.65776038764385,2.7967195033313144],[-67.65834043666233,2.7965204410545197],[-67.6584,2.7965],[-67.74911174243486,2.8370685812195138],[-67.75212593338162,2.836826625755761],[-67.8641,2.7894],[-67.86409811642834,2.7895015783288217],[-67.8627,2.8649],[-67.4349,3.2484],[-67.3812,3.2484],[-67.3816,3.2927],[-67.3108,3.3779],[-67.3392,3.451],[-67.4014,3.48],[-67.44355277663513,3.6577472233648702],[-67.448,3.6765],[-67.5013,3.7675],[-67.60681069147459,3.752113024159954],[-67.6069,3.7521],[-67.6344,3.7855],[-67.70997922243458,4.043525017481624],[-67.71479918883519,4.059980226661027],[-67.78854107071642,4.215585343053584],[-67.7969,4.2296],[-67.79721104329765,4.233880131011318],[-67.80396361688251,4.326799347805832],[-67.804,4.3273],[-67.80399412769593,4.327303053598121],[-67.7615,4.3494],[-67.7731,4.419],[-67.85619847555152,4.529339040909832],[-67.8576,4.5312],[-67.8178063787698,4.707271776347723],[-67.8178,4.7073],[-67.8386,4.9434],[-67.80965376831821,5.041303768318214],[-67.80591974691883,5.053933210727128],[-67.8059,5.054],[-67.8542,5.1352],[-67.8245,5.1961],[-67.84607199088988,5.289491992687925],[-67.8494,5.3039],[-67.8267196366684,5.321296697397339],[-67.6262623519662,5.475055024460662],[-67.6249,5.4761],[-67.61819136960601,5.493578424015009],[-67.59892853596129,5.544524528442142],[-67.6381,5.6739],[-67.63775357343333,5.675207781464358],[-67.5972388064512,5.8281535032746765],[-67.5972,5.8283],[-67.41192460591603,5.992273677651865],[-67.48674061349074,6.116906639422834],[-67.4937,6.1281],[-67.49358016120365,6.128300365394948],[-67.4559,6.1913],[-67.45740744366704,6.192574459294043],[-67.4566,6.194],[-67.5391,6.2631],[-67.54113028365487,6.2633574370461655],[-67.7615,6.2913],[-67.76154796226358,6.291332598581612],[-67.8102,6.3244],[-68.02623187084042,6.19673123432139],[-68.1416,6.2288],[-68.14195511040523,6.228658855393819],[-68.1421,6.2287],[-68.3075717648747,6.1629304625739305],[-68.4478,6.1878],[-68.44788941226899,6.187773235593117],[-68.4486,6.1879],[-68.64499835219551,6.129349551681682],[-69.04586391533435,6.22042842038893],[-69.0473,6.2217],[-69.04880652028034,6.22109699647572],[-69.05140759093099,6.22005588551975],[-69.1235,6.1912],[-69.21871184455391,6.0981615601505705],[-69.24282790982478,6.080591107259523],[-69.27851764705882,6.085135294117647],[-69.30827710020297,6.090255200034919],[-69.34371209509246,6.143028708466565],[-69.34462527018754,6.144388704530631],[-69.3447,6.1445],[-69.4276,6.1073],[-69.61038792202572,6.338802110128618],[-70.1178,6.9793],[-70.3224,6.9345],[-70.4311,7.0072],[-70.5022,7.0056],[-70.50227393536849,7.005700584900567],[-70.5023,7.0057],[-70.556646527396,7.079157394172622],[-70.62203187183812,7.071118212478921],[-70.6417,7.0687],[-70.64611581027668,7.072147430830039],[-70.6873,7.1043],[-70.8802426192199,7.061146167203839],[-70.9202582139401,7.036799046852385],[-70.9214,7.0236],[-71.0221,6.974],[-71.02316138566181,6.9741885590170165],[-71.1116,6.9899],[-71.13,7.0326],[-71.2409,7.0118],[-71.32538882024124,7.024277640482495],[-71.4244,7.0388],[-71.42552858835923,7.0377232156966025],[-71.4525,7.0096],[-71.45318262046563,7.011338548998372],[-71.46478142607829,7.040879257043131],[-71.46525470794849,7.042084646806293],[-71.4653,7.0422],[-71.47826493402347,7.015173099074146],[-71.4783,7.0151],[-71.49854674187226,7.036144643029787],[-71.587,7.0163],[-71.58700046030586,7.016322382371906],[-71.5871,7.0163],[-71.5878,7.0552],[-71.7054930946567,7.032829403370552],[-71.7067,7.0326],[-71.74564919270617,7.065321276105945],[-71.75770494813204,7.062118597438503],[-71.9389,7.0062],[-71.94979083796983,7.009413197599551],[-72.0477,7.0383],[-72.04770704284395,7.038312195737663],[-72.12798116151401,7.177318838485987],[-72.1743805716161,7.257666356847444],[-72.1744,7.2577],[-72.1539,7.3282],[-72.19471163859842,7.383816815369204],[-72.35431856958591,7.396498100787261],[-72.4138,7.4007],[-72.41263365464425,7.401131422368146],[-72.41416454009354,7.401253056154378],[-72.47441615030016,7.492662819925788],[-72.4524,7.5645],[-72.46315731804535,7.658925347286976],[-72.444649545664,7.859463156412941],[-72.4445,7.86],[-72.48438213906984,7.936738736555069],[-72.4187,7.9954],[-72.41869618913196,7.995453493295689],[-72.4185,7.9956],[-72.41609233926128,8.032003830369357],[-72.416,8.0333],[-72.4114110383536,8.031367446211412],[-72.3503,8.0043],[-72.3505697919807,8.005745314182354],[-72.3545,8.0268],[-72.35880477806946,8.067733599749205],[-72.3883,8.3482],[-72.40642023359004,8.366299835578495],[-72.4065,8.3668],[-72.6546335712374,8.61423375858685],[-72.6547,8.6143],[-72.654700032964,8.614300145497248],[-72.684742757838,8.74690344729749],[-72.7660444402522,9.105754769048575],[-72.82240670006749,9.141440926497754],[-72.9483,9.0922],[-72.94832288381753,9.092230197202511],[-72.9868128670631,9.143021102928627],[-72.9871,9.1434],[-72.96286258503402,9.171319047619047],[-72.9556,9.1799],[-73.0090063116198,9.290087743304797],[-73.177,9.1766],[-73.3589,9.1675],[-73.35994213650848,9.172884371960423],[-73.36225628288861,9.184840794924419],[-73.3649,9.1985],[-73.3188890880748,9.262915276695281],[-73.1874,9.447],[-73.18744409931111,9.447118697211216],[-73.18800275149727,9.448622359170201],[-73.19799806063058,9.475525621136525],[-73.1981,9.4758],[-73.137,9.5497],[-73.08436761581267,9.557361046469612],[-73.0551,9.6784],[-72.94575061239726,9.837580752364167],[-72.98538656987296,9.900820145190563],[-72.9991,9.9227],[-72.953596,10.021292],[-72.9115,10.1125],[-72.90071065856814,10.435780637717459],[-72.9008,10.4361],[-72.8999144069128,10.437155899450119],[-72.7394,10.6529],[-72.70514099037139,10.738079504814305],[-72.648,10.8804],[-72.5538,10.9402],[-72.5091906048906,11.013645302445303],[-72.4815,11.0594],[-72.4983,11.0851],[-72.49744243916805,11.085481266132133],[-72.3494,11.1513],[-72.2494,11.1401],[-71.9714,11.6463],[-71.3732,11.8082],[-71.33362300232585,11.84180674498364],[-71.3321,11.8431],[-71.33244117165934,11.840726214088537],[-71.3241,11.8331],[-71.2902,11.9141],[-71.3271,11.9211],[-71.311,11.9289],[-71.2787,11.9079],[-71.1215,12.0244],[-71.118,12.0931],[-71.2742,12.3378],[-71.5422,12.4404],[-71.6708,12.4594],[-71.7363,12.4137],[-71.6473,12.4315],[-71.6723,12.4102],[-71.6271,12.4081],[-71.6957,12.3923],[-71.7004,12.3628],[-71.728,12.4099],[-71.7619,12.381],[-71.7433,12.3454],[-71.8049,12.3052],[-71.8397,12.3396],[-71.8083,12.3708],[-71.86,12.3561],[-71.9563,12.2721],[-71.8911,12.2753],[-71.8621,12.1963],[-71.9622,12.16],[-71.9604,12.1748],[-71.9613,12.1734],[-71.9656,12.1484],[-71.9753,12.1511],[-71.9808,12.1683],[-71.9811,12.1682],[-71.9813,12.1682],[-71.981,12.1685],[-72.0009,12.1865],[-71.9613,12.2578],[-72.1786,12.2175],[-72.1807,12.2071],[-72.1487,12.2002],[-72.1387,12.1046],[-72.2268,11.8912],[-72.4427,11.7814],[-72.7655,11.6808],[-72.9204,11.5482],[-73.2791,11.2848],[-73.5748,11.2598],[-73.5749,11.2598],[-73.7906,11.2564],[-73.9757,11.3389],[-74.0648,11.3454],[-74.0829,11.3156],[-74.1062,11.3457],[-74.1064,11.3184],[-74.1605,11.3251],[-74.1518,11.2964],[-74.1942,11.3038],[-74.2076,11.2566],[-74.2076,11.2564],[-74.2082,11.2564],[-74.209,11.2562],[-74.2093,11.2561],[-74.2105,11.2557],[-74.2128,11.2573],[-74.2134,11.2568],[-74.2146,11.2555],[-74.2171,11.2555],[-74.2183,11.2552],[-74.2184,11.2552],[-74.2187,11.255],[-74.2201,11.2538],[-74.2214,11.2524],[-74.221,11.2518],[-74.221,11.2515],[-74.2211,11.2513],[-74.221,11.251],[-74.2208,11.2508],[-74.2208,11.2506],[-74.2147,11.248],[-74.2147,11.2481],[-74.2146,11.248],[-74.2172,11.2435],[-74.2172,11.2436],[-74.2174,11.2436],[-74.2174,11.2434],[-74.2175,11.2432],[-74.2174,11.2432],[-74.2177,11.2428],[-74.2174,11.2427],[-74.2175,11.2407],[-74.2186,11.2377],[-74.221,11.2349],[-74.2247,11.2305],[-74.2335,11.2268],[-74.2349,11.2242],[-74.2363,11.2229],[-74.237,11.2224],[-74.24,11.2217],[-74.2406,11.2215],[-74.2407,11.2215],[-74.2409,11.2212],[-74.241,11.2212],[-74.2381,11.2173],[-74.2373,11.2168],[-74.237,11.2171],[-74.2369,11.2173],[-74.2335,11.2154],[-74.2336,11.2125],[-74.2355,11.2111],[-74.2357,11.2111],[-74.2357,11.211],[-74.236,11.2104],[-74.2361,11.2103],[-74.2361,11.2101],[-74.2364,11.2097],[-74.2366,11.2095],[-74.2361,11.2094],[-74.2297,11.1969],[-74.2302,11.1958],[-74.2399,11.1808],[-74.2404,11.1775],[-74.2409,11.1754],[-74.2385,11.1755],[-74.2375,11.175],[-74.2235,11.1014],[-74.2166,11.0806],[-74.2163,11.0801],[-74.2156,11.0783],[-74.2146,11.0753],[-74.2436,11.0261],[-74.2552,11.0147],[-74.2564,11.0138],[-74.2626,11.0082],[-74.2629,11.008],[-74.4741,10.9789],[-74.7939,11.0848],[-74.8519,11.1053],[-74.8531,11.0975],[-74.8461,11.0586],[-74.9213,11.0455],[-75.0475,10.9421],[-75.0271,10.9492],[-75.0436,10.8991],[-75.2247,10.7959],[-75.2633,10.7899],[-75.2777,10.7129],[-75.3945,10.6826],[-75.4615,10.5896],[-75.5127,10.5711],[-75.4921,10.4897],[-75.5121,10.4551],[-75.5164,10.4518],[-75.5183,10.4506],[-75.531,10.4396],[-75.5325,10.4386],[-75.5341,10.4377],[-75.5358,10.437],[-75.5359,10.4372],[-75.5359,10.437],[-75.5392,10.436],[-75.5392,10.4361],[-75.5393,10.4359],[-75.5423,10.4342],[-75.5462,10.4321],[-75.5535,10.4203],[-75.552,10.4169],[-75.5514,10.415],[-75.5515,10.4125],[-75.5518,10.4111],[-75.552,10.4097],[-75.5536,10.4076],[-75.5572,10.403],[-75.5587,10.4019],[-75.5606,10.4003],[-75.5648,10.3981],[-75.5654,10.3972],[-75.5639,10.3958],[-75.5627,10.3942],[-75.5621,10.3938],[-75.5596,10.3929],[-75.559,10.3922],[-75.5579,10.3938],[-75.5496,10.3915],[-75.5494,10.3915],[-75.5488,10.3912],[-75.5481,10.3908],[-75.5471,10.3907],[-75.5459,10.3905],[-75.5523,10.403],[-75.5478,10.4107],[-75.5477,10.4107],[-75.5475,10.4106],[-75.5468,10.4109],[-75.5468,10.413],[-75.5499,10.4173],[-75.5499,10.4174],[-75.5515,10.4187],[-75.5517,10.419],[-75.5515,10.4194],[-75.5514,10.4194],[-75.5514,10.4196],[-75.5494,10.4203],[-75.5448,10.415],[-75.5448,10.4148],[-75.5447,10.4148],[-75.5404,10.4114],[-75.5392,10.4104],[-75.525,10.3959],[-75.5374,10.394],[-75.5304,10.3855],[-75.5256,10.3838],[-75.5259,10.3882],[-75.5085,10.37],[-75.51,10.3655],[-75.5108,10.3632],[-75.5108,10.363],[-75.5097,10.3602],[-75.5094,10.3521],[-75.5096,10.3517],[-75.5084,10.3494],[-75.5088,10.3486],[-75.5099,10.3486],[-75.51,10.3486],[-75.509,10.3197],[-75.5087,10.3168],[-75.5082,10.3168],[-75.5615,10.2633],[-75.5889,10.2957],[-75.584,10.2617],[-75.6216,10.2504],[-75.5861,10.2258],[-75.6709,10.164],[-75.6724,10.1637],[-75.6724,10.163],[-75.675,10.1611],[-75.6764,10.1613],[-75.6777,10.1607],[-75.6755,10.1607],[-75.689,10.1509],[-75.6855,10.1392],[-75.5423,10.2444],[-75.5359,10.1729],[-75.5807,10.1255],[-75.5737,10.0864],[-75.6213,9.8244],[-75.7041,9.6981],[-75.6125,9.6946],[-75.5707,9.6181],[-75.5762,9.5545],[-75.5768,9.5524],[-75.578,9.5476],[-75.5783,9.5467],[-75.5794,9.543],[-75.5794,9.5429],[-75.5814,9.536],[-75.5817,9.5355],[-75.582,9.5344],[-75.5822,9.5339],[-75.5829,9.532],[-75.5834,9.5304],[-75.5843,9.5281],[-75.5849,9.5265],[-75.5853,9.5249],[-75.5862,9.5224],[-75.5868,9.5207],[-75.5899,9.5108],[-75.5913,9.5069],[-75.5917,9.5053],[-75.592,9.5045],[-75.5927,9.5025],[-75.5927,9.5022],[-75.5936,9.5001],[-75.5983,9.4884],[-75.5987,9.4867],[-75.5993,9.486],[-75.6005,9.4824],[-75.6008,9.4821],[-75.6015,9.4807],[-75.6026,9.4793],[-75.603,9.4777],[-75.6044,9.475],[-75.6048,9.4742],[-75.6052,9.4733],[-75.6052,9.4731],[-75.6058,9.472],[-75.6064,9.4712],[-75.6076,9.4691],[-75.6097,9.4657],[-75.6319,9.4335],[-75.6322,9.4321],[-75.6346,9.4301],[-75.6372,9.4277],[-75.6374,9.4266],[-75.6808,9.404],[-75.6887,9.4106],[-75.6992,9.4114],[-75.7,9.4118],[-75.8283,9.3936],[-75.824,9.4164],[-75.7916,9.4099],[-75.7939,9.4292],[-75.9489,9.4439],[-75.9701,9.3829],[-76.087,9.3285],[-76.0917,9.3246],[-76.1085,9.2647],[-76.1703,9.2298],[-76.1868,9.1193],[-76.2511,9.0578],[-76.2645,8.9974],[-76.4145,8.8801],[-76.4136,8.8739],[-76.4266,8.8568],[-76.43,8.8542],[-76.4304,8.8528],[-76.4359,8.8507],[-76.4367,8.8492],[-76.6309,8.7305],[-76.6514,8.6702],[-76.886,8.6227],[-76.9348,8.5363],[-76.8288,8.4995],[-76.7857,8.4204],[-76.7581,8.3929],[-76.7744,8.2666],[-76.7391,8.0973],[-76.7416,8.0938],[-76.7421,8.0904],[-76.7428,8.0783],[-76.7434,8.0777],[-76.7355,8.067],[-76.7349,8.0682],[-76.7333,8.0721],[-76.7345,8.0751],[-76.7339,8.0767],[-76.7343,8.0781],[-76.7343,8.0786],[-76.734,8.0795],[-76.737,8.0892],[-76.7363,8.0908],[-76.736,8.0915],[-76.7346,8.0904],[-76.729,8.0906],[-76.7318,8.0899],[-76.7322,8.0896],[-76.7325,8.0894],[-76.7327,8.0894],[-76.7324,8.0885],[-76.7321,8.0883],[-76.7319,8.0876],[-76.7318,8.0874],[-76.73,8.0851],[-76.73,8.0859],[-76.7294,8.0873],[-76.7285,8.0873],[-76.7279,8.0869],[-76.7278,8.0869],[-76.7278,8.0867],[-76.7269,8.0851],[-76.7251,8.083],[-76.7507,7.9195],[-76.9223,7.9176],[-76.9248,8.0245],[-76.89,8.0453],[-76.8342,8.0198],[-76.8717,8.0531],[-76.8534,8.0568],[-76.8375,8.0423],[-76.83,8.0503],[-76.8732,8.0681],[-76.8215,8.0943],[-76.8547,8.0911],[-76.8541,8.12],[-76.8128,8.1317],[-76.8294,8.1412],[-76.8936,8.1324],[-76.9318,8.0915],[-76.9506,8.1436],[-76.9102,8.1909],[-76.9126,8.1935],[-76.9196,8.1963],[-76.9263,8.1924],[-76.9437,8.2108],[-76.9573,8.1847],[-76.9684,8.2434],[-76.9418,8.2485],[-76.9483,8.2529],[-76.9623,8.2562],[-76.9802,8.2553]]],[[[-76.4367,8.8492],[-76.4368,8.8501],[-76.437,8.8501],[-76.4367,8.8492]]],[[[-76.4359,8.8507],[-76.4356,8.851],[-76.4364,8.8505],[-76.4359,8.8507]]],[[[-76.4304,8.8528],[-76.4306,8.8533],[-76.4307,8.8533],[-76.4306,8.8529],[-76.4304,8.8528]]],[[[-74.8533,11.0975],[-74.8534,11.0975],[-74.8534,11.0973],[-74.8533,11.0975]]],[[[-75.8762,9.7804],[-75.8693,9.7805],[-75.8694,9.7834],[-75.8755,9.7832],[-75.8762,9.7804]]],[[[-75.8599,9.7862],[-75.8597,9.7858],[-75.8596,9.7857],[-75.8587,9.7857],[-75.8585,9.7857],[-75.8587,9.7862],[-75.8596,9.7864],[-75.8599,9.7864],[-75.8599,9.7862]]],[[[-75.8545,9.7941],[-75.8539,9.7945],[-75.8539,9.7948],[-75.8542,9.7955],[-75.8545,9.7941]]],[[[-75.8569,9.7952],[-75.8568,9.7957],[-75.857,9.7959],[-75.8569,9.7952]]],[[[-75.8559,9.7953],[-75.8545,9.7959],[-75.8548,9.7962],[-75.8559,9.7964],[-75.8559,9.7953]]],[[[-75.8569,9.7952],[-75.8566,9.7945],[-75.8566,9.7899],[-75.8566,9.7897],[-75.8565,9.7894],[-75.8566,9.7892],[-75.8317,9.7966],[-75.8334,9.7968],[-75.8402,9.7982],[-75.8413,9.7966],[-75.8437,9.7955],[-75.845,9.7929],[-75.8498,9.7952],[-75.8451,9.7973],[-75.8451,9.7975],[-75.8451,9.7976],[-75.8514,9.8042],[-75.8517,9.8045],[-75.8504,9.7987],[-75.8521,9.7915],[-75.8569,9.7952]]],[[[-75.8539,9.7978],[-75.8542,9.7969],[-75.8538,9.7964],[-75.8533,9.7973],[-75.8539,9.7978]]],[[[-75.8517,9.8045],[-75.8517,9.8047],[-75.8518,9.8045],[-75.8517,9.8045]]],[[[-75.7764,10.1627],[-75.7762,10.1625],[-75.7759,10.1629],[-75.7762,10.1629],[-75.7764,10.1627]]],[[[-75.7889,10.1681],[-75.789,10.1681],[-75.7889,10.168],[-75.7887,10.168],[-75.7889,10.1681]]],[[[-75.7682,10.174],[-75.7666,10.1745],[-75.7675,10.1752],[-75.7688,10.1755],[-75.7682,10.174]]],[[[-75.7587,10.1762],[-75.7585,10.1761],[-75.7584,10.1762],[-75.7587,10.1762]]],[[[-75.7587,10.1762],[-75.7587,10.1764],[-75.759,10.1764],[-75.759,10.1762],[-75.7587,10.1762]]],[[[-75.7551,10.1778],[-75.7553,10.1778],[-75.7557,10.175],[-75.7512,10.1768],[-75.7539,10.177],[-75.7544,10.1771],[-75.7542,10.1785],[-75.7551,10.1778]]],[[[-75.7724,10.1784],[-75.7721,10.1775],[-75.7716,10.1773],[-75.7715,10.1784],[-75.7724,10.1784]]],[[[-75.7706,10.1778],[-75.7707,10.1784],[-75.7715,10.1773],[-75.7707,10.1773],[-75.7706,10.1778]]],[[[-75.7704,10.1789],[-75.7704,10.1784],[-75.7701,10.1785],[-75.7701,10.1789],[-75.7704,10.1789]]],[[[-75.7658,10.1787],[-75.7657,10.1787],[-75.7657,10.1791],[-75.7658,10.1791],[-75.7658,10.1787]]],[[[-75.7768,10.1791],[-75.7767,10.1796],[-75.777,10.1799],[-75.7783,10.1798],[-75.7768,10.1791]]],[[[-75.777,10.1812],[-75.7764,10.1784],[-75.7761,10.1782],[-75.7755,10.1785],[-75.777,10.1812]]],[[[-75.775,10.1812],[-75.7749,10.1814],[-75.775,10.1814],[-75.775,10.1812]]],[[[-75.7283,10.1456],[-75.7276,10.1456],[-75.728,10.1475],[-75.7285,10.1468],[-75.7283,10.1456]]],[[[-75.6911,10.1495],[-75.6907,10.1495],[-75.6907,10.1505],[-75.691,10.1503],[-75.6911,10.1495]]],[[[-75.6916,10.1507],[-75.6917,10.1498],[-75.6913,10.1498],[-75.6913,10.1507],[-75.6916,10.1507]]],[[[-75.6898,10.1507],[-75.6905,10.1503],[-75.6904,10.1498],[-75.6898,10.1498],[-75.6898,10.1507]]],[[[-75.7495,10.1752],[-75.7493,10.1754],[-75.7495,10.1754],[-75.7495,10.1752]]],[[[-75.75,10.1805],[-75.7502,10.1798],[-75.7495,10.1757],[-75.7487,10.1805],[-75.7489,10.1805],[-75.7489,10.1803],[-75.7495,10.1803],[-75.75,10.1805]]],[[[-75.75,10.1805],[-75.75,10.1808],[-75.7502,10.1808],[-75.75,10.1805]]],[[[-75.7487,10.1817],[-75.7364,10.1828],[-75.749,10.1824],[-75.749,10.1822],[-75.749,10.1821],[-75.7487,10.1817]]],[[[-75.7164,10.1828],[-75.7185,10.1831],[-75.7179,10.1822],[-75.7166,10.1824],[-75.7164,10.1828]]],[[[-75.7221,10.184],[-75.7225,10.1819],[-75.7216,10.1826],[-75.721,10.1831],[-75.7221,10.184]]],[[[-75.7176,10.1842],[-75.7175,10.1845],[-75.7178,10.1845],[-75.7179,10.1842],[-75.7176,10.1842]]],[[[-75.7262,10.1845],[-75.7265,10.1847],[-75.7267,10.1847],[-75.7267,10.1843],[-75.7262,10.1845]]],[[[-75.7372,10.1852],[-75.7374,10.1854],[-75.7375,10.1854],[-75.7375,10.1852],[-75.7372,10.1852]]],[[[-75.7365,10.1854],[-75.7367,10.1854],[-75.7367,10.1852],[-75.7365,10.1852],[-75.7365,10.1854]]],[[[-75.5802,10.305],[-75.5782,10.3059],[-75.5797,10.3093],[-75.5826,10.3098],[-75.5802,10.305]]],[[[-75.5785,10.3121],[-75.5752,10.3128],[-75.5782,10.3137],[-75.5785,10.3147],[-75.5785,10.3121]]],[[[-75.5807,10.3198],[-75.5813,10.3197],[-75.5813,10.3195],[-75.5807,10.3198]]],[[[-75.5807,10.3198],[-75.5819,10.3218],[-75.5802,10.3225],[-75.5774,10.3246],[-75.5773,10.3246],[-75.5767,10.3253],[-75.5765,10.3255],[-75.5759,10.3265],[-75.5758,10.3267],[-75.575,10.3274],[-75.5758,10.3279],[-75.549,10.3362],[-75.5471,10.3413],[-75.5466,10.342],[-75.543,10.342],[-75.5435,10.3434],[-75.5472,10.3648],[-75.5752,10.381],[-75.5758,10.3813],[-75.5762,10.3808],[-75.5764,10.3808],[-75.5908,10.3258],[-75.5807,10.3198]]],[[[-75.5664,10.3966],[-75.5664,10.3965],[-75.5663,10.3966],[-75.5664,10.3966]]],[[[-75.5648,10.3981],[-75.5648,10.3982],[-75.5655,10.3989],[-75.5648,10.3981]]],[[[-75.5094,10.3198],[-75.5094,10.3197],[-75.5093,10.3197],[-75.5093,10.3198],[-75.5094,10.3198]]],[[[-75.5234,10.3829],[-75.5233,10.3829],[-75.5233,10.3831],[-75.5234,10.3831],[-75.5234,10.3829]]],[[[-75.5256,10.3838],[-75.5256,10.3836],[-75.5234,10.3829],[-75.5256,10.3838]]],[[[-75.5305,10.3855],[-75.5307,10.3854],[-75.5305,10.3854],[-75.5305,10.3855]]],[[[-75.5596,10.3929],[-75.5597,10.3926],[-75.5596,10.3926],[-75.5596,10.3929]]],[[[-75.5374,10.394],[-75.5375,10.3938],[-75.5374,10.3938],[-75.5374,10.394]]],[[[-75.5639,10.3958],[-75.5642,10.3956],[-75.564,10.3956],[-75.5639,10.3958]]],[[[-75.5576,10.4035],[-75.5576,10.4033],[-75.5575,10.4033],[-75.5576,10.4035]]],[[[-75.5536,10.4076],[-75.5536,10.4077],[-75.5539,10.4074],[-75.5536,10.4076]]],[[[-75.5526,10.4099],[-75.5523,10.4097],[-75.5521,10.4097],[-75.5526,10.4099]]],[[[-75.5472,10.4102],[-75.5471,10.4102],[-75.5471,10.4104],[-75.5472,10.4102]]],[[[-75.5475,10.4106],[-75.5477,10.4104],[-75.5475,10.4104],[-75.5475,10.4106]]],[[[-75.5518,10.4111],[-75.5523,10.4114],[-75.5523,10.4113],[-75.5518,10.4111]]],[[[-75.5515,10.4125],[-75.5518,10.4129],[-75.552,10.4127],[-75.5515,10.4125]]],[[[-75.5514,10.415],[-75.5517,10.4151],[-75.5517,10.415],[-75.5514,10.415]]],[[[-75.5515,10.4187],[-75.5514,10.4187],[-75.5514,10.4188],[-75.5515,10.4187]]],[[[-75.5344,10.4382],[-75.5346,10.4381],[-75.5343,10.4379],[-75.5344,10.4382]]],[[[-75.5164,10.4518],[-75.5164,10.4521],[-75.5166,10.4521],[-75.5164,10.4518]]],[[[-75.5121,10.4551],[-75.5121,10.4553],[-75.5125,10.4558],[-75.5127,10.4557],[-75.5121,10.4551]]],[[[-76.087,9.3285],[-76.087,9.3286],[-76.0871,9.3286],[-76.087,9.3285]]],[[[-77.3686,7.8285],[-77.3687,7.8285],[-77.3687,7.8283],[-77.3686,7.8283],[-77.3686,7.8285]]],[[[-74.7939,11.0848],[-74.7937,11.085],[-74.7937,11.0852],[-74.7939,11.085],[-74.7939,11.0848]]],[[[-74.2373,11.2168],[-74.2373,11.2166],[-74.2372,11.2166],[-74.2373,11.2168]]],[[[-74.2214,11.2353],[-74.2215,11.2354],[-74.2217,11.2351],[-74.2214,11.2353]]],[[[-74.2186,11.2377],[-74.2187,11.2379],[-74.219,11.2381],[-74.2189,11.2379],[-74.2186,11.2377]]],[[[-74.2178,11.2437],[-74.2181,11.2439],[-74.2183,11.2437],[-74.218,11.2436],[-74.2178,11.2437]]],[[[-78.8914,1.5094],[-78.8889,1.5092],[-78.8896,1.5097],[-78.8919,1.5097],[-78.8914,1.5094]]],[[[-78.781,1.8013],[-78.7809,1.8011],[-78.7809,1.8013],[-78.781,1.8013]]],[[[-78.7771,1.8029],[-78.7771,1.8027],[-78.777,1.8027],[-78.7771,1.8029]]],[[[-78.7783,1.8073],[-78.7785,1.8075],[-78.7785,1.8073],[-78.7783,1.8073]]],[[[-78.7654,1.8157],[-78.7654,1.8159],[-78.7655,1.8159],[-78.7654,1.8157]]],[[[-78.7639,1.8159],[-78.7642,1.8161],[-78.764,1.8159],[-78.7639,1.8159]]],[[[-78.7681,1.8196],[-78.7682,1.8196],[-78.7682,1.8194],[-78.7681,1.8194],[-78.7681,1.8196]]],[[[-78.762,1.806],[-78.7618,1.806],[-78.7618,1.8062],[-78.762,1.806]]],[[[-78.7456,1.8067],[-78.7457,1.8067],[-78.7457,1.8066],[-78.7456,1.8066],[-78.7456,1.8067]]],[[[-78.7628,1.8154],[-78.7627,1.8152],[-78.7627,1.8154],[-78.7628,1.8154]]],[[[-78.7637,1.8164],[-78.7639,1.8166],[-78.7639,1.8164],[-78.7637,1.8164]]],[[[-78.76,1.8187],[-78.76,1.8186],[-78.7599,1.8186],[-78.7599,1.8187],[-78.76,1.8187]]],[[[-75.6374,9.4266],[-75.6375,9.4268],[-75.6375,9.4266],[-75.6374,9.4266]]],[[[-75.6346,9.4301],[-75.6346,9.4303],[-75.6347,9.4303],[-75.6347,9.4301],[-75.6346,9.4301]]],[[[-75.6064,9.4712],[-75.6066,9.4713],[-75.6066,9.4712],[-75.6064,9.4712]]],[[[-75.6058,9.472],[-75.606,9.4722],[-75.6061,9.4722],[-75.6061,9.472],[-75.6058,9.472]]],[[[-75.6048,9.4742],[-75.605,9.4743],[-75.6051,9.4743],[-75.605,9.4742],[-75.6048,9.4742]]],[[[-75.6044,9.475],[-75.6047,9.4752],[-75.6048,9.4752],[-75.6047,9.475],[-75.6044,9.475]]],[[[-75.6035,9.4777],[-75.6032,9.4777],[-75.6033,9.4779],[-75.6035,9.4779],[-75.6035,9.4777]]],[[[-75.602,9.4807],[-75.6017,9.4807],[-75.6018,9.4809],[-75.602,9.4809],[-75.602,9.4807]]],[[[-75.5989,9.4868],[-75.599,9.4868],[-75.599,9.4867],[-75.5989,9.4867],[-75.5989,9.4868]]],[[[-75.5983,9.4884],[-75.5983,9.4886],[-75.5984,9.4884],[-75.5983,9.4884]]],[[[-75.5922,9.5045],[-75.5922,9.5046],[-75.5923,9.5045],[-75.5922,9.5045]]],[[[-75.5899,9.5108],[-75.5899,9.511],[-75.5901,9.511],[-75.5901,9.5108],[-75.5899,9.5108]]],[[[-75.5862,9.5224],[-75.5863,9.5226],[-75.5865,9.5226],[-75.5865,9.5224],[-75.5862,9.5224]]],[[[-75.5856,9.5249],[-75.5855,9.5249],[-75.5855,9.5251],[-75.5856,9.5251],[-75.5856,9.5249]]],[[[-75.5849,9.5265],[-75.5849,9.5267],[-75.585,9.5267],[-75.585,9.5265],[-75.5849,9.5265]]],[[[-75.5843,9.5281],[-75.5843,9.5283],[-75.5844,9.5283],[-75.5844,9.5281],[-75.5843,9.5281]]],[[[-75.5837,9.5304],[-75.5835,9.5304],[-75.5835,9.5305],[-75.5837,9.5305],[-75.5837,9.5304]]],[[[-75.5829,9.532],[-75.5831,9.5321],[-75.5832,9.5321],[-75.5832,9.532],[-75.5829,9.532]]],[[[-75.5814,9.536],[-75.5816,9.5362],[-75.5816,9.536],[-75.5814,9.536]]],[[[-77.065,3.8749],[-77.0651,3.8749],[-77.0651,3.8748],[-77.065,3.8748],[-77.065,3.8749]]],[[[-77.0736,3.8811],[-77.0738,3.8811],[-77.0738,3.8809],[-77.0736,3.8811]]],[[[-77.0762,3.8837],[-77.0763,3.8837],[-77.0763,3.8836],[-77.0762,3.8837]]],[[[-77.2265,4.0398],[-77.2332,4.0414],[-77.2405,4.0383],[-77.2326,4.0314],[-77.2265,4.0398]]],[[[-81.688,12.5799],[-81.688,12.5801],[-81.6878,12.5802],[-81.688,12.5804],[-81.688,12.5806],[-81.6876,12.5806],[-81.6874,12.5806],[-81.6873,12.5811],[-81.6874,12.5817],[-81.6876,12.5818],[-81.6884,12.5827],[-81.6884,12.5829],[-81.6886,12.5829],[-81.6893,12.5834],[-81.6932,12.5854],[-81.7041,12.5947],[-81.7228,12.5734],[-81.7225,12.5718],[-81.723,12.5704],[-81.732,12.5274],[-81.7298,12.5052],[-81.73,12.5043],[-81.7297,12.4805],[-81.7066,12.5321],[-81.7066,12.5323],[-81.7039,12.5464],[-81.7044,12.5612],[-81.7044,12.5614],[-81.7047,12.5614],[-81.7047,12.5613],[-81.7072,12.5624],[-81.7023,12.5644],[-81.7002,12.5656],[-81.7033,12.5677],[-81.7048,12.5679],[-81.7067,12.5695],[-81.7072,12.5717],[-81.7053,12.57],[-81.7021,12.5681],[-81.7033,12.5743],[-81.6977,12.5785],[-81.6965,12.5797],[-81.6938,12.5801],[-81.6937,12.5797],[-81.6937,12.5799],[-81.6937,12.5801],[-81.692,12.5801],[-81.6919,12.5801],[-81.6908,12.5799],[-81.6899,12.5795],[-81.6881,12.5799],[-81.688,12.5799]]],[[[-81.6899,12.5795],[-81.6901,12.5795],[-81.6899,12.5794],[-81.6899,12.5795]]],[[[-81.6965,12.5797],[-81.6965,12.5795],[-81.6963,12.5795],[-81.6965,12.5797]]],[[[-81.6937,12.5797],[-81.6937,12.5795],[-81.6935,12.5797],[-81.6937,12.5797]]],[[[-81.691,12.5797],[-81.691,12.5795],[-81.6908,12.5795],[-81.691,12.5797]]],[[[-81.6932,12.5854],[-81.6931,12.5854],[-81.6929,12.5855],[-81.6932,12.5855],[-81.6932,12.5854]]],[[[-81.6884,12.5496],[-81.6883,12.5506],[-81.6887,12.551],[-81.6898,12.5505],[-81.6884,12.5496]]],[[[-81.6889,12.5524],[-81.6886,12.5522],[-81.6889,12.5529],[-81.6892,12.5529],[-81.6892,12.5528],[-81.6889,12.5524]]],[[[-81.688,12.5799],[-81.688,12.5797],[-81.6878,12.5797],[-81.688,12.5799]]],[[[-81.6899,12.601],[-81.6907,12.5991],[-81.6896,12.5991],[-81.689,12.5998],[-81.6899,12.601]]],[[[-81.3719,13.329],[-81.3557,13.3433],[-81.3558,13.3516],[-81.3538,13.3605],[-81.3542,13.3609],[-81.3566,13.3669],[-81.3581,13.3681],[-81.3582,13.3685],[-81.3579,13.369],[-81.3578,13.369],[-81.3572,13.3697],[-81.3572,13.3699],[-81.357,13.3702],[-81.3581,13.3706],[-81.3584,13.3706],[-81.3582,13.3713],[-81.3573,13.3724],[-81.3567,13.3729],[-81.3564,13.3731],[-81.3548,13.3752],[-81.3543,13.3771],[-81.3557,13.3783],[-81.3558,13.3783],[-81.3563,13.3783],[-81.3588,13.3787],[-81.3625,13.3822],[-81.3642,13.3854],[-81.3701,13.3773],[-81.37,13.3745],[-81.392,13.3271],[-81.377,13.3239],[-81.3746,13.3253],[-81.3719,13.329]]],[[[-81.3707,13.3946],[-81.3724,13.394],[-81.3801,13.3852],[-81.3767,13.3815],[-81.3703,13.3835],[-81.3697,13.3872],[-81.3709,13.388],[-81.3707,13.3946]]]]},"properties":{"iso3":"COL"}},
{"type":"Feature","geometry":{"type":"MultiPolygon","coordinates":[[[[-22.8578,16.2025],[-22.9095,16.2271],[-22.919,16.2087],[-22.9149,16.1974],[-22.9154,16.1905],[-22.9232,16.1801],[-22.9072,16.1239],[-22.9558,16.0861],[-22.9642,16.0447],[-22.9641,16.0447],[-22.9642,16.0446],[-22.8812,15.9753],[-22.7982,15.9691],[-22.7946,15.9684],[-22.7945,15.9685],[-22.7943,15.9693],[-22.7604,16.004],[-22.6902,16.0423],[-22.6833,16.0486],[-22.6808,16.0557],[-22.6816,16.0562],[-22.6815,16.0579],[-22.6783,16.0641],[-22.676,16.0682],[-22.6746,16.0701],[-22.6731,16.0718],[-22.6729,16.0759],[-22.6728,16.0762],[-22.6712,16.0785],[-22.6705,16.0784],[-22.669,16.0796],[-22.6688,16.0799],[-22.6692,16.0807],[-22.6689,16.0812],[-22.6674,16.0856],[-22.6653,16.0856],[-22.6683,16.0871],[-22.6705,16.1027],[-22.6726,16.1082],[-22.6726,16.1083],[-22.672605676855895,16.108294323144104],[-22.6739,16.1298],[-22.6932,16.1651],[-22.694,16.1657],[-22.7059,16.1906],[-22.7277,16.2063],[-22.7276,16.2063],[-22.7277,16.2064],[-22.7278,16.2064],[-22.731,16.2091],[-22.7827,16.2221],[-22.7926,16.2244],[-22.8228,16.2052],[-22.8578,16.2025]]],[[[-22.9257,16.1643],[-22.9343,16.1762],[-22.9347,16.1718],[-22.9318,16.1687],[-22.9257,16.1643]]],[[[-22.6596,16.1542],[-22.664,16.1528],[-22.6576,16.1531],[-22.6585,16.1535],[-22.6596,16.1542]]],[[[-22.673,16.1853],[-22.6723,16.1851],[-22.672,16.1851],[-22.6724,16.1855],[-22.673,16.1853]]],[[[-24.748,14.8395],[-24.7463,14.8332],[-24.7157,14.8076],[-24.6648,14.8422],[-24.6815,14.9004],[-24.7354,14.8821],[-24.748,14.8395]]],[[[-24.7288,14.8905],[-24.728,14.8887],[-24.7276,14.8891],[-24.7279,14.8905],[-24.7288,14.8905]]],[[[-24.6627,14.9695],[-24.6617,14.967],[-24.6587,14.9693],[-24.66,14.9701],[-24.6627,14.9695]]],[[[-24.6569,14.9677],[-24.6564,14.9679],[-24.6563,14.9686],[-24.6567,14.97],[-24.6569,14.9677]]],[[[-24.6935,14.973],[-24.6949,14.9601],[-24.6839,14.9639],[-24.6834,14.9777],[-24.6935,14.973]]],[[[-24.6496,14.9712],[-24.6498,14.9703],[-24.6475,14.9689],[-24.6477,14.971],[-24.6496,14.9712]]],[[[-24.6463,14.9675],[-24.6418,14.9635],[-24.6303,14.9742],[-24.6354,14.9838],[-24.6463,14.9675]]],[[[-23.0919,15.191],[-23.0893,15.1952],[-23.0946,15.232],[-23.0953,15.2366],[-23.0973,15.2463],[-23.0977,15.2487],[-23.098,15.2491],[-23.0974,15.2503],[-23.0974,15.251],[-23.0985,15.2521],[-23.1015,15.2568],[-23.1022,15.2592],[-23.1021,15.2593],[-23.1022,15.2593],[-23.1034,15.2604],[-23.1013,15.2735],[-23.1006,15.2757],[-23.1005,15.2768],[-23.1006,15.2768],[-23.1006,15.2773],[-23.101,15.2797],[-23.1092,15.3043],[-23.1092,15.3044],[-23.1592,15.3287],[-23.18,15.3379],[-23.1806,15.3373],[-23.1806,15.3372],[-23.183,15.3278],[-23.2278,15.2756],[-23.2156,15.2435],[-23.2169,15.2329],[-23.2252,15.22],[-23.2252,15.2201],[-23.227,15.219],[-23.2289,15.1458],[-23.1357,15.129],[-23.1356,15.129],[-23.1351,15.1294],[-23.135,15.1294],[-23.132,15.133],[-23.1319,15.133],[-23.1292,15.1353],[-23.1271,15.1361],[-23.1196,15.1382],[-23.1158,15.1391],[-23.1125,15.1432],[-23.0918,15.1662],[-23.0929,15.1897],[-23.0929,15.1898],[-23.0928,15.1898],[-23.0919,15.191]]],[[[-23.0919,15.191],[-23.0918,15.1909],[-23.0918,15.191],[-23.0919,15.191]]],[[[-24.4,15.0308],[-24.4866,14.979],[-24.5046,14.9195],[-24.4984,14.8826],[-24.3907,14.8143],[-24.3019,14.8444],[-24.2821,14.9083],[-24.2893,14.9525],[-24.3155,15.034],[-24.4,15.0308]]],[[[-24.9678,17.1179],[-24.9684,17.1185],[-24.9689,17.1181],[-24.9687,17.1174],[-24.9678,17.1179]]],[[[-25.0165,17.1708],[-25.093,17.2052],[-25.233,17.1283],[-25.3388,17.0928],[-25.3539,17.0331],[-25.2982,16.9058],[-25.1812,16.9186],[-25.0702,17.0176],[-25.0652,17.0184],[-24.9815,17.0675],[-24.9652,17.1093],[-24.9922,17.1206],[-25.0163,17.1709],[-25.0165,17.1708]]],[[[-23.5323,14.9031],[-23.5323,14.903],[-23.5322,14.903],[-23.5323,14.9031]]],[[[-23.5415,14.9049],[-23.5413,14.9048],[-23.5411,14.9049],[-23.5411,14.9048],[-23.541,14.9048],[-23.541,14.9046],[-23.5409,14.9046],[-23.5408,14.9046],[-23.5408,14.9048],[-23.5403,14.9048],[-23.5403,14.9049],[-23.5401,14.9044],[-23.5401,14.9043],[-23.5403,14.9042],[-23.5405,14.9038],[-23.5405,14.9037],[-23.5404,14.9036],[-23.5402,14.9034],[-23.54,14.9035],[-23.5399,14.9034],[-23.5397,14.9035],[-23.5396,14.9034],[-23.5396,14.9035],[-23.5395,14.9037],[-23.5394,14.9038],[-23.5391,14.904],[-23.5391,14.9043],[-23.539,14.9043],[-23.539,14.9044],[-23.539,14.9045],[-23.5386,14.9043],[-23.5383,14.9039],[-23.5382,14.9039],[-23.5381,14.9038],[-23.538,14.9037],[-23.5379,14.9036],[-23.5378,14.9036],[-23.5374,14.9035],[-23.5367,14.9033],[-23.5366,14.9032],[-23.5364,14.9031],[-23.5363,14.9031],[-23.5362,14.9031],[-23.5362,14.903],[-23.5359,14.9029],[-23.5358,14.9029],[-23.5354,14.9032],[-23.5349,14.9028],[-23.5348,14.9027],[-23.5347,14.9027],[-23.5345,14.9027],[-23.5344,14.9028],[-23.5341,14.9027],[-23.534,14.9027],[-23.5335,14.9027],[-23.5334,14.9027],[-23.5334,14.9026],[-23.5333,14.9026],[-23.5332,14.9026],[-23.5328,14.9027],[-23.5326,14.9028],[-23.5323,14.9031],[-23.5321,14.9031],[-23.5319,14.9032],[-23.5317,14.9033],[-23.5315,14.9035],[-23.5313,14.9037],[-23.5311,14.9035],[-23.531,14.9036],[-23.5308,14.9038],[-23.5307,14.9037],[-23.5306,14.9037],[-23.5306,14.9036],[-23.5305,14.9037],[-23.5301,14.9037],[-23.5299,14.9036],[-23.5298,14.9034],[-23.5297,14.9035],[-23.5291,14.9038],[-23.5287,14.9034],[-23.5287,14.9035],[-23.528,14.9035],[-23.5277,14.9033],[-23.5278,14.9032],[-23.5277,14.9032],[-23.5276,14.9032],[-23.5276,14.9031],[-23.5275,14.9031],[-23.5274,14.9031],[-23.5273,14.9032],[-23.5273,14.9033],[-23.527,14.9033],[-23.5269,14.9032],[-23.5268,14.9032],[-23.5268,14.9033],[-23.5266,14.9032],[-23.5266,14.9031],[-23.5265,14.9031],[-23.5265,14.9032],[-23.5264,14.9032],[-23.5263,14.9031],[-23.5263,14.903],[-23.5261,14.9028],[-23.526,14.9028],[-23.5257,14.9028],[-23.5254,14.9029],[-23.5252,14.9029],[-23.5251,14.903],[-23.525,14.9032],[-23.5227,14.9032],[-23.5223,14.9031],[-23.5222,14.9032],[-23.5219,14.9035],[-23.5219,14.9036],[-23.5217,14.9043],[-23.5203,14.9032],[-23.52,14.9027],[-23.52,14.9026],[-23.5198,14.9021],[-23.5199,14.9019],[-23.5197,14.9019],[-23.5195,14.902],[-23.5194,14.9019],[-23.5192,14.902],[-23.5188,14.9019],[-23.5187,14.9019],[-23.5185,14.9019],[-23.5181,14.9018],[-23.5179,14.9017],[-23.5177,14.9021],[-23.5178,14.9025],[-23.5176,14.9026],[-23.5177,14.9029],[-23.5164,14.904],[-23.5164,14.9039],[-23.5163,14.9039],[-23.5159,14.904],[-23.5155,14.9041],[-23.5153,14.904],[-23.5151,14.9038],[-23.515,14.9038],[-23.515,14.9037],[-23.5148,14.9037],[-23.5148,14.9036],[-23.5147,14.9036],[-23.5146,14.9037],[-23.5146,14.9036],[-23.5139,14.9037],[-23.5137,14.9036],[-23.5136,14.9036],[-23.5134,14.9027],[-23.5135,14.9027],[-23.5135,14.9025],[-23.5135,14.9024],[-23.5135,14.9023],[-23.5134,14.9022],[-23.5133,14.9022],[-23.5133,14.9019],[-23.513,14.9018],[-23.5131,14.9018],[-23.5132,14.9018],[-23.5133,14.9016],[-23.513,14.9016],[-23.5129,14.9017],[-23.5128,14.9016],[-23.5128,14.9015],[-23.5127,14.9015],[-23.5127,14.9014],[-23.5124,14.9012],[-23.5122,14.901],[-23.512,14.901],[-23.512,14.9009],[-23.512,14.9008],[-23.5115,14.9008],[-23.5115,14.9009],[-23.5113,14.9007],[-23.5113,14.9006],[-23.5113,14.9005],[-23.5112,14.9005],[-23.5113,14.9004],[-23.5113,14.9002],[-23.511,14.9002],[-23.5109,14.9002],[-23.5109,14.9],[-23.5108,14.8999],[-23.5107,14.8999],[-23.5106,14.8999],[-23.5106,14.8998],[-23.5103,14.9],[-23.5104,14.9001],[-23.5103,14.9001],[-23.5101,14.9001],[-23.51,14.9001],[-23.5099,14.9001],[-23.5099,14.9],[-23.5098,14.9002],[-23.5095,14.9003],[-23.5095,14.9002],[-23.5094,14.9001],[-23.5091,14.9001],[-23.5091,14.9],[-23.5089,14.9002],[-23.5089,14.9003],[-23.5092,14.9006],[-23.5095,14.9007],[-23.5096,14.9007],[-23.5099,14.9009],[-23.5099,14.901],[-23.5101,14.9011],[-23.5105,14.9014],[-23.5105,14.9015],[-23.5109,14.9019],[-23.511,14.9019],[-23.5111,14.9021],[-23.5111,14.9022],[-23.5111,14.9023],[-23.5114,14.9024],[-23.5114,14.9025],[-23.5115,14.9027],[-23.5115,14.9028],[-23.5117,14.9029],[-23.5116,14.9036],[-23.5117,14.9038],[-23.5114,14.9041],[-23.5113,14.904],[-23.511,14.9042],[-23.5108,14.9043],[-23.511,14.9045],[-23.5112,14.9046],[-23.5105,14.9061],[-23.5103,14.9062],[-23.5101,14.9063],[-23.5099,14.9064],[-23.5102,14.9072],[-23.5103,14.9072],[-23.5104,14.9072],[-23.5106,14.9073],[-23.5086,14.9152],[-23.5038,14.916],[-23.5032,14.9149],[-23.4945,14.9111],[-23.4945,14.911],[-23.4945,14.9108],[-23.4944,14.9107],[-23.4944,14.9106],[-23.4943,14.9105],[-23.4943,14.9104],[-23.4943,14.9103],[-23.4943,14.9099],[-23.4943,14.9098],[-23.4943,14.9096],[-23.4942,14.9095],[-23.494,14.9094],[-23.4939,14.9094],[-23.4938,14.9093],[-23.4938,14.9092],[-23.4937,14.9092],[-23.4936,14.9092],[-23.4932,14.9091],[-23.4931,14.909],[-23.493,14.9089],[-23.4928,14.909],[-23.4928,14.9091],[-23.4927,14.9092],[-23.4926,14.9092],[-23.4925,14.9093],[-23.4924,14.9093],[-23.4923,14.9094],[-23.4923,14.9095],[-23.4922,14.9096],[-23.4921,14.9096],[-23.4921,14.9097],[-23.492,14.9099],[-23.4919,14.9099],[-23.492,14.91],[-23.4919,14.91],[-23.4919,14.9101],[-23.4919,14.9102],[-23.4916,14.9104],[-23.4914,14.9106],[-23.4913,14.9107],[-23.4913,14.9108],[-23.4909,14.9107],[-23.4908,14.9107],[-23.4905,14.9106],[-23.4903,14.9108],[-23.4903,14.9109],[-23.4902,14.9109],[-23.49,14.9109],[-23.4899,14.9109],[-23.4899,14.9108],[-23.4898,14.9109],[-23.4898,14.9108],[-23.4897,14.9108],[-23.4896,14.9108],[-23.4894,14.9109],[-23.4893,14.9109],[-23.4892,14.911],[-23.4891,14.911],[-23.489,14.9111],[-23.489,14.9112],[-23.4889,14.9113],[-23.4889,14.9114],[-23.4886,14.9114],[-23.4882,14.9113],[-23.4881,14.9113],[-23.4881,14.9112],[-23.488,14.9112],[-23.4879,14.9111],[-23.4879,14.911],[-23.4878,14.9111],[-23.4878,14.911],[-23.4876,14.9109],[-23.4876,14.9108],[-23.4875,14.9108],[-23.4874,14.9108],[-23.4871,14.9108],[-23.487,14.9107],[-23.487,14.9106],[-23.4869,14.9106],[-23.4867,14.9104],[-23.4866,14.9104],[-23.4865,14.9105],[-23.4865,14.9104],[-23.4864,14.9104],[-23.4864,14.9105],[-23.4862,14.9105],[-23.4859,14.9105],[-23.4856,14.9107],[-23.4831,14.9061],[-23.4811,14.9065],[-23.481,14.9066],[-23.4811,14.9066],[-23.4811,14.9068],[-23.4784,14.9145],[-23.478962499999998,14.9175],[-23.4789,14.9175],[-23.479,14.9177],[-23.4793,14.9214],[-23.479,14.9228],[-23.4724,14.9306],[-23.4585,14.9732],[-23.4348,15.0048],[-23.4361,15.0072],[-23.4313,15.0154],[-23.4468,15.043],[-23.4467,15.0441],[-23.4467,15.0461],[-23.4472,15.0467],[-23.4527,15.0505],[-23.4596,15.0538],[-23.4725,15.0649],[-23.4722,15.0653],[-23.4736,15.0665],[-23.4749,15.0683],[-23.4748,15.0686],[-23.4745,15.0703],[-23.4813,15.0763],[-23.4808,15.0768],[-23.4807,15.0776],[-23.4807,15.0777],[-23.4807,15.0778],[-23.4804,15.0806],[-23.4807,15.0811],[-23.4808,15.0811],[-23.4823,15.0821],[-23.4824,15.0821],[-23.4825,15.0822],[-23.4848,15.0832],[-23.4843,15.0854],[-23.4848,15.0863],[-23.4849,15.0864],[-23.4855,15.088],[-23.4901,15.0889],[-23.4904,15.0916],[-23.4924,15.0938],[-23.4926,15.0969],[-23.4936,15.0987],[-23.4937,15.0988],[-23.4968,15.1052],[-23.498,15.1066],[-23.4993,15.1096],[-23.5002,15.1116],[-23.5005,15.112],[-23.5295,15.1453],[-23.5319,15.1475],[-23.5315,15.1498],[-23.539,15.1528],[-23.5424,15.1526],[-23.543,15.1557],[-23.5599,15.1557],[-23.5744,15.1616],[-23.5772,15.1731],[-23.5826,15.1792],[-23.598,15.2012],[-23.6109,15.2184],[-23.6567,15.2467],[-23.6653,15.2541],[-23.6739,15.2563],[-23.674,15.2564],[-23.6788,15.2587],[-23.6818,15.2619],[-23.6847,15.266],[-23.6888,15.2758],[-23.6889,15.2786],[-23.6911,15.2884],[-23.6899,15.2902],[-23.6896,15.2906],[-23.688,15.2963],[-23.6848,15.3164],[-23.6857,15.3188],[-23.6922,15.3256],[-23.6927,15.3258],[-23.6944,15.3265],[-23.6945,15.3266],[-23.6945,15.3265],[-23.7176,15.3294],[-23.7179,15.3294],[-23.7203,15.329],[-23.7255,15.3322],[-23.7256,15.3323],[-23.7256,15.3322],[-23.7295,15.3329],[-23.7366,15.3354],[-23.7392,15.3385],[-23.7392,15.3386],[-23.7403,15.3393],[-23.7512,15.3331],[-23.7544,15.3326],[-23.756,15.3332],[-23.7574,15.3324],[-23.7573,15.3313],[-23.7576,15.3238],[-23.7667,15.3193],[-23.7657,15.318],[-23.7665,15.3059],[-23.7666,15.3058],[-23.7666,15.3059],[-23.7705,15.3022],[-23.7706,15.3022],[-23.7717,15.3017],[-23.7732,15.2984],[-23.7721,15.2936],[-23.7719,15.2932],[-23.7566,15.2863],[-23.7545,15.2805],[-23.7546,15.2804],[-23.7547,15.2804],[-23.7552,15.2798],[-23.7591,15.2788],[-23.7594,15.2789],[-23.7595,15.279],[-23.7594,15.2786],[-23.7593,15.2782],[-23.7594,15.2779],[-23.7597,15.278],[-23.7586,15.2768],[-23.7586,15.2767],[-23.7586,15.2766],[-23.7586,15.2765],[-23.7587,15.2761],[-23.759,15.2763],[-23.759,15.2762],[-23.7591,15.2762],[-23.7591,15.276],[-23.7585,15.2758],[-23.7586,15.2756],[-23.7579,15.2754],[-23.7578,15.2754],[-23.7578,15.2753],[-23.7586,15.2749],[-23.7588,15.2749],[-23.759,15.2742],[-23.7589,15.2739],[-23.7409,15.2478],[-23.7411,15.2468],[-23.7409,15.2433],[-23.7464,15.2309],[-23.7501,15.2279],[-23.754,15.2242],[-23.7544,15.2227],[-23.75405,15.222],[-23.7541,15.222],[-23.754,15.2219],[-23.7557,15.203],[-23.7563,15.2028],[-23.757,15.1986],[-23.7677,15.173],[-23.7639,15.1666],[-23.7638,15.1661],[-23.7636,15.1658],[-23.7664,15.1635],[-23.7658,15.1598],[-23.7658,15.1597],[-23.7658,15.1589],[-23.7665,15.1578],[-23.7662,15.1571],[-23.769,15.0609],[-23.7641,15.0557],[-23.7588,15.0497],[-23.7584,15.0496],[-23.7213,14.9829],[-23.7209,14.9829],[-23.7117,14.9768],[-23.6831,14.9481],[-23.6365,14.9215],[-23.6364,14.9215],[-23.6362,14.9215],[-23.6359,14.9213],[-23.6354,14.9211],[-23.6352,14.9208],[-23.6351,14.9209],[-23.6351,14.9208],[-23.635,14.9207],[-23.6349,14.9207],[-23.6337,14.9211],[-23.6335,14.9212],[-23.6298,14.9197],[-23.6298,14.9195],[-23.6297,14.9196],[-23.6277,14.9183],[-23.6266,14.9125],[-23.6262,14.9119],[-23.6261,14.9113],[-23.6221,14.9104],[-23.621,14.9134],[-23.6197,14.9132],[-23.6191,14.913],[-23.619,14.9131],[-23.6185,14.9133],[-23.6177,14.9138],[-23.6177,14.914],[-23.6161,14.9149],[-23.616,14.9148],[-23.6157,14.9148],[-23.6156,14.9148],[-23.605,14.913314018691588],[-23.605,14.9133],[-23.6049,14.9133],[-23.6044,14.9127],[-23.6042,14.9124],[-23.6041,14.9123],[-23.6036,14.9121],[-23.6034,14.9121],[-23.6032,14.9121],[-23.6031,14.9123],[-23.6029,14.9124],[-23.6022,14.9129],[-23.602,14.9131],[-23.6013,14.9128],[-23.6003,14.9127],[-23.5995,14.9127],[-23.5987,14.9123],[-23.5984,14.9119],[-23.5984,14.9118],[-23.598,14.9116],[-23.5965,14.9117],[-23.596,14.9116],[-23.5938,14.9109],[-23.5937,14.911],[-23.5931,14.9103],[-23.5913,14.9096],[-23.5913,14.9095],[-23.5905,14.9079],[-23.5905,14.9077],[-23.5895,14.9074],[-23.5891,14.9079],[-23.5861,14.9076],[-23.5858,14.9071],[-23.5855,14.9073],[-23.5855,14.9074],[-23.5857,14.9076],[-23.5844,14.9098],[-23.5841,14.91],[-23.5839,14.9099],[-23.5823,14.9098],[-23.5819,14.9096],[-23.5808,14.9095],[-23.5804,14.9094],[-23.58,14.9101],[-23.5801,14.9117],[-23.5774,14.9099],[-23.5773,14.9098],[-23.5773,14.9097],[-23.5763,14.9096],[-23.5703,14.9078],[-23.5617,14.9081],[-23.5579,14.9088],[-23.5572,14.9071],[-23.5442,14.9055],[-23.5441,14.9054],[-23.544,14.9054],[-23.5439,14.9053],[-23.5437,14.9055],[-23.5436,14.9055],[-23.543,14.9056],[-23.543,14.9055],[-23.5429,14.9055],[-23.5429,14.9057],[-23.5428,14.9057],[-23.5426,14.9056],[-23.5426,14.9055],[-23.5425,14.9054],[-23.5424,14.9055],[-23.5424,14.9054],[-23.5422,14.9054],[-23.5421,14.9054],[-23.5419,14.9053],[-23.5415,14.9049]]],[[[-23.5415,14.9049],[-23.5416,14.9049],[-23.5415,14.9048],[-23.5415,14.9049]]],[[[-23.5079,14.9095],[-23.508,14.9095],[-23.5081,14.9095],[-23.5082,14.9076],[-23.5081,14.9076],[-23.5079,14.9073],[-23.5077,14.9066],[-23.5076,14.9064],[-23.5075,14.9062],[-23.5074,14.9061],[-23.5073,14.906],[-23.5073,14.9059],[-23.5072,14.9058],[-23.5072,14.9057],[-23.5062,14.906],[-23.5062,14.9061],[-23.5061,14.9066],[-23.5062,14.9067],[-23.5062,14.9068],[-23.5065,14.9072],[-23.5067,14.9075],[-23.5067,14.9076],[-23.5069,14.9079],[-23.507,14.9082],[-23.5076,14.9091],[-23.5076,14.9092],[-23.5077,14.9092],[-23.5078,14.9092],[-23.5078,14.9094],[-23.5079,14.9095]]],[[[-23.4931,14.909],[-23.4933,14.909],[-23.4932,14.9089],[-23.4931,14.909]]],[[[-24.014,16.559],[-24.014,16.5589],[-24.0139,16.559],[-24.014,16.559]]],[[[-24.014,16.559],[-24.0077,16.57],[-24.0097,16.5727],[-24.0097,16.5728],[-24.0098,16.5728],[-24.023,16.5843],[-24.0231,16.5843],[-24.0231,16.5844],[-24.0238,16.5854],[-24.029,16.585],[-24.037,16.5864],[-24.0382,16.5914],[-24.0385,16.5926],[-24.0386,16.5925],[-24.0387,16.5926],[-24.0386,16.5926],[-24.0386,16.5927],[-24.0388,16.5927],[-24.0705,16.6112],[-24.0718,16.6116],[-24.0722,16.6113],[-24.1114,16.6147],[-24.1116,16.6148],[-24.1188,16.6173],[-24.3006,16.653],[-24.3023,16.6553],[-24.3138,16.6664],[-24.3141,16.6671],[-24.3196,16.6717],[-24.3358,16.6794],[-24.3388,16.6805],[-24.3443,16.6807],[-24.3518,16.6726],[-24.3519,16.6726],[-24.3521,16.6726],[-24.3563,16.6717],[-24.3898,16.6669],[-24.3904,16.6657],[-24.3966,16.6601],[-24.3968,16.6593],[-24.4143,16.6557],[-24.4258,16.6436],[-24.419,16.6064],[-24.3841,16.5819],[-24.3306,16.5109],[-24.3299,16.5094],[-24.3296,16.5087],[-24.3285,16.5041],[-24.328,16.5033],[-24.3279,16.5033],[-24.3279,16.5032],[-24.328,16.4868],[-24.3186,16.4837],[-24.3181,16.4827],[-24.3152,16.4793],[-24.3077,16.4839],[-24.3076,16.4839],[-24.2834,16.5502],[-24.2294,16.5924],[-24.2051,16.5934],[-24.1608,16.5845],[-24.1525,16.5789],[-24.1098,16.5541],[-24.0209,16.55],[-24.014,16.559]]],[[[-24.1116,16.6148],[-24.1115,16.6149],[-24.1116,16.6149],[-24.1116,16.6148]]],[[[-24.3521,16.6726],[-24.352,16.6727],[-24.3521,16.6727],[-24.3521,16.6726]]],[[[-23.6277,14.9183],[-23.6278,14.9183],[-23.6278,14.9182],[-23.6277,14.9182],[-23.6277,14.9183]]],[[[-23.6298,14.9195],[-23.6298,14.9194],[-23.6297,14.9194],[-23.6298,14.9195]]],[[[-23.5703,14.9078],[-23.5704,14.9077],[-23.5703,14.9077],[-23.5703,14.9078]]],[[[-23.5804,14.9094],[-23.5805,14.9094],[-23.5804,14.9093],[-23.5804,14.9094]]],[[[-22.9228,16.8514],[-22.9232,16.8509],[-22.9233,16.8508],[-22.9233,16.8507],[-22.9255,16.8484],[-22.9257,16.8483],[-22.9256,16.8483],[-22.9271,16.8478],[-22.9276,16.8473],[-22.9282,16.847],[-22.9284,16.847],[-22.9303,16.8464],[-22.9304,16.8462],[-22.9305,16.8462],[-22.9307,16.8462],[-22.9319,16.8456],[-22.9321,16.8456],[-22.9329,16.846],[-22.9329,16.8459],[-22.9328,16.8457],[-22.9336,16.8453],[-22.9336,16.8455],[-22.9341,16.8453],[-22.9342,16.8453],[-22.9343,16.8453],[-22.9391,16.8425],[-22.941,16.8411],[-22.9432,16.841],[-22.9452,16.8411],[-22.9454,16.841],[-22.9479,16.8417],[-22.9488,16.8421],[-22.9489,16.8423],[-22.9502,16.844],[-22.9503,16.8444],[-22.9934,16.8111],[-22.9896,16.6997],[-22.9382,16.6844],[-22.9391,16.6615],[-22.9258,16.586],[-22.8856,16.594],[-22.8976,16.6384],[-22.8976,16.639],[-22.8957,16.6401],[-22.8849,16.6569],[-22.8811,16.6616],[-22.8744,16.6675],[-22.8818,16.6989],[-22.8904,16.8345],[-22.9048,16.8426],[-22.918,16.8548],[-22.9183,16.855],[-22.9182,16.855],[-22.9182,16.8551],[-22.9183,16.8551],[-22.9194,16.8559],[-22.9213,16.8546],[-22.9215,16.8549],[-22.9219,16.8534],[-22.9225,16.8522],[-22.9228,16.8514]]],[[[-22.9228,16.8514],[-22.9228,16.8515],[-22.9229,16.8515],[-22.9228,16.8514]]],[[[-23.7658,15.1589],[-23.7659,15.1589],[-23.7659,15.1588],[-23.7658,15.1589]]],[[[-23.5772,15.1731],[-23.5771,15.1731],[-23.5772,15.1732],[-23.5772,15.1731]]],[[[-23.4748,15.0686],[-23.4748,15.0685],[-23.4747,15.0685],[-23.4747,15.0686],[-23.4748,15.0686]]],[[[-23.4745,15.0703],[-23.4744,15.0703],[-23.4744,15.0704],[-23.4745,15.0704],[-23.4745,15.0703]]],[[[-24.992439436619716,16.782760563380283],[-24.9882,16.78],[-24.8751,16.8092],[-24.875,16.8093],[-24.8735,16.8096],[-24.8686,16.812],[-24.863,16.8165],[-24.8629,16.8192],[-24.8597,16.8352],[-24.8593,16.8356],[-24.8647,16.8381],[-24.8641,16.8642],[-24.9089,16.8771],[-24.9201,16.9226],[-24.9615,16.9107],[-24.9618,16.9115],[-24.9987,16.8906],[-24.9912,16.8826],[-24.9918,16.8822],[-24.9922,16.8818],[-24.9926,16.8816],[-24.9926,16.8814],[-24.9926,16.8813],[-24.9927,16.8812],[-24.9926,16.8811],[-24.9927,16.8809],[-24.9927,16.8808],[-24.994,16.8796],[-24.9943,16.8795],[-24.9951,16.8789],[-25.037,16.8825],[-25.0734,16.8524],[-25.0756,16.8507],[-25.0571,16.8097],[-25.0498,16.8045],[-25.0397,16.8026],[-25.0377,16.8026],[-25.0361,16.8025],[-25.0315,16.8016],[-25.0295,16.8],[-25.029,16.7999],[-25.0251,16.7991],[-25.0216,16.7978],[-25.0212,16.7978],[-25.0209,16.7977],[-25.021,16.7976],[-25.0182,16.7953],[-25.018,16.7951],[-25.0178,16.7949],[-25.0157,16.7934],[-25.0139,16.793],[-25.0124,16.7935],[-25.008,16.7917],[-25.0079,16.7917],[-25.0075,16.7913],[-25.006,16.7907],[-25.001,16.7856],[-24.9951,16.7841],[-24.9924,16.7829],[-24.9925,16.7828],[-24.9925,16.7827],[-24.992439436619716,16.782760563380283]]],[[[-25.0109,16.9097],[-25.0117,16.9112],[-25.0124,16.9107],[-25.0115,16.9091],[-25.0109,16.9097]]],[[[-24.5912,16.604],[-24.5934,16.6261],[-24.6129,16.6216],[-24.6116,16.6063],[-24.5912,16.604]]],[[[-24.6602,16.6489],[-24.6697,16.6635],[-24.6835,16.6742],[-24.6793,16.6594],[-24.6602,16.6489]]],[[[-24.7763,16.8063],[-24.7861,16.7696],[-24.7433,16.7354],[-24.6842,16.7481],[-24.7225,16.7538],[-24.7763,16.8063]]],[[[-23.6899,15.2902],[-23.6899,15.2901],[-23.6898,15.2902],[-23.6899,15.2902]]],[[[-24.3967,16.6601],[-24.3966,16.6604],[-24.3968,16.6604],[-24.3968,16.6602],[-24.3967,16.6601]]],[[[-24.3904,16.6657],[-24.3904,16.6658],[-24.3905,16.6658],[-24.3905,16.6657],[-24.3904,16.6657]]],[[[-24.3898,16.6669],[-24.3897,16.667],[-24.3898,16.667],[-24.3898,16.6669]]]]},"properties":{"iso3":"CPV"}},
{"type":"Feature","geometry":{"type":"MultiPolygon","coordinates":[[[[42.6976,12.3593],[42.465,12.5277],[42.3525,12.4395],[42.0107,11.9222],[41.9422,11.8243],[41.8158,11.7382],[41.7815,11.6374],[41.7482,11.5067],[41.7769,11.2856],[41.7517,10.9865],[41.9053,10.9371],[41.9158,10.9087],[42.1606,10.9665],[42.3948,10.9686],[42.4743,11.0319],[42.5805,11.0536],[42.6268,11.0733],[42.6743,11.0379],[42.7373,11.0484],[42.7573,10.9707],[42.926663480038826,10.96678515896443],[43.21859179018514,11.398972349357454],[43.23610365812542,11.424897909642617],[43.2586,11.4608],[43.1854,11.5345],[43.151,11.6235],[43.1026,11.5779],[42.9079,11.5904],[42.9057,11.5901],[42.70121475409836,11.551759016393444],[42.7012,11.5518],[42.70120545454545,11.551757272727272],[42.6849,11.5487],[42.6593,11.5246],[42.6879,11.4765],[42.624,11.4651],[42.5271,11.5218],[42.5274,11.5482],[42.5263,11.5915],[42.6821,11.5557],[42.699,11.6351],[42.7798,11.747],[42.8768,11.7868],[42.9432,11.7701],[43.0865,11.8414],[43.1843,11.9524],[43.3724,11.9835],[43.4163,12.0965],[43.3979,12.2324],[43.326,12.4757],[43.2924,12.4643],[43.1338,12.7068],[42.8896,12.6188],[42.7997,12.5073],[42.8233,12.4357],[42.6976,12.3593]]],[[[43.191,11.5501],[43.1896,11.5546],[43.1854,11.5546],[43.1848,11.5504],[43.191,11.5501]]],[[[43.0771,11.5965],[43.0752,11.5977],[43.0724,11.5979],[43.0724,11.5974],[43.0771,11.5965]]],[[[43.1531,11.7116],[43.1659,11.7131],[43.164,11.7168],[43.1482,11.7142],[43.1531,11.7116]]],[[[43.2039,11.7089],[43.2138,11.73],[43.2055,11.7202],[43.1776,11.7214],[43.2039,11.7089]]],[[[42.541,11.5332],[42.541,11.5387],[42.5365,11.539],[42.534,11.5349],[42.541,11.5332]]],[[[42.5343,11.541],[42.5346,11.5435],[42.5326,11.544],[42.5307,11.5412],[42.5343,11.541]]]]},"properties":{"iso3":"DJI"}},
{"type":"Feature","geometry":{"type":"MultiPolygon","coordinates":[[[[-70.0873,19.6355],[-70.1688,19.6216],[-70.303,19.6533],[-70.4521,19.7835],[-70.5274,19.753],[-70.6327,19.7642],[-70.7404,19.8354],[-70.7399,19.8353],[-70.7401,19.8368],[-70.7413,19.8362],[-70.7412,19.836],[-70.7429,19.8371],[-70.7812,19.8289],[-70.8484,19.9084],[-70.933,19.9157],[-70.9339,19.8899],[-71.0245,19.9309],[-71.0996,19.8688],[-71.1783,19.8567],[-71.1198,19.8493],[-71.1821,19.8346],[-71.2124,19.8703],[-71.2155,19.8386],[-71.2567,19.8296],[-71.4258,19.8883],[-71.4335,19.9018],[-71.4486,19.9076],[-71.4569,19.9072],[-71.4278,19.889],[-71.4881,19.9099],[-71.5807,19.9096],[-71.6279,19.8813],[-71.6546,19.899],[-71.6596,19.8571],[-71.7786,19.7793],[-71.7734,19.7583],[-71.7467,19.7958],[-71.7097,19.6949],[-71.75757103094124,19.69416914456578],[-71.7621,19.6941],[-71.75464379390395,19.671891730230023],[-71.67850262485292,19.445105667572694],[-71.67850025149949,19.44509859855223],[-71.68439964580874,19.412225],[-71.69395959324025,19.360319387984028],[-71.7858,19.3318],[-71.753,19.2797],[-71.73955546015179,19.272145155360526],[-71.7323,19.2625],[-71.70831624886296,19.254591011402344],[-71.6389,19.2317],[-71.6218,19.2065],[-71.654,19.116],[-71.65417094306933,19.11596425414078],[-71.667875,19.113098602484474],[-71.7023,19.1059],[-71.7011,19.0732],[-71.7891,18.9931],[-71.8338,19.0051],[-71.85095163567898,18.990361332078137],[-71.8864,18.9599],[-71.8819,18.9414],[-71.85507027697925,18.958219500982647],[-71.7843158691702,18.955009600242278],[-71.7826,18.9545],[-71.7291,18.874],[-71.7393,18.7238],[-71.75612953458611,18.712194564558498],[-71.8042,18.6854],[-71.81536542320555,18.630868870594327],[-71.81543618610176,18.630706254683815],[-71.8157,18.6301],[-71.9657,18.6565],[-72.00757181218508,18.624501890251572],[-72.0115,18.6215],[-71.88159944433532,18.503354249219086],[-71.8811,18.5029],[-71.91338296063948,18.484126216735813],[-71.9136,18.484],[-71.90827155963302,18.468514220183486],[-71.90436853378417,18.45717105131024],[-71.904,18.4561],[-71.696,18.3406],[-71.70594556621882,18.323351669865644],[-71.725,18.2923],[-71.72801055830558,18.28508494280843],[-71.7882,18.1807],[-71.7511338097585,18.121017151306063],[-71.7351,18.0952],[-71.7591,18.0311],[-71.6726,17.9622],[-71.6789,17.8968],[-71.6344,17.8333],[-71.6988,17.7711],[-71.5344,17.7522],[-71.4218,17.5966],[-71.2735,17.8497],[-71.073,18.1085],[-71.0552,18.1551],[-71.0979,18.2819],[-71.0469,18.3167],[-70.9687,18.2572],[-70.9148,18.2638],[-70.8416,18.3477],[-70.7269,18.3548],[-70.7097,18.41],[-70.6658,18.4314],[-70.5812,18.4044],[-70.5921,18.278],[-70.5112,18.2185],[-70.5639,18.2041],[-70.5014,18.1928],[-70.392,18.2373],[-70.1894,18.2284],[-70.1494,18.2347],[-70.0192,18.4209],[-69.8819,18.479],[-69.786,18.4653],[-69.7794,18.4648],[-69.6856,18.4492],[-69.6383,18.4008],[-69.6179,18.4478],[-69.5212,18.4038],[-69.489,18.4104],[-69.331,18.4254],[-69.3256,18.4687],[-69.3105,18.4504],[-69.3098,18.4399],[-69.3041,18.4392],[-69.2977,18.4359],[-69.2821,18.4376],[-69.2066,18.4517],[-69.0843,18.393],[-69.016,18.3961],[-68.8962,18.3983],[-68.895,18.397],[-68.8942,18.3962],[-68.8934,18.396],[-68.8928,18.396],[-68.8927,18.396],[-68.8927,18.3959],[-68.8923,18.3959],[-68.8921,18.3957],[-68.8433,18.3735],[-68.8427,18.3692],[-68.8432,18.3691],[-68.8433,18.369],[-68.8431,18.3688],[-68.8405,18.3684],[-68.8422,18.3659],[-68.8425,18.3658],[-68.8433,18.3647],[-68.8425,18.3642],[-68.8406,18.3624],[-68.8407,18.3624],[-68.8407,18.3622],[-68.8404,18.3622],[-68.8403,18.3622],[-68.8402,18.3622],[-68.8402,18.362],[-68.84,18.3613],[-68.8395,18.3605],[-68.8395,18.3604],[-68.8394,18.3603],[-68.8385,18.3597],[-68.8385,18.3596],[-68.7547,18.2023],[-68.7439,18.2234],[-68.6427,18.2099],[-68.6021,18.3319],[-68.618,18.3674],[-68.4645,18.3447],[-68.3259,18.6184],[-68.7757,18.9741],[-68.9424,19.0315],[-69.0151,19.0148],[-69.0258,18.9857],[-69.0741,18.9867],[-69.1408,19.0434],[-69.1418,18.998],[-69.1811,19.0063],[-69.18540411608139,19.00742773501778],[-69.1734,19.0109],[-69.183,19.0172],[-69.1904,19.0098],[-69.18573205383849,19.007513659022933],[-69.3788,19.0581],[-69.4139,19.1033],[-69.4795,19.0942],[-69.4783,19.0906],[-69.4389,19.0974],[-69.455,19.0704],[-69.6041,19.0794],[-69.6047,19.0798],[-69.603,19.0808],[-69.6071,19.0811],[-69.6316,19.0946],[-69.6315,19.095],[-69.6321,19.0948],[-69.6392,19.0987],[-69.6259,19.2217],[-69.4816,19.2079],[-69.2286,19.18],[-69.1491,19.2991],[-69.2514,19.2916],[-69.2152,19.3527],[-69.2364,19.364],[-69.3289,19.2836],[-69.4127,19.3228],[-69.537,19.3226],[-69.7082,19.279],[-69.766,19.2945],[-69.8731,19.4445],[-69.9004,19.6469],[-70.0218,19.6814],[-70.0873,19.6355]],[[-71.6361,18.5304],[-71.625,18.4948],[-71.515,18.4512],[-71.6219,18.4101],[-71.8309,18.5276],[-71.7542,18.5086],[-71.7022,18.5663],[-71.6361,18.5304]]],[[[-69.2851,19.1621],[-69.2856,19.1625],[-69.2862,19.1619],[-69.2858,19.1616],[-69.2851,19.1621]]],[[[-69.2811,19.1676],[-69.2753,19.1639],[-69.2722,19.1665],[-69.2779,19.1687],[-69.2811,19.1676]]],[[[-69.2755,19.1837],[-69.2761,19.1837],[-69.2761,19.1831],[-69.2755,19.1831],[-69.2755,19.1837]]],[[[-69.2763,19.1635],[-69.2756,19.163],[-69.2751,19.1635],[-69.2756,19.1637],[-69.2763,19.1635]]],[[[-69.27,19.1663],[-69.2707,19.1668],[-69.2714,19.1666],[-69.2711,19.1661],[-69.27,19.1663]]],[[[-69.2711,19.1692],[-69.2702,19.1682],[-69.2697,19.1684],[-69.269,19.1694],[-69.2711,19.1692]]],[[[-69.2265,19.1783],[-69.2266,19.1784],[-69.227,19.1785],[-69.2268,19.178],[-69.2265,19.1783]]],[[[-69.2216,19.1813],[-69.2218,19.181],[-69.2213,19.1806],[-69.2211,19.181],[-69.2216,19.1813]]],[[[-71.755,19.8212],[-71.7561,19.8227],[-71.7604,19.8199],[-71.7575,19.8183],[-71.755,19.8212]]],[[[-71.7946,19.8257],[-71.7942,19.8304],[-71.7998,19.8281],[-71.7988,19.8263],[-71.7946,19.8257]]],[[[-71.8117,19.849],[-71.8177,19.8573],[-71.8366,19.8634],[-71.834,19.8523],[-71.8117,19.849]]],[[[-71.8128,19.8638],[-71.815,19.8621],[-71.8136,19.8595],[-71.8099,19.8612],[-71.8128,19.8638]]],[[[-71.7652,19.8613],[-71.7653,19.864],[-71.769,19.8658],[-71.768,19.8616],[-71.7652,19.8613]]],[[[-71.6734,19.8702],[-71.6761,19.8685],[-71.6751,19.8658],[-71.6739,19.8662],[-71.6734,19.8702]]],[[[-71.8401,19.8615],[-71.835,19.868],[-71.8409,19.8768],[-71.844,19.8702],[-71.8401,19.8615]]],[[[-71.8156,19.8725],[-71.8174,19.8787],[-71.8217,19.8788],[-71.8204,19.8751],[-71.8156,19.8725]]],[[[-71.7866,19.8813],[-71.7838,19.8821],[-71.7836,19.8863],[-71.7875,19.8858],[-71.7866,19.8813]]],[[[-71.6668,19.8858],[-71.6654,19.8895],[-71.6696,19.8906],[-71.6701,19.8854],[-71.6668,19.8858]]],[[[-71.8122,19.8899],[-71.8076,19.8938],[-71.812,19.8987],[-71.8163,19.8953],[-71.8122,19.8899]]],[[[-71.6237,19.9038],[-71.6196,19.9039],[-71.6196,19.9045],[-71.6224,19.9049],[-71.6237,19.9038]]],[[[-71.632,19.9054],[-71.631,19.9043],[-71.6286,19.9038],[-71.6266,19.9062],[-71.632,19.9054]]],[[[-71.6076,19.9082],[-71.6088,19.9086],[-71.6097,19.9078],[-71.609,19.9066],[-71.6076,19.9082]]],[[[-71.6115,19.9096],[-71.6121,19.9108],[-71.6131,19.909],[-71.6119,19.9088],[-71.6115,19.9096]]],[[[-71.5899,19.9097],[-71.589,19.9096],[-71.5887,19.9102],[-71.5896,19.9107],[-71.5899,19.9097]]],[[[-71.5615,19.9179],[-71.5701,19.9177],[-71.5815,19.9185],[-71.5906,19.9138],[-71.5615,19.9179]]],[[[-71.5524,19.918],[-71.5497,19.9168],[-71.5493,19.9197],[-71.5524,19.9197],[-71.5524,19.918]]],[[[-71.5533,19.9194],[-71.555,19.9187],[-71.5552,19.9184],[-71.5528,19.9178],[-71.5533,19.9194]]],[[[-71.274,19.8392],[-71.276,19.8392],[-71.2752,19.8372],[-71.2743,19.8377],[-71.274,19.8392]]],[[[-71.2728,19.8456],[-71.2722,19.8443],[-71.2712,19.8455],[-71.2712,19.846],[-71.2728,19.8456]]],[[[-71.2853,19.8464],[-71.287,19.8455],[-71.2867,19.8439],[-71.2836,19.8458],[-71.2853,19.8464]]],[[[-71.2652,19.8491],[-71.265,19.8473],[-71.2639,19.8476],[-71.2641,19.849],[-71.2652,19.8491]]],[[[-71.3044,19.8703],[-71.3064,19.871],[-71.3083,19.8693],[-71.3063,19.8683],[-71.3044,19.8703]]],[[[-71.2947,19.8739],[-71.302,19.8786],[-71.314,19.8754],[-71.2969,19.8712],[-71.2947,19.8739]]],[[[-71.327,19.8771],[-71.3276,19.8776],[-71.3301,19.8771],[-71.3326,19.876],[-71.327,19.8771]]],[[[-71.3168,19.8786],[-71.3211,19.8812],[-71.3256,19.879],[-71.3178,19.8778],[-71.3168,19.8786]]],[[[-71.328,19.8796],[-71.3296,19.8817],[-71.3324,19.8799],[-71.3294,19.8787],[-71.328,19.8796]]],[[[-71.324,19.8815],[-71.3242,19.8833],[-71.3278,19.8812],[-71.3265,19.8805],[-71.324,19.8815]]],[[[-71.3266,19.8844],[-71.3284,19.8853],[-71.3296,19.8852],[-71.328,19.8834],[-71.3266,19.8844]]],[[[-71.3471,19.8856],[-71.342,19.8849],[-71.3426,19.8856],[-71.346,19.8865],[-71.3471,19.8856]]],[[[-71.3497,19.8959],[-71.3628,19.8954],[-71.3474,19.8936],[-71.3463,19.8906],[-71.3405,19.8913],[-71.3497,19.8959]]],[[[-71.5495,19.9148],[-71.5489,19.916],[-71.55,19.9163],[-71.5506,19.9138],[-71.5495,19.9148]]],[[[-71.5471,19.9153],[-71.5486,19.916],[-71.5489,19.915],[-71.5483,19.9148],[-71.5471,19.9153]]],[[[-71.538,19.9202],[-71.5342,19.9159],[-71.5325,19.9198],[-71.5357,19.9215],[-71.538,19.9202]]],[[[-71.523,19.92],[-71.5231,19.9195],[-71.5183,19.918],[-71.5142,19.9205],[-71.523,19.92]]],[[[-71.6425,17.4702],[-71.6376,17.478],[-71.6428,17.4804],[-71.648,17.4774],[-71.6425,17.4702]]],[[[-71.6453,17.487],[-71.6476,17.4862],[-71.6493,17.4844],[-71.6494,17.4839],[-71.6453,17.487]]],[[[-71.4692,17.5801],[-71.5073,17.6118],[-71.5386,17.5957],[-71.5489,17.541],[-71.4692,17.5801]]],[[[-71.709,17.6308],[-71.7086,17.6314],[-71.7106,17.6324],[-71.7102,17.6312],[-71.709,17.6308]]],[[[-69.6001,19.0798],[-69.5995,19.0802],[-69.6006,19.0819],[-69.6021,19.0813],[-69.6001,19.0798]]],[[[-69.5917,19.0838],[-69.5925,19.0831],[-69.5917,19.0823],[-69.5906,19.0824],[-69.5917,19.0838]]],[[[-69.5372,19.0837],[-69.5377,19.0835],[-69.5379,19.083],[-69.537,19.0831],[-69.5372,19.0837]]],[[[-69.5386,19.0852],[-69.5384,19.0846],[-69.538,19.0849],[-69.5381,19.0854],[-69.5386,19.0852]]],[[[-69.5541,19.0853],[-69.5546,19.0857],[-69.5554,19.0853],[-69.554,19.0845],[-69.5541,19.0853]]],[[[-69.5402,19.0851],[-69.5406,19.0873],[-69.5424,19.0885],[-69.5419,19.0843],[-69.5402,19.0851]]],[[[-69.5472,19.087],[-69.5498,19.0876],[-69.5496,19.0863],[-69.548,19.086],[-69.5472,19.087]]],[[[-69.5761,19.0885],[-69.5787,19.0874],[-69.5784,19.0863],[-69.5758,19.0874],[-69.5761,19.0885]]],[[[-69.5387,19.0902],[-69.5391,19.0902],[-69.5387,19.0891],[-69.5382,19.0895],[-69.5387,19.0902]]],[[[-69.543,19.0898],[-69.5463,19.0936],[-69.5473,19.0929],[-69.5437,19.0857],[-69.543,19.0898]]],[[[-69.5682,19.0894],[-69.567,19.0902],[-69.568,19.0913],[-69.5686,19.0912],[-69.5682,19.0894]]],[[[-69.5614,19.0914],[-69.5607,19.0893],[-69.5595,19.0905],[-69.5608,19.0913],[-69.5614,19.0914]]],[[[-69.5644,19.0909],[-69.5638,19.091],[-69.564,19.092],[-69.5647,19.0917],[-69.5644,19.0909]]],[[[-69.5691,19.0908],[-69.5695,19.0923],[-69.5707,19.0914],[-69.571,19.0908],[-69.5691,19.0908]]],[[[-69.5435,19.0922],[-69.5429,19.0921],[-69.5432,19.0928],[-69.5435,19.0926],[-69.5435,19.0922]]],[[[-69.5483,19.0934],[-69.5486,19.0929],[-69.5481,19.0926],[-69.5475,19.0936],[-69.5483,19.0934]]],[[[-69.5473,19.0956],[-69.5443,19.0918],[-69.5439,19.0926],[-69.5443,19.0955],[-69.5473,19.0956]]],[[[-69.5418,19.0941],[-69.5418,19.0945],[-69.5425,19.0945],[-69.5424,19.0939],[-69.5418,19.0941]]],[[[-69.4898,19.0793],[-69.4901,19.0797],[-69.4904,19.0795],[-69.4901,19.0791],[-69.4898,19.0793]]],[[[-69.4693,19.0819],[-69.4701,19.0818],[-69.4698,19.081],[-69.4688,19.0816],[-69.4693,19.0819]]],[[[-69.4658,19.0812],[-69.4652,19.0819],[-69.4661,19.0822],[-69.4663,19.0812],[-69.4658,19.0812]]],[[[-69.5334,19.0831],[-69.5347,19.0825],[-69.5342,19.0811],[-69.5335,19.0811],[-69.5334,19.0831]]],[[[-69.4923,19.0826],[-69.4927,19.0827],[-69.4926,19.0823],[-69.4923,19.0823],[-69.4923,19.0826]]],[[[-69.5286,19.0845],[-69.5301,19.0844],[-69.5289,19.0829],[-69.5283,19.0832],[-69.5286,19.0845]]],[[[-69.5374,19.0861],[-69.5372,19.088],[-69.5362,19.0896],[-69.5387,19.0879],[-69.538,19.0857],[-69.5374,19.0861]]],[[[-69.5084,19.0891],[-69.5087,19.0885],[-69.5081,19.0878],[-69.5075,19.0885],[-69.5084,19.0891]]],[[[-69.5146,19.0895],[-69.5146,19.0871],[-69.5132,19.0876],[-69.5138,19.0906],[-69.5146,19.0895]]],[[[-69.5191,19.0884],[-69.5184,19.0884],[-69.5181,19.0891],[-69.5186,19.0894],[-69.5191,19.0884]]],[[[-69.5112,19.0893],[-69.5119,19.0905],[-69.5125,19.0891],[-69.5119,19.0885],[-69.5112,19.0893]]],[[[-69.5101,19.0892],[-69.5089,19.0889],[-69.5092,19.0901],[-69.5098,19.0903],[-69.5101,19.0892]]],[[[-69.522,19.0901],[-69.5223,19.0906],[-69.5231,19.0902],[-69.5235,19.0893],[-69.522,19.0901]]],[[[-69.517,19.0915],[-69.5174,19.0894],[-69.5164,19.0894],[-69.516,19.0918],[-69.517,19.0915]]],[[[-69.4996,19.0905],[-69.4995,19.0909],[-69.4998,19.0909],[-69.4999,19.0906],[-69.4996,19.0905]]],[[[-69.5192,19.0922],[-69.5209,19.0898],[-69.5182,19.0912],[-69.5182,19.0919],[-69.5192,19.0922]]],[[[-69.5021,19.0911],[-69.5014,19.0911],[-69.5013,19.0918],[-69.5019,19.0919],[-69.5021,19.0911]]],[[[-69.5002,19.0918],[-69.5002,19.0928],[-69.5007,19.0927],[-69.501,19.0921],[-69.5002,19.0918]]],[[[-69.613,18.4437],[-69.6152,18.4439],[-69.6147,18.4426],[-69.6141,18.443],[-69.613,18.4437]]],[[[-68.6572,18.0978],[-68.6628,18.0987],[-68.6645,18.0974],[-68.6524,18.0962],[-68.6572,18.0978]]],[[[-68.6973,18.1163],[-68.5701,18.115],[-68.6066,18.1632],[-68.7231,18.1821],[-68.7689,18.1993],[-68.7849,18.1733],[-68.6973,18.1163]]],[[[-68.6335,18.1977],[-68.6341,18.1984],[-68.6345,18.1982],[-68.6335,18.1977]]],[[[-68.9958,18.3579],[-69.0136,18.3777],[-69.0263,18.356],[-68.9958,18.3387],[-68.9958,18.3579]]],[[[-69.1679,19.0149],[-69.169,19.0158],[-69.1728,19.0159],[-69.1745,19.014],[-69.1679,19.0149]]]]},"properties":{"iso3":"DOM"}},
{"type":"Feature","geometry":{"type":"MultiPolygon","coordinates":[[[[-78.5085476842055,1.187934590119249],[-78.5167,1.1878],[-78.5445,1.2444],[-78.6182,1.2481],[-78.62641006655367,1.2618798065396217],[-78.6405,1.2648],[-78.6609,1.3196],[-78.784,1.3865],[-78.8044,1.4276],[-78.8148,1.4158],[-78.8111,1.427],[-78.8156,1.4294],[-78.8234,1.417],[-78.8156,1.4149],[-78.8404,1.3868],[-78.8088,1.3989],[-78.8014,1.374],[-78.8266,1.3847],[-78.8195,1.3473],[-78.8014,1.3496],[-78.8007,1.3492],[-78.8003,1.3486],[-78.8014,1.3458],[-78.802,1.3459],[-78.8007,1.349],[-78.8037,1.3489],[-78.8052,1.3449],[-78.8069,1.343],[-78.8114,1.3421],[-78.8172,1.3442],[-78.8148,1.3471],[-78.8199,1.3464],[-78.8264,1.3788],[-78.844,1.3445],[-78.8532,1.3558],[-78.8402,1.374],[-78.8715,1.3561],[-78.8786,1.3142],[-78.8402,1.3033],[-78.8271,1.3236],[-78.8304,1.3277],[-78.8108,1.314],[-78.8301,1.2966],[-78.7975,1.3248],[-78.7783,1.2849],[-78.8808,1.2906],[-78.8877,1.312],[-78.8858,1.3142],[-78.8885,1.3348],[-78.9035,1.3336],[-78.8995,1.3106],[-78.9169,1.2951],[-78.8988,1.3741],[-78.9287,1.3513],[-78.945,1.2998],[-78.9521,1.314],[-78.9347,1.3392],[-78.9373,1.3389],[-78.9411,1.3359],[-78.9763,1.2927],[-78.9839,1.2733],[-78.9676,1.298],[-78.9753,1.2691],[-78.9516,1.2763],[-78.9539,1.2785],[-78.9538,1.2838],[-78.9502,1.2913],[-78.9534,1.2787],[-78.9475,1.274],[-78.9667,1.2623],[-78.94,1.2448],[-78.9228,1.2795],[-78.923,1.2796],[-78.909,1.281],[-78.8966,1.2522],[-78.8866,1.2656],[-78.886,1.2531],[-78.8629,1.2517],[-78.8718,1.2681],[-78.8819,1.2719],[-78.8769,1.2787],[-78.8802,1.289],[-78.854,1.2772],[-78.8511,1.2233],[-78.8525,1.2209],[-78.8533,1.2214],[-78.8533,1.222],[-78.8518,1.2237],[-78.8523,1.2233],[-78.8569,1.2255],[-78.8649,1.2403],[-78.8644,1.2453],[-78.8885,1.2503],[-78.8809,1.2115],[-78.8883,1.2301],[-78.8942,1.2216],[-78.903,1.2262],[-78.9289,1.259],[-78.9322,1.2324],[-78.9284,1.231],[-78.9218,1.2354],[-78.9115,1.2349],[-78.8888,1.2068],[-78.8976,1.2012],[-78.922,1.2341],[-78.9351,1.2079],[-78.9179,1.2093],[-78.9161,1.2072],[-78.9167,1.2024],[-78.9216,1.1992],[-78.9191,1.1939],[-78.9228,1.1992],[-78.9174,1.2075],[-78.9324,1.203],[-78.9361,1.2064],[-78.9363,1.2127],[-78.9282,1.2249],[-78.9598,1.2178],[-78.937,1.1974],[-78.9997,1.2064],[-78.9877,1.139],[-78.9658,1.1347],[-78.9775,1.1119],[-78.9924,1.1423],[-79.0005,1.1707],[-78.9975,1.1528],[-79.0162,1.1909],[-79.0515,1.2248],[-79.1746,1.0903],[-79.4014,1.0774],[-79.5109,1.017],[-79.6238,0.9934],[-79.635,0.9495],[-79.635,0.9508],[-79.6366,0.9484],[-79.6362,0.9475],[-79.6351,0.9493],[-79.643,0.9186],[-79.6461,0.9447],[-79.6376,0.955],[-79.6349,0.9625],[-79.6425,0.9729],[-79.6467,0.9497],[-79.647,0.9524],[-79.6468,0.9536],[-79.6472,0.9539],[-79.6485,0.9648],[-79.6486,0.9658],[-79.6497,0.9751],[-79.6485,0.9735],[-79.6475,0.9721],[-79.65,0.979],[-79.6501,0.9786],[-79.652,0.9948],[-79.7427,0.9623],[-79.8426,0.866],[-79.917,0.8575],[-79.9427,0.814],[-80.0511,0.8257],[-80.0985,0.7569],[-80.0876,0.6559],[-80.0164,0.6204],[-79.9814,0.5568],[-79.9819,0.5562],[-79.9892,0.5586],[-80.0011,0.5628],[-79.994,0.5718],[-80.0211,0.6154],[-80.0347,0.6215],[-80.0056,0.5569],[-80.0024,0.561],[-79.9908,0.5453],[-79.9923,0.5433],[-79.9952,0.5462],[-79.9984,0.544],[-79.9948,0.5402],[-80.0618,0.4572],[-80.0255,0.4183],[-79.988,0.3915],[-79.9725,0.2764],[-79.93890482193508,0.26235611408761517],[-79.9525,0.2514],[-79.9385,0.2237],[-79.9676,0.1817],[-79.9831,0.1893],[-79.9858,0.1391],[-80.0275,0.1132],[-80.0347,0.1186],[-80.0289,0.1275],[-80.0188,0.1231],[-80.0188,0.1343],[-80.0132,0.1415],[-80.005,0.1437],[-79.9917,0.137],[-79.9873,0.1399],[-79.9934,0.1634],[-79.9849,0.1907],[-79.9631,0.2039],[-79.9863,0.2317],[-79.9922,0.2076],[-79.9964,0.3164],[-80.0381,0.3718],[-80.0315,0.1769],[-80.0665,0.0527],[-80.2341,-0.1386],[-80.2958,-0.1872],[-80.3259,-0.172],[-80.407,-0.3115],[-80.4884,-0.3653],[-80.3914,-0.6391],[-80.3016,-0.6541],[-80.3101,-0.6557],[-80.3046,-0.6628],[-80.2956,-0.6608],[-80.3,-0.6544],[-80.279,-0.6579],[-80.3231,-0.6812],[-80.3856,-0.6621],[-80.4243,-0.5942],[-80.4701,-0.6394],[-80.5794,-0.9231],[-80.8117,-0.9593],[-80.8119,-0.9594],[-80.8121,-0.9596],[-80.9127,-1.0587],[-80.8513,-1.2052],[-80.735,-1.3514],[-80.7542,-1.3828],[-80.7648,-1.4711],[-80.8175,-1.5166],[-80.8129,-1.5584],[-80.8546,-1.6002],[-80.8111,-1.6946],[-80.8028,-1.7115],[-80.8027,-1.7115],[-80.8018,-1.712],[-80.7682,-1.7606],[-80.7248,-1.9252],[-80.7631,-1.9762],[-80.7342,-2.03],[-80.7509,-2.1071],[-80.9022,-2.2176],[-81.0111,-2.1887],[-80.8974,-2.3329],[-80.8701,-2.3251],[-80.782,-2.3876],[-80.6765,-2.4072],[-80.5619,-2.5057],[-80.4501,-2.6291],[-80.3917,-2.637],[-80.3157,-2.7104],[-80.2546,-2.7411],[-80.2383,-2.7214],[-80.2914,-2.5739],[-80.2432,-2.6279],[-80.2487,-2.6464],[-80.2151,-2.6188],[-80.2311,-2.5758],[-80.1945,-2.584],[-80.2001,-2.5935],[-80.2018,-2.5947],[-80.2191,-2.5875],[-80.2141,-2.6041],[-80.2166,-2.611],[-80.1596,-2.5681],[-80.2094,-2.5287],[-80.2215,-2.5408],[-80.2363,-2.5424],[-80.2353,-2.5396],[-80.2285,-2.5378],[-80.2213,-2.5399],[-80.2159,-2.5287],[-80.2094,-2.527],[-80.1813,-2.5488],[-80.189,-2.5161],[-80.1782,-2.5132],[-80.1782,-2.5084],[-80.1594,-2.5257],[-80.1399,-2.4901],[-80.1503,-2.5716],[-80.1007,-2.5194],[-80.1096,-2.4933],[-80.1059,-2.4642],[-80.1234,-2.4577],[-80.1323,-2.442],[-80.1552,-2.4429],[-80.1604,-2.4404],[-80.1702,-2.3989],[-80.1599,-2.4401],[-80.1548,-2.4424],[-80.153,-2.4409],[-80.1446,-2.4393],[-80.1365,-2.4397],[-80.1288,-2.4434],[-80.1252,-2.447],[-80.1234,-2.4568],[-80.1113,-2.458],[-80.1059,-2.4629],[-80.1032,-2.47],[-80.1017,-2.4831],[-80.1086,-2.4938],[-80.1008,-2.4987],[-80.0958,-2.5071],[-80.086,-2.4486],[-80.0818,-2.4729],[-80.0521,-2.4263],[-80.0638,-2.3926],[-80.0741,-2.4151],[-80.0817,-2.4013],[-80.0985,-2.4091],[-80.0915,-2.4143],[-80.0941,-2.4155],[-80.0901,-2.419],[-80.0869,-2.4177],[-80.0795,-2.4232],[-80.0766,-2.4206],[-80.084,-2.4369],[-80.0818,-2.4239],[-80.1264,-2.4174],[-80.1209,-2.4112],[-80.1015,-2.4038],[-80.0803,-2.4],[-80.0879,-2.3804],[-80.0728,-2.4013],[-80.0556,-2.3725],[-80.0482,-2.405],[-80.029,-2.3326],[-79.991,-2.3171],[-80.0072,-2.3431],[-79.9661,-2.3339],[-79.9707,-2.329],[-79.9582,-2.3236],[-79.97,-2.2758],[-79.9878,-2.2754],[-79.9759,-2.2574],[-79.9562,-2.3162],[-79.9264,-2.3018],[-79.9277,-2.2962],[-79.9166,-2.3058],[-79.9178,-2.2801],[-79.9342,-2.2685],[-79.9405,-2.2416],[-79.9734,-2.2537],[-79.9622,-2.2369],[-79.9952,-2.2317],[-79.9701,-2.2305],[-79.9841,-2.2186],[-79.9823,-2.2182],[-79.9823,-2.2136],[-79.9892,-2.211],[-79.989,-2.2144],[-79.9967,-2.2079],[-80.0332,-2.1986],[-80.0331,-2.1982],[-80.0322,-2.1985],[-80.0324,-2.1973],[-80.0309,-2.1966],[-80.029,-2.1974],[-80.0285,-2.1992],[-80.0265,-2.1949],[-80.0238,-2.1925],[-80.0033,-2.1934],[-79.9868,-2.2016],[-79.9875,-2.1885],[-79.9863,-2.1939],[-79.9848,-2.1909],[-79.9856,-2.197],[-79.9675,-2.2296],[-79.9594,-2.1923],[-79.9505,-2.2343],[-79.9474,-2.198],[-79.9014,-2.1886],[-79.9488,-2.2218],[-79.9182,-2.2075],[-79.9089,-2.2229],[-79.9119,-2.2535],[-79.9185,-2.246],[-79.9368,-2.2348],[-79.9156,-2.2784],[-79.9135,-2.2691],[-79.9141,-2.2757],[-79.8727,-2.2835],[-79.8726,-2.2833],[-79.8728,-2.2826],[-79.8946,-2.0697],[-79.8732,-2.114],[-79.8652,-2.1592],[-79.8674,-2.0918],[-79.7957,-2.0903],[-79.8029,-2.0363],[-79.742,-2.0256],[-79.7491,-2.0332],[-79.7991,-2.0388],[-79.792,-2.0945],[-79.844,-2.0949],[-79.8601,-2.1803],[-79.827,-2.2147],[-79.833,-2.3957],[-79.8184,-2.4243],[-79.8378,-2.4105],[-79.7933,-2.533],[-79.8011,-2.4834],[-79.8098,-2.4411],[-79.7686,-2.5214],[-79.7491,-2.4665],[-79.7964,-2.4301],[-79.7895,-2.4138],[-79.7859,-2.4152],[-79.7854,-2.416],[-79.7839,-2.4212],[-79.7863,-2.427],[-79.7841,-2.4311],[-79.7715,-2.4285],[-79.778,-2.4368],[-79.7467,-2.448],[-79.7457,-2.4551],[-79.7343,-2.4373],[-79.7318,-2.4382],[-79.752,-2.5183],[-79.7233,-2.4937],[-79.7287,-2.5006],[-79.7005,-2.4865],[-79.6988,-2.4798],[-79.6902,-2.479],[-79.6859,-2.4733],[-79.6788,-2.475],[-79.6853,-2.4858],[-79.6893,-2.4891],[-79.6653,-2.4803],[-79.6485,-2.5037],[-79.685,-2.508],[-79.6705,-2.5178],[-79.702,-2.5128],[-79.703,-2.5159],[-79.7032,-2.5144],[-79.7276,-2.504],[-79.7279,-2.5301],[-79.7118,-2.5443],[-79.719,-2.5677],[-79.6875,-2.5647],[-79.6823,-2.5352],[-79.6687,-2.5583],[-79.6943,-2.5751],[-79.7239,-2.5731],[-79.7296,-2.6427],[-79.7784,-2.6741],[-79.779,-2.7079],[-79.7735,-2.6966],[-79.7498,-2.7009],[-79.7526,-2.7007],[-79.7555,-2.7049],[-79.7578,-2.7053],[-79.7725,-2.6972],[-79.7764,-2.7182],[-79.7908,-2.7179],[-79.7932,-2.7903],[-79.8448,-2.8793],[-79.8695,-3.0602],[-79.9156,-3.1775],[-79.9528,-3.1866],[-79.9419,-3.1976],[-79.9456,-3.2244],[-79.951,-3.2189],[-79.9515,-3.2159],[-79.9424,-3.1976],[-79.9473,-3.1965],[-79.9525,-3.1921],[-79.9828,-3.2224],[-79.9481,-3.2461],[-79.9816,-3.2506],[-79.9839,-3.2491],[-79.9823,-3.2475],[-79.9853,-3.2437],[-79.9848,-3.2394],[-79.9996,-3.2382],[-80.0023,-3.2725],[-79.9811,-3.2611],[-80.0095,-3.2841],[-79.974,-3.2734],[-80.0016,-3.3087],[-80.0235,-3.3023],[-80.0023,-3.3459],[-80.0304,-3.3153],[-80.0023,-3.3604],[-80.0342,-3.3473],[-79.9688,-3.4004],[-80.0199,-3.3615],[-79.9858,-3.4076],[-79.992,-3.4142],[-80.0075,-3.4064],[-80.0285,-3.3574],[-80.0583,-3.3931],[-80.0426,-3.3919],[-80.0326,-3.3966],[-80.0122,-3.4168],[-80.027,-3.4128],[-80.0351,-3.4041],[-80.0334,-3.3986],[-80.0373,-3.3982],[-80.042,-3.3933],[-80.0517,-3.3979],[-80.0581,-3.3954],[-80.0696,-3.4032],[-80.0747,-3.3917],[-80.0339,-3.3636],[-80.0384,-3.2998],[-80.0553,-3.2843],[-80.026,-3.2802],[-80.012,-3.2615],[-80.0324,-3.2088],[-80.0701,-3.2864],[-80.0654,-3.2857],[-80.1111,-3.3242],[-80.0506,-3.3393],[-80.0921,-3.3351],[-80.0903,-3.3568],[-80.0982,-3.3392],[-80.1063,-3.3439],[-80.099,-3.333],[-80.1182,-3.3367],[-80.1172,-3.3424],[-80.108,-3.3448],[-80.1282,-3.3565],[-80.1261,-3.3454],[-80.1217,-3.3418],[-80.1217,-3.3333],[-80.157,-3.3353],[-80.1683,-3.3641],[-80.1222,-3.34],[-80.1498,-3.3635],[-80.1446,-3.366],[-80.1786,-3.3856],[-80.1856,-3.341],[-80.2213,-3.3419],[-80.2021,-3.3863],[-80.2391,-3.3572],[-80.2445,-3.3784],[-80.241,-3.3544],[-80.2522,-3.3317],[-80.263,-3.3566],[-80.2734,-3.3356],[-80.3046,-3.3795],[-80.2538,-3.4054],[-80.2321,-3.4185],[-80.2374,-3.4078],[-80.2326,-3.413],[-80.232,-3.4098],[-80.2274,-3.4175],[-80.1651,-3.4154],[-80.1761,-3.4068],[-80.1552,-3.4156],[-80.1083,-3.4037],[-80.118,-3.3817],[-80.0868,-3.3991],[-80.0867,-3.4],[-80.086,-3.3995],[-80.0739,-3.4062],[-80.1308,-3.4455],[-80.1237,-3.4278],[-80.1847,-3.4354],[-80.1846,-3.4328],[-80.1912,-3.4328],[-80.1934,-3.4357],[-80.1904,-3.4361],[-80.2066,-3.4382],[-80.205,-3.4367],[-80.207,-3.4348],[-80.2097,-3.4359],[-80.208,-3.4383],[-80.221,-3.44],[-80.2457,-3.486],[-80.2157,-3.5006],[-80.2188,-3.5752],[-80.1885,-3.5998],[-80.1932,-3.775],[-80.1274,-3.8885],[-80.2844,-4.0126],[-80.3661,-3.9817],[-80.4469,-3.9972],[-80.4864,-4.0823],[-80.4472,-4.121],[-80.4491,-4.2089],[-80.339,-4.2099],[-80.3069,-4.1996],[-80.3195,-4.2149],[-80.4533,-4.382],[-80.4496,-4.4478],[-80.3917,-4.4854],[-80.3078,-4.4495],[-80.1949,-4.3502],[-80.1712,-4.2898],[-80.1357,-4.2856],[-79.9622,-4.3955],[-79.8702,-4.4141],[-79.8142,-4.4906],[-79.7511,-4.4836],[-79.6441,-4.4335],[-79.5444,-4.5258],[-79.5067,-4.518],[-79.4352,-4.7331],[-79.4297,-4.7408],[-79.4297,-4.7409],[-79.398,-4.8294],[-79.2666,-4.9657],[-79.0739,-4.9708],[-79.0153,-5.0162],[-78.9854,-4.9438],[-78.9721,-4.8943],[-78.892,-4.887],[-78.9149,-4.7805],[-78.8553,-4.6666],[-78.653,-4.5852],[-78.6616,-4.53],[-78.5988,-4.4231],[-78.6409,-4.4015],[-78.6451,-4.315],[-78.5415,-4.0749],[-78.5667,-3.9933],[-78.4901,-3.9362],[-78.4647,-3.8273],[-78.4118,-3.7889],[-78.4235,-3.6928],[-78.3929,-3.6782],[-78.3921,-3.56],[-78.3653,-3.5276],[-78.346,-3.3926],[-78.2487,-3.4009],[-78.2309,-3.4998],[-78.184,-3.4994],[-78.145,-3.4617],[-78.1927,-3.3617],[-78.1137,-3.287],[-78.0911,-3.2163],[-78.0619,-3.2273],[-77.9471,-3.0722],[-77.845,-2.9991],[-76.6931,-2.6103],[-76.0432,-2.1246],[-75.5804,-1.547],[-75.5577,-1.5608],[-75.4509,-1.165],[-75.3868,-0.9238],[-75.3064,-0.9876],[-75.1871,-0.9728],[-75.2337,-0.9326],[-75.2223,-0.8664],[-75.2691,-0.7858],[-75.2628,-0.655],[-75.2233,-0.6287],[-75.2268,-0.5549],[-75.2862,-0.4984],[-75.3261,-0.4568],[-75.3631,-0.4437],[-75.4418,-0.3539],[-75.5137,-0.1971],[-75.6102,-0.1866],[-75.6062,-0.1095],[-75.5688,-0.1318],[-75.516,-0.115],[-75.404,-0.1707],[-75.2893,-0.1548],[-75.2559,-0.1199],[-75.26642352941533,-0.11677759751039708],[-75.2759,-0.1274],[-75.5779,-0.0277],[-75.57865579701406,-0.01849705988761334],[-75.6370896965866,0.04621340075853516],[-75.6493,0.0266],[-75.807,0.0467],[-75.8542,0.1311],[-75.906,0.136],[-75.9415578224626,0.19569908654254076],[-75.95373141651436,0.21613769595387627],[-75.96564367298286,0.2361375379177111],[-75.97066925795053,0.23774840989399293],[-76.0048,0.2472],[-76.00307852011699,0.24813668758340682],[-76.0039,0.2484],[-75.98560590836661,0.260193652981938],[-76.01,0.2985],[-76.0643,0.3337],[-76.1133,0.3133],[-76.1333,0.3702],[-76.2258,0.3728],[-76.24525048231511,0.3979],[-76.27561520068318,0.43493304867634514],[-76.3126,0.4334],[-76.32978181818181,0.40533636363636366],[-76.34458014622838,0.3811657611603162],[-76.3456,0.3795],[-76.38285660230154,0.380503920421299],[-76.4124,0.3813],[-76.42056576325444,0.24180955005363264],[-76.4209,0.2361],[-76.42430045493985,0.2423798724292376],[-76.46529322981183,0.24863985282840767],[-76.5034,0.2363],[-76.5354,0.259],[-76.5365241004184,0.2581590376569038],[-76.58734843262876,0.2201363229581817],[-76.5886,0.2192],[-76.6424,0.2572],[-76.73299668861911,0.2883581163487433],[-76.7337,0.2886],[-76.75777107048069,0.24854573872014174],[-76.7587,0.247],[-76.76562075471699,0.2501698113207554],[-76.80892527155628,0.2591293665288864],[-76.8449677658392,0.23976213412374542],[-76.84613794777611,0.23913334341490708],[-76.8462,0.2391],[-76.84652396018227,0.23921402746830553],[-77.00168846715495,0.2938288130777931],[-77.0053,0.2951],[-77.0782,0.2859],[-77.09468366606171,0.32720444646098],[-77.1128,0.3726],[-77.1232135589292,0.3752858500405609],[-77.17307247489617,0.3881453894528572],[-77.2875,0.3632],[-77.28800394733432,0.36332326413187227],[-77.2881,0.3633],[-77.28832658664632,0.3634021808201736],[-77.3717,0.401],[-77.39975372673241,0.40083815157654384],[-77.5277,0.4001],[-77.52643111590974,0.4071088146959754],[-77.51172700390171,0.48832852351290296],[-77.48396059151355,0.6416992219831149],[-77.5318,0.6523],[-77.54033938345815,0.6533703314416198],[-77.5643,0.6517],[-77.58641023767497,0.668650043101679],[-77.6398,0.7024],[-77.643,0.7034],[-77.698,0.7417],[-77.6739,0.8019],[-77.71249691996711,0.8495385158284136],[-77.71408481695515,0.8507174895118483],[-77.73296783736264,0.8436089318681319],[-77.8269,0.8053],[-77.83356828443169,0.8057376558994548],[-77.87853674135118,0.8086890462700653],[-77.9107,0.8108],[-77.91921715047327,0.8159416313647653],[-78.1118,0.9322],[-78.11222498619547,0.9322336278299282],[-78.1851,0.938],[-78.18686870541458,0.9433903403110766],[-78.20099904259747,0.9864542250589535],[-78.20538059082665,0.9998075149002351],[-78.2177156850068,1.0103079071571734],[-78.2816,1.056],[-78.25116661882177,1.0995047678482222],[-78.2511,1.0996],[-78.3113,1.1913],[-78.42311744005707,1.1426098742029966],[-78.4298,1.1397],[-78.43104991540478,1.1691622916842699],[-78.43701092806013,1.1891156214707055],[-78.5085476842055,1.187934590119249]]],[[[-80.2243,-3.4278],[-80.2072,-3.4319],[-80.209,-3.4302],[-80.2161,-3.4288],[-80.2243,-3.4278]]],[[[-80.2739,-3.4129],[-80.2736,-3.4127],[-80.2736,-3.4124],[-80.2736,-3.4106],[-80.279,-3.4119],[-80.2739,-3.4129]]],[[[-80.2386,-3.3422],[-80.2366,-3.3568],[-80.2164,-3.3694],[-80.2336,-3.3402],[-80.2386,-3.3422]]],[[[-80.4297,-3.1683],[-80.4353,-3.1691],[-80.439,-3.1747],[-80.4296,-3.1729],[-80.4297,-3.1683]]],[[[-80.4232,-3.1665],[-80.4179,-3.1658],[-80.4188,-3.164],[-80.4213,-3.1639],[-80.4232,-3.1665]]],[[[-80.1476,-3.4299],[-80.1291,-3.4186],[-80.1387,-3.4172],[-80.1589,-3.4291],[-80.1476,-3.4299]]],[[[-79.9839,0.291],[-79.9816,0.2877],[-79.9747,0.2853],[-79.9799,0.2909],[-79.9839,0.291]]],[[[-80.0023,0.3626],[-79.9964,0.3891],[-80.0278,0.399],[-80.0023,0.3626]]],[[[-79.648,0.9666],[-79.6482,0.9666],[-79.6482,0.9664],[-79.648,0.9666]]],[[[-79.648,0.9693],[-79.6478,0.9677],[-79.6475,0.9695],[-79.6485,0.9711],[-79.6487,0.9711],[-79.648,0.9693]]],[[[-79.6465,0.9804],[-79.6495,0.9793],[-79.6488,0.9785],[-79.6478,0.9767],[-79.6465,0.9804]]],[[[-79.0103,1.1872],[-79.0113,1.1824],[-79.0088,1.1784],[-79.0056,1.1773],[-79.0103,1.1872]]],[[[-79.0157,1.1998],[-79.0172,1.2028],[-79.0185,1.2036],[-79.0173,1.2003],[-79.0157,1.1998]]],[[[-79.0165,1.2063],[-79.0141,1.2057],[-79.0167,1.2087],[-79.0172,1.2084],[-79.0165,1.2063]]],[[[-79.0173,1.2386],[-78.9987,1.2679],[-79.0493,1.2408],[-79.0099,1.2085],[-79.0168,1.234],[-78.9803,1.2483],[-78.9955,1.2588],[-79.0173,1.2386]]],[[[-79.0061,1.1955],[-79.0056,1.1907],[-79.0009,1.1828],[-78.9965,1.1737],[-79.0061,1.1955]]],[[[-78.9651,1.2169],[-78.9644,1.2171],[-78.9733,1.2398],[-79.0029,1.2341],[-78.999,1.209],[-78.9748,1.2147],[-78.9731,1.2144],[-78.9701,1.2156],[-78.9703,1.2157],[-78.9675,1.2164],[-78.9644,1.2124],[-78.9651,1.2169]]],[[[-79.0062,1.2153],[-79.0052,1.2151],[-79.0049,1.2161],[-79.0056,1.2164],[-79.0062,1.2153]]],[[[-78.9167,1.2662],[-78.9174,1.2677],[-78.921,1.2712],[-78.9223,1.2681],[-78.9167,1.2662]]],[[[-78.8677,1.3783],[-78.8685,1.3755],[-78.8461,1.3806],[-78.8446,1.4189],[-78.8521,1.4329],[-78.8495,1.4374],[-78.873,1.4522],[-78.8809,1.4521],[-78.8843,1.3785],[-78.8746,1.3949],[-78.8702,1.3758],[-78.8677,1.3783]]],[[[-78.8252,1.4276],[-78.8262,1.4354],[-78.8448,1.4286],[-78.8303,1.4104],[-78.8252,1.4276]]],[[[-80.1639,-3.0141],[-80.1695,-3.0146],[-80.1676,-3.0152],[-80.1648,-3.015],[-80.1639,-3.0141]]],[[[-80.1693,-3.013],[-80.1649,-3.0124],[-80.1658,-3.0091],[-80.1698,-3.0113],[-80.1693,-3.013]]],[[[-80.1078,-2.931],[-80.148,-2.8817],[-80.1422,-2.8748],[-80.1483,-2.8711],[-80.154,-2.8743],[-80.1671,-2.8582],[-80.1474,-2.8684],[-80.1387,-2.8463],[-80.1368,-2.8471],[-80.1337,-2.8453],[-80.1321,-2.842],[-80.1379,-2.8442],[-80.1311,-2.8272],[-80.0832,-2.8416],[-80.1047,-2.8899],[-80.048,-2.8973],[-80.0329,-2.8669],[-80.0685,-2.846],[-80.0263,-2.8586],[-79.9947,-2.8064],[-79.9103,-2.7724],[-79.9018,-2.739],[-79.9446,-2.7193],[-80.0369,-2.6747],[-80.2196,-2.7378],[-80.2612,-2.8537],[-80.2578,-3.0312],[-80.1782,-3.0318],[-80.1735,-3.003],[-80.1232,-3.0243],[-80.0926,-2.9497],[-80.1059,-2.9334],[-80.0795,-2.9343],[-80.0923,-2.9107],[-80.1069,-2.9079],[-80.1078,-2.931]]],[[[-80.1039,-2.8952],[-80.0741,-2.9322],[-80.0625,-2.9123],[-80.0793,-2.901],[-80.1039,-2.8952]]],[[[-80.1066,-2.8518],[-80.1303,-2.8783],[-80.1114,-2.8886],[-80.101,-2.859],[-80.1066,-2.8518]]],[[[-80.1209,-2.8483],[-80.1409,-2.8546],[-80.1328,-2.8761],[-80.1222,-2.8637],[-80.1209,-2.8483]]],[[[-80.1175,-2.8484],[-80.0961,-2.847],[-80.1066,-2.8436],[-80.1081,-2.8393],[-80.1175,-2.8484]]],[[[-80.1289,-2.8381],[-80.1291,-2.8359],[-80.1323,-2.8347],[-80.131,-2.8377],[-80.1289,-2.8381]]],[[[-80.13,-2.8325],[-80.1298,-2.8339],[-80.1278,-2.8349],[-80.1289,-2.8325],[-80.13,-2.8325]]],[[[-80.1397,-2.6994],[-80.1291,-2.7003],[-80.1237,-2.6948],[-80.1367,-2.6949],[-80.1397,-2.6994]]],[[[-80.2014,-2.6879],[-80.1986,-2.6836],[-80.2031,-2.6825],[-80.2063,-2.6868],[-80.2014,-2.6879]]],[[[-80.1792,-2.6636],[-80.172,-2.6524],[-80.1823,-2.6556],[-80.189,-2.6643],[-80.1792,-2.6636]]],[[[-80.1898,-2.6432],[-80.2001,-2.6543],[-80.1877,-2.6542],[-80.1806,-2.6462],[-80.1898,-2.6432]]],[[[-80.0448,-2.6162],[-80.0394,-2.6159],[-80.0374,-2.6126],[-80.0425,-2.6129],[-80.0448,-2.6162]]],[[[-80.0337,-2.6113],[-80.0356,-2.613],[-80.0368,-2.6158],[-80.029,-2.6106],[-80.0337,-2.6113]]],[[[-80.0583,-2.5968],[-80.0618,-2.6084],[-80.0462,-2.614],[-80.022,-2.6003],[-80.0583,-2.5968]]],[[[-80.0191,-2.6005],[-80.0124,-2.5964],[-80.0181,-2.5939],[-80.0211,-2.5974],[-80.0191,-2.6005]]],[[[-80.0487,-2.5692],[-80.0664,-2.5938],[-79.9994,-2.5919],[-80.0041,-2.5707],[-79.9706,-2.5643],[-79.955,-2.5913],[-79.9617,-2.5957],[-79.976,-2.5952],[-80.0023,-2.5707],[-79.9907,-2.5977],[-79.9304,-2.5996],[-79.9476,-2.5531],[-79.9922,-2.538],[-79.9776,-2.5194],[-79.9262,-2.5504],[-79.9242,-2.5923],[-79.9105,-2.5657],[-79.9166,-2.5879],[-79.8739,-2.5052],[-79.8515,-2.3531],[-79.8653,-2.2614],[-79.8719,-2.3024],[-79.9141,-2.2977],[-79.9179,-2.3286],[-79.9407,-2.317],[-79.9293,-2.3687],[-79.9188,-2.3702],[-79.9182,-2.366],[-79.8965,-2.3935],[-79.8788,-2.3369],[-79.8751,-2.4232],[-79.8966,-2.4205],[-79.8833,-2.4173],[-79.9,-2.3914],[-79.9217,-2.4084],[-79.9153,-2.4131],[-79.9262,-2.4105],[-79.923,-2.4244],[-79.9096,-2.4306],[-79.9069,-2.4194],[-79.9032,-2.4221],[-79.8972,-2.4206],[-79.8729,-2.431],[-79.8821,-2.4639],[-79.8931,-2.4671],[-79.8845,-2.4625],[-79.8818,-2.4518],[-79.8946,-2.4518],[-79.8941,-2.4674],[-79.9309,-2.4782],[-79.9109,-2.4894],[-79.8882,-2.486],[-79.8972,-2.518],[-79.8943,-2.5021],[-79.9298,-2.4869],[-79.9394,-2.5149],[-79.9746,-2.5155],[-79.9686,-2.5078],[-79.9905,-2.488],[-80.0479,-2.5681],[-80.0438,-2.5613],[-80.0522,-2.5551],[-80.0699,-2.5754],[-80.0487,-2.5692]]],[[[-79.9397,-2.6563],[-79.9437,-2.6159],[-79.9996,-2.6417],[-79.99,-2.6518],[-79.9397,-2.6563]]],[[[-79.9738,-2.6194],[-80.0061,-2.6033],[-80.0188,-2.6281],[-80.0088,-2.6304],[-79.9738,-2.6194]]],[[[-79.9512,-2.4409],[-79.9357,-2.4429],[-79.9328,-2.4109],[-79.9666,-2.4173],[-80.0068,-2.4072],[-80.0019,-2.4292],[-80.0233,-2.4275],[-80.0334,-2.5028],[-80.0102,-2.4543],[-80.0029,-2.4774],[-79.9925,-2.4726],[-79.9483,-2.5096],[-79.9323,-2.4536],[-79.9512,-2.4409]]],[[[-79.9577,-2.4083],[-79.9654,-2.3986],[-79.973,-2.404],[-79.9659,-2.4155],[-79.9577,-2.4083]]],[[[-80.009,-2.384],[-80.0152,-2.415],[-80.006,-2.4254],[-80.0097,-2.405],[-80.009,-2.384]]],[[[-79.9269,-2.4078],[-79.9212,-2.3986],[-79.938,-2.3978],[-79.9323,-2.4042],[-79.9269,-2.4078]]],[[[-79.9435,-2.3961],[-79.9286,-2.3946],[-79.9389,-2.378],[-79.9553,-2.3762],[-79.9483,-2.367],[-79.9518,-2.3598],[-79.95,-2.3329],[-79.9816,-2.3651],[-79.9663,-2.3907],[-79.9581,-2.3799],[-79.9527,-2.3864],[-79.9646,-2.3954],[-79.9552,-2.4087],[-79.9365,-2.4077],[-79.9435,-2.3961]]],[[[-79.9214,-2.3855],[-79.9294,-2.3861],[-79.9247,-2.3939],[-79.917,-2.39],[-79.9214,-2.3855]]],[[[-80.005,-2.3634],[-79.9897,-2.4061],[-79.9718,-2.3957],[-79.9794,-2.3716],[-80.005,-2.3634]]],[[[-79.9259,-2.3719],[-79.9341,-2.3794],[-79.9294,-2.3837],[-79.9227,-2.3794],[-79.9259,-2.3719]]],[[[-79.9501,-2.3741],[-79.9316,-2.3709],[-79.9377,-2.3669],[-79.9468,-2.3681],[-79.9501,-2.3741]]],[[[-79.936,-2.3609],[-79.9368,-2.3662],[-79.9318,-2.3677],[-79.9315,-2.3655],[-79.936,-2.3609]]],[[[-79.9375,-2.357],[-79.9461,-2.3549],[-79.9483,-2.3619],[-79.9402,-2.3668],[-79.9375,-2.357]]],[[[-79.9878,-2.203],[-79.9935,-2.2048],[-79.9875,-2.2098],[-79.9858,-2.2093],[-79.9878,-2.203]]],[[[-79.9123,-2.6642],[-79.9163,-2.6756],[-79.9116,-2.6786],[-79.9082,-2.6716],[-79.9123,-2.6642]]],[[[-79.8036,-2.6189],[-79.7938,-2.6316],[-79.7787,-2.6189],[-79.7975,-2.5963],[-79.8036,-2.6189]]],[[[-79.7355,-2.5235],[-79.7799,-2.5391],[-79.7922,-2.5801],[-79.7541,-2.6364],[-79.7267,-2.5936],[-79.7716,-2.5583],[-79.7434,-2.5473],[-79.733,-2.5782],[-79.7355,-2.5235]]],[[[-79.8472,-2.4674],[-79.8854,-2.6552],[-79.8367,-2.6601],[-79.8297,-2.5994],[-79.8472,-2.4674]]],[[[-79.8169,-2.5147],[-79.8161,-2.5256],[-79.8058,-2.5433],[-79.7999,-2.5326],[-79.8169,-2.5147]]],[[[-79.7558,-2.5236],[-79.757,-2.526],[-79.7373,-2.5154],[-79.7452,-2.5155],[-79.7558,-2.5236]]],[[[-79.6906,-2.4895],[-79.6911,-2.4869],[-79.7234,-2.5015],[-79.6906,-2.4895]]],[[[-79.6893,-2.4891],[-79.6906,-2.4895],[-79.6906,-2.4901],[-79.6893,-2.4891]]],[[[-79.892,-2.4423],[-79.8928,-2.4492],[-79.882,-2.4489],[-79.8865,-2.4376],[-79.8891,-2.4387],[-79.886,-2.4349],[-79.9017,-2.4316],[-79.9274,-2.4393],[-79.9108,-2.4653],[-79.892,-2.4423]]],[[[-79.8988,-2.4219],[-79.9055,-2.4238],[-79.9052,-2.4295],[-79.8971,-2.4285],[-79.8988,-2.4219]]],[[[-79.921,-2.3944],[-79.9207,-2.3973],[-79.915,-2.3965],[-79.9131,-2.3892],[-79.921,-2.3944]]],[[[-79.9118,-2.3908],[-79.9111,-2.3929],[-79.9091,-2.392],[-79.9101,-2.3892],[-79.9118,-2.3908]]],[[[-79.9084,-2.3833],[-79.9103,-2.3821],[-79.917,-2.3862],[-79.9103,-2.387],[-79.9084,-2.3833]]],[[[-79.9079,-2.2859],[-79.9156,-2.2803],[-79.9155,-2.2913],[-79.9091,-2.29],[-79.9079,-2.2859]]],[[[-79.8298,-2.2243],[-79.8334,-2.2336],[-79.8315,-2.2322],[-79.8305,-2.2293],[-79.8298,-2.2243]]],[[[-79.8401,-2.2013],[-79.8791,-2.2207],[-79.8425,-2.2557],[-79.8342,-2.2132],[-79.8401,-2.2013]]],[[[-80.8319,-1.6824],[-80.8314,-1.6833],[-80.8311,-1.6833],[-80.8311,-1.6825],[-80.8319,-1.6824]]],[[[-80.8323,-1.6822],[-80.8329,-1.6804],[-80.8341,-1.6801],[-80.8341,-1.6811],[-80.8323,-1.6822]]],[[[-80.8657,-1.6022],[-80.8597,-1.5951],[-80.8671,-1.5915],[-80.8718,-1.5973],[-80.8657,-1.6022]]],[[[-80.7623,-1.3772],[-80.7621,-1.3779],[-80.7601,-1.3788],[-80.7589,-1.3767],[-80.7623,-1.3772]]],[[[-81.0462,-1.2867],[-81.0557,-1.2744],[-81.0728,-1.2619],[-81.0822,-1.2841],[-81.0462,-1.2867]]],[[[-80.3717,-0.6549],[-80.3705,-0.6516],[-80.3781,-0.6509],[-80.3749,-0.6542],[-80.3717,-0.6549]]],[[[-80.3712,-0.6511],[-80.368,-0.6485],[-80.369,-0.6477],[-80.3739,-0.6491],[-80.3712,-0.6511]]],[[[-80.3476,-0.6552],[-80.3221,-0.6798],[-80.3296,-0.6622],[-80.3372,-0.6578],[-80.3476,-0.6552]]],[[[-80.3481,-0.6526],[-80.3229,-0.6594],[-80.3325,-0.6542],[-80.3426,-0.6495],[-80.3481,-0.6526]]],[[[-79.9681,0.2134],[-79.9712,0.2255],[-79.9698,0.2281],[-79.9831,0.2343],[-79.9681,0.2134]]],[[[-79.9624,0.2504],[-79.9686,0.2473],[-79.9673,0.2138],[-79.9528,0.2271],[-79.9624,0.2504]]],[[[-79.978,0.236],[-79.9742,0.2398],[-79.9802,0.2376],[-79.9811,0.2363],[-79.978,0.236]]],[[[-79.9812,0.2619],[-79.9865,0.2707],[-79.9902,0.2649],[-79.9897,0.2625],[-79.9812,0.2619]]],[[[-90.9566,-0.9771],[-90.9559,-0.9778],[-90.9557,-0.9778],[-90.9557,-0.9768],[-90.9566,-0.9771]]],[[[-90.9561,-0.9765],[-90.9529,-0.9757],[-90.9547,-0.9755],[-90.9571,-0.9739],[-90.9561,-0.9765]]],[[[-90.9596,-0.9748],[-90.9596,-0.9752],[-90.9593,-0.9751],[-90.9594,-0.9748],[-90.9596,-0.9748]]],[[[-90.9623,-0.9743],[-90.9601,-0.9762],[-90.9591,-0.9725],[-90.9606,-0.9677],[-90.9623,-0.9743]]],[[[-90.9588,-0.9711],[-90.9593,-0.9711],[-90.9593,-0.9712],[-90.9589,-0.9714],[-90.9588,-0.9711]]],[[[-90.9647,-0.9714],[-90.9635,-0.9704],[-90.964,-0.9692],[-90.964,-0.9683],[-90.9647,-0.9714]]],[[[-90.9621,-0.9665],[-90.9635,-0.9661],[-90.9638,-0.9675],[-90.9633,-0.9681],[-90.9621,-0.9665]]],[[[-90.9584,-0.9679],[-90.9561,-0.9644],[-90.9566,-0.9632],[-90.9579,-0.9626],[-90.9589,-0.9703],[-90.9574,-0.9689],[-90.9584,-0.9679]]],[[[-90.9647,-0.9659],[-90.9648,-0.9666],[-90.9643,-0.9665],[-90.9643,-0.9661],[-90.9647,-0.9659]]],[[[-90.95,-0.5488],[-90.9502,-0.549],[-90.95,-0.5491],[-90.9499,-0.549],[-90.95,-0.5488]]],[[[-90.95,-0.5488],[-90.949,-0.5331],[-90.9482,-0.4239],[-91.11,-0.3068],[-91.1764,-0.2205],[-91.1983,-0.0216],[-91.2627,0.0364],[-91.311,0.1338],[-91.3613,0.1626],[-91.3911,0.1244],[-91.4905,0.0989],[-91.5218,0.0364],[-91.5945,-0.0114],[-91.5612,-0.0539],[-91.4705,-0.0146],[-91.4189,-0.0306],[-91.3879,-0.2602],[-91.3347,-0.3333],[-91.2256,-0.3926],[-91.213,-0.4879],[-91.0718,-0.5968],[-91.0923,-0.6435],[-91.1695,-0.6879],[-91.2057,-0.6728],[-91.3201,-0.6906],[-91.4972,-0.8586],[-91.5107,-0.9092],[-91.4464,-0.9572],[-91.4412,-0.9993],[-91.1706,-1.0546],[-90.9599,-0.9625],[-90.9293,-0.9614],[-90.8476,-0.9127],[-90.8247,-0.7907],[-90.7806,-0.7663],[-90.855,-0.7033],[-90.8398,-0.6838],[-90.8816,-0.628],[-90.8933,-0.608],[-90.9342,-0.6257],[-90.9425,-0.6148],[-90.9815,-0.5763],[-90.95,-0.5488]]],[[[-91.3869,-0.4555],[-91.3855,-0.3342],[-91.4565,-0.2623],[-91.6586,-0.3069],[-91.6096,-0.481],[-91.4947,-0.5064],[-91.3869,-0.4555]]],[[[-90.7372,0.5456],[-90.7369,0.5456],[-90.728,0.5422],[-90.7246,0.5407],[-90.7182,0.553],[-90.7179,0.5535],[-90.7179,0.5538],[-90.7177,0.5543],[-90.7175,0.5546],[-90.7174,0.5547],[-90.7175,0.5556],[-90.7186,0.5562],[-90.7186,0.5572],[-90.7187,0.5582],[-90.7187,0.5596],[-90.7212,0.574],[-90.7359,0.604],[-90.7434,0.6136],[-90.7455,0.6164],[-90.7461,0.6172],[-90.7461,0.6173],[-90.747,0.6185],[-90.7507,0.6211],[-90.7564,0.6253],[-90.7564,0.6255],[-90.7565,0.6255],[-90.7571,0.6269],[-90.7626,0.6391],[-90.7837,0.6377],[-90.7838,0.6377],[-90.7847,0.632],[-90.7858,0.6304],[-90.7867,0.6292],[-90.7868,0.6292],[-90.7879,0.6281],[-90.788,0.6279],[-90.7882,0.6278],[-90.7892,0.6251],[-90.7892,0.6247],[-90.7892,0.6238],[-90.7879,0.6203],[-90.7879,0.6202],[-90.7874,0.6183],[-90.7874,0.6181],[-90.787,0.6162],[-90.7873,0.6157],[-90.7874,0.6157],[-90.7874,0.6156],[-90.7874,0.615],[-90.7874,0.6146],[-90.7872,0.6145],[-90.787,0.6142],[-90.7872,0.613],[-90.7879,0.6109],[-90.7882,0.6106],[-90.789,0.6101],[-90.7894,0.6101],[-90.7895,0.6099],[-90.7899,0.6093],[-90.7897,0.6092],[-90.789,0.6012],[-90.7825,0.5686],[-90.783,0.5615],[-90.7406,0.5416],[-90.7374,0.5456],[-90.7374,0.5454],[-90.7372,0.5455],[-90.7372,0.5456]]],[[[-90.746,0.6178],[-90.7463,0.6177],[-90.7461,0.6176],[-90.746,0.6177],[-90.746,0.6178]]],[[[-91.8222,1.3764],[-91.8226,1.3762],[-91.8236,1.3757],[-91.8234,1.375],[-91.8224,1.3754],[-91.8217,1.3754],[-91.8206,1.3752],[-91.8127,1.3793],[-91.812,1.3803],[-91.8121,1.3839],[-91.8147,1.3852],[-91.818,1.3882],[-91.8179,1.3941],[-91.8184,1.395],[-91.8185,1.3941],[-91.8189,1.393],[-91.8204,1.3911],[-91.8207,1.391],[-91.8216,1.3906],[-91.8217,1.3907],[-91.8241,1.3916],[-91.8244,1.3897],[-91.8243,1.3896],[-91.8222,1.3902],[-91.8182,1.3841],[-91.8212,1.3778],[-91.8222,1.3764]]],[[[-91.8216,1.391],[-91.8217,1.3909],[-91.8217,1.3908],[-91.8216,1.391]]],[[[-90.402,-1.3455],[-90.4018,-1.3455],[-90.402,-1.3454],[-90.402,-1.3455]]],[[[-90.3793,-1.31],[-90.3793,-1.3101],[-90.3791,-1.3101],[-90.3793,-1.31]]],[[[-90.3584,-1.2636],[-90.3602,-1.2627],[-90.3618,-1.2623],[-90.3619,-1.2623],[-90.3641,-1.2609],[-90.3643,-1.2609],[-90.3658,-1.2611],[-90.366,-1.2611],[-90.3685,-1.2595],[-90.3729,-1.2541],[-90.3732,-1.254],[-90.3739,-1.2538],[-90.3759,-1.2521],[-90.3769,-1.2512],[-90.3843,-1.2476],[-90.4233,-1.2273],[-90.4785,-1.2333],[-90.5111,-1.3153],[-90.443,-1.358],[-90.4428,-1.358],[-90.4427,-1.358],[-90.4248,-1.3568],[-90.4245,-1.3564],[-90.4235,-1.3554],[-90.4215,-1.3542],[-90.4206,-1.3534],[-90.4196,-1.3532],[-90.4193,-1.3532],[-90.4166,-1.3505],[-90.4151,-1.3491],[-90.4149,-1.3491],[-90.4062,-1.3441],[-90.4045,-1.3443],[-90.4038,-1.3445],[-90.4036,-1.3447],[-90.4026,-1.3449],[-90.402,-1.3453],[-90.4001,-1.3441],[-90.3991,-1.3432],[-90.3989,-1.343],[-90.3984,-1.3414],[-90.3961,-1.3387],[-90.3959,-1.3386],[-90.393,-1.3372],[-90.3902,-1.3344],[-90.39,-1.3345],[-90.39,-1.3344],[-90.3897,-1.3344],[-90.3895,-1.3343],[-90.3892,-1.3333],[-90.389,-1.3327],[-90.3882,-1.3325],[-90.3877,-1.3324],[-90.387,-1.3319],[-90.386,-1.3293],[-90.3856,-1.3286],[-90.3846,-1.3258],[-90.3841,-1.325],[-90.3841,-1.3248],[-90.3828,-1.3244],[-90.3828,-1.3243],[-90.3828,-1.3242],[-90.3826,-1.3222],[-90.3814,-1.3202],[-90.3816,-1.3197],[-90.3818,-1.3197],[-90.3794,-1.3152],[-90.3801,-1.314],[-90.3811,-1.3129],[-90.3809,-1.3119],[-90.3794,-1.3114],[-90.3796,-1.31],[-90.3794,-1.31],[-90.3793,-1.31],[-90.3787,-1.31],[-90.3786,-1.31],[-90.3782,-1.31],[-90.3752,-1.3081],[-90.3747,-1.3079],[-90.3697,-1.3023],[-90.3675,-1.3007],[-90.3655,-1.3005],[-90.3648,-1.3001],[-90.3646,-1.3001],[-90.3643,-1.2992],[-90.3641,-1.297],[-90.365,-1.2957],[-90.3611,-1.2923],[-90.3609,-1.2924],[-90.3606,-1.2921],[-90.3607,-1.2909],[-90.3607,-1.2908],[-90.3539,-1.2773],[-90.3535,-1.2776],[-90.3532,-1.2773],[-90.3569,-1.2687],[-90.3581,-1.2642],[-90.3584,-1.2636]]],[[[-90.3606,-1.2924],[-90.3604,-1.2923],[-90.3606,-1.2922],[-90.3606,-1.2924]]],[[[-90.6575,-0.6345],[-90.6445,-0.6072],[-90.6693,-0.588],[-90.6849,-0.6213],[-90.6575,-0.6345]]],[[[-90.7061,-0.4275],[-90.6975,-0.4101],[-90.7059,-0.3992],[-90.7211,-0.4121],[-90.7061,-0.4275]]],[[[-90.5775,-0.3593],[-90.5473,-0.3205],[-90.5463,-0.3186],[-90.5463,-0.3138],[-90.566,-0.2894],[-90.5649,-0.2875],[-90.5648,-0.2875],[-90.5648,-0.2874],[-90.5767,-0.2555],[-90.5794,-0.2497],[-90.6758,-0.1898],[-90.7004,-0.1832],[-90.7006,-0.174],[-90.7254,-0.1684],[-90.7887,-0.1469],[-90.8287,-0.1628],[-90.8688,-0.2449],[-90.8302,-0.2985],[-90.8114,-0.3305],[-90.8107,-0.3305],[-90.8109,-0.3307],[-90.8112,-0.3308],[-90.7149,-0.3588],[-90.5776,-0.3594],[-90.5774,-0.3593],[-90.5775,-0.3593]]],[[[-90.519,-0.1312],[-90.514,-0.1462],[-90.4992,-0.1193],[-90.5111,-0.1263],[-90.519,-0.1312]]],[[[-90.4363,0.2872],[-90.4363,0.2871],[-90.4361,0.2871],[-90.4363,0.2872]]],[[[-90.4363,0.2872],[-90.4359,0.2875],[-90.4351,0.2879],[-90.4343,0.2885],[-90.4319,0.2901],[-90.4304,0.29],[-90.4302,0.2901],[-90.4279,0.2903],[-90.4275,0.2905],[-90.427,0.2904],[-90.4255,0.2914],[-90.4252,0.2914],[-90.4248,0.2914],[-90.4238,0.2931],[-90.4218,0.2937],[-90.4186,0.2959],[-90.4176,0.2961],[-90.4144,0.2987],[-90.4144,0.2986],[-90.4142,0.2987],[-90.4142,0.2988],[-90.4136,0.3004],[-90.4132,0.3005],[-90.4129,0.3007],[-90.4126,0.3012],[-90.4127,0.3012],[-90.4126,0.3013],[-90.4114,0.3021],[-90.4057,0.3085],[-90.4058,0.3105],[-90.4058,0.3113],[-90.4025,0.3164],[-90.402,0.3167],[-90.4018,0.3167],[-90.4018,0.3169],[-90.4018,0.317],[-90.4011,0.3174],[-90.401,0.3182],[-90.4008,0.3205],[-90.4004,0.3204],[-90.4003,0.322],[-90.402,0.324],[-90.403,0.3246],[-90.4045,0.3266],[-90.4062,0.3291],[-90.4159,0.3402],[-90.4247,0.351],[-90.4309,0.3566],[-90.4364,0.3629],[-90.441,0.3652],[-90.4529,0.3777],[-90.4531,0.3779],[-90.4578,0.3803],[-90.4585,0.3818],[-90.459,0.3823],[-90.4602,0.3835],[-90.4613,0.3851],[-90.4629,0.3854],[-90.4635,0.3848],[-90.4642,0.3848],[-90.4714,0.386],[-90.4751,0.3852],[-90.4782,0.3867],[-90.4783,0.3866],[-90.4785,0.3867],[-90.48,0.3869],[-90.4832,0.3865],[-90.4834,0.3867],[-90.4837,0.3871],[-90.4869,0.3866],[-90.4898,0.3863],[-90.4901,0.3859],[-90.4915,0.3858],[-90.496,0.3859],[-90.4977,0.3839],[-90.4977,0.3838],[-90.4997,0.3835],[-90.501,0.3836],[-90.5007,0.3836],[-90.5007,0.3837],[-90.5012,0.3837],[-90.4835,0.2786],[-90.4745,0.2775],[-90.4637,0.2808],[-90.4634,0.2811],[-90.4612,0.282],[-90.461,0.2819],[-90.4607,0.2818],[-90.4553,0.2833],[-90.4553,0.2835],[-90.4551,0.2833],[-90.4506,0.2842],[-90.4462,0.2846],[-90.4449,0.2847],[-90.4447,0.2847],[-90.4442,0.285],[-90.4433,0.2855],[-90.4428,0.2857],[-90.4407,0.2867],[-90.4401,0.2871],[-90.44,0.2869],[-90.4391,0.2871],[-90.438,0.2871],[-90.4373,0.2871],[-90.4368,0.2869],[-90.4363,0.2872]]],[[[-90.4057,0.3085],[-90.4057,0.3084],[-90.4055,0.3084],[-90.4057,0.3085]]],[[[-90.401,0.3182],[-90.4008,0.3181],[-90.4008,0.3182],[-90.401,0.3182]]],[[[-90.4901,0.3859],[-90.4901,0.386],[-90.4903,0.386],[-90.4901,0.3859]]],[[[-90.4915,0.3858],[-90.4915,0.3862],[-90.4916,0.386],[-90.4915,0.3858]]],[[[-89.7136,-1.3906],[-89.6371,-1.4113],[-89.6199,-1.3911],[-89.6658,-1.3449],[-89.7461,-1.3691],[-89.7446,-1.3752],[-89.7136,-1.3906]]],[[[-90.3535,-1.2776],[-90.3535,-1.2777],[-90.3533,-1.2777],[-90.3533,-1.2776],[-90.3535,-1.2776]]],[[[-90.3584,-1.2636],[-90.3582,-1.2635],[-90.3584,-1.2634],[-90.3584,-1.2636]]],[[[-89.2417,-0.7134],[-89.3521,-0.6851],[-89.4606,-0.7534],[-89.4836,-0.8172],[-89.5413,-0.8179],[-89.6174,-0.9228],[-89.524,-0.9556],[-89.4108,-0.9232],[-89.3625,-0.8302],[-89.2417,-0.7134]]],[[[-90.0881,-0.8285],[-90.0305,-0.8378],[-90.0329,-0.8073],[-90.0835,-0.7988],[-90.0881,-0.8285]]],[[[-89.5195,-0.7785],[-89.5195,-0.7787],[-89.5181,-0.7783],[-89.5188,-0.7783],[-89.5195,-0.7785]]],[[[-89.5208,-0.7762],[-89.5193,-0.7781],[-89.5178,-0.7773],[-89.52,-0.7757],[-89.5208,-0.7762]]],[[[-90.2771,-0.7599],[-90.277,-0.7598],[-90.277,-0.7596],[-90.2771,-0.7596],[-90.2771,-0.7599]]],[[[-90.2805,-0.7586],[-90.279,-0.7603],[-90.2775,-0.7595],[-90.2782,-0.7577],[-90.2805,-0.7586]]],[[[-90.3079,-0.7564],[-90.3073,-0.7555],[-90.3089,-0.7556],[-90.3091,-0.7562],[-90.3079,-0.7564]]],[[[-89.247,-0.7033],[-89.2471,-0.7027],[-89.248,-0.7028],[-89.2476,-0.7037],[-89.247,-0.7033]]],[[[-89.2515,-0.7008],[-89.2522,-0.7006],[-89.2525,-0.701],[-89.2517,-0.7015],[-89.2515,-0.7008]]],[[[-90.3099,-0.743],[-90.2379,-0.7442],[-90.1759,-0.6659],[-90.1693,-0.5723],[-90.2507,-0.4816],[-90.514,-0.5314],[-90.5505,-0.6291],[-90.5359,-0.6959],[-90.4063,-0.772],[-90.3093,-0.7504],[-90.3099,-0.743]]],[[[-90.1589,-0.5845],[-90.1591,-0.5836],[-90.1648,-0.5824],[-90.169,-0.5815],[-90.1589,-0.5845]]],[[[-90.1628,-0.5791],[-90.1658,-0.5802],[-90.1579,-0.5797],[-90.1606,-0.5795],[-90.1628,-0.5791]]],[[[-90.1439,-0.568],[-90.1434,-0.5684],[-90.1432,-0.5682],[-90.1436,-0.5678],[-90.1439,-0.568]]],[[[-90.1437,-0.5671],[-90.1437,-0.5676],[-90.1436,-0.5674],[-90.1436,-0.5671],[-90.1437,-0.5671]]],[[[-90.1411,-0.5664],[-90.1417,-0.5655],[-90.1422,-0.5663],[-90.1417,-0.5667],[-90.1411,-0.5664]]],[[[-90.2941,-0.4845],[-90.2477,-0.4644],[-90.2734,-0.4184],[-90.2946,-0.4148],[-90.2941,-0.4845]]],[[[-90.2911,-0.3903],[-90.2926,-0.4006],[-90.2766,-0.3964],[-90.2782,-0.3895],[-90.2911,-0.3903]]],[[[-89.9521,0.3456],[-89.9592,0.3168],[-89.937,0.3171],[-89.9521,0.3456]]],[[[-80.7843,-1.9362],[-80.7842,-1.9345],[-80.7862,-1.9345],[-80.7857,-1.9367],[-80.7843,-1.9362]]],[[[-80.7869,-1.9314],[-80.7884,-1.9315],[-80.7885,-1.9327],[-80.787,-1.9329],[-80.7869,-1.9314]]]]},"properties":{"iso3":"ECU"}},
{"type":"Feature","geometry":{"type":"Polygon","coordinates":[[[-3.0799,7.0567],[-3.109603177008561,7.011348413643037],[-3.1166,7.0059],[-3.1789200510375393,6.905513600161171],[-3.2312,6.8213],[-3.209,6.7317],[-3.209253455461415,6.731155858331426],[-3.2621,6.6177],[-3.259112479751774,6.615446070133011],[-3.2607,6.6119],[-3.1761,6.2468],[-3.111,6.1562],[-3.0232,5.8482],[-3.0361,5.7143],[-3.0259477567309845,5.713707260330877],[-3.0261,5.7097],[-2.9985124950591735,5.712105450022088],[-2.9556,5.7096],[-2.955503297202749,5.701002242208052],[-2.9667,5.6407],[-2.9547381430965878,5.632973086223883],[-2.9370630669231836,5.621555645714355],[-2.9345,5.6199],[-2.8620811453732293,5.654676336522618],[-2.7652,5.5951],[-2.728072671285604,5.3465],[-2.759059541984733,5.3465],[-2.765453414264037,5.3465],[-2.7764,5.3465],[-2.7811944361806504,5.3114549545842955],[-2.7848,5.2851],[-2.7256,5.1406],[-2.728170328578746,5.137463727514008],[-2.7583,5.1007],[-2.879,5.1276],[-2.9403,5.1243],[-2.95,5.0847],[-3.0075887587822017,5.103692037470726],[-3.0331406282183315,5.112118717816684],[-3.0628,5.1219],[-3.1075341197098942,5.115453598469753],[-3.1086,5.1153],[-3.1086,5.0903],[-2.3856,4.9433],[-2.2694,4.8994],[-2.1845,4.8171],[-2.1097,4.7817],[-2.092,4.7411],[-1.9756,4.7583],[-1.9128,4.8255],[-1.7354,4.8815],[-1.7431,4.9139],[-1.7022,4.9555],[-1.5802,5.0331],[-1.3413,5.0917],[-1.2401,5.1029],[-1.0835,5.1961],[-0.8071,5.2163],[-0.7234,5.3003],[-0.4981,5.3787],[-0.4059,5.4697],[-0.2363,5.5261],[0.2723,5.7719],[0.6797,5.7717],[0.9415,5.7964],[1.0289,5.9795],[1.0819,6.0465],[1.1962995900711741,6.1108011301335425],[1.1995,6.1126],[1.2003,6.1677],[1.084248525112332,6.170875537870061],[1.0615952264381885,6.210227009383925],[1.0041,6.3348],[0.8923,6.3363],[0.8833202075433758,6.343238361256582],[0.8205580232400199,6.391732433926121],[0.7699574177090297,6.430829693987723],[0.7266659366685794,6.50403053158746],[0.7210506897568681,6.518408424953751],[0.7187,6.5175],[0.7199052504948266,6.521341333127896],[0.7366167770941789,6.574603738760056],[0.7374,6.5771],[0.6812,6.5838],[0.6406203704942556,6.629054702029448],[0.6379054763180597,6.632082372032395],[0.6378,6.6322],[0.6460862151910445,6.739526215807814],[0.6239083490079486,6.747492403373582],[0.5765,6.7613],[0.5777911649683782,6.807285336950702],[0.5737150125771782,6.809158632517723],[0.5301,6.8258],[0.5581,6.9141],[0.5147,6.9484],[0.5301118182148301,6.963060469169874],[0.5557334855891225,6.987433042177525],[0.5988,7.0284],[0.5984130800079845,7.109188894332843],[0.5983185461938975,7.128927554714224],[0.5983,7.1328],[0.6401902547676387,7.26453664446518],[0.6443430156194986,7.27759626377103],[0.6446526048233764,7.381927825477834],[0.6424,7.3937],[0.5605,7.3906],[0.5022,7.4638],[0.5179,7.5875],[0.5195217786539817,7.588293052505923],[0.577,7.6164],[0.5776397020862426,7.620937886674284],[0.5898,7.7072],[0.6138208069503729,7.705032057134443],[0.6174960328281274,7.7051927227465855],[0.616,7.891],[0.6015573288306645,8.057553973937695],[0.5956899566544281,8.125216952694595],[0.5895,8.1966],[0.594419468312501,8.202387048964512],[0.6411,8.2573],[0.7010490833159323,8.275917281269576],[0.7245,8.2832],[0.7274636946331197,8.30841740170286],[0.7286230541315556,8.334636762667488],[0.72053180930962,8.349705171927475],[0.6459441217210801,8.488610597121536],[0.6445,8.4913],[0.4728,8.5979],[0.4723684872128289,8.598556090160383],[0.4360208985704561,8.65382049012934],[0.3823,8.7355],[0.38283151137041815,8.738850313244996],[0.3912,8.7916],[0.4713,8.7966],[0.4738242995689658,8.800010809536639],[0.4911,8.8009],[0.5119666769700368,8.845081399841586],[0.5269,8.8767],[0.5264684614429916,8.877790460036406],[0.5278,8.88],[0.4585638682368877,9.064342397847843],[0.4781,9.1441],[0.5391,9.2135],[0.5085,9.2581],[0.5599,9.3057],[0.5647,9.4071],[0.4471,9.5011],[0.3593,9.4983],[0.3560200556032623,9.491454244493047],[0.3375,9.4528],[0.33442066245638824,9.45157940732235],[0.2767,9.4287],[0.23965110845889787,9.455630496792482],[0.22926944055260495,9.466228900980743],[0.22965829852714878,9.472950588826428],[0.2305,9.4875],[0.2945836846129381,9.501358096797548],[0.3105,9.5048],[0.2429,9.5245],[0.24049461736323302,9.570849873116163],[0.2403,9.5746],[0.3733765216708832,9.591187707278694],[0.3823,9.5923],[0.3815,9.6443],[0.3195,9.7265],[0.3620260062220494,9.92089109955279],[0.3645,9.9322],[0.3804555805701699,9.944092816999062],[0.3533,10.0287],[0.3615600589402777,10.027716659649968],[0.4079,10.0222],[0.40804162072257993,10.023173320602458],[0.4111,10.0227],[0.4173,10.0577],[0.3523,10.1011],[0.36147443313996597,10.256479761264105],[0.37785691868758914,10.282381122206372],[0.3977,10.3095],[0.32189035604149135,10.310628679562658],[0.3273007716332905,10.320269796068345],[0.3365,10.3289],[0.32572716338079116,10.340099953489574],[0.29482868872592033,10.393086248640303],[0.2983,10.4089],[0.28476023589741695,10.410352149926409],[0.266264599760096,10.41233582087165],[0.2321,10.416],[0.1939,10.403],[0.18586616111576898,10.412004594416075],[0.1575804023452581,10.474029902046837],[0.1431,10.5259],[0.10346754265035327,10.546878442185077],[-0.06279237489826021,10.640718395648099],[-0.06793524261218534,10.653468077344035],[-0.0909,10.7104],[-0.08780428277538807,10.715337759491304],[-0.0225,10.8195],[-0.005918320014776407,10.960196051132106],[-0.0058,10.9612],[0.03140214420020979,10.990718074113516],[0.0339,10.9927],[0.030187208906757586,11.001543459100045],[-0.013672015404364468,11.106011296534017],[-0.0169,11.1137],[-0.03132878492742536,11.108593287187848],[-0.13771590110657322,11.104382488566864],[-0.13959019321090071,11.105172899850944],[-0.1425,11.1064],[-0.1361,11.1391],[-0.1584439197845319,11.144773634410338],[-0.2759854987538593,11.168506744691383],[-0.27461261595547315,11.141471514200086],[-0.271,11.1265],[-0.27376274070419826,11.124735509251904],[-0.3427810675562969,11.080655296080067],[-0.3615,11.0687],[-0.36487914251044895,11.089856370500202],[-0.3734,11.123],[-0.4195776200798001,11.11547667987464],[-0.43441802096247073,11.058655325143693],[-0.4401,11.0369],[-0.44876226059597096,11.03173318638301],[-0.5422,10.976],[-0.5435387031970952,10.97714408995699],[-0.5443,10.9765],[-0.5673127584170112,10.990423685764915],[-0.6129,10.8964],[-0.6535949223667646,10.956401888375996],[-0.6833,11.0002],[-0.8241,11.0101],[-0.8417648083393812,10.996836524378175],[-0.8835,10.9655],[-0.8862715085104238,10.967001591298217],[-0.8962228756997735,10.972393198908547],[-0.9158,10.983],[-0.9768583539064778,10.998885100203312],[-0.9872,10.9983],[-1.3778,10.9865],[-1.4285,11.0125],[-1.5441,11.0103],[-1.5447247723389455,11.021325394216683],[-1.585,11.0213],[-1.5835,10.9909],[-1.7156,10.9766],[-2.7161,11.0042],[-2.7158489966100663,11.004533343126315],[-2.725303637364829,11.00449866628511],[-2.8324919147660066,11.004105531213034],[-2.834,11.0041],[-2.8179034855752647,10.923219983075713],[-2.8641,10.8875],[-2.9328791982580973,10.727195726894513],[-2.937,10.7234],[-2.9353461648853,10.721445946409064],[-2.910380503833516,10.691948302300109],[-2.9066141063641417,10.687498195735975],[-2.930070833333333,10.638464359698682],[-2.941,10.6171],[-2.940646207211564,10.616357645941928],[-2.8657,10.4591],[-2.7734,10.4229],[-2.773576363460351,10.42279655005506],[-2.83,10.3897],[-2.830340766447545,10.388514946533164],[-2.8312,10.388],[-2.8504,10.3195],[-2.7575207386283425,10.247985936132366],[-2.7819154985453585,10.213170113726527],[-2.7978,10.1905],[-2.7939429801572446,10.125419580681394],[-2.7907,10.0707],[-2.7904380423515476,10.06970472517265],[-2.747151867219917,9.90524439834025],[-2.7269,9.8283],[-2.7906,9.7425],[-2.7828495620737637,9.726290144378806],[-2.7425,9.6419],[-2.7628586842105265,9.59534552631579],[-2.7711,9.5765],[-2.770118854621644,9.575489397601046],[-2.7286024601712366,9.532726552508942],[-2.6897324090952153,9.492689502208927],[-2.6845,9.4873],[-2.684472816211677,9.487051066975447],[-2.680279979183249,9.448655550113267],[-2.6753175954843997,9.385760221837161],[-2.691692015030531,9.359038562705496],[-2.7190424865188154,9.314404920936317],[-2.7207,9.3117],[-2.694714433436273,9.288998100973966],[-2.6598407594182234,9.252578040799154],[-2.7739,9.1427],[-2.773942694338923,9.142306263318817],[-2.7778505511811025,9.106267139107612],[-2.7829,9.0597],[-2.781780073829116,9.057973875259554],[-2.780458992309595,9.05593771291754],[-2.7611,9.0261],[-2.659298014757612,9.008403580135436],[-2.5972142732863355,8.827957333133345],[-2.6285,8.7957],[-2.6203855342668474,8.793692737423905],[-2.5905,8.7863],[-2.5900861050112285,8.783787220601084],[-2.5868780476099054,8.78360940679593],[-2.582651422234544,8.780469627945662],[-2.4941,8.202],[-2.5030559623536677,8.197113649470563],[-2.5908841527766158,8.149194809727224],[-2.6118380539395343,8.137762413966952],[-2.617674518518176,8.114071785592888],[-2.6014,8.0309],[-2.6842,8.0151],[-2.7448,7.9197],[-2.7827,7.952],[-2.7917,7.8652],[-2.8499628329713045,7.757435337830113],[-2.9235,7.6087],[-2.97175894676918,7.311735439076674],[-2.9582656801110834,7.245841136853154],[-2.956123393024951,7.235379288267479],[-2.9558,7.2338],[-2.990663450873705,7.187415151198075],[-3.0257,7.1408],[-3.0351,7.0771],[-3.0734,7.06],[-3.0799,7.0567]]]},"properties":{"iso3":"GHA"}},
{"type":"Feature","geometry":{"type":"MultiPolygon","coordinates":[[[[-14.89,10.8758],[-14.8732,10.8564],[-14.8708,10.8893],[-14.8807,10.8982],[-14.8898,10.8896],[-14.8894,10.9179],[-14.9019,10.9154],[-14.9346,10.8672],[-14.9176,10.8156],[-14.8909,10.8192],[-14.89,10.8758]]],[[[-15.0216,10.7814],[-14.9529,10.7729],[-14.9704,10.887],[-14.9532,10.8615],[-14.9046,10.9269],[-14.9544,10.975],[-15.0629,10.9068],[-15.0845,10.8554],[-15.0216,10.7814]]],[[[-14.865,10.9386],[-14.8854,10.9241],[-14.8769,10.904],[-14.8549,10.8985],[-14.865,10.9386]]],[[[-14.8029,10.9437],[-14.8126,10.9413],[-14.8154,10.9381],[-14.8104,10.9349],[-14.8029,10.9437]]],[[[-14.9005,10.9598],[-14.9126,10.9528],[-14.909,10.9475],[-14.8976,10.9461],[-14.9005,10.9598]]],[[[-14.953042596258344,11.005423018553019],[-14.9538,11.0041],[-14.9636,10.9811],[-14.9023,10.9663],[-14.9305,11.0448],[-14.950141288147622,11.01049096877218],[-14.953042596258344,11.005423018553019]]],[[[-13.783,9.8446],[-13.7886,9.8409],[-13.7879,9.8356],[-13.7699,9.8484],[-13.783,9.8446]]],[[[-13.7321,9.8552],[-13.725,9.8582],[-13.7192,9.8628],[-13.723,9.8641],[-13.7321,9.8552]]],[[[-14.0723,10.1095],[-14.0583,10.0986],[-14.0483,10.1175],[-14.063,10.1259],[-14.0723,10.1095]]],[[[-14.5763,10.7728],[-14.5808,10.7618],[-14.578,10.7604],[-14.5751,10.7687],[-14.5763,10.7728]]],[[[-14.7097,11.0143],[-14.7177,11.0078],[-14.7147,11.0037],[-14.7056,11.0063],[-14.7097,11.0143]]],[[[-13.708739729249695,12.664154559481553],[-13.7111,12.5995],[-13.650169802819988,12.49248749459925],[-13.637096532059335,12.451662825630807],[-13.6705,12.3955],[-13.6671,12.3155],[-13.7195,12.2469],[-13.7586,12.2772],[-13.762391896875714,12.274902985546444],[-13.763,12.2753],[-13.800168000989316,12.253124888298645],[-13.7989,12.2977],[-13.801582438010119,12.293349216398223],[-13.8015,12.2946],[-13.826510725873147,12.259983705494413],[-13.8559,12.2813],[-13.856268066215403,12.273957079002711],[-13.857721772561716,12.24495563739377],[-13.85777637301794,12.243866358292115],[-13.8579,12.2414],[-13.9206,12.2338],[-13.9583,12.1808],[-13.842306271469372,12.080466576314011],[-13.8072,12.0501],[-13.730538691757515,12.018194715644746],[-13.7056,12.0043],[-13.709534306452388,11.855754711509189],[-13.715486546799797,11.70909541245746],[-13.774886526122824,11.68903715857012],[-13.782717836377364,11.686756865290121],[-13.816078458844133,11.713717863397548],[-13.8546,11.746],[-13.85477581339235,11.744991839288618],[-13.8689,11.664],[-13.9266,11.6776],[-14.0828,11.6256],[-14.1425,11.6594],[-14.2658,11.6665],[-14.30939531282695,11.617903170119272],[-14.3242,11.6014],[-14.343001582459198,11.59084540891467],[-14.4058,11.5581],[-14.5162,11.4988],[-14.6589,11.5084],[-14.6922,11.485],[-14.727214678471396,11.420586965237192],[-14.7798,11.3534],[-14.915338443262977,11.074514314273712],[-14.9256,11.0534],[-14.8731,10.9622],[-14.8121,10.9919],[-14.7511,10.9699],[-14.7277,11.0192],[-14.6591,11.0298],[-14.8173,10.9247],[-14.8091,10.8231],[-14.7541,10.8362],[-14.7899,10.7608],[-14.7482,10.6899],[-14.7363,10.7471],[-14.6562,10.8002],[-14.7232,10.699],[-14.685,10.6904],[-14.7033,10.6325],[-14.5409,10.8172],[-14.6116,10.6987],[-14.6274,10.6212],[-14.5938,10.5939],[-14.6582,10.564],[-14.6654,10.4685],[-14.5824,10.4717],[-14.5456,10.5059],[-14.5521,10.4182],[-14.4635,10.3393],[-14.4565,10.2083],[-14.3683,10.2283],[-14.2189,10.1049],[-14.1843,10.1283],[-14.1862,10.0843],[-14.1376,10.0471],[-14.0786,10.0658],[-14.0734,10.1509],[-14.0311,10.1162],[-14.0672,10.0286],[-13.8267,9.8463],[-13.7251,9.8682],[-13.6843,9.9381],[-13.7551,9.7664],[-13.6893,9.74],[-13.6399,9.7912],[-13.6635,9.8296],[-13.6251,9.822],[-13.5961,9.7658],[-13.5553,9.7874],[-13.5477,9.7401],[-13.5856,9.7533],[-13.6242,9.7237],[-13.6342,9.628],[-13.7163,9.5014],[-13.6168,9.5656],[-13.5535,9.4999],[-13.5073,9.5145],[-13.5114,9.4455],[-13.4744,9.4067],[-13.4241,9.4102],[-13.4126,9.2793],[-13.3571,9.2753],[-13.3247,9.3386],[-13.3259,9.1797],[-13.2804,9.1526],[-13.2605,9.1904],[-13.249,9.1445],[-13.3247,9.0671],[-13.3077,9.0376],[-13.30252087888608,9.039725961326162],[-13.181408041235004,9.089441193560463],[-13.101930810846474,9.055638793956588],[-13.0877,9.0484],[-13.08661706174288,9.04912571512756],[-13.072434868704264,9.058629702970297],[-12.9916,9.1128],[-12.979706758115483,9.14938487503591],[-12.949270221341871,9.24301089435014],[-12.9351,9.2866],[-12.916266025861953,9.286630624348192],[-12.820659666748348,9.286786081842685],[-12.8121,9.2868],[-12.807433358215917,9.291426891854064],[-12.7534,9.345],[-12.7523,9.3965],[-12.6868,9.4092],[-12.6605,9.532],[-12.6211,9.6012],[-12.616260331750754,9.60098600106381],[-12.5917,9.5999],[-12.59093602848556,9.603028935126869],[-12.5666,9.7027],[-12.562909819295877,9.703059636255063],[-12.561072631578947,9.703238684210527],[-12.5194,9.7073],[-12.51146825065574,9.760294972334437],[-12.499,9.8436],[-12.2271,9.9247],[-12.1483,9.8776],[-12.140156415294426,9.879818312473798],[-11.912231287982193,9.94190511715365],[-11.908362964511522,9.942958848467063],[-11.9084,9.9432],[-11.896,9.9999],[-11.477528946447324,9.9999],[-11.4776,9.9997],[-11.400228571428572,9.9999],[-11.2078,9.9999],[-11.1564,9.8784],[-11.142778319132159,9.871013595585747],[-11.040891557866313,9.79924375078742],[-11.0387,9.7977],[-10.934586967481327,9.658631002296584],[-10.8594,9.5582],[-10.8738,9.5375],[-10.837741436190187,9.52223546758807],[-10.8348,9.5172],[-10.8496,9.4614],[-10.847277010301287,9.459493128456012],[-10.8489,9.4547],[-10.802,9.4144],[-10.8148,9.3866],[-10.811213535929502,9.386326093436143],[-10.810558743520636,9.38627608542401],[-10.734236350940169,9.38044716761357],[-10.717127189165327,9.363888689181094],[-10.6633,9.3006],[-10.663473881537948,9.261215831654614],[-10.671317448209997,9.208259266862433],[-10.7184,9.1975],[-10.72027418162284,9.183356176019638],[-10.723123240685984,9.161855276956436],[-10.7334,9.0843],[-10.72661624756752,9.082990943808841],[-10.61827268454676,9.06208395857372],[-10.5997,9.0585],[-10.599053986985291,9.045670585286029],[-10.5869,8.8043],[-10.4694,8.6746],[-10.6224,8.5417],[-10.6531,8.3879],[-10.660917828640269,8.382754777894894],[-10.675659408596633,8.37305276131896],[-10.6961,8.3596],[-10.719,8.271],[-10.691901925420133,8.312999011377663],[-10.6739,8.3409],[-10.663912374088762,8.338137641670729],[-10.5535,8.3076],[-10.549334670533822,8.31220797343333],[-10.386,8.4929],[-10.378509566523606,8.49236435193133],[-10.289042316797305,8.485966463254247],[-10.27658610754917,8.485075707806285],[-10.2126,8.4805],[-10.211246723717712,8.481637644347197],[-10.2051,8.4806],[-10.140550002195582,8.52122587274404],[-10.0548,8.4958],[-10.0552,8.4209],[-9.956055864462863,8.477230234708276],[-9.917024350175462,8.498098854072854],[-9.913770748447543,8.498228772197406],[-9.822178423542757,8.50188610461548],[-9.8043,8.5026],[-9.765064824582923,8.543495461236507],[-9.7594,8.5494],[-9.71867259502581,8.447581487564523],[-9.7174,8.4444],[-9.712720276100086,8.453028240940466],[-9.678243284876423,8.484576897973657],[-9.6281,8.4586],[-9.6578,8.4041],[-9.641880839575318,8.409942454017754],[-9.5796,8.4328],[-9.545507753307032,8.396425119079208],[-9.5333,8.3834],[-9.52233749464566,8.382039989937244],[-9.49124518564888,8.362736498906898],[-9.5202,8.3262],[-9.517266852932561,8.320801176178996],[-9.497688817427893,8.284765354578214],[-9.4882,8.2673],[-9.5199,8.1793],[-9.4635,8.1659],[-9.46,8.0362],[-9.4277,8.0479],[-9.413858344891356,7.995301710587148],[-9.4097,7.9795],[-9.421576510393857,7.878635723321748],[-9.4235,7.8623],[-9.377123997045745,7.7961151515627725],[-9.3439,7.7487],[-9.3707,7.682],[-9.3571,7.6122],[-9.469351993475197,7.379511940617283],[-9.4778,7.362],[-9.417024204420755,7.417786737733187],[-9.4012,7.388],[-9.397854949767314,7.3909976796315995],[-9.3969,7.3886],[-9.312783934665129,7.4274820256239],[-9.30773378573444,7.426494910998704],[-9.287380262120694,7.397626732807288],[-9.2746,7.3795],[-9.255073002325402,7.379796271688856],[-9.203491242148036,7.380578891498444],[-9.2021,7.3806],[-9.191277568479503,7.310208722715421],[-9.1902,7.3032],[-9.143694033777031,7.284685479034041],[-9.1234,7.2738],[-9.1059,7.1994],[-9.105378413931307,7.199665599646353],[-9.1045,7.1936],[-9.066,7.201],[-8.93832008721221,7.28473426838641],[-8.936745384369594,7.28553613128731],[-8.910767847007145,7.279019831139025],[-8.864179866388943,7.26733353228879],[-8.8481,7.2633],[-8.847878991627404,7.27173850149916],[-8.84671555523755,7.316160618202636],[-8.8459,7.3473],[-8.709,7.5083],[-8.708949669324577,7.511312977251408],[-8.708624410878715,7.53078413057876],[-8.7068,7.64],[-8.6593,7.6962],[-8.5598,7.6926],[-8.5653,7.6259],[-8.504877918125501,7.579626160712655],[-8.4722,7.5546],[-8.444208298755184,7.574957600905321],[-8.393,7.6122],[-8.387976923076922,7.603828205128202],[-8.376840093457945,7.585266822429906],[-8.3693,7.5727],[-8.303637396525062,7.601038597289183],[-8.3028,7.6014],[-8.194984315498619,7.545714976136649],[-8.1936,7.545],[-8.192084593633503,7.5480382472695435],[-8.161756274237234,7.608843675854704],[-8.0713,7.7902],[-8.1172,7.8588],[-8.058142300884956,8.02120867256637],[-8.056014972103352,8.023156421645632],[-8.014160082477108,8.035208876773607],[-7.973927965078481,8.026568422030278],[-7.9456,8.013],[-7.952509678407075,8.02196852153709],[-8.0144,8.1023],[-7.9987665408369875,8.196296173217611],[-7.9984,8.1985],[-8.0396,8.2055],[-8.0689,8.1615],[-8.239141569374532,8.232275652446443],[-8.2104,8.3494],[-8.23385275033939,8.457126948654375],[-8.22753836032992,8.46493548444798],[-8.180089075630251,8.497893277310926],[-8.1196,8.4807],[-8.11811203093774,8.48224330675466],[-8.1009,8.4771],[-7.937771216825898,8.50056309388462],[-7.8866,8.417],[-7.868022549056675,8.422500586033498],[-7.8641,8.417],[-7.8263,8.4242],[-7.817040019128625,8.475608859320392],[-7.7451,8.3733],[-7.726576639952508,8.374030247848026],[-7.6411,8.3774],[-7.6814,8.4485],[-7.667807822895064,8.48686609596615],[-7.6611,8.5058],[-7.684859155732911,8.562848694458967],[-7.735220870656287,8.683773449504598],[-7.735784044445022,8.685125699970145],[-7.7535123788986615,8.727693640804471],[-7.7678,8.762],[-7.771134406326021,8.762078800959765],[-7.9159,8.7655],[-7.9613,8.8104],[-7.936113817946105,8.905823057690528],[-7.910147165506425,9.004203088791686],[-7.8873,9.0291],[-7.865817449703008,9.046150982946925],[-7.831636595350192,9.069524386030631],[-7.7192,9.0701],[-7.8291,9.1816],[-7.854174880509824,9.167435103558152],[-7.873309712129629,9.160716302311773],[-7.9103,9.1978],[-7.8492,9.4176],[-7.855871199742379,9.416634236117472],[-7.85,9.4377],[-7.947040037839013,9.403436074700366],[-7.989226038710277,9.397328969897176],[-8.03600497894758,9.400271679803645],[-8.0603,9.4018],[-8.1492,9.532],[-8.1473,9.584],[-8.14088957472646,9.618809449029028],[-8.139817265935092,9.624632226243289],[-8.1015,9.8327],[-8.120741790564697,9.866387844337275],[-8.128897448778828,9.880666481424706],[-8.151292564322832,9.919875055274684],[-8.155677034727224,9.927551230523964],[-8.1103,9.957],[-8.1438,9.977],[-8.12188776832726,10.024303564196027],[-8.1067,10.0469],[-8.066435980937252,10.069308578236695],[-8.0165,10.0971],[-7.978246466005492,10.16441667136631],[-7.977912358745503,10.165004616747382],[-7.977772391015548,10.16525092501476],[-7.9524,10.2099],[-7.954047978952404,10.226379789524037],[-7.959096429680224,10.276864296802234],[-7.9609,10.2949],[-7.974978624066472,10.312713769226967],[-7.9952,10.3383],[-7.999809152235896,10.339246693094095],[-8.077441051674208,10.355191834265035],[-8.0916,10.3581],[-8.1204,10.4221],[-8.2254,10.41],[-8.229150144255696,10.416873552074136],[-8.231270733415323,10.420760330561235],[-8.273407800677395,10.57049905536125],[-8.293650648278676,10.735144887038137],[-8.2901,10.7521],[-8.32283893291355,10.772270906534414],[-8.2756,10.8531],[-8.27645548491936,10.863663379004253],[-8.2871,10.9951],[-8.311982348385097,11.03139815107826],[-8.3235,11.0482],[-8.336280610074578,11.049945143544319],[-8.44401315639209,11.064655611716189],[-8.4729,11.0686],[-8.474928776453844,11.063955928781011],[-8.4774,11.0639],[-8.5132,10.991],[-8.555792947844818,10.967807697538504],[-8.673751487241232,10.955655275527892],[-8.6772,10.9553],[-8.6814,11.0078],[-8.6224,11.1199],[-8.571,11.1398],[-8.5663,11.2047],[-8.553463509881423,11.207482848108414],[-8.4865,11.222],[-8.486377847531562,11.22311777875228],[-8.4792,11.2888],[-8.473303869946392,11.287989891221974],[-8.452254406130269,11.285097764478643],[-8.386315575409068,11.276037987117155],[-8.3824,11.2755],[-8.37991088969846,11.282032116051441],[-8.368385949895409,11.312276755765808],[-8.3651,11.3209],[-8.382431430428918,11.324009190893998],[-8.4214,11.331],[-8.3816,11.3753],[-8.5021,11.3993],[-8.5309,11.4759],[-8.549467248303221,11.470627537813527],[-8.5674,11.4557],[-8.583404585602185,11.460990497111741],[-8.6155,11.4716],[-8.690875885516045,11.620238428447527],[-8.69742412703663,11.633151315932045],[-8.723347230175527,11.622252259429851],[-8.7456,11.6041],[-8.755926883121866,11.608554536731244],[-8.8483,11.6484],[-8.7733,11.971],[-8.827,12.0402],[-8.83128724182698,12.03772746370825],[-8.8648,12.0184],[-8.9086,12.0396],[-8.908426427637917,12.04098098510582],[-8.913,12.0411],[-8.9028,12.1687],[-8.90591631301986,12.172993905958242],[-8.946215192943772,12.191435766262403],[-8.987268288125037,12.210222775921626],[-8.9929,12.2128],[-8.9906064794405,12.21684806378752],[-8.9929,12.2214],[-8.9689,12.3485],[-8.996108879278616,12.379536428045638],[-9.0448,12.4264],[-9.103455848638514,12.458195730174287],[-9.1545,12.4841],[-9.333808040968067,12.494128800748456],[-9.362318814494861,12.49518577213101],[-9.401044632669192,12.447637525355812],[-9.298816298540256,12.356214575808519],[-9.2969,12.3546],[-9.3404,12.2429],[-9.4793,12.2458],[-9.492236706531738,12.234738178472861],[-9.5355,12.19],[-9.632941706743532,12.170161568686947],[-9.638480856280287,12.164411626990232],[-9.6898343486909,12.06859902571723],[-9.712589878427943,12.026142974626913],[-9.7154,12.0209],[-9.757254418889751,12.034261583782907],[-9.900258607175157,12.079914169430207],[-10.0678,12.1334],[-10.089282829301649,12.17582634071288],[-10.090688471566287,12.17860233715183],[-10.155752382030421,12.193700707463742],[-10.2506,12.2131],[-10.29220790144435,12.191551486830926],[-10.293623901070164,12.190818148077346],[-10.2981,12.1885],[-10.338564397442333,12.218965112162126],[-10.337440638993101,12.20898195570616],[-10.3315,12.1908],[-10.335302013175701,12.189983000770168],[-10.335,12.1873],[-10.429601383212827,12.148521251178876],[-10.4471,12.1197],[-10.498053273397613,12.120461633384119],[-10.514604511956554,12.113676993445909],[-10.5208,12.0417],[-10.577354133426406,12.02050392345876],[-10.5811,12.0191],[-10.569590092457668,11.99152975635209],[-10.5682,11.9882],[-10.576457606559764,11.984995555663376],[-10.642481536058563,11.922176084281276],[-10.6589,11.8935],[-10.668795452650109,11.897139308330162],[-10.689161555227093,11.904629468647443],[-10.7731,11.9355],[-10.780379473476017,12.00607045119806],[-10.790590253521128,12.105058291079812],[-10.7911,12.11],[-10.8579,12.1393],[-10.88407421679198,12.186019569757729],[-10.9286,12.2224],[-10.974086371860746,12.22185244264312],[-11.046,12.2118],[-11.069641091467288,12.145003170654245],[-11.073154719312594,12.135075574887685],[-11.0735,12.1341],[-11.096052685472683,12.120588405892846],[-11.1395,12.0931],[-11.14120389847507,12.089302381258518],[-11.1422,12.0481],[-11.166519544929892,12.031606051210915],[-11.223,11.9933],[-11.242283990188064,11.99919233033524],[-11.290510594839013,12.013928237311921],[-11.3094,12.0197],[-11.31738942116939,12.031323450900612],[-11.3681,12.1051],[-11.444035563597847,12.129331123664931],[-11.4571,12.1335],[-11.457827859640977,12.134486568372783],[-11.47905558918667,12.163259432558059],[-11.4948,12.1846],[-11.490387790742053,12.191214828729526],[-11.4315,12.2795],[-11.434840029622608,12.372278600628],[-11.4351,12.3795],[-11.428098190777005,12.38073198989261],[-11.376596492829206,12.389793872229466],[-11.374933232429415,12.390086528018285],[-11.451233906070089,12.436310540770368],[-11.4598,12.4415],[-11.470072533733758,12.439675587116866],[-11.696937544087172,12.399384120732034],[-11.7616,12.3879],[-11.877297610798832,12.423009366720887],[-11.9033,12.4309],[-11.9987,12.3969],[-12.085078926925371,12.418362788360277],[-12.0969,12.4213],[-12.14332751149618,12.381579512636495],[-12.170956492208107,12.364132145923945],[-12.222982693137679,12.347015666810531],[-12.349012289262,12.311036920722234],[-12.367550240144409,12.32407741030848],[-12.4742,12.3991],[-12.5631,12.3674],[-12.563688767464047,12.367931387584076],[-12.57667963202902,12.379656193314327],[-12.6339,12.4313],[-12.733354726368159,12.434407960199005],[-12.7555,12.4351],[-12.762951082643209,12.441046211942956],[-12.81973106634781,12.486358528742011],[-12.841204696106443,12.503495199994173],[-12.8877,12.5406],[-12.9309,12.5305],[-12.946497126554647,12.502036278329983],[-12.960197694689773,12.477033650009115],[-13.057,12.4826],[-13.053,12.626],[-13.072729129349728,12.629367104742354],[-13.0735,12.639],[-13.126153527855054,12.642085556452754],[-13.128,12.6388],[-13.23525615489874,12.648479094143404],[-13.3463,12.6585],[-13.428012338734332,12.659774825143222],[-13.7083,12.6762],[-13.708371633194343,12.674237762140677],[-13.708739729249695,12.664154559481553]]],[[[-13.7868,9.4659],[-13.7989,9.4675],[-13.8048,9.4575],[-13.7961,9.4569],[-13.7868,9.4659]]],[[[-13.7696,9.5049],[-13.7718,9.4962],[-13.7573,9.474],[-13.7565,9.4411],[-13.7462,9.4715],[-13.7696,9.5049]]],[[[-13.7953,9.5121],[-13.815,9.5112],[-13.8438,9.4669],[-13.8328,9.4501],[-13.7953,9.5121]]],[[[-13.3269,9.153],[-13.3202,9.1478],[-13.3241,9.1514],[-13.3198,9.1606],[-13.3269,9.153]]],[[[-13.4218,9.2661],[-13.4214,9.2735],[-13.4342,9.2764],[-13.4357,9.2686],[-13.4218,9.2661]]],[[[-13.731,9.8509],[-13.7615,9.8395],[-13.7786,9.8347],[-13.7788,9.8046],[-13.731,9.8509]]]]},"properties":{"iso3":"GIN"}},
{"type":"Feature","geometry":{"type":"Polygon","coordinates":[[[-16.6271,13.4679],[-16.6674,13.4892],[-16.7246,13.444],[-16.8143,13.3389],[-16.7723,13.078],[-16.7395,13.0437],[-16.7358,13.112],[-16.712567519874707,13.138327064953115],[-16.709,13.1552],[-16.6975211751278,13.155377594785596],[-15.981661196689618,13.166453031583632],[-15.8946,13.1678],[-15.8025,13.1671],[-15.802706147736009,13.241478103151653],[-15.803,13.3475],[-15.6792,13.3701],[-15.588810558837373,13.351050985540107],[-15.5824,13.3497],[-15.504290376317156,13.391527656484795],[-15.4993,13.3942],[-15.3384,13.3594],[-15.2287,13.4174],[-15.21564017708955,13.46163616845582],[-15.1959,13.5285],[-15.170395097423006,13.54518365807668],[-15.1689650514667,13.546119101672158],[-15.0895,13.5981],[-15.076940880097721,13.584456978567696],[-15.074768140361725,13.582096722831968],[-14.985227549821783,13.48482842654186],[-14.9829,13.4823],[-14.7616,13.4174],[-14.72237894230641,13.383105965723141],[-14.68572508558015,13.351056635774682],[-14.6812,13.3471],[-14.5788,13.3583],[-14.574782401030257,13.35593475603982],[-14.54191811338924,13.336586867304808],[-14.376976058007585,13.239482053407492],[-14.253505498736613,13.225189255203947],[-14.178996015965513,13.22191487868198],[-14.139364909824815,13.234423035105126],[-14.124660710970348,13.261958286463168],[-14.1154,13.2793],[-14.059586897589833,13.292252488938635],[-13.833796790236661,13.344651365576114],[-13.821288132378218,13.35816620432262],[-13.802099446000858,13.412141742384089],[-13.810119873591898,13.456807227072117],[-13.8599,13.51],[-13.872195509404351,13.52799066866833],[-13.916923066887378,13.564264415865269],[-13.930247556528082,13.567845763433017],[-13.982421595152276,13.578870634689915],[-14.22440294977484,13.49024080793105],[-14.3198,13.4553],[-14.360880457565964,13.473231639050429],[-14.4261,13.5017],[-14.446720003592565,13.527337596900129],[-14.5424,13.6463],[-14.552385937323582,13.647342615265803],[-14.69942913901427,13.620231783250881],[-14.7104,13.6148],[-14.715073531950638,13.617347375784254],[-14.738053572105363,13.629872977070304],[-14.7803,13.6529],[-14.782716319519004,13.658063152243935],[-14.80160861120962,13.698431893823141],[-14.829326166212132,13.757658314493945],[-14.8344,13.7685],[-15.0611,13.8255],[-15.068324570670734,13.821873677286387],[-15.2155,13.748],[-15.3193,13.7845],[-15.393588850971115,13.750280647934556],[-15.412,13.7418],[-15.434651864129508,13.684815821209623],[-15.452902286186585,13.638904133431767],[-15.469101688198718,13.598152095750507],[-15.472220785042662,13.59030553746269],[-15.4727,13.5891],[-16.1468,13.5906],[-16.54503060834348,13.591485612916998],[-16.5271,13.5312],[-16.5498,13.4872],[-16.4774,13.4237],[-16.5075,13.362],[-16.4101,13.3284],[-16.3101,13.3375],[-16.1459,13.454],[-15.6976,13.4789],[-15.7573,13.4453],[-16.0626,13.4092],[-16.1469,13.4342],[-16.2213,13.3261],[-16.3617,13.2657],[-16.4487,13.271],[-16.5565,13.2993],[-16.5857,13.386],[-16.6029,13.4436],[-16.575,13.4427],[-16.6271,13.4679]]]},"properties":{"iso3":"GMB"}},
{"type":"Feature","geometry":{"type":"MultiPolygon","coordinates":[[[[-15.031,11.9393],[-15.0873,11.9404],[-15.192,11.8693],[-15.3686,11.8883],[-15.4337,11.8511],[-15.4217,11.8786],[-15.4283,11.881],[-15.4552,11.8673],[-15.4398,11.8476],[-15.4636,11.8341],[-15.5554,11.7244],[-15.5476,11.6884],[-15.4898,11.681],[-15.477,11.6487],[-15.4087,11.6844],[-15.4677,11.6023],[-15.4319,11.5439],[-15.4428,11.5962],[-15.4248,11.5618],[-15.4083,11.6112],[-15.4068,11.5717],[-15.3793,11.5718],[-15.39,11.6013],[-15.3553,11.5917],[-15.3923,11.6482],[-15.3755,11.6501],[-15.3401,11.6048],[-15.3452,11.6558],[-15.3431,11.6841],[-15.3189,11.6276],[-15.3103,11.6618],[-15.2832,11.6447],[-15.3157,11.7158],[-15.2884,11.6987],[-15.2746,11.7442],[-15.2613,11.6657],[-15.2239,11.7591],[-15.1901,11.7253],[-15.2182,11.7309],[-15.2127,11.6969],[-15.2675,11.637],[-15.1337,11.7016],[-15.1733,11.6464],[-15.1331,11.6393],[-15.1101,11.6798],[-15.1249,11.6352],[-15.0897,11.6189],[-15.0634,11.6454],[-15.0767,11.5926],[-15.0008,11.6191],[-14.9752,11.5883],[-15.0499,11.5607],[-15.0787,11.5831],[-15.1229,11.5379],[-15.1433,11.5821],[-15.0902,11.5913],[-15.1268,11.6244],[-15.1419,11.6005],[-15.1554,11.6323],[-15.2117,11.6387],[-15.1858,11.6052],[-15.2042,11.5663],[-15.2347,11.6262],[-15.286,11.6251],[-15.2514,11.5708],[-15.296,11.6084],[-15.3364,11.574],[-15.2954,11.5799],[-15.2875,11.5342],[-15.3465,11.5615],[-15.3453,11.5148],[-15.4081,11.5292],[-15.3865,11.4859],[-15.4197,11.5089],[-15.426,11.4824],[-15.4736,11.4829],[-15.5141,11.3321],[-15.3639,11.4105],[-15.3556,11.3962],[-15.4262,11.299],[-15.4281,11.2396],[-15.3606,11.1465],[-15.2878,11.1192],[-15.2455,11.1239],[-15.2285,11.1906],[-15.2034,11.1419],[-15.2287,11.0739],[-15.1518,11.0862],[-14.9913,11.2065],[-15.0366,11.116],[-15.0853,11.0928],[-15.0675,11.0675],[-15.1108,11.0474],[-15.1077,10.9543],[-15.0343,10.9918],[-15.0647,10.9548],[-15.0965,10.9362],[-15.0615,10.9263],[-14.953042596258344,11.005423018553019],[-14.950141288147622,11.01049096877218],[-14.915338443262977,11.074514314273712],[-14.7798,11.3534],[-14.727214678471396,11.420586965237192],[-14.6922,11.485],[-14.6589,11.5084],[-14.5162,11.4988],[-14.4058,11.5581],[-14.343001582459198,11.59084540891467],[-14.3242,11.6014],[-14.30939531282695,11.617903170119272],[-14.2658,11.6665],[-14.1425,11.6594],[-14.0828,11.6256],[-13.9266,11.6776],[-13.8689,11.664],[-13.85477581339235,11.744991839288618],[-13.8546,11.746],[-13.816078458844133,11.713717863397548],[-13.782717836377364,11.686756865290121],[-13.774886526122824,11.68903715857012],[-13.715486546799797,11.70909541245746],[-13.709534306452388,11.855754711509189],[-13.7056,12.0043],[-13.730538691757515,12.018194715644746],[-13.8072,12.0501],[-13.842306271469372,12.080466576314011],[-13.9583,12.1808],[-13.9206,12.2338],[-13.8579,12.2414],[-13.85777637301794,12.243866358292115],[-13.857721772561716,12.24495563739377],[-13.856268066215403,12.273957079002711],[-13.8559,12.2813],[-13.826510725873147,12.259983705494413],[-13.8015,12.2946],[-13.801582438010119,12.293349216398223],[-13.7989,12.2977],[-13.800168000989316,12.253124888298645],[-13.763,12.2753],[-13.762391896875714,12.274902985546444],[-13.7586,12.2772],[-13.7195,12.2469],[-13.6671,12.3155],[-13.6705,12.3955],[-13.637096532059335,12.451662825630807],[-13.650169802819988,12.49248749459925],[-13.7111,12.5995],[-13.708739729249695,12.664154559481553],[-14.340365645690978,12.67400879461742],[-14.54046812267658,12.677130669144981],[-14.9129,12.6783],[-15.151042057936955,12.677286629540694],[-15.219536865273424,12.662803896646166],[-15.4808,12.5112],[-15.655707635692167,12.438231372985703],[-15.6817,12.4245],[-15.68707768888889,12.425144295900292],[-15.8912,12.4496],[-15.90564084028937,12.450110441012798],[-16.17625149314077,12.45967572758531],[-16.209172449428337,12.456885449424274],[-16.3767,12.365],[-16.382465990279943,12.364669589321037],[-16.4657,12.3599],[-16.473535938123685,12.359269629828361],[-16.700131977739108,12.341040876342772],[-16.714,12.3334],[-16.6687,12.3377],[-16.5503,12.264],[-16.4727,12.1766],[-16.3508,12.187],[-16.2185,12.2861],[-16.1391,12.2932],[-16.1417,12.2799],[-16.2512,12.2299],[-16.2549,12.1571],[-16.2767,12.1632],[-16.2813,12.1868],[-16.3434,12.1537],[-16.3861,12.0713],[-16.2425,11.9286],[-16.1045,11.8789],[-16.0549,11.92],[-15.8964,11.9505],[-15.9715,11.7752],[-15.9613,11.7346],[-15.8813,11.7573],[-15.8754,11.7507],[-15.8671,11.7591],[-15.8709,11.7602],[-15.8536,11.7651],[-15.8267,11.8171],[-15.8194,11.7433],[-15.6638,11.7976],[-15.5528,11.8951],[-15.4094,11.965],[-15.2027,11.8983],[-15.1191,11.9717],[-15.0292,11.9712],[-15.031,11.9393]]],[[[-15.9498,11.8747],[-15.9479,11.874],[-15.9373,11.8833],[-15.9386,11.8843],[-15.9498,11.8747]]],[[[-15.9987,11.0365],[-15.9901,11.0472],[-15.9948,11.051],[-16.0063,11.0419],[-15.9987,11.0365]]],[[[-16.1819,11.1653],[-16.1979,11.1101],[-16.193,11.1336],[-16.2503,11.0965],[-16.1907,11.0258],[-16.139,11.0372],[-16.0932,11.0161],[-16.0619,11.0401],[-16.0854,11.0585],[-16.0489,11.1137],[-16.0886,11.1317],[-16.0655,11.1847],[-16.0868,11.2044],[-16.1236,11.2063],[-16.1819,11.1653]]],[[[-15.9539,11.201],[-15.9798,11.1847],[-15.952,11.1269],[-15.9712,11.0924],[-15.9289,11.0956],[-15.9861,11.0606],[-15.8905,11.0538],[-15.9024,11.1413],[-15.9539,11.201]]],[[[-15.9808,11.1062],[-15.9857,11.209],[-16.0628,11.1673],[-16.0438,11.1278],[-16.0172,11.1416],[-16.0366,11.1008],[-16.0153,11.0693],[-15.9808,11.1062]]],[[[-16.2918,11.2468],[-16.2545,11.2163],[-16.183,11.2288],[-16.1533,11.2656],[-16.2315,11.312],[-16.2918,11.2468]]],[[[-16.3838,11.2944],[-16.4017,11.3035],[-16.4116,11.2932],[-16.3998,11.2741],[-16.3838,11.2944]]],[[[-16.4618,11.3149],[-16.4846,11.309],[-16.4816,11.2766],[-16.4258,11.2939],[-16.4618,11.3149]]],[[[-16.1356,11.3462],[-16.1161,11.2975],[-16.0369,11.317],[-16.0237,11.3476],[-16.0328,11.3626],[-16.1356,11.3462]]],[[[-16.1812,11.3556],[-16.1842,11.3401],[-16.1629,11.3352],[-16.159,11.3412],[-16.1812,11.3556]]],[[[-16.0145,11.3728],[-15.9955,11.3911],[-16.0048,11.3916],[-16.0232,11.3784],[-16.0145,11.3728]]],[[[-16.0847,11.425],[-16.1648,11.4058],[-16.1478,11.3663],[-16.0704,11.3942],[-16.0847,11.425]]],[[[-16.309,11.4105],[-16.3066,11.4244],[-16.3207,11.4287],[-16.3122,11.4088],[-16.309,11.4105]]],[[[-15.9927,11.4353],[-15.9153,11.4496],[-15.9189,11.514],[-16.0267,11.5166],[-16.0813,11.4562],[-15.9927,11.4353]]],[[[-16.2972,11.4685],[-16.299,11.4392],[-16.2203,11.4449],[-16.1696,11.5389],[-16.2429,11.5135],[-16.2972,11.4685]]],[[[-15.9643,11.5252],[-15.9436,11.529],[-15.9578,11.5419],[-15.9621,11.5437],[-15.9643,11.5252]]],[[[-16.2824,11.4931],[-16.2577,11.5885],[-16.2947,11.5962],[-16.3394,11.5496],[-16.4088,11.556],[-16.4279,11.5279],[-16.386,11.5053],[-16.2824,11.4931]]],[[[-16.0095,11.522],[-15.9708,11.55],[-15.9993,11.5797],[-16.0208,11.5377],[-16.0095,11.522]]],[[[-15.9167,11.5959],[-15.9801,11.5905],[-15.9433,11.5405],[-15.9062,11.5356],[-15.9167,11.5959]]],[[[-15.6592,11.0028],[-15.6735,10.9962],[-15.6661,10.9705],[-15.6521,10.9643],[-15.6592,11.0028]]],[[[-15.7076,10.9996],[-15.7057,11.0145],[-15.7188,11.0176],[-15.7122,11.0007],[-15.7076,10.9996]]],[[[-15.6283,11.0548],[-15.6497,11.0485],[-15.6387,11.0201],[-15.6114,11.0488],[-15.6283,11.0548]]],[[[-15.9365,11.2054],[-15.9305,11.209],[-15.9327,11.2121],[-15.9434,11.2138],[-15.9365,11.2054]]],[[[-15.7345,11.1749],[-15.6984,11.2677],[-15.6683,11.232],[-15.6613,11.3081],[-15.7589,11.2735],[-15.783,11.2092],[-15.7797,11.1646],[-15.7345,11.1749]]],[[[-15.8966,11.2024],[-15.8388,11.2115],[-15.835,11.3013],[-15.8635,11.3043],[-15.9097,11.2367],[-15.8966,11.2024]]],[[[-15.7301,11.3089],[-15.7406,11.3],[-15.7349,11.2897],[-15.7279,11.3059],[-15.7301,11.3089]]],[[[-15.9169,11.3184],[-15.9266,11.3146],[-15.9235,11.3103],[-15.9166,11.3123],[-15.9169,11.3184]]],[[[-15.7084,11.3265],[-15.7079,11.3361],[-15.717,11.3401],[-15.7207,11.3251],[-15.7084,11.3265]]],[[[-15.8226,11.3666],[-15.8326,11.3349],[-15.8085,11.3008],[-15.7835,11.373],[-15.8226,11.3666]]],[[[-15.7854,11.3451],[-15.7748,11.3452],[-15.7702,11.3571],[-15.7709,11.3596],[-15.7854,11.3451]]],[[[-15.8545,11.3822],[-15.8916,11.3528],[-15.8944,11.3273],[-15.8481,11.3759],[-15.8545,11.3822]]],[[[-15.7426,11.455],[-15.6778,11.4461],[-15.6525,11.4667],[-15.6652,11.5045],[-15.6911,11.5011],[-15.7426,11.455]]],[[[-15.8777,11.5477],[-15.8707,11.5492],[-15.8687,11.5571],[-15.8796,11.5509],[-15.8777,11.5477]]],[[[-15.5595,11.5493],[-15.4742,11.5696],[-15.4952,11.6022],[-15.4732,11.6264],[-15.5406,11.61],[-15.6337,11.5319],[-15.5501,11.5119],[-15.5595,11.5493]]],[[[-15.8856,11.6015],[-15.8934,11.5963],[-15.8903,11.5915],[-15.8854,11.5936],[-15.8856,11.6015]]],[[[-16.0119,11.8056],[-15.9869,11.8304],[-15.992,11.8434],[-16.0135,11.8178],[-16.0119,11.8056]]],[[[-16.1609,11.8745],[-16.1633,11.8105],[-16.115,11.7833],[-16.0502,11.7634],[-15.9969,11.8871],[-16.1609,11.8745]]],[[[-15.9794,11.9044],[-16.0119,11.9013],[-16.033,11.9044],[-16.0055,11.895],[-15.9794,11.9044]]],[[[-16.185,11.8785],[-16.2592,11.8991],[-16.3021,11.9741],[-16.3285,11.854],[-16.2353,11.8411],[-16.185,11.8785]]],[[[-15.6244,11.6891],[-15.6108,11.7022],[-15.6195,11.7062],[-15.6269,11.7008],[-15.6244,11.6891]]],[[[-15.4154,11.8789],[-15.4166,11.8635],[-15.4046,11.8747],[-15.4047,11.8827],[-15.4154,11.8789]]],[[[-15.5723,11.8571],[-15.5772,11.8539],[-15.5708,11.8475],[-15.5659,11.851],[-15.5723,11.8571]]],[[[-15.2156,10.8604],[-15.2132,10.86],[-15.2041,10.8707],[-15.2072,10.8778],[-15.2156,10.8604]]],[[[-15.1946,10.9122],[-15.1922,10.9058],[-15.1874,10.9137],[-15.1924,10.9194],[-15.1946,10.9122]]],[[[-15.2717,11.0159],[-15.2668,11.0157],[-15.2767,11.037],[-15.2836,11.0295],[-15.2717,11.0159]]],[[[-15.1717,11.0733],[-15.2516,11.0566],[-15.2555,11.0239],[-15.2255,10.9935],[-15.1717,11.0733]]],[[[-15.2288,11.1476],[-15.2318,11.13],[-15.2279,11.131],[-15.2251,11.1442],[-15.2288,11.1476]]]]},"properties":{"iso3":"GNB"}},
{"type":"Feature","geometry":{"type":"Polygon","coordinates":[[[-90.6593,13.925],[-90.2384,13.7884],[-90.11743298643894,13.744916295421099],[-90.1032,13.7398],[-90.10430185061198,13.750748175229637],[-90.1126,13.8332],[-89.9046,14.0333],[-89.90178895880625,14.034311416806686],[-89.824,14.0623],[-89.73622050203272,14.032540852793804],[-89.7361,14.0325],[-89.73386676436184,14.05160411476611],[-89.718,14.1253],[-89.6616,14.1845],[-89.64070509760607,14.191957439911638],[-89.5218,14.2228],[-89.52521558599594,14.233175918802795],[-89.5456,14.2951],[-89.5927,14.313],[-89.5645,14.3513],[-89.5759,14.4144],[-89.56684429249158,14.414711371031808],[-89.541,14.4156],[-89.5307,14.3793],[-89.52367277467195,14.389152240535294],[-89.5108,14.4072],[-89.47386342990409,14.409318916667823],[-89.4341,14.4116],[-89.39960719153514,14.444167239060265],[-89.39027498879341,14.448546825434676],[-89.356,14.42304406332453],[-89.355,14.4223],[-89.3548460137773,14.42460337724786],[-89.3526,14.4582],[-89.2964281260037,14.52062413341569],[-89.23947202201465,14.583919786227364],[-89.23878735218139,14.584680663833476],[-89.2385,14.585],[-89.15709528936347,14.583306029142824],[-89.152,14.5832],[-89.13563963683953,14.688199345656797],[-89.1315,14.7128],[-89.13617733507512,14.718960516002612],[-89.2239,14.8345],[-89.22631762357139,14.86143120210916],[-89.22658587316111,14.864419377771528],[-89.2282,14.8824],[-89.19857861983938,14.898715161984628],[-89.1794,14.9222],[-89.16497118950701,15.006013568521048],[-89.1753,15.037],[-89.15817836122577,15.045471511286205],[-88.974,15.1366],[-88.7582,15.2949],[-88.70465911382294,15.33599868234411],[-88.5685,15.4299],[-88.46080888689409,15.520296588868936],[-88.3462,15.6165],[-88.345448934584,15.618467579822187],[-88.3448,15.619],[-88.31623804275341,15.676589092949955],[-88.30523736991486,15.682036234626299],[-88.24995957542303,15.709407831125155],[-88.23641850946282,15.716112885062897],[-88.2215,15.7235],[-88.6205,15.9651],[-88.4912,15.8498],[-88.5651,15.8539],[-88.6009,15.7003],[-88.6448,15.6974],[-88.6273,15.7525],[-88.7267,15.8155],[-88.7793,15.8018],[-88.7764,15.7746],[-88.8299,15.7713],[-88.8894,15.6857],[-88.9921,15.6659],[-88.9833,15.5099],[-89.0368,15.4622],[-89.129,15.4066],[-89.2602,15.4166],[-89.306,15.3539],[-89.3359,15.3736],[-89.3215,15.4279],[-89.3646,15.4506],[-89.3546,15.4706],[-89.4121,15.4544],[-89.3748,15.5078],[-89.2671,15.5209],[-89.2247,15.5724],[-89.0705,15.5891],[-88.9937,15.6365],[-89.0041,15.6415],[-89.0006,15.6679],[-88.9515,15.6848],[-88.9286,15.7339],[-88.8487,15.7877],[-88.8107,15.7738],[-88.7923,15.7844],[-88.7828,15.7832],[-88.778,15.7771],[-88.7816,15.8021],[-88.7474,15.8249],[-88.8287,15.873],[-88.8821,15.8619],[-88.9127,15.8993],[-89.2258,15.8966],[-89.1523,17.0508],[-89.1569,17.8168],[-90.9877,17.817],[-90.9873,17.2513],[-91.4438,17.2509],[-91.3507,17.1595],[-91.3244,17.1829],[-91.2662,17.1694],[-91.2686,17.1094],[-91.1778,17.017],[-91.1216,17.0016],[-91.066,16.9025],[-90.9886,16.8636],[-90.9649,16.9013],[-90.9741,16.8638],[-90.9339,16.8601],[-90.9216,16.8225],[-90.804,16.7995],[-90.7121,16.7259],[-90.6595,16.6415],[-90.6681,16.5819],[-90.628,16.5782],[-90.6471,16.5181],[-90.6075,16.5008],[-90.6345,16.4789],[-90.5448,16.4811],[-90.4793,16.4588],[-90.4857,16.4227],[-90.3885,16.4107],[-90.3716,16.3641],[-90.4111,16.362],[-90.3823,16.3387],[-90.4385,16.3008],[-90.4235,16.2596],[-90.4552,16.2458],[-90.4298,16.2322],[-90.457,16.2085],[-90.4272,16.1683],[-90.4588,16.1142],[-90.4271,16.1037],[-90.4445,16.0738],[-91.1076,16.0743],[-91.7313,16.0737],[-92.1178,15.4237],[-92.2107,15.2603],[-92.0594,15.0695],[-92.1505,14.9878],[-92.1368,14.8893],[-92.1827,14.83],[-92.145,14.6641],[-92.1933,14.5653],[-92.2402,14.5434],[-92.1632,14.4866],[-91.8347,14.2346],[-91.6657,14.1238],[-91.5386,14.0443],[-91.2833,13.9448],[-90.9904,13.914],[-90.6593,13.925]]]},"properties":{"iso3":"GTM"}},
{"type":"Feature","geometry":{"type":"MultiPolygon","coordinates":[[[[-87.7192,15.9203],[-87.9507,15.8646],[-87.963,15.8456],[-87.9303,15.8285],[-87.9747,15.8033],[-88.0479,15.7824],[-88.1351,15.6833],[-88.23641850946282,15.716112885062897],[-88.24995957542303,15.709407831125155],[-88.30523736991486,15.682036234626299],[-88.31623804275341,15.676589092949955],[-88.3448,15.619],[-88.345448934584,15.618467579822187],[-88.3462,15.6165],[-88.46080888689409,15.520296588868936],[-88.5685,15.4299],[-88.70465911382294,15.33599868234411],[-88.7582,15.2949],[-88.974,15.1366],[-89.15817836122577,15.045471511286205],[-89.1753,15.037],[-89.16497118950701,15.006013568521048],[-89.1794,14.9222],[-89.19857861983938,14.898715161984628],[-89.2282,14.8824],[-89.22658587316111,14.864419377771528],[-89.22631762357139,14.86143120210916],[-89.2239,14.8345],[-89.13617733507512,14.718960516002612],[-89.1315,14.7128],[-89.13563963683953,14.688199345656797],[-89.152,14.5832],[-89.15709528936347,14.583306029142824],[-89.2385,14.585],[-89.23878735218139,14.584680663833476],[-89.23947202201465,14.583919786227364],[-89.2964281260037,14.52062413341569],[-89.3526,14.4582],[-89.3548460137773,14.42460337724786],[-89.3509,14.4213],[-89.33153726299601,14.412722508212092],[-89.1676,14.3401],[-89.0433,14.3273],[-89.0313966934487,14.307078507416561],[-88.99587509320571,14.246733949140275],[-88.9702,14.2252],[-88.8813739054839,14.185434829780581],[-88.86903149295817,14.179909447428948],[-88.84922869613368,14.141091241327644],[-88.8317,14.1037],[-88.83026128138698,14.103910583394754],[-88.7422,14.1168],[-88.73998433426095,14.07477382404665],[-88.7391,14.058],[-88.68365782104961,14.011301390489816],[-88.6833,14.011],[-88.67747610404281,14.01123717223355],[-88.52703121848165,13.976379048893156],[-88.50713077569937,13.968123924842924],[-88.4996,13.965],[-88.49279855145568,13.873047948900707],[-88.4919,13.8609],[-88.49099716146068,13.861098030387486],[-88.4905,13.8578],[-88.37389395437188,13.876659760423328],[-88.3567,13.8706],[-88.3320530048149,13.883427079221242],[-88.227,13.9381],[-88.2385,13.9947],[-88.2172,13.9931],[-88.0729,13.9926],[-88.0269,13.9024],[-88.0062,13.8713],[-87.99998971284694,13.872841822033054],[-87.95395521481628,13.884270762691507],[-87.92339319424316,13.891858366216585],[-87.7999,13.8892],[-87.74434407385348,13.840588564621802],[-87.7103,13.8108],[-87.71422976940627,13.79663342386876],[-87.76750268798028,13.60458784086119],[-87.79009402613484,13.523147461341127],[-87.7913,13.5188],[-87.7224,13.4997],[-87.7210364388293,13.48679605526268],[-87.7183,13.4609],[-87.72080101991166,13.45929912568224],[-87.76260839067555,13.432538704528826],[-87.80667913026994,13.404329526803961],[-87.7186,13.3574],[-87.6503,13.4143],[-87.6982,13.4191],[-87.6975,13.448],[-87.6945,13.4495],[-87.6846,13.4464],[-87.6788,13.4325],[-87.6617,13.4446],[-87.6773,13.4428],[-87.6919,13.4749],[-87.6912,13.4749],[-87.6885,13.4749],[-87.6849,13.4733],[-87.676,13.4657],[-87.6862,13.4637],[-87.6757,13.461],[-87.6753,13.4573],[-87.6733,13.459],[-87.6711,13.4578],[-87.6696,13.4537],[-87.6742,13.4502],[-87.6706,13.4474],[-87.666,13.4522],[-87.6628,13.4518],[-87.6584,13.4431],[-87.6567,13.452],[-87.6575,13.4519],[-87.6353,13.4664],[-87.5977,13.461],[-87.6304,13.4161],[-87.5999,13.4058],[-87.6178,13.3754],[-87.5773,13.3975],[-87.5754,13.3957],[-87.5767,13.3924],[-87.5726,13.3953],[-87.5689,13.3899],[-87.5706,13.3899],[-87.5716,13.3926],[-87.5741,13.3917],[-87.5728,13.3947],[-87.5754,13.392],[-87.5772,13.3919],[-87.5764,13.3961],[-87.5831,13.3927],[-87.5782,13.3879],[-87.5788,13.385],[-87.5863,13.3825],[-87.5911,13.385],[-87.5926,13.3823],[-87.5473,13.3733],[-87.5559,13.3547],[-87.5195,13.3619],[-87.5035,13.3791],[-87.5018,13.3785],[-87.4995,13.3805],[-87.5011,13.3817],[-87.4819,13.4024],[-87.4818,13.4024],[-87.4818,13.4025],[-87.4793,13.4051],[-87.4818,13.3928],[-87.4778,13.3907],[-87.4745,13.396],[-87.4746,13.3909],[-87.4759,13.3911],[-87.4752,13.3818],[-87.4675,13.3826],[-87.4625,13.374],[-87.4432,13.3742],[-87.4311,13.385],[-87.4733,13.3925],[-87.4722,13.3906],[-87.474,13.3909],[-87.4735,13.3931],[-87.4708,13.3935],[-87.4732,13.3979],[-87.4703,13.4026],[-87.4776,13.4069],[-87.4753,13.4094],[-87.4702,13.4107],[-87.4679,13.4159],[-87.4693,13.4159],[-87.4606,13.4253],[-87.3997,13.4074],[-87.4026,13.4064],[-87.4043,13.4042],[-87.3923,13.4046],[-87.3921,13.4052],[-87.3751,13.4002],[-87.391,13.3668],[-87.42060542776767,13.361557372166143],[-87.4077,13.3734],[-87.4116,13.3756],[-87.4056,13.3743],[-87.4057,13.3792],[-87.4148,13.3774],[-87.4249,13.383],[-87.4279,13.3659],[-87.42581961538461,13.360634026442309],[-87.4582,13.3549],[-87.3873,13.3427],[-87.4063,13.3171],[-87.4111,13.3387],[-87.4157,13.3299],[-87.4179,13.3312],[-87.418,13.3349],[-87.4249,13.3405],[-87.4352,13.332],[-87.447,13.3388],[-87.4453,13.3203],[-87.4149,13.3245],[-87.427,13.3166],[-87.4312,13.3192],[-87.4385,13.32],[-87.444,13.3182],[-87.4276,13.3161],[-87.4476,13.303],[-87.4491,13.2987],[-87.4445,13.3011],[-87.439,13.293],[-87.4404,13.2916],[-87.4416,13.2929],[-87.4449,13.2901],[-87.4355,13.2816],[-87.4413,13.2829],[-87.4446,13.2888],[-87.446,13.2865],[-87.4452,13.3002],[-87.4697,13.2741],[-87.4831,13.3037],[-87.516,13.2724],[-87.4349,13.226],[-87.4546,13.2119],[-87.4311,13.1018],[-87.2952,13.0899],[-87.2796,13.1293],[-87.2767,13.1137],[-87.2906,13.088],[-87.3683,13.0815],[-87.3313,13.0345],[-87.2809,13.0279],[-87.2804,13.0415],[-87.2387,13.0468],[-87.2296,13.0658],[-87.206,13.0791],[-87.1965,13.0804],[-87.1866,13.0441],[-87.1645,13.0641],[-87.1323,13.0312],[-87.1342,13.0247],[-87.159,13.0364],[-87.1605,13.0394],[-87.16,13.0418],[-87.1543,13.0536],[-87.1643,13.0635],[-87.1761,13.0435],[-87.182,13.0418],[-87.1875,13.0441],[-87.2038,13.0789],[-87.2379,13.046],[-87.275,13.0377],[-87.267,13.0212],[-87.2017,13.0634],[-87.2272,12.9923],[-87.2276,12.9925],[-87.2294,12.9993],[-87.2329,13.021],[-87.2325,13.0233],[-87.2306,13.0266],[-87.2195,13.0331],[-87.2243,13.0446],[-87.3083,12.9872],[-87.0275,12.9859],[-86.9156,13.0982],[-86.933,13.1801],[-86.9089,13.2687],[-86.8292,13.3135],[-86.7545,13.2674],[-86.7057,13.3023],[-86.77,13.5774],[-86.7491,13.6396],[-86.7862,13.6624],[-86.7687,13.6995],[-86.7646,13.7647],[-86.7235,13.787],[-86.5389,13.8049],[-86.4906,13.7687],[-86.4548,13.7896],[-86.4168,13.7583],[-86.3351,13.7684],[-86.2984,13.8528],[-86.1856,13.955],[-86.1914,13.9826],[-86.1417,13.999],[-86.152,14.036],[-86.0395,14.0767],[-86.0039,14.0701],[-86.0425,13.9955],[-85.9182,13.9377],[-85.9131,13.9086],[-85.8465,13.9181],[-85.8194,13.8493],[-85.7519,13.8327],[-85.7529,13.9682],[-85.678,13.9795],[-85.5704,14.0645],[-85.5206,14.0473],[-85.5057,14.0887],[-85.405,14.1232],[-85.3839,14.2209],[-85.3397,14.2491],[-85.1853,14.2499],[-85.1531,14.3009],[-85.2213,14.3749],[-85.1498,14.4865],[-85.1519,14.5717],[-85.1222,14.5858],[-85.0891,14.5521],[-85.0431,14.5754],[-85.0215,14.6091],[-85.051,14.6607],[-84.9999,14.7244],[-84.9266,14.7593],[-84.9015,14.8109],[-84.7912,14.8139],[-84.7028,14.6651],[-84.675,14.693],[-84.4694,14.6157],[-84.3647,14.7157],[-84.348,14.6794],[-84.2753,14.6626],[-84.2726,14.7335],[-84.2349,14.7607],[-84.1694,14.7143],[-84.0964,14.7297],[-84.1093,14.7904],[-84.0824,14.7576],[-83.9338,14.7485],[-83.9166,14.7909],[-83.893,14.7627],[-83.8853,14.7862],[-83.8731,14.7666],[-83.7948,14.7904],[-83.8167,14.8116],[-83.7609,14.8062],[-83.7421,14.8455],[-83.7011,14.8282],[-83.7208,14.8496],[-83.6965,14.8767],[-83.6203,14.8608],[-83.6167,14.8982],[-83.5626,14.9122],[-83.5025,15.01],[-83.4631,14.9799],[-83.4077,14.998],[-83.404,15.0288],[-83.3502,14.9941],[-83.2778,15.0045],[-83.2865,14.9766],[-83.1498,14.9964],[-83.2982,15.078],[-83.4034,15.2595],[-83.7175,15.3946],[-83.737,15.3554],[-83.6263,15.3199],[-83.6303,15.3139],[-83.6505,15.3138],[-83.6298,15.308],[-83.6282,15.2992],[-83.5977,15.3147],[-83.6605,15.3445],[-83.5554,15.3051],[-83.4942,15.2143],[-83.5578,15.2121],[-83.5497,15.1988],[-83.5618,15.1746],[-83.591,15.1561],[-83.6157,15.21],[-83.638,15.1644],[-83.6154,15.2359],[-83.5662,15.1938],[-83.5512,15.1985],[-83.5609,15.2091],[-83.5515,15.2343],[-83.5274,15.2537],[-83.5423,15.2635],[-83.5498,15.2967],[-83.554,15.2781],[-83.6327,15.2901],[-83.633,15.303],[-83.7438,15.1682],[-83.7479,15.1931],[-83.7389,15.2016],[-83.7738,15.1964],[-83.7692,15.2641],[-83.8304,15.2608],[-83.8014,15.29],[-83.8322,15.3164],[-84.0203,15.4025],[-84.0226,15.3954],[-84.0154,15.3997],[-84.0119,15.3862],[-83.9982,15.385],[-83.9788,15.3646],[-83.9973,15.3531],[-83.9899,15.353],[-83.9807,15.3473],[-83.9667,15.3546],[-83.9587,15.3437],[-83.9666,15.3406],[-83.9688,15.3506],[-83.9733,15.3511],[-83.975,15.348],[-83.9845,15.3467],[-83.9866,15.3475],[-83.9896,15.3521],[-83.9976,15.3529],[-84.0038,15.3565],[-84.0141,15.345],[-83.9995,15.3783],[-83.9982,15.3778],[-83.9959,15.3799],[-83.9987,15.3801],[-83.9973,15.3834],[-84.0149,15.3809],[-84.0246,15.3944],[-84.0478,15.3897],[-84.0504,15.3767],[-84.0383,15.3748],[-84.0346,15.3546],[-84.0218,15.3462],[-84.0232,15.3457],[-84.0352,15.3537],[-84.0393,15.3684],[-84.0426,15.3622],[-84.0288,15.3337],[-84.0394,15.3209],[-84.1208,15.3644],[-84.1392,15.4238],[-84.1017,15.4391],[-84.1494,15.5182],[-84.1723,15.5216],[-84.1623,15.4905],[-84.1835,15.4862],[-84.1856,15.4865],[-84.1862,15.4856],[-84.1952,15.4838],[-84.2019,15.4791],[-84.2294,15.5423],[-84.1442,15.525],[-84.1054,15.467],[-84.0859,15.4884],[-84.1069,15.4831],[-84.1306,15.5296],[-84.0892,15.5438],[-84.1006,15.4991],[-84.0952,15.498],[-84.1001,15.4954],[-84.0708,15.4815],[-84.0713,15.4932],[-84.0679,15.4926],[-84.0447,15.5275],[-83.9637,15.5068],[-83.9218,15.4419],[-83.7563,15.3695],[-83.7283,15.3922],[-83.7294,15.3946],[-83.7721,15.4014],[-83.8054,15.4141],[-83.8792,15.4573],[-84.1563,15.6975],[-84.1506,15.6605],[-84.1719,15.6291],[-84.1231,15.6437],[-84.0835,15.6021],[-84.1084,15.5526],[-84.1643,15.5667],[-84.1653,15.5779],[-84.1434,15.5738],[-84.1459,15.6241],[-84.1511,15.622],[-84.1713,15.6263],[-84.1758,15.6338],[-84.167,15.6635],[-84.152,15.6613],[-84.1612,15.6732],[-84.1581,15.6852],[-84.1623,15.6848],[-84.1695,15.6902],[-84.1638,15.6909],[-84.1632,15.6938],[-84.1604,15.694],[-84.1612,15.6969],[-84.1575,15.6982],[-84.3044,15.8169],[-84.6456,15.8668],[-84.6285,15.856],[-84.6151,15.8532],[-84.612,15.8508],[-84.6048,15.8511],[-84.4989,15.8292],[-84.5013,15.8282],[-84.499,15.8198],[-84.493,15.8256],[-84.484,15.8045],[-84.5514,15.7709],[-84.617,15.8168],[-84.6466,15.7747],[-84.6719,15.8081],[-84.6562,15.8679],[-84.9163,15.9551],[-84.8966,15.9386],[-84.7847,15.8989],[-84.7537,15.8813],[-84.7694,15.8482],[-84.8296,15.8379],[-84.8619,15.8809],[-84.8498,15.9205],[-84.8839,15.9323],[-84.9147,15.9466],[-84.9232,15.9584],[-84.9207,15.9502],[-84.9268,15.9423],[-84.9234,15.9306],[-84.9271,15.9345],[-84.9273,15.9437],[-84.9219,15.9518],[-84.9319,15.9524],[-84.944,15.9581],[-84.9659,15.927],[-84.97,15.933],[-84.9495,15.9575],[-84.9793,15.9701],[-84.9706,15.9716],[-84.9298,15.9541],[-84.9257,15.9578],[-84.9996,15.9816],[-85.0655,15.9839],[-85.2286,15.8903],[-85.4663,15.8596],[-85.7124,15.9662],[-86.0052,16.0285],[-85.9179,16.0031],[-85.9401,15.9269],[-86.2012,15.8809],[-86.3597,15.7813],[-86.4587,15.7977],[-86.7788,15.7995],[-86.9114,15.7555],[-87.3737,15.8481],[-87.4763,15.7809],[-87.5885,15.8444],[-87.5498,15.7769],[-87.5052,15.769],[-87.5203,15.7932],[-87.5029,15.7763],[-87.5037,15.7684],[-87.5168,15.7649],[-87.5839,15.7707],[-87.5906,15.7857],[-87.6301,15.7669],[-87.6373,15.7743],[-87.6289,15.8165],[-87.596,15.8489],[-87.629,15.9048],[-87.6016,15.9284],[-87.6445,15.9059],[-87.6419,15.8749],[-87.7192,15.9203]],[[-87.9964,14.7933],[-88.03,14.9297],[-88.0263,14.9278],[-88.0291,14.927],[-88.0215,14.9254],[-87.9731,14.901],[-87.9735,14.9007],[-87.9735,14.8979],[-87.9709,14.8975],[-87.9718,14.9004],[-87.9466,14.8876],[-87.9754,14.8033],[-87.9964,14.7933]],[[-84.0194,15.3432],[-84.0214,15.346],[-84.0071,15.3365],[-83.8741,15.3191],[-83.9006,15.3139],[-83.8358,15.2647],[-83.9347,15.2311],[-83.9747,15.2671],[-83.9415,15.2981],[-84.0202,15.2952],[-84.0167,15.3413],[-84.0194,15.3432]]],[[[-87.4542,13.2129],[-87.4537,13.2144],[-87.4537,13.2195],[-87.4565,13.2244],[-87.4542,13.2129]]],[[[-87.4536,13.2976],[-87.4563,13.2966],[-87.4569,13.295],[-87.4535,13.2969],[-87.4536,13.2976]]],[[[-87.4845,13.3035],[-87.4851,13.3031],[-87.4842,13.3027],[-87.484,13.3032],[-87.4845,13.3035]]],[[[-87.4583,13.3017],[-87.4669,13.3386],[-87.4677,13.2788],[-87.4583,13.3017]]],[[[-84.2009,15.4832],[-84.1986,15.4859],[-84.1991,15.4902],[-84.2003,15.4882],[-84.2009,15.4832]]],[[[-84.1873,15.4877],[-84.1869,15.4881],[-84.1882,15.4899],[-84.1893,15.4869],[-84.1873,15.4877]]],[[[-84.1957,15.4894],[-84.1966,15.4903],[-84.1965,15.489],[-84.196,15.4875],[-84.1957,15.4894]]],[[[-84.1977,15.4901],[-84.1978,15.4921],[-84.1983,15.4927],[-84.1988,15.4903],[-84.1977,15.4901]]],[[[-84.1972,15.495],[-84.1968,15.4947],[-84.1966,15.4948],[-84.1969,15.4952],[-84.1972,15.495]]],[[[-84.1973,15.496],[-84.1975,15.4957],[-84.1971,15.4956],[-84.1971,15.496],[-84.1973,15.496]]],[[[-84.6553,15.8216],[-84.6548,15.8244],[-84.6556,15.825],[-84.6568,15.8196],[-84.6553,15.8216]]],[[[-84.826,15.878],[-84.8283,15.8783],[-84.8314,15.8771],[-84.8273,15.874],[-84.826,15.878]]],[[[-84.8249,15.8777],[-84.8252,15.8773],[-84.8239,15.8767],[-84.8228,15.877],[-84.8249,15.8777]]],[[[-84.8336,15.905],[-84.8287,15.9087],[-84.8334,15.9071],[-84.8358,15.9078],[-84.8336,15.905]]],[[[-83.5889,15.3122],[-83.5714,15.2858],[-83.5548,15.2964],[-83.5556,15.3043],[-83.5889,15.3122]]],[[[-83.9956,15.3786],[-83.9954,15.3784],[-83.9938,15.3776],[-83.9959,15.3806],[-83.9956,15.3786]]],[[[-84.0843,15.4846],[-84.0491,15.404],[-84.0364,15.418],[-84.0624,15.4762],[-84.0843,15.4846]]],[[[-84.1081,15.4546],[-84.1076,15.4563],[-84.1126,15.4585],[-84.1114,15.4557],[-84.1081,15.4546]]],[[[-84.1646,15.4913],[-84.1639,15.4906],[-84.1636,15.4908],[-84.164,15.4915],[-84.1646,15.4913]]],[[[-83.8785,16.3606],[-83.8793,16.3608],[-83.88,16.3603],[-83.8795,16.36],[-83.8785,16.3606]]],[[[-83.865,16.3753],[-83.8651,16.3753],[-83.8651,16.3752],[-83.876,16.3623],[-83.8593,16.3759],[-83.8602,16.377],[-83.865,16.3753]]],[[[-83.8305,16.369],[-83.8302,16.375],[-83.8356,16.375],[-83.8488,16.3671],[-83.8305,16.369]]],[[[-86.4785,15.9459],[-86.4793,15.9453],[-86.4793,15.945],[-86.4785,15.9454],[-86.4785,15.9459]]],[[[-86.4777,15.9493],[-86.4782,15.9489],[-86.4777,15.9479],[-86.4774,15.949],[-86.4777,15.9493]]],[[[-86.5174,15.9525],[-86.5183,15.9534],[-86.5198,15.9529],[-86.5181,15.952],[-86.5174,15.9525]]],[[[-86.4991,15.9657],[-86.5071,15.9587],[-86.5009,15.9526],[-86.4967,15.9567],[-86.4991,15.9657]]],[[[-86.4783,15.9806],[-86.487,15.9741],[-86.4768,15.964],[-86.4697,15.9758],[-86.4783,15.9806]]],[[[-86.9789,16.0558],[-86.9796,16.0554],[-86.9797,16.0549],[-86.9786,16.0552],[-86.9789,16.0558]]],[[[-86.9798,16.0579],[-86.9796,16.0585],[-86.9803,16.0584],[-86.9804,16.0579],[-86.9798,16.0579]]],[[[-86.9778,16.0591],[-86.9765,16.0587],[-86.975,16.0589],[-86.9758,16.0604],[-86.9778,16.0591]]],[[[-86.9731,16.0609],[-86.9734,16.0623],[-86.9741,16.062],[-86.9742,16.0609],[-86.9731,16.0609]]],[[[-86.9689,16.0635],[-86.9681,16.0628],[-86.9673,16.0631],[-86.9672,16.0644],[-86.9689,16.0635]]],[[[-86.9657,16.0639],[-86.9644,16.0632],[-86.9639,16.0647],[-86.966,16.0644],[-86.9657,16.0639]]],[[[-86.9623,16.0661],[-86.9631,16.0659],[-86.9633,16.0655],[-86.9623,16.0652],[-86.9623,16.0661]]],[[[-86.9507,16.0717],[-86.9128,16.0898],[-86.8734,16.1191],[-86.9894,16.0921],[-86.9507,16.0717]]],[[[-86.4949,16.3223],[-86.4957,16.3248],[-86.4963,16.3212],[-86.4933,16.3205],[-86.4949,16.3223]]],[[[-86.4756,15.9519],[-86.4746,15.9524],[-86.4751,15.9532],[-86.4758,15.9526],[-86.4756,15.9519]]],[[[-86.4674,15.9562],[-86.4682,15.956],[-86.4685,15.9549],[-86.4664,15.9567],[-86.4674,15.9562]]],[[[-86.4639,15.9596],[-86.4644,15.9603],[-86.4658,15.9587],[-86.4657,15.9582],[-86.4639,15.9596]]],[[[-86.4715,15.9603],[-86.4717,15.9618],[-86.4728,15.9613],[-86.4732,15.9599],[-86.4715,15.9603]]],[[[-86.4617,15.9623],[-86.4624,15.9624],[-86.4629,15.9622],[-86.463,15.9616],[-86.4617,15.9623]]],[[[-86.4741,16.3349],[-86.476,16.3359],[-86.4777,16.3355],[-86.4758,16.3339],[-86.4741,16.3349]]],[[[-86.4716,16.34],[-86.4702,16.3393],[-86.4688,16.3397],[-86.4678,16.3424],[-86.4716,16.34]]],[[[-86.2636,16.4122],[-86.2626,16.4119],[-86.2625,16.4125],[-86.2267,16.4229],[-86.223,16.41],[-86.2026,16.4242],[-86.1907,16.4248],[-86.2276,16.4262],[-86.2269,16.4236],[-86.3521,16.4217],[-86.5362,16.3504],[-86.6032,16.2685],[-86.4638,16.3464],[-86.4639,16.3459],[-86.4617,16.3467],[-86.4621,16.3473],[-86.4338,16.3631],[-86.2636,16.4122]]],[[[-86.4451,16.3503],[-86.4436,16.3516],[-86.4437,16.3523],[-86.4457,16.3522],[-86.4451,16.3503]]],[[[-86.4433,16.3522],[-86.442,16.3515],[-86.442,16.3527],[-86.4431,16.3525],[-86.4433,16.3522]]],[[[-86.4358,16.3599],[-86.4374,16.3593],[-86.4388,16.3577],[-86.4358,16.3575],[-86.4358,16.3599]]],[[[-86.2828,16.4023],[-86.2825,16.4049],[-86.2894,16.4044],[-86.285,16.402],[-86.2828,16.4023]]],[[[-85.8835,16.4081],[-85.8865,16.4044],[-85.8833,16.4048],[-85.8815,16.4083],[-85.8835,16.4081]]],[[[-86.2069,16.4173],[-86.2076,16.4138],[-86.2045,16.4119],[-86.2016,16.4144],[-86.2069,16.4173]]],[[[-86.1911,16.4313],[-86.1843,16.4276],[-86.1836,16.4348],[-86.1863,16.4359],[-86.1911,16.4313]]],[[[-86.1662,16.4281],[-86.1226,16.4459],[-86.1562,16.4428],[-86.1659,16.4351],[-86.1662,16.4281]]],[[[-85.8861,16.4399],[-85.8856,16.4413],[-85.8866,16.4433],[-85.8888,16.4423],[-85.8861,16.4399]]],[[[-85.8489,16.4406],[-85.8477,16.4425],[-85.8482,16.4437],[-85.8512,16.4398],[-85.8489,16.4406]]],[[[-85.8404,16.4481],[-85.8397,16.448],[-85.8393,16.4486],[-85.8406,16.4484],[-85.8404,16.4481]]],[[[-85.816,16.4987],[-85.863,16.515],[-85.9322,16.4472],[-85.9513,16.4026],[-85.816,16.4987]]],[[[-85.829,16.4595],[-85.83,16.4598],[-85.8309,16.4585],[-85.8295,16.4586],[-85.829,16.4595]]],[[[-85.8272,16.4673],[-85.8258,16.4677],[-85.8256,16.4683],[-85.8268,16.4688],[-85.8272,16.4673]]],[[[-85.8245,16.4719],[-85.8249,16.4708],[-85.8247,16.47],[-85.8241,16.4708],[-85.8245,16.4719]]],[[[-85.8219,16.4803],[-85.8208,16.4804],[-85.8213,16.4811],[-85.8221,16.481],[-85.8219,16.4803]]],[[[-87.6471,13.2483],[-87.6157,13.2569],[-87.6173,13.2896],[-87.6578,13.2928],[-87.6471,13.2483]]],[[[-87.7015,13.3083],[-87.7007,13.3076],[-87.7002,13.3083],[-87.7009,13.3087],[-87.7015,13.3083]]],[[[-87.7055,13.3119],[-87.7025,13.3134],[-87.6996,13.3149],[-87.7054,13.3153],[-87.7055,13.3119]]],[[[-87.6785,13.3036],[-87.6675,13.317],[-87.6747,13.3309],[-87.6854,13.3132],[-87.6785,13.3036]]],[[[-87.7136,13.3208],[-87.7128,13.3219],[-87.7131,13.3231],[-87.7142,13.3208],[-87.7136,13.3208]]],[[[-87.7226,13.3254],[-87.7202,13.3247],[-87.7194,13.3263],[-87.7199,13.3273],[-87.7226,13.3254]]],[[[-87.7139,13.3282],[-87.7056,13.3283],[-87.7042,13.3296],[-87.7189,13.3354],[-87.7139,13.3282]]],[[[-87.5815,13.3599],[-87.5719,13.3334],[-87.5423,13.3423],[-87.563,13.3587],[-87.5815,13.3606],[-87.5816,13.3736],[-87.6374,13.3749],[-87.6595,13.3359],[-87.581,13.3072],[-87.5815,13.3599]]],[[[-87.4975,13.3714],[-87.4957,13.3691],[-87.4948,13.3718],[-87.4975,13.3719],[-87.4975,13.3714]]],[[[-87.4728,13.37],[-87.4735,13.372],[-87.4736,13.3719],[-87.4733,13.3706],[-87.4728,13.37]]],[[[-87.473,13.3811],[-87.4729,13.3811],[-87.4729,13.3812],[-87.473,13.3811]]],[[[-87.4694,13.3678],[-87.4708,13.3697],[-87.4713,13.3675],[-87.4701,13.3667],[-87.4694,13.3678]]],[[[-87.395,13.3828],[-87.3975,13.3793],[-87.3976,13.3793],[-87.3976,13.3792],[-87.3975,13.3792],[-87.3989,13.3772],[-87.392,13.3816],[-87.395,13.3828]]],[[[-87.4157,13.3898],[-87.4118,13.3935],[-87.4198,13.3979],[-87.4232,13.3913],[-87.4233,13.3828],[-87.4182,13.3876],[-87.4179,13.3869],[-87.4147,13.3882],[-87.4157,13.3898]]],[[[-87.395,13.3828],[-87.3894,13.3908],[-87.3941,13.3898],[-87.3881,13.3931],[-87.3962,13.4019],[-87.3946,13.3922],[-87.3963,13.3894],[-87.4003,13.3886],[-87.4111,13.3953],[-87.4066,13.3858],[-87.4042,13.3864],[-87.395,13.3828]]],[[[-87.466,13.3945],[-87.4689,13.396],[-87.4707,13.3957],[-87.4684,13.3917],[-87.466,13.3945]]],[[[-87.4593,13.4045],[-87.4607,13.408],[-87.4714,13.3992],[-87.4619,13.3967],[-87.4589,13.4008],[-87.4582,13.3945],[-87.4304,13.3897],[-87.4457,13.4135],[-87.4598,13.4097],[-87.4593,13.4045]]],[[[-87.4629,13.4079],[-87.4723,13.4101],[-87.4759,13.4076],[-87.4692,13.4043],[-87.4629,13.4079]]],[[[-87.4575,13.4142],[-87.4601,13.4145],[-87.4606,13.41],[-87.4568,13.4129],[-87.4575,13.4142]]]]},"properties":{"iso3":"HND"}},
{"type":"Feature","geometry":{"type":"MultiPolygon","coordinates":[[[[-71.8042,18.6854],[-71.75612953458611,18.712194564558498],[-71.7393,18.7238],[-71.7291,18.874],[-71.7826,18.9545],[-71.7843158691702,18.955009600242278],[-71.85507027697925,18.958219500982647],[-71.8819,18.9414],[-71.8864,18.9599],[-71.85095163567898,18.990361332078137],[-71.8338,19.0051],[-71.7891,18.9931],[-71.7011,19.0732],[-71.7023,19.1059],[-71.667875,19.113098602484474],[-71.65417094306933,19.11596425414078],[-71.654,19.116],[-71.6218,19.2065],[-71.6389,19.2317],[-71.70831624886296,19.254591011402344],[-71.7323,19.2625],[-71.73955546015179,19.272145155360526],[-71.753,19.2797],[-71.7858,19.3318],[-71.69395959324025,19.360319387984028],[-71.68439964580874,19.412225],[-71.67850025149949,19.44509859855223],[-71.67850262485292,19.445105667572694],[-71.75464379390395,19.671891730230023],[-71.7621,19.6941],[-71.75757103094124,19.69416914456578],[-71.7586,19.702],[-71.8442,19.7121],[-71.8101,19.6755],[-71.822,19.6479],[-71.9027,19.68],[-71.8515,19.6911],[-71.8523,19.7169],[-71.9866,19.7333],[-71.9932,19.698],[-72.0591,19.6933],[-72.0408,19.7339],[-72.0668,19.7024],[-72.0813,19.7096],[-72.0555,19.7317],[-72.1894,19.7405],[-72.1977,19.7884],[-72.3189,19.7701],[-72.3235,19.7084],[-72.3818,19.8172],[-72.4938,19.8196],[-72.5613,19.8798],[-72.8194,19.9527],[-72.959,19.9096],[-73.1647,19.9302],[-73.2398,19.8754],[-73.4215,19.829],[-73.36,19.8345],[-73.3734,19.8084],[-73.4526,19.7597],[-73.4547,19.6924],[-73.416,19.649],[-73.2354,19.6291],[-73.207,19.6619],[-73.1221,19.6319],[-72.994,19.6138],[-72.754,19.4464],[-72.6971,19.4589],[-72.6837,19.4046],[-72.702,19.3934],[-72.7186,19.4312],[-72.7297,19.4031],[-72.7124,19.3846],[-72.7736,19.3458],[-72.7166,19.2914],[-72.7735,19.2843],[-72.7867,19.2349],[-72.7521,19.233],[-72.7797,19.2195],[-72.7996,19.2213],[-72.7027,19.1073],[-72.8237,19.058],[-72.71,18.9423],[-72.6351,18.9064],[-72.5427,18.777],[-72.3215,18.6792],[-72.3591,18.6287],[-72.3492,18.5442],[-72.6048,18.5598],[-72.7301,18.4259],[-73.0507,18.4611],[-73.0915,18.4429],[-73.1603,18.4855],[-73.294,18.4832],[-73.4574,18.5287],[-73.6618,18.4991],[-73.6635,18.5412],[-73.725,18.5429],[-73.7166,18.5513],[-73.6825,18.5538],[-73.6881,18.5657],[-73.5877,18.554],[-73.5777,18.5893],[-73.7067,18.5761],[-73.7316,18.5497],[-73.7899,18.535],[-74.1952,18.6755],[-74.3857,18.644],[-74.4257,18.6144],[-74.4802,18.429],[-74.449,18.3585],[-74.3697,18.2964],[-74.2298,18.3111],[-74.0921,18.248],[-73.95,18.1318],[-73.8908,18.0257],[-73.7911,18.0266],[-73.8433,18.1227],[-73.6474,18.2538],[-73.6622,18.2101],[-73.6102,18.2567],[-73.6017,18.2123],[-73.5597,18.2234],[-73.5632,18.2596],[-73.5069,18.2326],[-73.4506,18.2669],[-73.4073,18.2492],[-73.3901,18.2804],[-73.3508,18.2531],[-73.37,18.2175],[-73.2842,18.2326],[-73.0035,18.1858],[-72.8158,18.1419],[-72.7492,18.1544],[-72.7503,18.1839],[-72.5543,18.1719],[-72.5408,18.2323],[-72.0517,18.2373],[-71.9208,18.1857],[-71.7594,18.0317],[-71.7363,18.0959],[-71.7511338097585,18.121017151306063],[-71.7882,18.1807],[-71.72801055830558,18.28508494280843],[-71.725,18.2923],[-71.70594556621882,18.323351669865644],[-71.696,18.3406],[-71.904,18.4561],[-71.90436853378417,18.45717105131024],[-71.90827155963302,18.468514220183486],[-71.9136,18.484],[-71.91338296063948,18.484126216735813],[-71.8811,18.5029],[-71.88159944433532,18.503354249219086],[-72.0115,18.6215],[-72.00757181218508,18.624501890251572],[-71.9657,18.6565],[-71.8157,18.6301],[-71.81543618610176,18.630706254683815],[-71.81536542320555,18.630868870594327],[-71.8042,18.6854]]],[[[-72.793,18.7355],[-72.808,18.7697],[-72.8462,18.8337],[-73.0587,18.9255],[-73.2063,18.9703],[-73.3005,18.9375],[-73.2175,18.8352],[-73.1261,18.818],[-73.0367,18.7565],[-72.8389,18.7212],[-72.8208,18.6922],[-72.793,18.7355]]],[[[-73.64,18.083],[-73.7008,18.1087],[-73.6747,18.0597],[-73.5714,18.068],[-73.6,18.0996],[-73.64,18.083]]],[[[-73.7023,18.6266],[-73.7471,18.6426],[-73.7965,18.6026],[-73.7082,18.5996],[-73.7023,18.6266]]],[[[-72.6201,19.9968],[-72.6993,20.0496],[-72.8066,20.0892],[-72.9677,20.0649],[-72.6201,19.9968]]]]},"properties":{"iso3":"HTI"}},
{"type":"Feature","geometry":{"type":"MultiPolygon","coordinates":[[[[39.5813,-4.1124],[39.5642,-4.0126],[39.5855,-4.0435],[39.6395,-4.0379],[39.6477,-4.0329],[39.6359,-3.9897],[39.591,-3.9888],[39.6179,-3.9589],[39.6608,-3.9934],[39.648,-3.9593],[39.6461,-3.9506],[39.6843,-4.0611],[39.7262,-4.0072],[39.7622,-3.9591],[39.6912,-3.9491],[39.6903,-3.9234],[39.7162,-3.8931],[39.7126,-3.948],[39.7705,-3.9446],[39.8698,-3.6962],[39.8354,-3.6817],[39.8399,-3.6737],[39.8656,-3.6746],[39.8615,-3.6394],[39.7973,-3.6402],[39.7701,-3.588],[39.8698,-3.6319],[39.9681,-3.402],[39.9349,-3.3881],[39.9373,-3.3473],[39.9959,-3.3133],[39.9752,-3.3867],[40.1249,-3.2769],[40.1567,-3.0814],[40.24,-2.9862],[40.19,-2.9843],[40.1648,-2.9479],[40.1826,-2.7209],[40.3438,-2.5877],[40.5138,-2.5209],[40.6084,-2.5584],[40.7363,-2.4558],[40.8253,-2.3745],[40.7911,-2.3445],[40.7709,-2.3859],[40.7595,-2.3189],[40.72,-2.3023],[40.7201,-2.2995],[40.7113,-2.2982],[40.7115,-2.2988],[40.6913,-2.2903],[40.7395,-2.268],[40.7056,-2.2621],[40.7153,-2.218],[40.7839,-2.2614],[40.7965,-2.2336],[40.8681,-2.2344],[40.8827,-2.1886],[40.9263,-2.2214],[40.9117,-2.0912],[40.8544,-2.0711],[40.8805,-2.0562],[40.8919,-2.0625],[40.8893,-2.0514],[40.8743,-2.0467],[40.9029,-2.0167],[40.8299,-2.0185],[40.873,-2.0026],[40.7643,-1.9434],[40.8345,-1.9417],[40.9255,-2.0122],[40.9717,-1.9112],[41.0295,-1.867],[41.0329,-1.8897],[40.9715,-1.9473],[41.0109,-2.0468],[41.0545,-1.9818],[41.1979,-1.8942],[41.2309,-1.9152],[41.2181,-1.9493],[41.2591,-1.9398],[41.2563,-1.9813],[41.5313,-1.6614],[41.5097,-1.662],[41.5624,-1.6574],[41.56220298520073,-1.5980985454186962],[40.9957,-0.8332],[40.9957,-0.8324100685292581],[40.9931,-0.8289],[40.9924,0.4633],[40.9916,1.4907],[40.9909,2.1786],[40.9939,2.8252],[41.3271,3.1513],[41.41813275089933,3.280953658864224],[41.886067164798774,3.9674355812455735],[41.8357,3.9463],[41.7177,3.996],[41.6773,3.9616],[41.5495,3.9867],[41.5151,3.9569],[41.2832,3.9537],[41.1977,3.9371],[41.1309,3.9689],[41.0419,4.0765],[40.9068,4.1562],[40.8484,4.247],[40.7586,4.2818],[40.1914,4.0465],[39.8653,3.8678],[39.7851,3.6953],[39.5889,3.488],[39.5532,3.3997],[39.5141,3.4094],[39.4949,3.4664],[39.3302,3.466],[39.3189,3.499],[39.191,3.4794],[39.0873,3.5419],[38.9057,3.5147],[38.715,3.5742],[38.6869,3.6261],[38.6656,3.5952],[38.5793,3.6063],[38.5387,3.6566],[38.4477,3.6043],[38.1293,3.6082],[38.0081,3.729],[37.1283,4.2949],[37.0314,4.3857],[36.844,4.4496],[36.0503,4.4514],[35.9429,4.5473],[35.9631,4.5764],[35.93075684652115,4.628257892717289],[34.41183939439567,4.632601793914978],[33.993805115750824,4.225264044555208],[34.00194913532153,4.215844581611424],[34.060052914808104,4.148641108803464],[34.0664,4.1413],[34.064258831836476,4.138254487518959],[34.0921,4.0695],[34.085719228040844,4.05739080337463],[34.0921,4.0464],[34.062513000496864,4.008967246635005],[34.1349,3.9611],[34.13410670914738,3.9594356115160343],[34.1354,3.9586],[34.09131834805459,3.863185168949342],[34.2159,3.8814],[34.21886187810945,3.8659493781094527],[34.2268,3.8283],[34.158452659096206,3.8057988178094515],[34.1897,3.7951],[34.188293606402134,3.792867758998728],[34.1894,3.7925],[34.17357832058394,3.7680563941605834],[34.1716,3.765],[34.2463,3.7812],[34.3033,3.6829],[34.3658,3.7325],[34.463662778110226,3.6670256158671917],[34.464,3.6668],[34.4523,3.5144],[34.389991273137426,3.4891181843081576],[34.432349439601495,3.290375466998755],[34.455199456777166,3.183959672723496],[34.47595612378214,3.1693563757512466],[34.5466,3.1338],[34.55091556383067,3.116618864298184],[34.59919263997409,2.9244180235617905],[34.59960391310575,2.922780661733112],[34.634803827549945,2.884918023133544],[34.6537,2.8649],[34.6541899323421,2.8648259814447194],[34.72716108499556,2.853801562698513],[34.7371,2.8523],[34.74012904793329,2.842691937128805],[34.77194007971598,2.741788154786251],[34.796069003421415,2.665251823542259],[34.826060880074095,2.6208437484469944],[34.8576797797332,2.5818577824418414],[34.88834634190429,2.584676905870125],[34.8946,2.5901],[34.89693229589021,2.585466197604257],[34.89832463678432,2.5826998965539225],[34.9552,2.4697],[34.94631186622415,2.454295379116671],[34.92733197217571,2.4214000515264718],[34.91531849552469,2.399078236845871],[35.0009,1.9597],[35.00086325498595,1.9584692484619284],[34.99255659517668,1.680242811479665],[34.992,1.6616],[34.9444,1.5739],[34.8648,1.5256],[34.861345936027476,1.5183612113383007],[34.8193516712605,1.4303525322664954],[34.79244968502406,1.3739732079417601],[34.7875,1.3636],[34.827787025370725,1.305262898597127],[34.8308,1.3009],[34.82251739961759,1.276189101338407],[34.82,1.2623],[34.81553702848691,1.2553633659815884],[34.8066,1.2287],[34.7973536589409,1.2271016171910962],[34.719217035939906,1.2135944110268113],[34.6695,1.205],[34.58199377661317,1.1485160497870948],[34.5798,1.1471],[34.5752,1.0994],[34.523,1.0994],[34.4472,0.8612],[34.4141,0.8076],[34.37385721673103,0.7887741506840358],[34.3626,0.7771],[34.33096263868411,0.7687077736298901],[34.3147,0.7611],[34.2774,0.6399],[34.1384,0.583],[34.089,0.4541],[34.089042547720304,0.4536792503214614],[34.09923454043448,0.3528917668146214],[34.0998,0.3473],[33.9112,0.1042],[33.953582603054414,-0.02604627622726431],[33.9878,-0.1312],[33.95817624327833,-0.3381105469482843],[33.94285494778228,-0.4451239031822091],[33.92942511693783,-0.7300194511416611],[33.92947430999915,-0.8048093020429385],[33.929531872602006,-0.8923236459149855],[33.934,-1],[34.017,-1.0003],[34.0404,-1.0436],[34.081,-1.0197],[34.7305,-1.3867],[36.0002,-2.1045],[37.5334,-2.9661],[37.6719,-3.0587],[37.6921,-3.1752],[37.7112,-3.3125],[37.5844,-3.4381],[37.624,-3.4666],[37.6033,-3.5176],[37.673,-3.5031],[37.7432,-3.5417],[37.785,-3.6744],[38.4457,-4.138],[39.2058,-4.6759],[39.2252,-4.6112],[39.2679,-4.6],[39.2432,-4.5658],[39.3206,-4.5679],[39.3126,-4.6338],[39.4043,-4.643],[39.3759,-4.5378],[39.408,-4.5503],[39.4453,-4.5065],[39.4629,-4.5301],[39.4719,-4.4988],[39.4854,-4.4422],[39.4953,-4.437],[39.5001,-4.4411],[39.5032,-4.4563],[39.5084,-4.3982],[39.5388,-4.4345],[39.6426,-4.1524],[39.6743,-4.0822],[39.6413,-4.0641],[39.5922,-4.0631],[39.5813,-4.1124]]],[[[39.6395,-4.0379],[39.6717,-4.0766],[39.6653,-4.028],[39.6395,-4.0379]]],[[[39.2203,-4.6717],[39.2231,-4.669],[39.2244,-4.6663],[39.2203,-4.6717]]],[[[39.2278,-4.6603],[39.2227,-4.6597],[39.222,-4.6653],[39.2232,-4.6644],[39.2245,-4.6619],[39.2278,-4.6603]]],[[[39.2873,-4.6628],[39.2751,-4.6544],[39.2708,-4.6631],[39.2853,-4.6659],[39.2873,-4.6628]]],[[[39.2323,-4.65],[39.2341,-4.6473],[39.2323,-4.6471],[39.2323,-4.65]]],[[[39.2443,-4.6215],[39.2448,-4.6192],[39.2423,-4.6203],[39.2443,-4.6215]]],[[[39.2918,-4.5961],[39.2878,-4.5929],[39.2865,-4.5961],[39.2913,-4.5998],[39.2918,-4.5961]]],[[[39.3523,-4.6672],[39.4039,-4.6676],[39.3999,-4.6563],[39.3779,-4.6564],[39.3523,-4.6672]]],[[[39.3029,-4.571],[39.2965,-4.5768],[39.3018,-4.5894],[39.3117,-4.5711],[39.3029,-4.571]]],[[[39.4297,-4.5776],[39.4266,-4.5754],[39.4251,-4.5777],[39.4276,-4.5832],[39.4297,-4.5776]]],[[[39.4072,-4.5769],[39.4133,-4.5706],[39.4075,-4.5655],[39.3975,-4.5731],[39.4072,-4.5769]]],[[[39.4389,-4.5889],[39.4545,-4.5703],[39.4533,-4.5316],[39.4263,-4.5566],[39.4389,-4.5889]]],[[[39.39,-4.5546],[39.3889,-4.5525],[39.3871,-4.551],[39.3863,-4.5534],[39.39,-4.5546]]],[[[39.5032,-4.4563],[39.5023,-4.4579],[39.5036,-4.4581],[39.5039,-4.4568],[39.5032,-4.4563]]],[[[40.9039,-2.2715],[40.8882,-2.2463],[40.8436,-2.26],[40.8152,-2.3327],[40.9134,-2.297],[40.9039,-2.2715]]],[[[40.9781,-2.2687],[40.9677,-2.2207],[40.9725,-2.2496],[40.9471,-2.2325],[40.9389,-2.261],[40.9029,-2.2229],[40.9286,-2.2808],[40.9635,-2.2811],[40.9153,-2.3152],[40.9515,-2.312],[40.9781,-2.2687]]],[[[40.8017,-2.2591],[40.7945,-2.2623],[40.7947,-2.2671],[40.8,-2.262],[40.8017,-2.2591]]],[[[40.7483,-2.2625],[40.7491,-2.2585],[40.7451,-2.2571],[40.7422,-2.2579],[40.7483,-2.2625]]],[[[40.8105,-2.2373],[40.8131,-2.238],[40.8171,-2.2364],[40.8124,-2.2353],[40.8105,-2.2373]]],[[[40.9764,-2.1515],[40.9793,-2.1535],[40.9893,-2.1455],[40.9823,-2.1419],[40.9764,-2.1515]]],[[[40.9357,-2.0106],[40.9315,-2.0128],[40.9353,-2.0134],[40.9357,-2.0106]]],[[[41.0195,-2.1415],[41.0241,-2.1444],[41.0265,-2.1413],[41.0221,-2.1385],[41.0195,-2.1415]]],[[[41.1035,-2.0526],[40.9699,-2.116],[41.0792,-2.1338],[41.0785,-2.1361],[41.0821,-2.135],[41.081,-2.134],[41.1079,-2.1384],[41.1089,-2.0831],[41.1631,-2.0797],[41.1147,-2.059],[41.1035,-2.0526]]],[[[41.1321,-2.0916],[41.1324,-2.095],[41.1349,-2.0938],[41.1321,-2.0916]]],[[[41.1117,-2.0562],[41.1113,-2.0511],[41.1083,-2.0518],[41.1097,-2.0559],[41.1117,-2.0562]]],[[[41.1035,-2.0526],[41.1061,-2.0523],[41.1056,-2.0499],[41.1028,-2.0506],[41.1035,-2.0526]]],[[[41.2043,-2.0125],[41.2082,-2.0142],[41.2143,-2.0155],[41.2087,-2.0065],[41.2043,-2.0125]]],[[[41.2619,-2.0136],[41.2559,-2.0298],[41.2961,-1.973],[41.2828,-1.9904],[41.2619,-2.0136]]],[[[35.85511984640867,5.154875235657273],[35.8061,5.0746],[35.7957,4.9908],[35.8061,4.8466],[35.91788606861008,4.678110853109439],[35.8962,4.8882],[35.8347,4.9393],[35.85511984640867,5.154875235657273]]],[[[35.84214976965341,5.28208857804815],[35.8271,5.2536],[35.851361233282155,5.199772410424669],[35.84214976965341,5.28208857804815]]],[[[35.774229029223804,5.364802396360247],[35.83635548651619,5.333867882749879],[35.8353,5.3433],[35.774229029223804,5.364802396360247]]],[[[35.561850376725914,5.414022419023347],[35.6216,5.383],[35.62650580243641,5.383504859086491],[35.6058,5.4141],[35.561850376725914,5.414022419023347]]],[[[35.30881179589009,5.413575748977741],[35.3106,5.3376],[35.51197234960178,5.4139343730796154],[35.30881179589009,5.413575748977741]]]]},"properties":{"iso3":"KEN"}},
{"type":"Feature","geometry":{"type":"Polygon","coordinates":[[[35.5373,33.2331],[35.5675,33.2908],[35.6231,33.2427],[35.62427385035454,33.24332288424836],[35.621539317564945,33.26332815044591],[35.6206,33.2702],[35.62100558439015,33.270382710669345],[35.68302667117128,33.298322430625134],[35.791432617512214,33.34715794672946],[35.79981487006612,33.35093404613548],[35.8155,33.358],[35.81910259577002,33.37183396775688],[35.8255,33.3964],[35.93724384643681,33.46520021613139],[35.93918189321684,33.466393463380264],[35.94816461855924,33.48324601004034],[35.948009619408474,33.48502669795851],[35.9417,33.5182],[35.9449732832852,33.5199092571421],[35.9448,33.5219],[35.97053937762464,33.5332594702272],[35.971,33.5335],[35.971121869782955,33.53351653947054],[35.9722945526839,33.53403407554672],[36.04102880136662,33.56436832305211],[36.058757890489915,33.57578660518732],[35.973803900414936,33.62212514522822],[35.93818870967742,33.64155161290323],[35.9315,33.6452],[35.95805235301832,33.68453799142046],[35.99056164938057,33.73270134705608],[35.9915,33.7347],[36.0086,33.7671],[36.0693,33.8211],[36.0857,33.814],[36.09146192585707,33.814889186089054],[36.10873149065955,33.8251946244758],[36.114,33.8319],[36.1134,33.8336],[36.124,33.8345],[36.1242633857283,33.834463125998035],[36.12609186087237,33.83555425007409],[36.1565,33.8537],[36.23622076354837,33.84147176932752],[36.2376,33.8419],[36.2803,33.8477],[36.3077,33.8347],[36.315,33.8336],[36.38509617681258,33.84416862459674],[36.3883,33.8517],[36.372015746689655,33.86235051861574],[36.3081,33.8878],[36.2769,33.9032],[36.28913351330939,33.91655863935098],[36.288,33.9173],[36.30854700451713,33.93775760493257],[36.3454,33.978],[36.350502783279474,33.97953083498384],[36.35160543871541,33.98062869278917],[36.4259,34.0546],[36.43750055668016,34.05001604251012],[36.43780069767442,34.049897441860466],[36.454,34.044],[36.465,34.0434],[36.4834,34.0428],[36.4877,34.0489],[36.515975672114806,34.080654781659135],[36.5148,34.0978],[36.613838434952726,34.19055882404086],[36.6252,34.2012],[36.6005,34.2225],[36.586984121895604,34.251227866402274],[36.575,34.2767],[36.59274679281782,34.29539148901344],[36.5281,34.3693],[36.53220866394759,34.37686119144729],[36.55117037592229,34.419675192693305],[36.53077524465391,34.43214856832183],[36.4629,34.4643],[36.45867655759151,34.47624311197632],[36.4491,34.4821],[36.4464,34.4867],[36.35310772604871,34.50854037089475],[36.344833570277025,34.508674967606794],[36.331,34.5089],[36.41047242333825,34.55647152101233],[36.4162,34.5599],[36.40655435823305,34.60625813543094],[36.4064,34.607],[36.43286583769633,34.59799502617801],[36.451,34.5923],[36.46317303857824,34.63404971824881],[36.4634,34.6352],[36.4266,34.6156],[36.398945652888614,34.63341825717047],[36.362867670349004,34.65666403362988],[36.324479924293435,34.681398037606094],[36.306019246327445,34.66088260591867],[36.289,34.63],[36.27866312118219,34.630481625105084],[36.18964134857949,34.6346294071716],[36.1173,34.638],[35.9807,34.6436],[35.980169313745876,34.64500793232524],[35.9909,34.5528],[35.9536,34.5127],[35.9016,34.4667],[35.8057,34.455],[35.8169,34.4096],[35.736,34.3767],[35.7186,34.3148],[35.6502,34.2817],[35.6469,34.2107],[35.621,34.0235],[35.6424,33.9982],[35.5759,33.9084],[35.5413,33.9043],[35.4675,33.9001],[35.4796,33.8674],[35.4774,33.7915],[35.3849,33.5892],[35.1894,33.2752],[35.2115,33.2432],[35.1909,33.1794],[35.1026,33.0944],[35.2437,33.094],[35.2954,33.107],[35.3585,33.0569],[35.5027,33.0894],[35.5414,33.199],[35.5373,33.2331]]]},"properties":{"iso3":"LBN"}},
{"type":"Feature","geometry":{"type":"Polygon","coordinates":[[[-10.9514,6.5528],[-10.9563,6.5218],[-10.8014,6.3818],[-10.7416,6.4102],[-10.7443,6.4015],[-10.7523,6.3964],[-10.7777,6.3878],[-10.7723,6.3619],[-10.7726,6.3613],[-10.7789,6.3706],[-10.7812,6.3781],[-10.7801,6.3853],[-10.7748,6.3926],[-10.798,6.3791],[-10.8045,6.3228],[-10.7289,6.3155],[-10.7136,6.2807],[-10.7914,6.2989],[-10.8088,6.3296],[-10.7938,6.2935],[-10.6287,6.2176],[-10.3723,6.1243],[-10.0678,5.9138],[-10.0501,5.8585],[-9.7291,5.5731],[-9.5925,5.474],[-9.5951,5.4338],[-9.5049,5.386],[-9.4159,5.274],[-9.2972,5.1814],[-9.2991,5.1506],[-9.0304,4.9806],[-8.8721,4.9295],[-8.7087,4.8075],[-8.3552,4.6415],[-8.2501,4.5718],[-7.9881,4.521],[-7.832,4.4565],[-7.8284,4.4194],[-7.7627,4.3881],[-7.525,4.3605],[-7.53619952585155,4.371139549558972],[-7.5563,4.3696],[-7.5774,4.4011],[-7.546,4.4366],[-7.5731,4.4571],[-7.5807,4.5808],[-7.5543,4.6094],[-7.5823,4.6525],[-7.5662,4.7771],[-7.5998,4.8],[-7.602039510312953,4.826814403480424],[-7.6073,4.8898],[-7.597598259782826,4.893625854486719],[-7.553135288961523,4.911159704352993],[-7.533,4.9191],[-7.5653,4.9737],[-7.569,5.0848],[-7.4909,5.129],[-7.479,5.281],[-7.4155,5.3021],[-7.417644731837201,5.292186572841384],[-7.420988284264626,5.265241473867425],[-7.3711,5.3326],[-7.383443260316041,5.382266928414547],[-7.3888573404834075,5.377629369705447],[-7.4048,5.3601],[-7.4554,5.4304],[-7.447945455575886,5.430001094612756],[-7.4255,5.4288],[-7.424706326893233,5.430785240997729],[-7.41462522540573,5.456001436185135],[-7.4007,5.514],[-7.3846,5.5897],[-7.407439508801232,5.659009994530474],[-7.4357,5.7008],[-7.439479101795665,5.75623905643932],[-7.4654,5.8349],[-7.472652957426217,5.829808708316499],[-7.4777,5.809],[-7.487818277922476,5.819163248046576],[-7.502938060755277,5.834350229914189],[-7.5227,5.8542],[-7.5485,5.8294],[-7.5828,5.8922],[-7.6651,5.9121],[-7.665643757921419,5.940375411913815],[-7.6843,5.8997],[-7.685728052821147,5.900690545922361],[-7.6881,5.895],[-7.746839087847571,5.94307923467411],[-7.764894546808288,5.957858024749534],[-7.795,5.9825],[-7.779107994923858,6.016664593908629],[-7.7712,6.0344],[-7.791263694267516,6.07669878401853],[-7.794519967363015,6.083082623763065],[-7.8186884400530685,6.081173444591858],[-7.8495,6.0758],[-7.8559,6.0976],[-7.8466,6.1915],[-7.822784184888784,6.197033965337046],[-7.822715210065154,6.197333866859569],[-7.902723012969736,6.284277633141716],[-7.9092356991075246,6.286572579685508],[-7.9924,6.2947],[-8.002036836403033,6.319273932827735],[-8.003679804055759,6.319852883333933],[-8.172,6.2742],[-8.265623200754348,6.331084280244936],[-8.342954866709508,6.375673975994615],[-8.3974,6.3509],[-8.39714890230516,6.397754829857299],[-8.3991,6.4453],[-8.4431,6.4854],[-8.450132264251836,6.479169459685669],[-8.4786,6.4329],[-8.556318245304343,6.484036578655616],[-8.6089,6.5005],[-8.5611,6.5694],[-8.550677580781798,6.565391377223769],[-8.539,6.5609],[-8.53382169704369,6.606210150867708],[-8.533,6.6082],[-8.52290069581777,6.604305046509925],[-8.5149,6.5971],[-8.51114487572687,6.599771231935619],[-8.47254807304385,6.627227317124959],[-8.4515,6.6422],[-8.43384905749825,6.661785069718792],[-8.4357,6.6631],[-8.32997492375149,6.8004231876555385],[-8.320994270803382,6.826634163120363],[-8.322308990006734,6.873431906192089],[-8.322966280077612,6.896828302762586],[-8.3248,6.9621],[-8.323222621564481,6.963391762587112],[-8.2762,7.0019],[-8.277239915743364,7.0047740713425],[-8.3071,7.0873],[-8.300965452212957,7.104874650416934],[-8.284622209638929,7.164737966966501],[-8.3685,7.2441],[-8.415417800947866,7.470668867825171],[-8.5185,7.5187],[-8.504877918125501,7.579626160712655],[-8.5653,7.6259],[-8.5598,7.6926],[-8.6593,7.6962],[-8.7068,7.64],[-8.708624410878715,7.53078413057876],[-8.708949669324577,7.511312977251408],[-8.709,7.5083],[-8.8459,7.3473],[-8.84671555523755,7.316160618202636],[-8.847878991627404,7.27173850149916],[-8.8481,7.2633],[-8.864179866388943,7.26733353228879],[-8.910767847007145,7.279019831139025],[-8.936745384369594,7.28553613128731],[-8.93832008721221,7.28473426838641],[-9.066,7.201],[-9.1045,7.1936],[-9.105378413931307,7.199665599646353],[-9.1059,7.1994],[-9.1234,7.2738],[-9.143694033777031,7.284685479034041],[-9.1902,7.3032],[-9.191277568479503,7.310208722715421],[-9.2021,7.3806],[-9.203491242148036,7.380578891498444],[-9.255073002325402,7.379796271688856],[-9.2746,7.3795],[-9.287380262120694,7.397626732807288],[-9.30773378573444,7.426494910998704],[-9.312783934665129,7.4274820256239],[-9.3969,7.3886],[-9.397854949767314,7.3909976796315995],[-9.4012,7.388],[-9.417024204420755,7.417786737733187],[-9.4778,7.362],[-9.469351993475197,7.379511940617283],[-9.3571,7.6122],[-9.3707,7.682],[-9.3439,7.7487],[-9.377123997045745,7.7961151515627725],[-9.4235,7.8623],[-9.421576510393857,7.878635723321748],[-9.4097,7.9795],[-9.413858344891356,7.995301710587148],[-9.4277,8.0479],[-9.46,8.0362],[-9.4635,8.1659],[-9.5199,8.1793],[-9.4882,8.2673],[-9.497688817427893,8.284765354578214],[-9.517266852932561,8.320801176178996],[-9.5202,8.3262],[-9.49124518564888,8.362736498906898],[-9.52233749464566,8.382039989937244],[-9.5333,8.3834],[-9.545507753307032,8.396425119079208],[-9.5796,8.4328],[-9.641880839575318,8.409942454017754],[-9.6578,8.4041],[-9.6281,8.4586],[-9.678243284876423,8.484576897973657],[-9.712720276100086,8.453028240940466],[-9.7174,8.4444],[-9.71867259502581,8.447581487564523],[-9.7594,8.5494],[-9.765064824582923,8.543495461236507],[-9.8043,8.5026],[-9.822178423542757,8.50188610461548],[-9.913770748447543,8.498228772197406],[-9.917024350175462,8.498098854072854],[-9.956055864462863,8.477230234708276],[-10.0552,8.4209],[-10.0548,8.4958],[-10.140550002195582,8.52122587274404],[-10.2051,8.4806],[-10.211246723717712,8.481637644347197],[-10.2126,8.4805],[-10.27658610754917,8.485075707806285],[-10.27780769154308,8.479434704385513],[-10.2762,8.4785],[-10.3186,8.2841],[-10.2996,8.2053],[-10.302269200506183,8.202512965306402],[-10.3517,8.1509],[-10.386496370535715,8.152943147321428],[-10.4624,8.1574],[-10.528,8.1262],[-10.584756662354463,8.063723673997412],[-10.6053,8.0408],[-10.60537438074521,8.029633590625219],[-10.60513044931589,7.921409346483417],[-10.6048,7.7748],[-10.650913285806869,7.757006286454958],[-10.6972,7.7383],[-10.699794084635219,7.7352752768087365],[-10.8284,7.5624],[-10.873402655394706,7.530745226516585],[-11.128669080569397,7.351191358062493],[-11.1433,7.3409],[-11.169022957455917,7.2900476917986845],[-11.1823,7.2638],[-11.280967143243641,7.222276288462512],[-11.309214865765236,7.210388336272781],[-11.3099,7.2101],[-11.351621346581371,7.140300780363868],[-11.346665217391305,7.12270652173913],[-11.3321,7.0777],[-11.3742,7.07],[-11.3696,7.0196],[-11.430516401390124,6.969732640916593],[-11.420531853785901,6.943671279373368],[-11.4179,6.9379],[-11.496361236911083,6.923607437999865],[-11.4018,6.8512],[-11.3649,6.7591],[-11.2298,6.7824],[-11.1826,6.7019],[-11.2002,6.6733],[-11.2549,6.6878],[-11.369,6.7573],[-11.3857,6.739],[-11.3576,6.7033],[-11.0653,6.5791],[-10.9514,6.5528]]]},"properties":{"iso3":"LBR"}},
{"type":"Feature","geometry":{"type":"Polygon","coordinates":[[[27.3049,-29.534],[27.1542,-29.561],[27.0851,-29.6151],[27.0663,-29.5973],[27.0572,-29.6371],[27.0174,-29.6182],[27.0133,-29.6609],[27.0968,-29.7296],[27.1763,-29.897],[27.2193,-30.0095],[27.297,-30.0555],[27.327,-30.1473],[27.4073,-30.1445],[27.3682,-30.1922],[27.3825,-30.336],[27.4669,-30.3151],[27.4889,-30.3728],[27.5589,-30.4116],[27.6088,-30.4948],[27.7432,-30.6043],[28.1103,-30.6778],[28.1138,-30.5988],[28.1775,-30.5249],[28.156,-30.4642],[28.2574,-30.4178],[28.2707,-30.3709],[28.2068,-30.2905],[28.3473,-30.2319],[28.3688,-30.1686],[28.3998,-30.1437],[28.4579,-30.1575],[28.5512,-30.1214],[28.6667,-30.1411],[28.7947,-30.1058],[28.9862,-30.0314],[29.17,-29.9155],[29.1017,-29.8483],[29.1319,-29.825],[29.1363,-29.7391],[29.1626,-29.6766],[29.282,-29.6428],[29.2855,-29.5848],[29.3252,-29.5689],[29.3057,-29.5538],[29.2953,-29.4884],[29.405,-29.4438],[29.4574,-29.3418],[29.4103,-29.2135],[29.3448,-29.1878],[29.3559,-29.1268],[29.3086,-29.0757],[29.2553,-29.0887],[29.2065,-29.0173],[29.0193,-28.882],[28.9795,-28.9131],[28.9227,-28.812],[28.9444,-28.7832],[28.9114,-28.7603],[28.8137,-28.7733],[28.8065,-28.709],[28.7046,-28.671],[28.7024,-28.6162],[28.6513,-28.5706],[28.5907,-28.6084],[28.4022,-28.624],[28.3497,-28.7036],[28.2234,-28.7042],[28.1834,-28.6937],[28.1191,-28.7416],[28.0284,-28.8786],[27.9381,-28.8481],[27.8881,-28.9165],[27.754,-28.8973],[27.762,-28.938],[27.7231,-28.9494],[27.7136,-29.0101],[27.6414,-29.0458],[27.6758,-29.0666],[27.6395,-29.0825],[27.6505,-29.1081],[27.5149,-29.2244],[27.5481,-29.2476],[27.5123,-29.2828],[27.4546,-29.2977],[27.4723,-29.3203],[27.4363,-29.3341],[27.4323,-29.373],[27.4055,-29.3664],[27.4231,-29.4068],[27.3567,-29.4527],[27.3611,-29.4858],[27.306,-29.4972],[27.3049,-29.534]]]},"properties":{"iso3":"LSO"}},
{"type":"Feature","geometry":{"type":"MultiPolygon","coordinates":[[[[48.5994,-20.4152],[48.8249,-19.9116],[48.8735,-19.5932],[48.9883,-19.3278],[49.0119,-19.1876],[49.3343,-18.4135],[49.374,-18.2123],[49.4296,-18.1608],[49.404,-18.0797],[49.5203,-17.6951],[49.4745,-17.5814],[49.4785,-17.4838],[49.4118,-17.3489],[49.5922,-16.9091],[49.8417,-16.8369],[49.7539,-16.8027],[49.72,-16.7176],[49.7675,-16.6945],[49.8361,-16.5688],[49.8608,-16.4279],[49.8319,-16.4328],[49.8131,-16.3465],[49.8623,-16.2015],[49.8061,-16.1531],[49.725,-16.1456],[49.6744,-16.0462],[49.7318,-15.9027],[49.636,-15.6915],[49.6508,-15.6295],[49.6134,-15.5636],[49.6758,-15.4719],[49.7854,-15.4285],[49.8483,-15.4401],[49.8589,-15.4135],[49.9007,-15.4354],[49.8903,-15.5603],[49.9683,-15.6097],[49.9539,-15.7338],[50.0195,-15.7873],[50.0125,-15.8316],[50.0241,-15.8838],[50.1442,-15.9432],[50.1595,-15.9973],[50.2334,-15.9754],[50.2445,-15.9117],[50.3392,-15.8161],[50.3248,-15.7804],[50.4616,-15.4554],[50.4849,-15.2652],[50.3361,-15.0333],[50.2228,-14.765],[50.1755,-14.4622],[50.2002,-14.3022],[50.1417,-14.2241],[50.1651,-14.0563],[50.1355,-13.9991],[50.1387,-13.7972],[50.0252,-13.5221],[50.0171,-13.3564],[49.9776,-13.3607],[49.9766,-13.2945],[49.9184,-13.1939],[49.9288,-13.044],[49.8702,-12.9406],[49.8412,-12.9499],[49.8564,-12.8976],[49.8016,-12.8907],[49.7859,-12.8077],[49.7194,-12.7701],[49.7221,-12.7425],[49.6953,-12.7416],[49.6759,-12.8157],[49.6404,-12.8138],[49.6641,-12.7779],[49.6326,-12.6953],[49.5428,-12.6531],[49.5618,-12.5759],[49.5408,-12.4926],[49.5534,-12.4911],[49.5558,-12.5406],[49.5876,-12.542],[49.5638,-12.4395],[49.5295,-12.4756],[49.5136,-12.458],[49.515,-12.425],[49.4805,-12.4355],[49.5032,-12.3999],[49.5287,-12.4313],[49.5379,-12.3924],[49.4777,-12.3514],[49.44,-12.3817],[49.3971,-12.2565],[49.3541,-12.2295],[49.3386,-12.3106],[49.303,-12.3084],[49.2974,-12.2661],[49.2187,-12.3215],[49.192,-12.3098],[49.2135,-12.2507],[49.2514,-12.2937],[49.2826,-12.2576],[49.2168,-12.2328],[49.2474,-12.1487],[49.2928,-12.2106],[49.3129,-12.1635],[49.3694,-12.2197],[49.338,-12.0706],[49.2968,-12.0557],[49.3115,-12.0498],[49.3152,-12.0523],[49.318,-12.0588],[49.327,-12.0506],[49.2958,-11.9713],[49.2438,-11.9523],[49.2045,-11.9903],[49.2246,-12.0188],[49.1993,-11.9955],[49.2101,-12.0299],[49.1836,-12.0121],[49.1627,-12.0409],[49.1652,-12.0502],[49.1991,-12.0446],[49.2183,-12.1152],[49.1472,-12.0583],[49.084,-12.1078],[49.1386,-12.0998],[49.1421,-12.1024],[49.1477,-12.1085],[49.1505,-12.113],[49.1507,-12.1223],[49.163,-12.1233],[49.1531,-12.1444],[49.1943,-12.1446],[49.145,-12.196],[49.1397,-12.2752],[49.0878,-12.2571],[49.0821,-12.3081],[49.0545,-12.2909],[48.9705,-12.3436],[48.9265,-12.5029],[48.8903,-12.5144],[48.8531,-12.4217],[48.7624,-12.3933],[48.7199,-12.4467],[48.7603,-12.4677],[48.7718,-12.4335],[48.7873,-12.4838],[48.7818,-12.4965],[48.8312,-12.5304],[48.8249,-12.5692],[48.8868,-12.5379],[48.8547,-12.6665],[48.8939,-12.6757],[48.9009,-12.7675],[48.969,-12.8953],[48.9343,-12.8945],[48.9448,-12.9375],[48.9071,-12.961],[48.9385,-12.9755],[48.9107,-12.9972],[48.9005,-12.9726],[48.887,-13.0383],[48.87,-13.0202],[48.8814,-13.0417],[48.844,-13.0536],[48.8041,-13.1315],[48.8274,-13.1475],[48.8043,-13.1497],[48.826,-13.1712],[48.802,-13.1666],[48.8099,-13.2536],[48.8739,-13.2619],[48.7953,-13.2932],[48.7778,-13.3474],[48.8103,-13.3792],[48.7631,-13.4211],[48.6645,-13.4386],[48.6421,-13.4732],[48.6743,-13.5001],[48.6397,-13.475],[48.647,-13.4502],[48.5856,-13.4623],[48.4725,-13.3667],[48.5172,-13.5127],[48.5511,-13.5187],[48.5453,-13.5239],[48.5296,-13.5288],[48.53,-13.5313],[48.5395,-13.5292],[48.4938,-13.5706],[48.4877,-13.5651],[48.4863,-13.5527],[48.505,-13.5138],[48.4614,-13.5442],[48.4334,-13.5194],[48.4354,-13.5329],[48.4343,-13.5326],[48.4356,-13.534],[48.4421,-13.5777],[48.4089,-13.5282],[48.4095,-13.5639],[48.3801,-13.5568],[48.3913,-13.5938],[48.3653,-13.5958],[48.3523,-13.5328],[48.3262,-13.5504],[48.3623,-13.6231],[48.361,-13.6245],[48.3564,-13.6256],[48.3514,-13.6257],[48.3396,-13.62],[48.3428,-13.6326],[48.3325,-13.6178],[48.3246,-13.6263],[48.3436,-13.6406],[48.3151,-13.6581],[48.3336,-13.7224],[48.3123,-13.7354],[48.3195,-13.7381],[48.3127,-13.7393],[48.315,-13.7442],[48.3289,-13.7429],[48.3289,-13.7417],[48.3379,-13.7451],[48.3304,-13.7468],[48.3358,-13.755],[48.3397,-13.7541],[48.3359,-13.7574],[48.3245,-13.7558],[48.3282,-13.764],[48.2627,-13.8204],[48.1694,-13.7588],[48.1855,-13.731],[48.1613,-13.7216],[48.1441,-13.5994],[48.1053,-13.588],[48.0738,-13.6332],[48.0709,-13.6164],[48.0926,-13.5841],[48.0708,-13.5766],[48.0891,-13.5721],[48.0376,-13.5229],[48.0167,-13.533],[48.0559,-13.5633],[48.0146,-13.559],[48.0294,-13.5773],[47.9942,-13.5909],[48.0031,-13.5543],[47.9717,-13.5531],[48.0023,-13.5295],[47.9725,-13.5038],[47.9399,-13.5736],[47.9727,-13.6178],[47.8959,-13.5915],[47.8767,-13.7038],[47.9268,-13.6951],[47.9137,-13.7246],[47.8808,-13.7136],[47.8589,-13.7711],[47.8934,-13.8996],[47.9561,-13.9377],[48.0058,-13.9191],[47.9839,-13.9477],[48.0273,-13.9729],[47.922,-14.0102],[48.0226,-14.0667],[48.0141,-14.1038],[48.0451,-14.1049],[48.0614,-14.1751],[48.0307,-14.2049],[48.0207,-14.1851],[48.0137,-14.2103],[48.0241,-14.2049],[48.0239,-14.217],[48.0234,-14.2072],[48.0112,-14.2124],[48.0047,-14.2042],[48.0428,-14.2662],[48.0329,-14.2713],[48.0294,-14.2664],[48.0259,-14.2703],[48.0263,-14.2731],[48.0304,-14.2726],[48.0107,-14.2828],[48.032,-14.2985],[48.0025,-14.2855],[48.0172,-14.3232],[47.9947,-14.3058],[47.9919,-14.2823],[47.9977,-14.4068],[47.9925,-14.4083],[47.9752,-14.3787],[47.9813,-14.3336],[47.9553,-14.3026],[47.9947,-14.1296],[47.9576,-14.1441],[47.936,-14.1004],[47.8878,-14.0965],[47.9493,-14.1666],[47.9198,-14.2595],[47.8453,-14.2569],[47.7999,-14.2182],[47.7643,-14.249],[47.7749,-14.297],[47.7155,-14.3448],[47.6932,-14.4423],[47.744,-14.6367],[47.6312,-14.7942],[47.5477,-15.014],[47.5245,-15.0276],[47.5451,-14.9856],[47.4977,-15.0318],[47.4998,-15.0778],[47.4293,-15.1354],[47.4355,-15.1132],[47.3975,-15.1052],[47.4018,-14.9807],[47.5149,-14.8179],[47.4885,-14.8119],[47.4723,-14.7404],[47.5017,-14.7182],[47.4635,-14.671],[47.2813,-14.8617],[47.336,-14.8917],[47.3493,-14.8564],[47.3886,-14.865],[47.369,-14.9153],[47.2854,-14.9355],[47.2412,-14.9899],[47.2723,-15.0063],[47.2092,-15.0019],[47.2161,-15.0697],[47.1056,-15.1078],[47.0497,-15.1766],[47.043,-15.2325],[47.0699,-15.2747],[47.1031,-15.2625],[47.0878,-15.3106],[47.149,-15.2911],[47.1732,-15.4235],[47.1189,-15.419],[47.1398,-15.4571],[46.9672,-15.4866],[46.9934,-15.4061],[47.0708,-15.3365],[46.9707,-15.2911],[46.9406,-15.2016],[46.4604,-15.5139],[46.3006,-15.7106],[46.3013,-15.7129],[46.3684,-15.7337],[46.3022,-15.8266],[46.3965,-15.8571],[46.3293,-15.9337],[46.2837,-15.8598],[46.2652,-15.705],[46.1213,-15.7102],[45.9788,-15.7847],[45.8827,-15.7626],[45.8623,-15.8108],[45.7707,-15.8067],[45.782,-15.8593],[45.7691,-15.8483],[45.7601,-15.8068],[45.7147,-15.815],[45.765,-15.7978],[45.6672,-15.7707],[45.603,-15.8552],[45.6351,-15.9651],[45.604,-15.9629],[45.5864,-16.06],[45.5885,-16.0242],[45.5411,-16.0482],[45.5801,-15.9942],[45.5609,-15.9465],[45.3528,-15.9823],[45.3663,-16.0336],[45.4088,-16.0324],[45.2899,-16.1301],[45.2691,-16.1112],[45.2948,-16.0415],[45.2469,-15.9338],[44.8689,-16.2004],[44.8083,-16.228],[44.7815,-16.1996],[44.4377,-16.1939],[44.4019,-16.3568],[44.4689,-16.4981],[44.4551,-16.5504],[44.4207,-16.5748],[44.4197,-16.543],[44.4062,-16.5719],[44.4331,-16.7018],[44.0994,-17.158],[44.0944,-17.1863],[44.1184,-17.184],[43.9305,-17.4937],[43.979,-17.5608],[43.9722,-17.5656],[43.9594,-17.553],[43.9303,-17.5056],[43.9522,-17.7112],[44.0385,-17.808],[44.0144,-17.9613],[44.0099,-17.9355],[44.0378,-18.1257],[44.0282,-18.1269],[44.0184,-18.1073],[44.0367,-18.1571],[44.0623,-18.1518],[44.0407,-18.1648],[44.0345,-18.1622],[44.0738,-18.2517],[44.0647,-18.2513],[44.0557,-18.246],[44.0448,-18.2333],[44.0603,-18.3933],[44.0518,-18.4038],[44.0396,-18.3952],[44.143,-18.5353],[44.2037,-18.6851],[44.2185,-18.6801],[44.267,-18.7347],[44.235,-18.7196],[44.2123,-18.6915],[44.2577,-18.8124],[44.2454,-18.9485],[44.2781,-18.9754],[44.2473,-18.9633],[44.2443,-18.986],[44.234,-18.9376],[44.2304,-19.0541],[44.2642,-19.0594],[44.2485,-19.0718],[44.2283,-19.0649],[44.2662,-19.1442],[44.2858,-19.1102],[44.2729,-19.1509],[44.4578,-19.4325],[44.4778,-19.5401],[44.4515,-19.5385],[44.4229,-19.6016],[44.4085,-19.6078],[44.3997,-19.6376],[44.4043,-19.6353],[44.4058,-19.6297],[44.4126,-19.6316],[44.4086,-19.6291],[44.4141,-19.6178],[44.4103,-19.6201],[44.4058,-19.6296],[44.4107,-19.6112],[44.4227,-19.6021],[44.4186,-19.6112],[44.4204,-19.7241],[44.3785,-19.7741],[44.4101,-19.8478],[44.439,-19.8317],[44.4469,-19.8769],[44.4693,-19.8665],[44.4848,-19.959],[44.2198,-20.4062],[44.1132,-20.4832],[44.0495,-20.6982],[43.9594,-20.7433],[43.9021,-20.8475],[43.8023,-21.2277],[43.723,-21.2835],[43.5402,-21.2988],[43.4685,-21.3424],[43.4649,-21.6415],[43.3477,-21.7492],[43.3421,-21.904],[43.312,-21.9122],[43.3036,-21.8622],[43.2615,-21.948],[43.235,-22.0991],[43.2564,-22.1855],[43.3114,-22.2182],[43.2272,-22.2384],[43.2282,-22.324],[43.3476,-22.7508],[43.3442,-22.8536],[43.439,-22.9207],[43.4899,-23.0097],[43.5927,-23.0686],[43.6346,-23.2648],[43.6147,-23.3151],[43.7659,-23.4604],[43.7453,-23.5324],[43.7313,-23.5131],[43.7588,-23.5691],[43.6589,-23.6115],[43.635,-23.6707],[43.6726,-23.894],[43.6818,-24.3742],[43.9165,-24.6024],[43.9429,-24.686],[43.9209,-24.7394],[44.0198,-24.8748],[44.0214,-25.0134],[44.0558,-25.0104],[44.0581,-25.0528],[44.1182,-25.0814],[44.183,-25.0767],[44.2824,-25.1454],[44.3406,-25.1984],[44.3512,-25.2668],[44.5177,-25.2898],[44.808,-25.3412],[44.9375,-25.4195],[44.974,-25.4774],[45.1144,-25.5341],[45.1613,-25.6047],[45.495,-25.5749],[45.6149,-25.5375],[45.9614,-25.3211],[46.2582,-25.207],[46.4929,-25.1651],[46.6751,-25.1858],[46.7126,-25.1808],[46.8696,-25.0841],[46.9603,-25.0763],[47.0276,-24.9813],[47.0988,-24.9934],[47.1385,-24.9214],[47.1297,-24.853],[47.1992,-24.7847],[47.1929,-24.7185],[47.4143,-24.1389],[47.59,-23.7973],[47.6459,-23.4762],[47.7143,-23.3252],[47.8259,-22.8956],[47.8929,-22.4944],[48.2965,-21.4549],[48.5994,-20.4152]]],[[[49.8076,-17.0967],[49.8005,-17.1038],[49.7998,-17.1158],[49.8135,-17.1168],[49.8076,-17.0967]]],[[[49.8664,-16.9078],[49.8174,-17.1053],[49.8334,-17.0765],[49.946,-16.8934],[50.0119,-16.7016],[49.8664,-16.9078]]],[[[49.7584,-15.5094],[49.7751,-15.4935],[49.7636,-15.48],[49.7572,-15.4842],[49.7584,-15.5094]]],[[[47.6213,-14.5485],[47.5891,-14.5088],[47.5791,-14.5832],[47.6202,-14.5748],[47.6213,-14.5485]]],[[[47.6391,-14.3639],[47.6514,-14.3589],[47.6517,-14.3529],[47.6387,-14.3556],[47.6391,-14.3639]]],[[[48.0085,-14.242],[48.0187,-14.2353],[48.0112,-14.2305],[48.0029,-14.238],[48.0085,-14.242]]],[[[48.0062,-14.2248],[48.0005,-14.2207],[47.9989,-14.2266],[48.0057,-14.2303],[48.0062,-14.2248]]],[[[48.0151,-14.2214],[48.0088,-14.2238],[48.0101,-14.226],[48.0177,-14.2279],[48.0151,-14.2214]]],[[[48.0354,-14.17],[48.0344,-14.174],[48.0375,-14.1778],[48.0428,-14.1791],[48.0354,-14.17]]],[[[47.7954,-14.1441],[47.82,-14.1833],[47.8211,-14.1643],[47.8164,-14.1533],[47.7954,-14.1441]]],[[[47.7353,-14.1087],[47.7472,-14.1214],[47.7613,-14.1142],[47.7562,-14.1047],[47.7353,-14.1087]]],[[[43.9425,-18.5837],[43.9432,-18.5741],[43.9338,-18.5786],[43.9341,-18.581],[43.9425,-18.5837]]],[[[43.9385,-18.4064],[43.9347,-18.4121],[43.9341,-18.4154],[43.9379,-18.4153],[43.9385,-18.4064]]],[[[43.2509,-22.1743],[43.2441,-22.167],[43.2373,-22.1813],[43.252,-22.1812],[43.2509,-22.1743]]],[[[43.1934,-22.0767],[43.18,-22.0924],[43.178,-22.1212],[43.1836,-22.1266],[43.1934,-22.0767]]],[[[43.1957,-22.0683],[43.1959,-22.056],[43.1872,-22.0612],[43.1865,-22.0702],[43.1957,-22.0683]]],[[[43.2303,-22.0306],[43.2347,-22.0306],[43.2357,-22.022],[43.2308,-22.0224],[43.2303,-22.0306]]],[[[43.238,-22.0236],[43.2383,-22.0218],[43.2371,-22.0224],[43.2368,-22.0238],[43.238,-22.0236]]],[[[43.236,-22.0205],[43.2384,-22.0201],[43.2376,-22.0176],[43.2357,-22.0203],[43.236,-22.0205]]],[[[43.2421,-22.0154],[43.2424,-22.0147],[43.242,-22.0141],[43.2412,-22.0158],[43.2421,-22.0154]]],[[[43.2346,-22.0094],[43.2338,-22.0079],[43.2333,-22.0087],[43.2338,-22.0104],[43.2346,-22.0094]]],[[[43.2402,-21.9948],[43.2403,-21.9982],[43.2431,-21.9981],[43.2409,-21.9947],[43.2402,-21.9948]]],[[[43.2102,-21.9534],[43.2064,-21.9519],[43.2062,-21.9592],[43.2097,-21.9556],[43.2102,-21.9534]]],[[[43.2743,-21.9151],[43.2738,-21.9148],[43.2735,-21.9152],[43.2737,-21.9156],[43.2743,-21.9151]]],[[[43.2741,-21.9128],[43.2742,-21.9121],[43.2735,-21.9124],[43.2736,-21.9129],[43.2741,-21.9128]]],[[[43.2877,-21.8868],[43.2878,-21.8861],[43.287,-21.8861],[43.287,-21.887],[43.2877,-21.8868]]],[[[43.2886,-21.8834],[43.2885,-21.8827],[43.2879,-21.8829],[43.2879,-21.8837],[43.2886,-21.8834]]],[[[43.3095,-21.8747],[43.3093,-21.8762],[43.3096,-21.8771],[43.3109,-21.8741],[43.3095,-21.8747]]],[[[43.2911,-21.8692],[43.2903,-21.8673],[43.2889,-21.8672],[43.2884,-21.8689],[43.2911,-21.8692]]],[[[43.2978,-21.8558],[43.2981,-21.8553],[43.2973,-21.8549],[43.2973,-21.8557],[43.2978,-21.8558]]],[[[43.2944,-21.8373],[43.2929,-21.8373],[43.2925,-21.8389],[43.2952,-21.8392],[43.2944,-21.8373]]],[[[43.3004,-21.8374],[43.3002,-21.8369],[43.2998,-21.8373],[43.3,-21.8377],[43.3004,-21.8374]]],[[[43.3007,-21.8341],[43.3001,-21.8344],[43.3,-21.8352],[43.3004,-21.8358],[43.3007,-21.8341]]],[[[43.3004,-21.8337],[43.301,-21.8336],[43.3019,-21.8324],[43.3007,-21.8321],[43.3004,-21.8337]]],[[[43.2995,-21.8276],[43.2994,-21.828],[43.2997,-21.8283],[43.3,-21.8277],[43.2995,-21.8276]]],[[[43.2946,-21.8145],[43.2925,-21.8194],[43.2943,-21.8333],[43.2959,-21.8341],[43.2946,-21.8145]]],[[[44.4173,-19.7157],[44.407,-19.7214],[44.3946,-19.7517],[44.4048,-19.7357],[44.4173,-19.7157]]],[[[44.4094,-19.6437],[44.4013,-19.6437],[44.4013,-19.648],[44.4056,-19.6496],[44.4094,-19.6437]]],[[[47.7871,-14.0279],[47.8294,-14.0544],[47.789,-13.9715],[47.7778,-13.9998],[47.7871,-14.0279]]],[[[47.7778,-13.946],[47.7703,-13.9329],[47.7613,-13.9341],[47.7643,-13.9568],[47.7778,-13.946]]],[[[47.9782,-13.9388],[47.9757,-13.9436],[47.9806,-13.9489],[47.9813,-13.9378],[47.9782,-13.9388]]],[[[47.9766,-13.9365],[47.9749,-13.9337],[47.9682,-13.935],[47.97,-13.9421],[47.9766,-13.9365]]],[[[48.1886,-13.7153],[48.1832,-13.7186],[48.1884,-13.7235],[48.1922,-13.7257],[48.1886,-13.7153]]],[[[48.3191,-13.6414],[48.326,-13.6424],[48.3242,-13.6358],[48.3186,-13.6394],[48.3191,-13.6414]]],[[[47.8229,-13.5994],[47.8189,-13.585],[47.8152,-13.585],[47.8075,-13.595],[47.8229,-13.5994]]],[[[48.0952,-13.5693],[48.0976,-13.571],[48.0984,-13.5674],[48.0969,-13.5665],[48.0952,-13.5693]]],[[[48.3318,-13.4474],[48.3338,-13.4937],[48.3656,-13.491],[48.3607,-13.4487],[48.3318,-13.4474]]],[[[48.3481,-13.4361],[48.3478,-13.4364],[48.3477,-13.437],[48.3483,-13.4372],[48.3481,-13.4361]]],[[[48.3686,-13.4323],[48.361,-13.4299],[48.3718,-13.4402],[48.373,-13.4354],[48.3686,-13.4323]]],[[[48.2348,-13.4002],[48.2344,-13.4006],[48.2345,-13.4009],[48.2347,-13.4007],[48.2348,-13.4002]]],[[[48.1865,-13.3661],[48.1996,-13.3946],[48.2139,-13.3864],[48.226,-13.3927],[48.2305,-13.3977],[48.235,-13.3998],[48.24,-13.401],[48.2489,-13.408],[48.2699,-13.4036],[48.2812,-13.4039],[48.3087,-13.4185],[48.3601,-13.4108],[48.3203,-13.345],[48.3205,-13.3435],[48.3245,-13.3441],[48.3268,-13.3401],[48.3279,-13.3403],[48.3458,-13.3195],[48.3271,-13.2649],[48.3097,-13.2757],[48.3094,-13.2753],[48.3116,-13.271],[48.3054,-13.2669],[48.313,-13.2178],[48.2885,-13.2092],[48.2868,-13.2084],[48.2524,-13.275],[48.17,-13.2555],[48.1996,-13.2776],[48.173,-13.3368],[48.184,-13.3607],[48.1769,-13.3659],[48.1851,-13.3734],[48.1868,-13.3723],[48.1865,-13.3661]]],[[[48.1485,-13.32],[48.1669,-13.3123],[48.1757,-13.2948],[48.1559,-13.2918],[48.1485,-13.32]]],[[[48.5094,-13.5318],[48.5138,-13.5368],[48.5148,-13.5242],[48.5112,-13.5259],[48.5094,-13.5318]]],[[[48.4876,-13.3663],[48.5092,-13.3723],[48.4911,-13.3135],[48.455,-13.3083],[48.4876,-13.3663]]],[[[48.6041,-12.9637],[48.6019,-12.9566],[48.5988,-12.9589],[48.6005,-12.9649],[48.6041,-12.9637]]],[[[48.5815,-12.9077],[48.5386,-12.886],[48.5865,-12.9367],[48.6103,-12.8822],[48.6152,-12.8195],[48.5815,-12.9077]]],[[[48.5808,-12.8355],[48.575,-12.8358],[48.5745,-12.8425],[48.5823,-12.8426],[48.5808,-12.8355]]],[[[48.6898,-12.7473],[48.6906,-12.7333],[48.6781,-12.7326],[48.6749,-12.758],[48.6898,-12.7473]]],[[[49.6628,-12.708],[49.6628,-12.6848],[49.659,-12.6747],[49.6382,-12.6845],[49.6628,-12.708]]],[[[49.5967,-12.6239],[49.5783,-12.6164],[49.5863,-12.6362],[49.5987,-12.627],[49.5967,-12.6239]]],[[[49.5999,-12.5971],[49.5743,-12.6],[49.5754,-12.6144],[49.6027,-12.6168],[49.5999,-12.5971]]],[[[48.8562,-12.5673],[48.8523,-12.5622],[48.8455,-12.5641],[48.8484,-12.5711],[48.8562,-12.5673]]],[[[48.6701,-12.4613],[48.6755,-12.4498],[48.6727,-12.4463],[48.664,-12.4449],[48.6701,-12.4613]]],[[[48.7138,-12.3839],[48.7041,-12.378],[48.6999,-12.3895],[48.7097,-12.3932],[48.7138,-12.3839]]],[[[48.9788,-12.2659],[48.9827,-12.2613],[48.9812,-12.2577],[48.975,-12.2636],[48.9788,-12.2659]]],[[[49.0159,-12.2445],[49.0137,-12.2296],[49.0057,-12.2326],[49.0007,-12.2553],[49.0159,-12.2445]]],[[[49.3812,-12.1661],[49.3735,-12.1735],[49.3949,-12.1921],[49.3937,-12.1706],[49.3812,-12.1661]]],[[[49.3537,-12.1369],[49.3745,-12.1431],[49.3687,-12.1274],[49.3632,-12.126],[49.3537,-12.1369]]],[[[49.046,-12.1271],[49.0529,-12.116],[49.0507,-12.111],[49.0468,-12.1197],[49.046,-12.1271]]],[[[49.839,-12.8593],[49.8423,-12.8508],[49.836,-12.8396],[49.8349,-12.8516],[49.839,-12.8593]]],[[[49.839,-12.8266],[49.8465,-12.8145],[49.844,-12.8062],[49.8367,-12.7984],[49.839,-12.8266]]],[[[49.7694,-12.7591],[49.7672,-12.7768],[49.7824,-12.7748],[49.7797,-12.7645],[49.7694,-12.7591]]]]},"properties":{"iso3":"MDG"}},
{"type":"Feature","geometry":{"type":"Polygon","coordinates":[[[-11.166519544929892,12.031606051210915],[-11.1422,12.0481],[-11.14120389847507,12.089302381258518],[-11.1395,12.0931],[-11.096052685472683,12.120588405892846],[-11.0735,12.1341],[-11.073154719312594,12.135075574887685],[-11.069641091467288,12.145003170654245],[-11.046,12.2118],[-10.974086371860746,12.22185244264312],[-10.9286,12.2224],[-10.88407421679198,12.186019569757729],[-10.8579,12.1393],[-10.7911,12.11],[-10.790590253521128,12.105058291079812],[-10.780379473476017,12.00607045119806],[-10.7731,11.9355],[-10.689161555227093,11.904629468647443],[-10.668795452650109,11.897139308330162],[-10.6589,11.8935],[-10.642481536058563,11.922176084281276],[-10.576457606559764,11.984995555663376],[-10.5682,11.9882],[-10.569590092457668,11.99152975635209],[-10.5811,12.0191],[-10.577354133426406,12.02050392345876],[-10.5208,12.0417],[-10.514604511956554,12.113676993445909],[-10.498053273397613,12.120461633384119],[-10.4471,12.1197],[-10.429601383212827,12.148521251178876],[-10.335,12.1873],[-10.335302013175701,12.189983000770168],[-10.3315,12.1908],[-10.337440638993101,12.20898195570616],[-10.338564397442333,12.218965112162126],[-10.2981,12.1885],[-10.293623901070164,12.190818148077346],[-10.29220790144435,12.191551486830926],[-10.2506,12.2131],[-10.155752382030421,12.193700707463742],[-10.090688471566287,12.17860233715183],[-10.089282829301649,12.17582634071288],[-10.0678,12.1334],[-9.900258607175157,12.079914169430207],[-9.757254418889751,12.034261583782907],[-9.7154,12.0209],[-9.712589878427943,12.026142974626913],[-9.6898343486909,12.06859902571723],[-9.638480856280287,12.164411626990232],[-9.632941706743532,12.170161568686947],[-9.5355,12.19],[-9.492236706531738,12.234738178472861],[-9.4793,12.2458],[-9.3404,12.2429],[-9.2969,12.3546],[-9.298816298540256,12.356214575808519],[-9.401044632669192,12.447637525355812],[-9.362318814494861,12.49518577213101],[-9.333808040968067,12.494128800748456],[-9.1545,12.4841],[-9.103455848638514,12.458195730174287],[-9.0448,12.4264],[-8.996108879278616,12.379536428045638],[-8.9689,12.3485],[-8.9929,12.2214],[-8.9906064794405,12.21684806378752],[-8.9929,12.2128],[-8.987268288125037,12.210222775921626],[-8.946215192943772,12.191435766262403],[-8.90591631301986,12.172993905958242],[-8.9028,12.1687],[-8.913,12.0411],[-8.908426427637917,12.04098098510582],[-8.9086,12.0396],[-8.8648,12.0184],[-8.83128724182698,12.03772746370825],[-8.827,12.0402],[-8.7733,11.971],[-8.8483,11.6484],[-8.755926883121866,11.608554536731244],[-8.7456,11.6041],[-8.723347230175527,11.622252259429851],[-8.69742412703663,11.633151315932045],[-8.690875885516045,11.620238428447527],[-8.6155,11.4716],[-8.583404585602185,11.460990497111741],[-8.5674,11.4557],[-8.549467248303221,11.470627537813527],[-8.5309,11.4759],[-8.5021,11.3993],[-8.3816,11.3753],[-8.4214,11.331],[-8.382431430428918,11.324009190893998],[-8.3651,11.3209],[-8.368385949895409,11.312276755765808],[-8.37991088969846,11.282032116051441],[-8.3824,11.2755],[-8.386315575409068,11.276037987117155],[-8.452254406130269,11.285097764478643],[-8.473303869946392,11.287989891221974],[-8.4792,11.2888],[-8.486377847531562,11.22311777875228],[-8.4865,11.222],[-8.553463509881423,11.207482848108414],[-8.5663,11.2047],[-8.571,11.1398],[-8.6224,11.1199],[-8.6814,11.0078],[-8.6772,10.9553],[-8.673751487241232,10.955655275527892],[-8.555792947844818,10.967807697538504],[-8.5132,10.991],[-8.4774,11.0639],[-8.474928776453844,11.063955928781011],[-8.4729,11.0686],[-8.44401315639209,11.064655611716189],[-8.336280610074578,11.049945143544319],[-8.3235,11.0482],[-8.311982348385097,11.03139815107826],[-8.2871,10.9951],[-8.27645548491936,10.863663379004253],[-8.2756,10.8531],[-8.32283893291355,10.772270906534414],[-8.2901,10.7521],[-8.293650648278676,10.735144887038137],[-8.273407800677395,10.57049905536125],[-8.231270733415323,10.420760330561235],[-8.229150144255696,10.416873552074136],[-8.2254,10.41],[-8.1204,10.4221],[-8.0916,10.3581],[-8.077441051674208,10.355191834265035],[-7.999809152235896,10.339246693094095],[-7.9952,10.3383],[-7.974978624066472,10.312713769226967],[-7.9609,10.2949],[-7.959096429680224,10.276864296802234],[-7.954047978952404,10.226379789524037],[-7.9524,10.2099],[-7.977772391015548,10.16525092501476],[-7.977429697906471,10.165030042252512],[-7.9583,10.1527],[-7.931345816848142,10.167457639147594],[-7.8641,10.171],[-7.7465,10.2993],[-7.7476,10.34],[-7.7122,10.3451],[-7.7275,10.3796],[-7.667934097508788,10.426226929543024],[-7.6258,10.4578],[-7.5535,10.4139],[-7.5527235516166416,10.414667070987424],[-7.522593016307731,10.444433710942363],[-7.5121,10.4548],[-7.45398190076679,10.441603666426053],[-7.441186562264925,10.389995801135198],[-7.4341,10.3362],[-7.426468307828787,10.335459835883787],[-7.358049653941985,10.327673929324835],[-7.372704926755147,10.261570935635994],[-7.3741728727609805,10.254949726546526],[-7.3768,10.2431],[-7.1429,10.2452],[-7.080093901017792,10.204492343252273],[-7.0781,10.2032],[-7.0798429358672905,10.162938181465591],[-7.0801,10.157],[-7.0235,10.1463],[-6.9785,10.2093],[-7.011333440139819,10.254115758811535],[-7.013258507389621,10.256853137675417],[-6.9399,10.3508],[-6.8526,10.3425],[-6.8034,10.3821],[-6.6999,10.3364],[-6.6628846694176955,10.352573060345833],[-6.6452,10.3603],[-6.6274,10.4344],[-6.630407783770971,10.43719215221386],[-6.679113114075691,10.497013979570724],[-6.6409,10.6693],[-6.59139014084507,10.631215492957747],[-6.544512567463375,10.595155821125674],[-6.5343,10.5873],[-6.4281,10.5576],[-6.3983,10.5972],[-6.4141,10.6963],[-6.3203,10.68],[-6.2494,10.7346],[-6.221169314687026,10.724938161176308],[-6.212,10.7218],[-6.231617842547614,10.66090101010101],[-6.2331,10.6563],[-6.198554888670715,10.638851552729811],[-6.233,10.6209],[-6.2139,10.5865],[-6.2541,10.5289],[-6.248218394167585,10.526657014724927],[-6.2493,10.5253],[-6.178486224167227,10.490918804085826],[-6.1964,10.4743],[-6.186053234589414,10.457816532345893],[-6.1876,10.4561],[-6.1717708429021005,10.435063204899208],[-6.1674,10.4281],[-6.1914,10.4152],[-6.1893,10.3285],[-6.24,10.3069],[-6.217690234409952,10.273357345441536],[-6.199535762634551,10.237640981088152],[-6.1986,10.2358],[-5.9858,10.1923],[-5.959198785723578,10.262975775185394],[-5.9552,10.2736],[-5.885011757213587,10.270644705566887],[-5.8792,10.2704],[-5.8683,10.3591],[-5.802264100555703,10.41203722924936],[-5.79272083097587,10.419687526342114],[-5.772337950968844,10.427105149341612],[-5.7028,10.4252],[-5.651169209486691,10.461514940342383],[-5.6441184538189955,10.461437130644862],[-5.523097913182578,10.426597884098015],[-5.5106,10.423],[-5.508909498127951,10.426980560166726],[-5.4559,10.5518],[-5.455999749818513,10.553562528572888],[-5.4545,10.5569],[-5.466655680151816,10.760507642542915],[-5.4335,10.7671],[-5.4026,10.8462],[-5.403403164578199,10.846977967258098],[-5.4018,10.8512],[-5.4523,10.9005],[-5.4517,10.9724],[-5.4902,10.9749],[-5.4776,11.0211],[-5.488340002602151,11.078316651030931],[-5.432888385130354,11.09859191204485],[-5.345000917235115,11.130726977398615],[-5.3314,11.1357],[-5.322480425795175,11.203984295856941],[-5.322269705542924,11.204669751619125],[-5.2559,11.2402],[-5.255780490608992,11.242654401821287],[-5.253870042553191,11.281889872340425],[-5.2492,11.3778],[-5.1979,11.4305],[-5.198010107629821,11.431389424965332],[-5.198,11.4314],[-5.2153,11.5785],[-5.290928915414433,11.617685966535975],[-5.2651794210560245,11.737551492489201],[-5.2595,11.7623],[-5.39370248713294,11.825198561879338],[-5.248,11.8341],[-5.1486,11.9443],[-5.0734,11.9774],[-4.8326,12.0148],[-4.736,11.9966],[-4.6983,12.0582],[-4.6307,12.0534],[-4.629297862593806,12.05818411690096],[-4.6074,12.1329],[-4.5433,12.1372],[-4.545540355153204,12.140679700557103],[-4.5809,12.1956],[-4.578735709698603,12.197271236060732],[-4.4716,12.28],[-4.471786915969794,12.282696121261276],[-4.471,12.2833],[-4.473802683884246,12.327302136982665],[-4.3968,12.3064],[-4.398400925729268,12.310020275228686],[-4.4408,12.4059],[-4.437741514016214,12.418894432341922],[-4.4223,12.4845],[-4.3674,12.5299],[-4.369005458041782,12.531618751982768],[-4.4836,12.6543],[-4.4808,12.719],[-4.478879476717187,12.719286794338666],[-4.3462,12.7391],[-4.340572136320607,12.733955979804357],[-4.313714375802872,12.709407257521178],[-4.302,12.6987],[-4.2802767426931725,12.7076353487581],[-4.260210585768712,12.715889088417043],[-4.2349,12.7263],[-4.233002131299917,12.755404815394035],[-4.2197,12.9594],[-4.2666,12.9871],[-4.342,13.1358],[-4.338805470496478,13.138647298035748],[-4.2868,13.185],[-4.2314,13.1765],[-4.234200841561364,13.182111831099402],[-4.259,13.2318],[-4.258251162182962,13.232174116225488],[-4.1353,13.2936],[-4.0956,13.3894],[-3.9843,13.4301],[-3.9626,13.4972],[-3.9405,13.4479],[-3.8996798031585986,13.438676644561562],[-3.8958,13.4378],[-3.9402,13.4102],[-3.958805076645581,13.378921900132067],[-3.9609,13.3754],[-3.7964,13.3665],[-3.7381,13.2982],[-3.663496287146602,13.256660204901028],[-3.5623669355731846,13.200350774952057],[-3.5515,13.1943],[-3.5487925561797753,13.171689185393259],[-3.548217396371102,13.16688582374785],[-3.5478,13.1634],[-3.4414,13.1541],[-3.4412659006367816,13.158582750141857],[-3.4379,13.2711],[-3.437100429990343,13.271149997538465],[-3.2332,13.2839],[-3.2337534930789915,13.287154199440296],[-3.2788,13.552],[-3.2774395058567496,13.553341058512633],[-3.2508,13.5796],[-3.251126023594726,13.582173976405274],[-3.2504,13.5829],[-3.2635561544287572,13.70613246810246],[-3.1844,13.6747],[-3.1340855837232073,13.68176843651398],[-3.1050990910361134,13.684585082174843],[-3.0385,13.6104],[-3.0009,13.6558],[-2.9516,13.6206],[-2.948134173169965,13.621912258971266],[-2.8758,13.6493],[-2.8763195354653552,13.652135658088326],[-2.9068,13.8185],[-2.838179716432805,14.033813181153226],[-2.8313,14.0554],[-2.677,14.1308],[-2.4737,14.2945],[-2.443878458003915,14.285996266175905],[-2.169099668485097,14.176856519093576],[-2.104,14.1424],[-2.094689897563732,14.146424012840823],[-2.0531,14.1644],[-2.0503965104291466,14.168197486409907],[-2.0059,14.2307],[-1.9792,14.5],[-1.7097,14.5601],[-1.3396,14.7394],[-1.112,14.7752],[-0.7955136842726004,15.02233468047884],[-0.7419,15.0642],[-0.7014,15.0798],[-0.445,15.0785],[-0.4392147478089164,15.070818417223819],[-0.39659171433298657,15.014224106551952],[-0.3849,14.9987],[-0.2423,15.0737],[0.0505,14.9726],[0.06199650829826173,14.973955965143531],[0.2277,14.9935],[0.27082028673275144,14.984870836639628],[0.3966,14.9597],[0.5199,14.9944],[0.7022,14.9407],[0.9668,14.976],[1.0519338392850655,15.049903841766035],[1.3087,15.2728],[1.3115,15.2738],[1.6812473723086117,15.293099683658989],[2.6288,15.3671],[3.0066,15.346],[3.025,15.4322],[3.4932,15.3597],[3.506748333154965,15.365828015303938],[3.526511818230192,15.385881429255575],[3.5334,15.4833],[3.5475335825525343,15.491441552264448],[3.6470202437529644,15.589024162532812],[3.6745,15.633],[3.697563432318045,15.638600017345452],[3.824,15.6693],[3.826085068034358,15.6715501129975],[3.8619,15.7102],[3.9089861258999927,15.809112465816764],[3.929,15.9037],[3.9907,15.9709],[3.99,16.0505],[3.9967246968616554,16.06741325862094],[3.9947,16.087],[4.0705,16.2822],[4.0707,16.6014],[4.0707,16.9104],[4.213004953378906,16.984060929980686],[4.239547351351353,16.9978],[4.244695240212227,17.000464687854677],[4.2429,18.0055],[4.2425,19.1404],[3.3567,18.965],[3.295,18.9993],[3.114,19.154],[3.298,19.3765],[3.2301,19.5822],[3.2528,19.8329],[3.1465,19.8546],[2.9718,19.9663],[2.7311,20.0107],[2.6833,20.115],[2.6629,20.0701],[2.5869,20.0458],[2.5147,20.1089],[2.4644,20.1133],[2.3688,20.0429],[2.3848,20.1619],[2.3101,20.2322],[2.3024,20.2879],[2.2059,20.3347],[2.1103,20.2522],[2.031,20.2845],[1.926,20.2212],[1.8865,20.2938],[1.8001,20.2951],[1.673,20.4018],[1.6689,20.5283],[1.5937,20.5974],[1.3844,20.655],[1.3151,20.7396],[1.1704,20.7304],[1.1795,21.114],[-0.0143,21.9067],[-1.668,22.9949],[-4.8334,24.9995],[-4.864609899802271,24.999435375797027],[-6.572,24.9959],[-6.4963842268389875,24.32876247751964],[-6.360883296115325,23.133274400921174],[-5.6085,16.4952],[-5.336765429791571,16.330835650735434],[-5.366670621260097,16.178919467595144],[-5.517245839250593,15.500594477419478],[-5.5174,15.4999],[-6.3086,15.4962],[-9.1361,15.4972],[-9.3293,15.4968],[-9.328946768169322,15.500100831427458],[-9.3087,15.6893],[-9.3308,15.6988],[-9.331104827382914,15.698537885592412],[-9.441681956802963,15.603455027570647],[-9.4457,15.6],[-9.402969094985346,15.439420739300136],[-9.427203321605202,15.433253346298077],[-9.944283922751696,15.420244440676473],[-9.956245029989292,15.420396572731661],[-10.258,15.4737],[-10.3482,15.4286],[-10.406126547101824,15.42611856806452],[-10.5855,15.4284],[-10.6084,15.4179],[-10.664459536486058,15.422916097713747],[-10.7211,15.4387],[-10.72038843227501,15.427920505953356],[-10.7164,15.3675],[-10.723036490360073,15.362294789588551],[-10.8249,15.2824],[-10.827246514518134,15.27672366964185],[-10.8274,15.2766],[-10.8984,15.1086],[-10.903870944362875,15.111640129955326],[-11.0016,15.2374],[-11.073489307806636,15.288541000418176],[-11.0736,15.2903],[-11.309755091400875,15.494581999745858],[-11.4089,15.6312],[-11.5149,15.6364],[-11.4935,15.6074],[-11.538174811076521,15.575847162580484],[-11.621034150281904,15.542611470437858],[-11.66691402047176,15.540470885514535],[-11.7113,15.5384],[-11.710007568563531,15.512861554815391],[-11.7373,15.4629],[-11.738186317180856,15.459462983756678],[-11.7478,15.4498],[-11.8387,15.1776],[-11.8128,15.1305],[-11.81997576457011,15.122781881130987],[-11.84057857957491,15.10062187662001],[-11.8472,15.0935],[-11.842,15.0333],[-11.815563446429612,15.028937705872083],[-11.792248858222267,15.01689663253866],[-11.800558505083336,14.894212632814567],[-11.9309,14.82],[-11.950205335276657,14.772913816398397],[-12.0419,14.7651],[-12.051907454049536,14.722958519185902],[-12.111887870619945,14.762327353843293],[-12.1224,14.77],[-12.123458764793003,14.769922043003255],[-12.2392,14.7614],[-12.20669136233035,14.721208123385317],[-12.170115113239433,14.675987277607998],[-12.1771,14.6683],[-12.153185445428944,14.630969963596401],[-12.201366210865558,14.564196620626156],[-12.215719528455903,14.544304470936634],[-12.2163,14.5435],[-12.201234369602764,14.415031260794473],[-12.200150874164745,14.405791999695738],[-12.1998,14.4028],[-12.094832304691643,14.365078777415059],[-12.0935,14.3646],[-12.1008,14.3075],[-12.060479160935351,14.294422971114168],[-12.0268,14.2835],[-11.97511180077634,14.18258026501388],[-11.9742,14.1808],[-12.009552752320305,13.987877778196674],[-12.0103,13.9838],[-11.9346,13.9143],[-11.94984387890424,13.80913653160999],[-11.9504,13.8053],[-12.07157741042292,13.716587872988432],[-12.0732,13.7154],[-12.0381,13.6191],[-12.00745704110913,13.589509938985712],[-11.915159073022274,13.500383346579564],[-11.8693,13.4561],[-11.881696822121338,13.405607325629385],[-11.8867,13.3879],[-11.886203898746526,13.387249850611058],[-11.8871,13.3836],[-11.8296,13.3054],[-11.7713,13.3335],[-11.76698541788428,13.341170368205727],[-11.763628126706717,13.347138885854726],[-11.7272,13.4119],[-11.632614334949107,13.375649426374505],[-11.60580640758194,13.365375113197686],[-11.597,13.362],[-11.5881,13.3046],[-11.5258,13.2536],[-11.528289868969821,13.242424997537025],[-11.535604212203422,13.209596842866532],[-11.5385,13.1966],[-11.501445889697136,13.185301847504553],[-11.508763867369073,13.166020948249148],[-11.5177,13.1473],[-11.4249,13.0764],[-11.397671658475474,13.00369135175319],[-11.398577343209876,13.001415377777779],[-11.4149,12.9666],[-11.3572,12.9781],[-11.349960701754386,12.940093684210527],[-11.3976,12.9291],[-11.3982573713256,12.924635353080301],[-11.3985,12.9246],[-11.4101,12.8447],[-11.391313540801983,12.795507968213723],[-11.370198141872153,12.740217646371393],[-11.3679,12.7342],[-11.37449085316534,12.730658781931881],[-11.43721086035466,12.69695977254425],[-11.4403,12.6953],[-11.439277975964366,12.692360647854386],[-11.406472146658782,12.598010729069866],[-11.403454081105872,12.589330739999905],[-11.4032,12.5886],[-11.445258035539933,12.54740617066979],[-11.447,12.5457],[-11.4173,12.5197],[-11.41116545933634,12.522936499039792],[-11.400589634146344,12.528516158536583],[-11.3883,12.535],[-11.382974712283232,12.524725819248017],[-11.367235575415998,12.494359997595787],[-11.36071297459567,12.481775817479082],[-11.3501,12.4613],[-11.3669,12.3915],[-11.374933232429415,12.390086528018285],[-11.376596492829206,12.389793872229466],[-11.428098190777005,12.38073198989261],[-11.4351,12.3795],[-11.434840029622608,12.372278600628],[-11.4315,12.2795],[-11.490387790742053,12.191214828729526],[-11.4948,12.1846],[-11.47905558918667,12.163259432558059],[-11.457827859640977,12.134486568372783],[-11.4571,12.1335],[-11.444035563597847,12.129331123664931],[-11.3681,12.1051],[-11.31738942116939,12.031323450900612],[-11.3094,12.0197],[-11.290510594839013,12.013928237311921],[-11.242283990188064,11.99919233033524],[-11.223,11.9933],[-11.166519544929892,12.031606051210915]],[[-5.515190147147397,15.50059514343099],[-5.499211506994307,15.505621472096038],[-5.5002,15.5006],[-5.515190147147397,15.50059514343099]]]},"properties":{"iso3":"MLI"}},
{"type":"Feature","geometry":{"type":"MultiPolygon","coordinates":[[[[97.0666,27.0926],[96.9845,27.1534],[96.8591,27.1901],[96.8841,27.2585],[96.7992,27.3443],[96.7026,27.3721],[96.6044,27.3638],[96.5196,27.2854],[96.4564,27.3058],[96.2283,27.2772],[96.0268,27.1822],[95.9461,27.0507],[95.8002,27.0134],[95.7208,26.8805],[95.6684,26.9024],[95.607,26.8123],[95.5257,26.8235],[95.4327,26.7013],[95.3025,26.6525],[95.2342,26.6812],[95.1676,26.6352],[95.0634,26.4494],[95.13,26.3816],[95.1193,26.1004],[95.1844,26.0686],[95.0117,25.897],[95.0466,25.7574],[94.9361,25.6692],[94.882,25.5934],[94.8973,25.5679],[94.8471,25.562],[94.7841,25.4809],[94.6843,25.4652],[94.6353,25.3933],[94.5777,25.2137],[94.74,25.1296],[94.7427,25.0338],[94.6973,24.9616],[94.7151,24.9349],[94.6343,24.8359],[94.6086,24.7151],[94.5439,24.7048],[94.5105,24.5933],[94.4562,24.5704],[94.4263,24.488],[94.3942,24.4833],[94.4099,24.4372],[94.3235,24.327],[94.2368,24.0303],[94.1422,23.8348],[94.0976,23.8858],[93.9316,23.9513],[93.8105,23.9267],[93.7544,24.0047],[93.6203,24.0096],[93.595,23.9653],[93.506,23.9471],[93.4093,24.0776],[93.3409,24.1051],[93.3331,23.9858],[93.3933,23.9204],[93.3923,23.7555],[93.4371,23.6824],[93.4005,23.3886],[93.3571,23.3521],[93.3855,23.1369],[93.292,23.0074],[93.1358,23.0614],[93.1216,23.0034],[93.1636,22.9114],[93.1307,22.9078],[93.0961,22.8025],[93.0959,22.6764],[93.1395,22.5913],[93.1076,22.5271],[93.1854,22.4254],[93.2008,22.266],[93.1425,22.2463],[93.1486,22.1766],[93.0431,22.1999],[93.0577,22.0978],[93.0048,22.1067],[93.0049,21.9881],[92.9786,21.9813],[92.952,22.0315],[92.9058,21.941],[92.8636,22.0605],[92.6952,22.1539],[92.6807,22.0122],[92.61688649701274,21.977708505025483],[92.6054,21.9715],[92.6338,21.8732],[92.63319390738093,21.866368123997745],[92.61070226579646,21.61284234005766],[92.6088,21.5914],[92.6791,21.2861],[92.5985,21.2469],[92.56249383791858,21.36745396489481],[92.558,21.3825],[92.4393,21.3645],[92.43893241217714,21.36522077271571],[92.42598496767242,21.390608351293103],[92.38068440059052,21.47943450582675],[92.3806,21.4796],[92.3291,21.42],[92.28478928896992,21.42577000911577],[92.2692,21.4278],[92.26380216470588,21.39425270588235],[92.25862516635746,21.362077903062758],[92.25245289795524,21.357767433653986],[92.1991,21.3266],[92.20026658993064,21.3213225693614],[92.2201,21.2316],[92.17712659839118,21.165479777215563],[92.1748,21.1619],[92.21859361072153,21.11674257441172],[92.26223884121782,21.065445258049188],[92.26452243055077,21.043640663128123],[92.2739,20.9541],[92.3828,20.7039],[92.4969,20.6193],[92.6638,20.3879],[92.7518,20.239],[92.746,20.3361],[92.7465,20.3339],[92.7543,20.4091],[92.7503,20.403],[92.7433,20.3805],[92.7327,20.5583],[92.723,20.5728],[92.7244,20.5721],[92.6981,20.6117],[92.698,20.6102],[92.6381,20.7],[92.6093,20.6823],[92.5912,20.6958],[92.5679,20.7846],[92.5919,20.7515],[92.5814,20.7354],[92.5987,20.734],[92.6016,20.6894],[92.6389,20.7032],[92.7167,20.6036],[92.7431,20.5488],[92.7501,20.4829],[92.7677,20.4883],[92.7531,20.4772],[92.76,20.4479],[92.7909,20.4468],[92.798,20.4801],[92.7961,20.4969],[92.8069,20.5002],[92.7923,20.4456],[92.7592,20.4449],[92.7753,20.2858],[92.8656,20.3185],[92.8316,20.3814],[92.8387,20.4053],[92.917,20.3829],[92.9031,20.4259],[92.9315,20.4339],[92.908,20.4562],[92.8889,20.4947],[92.9026,20.4822],[92.9117,20.4553],[92.9333,20.4341],[92.9288,20.4289],[92.9059,20.4244],[92.9223,20.3935],[92.9169,20.3797],[92.8357,20.3937],[92.8662,20.3492],[92.8731,20.3106],[92.9268,20.3157],[92.9282,20.3998],[92.9506,20.4111],[92.9306,20.399],[92.9456,20.3844],[92.9488,20.3485],[92.9294,20.3127],[92.786,20.2591],[92.7618,20.2007],[92.8492,20.1309],[92.8981,20.1127],[92.9219,20.1896],[92.8855,20.2142],[92.8903,20.2225],[92.8791,20.2399],[92.8814,20.2566],[92.8998,20.2557],[92.8815,20.2517],[92.893,20.2225],[92.8871,20.2151],[92.9091,20.2123],[92.9198,20.247],[92.9245,20.232],[92.9128,20.2108],[92.9209,20.1966],[92.9515,20.2261],[92.9373,20.2822],[92.9454,20.2731],[92.9442,20.2629],[92.95,20.2541],[92.9504,20.2367],[92.9579,20.2346],[93.013,20.3053],[93.0201,20.4271],[93.0808,20.5788],[93.0369,20.5975],[93.0022,20.6467],[93.0148,20.6401],[93.04,20.6019],[93.0779,20.5892],[93.0868,20.5708],[93.0349,20.3496],[93.0802,20.371],[93.073,20.4058],[93.0788,20.4168],[93.1103,20.42],[93.1015,20.492],[93.1148,20.4208],[93.077,20.4058],[93.122,20.3827],[93.0342,20.3322],[92.9925,20.1409],[93.1292,20.2248],[93.104,20.192],[93.1647,20.1935],[93.2507,20.2506],[93.2502,20.2538],[93.2528,20.2509],[93.1767,20.1949],[93.183,20.1869],[93.1743,20.1941],[93.083,20.1816],[93.1006,20.1504],[93.0817,20.1098],[93.0866,20.0944],[93.0681,20.1223],[93.0031,20.1233],[92.97,20.1324],[92.9788,20.0706],[93.1729,19.7886],[93.1017,19.9453],[93.1387,19.9951],[93.1252,20.0362],[93.1037,20.0687],[93.1098,20.0615],[93.1008,20.1501],[93.1664,20.0337],[93.1992,20.0733],[93.2026,20.0303],[93.3536,20.0526],[93.3026,20.1481],[93.2915,20.199],[93.3758,20.007],[93.3728,20.0757],[93.4128,20.1248],[93.4012,20.1886],[93.3236,20.331],[93.2861,20.3303],[93.2729,20.285],[93.2646,20.3233],[93.2826,20.3291],[93.275,20.3428],[93.2761,20.3589],[93.3331,20.4346],[93.3247,20.3915],[93.2772,20.3473],[93.3257,20.3335],[93.4095,20.1771],[93.4207,20.1163],[93.4106,20.1059],[93.4099,20.1091],[93.4062,20.1066],[93.4078,20.1038],[93.4054,20.1055],[93.4056,20.1007],[93.4009,20.0957],[93.3994,20.1072],[93.3947,20.099],[93.3986,20.0939],[93.3986,20.0934],[93.3974,20.0922],[93.3932,20.0973],[93.3887,20.0909],[93.3923,20.0869],[93.3778,20.0718],[93.4186,19.9742],[93.4562,19.9492],[93.4602,19.9527],[93.4548,19.9411],[93.46,19.9417],[93.4573,19.9396],[93.4979,19.9352],[93.5051,19.9614],[93.4963,19.9705],[93.4801,19.9576],[93.4728,19.9637],[93.5246,20.0087],[93.5415,19.9909],[93.5021,19.9786],[93.5347,19.9574],[93.5099,19.9468],[93.5749,19.9239],[93.5741,19.9205],[93.5391,19.9074],[93.5623,19.8884],[93.5726,19.8902],[93.5698,19.8881],[93.5781,19.8797],[93.5928,19.8937],[93.6608,19.9053],[93.5482,19.8686],[93.5449,19.8273],[93.5535,19.829],[93.5431,19.8152],[93.5464,19.8017],[93.5588,19.8054],[93.5424,19.7868],[93.5542,19.7623],[93.5723,19.7953],[93.5612,19.8061],[93.5892,19.8144],[93.5714,19.8325],[93.5937,19.8369],[93.6617,19.9055],[93.7028,19.9125],[93.7041,19.9722],[93.7127,19.96],[93.7101,19.9197],[93.7533,19.9159],[93.7168,19.9011],[93.7928,19.8712],[93.7403,19.8502],[93.7411,19.8407],[93.721,19.8517],[93.7624,19.8703],[93.7422,19.875],[93.6861,19.8972],[93.6411,19.8638],[93.5889,19.7801],[93.5968,19.7125],[93.6552,19.7734],[93.6339,19.7208],[93.6971,19.7144],[93.6959,19.8076],[93.7412,19.8395],[93.7458,19.7902],[93.7002,19.7845],[93.715,19.7576],[93.7723,19.7618],[93.7849,19.8142],[93.7881,19.7644],[93.7156,19.7417],[93.7073,19.6979],[93.7635,19.6786],[93.8075,19.7338],[93.8058,19.7218],[93.8082,19.7097],[93.8123,19.7097],[93.8077,19.734],[93.8087,19.7352],[93.8171,19.7114],[93.8011,19.6905],[93.8336,19.6655],[93.7891,19.686],[93.818,19.6394],[93.7704,19.6644],[93.7199,19.6235],[93.7635,19.5938],[93.7874,19.608],[93.8171,19.6051],[93.8164,19.5981],[93.7848,19.6036],[93.7724,19.5887],[93.9001,19.4902],[93.9455,19.5409],[93.937,19.4949],[93.9023,19.4697],[93.9912,19.4591],[93.9761,19.4175],[94.0134,19.3747],[93.9789,19.3942],[93.9679,19.3753],[93.9689,19.4294],[93.8088,19.4853],[93.7456,19.5443],[93.6731,19.5638],[93.6339,19.4907],[93.6398,19.4718],[93.6223,19.4928],[93.5942,19.475],[93.6457,19.4451],[93.6429,19.4618],[93.6481,19.4449],[93.7303,19.3858],[93.7666,19.3025],[93.7908,19.3005],[93.7712,19.2964],[93.7945,19.2682],[93.8424,19.2818],[93.841,19.2714],[93.8587,19.2781],[93.8621,19.2987],[93.8442,19.2953],[93.8426,19.2831],[93.8164,19.2983],[93.8414,19.2962],[93.8734,19.3233],[93.9007,19.2953],[93.945,19.3361],[93.9111,19.2779],[93.8141,19.2252],[93.7161,19.2978],[93.6733,19.2997],[93.6508,19.2523],[93.6617,19.318],[93.6016,19.4148],[93.5143,19.4336],[93.4689,19.3669],[93.597,19.1597],[93.6364,19.1447],[93.6673,19.0156],[93.7759,18.9711],[93.9343,18.8465],[93.9867,18.9663],[93.9538,19.0529],[93.9692,19.1249],[93.8971,19.2019],[93.9375,19.208],[93.9534,19.1438],[94.006,19.154],[94.0319,19.3347],[94.0787,19.3724],[94.0378,19.3108],[94.0748,19.2332],[94.0501,19.2313],[94.0357,19.1216],[94.0761,19.1319],[94.0913,19.1826],[94.0966,19.1588],[94.0761,19.1266],[94.0334,19.1067],[94.027,19.086],[94.0892,19.0824],[94.059,19.0407],[94.0481,19.0442],[94.0308,19.0345],[94.0287,19.023],[94.0562,19.0369],[94.0299,19.0006],[94.0301,18.8985],[94.0579,18.8944],[94.0709,18.8745],[94.1053,18.9054],[94.0798,18.8758],[94.0671,18.873],[94.0527,18.8932],[94.0203,18.8616],[94.0799,18.8525],[94.0607,18.8404],[94.127,18.8148],[94.1404,18.8646],[94.1219,18.8586],[94.1525,18.89],[94.1447,18.8315],[94.1749,18.8421],[94.1638,18.8323],[94.14,18.8239],[94.1766,18.7809],[94.1972,18.7961],[94.1814,18.7531],[94.2165,18.7847],[94.2085,18.7343],[94.272,18.7376],[94.2169,18.7237],[94.1389,18.7419],[94.1923,18.6889],[94.2501,18.5787],[94.2434,18.5249],[94.3188,18.4402],[94.333,18.3692],[94.3864,18.3671],[94.4045,18.3171],[94.3811,18.2804],[94.3242,18.3101],[94.3186,18.2495],[94.4131,18.2442],[94.4767,18.0749],[94.4769,18.0208],[94.4294,18.0003],[94.4807,17.9011],[94.4806,17.788],[94.5329,17.7471],[94.5521,17.6327],[94.5655,17.6518],[94.6068,17.5426],[94.6065,17.5153],[94.5564,17.5973],[94.5369,17.5562],[94.5596,17.4753],[94.5669,17.3176],[94.5322,17.3227],[94.5191,17.275],[94.5005,17.3073],[94.485,17.2636],[94.5334,17.1833],[94.4955,17.1611],[94.4423,17.1852],[94.4869,17.1174],[94.4516,17.0687],[94.4444,16.9449],[94.3743,16.8881],[94.4015,16.7941],[94.3569,16.7316],[94.3524,16.6354],[94.3181,16.61],[94.3431,16.5642],[94.3017,16.5259],[94.2431,16.5434],[94.2704,16.4975],[94.1912,16.0428],[94.2513,15.9576],[94.2936,15.9859],[94.3238,15.9783],[94.3391,16.004],[94.3336,16.0127],[94.4209,16.0711],[94.5067,16.1794],[94.5111,16.2327],[94.5252,16.2142],[94.548,16.2068],[94.559,16.2508],[94.5382,16.2714],[94.5628,16.2631],[94.5897,16.2778],[94.5744,16.2318],[94.6079,16.2466],[94.6449,16.3046],[94.6795,16.3845],[94.6624,16.3715],[94.67,16.3852],[94.6469,16.3951],[94.6769,16.3924],[94.6575,16.5305],[94.6995,16.6337],[94.6408,16.6288],[94.6802,16.6733],[94.6712,16.6458],[94.6898,16.6515],[94.7315,16.6331],[94.7098,16.6583],[94.7162,16.6765],[94.7117,16.6985],[94.7156,16.7028],[94.7395,16.7045],[94.7347,16.6956],[94.7147,16.6964],[94.7193,16.6525],[94.7558,16.629],[94.7847,16.583],[94.7482,16.5756],[94.7622,16.6123],[94.7016,16.6206],[94.6869,16.4951],[94.7248,16.5144],[94.7355,16.5423],[94.7297,16.5106],[94.6913,16.4869],[94.7052,16.4006],[94.7412,16.4296],[94.7633,16.4127],[94.7527,16.4155],[94.7409,16.4284],[94.7419,16.4034],[94.7096,16.389],[94.7283,16.3606],[94.6889,16.351],[94.6556,16.25],[94.7186,16.2137],[94.7522,16.2349],[94.7481,16.2796],[94.7564,16.236],[94.7173,16.2097],[94.6768,16.2085],[94.6637,16.1358],[94.6637,16.1362],[94.6604,16.1288],[94.6618,16.125],[94.6554,16.0896],[94.5546,15.9466],[94.6868,15.997],[94.6987,16.02],[94.7145,16.026],[94.7115,16.0446],[94.7996,16.2146],[94.9451,16.3326],[94.8037,16.2108],[94.7562,16.129],[94.7874,16.096],[94.7326,16.0728],[94.7182,16.0097],[94.6043,15.9281],[94.6333,15.8754],[94.7177,15.8557],[94.8064,15.9714],[94.8091,15.9815],[94.8109,15.9801],[94.8544,16.0275],[94.8369,16.0731],[94.8285,16.0542],[94.8638,16.187],[94.9132,16.2062],[94.9133,16.2061],[94.9147,16.2057],[94.9186,16.2063],[94.9156,16.2071],[94.918,16.2081],[94.9214,16.2061],[94.9325,16.2101],[94.9285,16.2121],[94.9572,16.2233],[95.048,16.3332],[95.0275,16.2793],[95.0277,16.282],[95.0244,16.282],[95.0224,16.2716],[95.0264,16.2762],[95.0234,16.2684],[94.9684,16.2133],[94.8804,16.1862],[94.8772,16.1778],[94.8765,16.1841],[94.8653,16.1729],[94.8673,16.1595],[94.8734,16.1676],[94.855,16.1182],[94.8786,16.0158],[94.9047,16.0254],[94.8962,16.0862],[94.9513,16.1493],[95.0134,16.1428],[95.0526,16.2096],[95.0153,16.1373],[94.9551,16.146],[94.8993,16.083],[94.918,16.0307],[94.8231,15.9498],[94.8292,15.9034],[94.8127,15.9394],[94.7305,15.8222],[94.783,15.7898],[94.8157,15.8245],[94.8355,15.8548],[94.8365,15.8476],[94.8739,15.8266],[94.8637,15.9002],[94.9438,15.9542],[94.9506,15.9462],[94.9404,15.9332],[94.9073,15.9245],[94.869,15.8927],[94.8886,15.826],[94.8337,15.7913],[94.8644,15.7569],[94.9666,15.7472],[94.9825,15.8523],[94.997,15.8505],[94.9848,15.8516],[94.9829,15.7803],[95.0299,15.8019],[95.0272,15.8468],[95.047,15.8444],[95.0763,16.0854],[95.1282,16.1553],[95.1307,16.1228],[95.1717,16.1262],[95.1836,16.1656],[95.2023,16.1767],[95.2041,16.1762],[95.1996,16.1705],[95.1851,16.1627],[95.1751,16.1231],[95.1955,16.1169],[95.2777,16.1843],[95.2673,16.1568],[95.1826,16.0871],[95.1842,16.0286],[95.1804,16.0286],[95.1766,16.086],[95.2077,16.1097],[95.1674,16.1169],[95.0938,16.0675],[95.1008,15.9801],[95.1144,16.023],[95.1139,15.9881],[95.1031,15.9699],[95.0999,15.9514],[95.1073,15.9398],[95.1137,15.9758],[95.1112,15.8103],[95.1952,15.7779],[95.2244,15.7999],[95.2131,15.8608],[95.2633,16.0273],[95.3224,16.0923],[95.3075,16.1423],[95.3238,16.1192],[95.3507,16.1476],[95.3642,16.2106],[95.3242,16.1832],[95.3846,16.2398],[95.3922,16.2976],[95.391,16.2405],[95.3662,16.1646],[95.3288,16.1053],[95.33087469987836,16.092918726532336],[95.3308,16.093],[95.3309515507125,16.09246010058673],[95.3474,15.9943],[95.338,15.9656],[95.3417,15.9576],[95.3494,15.9819],[95.3534,15.9582],[95.2683,15.8044],[95.2839,15.7214],[95.396,15.7143],[95.5267,15.7957],[95.689,15.9828],[95.7409,16.1118],[95.7115,16.2771],[95.7236,16.2703],[95.7505,16.1239],[95.8711,16.2285],[95.8618,16.2148],[95.8913,16.2455],[95.8878,16.2433],[95.9293,16.3881],[95.89891886890467,16.419611187473695],[95.9837,16.415],[96.04654542913515,16.368289904636633],[96.0429,16.3691],[96.0537,16.3621],[96.05533060476849,16.361760290673235],[96.1134,16.3186],[96.3,16.3871],[96.329,16.4491],[96.2839,16.4852],[96.2356,16.5847],[96.242,16.6532],[96.1898,16.7485],[96.1195,16.757],[96.1077,16.8248],[96.1141,16.8322],[96.1233,16.7765],[96.1963,16.7657],[96.1769,16.7803],[96.187,16.8059],[96.192,16.8015],[96.19,16.792],[96.1781,16.7812],[96.1996,16.7706],[96.2563,16.805],[96.2603,16.8059],[96.2591,16.8067],[96.3011,16.8322],[96.3034,16.8782],[96.3425,16.9074],[96.3077,16.8276],[96.2164,16.7727],[96.2612,16.6053],[96.277,16.5814],[96.2822,16.6013],[96.3311,16.6335],[96.4561,16.6184],[96.468,16.6125],[96.4081,16.6114],[96.3307,16.6297],[96.3161,16.6142],[96.2825,16.596],[96.2863,16.5646],[96.3989,16.4773],[96.5477,16.497],[96.706,16.5987],[96.7565,16.6767],[96.7596,16.7487],[96.8266,16.8292],[96.8501,16.9166],[96.8103,16.9884],[96.819,17.1233],[96.8074,17.1543],[96.8474,17.1464],[96.8512,17.1144],[96.8859,17.1721],[96.8557,17.3323],[96.8955,17.3837],[96.8877,17.3174],[96.9676,17.1729],[96.9511,17.0996],[96.9736,17.05],[96.9987,17.0449],[96.9907,17.1293],[97.0069,17.0922],[97.0645,17.0869],[97.0546,17.0138],[97.092,16.9875],[97.1342,17.1195],[97.166,17.1276],[97.1386,17.0714],[97.1724,16.8498],[97.2124,16.8574],[97.198,16.8055],[97.2498,16.7843],[97.231,16.7591],[97.2558,16.6784],[97.3252,16.6629],[97.3598,16.5076],[97.438,16.5443],[97.5609,16.5272],[97.5845,16.5125],[97.5904,16.5146],[97.5817,16.5243],[97.5949,16.5225],[97.5959,16.5214],[97.5962,16.5223],[97.6008,16.5217],[97.5988,16.5195],[97.6102,16.5131],[97.6126,16.5169],[97.6083,16.5195],[97.6061,16.5209],[97.6148,16.5197],[97.6141,16.5536],[97.6218,16.5405],[97.6288,16.5705],[97.6139,16.5676],[97.6135,16.5846],[97.6368,16.59],[97.6238,16.6199],[97.6133,16.599],[97.6122,16.6534],[97.6316,16.6227],[97.6463,16.6095],[97.6509,16.6017],[97.6535,16.593],[97.6624,16.5576],[97.67888612693247,16.564964361269325],[97.6817,16.5638],[97.684,16.565],[97.6844,16.5655],[97.67900735480599,16.565018513821965],[97.6821,16.5664],[97.686,16.567],[97.6845,16.5675],[97.6978,16.5735],[97.701068187636,16.57148272750544],[97.699,16.5714],[97.6935,16.567],[97.70790630641473,16.567261932843905],[97.71973409970236,16.559961286513897],[97.6788,16.5583],[97.6217,16.4678],[97.618,16.4464],[97.618,16.4462],[97.6181,16.4462],[97.6309,16.3177],[97.6287,16.3212],[97.6273,16.3218],[97.6311,16.3158],[97.6402,16.2245],[97.5929,16.0925],[97.5585,16.0794],[97.6081,15.9527],[97.7156,15.8576],[97.6975,15.7576],[97.7604,15.534],[97.7325,15.4955],[97.7799,15.3987],[97.7441,15.394],[97.7198,15.3275],[97.7581,15.2065],[97.8014,15.2044],[97.796,15.0308],[97.7701,15.0185],[97.8089,14.9671],[97.798,14.8876],[97.8354,14.713],[97.8997,14.7374],[97.8855,14.7734],[97.9027,14.8412],[97.9138,14.8194],[97.8971,14.7687],[97.9296,14.7395],[97.9383,14.8105],[98.0009,14.6539],[97.9852,14.6594],[97.935,14.7251],[97.8719,14.6719],[97.9642,14.4353],[97.9822,14.46],[97.9687,14.3641],[97.9971,14.2948],[98.0758,14.1814],[98.0802,14.2191],[98.0955,14.1998],[98.1002,14.107],[98.0555,14.032],[98.0985,13.8],[98.0663,13.7615],[98.1059,13.6784],[98.1509,13.6545],[98.1223,13.5532],[98.1754,13.5477],[98.1513,13.6034],[98.1848,13.6517],[98.1732,13.7967],[98.216,13.9024],[98.2056,13.9577],[98.2096,13.9509],[98.2161,13.9291],[98.213,13.9693],[98.2054,13.9588],[98.1898,14.0414],[98.2428,13.9079],[98.2349,13.7147],[98.3017,13.6996],[98.3108,13.6693],[98.2943,13.6943],[98.2829,13.6714],[98.3678,13.5983],[98.4141,13.443],[98.4502,13.3767],[98.4673,13.389],[98.4902,13.2504],[98.5122,13.2336],[98.499,13.2426],[98.4926,13.1739],[98.523,13.179],[98.529,13.2209],[98.558,13.1989],[98.577,13.2464],[98.5907,12.9691],[98.635,12.978],[98.6133,12.9536],[98.597,12.9557],[98.5901,12.9299],[98.6377,12.8665],[98.6458,12.7697],[98.6589,12.7753],[98.6616,12.7587],[98.6871,12.7794],[98.6999,12.7862],[98.6699,12.78],[98.7133,12.7985],[98.7105,12.7885],[98.6843,12.7693],[98.6741,12.7464],[98.6768,12.7394],[98.6719,12.7498],[98.6379,12.7432],[98.6171,12.7589],[98.6269,12.7262],[98.6849,12.7185],[98.7036,12.6699],[98.6923,12.6659],[98.6698,12.6947],[98.647,12.6612],[98.6973,12.65],[98.6794,12.6379],[98.6602,12.6379],[98.6774,12.6167],[98.667,12.619],[98.6522,12.637],[98.616,12.5551],[98.718,12.4925],[98.6791,12.5103],[98.6018,12.4822],[98.6224,12.394],[98.7074,12.351],[98.6956,12.3449],[98.5627,12.4279],[98.5813,12.3964],[98.5511,12.3991],[98.5377,12.3453],[98.6778,12.3207],[98.5664,12.3027],[98.5255,12.2591],[98.5545,12.2008],[98.6863,12.2421],[98.737,12.1847],[98.7042,12.2042],[98.6411,12.1673],[98.6964,12.1573],[98.7303,12.1073],[98.7037,12.1059],[98.6909,12.1544],[98.6461,12.1556],[98.6165,12.1298],[98.6655,12.1162],[98.6344,12.1023],[98.6183,12.1056],[98.6385,12.0682],[98.6696,12.045],[98.7369,12.0745],[98.7777,12.0182],[98.7661,12.0213],[98.7469,12.0425],[98.7367,12.0701],[98.7112,12.0599],[98.6838,12.0285],[98.7375,11.9987],[98.7007,11.9965],[98.739,11.958],[98.7336,11.9531],[98.6915,11.9616],[98.7115,11.9256],[98.6727,11.9427],[98.667,11.9407],[98.6687,11.9499],[98.5105,11.9953],[98.4546,12.0881],[98.437,12.1126],[98.4211,12.0953],[98.4737,11.8764],[98.5545,11.9183],[98.6172,11.9229],[98.5421,11.8961],[98.548,11.8709],[98.6779,11.8897],[98.7272,11.8711],[98.7081,11.8645],[98.6777,11.883],[98.6552,11.8544],[98.5969,11.8467],[98.639,11.8455],[98.654,11.8245],[98.632,11.8376],[98.6032,11.7895],[98.6281,11.7959],[98.6678,11.7709],[98.6461,11.7745],[98.627,11.7904],[98.6169,11.7895],[98.5903,11.7601],[98.6042,11.7196],[98.69,11.6717],[98.6941,11.7472],[98.699,11.7482],[98.7039,11.7427],[98.7001,11.7236],[98.713,11.726],[98.8146,11.8461],[98.7891,11.7308],[98.8754,11.7084],[98.8376,11.6911],[98.841,11.6933],[98.8286,11.7162],[98.8045,11.6978],[98.8232,11.6846],[98.8133,11.68],[98.8226,11.6311],[98.7872,11.6849],[98.7258,11.6584],[98.7115,11.52],[98.7486,11.5342],[98.7482,11.4766],[98.8049,11.4111],[98.7727,11.4228],[98.7701,11.4492],[98.7131,11.4505],[98.6886,11.3946],[98.7186,11.3868],[98.7594,11.2738],[98.7371,11.1759],[98.6967,11.1329],[98.6495,11.1314],[98.6831,11.0821],[98.6916,11.0899],[98.715,11.1113],[98.6975,11.0702],[98.729,11.0571],[98.6998,11.046],[98.7428,11.0304],[98.6916,11.0352],[98.6792,10.9984],[98.7811,10.9933],[98.7693,10.9747],[98.7124,10.9903],[98.7302,10.9149],[98.6642,10.9172],[98.7277,10.8871],[98.6937,10.8541],[98.6988,10.8908],[98.6418,10.9223],[98.6258,10.9047],[98.662,10.8755],[98.6282,10.8998],[98.5734,10.8761],[98.6268,10.8664],[98.6395,10.8285],[98.6307,10.8293],[98.6264,10.8473],[98.5934,10.8477],[98.6039,10.8024],[98.562,10.7117],[98.5337,10.7609],[98.5141,10.7463],[98.5518,10.6662],[98.4885,10.746],[98.4618,10.7465],[98.4485,10.6888],[98.4938,10.5621],[98.4908,10.4475],[98.5408,10.3661],[98.4797,10.2009],[98.5134,10.1668],[98.5137,10.0532],[98.5517,9.9742],[98.5593,9.9887],[98.5593,9.9843],[98.562,9.9845],[98.5609,9.9917],[98.5607,9.9915],[98.6235,10.1118],[98.6208,10.1028],[98.6289,10.0971],[98.6307,10.1052],[98.6334,10.1062],[98.6313,10.108],[98.6344,10.122],[98.6263,10.1171],[98.627,10.1186],[98.628,10.1184],[98.631,10.1223],[98.6291,10.1223],[98.6289,10.1221],[98.8089,10.467],[98.8221,10.5297],[98.8118,10.5928],[98.7724,10.6208],[98.7833,10.6812],[98.8618,10.777],[99.008,10.8515],[99.021,10.9675],[99.0692,10.9384],[99.1025,11.0105],[99.2295,11.1145],[99.3249,11.2819],[99.3123,11.3164],[99.4026,11.3889],[99.3977,11.4639],[99.4743,11.5319],[99.4682,11.6135],[99.5652,11.6258],[99.6653,11.8224],[99.6278,11.82],[99.6003,11.8753],[99.5714,11.8658],[99.5937,11.9887],[99.5371,12.0162],[99.5332,12.0523],[99.5637,12.1508],[99.4741,12.1306],[99.4999,12.1915],[99.4861,12.2724],[99.4356,12.3402],[99.4469,12.404],[99.399,12.4582],[99.4356,12.5872],[99.2987,12.6754],[99.2908,12.7154],[99.2395,12.7248],[99.2311,12.8125],[99.1623,12.9273],[99.1956,12.9896],[99.0998,13.0724],[99.1315,13.0956],[99.1237,13.193],[99.2002,13.1911],[99.2111,13.2612],[99.1877,13.2913],[99.2076,13.4685],[99.1659,13.5735],[99.1681,13.7286],[99.1195,13.7716],[99.1093,13.8924],[99.0211,13.9454],[98.9549,14.1028],[98.9003,14.1068],[98.7144,14.2765],[98.605,14.3187],[98.4925,14.5388],[98.4634,14.5291],[98.4358,14.6136],[98.2551,14.8128],[98.2311,14.8891],[98.2515,14.9166],[98.2081,14.9819],[98.2351,15.0436],[98.1823,15.1105],[98.2144,15.1809],[98.2025,15.2355],[98.2635,15.2385],[98.3002,15.3133],[98.4158,15.2614],[98.3872,15.3048],[98.4161,15.3643],[98.4838,15.3902],[98.5614,15.3361],[98.5863,15.4699],[98.5473,15.6832],[98.6104,15.8745],[98.5847,15.9127],[98.6087,15.9777],[98.5639,16.0362],[98.3047,17.0913],[98.3217,17.113],[98.28,17.1212],[98.2968,17.1496],[98.227,17.2051],[98.2438,17.2276],[98.1352,17.2933],[98.1101,17.3852],[97.9929,17.509],[97.9249,17.5386],[97.7019,17.8177],[97.6724,17.8808],[97.7372,17.9846],[97.6821,18.0654],[97.6733,18.1641],[97.6141,18.2262],[97.6405,18.2876],[97.5729,18.3393],[97.5084,18.2658],[97.4622,18.3086],[97.4522,18.3887],[97.3438,18.5531],[97.3593,18.5976],[97.3643,18.5569],[97.4032,18.566],[97.4506,18.4917],[97.5373,18.4927],[97.545,18.5289],[97.6529,18.5751],[97.769,18.5785],[97.7419,18.8817],[97.6731,18.9476],[97.7367,18.9764],[97.7361,19.0398],[97.7686,19.043],[97.7731,19.075],[97.8392,19.0963],[97.8467,19.2131],[97.7828,19.2639],[97.8438,19.2917],[97.7871,19.3964],[97.8888,19.5006],[97.8561,19.5298],[97.8632,19.5748],[97.961,19.593],[97.9723,19.6345],[98.0475,19.6532],[98.0252,19.7237],[98.0484,19.815],[98.1014,19.7722],[98.15,19.7756],[98.227,19.7275],[98.252,19.6754],[98.5086,19.7157],[98.5677,19.6714],[98.572,19.7029],[98.7118,19.7693],[98.7834,19.7527],[98.8391,19.8144],[98.9164,19.7415],[99.0202,19.8059],[99.0734,20.0972],[99.2126,20.1312],[99.3296,20.0636],[99.4832,20.1098],[99.5657,20.2064],[99.5231,20.2333],[99.4573,20.3928],[99.6193,20.3365],[99.8109,20.3365],[99.8704,20.4435],[99.9597,20.4649],[100.0847,20.3566],[100.122,20.4032],[100.1762,20.6384],[100.2545,20.7511],[100.3637,20.825],[100.5736,20.8248],[100.6479,20.8801],[100.5091,20.8931],[100.5459,21.0247],[100.6381,21.0636],[100.6966,21.1738],[100.7253,21.3137],[100.8291,21.2975],[101.0001,21.3874],[101.1634,21.5266],[101.1382,21.5732],[101.1696,21.5967],[101.1621,21.6402],[101.1154,21.6921],[101.1214,21.7766],[101.0883,21.7766],[101.0122,21.7086],[100.8848,21.6878],[100.7249,21.5147],[100.5862,21.4533],[100.4821,21.4581],[100.4316,21.5416],[100.3494,21.5315],[100.2476,21.467],[100.1994,21.5154],[100.1692,21.4851],[100.126,21.5118],[100.1067,21.5935],[100.1682,21.6656],[100.1164,21.7056],[100.0316,21.676],[99.9824,21.7171],[99.9455,21.815],[99.9965,21.9736],[99.9713,22.058],[99.8786,22.0692],[99.8537,22.0241],[99.7424,22.0724],[99.7014,22.0404],[99.6517,22.1054],[99.5218,22.0974],[99.4739,22.1351],[99.4104,22.0989],[99.2741,22.1001],[99.1557,22.1626],[99.1958,22.1694],[99.1765,22.1927],[99.2774,22.3499],[99.2485,22.3925],[99.3799,22.4949],[99.3605,22.5415],[99.3829,22.5803],[99.3143,22.7381],[99.3836,22.7646],[99.4001,22.8277],[99.461,22.8459],[99.4421,22.9419],[99.56,22.9076],[99.5213,22.9943],[99.5328,23.0519],[99.3481,23.1362],[99.26,23.0824],[99.2002,23.1133],[99.1064,23.0917],[99.0483,23.1233],[99.0605,23.172],[98.886,23.182],[98.945,23.3097],[98.878,23.3305],[98.9186,23.3528],[98.9193,23.4182],[98.875,23.4864],[98.8234,23.4835],[98.803,23.5392],[98.8908,23.6151],[98.8465,23.6403],[98.8076,23.7693],[98.6736,23.8091],[98.7045,23.8433],[98.6826,23.9117],[98.7067,23.9375],[98.6776,23.9628],[98.7007,23.9869],[98.7356,23.971],[98.7734,24.0267],[98.8637,24.0657],[98.8992,24.1132],[98.8838,24.1532],[98.5946,24.0825],[98.5456,24.1304],[98.0873,24.089],[97.8968,24.0155],[97.8957,23.9772],[97.8201,23.971],[97.666,23.8558],[97.6383,23.8632],[97.5292,23.9435],[97.7286,24.1147],[97.7455,24.1793],[97.7333,24.1861],[97.7293,24.2291],[97.7696,24.2626],[97.6675,24.2992],[97.6654,24.3443],[97.7164,24.3605],[97.6756,24.4503],[97.5313,24.4371],[97.5694,24.6026],[97.5506,24.7425],[97.702,24.8461],[97.7639,24.8259],[97.8006,24.849],[97.731,24.9117],[97.7217,25.0842],[97.7773,25.1245],[97.8376,25.2696],[97.9362,25.2198],[98.0102,25.3037],[98.067,25.3092],[98.1018,25.3917],[98.1404,25.3904],[98.1575,25.4584],[98.1253,25.515],[98.1844,25.562],[98.1682,25.626],[98.2545,25.6061],[98.3137,25.548],[98.4029,25.5955],[98.4214,25.6739],[98.459,25.6889],[98.4754,25.7804],[98.5329,25.8453],[98.6394,25.8008],[98.7067,25.8586],[98.6849,25.9379],[98.6167,25.9752],[98.5729,26.1209],[98.6504,26.1438],[98.6666,26.0896],[98.7163,26.1256],[98.7349,26.1849],[98.706,26.2417],[98.672,26.2419],[98.6775,26.283],[98.7313,26.357],[98.7813,26.6028],[98.7328,26.8525],[98.7584,26.8846],[98.7356,27.0026],[98.766,27.0532],[98.7144,27.0769],[98.6935,27.2002],[98.741,27.3265],[98.6872,27.4244],[98.7049,27.5589],[98.667,27.5886],[98.5875,27.5683],[98.5582,27.6463],[98.5296,27.6212],[98.4441,27.6674],[98.4294,27.5528],[98.3731,27.509],[98.3178,27.5227],[98.3017,27.6312],[98.2243,27.7115],[98.247,27.7412],[98.2193,27.7594],[98.225,27.8113],[98.1699,27.8524],[98.2014,27.8755],[98.1889,27.9391],[98.1371,27.963],[98.1416,28.1399],[98.0776,28.2043],[98.0114,28.2086],[98.0106,28.274],[97.9085,28.3681],[97.7944,28.3338],[97.7387,28.3954],[97.7222,28.4974],[97.6621,28.5364],[97.6029,28.5171],[97.5736,28.5455],[97.5038,28.4984],[97.5229,28.445],[97.4827,28.3825],[97.5197,28.3289],[97.4708,28.3048],[97.4804,28.2793],[97.4179,28.2956],[97.412,28.2495],[97.35,28.2393],[97.3582,28.1632],[97.3128,28.063],[97.3513,28.0656],[97.3926,28.0138],[97.3651,27.873],[97.2978,27.9153],[97.2469,27.8994],[97.0882,27.7382],[97.018,27.7357],[96.9827,27.6696],[96.8895,27.6126],[96.9264,27.5085],[96.905,27.4517],[97.1651,27.1348],[97.1383,27.0922],[97.0666,27.0926]]],[[[97.9551,9.6402],[97.9509,9.6352],[97.9729,9.6074],[97.9737,9.6381],[97.9551,9.6402]]],[[[97.9288,10.1676],[97.9236,10.1625],[97.9096,10.1612],[97.9283,10.1613],[97.9288,10.1676]]],[[[97.8718,10.2085],[97.8666,10.2011],[97.8756,10.1956],[97.8807,10.2019],[97.8718,10.2085]]],[[[97.9379,10.3541],[97.95,10.3776],[97.9409,10.3706],[97.9385,10.3581],[97.9379,10.3541]]],[[[97.9413,10.406],[97.9469,10.3958],[97.9461,10.4068],[97.9413,10.4136],[97.9413,10.406]]],[[[97.9617,10.4125],[97.9577,10.4407],[97.9491,10.425],[97.9549,10.4208],[97.9617,10.4125]]],[[[97.9038,10.4695],[97.9043,10.5],[97.8916,10.4687],[97.8956,10.3992],[97.9464,10.4401],[97.9354,10.4841],[97.9038,10.4695]]],[[[97.685,10.4604],[97.6886,10.4678],[97.6776,10.4687],[97.6816,10.4619],[97.685,10.4604]]],[[[97.9064,10.5049],[97.9154,10.5109],[97.9178,10.5208],[97.8892,10.5077],[97.9064,10.5049]]],[[[97.8896,10.9071],[97.879,10.8429],[97.932,10.8748],[97.9472,10.9308],[97.8896,10.9071]]],[[[97.9241,11.2738],[97.9275,11.2838],[97.9239,11.2829],[97.9197,11.2785],[97.9241,11.2738]]],[[[97.9273,11.5162],[97.9258,11.5109],[97.9274,11.5098],[97.9287,11.5124],[97.9273,11.5162]]],[[[97.9076,11.516],[97.9034,11.5147],[97.9079,11.5147],[97.9083,11.5151],[97.9076,11.516]]],[[[97.9313,11.5209],[97.9313,11.5183],[97.9324,11.5173],[97.9331,11.5198],[97.9313,11.5209]]],[[[97.5234,11.6524],[97.5256,11.6609],[97.5222,11.6603],[97.5186,11.6507],[97.5234,11.6524]]],[[[97.4348,11.8008],[97.4846,11.7645],[97.4889,11.7808],[97.4635,11.7906],[97.4348,11.8008]]],[[[97.4945,11.8088],[97.4702,11.8133],[97.5195,11.783],[97.5222,11.813],[97.4945,11.8088]]],[[[97.6591,11.823],[97.6385,11.8156],[97.6606,11.802],[97.6645,11.808],[97.6591,11.823]]],[[[97.4685,11.8166],[97.4678,11.8264],[97.4646,11.8251],[97.4655,11.8203],[97.4685,11.8166]]],[[[97.6836,11.872],[97.673,11.8999],[97.6349,11.8637],[97.6727,11.8273],[97.6836,11.872]]],[[[97.922,11.9842],[97.9213,12.0046],[97.9126,12.0001],[97.9123,11.9826],[97.922,11.9842]]],[[[97.7374,12.0148],[97.7387,11.9936],[97.7474,11.9919],[97.7522,12.0048],[97.7374,12.0148]]],[[[97.6731,12.059],[97.6502,12.0171],[97.6711,12.0342],[97.6945,12.0491],[97.6731,12.059]]],[[[97.7888,12.047],[97.7664,12.0508],[97.7584,12.044],[97.7726,12.0406],[97.7888,12.047]]],[[[97.9826,12.0628],[97.9499,12.0656],[97.9596,12.0302],[97.9706,12.0512],[97.9618,12.0578],[97.9826,12.0628]]],[[[97.9407,12.0474],[97.9429,12.0491],[97.9412,12.055],[97.941,12.0514],[97.9407,12.0474]]],[[[97.6519,12.0436],[97.655,12.0667],[97.6352,12.0554],[97.6457,12.044],[97.6519,12.0436]]],[[[97.7153,12.1442],[97.719,12.1069],[97.739,12.1215],[97.7414,12.1387],[97.7153,12.1442]]],[[[97.9406,12.2461],[97.9338,12.2341],[97.9389,12.216],[97.9439,12.2258],[97.9406,12.2461]]],[[[97.8777,12.2364],[97.882,12.2421],[97.8804,12.244],[97.8762,12.2383],[97.8777,12.2364]]],[[[97.7965,12.2951],[97.773,12.2857],[97.7692,12.2644],[97.7922,12.2762],[97.7965,12.2951]]],[[[97.9425,12.2906],[97.9499,12.2796],[97.9519,12.283],[97.9538,12.2932],[97.9608,12.3031],[97.9425,12.2906]]],[[[97.8654,12.2866],[97.8782,12.2906],[97.8857,12.2864],[97.8758,12.3002],[97.8654,12.2866]]],[[[97.8259,12.429],[97.8229,12.4733],[97.8194,12.4578],[97.8209,12.45],[97.8259,12.429]]],[[[97.7988,12.4945],[97.8041,12.5042],[97.7901,12.5091],[97.7951,12.4968],[97.7988,12.4945]]],[[[97.8526,12.6004],[97.8279,12.5919],[97.8557,12.5394],[97.8721,12.5639],[97.8526,12.6004]]],[[[97.8643,12.6093],[97.8544,12.6167],[97.8488,12.6078],[97.8572,12.6012],[97.8643,12.6093]]],[[[97.8785,12.622],[97.8651,12.6283],[97.8578,12.6201],[97.8615,12.6169],[97.8785,12.622]]],[[[97.8675,12.812],[97.8376,12.8216],[97.8367,12.7781],[97.8775,12.7818],[97.8675,12.812]]],[[[97.9073,13.8647],[97.9103,13.7871],[97.9268,13.8204],[97.9258,13.8611],[97.9073,13.8647]]],[[[97.9074,13.889],[97.9129,13.8806],[97.9137,13.8844],[97.9061,13.8954],[97.9074,13.889]]],[[[97.9182,13.9272],[97.9098,13.9452],[97.9132,13.8909],[97.9182,13.9073],[97.9182,13.9272]]],[[[97.802,14.1085],[97.8217,14.1255],[97.8187,14.131],[97.7996,14.1327],[97.802,14.1085]]],[[[97.8227,14.1562],[97.817,14.1484],[97.8191,14.1498],[97.8229,14.1532],[97.8227,14.1562]]],[[[97.8215,14.1912],[97.7889,14.1823],[97.7862,14.1393],[97.8089,14.1564],[97.8133,14.1687],[97.8215,14.1912]]],[[[97.7849,14.1979],[97.7908,14.2018],[97.7906,14.2068],[97.7854,14.2043],[97.7849,14.1979]]],[[[97.8033,14.2676],[97.8116,14.2677],[97.8122,14.2837],[97.8023,14.2835],[97.8033,14.2676]]],[[[97.8193,14.288],[97.8159,14.2903],[97.8152,14.2867],[97.8185,14.2838],[97.8193,14.288]]],[[[97.8175,14.2937],[97.8148,14.2973],[97.8139,14.2952],[97.8158,14.2935],[97.8175,14.2937]]],[[[97.7874,14.3104],[97.7857,14.3104],[97.7856,14.309],[97.7863,14.3075],[97.7874,14.3104]]],[[[97.7884,14.3153],[97.7907,14.3196],[97.7888,14.3247],[97.7879,14.3158],[97.7884,14.3153]]],[[[97.7878,14.3291],[97.7908,14.3295],[97.7897,14.3338],[97.7884,14.3327],[97.7878,14.3291]]],[[[97.7809,14.421],[97.7663,14.4011],[97.7789,14.3937],[97.7858,14.413],[97.7809,14.421]]],[[[97.7812,14.4221],[97.7822,14.4223],[97.7839,14.4285],[97.7795,14.4316],[97.7812,14.4221]]],[[[97.7765,14.4424],[97.7703,14.4448],[97.7662,14.4418],[97.7643,14.4344],[97.7765,14.4424]]],[[[97.7749,14.46],[97.7721,14.4605],[97.7702,14.4541],[97.7772,14.4575],[97.7749,14.46]]],[[[98.0416,9.6494],[98.0374,9.6559],[98.0381,9.6396],[98.0421,9.646],[98.0416,9.6494]]],[[[98.0738,9.6502],[98.0786,9.6426],[98.092,9.6449],[98.0887,9.6561],[98.0738,9.6502]]],[[[98.0234,9.7714],[98.0292,9.7642],[98.0319,9.7752],[98.0284,9.7769],[98.0234,9.7714]]],[[[98.0374,9.8337],[98.0115,9.8436],[98.0166,9.789],[98.0629,9.8049],[98.0374,9.8337]]],[[[97.9876,10.0492],[97.9899,10.0348],[97.9945,10.0466],[97.9919,10.0553],[97.9876,10.0492]]],[[[97.9932,10.0797],[97.9781,10.086],[97.9785,10.0723],[97.987,10.0651],[97.9932,10.0797]]],[[[97.9887,10.1585],[97.981,10.1809],[97.9588,10.1301],[97.9771,10.1396],[97.9887,10.1585]]],[[[98.0255,10.1975],[98.0305,10.154],[98.0402,10.1564],[98.043,10.157],[98.0255,10.1975]]],[[[97.9762,10.1939],[97.9723,10.2],[97.9727,10.1937],[97.974,10.1911],[97.9762,10.1939]]],[[[97.9713,10.2034],[97.966,10.2098],[97.9642,10.2055],[97.9678,10.2021],[97.9713,10.2034]]],[[[97.9722,10.2176],[97.9732,10.2202],[97.9667,10.2172],[97.9692,10.2142],[97.9722,10.2176]]],[[[97.973,10.2265],[97.9747,10.2221],[97.976,10.2252],[97.9741,10.2274],[97.973,10.2265]]],[[[97.9992,10.3352],[97.9949,10.3674],[97.9829,10.3344],[97.9875,10.3269],[97.9992,10.3352]]],[[[97.9676,10.3676],[97.9657,10.3505],[97.97,10.3581],[97.9691,10.3621],[97.9676,10.3676]]],[[[98.0324,10.57],[98.0302,10.5698],[98.017,10.5954],[97.9389,10.559],[97.989,10.5371],[97.999,10.5572],[98.0099,10.5553],[98.0167,10.5662],[98.0211,10.5617],[98.0324,10.57]]],[[[98.0457,10.5897],[98.0382,10.5825],[98.0447,10.5729],[98.0515,10.5808],[98.0457,10.5897]]],[[[98.0784,10.8742],[98.0652,10.8835],[98.0281,10.8562],[98.0787,10.8306],[98.0784,10.8742]]],[[[97.9968,10.8829],[98.0206,10.8693],[98.013,10.8765],[97.9992,10.8927],[97.9968,10.8829]]],[[[98.0009,11.3215],[98.0027,11.3147],[98.0196,11.3154],[98.0201,11.3225],[98.0009,11.3215]]],[[[97.9984,11.349],[98,11.3247],[98.0054,11.3365],[98.0081,11.3429],[97.9984,11.349]]],[[[98.0078,11.356],[98.0128,11.3554],[98.0161,11.3529],[98.0054,11.3643],[98.0078,11.356]]],[[[98.0043,11.4041],[97.9878,11.4003],[98.0051,11.3804],[98.0154,11.388],[98.0043,11.4041]]],[[[98.0153,11.4336],[98.0115,11.4313],[98.0147,11.4262],[98.0165,11.4293],[98.0153,11.4336]]],[[[98.0076,11.4408],[98.0129,11.4713],[97.969,11.4486],[97.9752,11.4406],[98.0076,11.4408]]],[[[98.0404,11.6361],[98.0381,11.6404],[98.0362,11.6393],[98.0391,11.634],[98.0404,11.6361]]],[[[98.0295,11.6508],[98.0295,11.6408],[98.0309,11.6423],[98.0325,11.6459],[98.0295,11.6508]]],[[[98.0408,11.6491],[98.0432,11.6624],[98.0347,11.6647],[98.0312,11.6563],[98.0408,11.6491]]],[[[98.0367,11.7143],[98.0124,11.6908],[98.0918,11.6272],[98.0486,11.6933],[98.0879,11.7402],[98.0533,11.7257],[98.0651,11.7747],[98.0144,11.8025],[98.0082,11.8406],[98.0073,11.7584],[98.0312,11.751],[98.0116,11.7222],[98.0367,11.7143]]],[[[98.0452,11.8001],[98.0637,11.7847],[98.0735,11.8097],[98.0768,11.8359],[98.0452,11.8001]]],[[[97.9629,11.9586],[98.0028,11.9319],[98.0062,11.9503],[97.9967,11.9739],[97.9629,11.9586]]],[[[97.9832,11.9789],[97.9783,11.9772],[97.9783,11.9739],[97.9807,11.9718],[97.9832,11.9789]]],[[[97.9867,12.0076],[97.9945,12.0116],[97.9822,12.0296],[97.9699,12.0182],[97.9867,12.0076]]],[[[98.023,12.0749],[98.0024,12.0787],[97.9945,12.073],[98.0186,12.059],[98.023,12.0749]]],[[[97.9765,12.1086],[97.9684,12.0938],[97.9761,12.0891],[97.9794,12.0957],[97.9765,12.1086]]],[[[97.993,12.1154],[97.9827,12.1126],[97.9955,12.0957],[98.0022,12.1031],[97.993,12.1154]]],[[[97.9732,12.1192],[97.9686,12.1241],[97.9636,12.1116],[97.9701,12.1133],[97.9732,12.1192]]],[[[97.974,12.127],[97.9707,12.1247],[97.9755,12.123],[97.9757,12.1252],[97.974,12.127]]],[[[97.9727,12.1393],[97.9709,12.1332],[97.9798,12.1209],[97.9807,12.1173],[97.9817,12.1199],[97.9777,12.1324],[97.9727,12.1393]]],[[[98.0617,12.1374],[98.0655,12.1279],[98.0688,12.1296],[98.0672,12.1357],[98.0617,12.1374]]],[[[97.9953,12.1468],[97.9928,12.1307],[98.0047,12.1241],[98.0119,12.1256],[97.9953,12.1468]]],[[[98.0564,12.1427],[98.0582,12.147],[98.0574,12.1485],[98.0549,12.1442],[98.0564,12.1427]]],[[[98.0278,12.1705],[98.0231,12.1675],[98.0234,12.1669],[98.0264,12.1686],[98.0278,12.1705]]],[[[98.0407,12.1874],[98.0533,12.1866],[98.0557,12.1915],[98.041,12.1951],[98.0407,12.1874]]],[[[98.0582,12.2961],[98.0554,12.2951],[98.0541,12.2923],[98.0584,12.2929],[98.0582,12.2961]]],[[[97.9667,12.305],[97.9641,12.3001],[97.9677,12.2906],[97.9692,12.2942],[97.9651,12.3006],[97.9667,12.305]]],[[[98.0636,12.3031],[98.0606,12.3046],[98.0612,12.3091],[98.0589,12.3014],[98.0636,12.3031]]],[[[98.0669,12.3063],[98.0683,12.3035],[98.0707,12.3074],[98.0679,12.3082],[98.0669,12.3063]]],[[[98.0395,12.3099],[98.041,12.3042],[98.0482,12.3143],[98.0421,12.3133],[98.0395,12.3099]]],[[[98.0761,12.3163],[98.0762,12.3144],[98.0802,12.3135],[98.0779,12.3165],[98.0761,12.3163]]],[[[98.0636,12.3129],[98.0687,12.3154],[98.0759,12.3285],[98.0726,12.3321],[98.0636,12.3129]]],[[[98.0779,12.3351],[98.0819,12.3385],[98.0846,12.3552],[98.0814,12.3589],[98.0779,12.3351]]],[[[97.9421,12.3173],[97.9797,12.3175],[98.0099,12.2697],[98.0009,12.3044],[98.1231,12.4029],[98.0993,12.4269],[97.9955,12.343],[98.0021,12.3847],[98.0294,12.4173],[97.9535,12.3862],[97.9374,12.3391],[97.9685,12.3703],[97.9759,12.3478],[97.9421,12.3173]]],[[[98.0164,12.3656],[98.0167,12.3745],[98.0072,12.3805],[98.0051,12.3733],[98.0164,12.3656]]],[[[98.0112,12.4288],[98.007,12.4271],[98.0048,12.419],[98.0122,12.4201],[98.0112,12.4288]]],[[[98.0275,12.4455],[98.014,12.4385],[98.0211,12.43],[98.0304,12.4419],[98.0275,12.4455]]],[[[98.0607,13.8024],[98.0676,13.8115],[98.0622,13.8127],[98.0583,13.8055],[98.0607,13.8024]]],[[[98.1083,9.7027],[98.1111,9.7273],[98.0797,9.7049],[98.0861,9.7034],[98.1083,9.7027]]],[[[98.1569,9.7544],[98.1587,9.7557],[98.1582,9.7676],[98.1484,9.7616],[98.1569,9.7544]]],[[[98.1166,9.7975],[98.1107,9.8074],[98.1023,9.7979],[98.1119,9.7833],[98.1166,9.7975]]],[[[98.1089,9.8244],[98.1127,9.8214],[98.1159,9.8271],[98.1141,9.8322],[98.1089,9.8244]]],[[[98.1794,10.0295],[98.1482,9.957],[98.1257,9.9634],[98.116,9.8479],[98.1544,9.8608],[98.1686,9.9191],[98.2497,9.9496],[98.2605,10.0132],[98.3034,10.0191],[98.2768,10.0644],[98.1794,10.0295]]],[[[98.2378,10.1742],[98.2204,10.1763],[98.2075,10.1704],[98.1787,10.1956],[98.1796,10.0362],[98.2023,10.0852],[98.1896,10.121],[98.2395,10.1687],[98.2378,10.1742]]],[[[98.1578,10.1392],[98.163,10.1649],[98.1361,10.1562],[98.1446,10.1413],[98.1578,10.1392]]],[[[98.1668,10.4556],[98.1639,10.457],[98.1626,10.446],[98.166,10.4481],[98.1668,10.4556]]],[[[98.1841,10.4574],[98.1966,10.4642],[98.1817,10.4676],[98.1794,10.4591],[98.1841,10.4574]]],[[[98.1609,10.4681],[98.1721,10.474],[98.1602,10.4801],[98.1593,10.4699],[98.1609,10.4681]]],[[[98.0931,10.5587],[98.0974,10.5564],[98.0984,10.5678],[98.0866,10.5793],[98.0931,10.5587]]],[[[98.2,10.7984],[98.2001,10.7956],[98.2046,10.7943],[98.2046,10.8003],[98.2,10.7984]]],[[[98.1958,10.8157],[98.2003,10.8113],[98.1984,10.8293],[98.1952,10.8312],[98.1958,10.8157]]],[[[98.2073,10.8297],[98.2096,10.8333],[98.2057,10.8348],[98.2068,10.8253],[98.2073,10.8297]]],[[[98.2229,10.8787],[98.2539,10.838],[98.2279,10.692],[98.2602,10.6876],[98.3029,10.7856],[98.2803,10.7816],[98.2687,10.8579],[98.1862,10.9765],[98.1473,10.9835],[98.079,10.8859],[98.1548,10.9265],[98.1738,10.8821],[98.2229,10.8787]]],[[[98.1941,10.8405],[98.1961,10.8496],[98.1899,10.8632],[98.176,10.8588],[98.1913,10.8285],[98.1935,10.8383],[98.1969,10.832],[98.2051,10.8427],[98.2024,10.8462],[98.1941,10.8405]]],[[[98.1955,10.988],[98.1912,10.9905],[98.1852,10.9872],[98.1961,10.9823],[98.1955,10.988]]],[[[98.1259,11.4062],[98.0947,11.4071],[98.138,11.3632],[98.1458,11.4109],[98.1259,11.4062]]],[[[98.1226,11.4649],[98.1277,11.4351],[98.1459,11.4471],[98.1324,11.4668],[98.1226,11.4649]]],[[[98.1164,11.7662],[98.1055,11.7569],[98.1119,11.7578],[98.1194,11.7652],[98.1164,11.7662]]],[[[98.214,11.7813],[98.2132,11.7878],[98.2105,11.7834],[98.2102,11.7811],[98.214,11.7813]]],[[[98.1107,11.8198],[98.1232,11.826],[98.1201,11.8247],[98.1145,11.8255],[98.1107,11.8198]]],[[[98.2097,11.8412],[98.2023,11.8503],[98.1891,11.855],[98.1931,11.8395],[98.2097,11.8412]]],[[[98.2154,11.8739],[98.1877,11.8705],[98.2064,11.8525],[98.2155,11.855],[98.2154,11.8739]]],[[[98.2073,11.8826],[98.2165,11.8806],[98.213,11.8844],[98.2095,11.8838],[98.2073,11.8826]]],[[[98.1363,12.0044],[98.1469,11.9986],[98.1429,12.0037],[98.1404,12.0031],[98.1363,12.0044]]],[[[98.1301,12.1336],[98.1342,12.1252],[98.1388,12.1342],[98.1331,12.1351],[98.1301,12.1336]]],[[[98.1468,12.1801],[98.1461,12.1949],[98.1035,12.2002],[98.1361,12.2198],[98.1371,12.2824],[98.1042,12.29],[98.0626,12.2879],[98.0448,12.2071],[98.1487,12.1372],[98.1472,12.1713],[98.153,12.1675],[98.155,12.172],[98.1516,12.1857],[98.1468,12.1801]]],[[[98.1532,12.1985],[98.1571,12.1927],[98.1564,12.1944],[98.1557,12.198],[98.1532,12.1985]]],[[[98.1915,12.2116],[98.1848,12.2099],[98.1814,12.197],[98.1856,12.1989],[98.1915,12.2116]]],[[[98.1582,12.2093],[98.1556,12.2086],[98.1586,12.2035],[98.1619,12.2093],[98.1582,12.2093]]],[[[98.1272,12.2126],[98.1429,12.1993],[98.154,12.2054],[98.1462,12.2143],[98.1272,12.2126]]],[[[98.1576,12.2927],[98.1541,12.2881],[98.1601,12.2851],[98.1618,12.2942],[98.1576,12.2927]]],[[[98.0812,12.3078],[98.0818,12.3061],[98.0861,12.3057],[98.085,12.3091],[98.0812,12.3078]]],[[[98.0963,12.3347],[98.1595,12.3341],[98.1347,12.3616],[98.1008,12.3635],[98.0963,12.3347]]],[[[98.1789,12.3538],[98.1737,12.3643],[98.1676,12.3584],[98.1704,12.3533],[98.1789,12.3538]]],[[[98.1811,12.368],[98.1729,12.3713],[98.175,12.3667],[98.1818,12.3639],[98.1811,12.368]]],[[[98.1388,12.3802],[98.1442,12.3911],[98.1334,12.38],[98.1371,12.3783],[98.1388,12.3802]]],[[[98.138,12.4326],[98.1194,12.4196],[98.1608,12.4053],[98.1602,12.425],[98.138,12.4326]]],[[[98.2134,12.4559],[98.2107,12.4555],[98.2113,12.4525],[98.2144,12.4499],[98.2134,12.4559]]],[[[98.0888,12.4529],[98.0949,12.4536],[98.088,12.4601],[98.0842,12.4593],[98.0888,12.4529]]],[[[98.1735,12.4756],[98.1749,12.4826],[98.1716,12.4824],[98.171,12.4794],[98.1735,12.4756]]],[[[98.1509,12.4711],[98.1557,12.4993],[98.1433,12.4909],[98.1436,12.4697],[98.1509,12.4711]]],[[[98.1966,12.6542],[98.1952,12.6584],[98.1858,12.6536],[98.1903,12.6497],[98.1966,12.6542]]],[[[98.2074,12.6665],[98.2078,12.6608],[98.2124,12.6606],[98.2182,12.6601],[98.2074,12.6665]]],[[[98.1822,12.9424],[98.1761,12.926],[98.194,12.9097],[98.1976,12.9262],[98.1822,12.9424]]],[[[98.1283,13.5314],[98.1307,13.5295],[98.1324,13.5341],[98.1283,13.5341],[98.1283,13.5314]]],[[[98.2082,13.6094],[98.2045,13.6147],[98.1996,13.5979],[98.2064,13.6005],[98.2082,13.6094]]],[[[98.1929,13.6498],[98.1792,13.6307],[98.1926,13.614],[98.1978,13.6329],[98.1929,13.6498]]],[[[98.1918,13.6564],[98.1944,13.6693],[98.1846,13.6683],[98.1871,13.6587],[98.1918,13.6564]]],[[[98.1878,13.7918],[98.1979,13.7519],[98.2197,13.868],[98.2103,13.8513],[98.1878,13.7918]]],[[[98.2057,13.8572],[98.2008,13.8505],[98.196,13.8375],[98.1913,13.825],[98.2057,13.8572]]],[[[98.2049,13.8585],[98.2085,13.8615],[98.2107,13.8695],[98.2078,13.8672],[98.2049,13.8585]]],[[[98.2283,9.9386],[98.2299,9.9282],[98.2345,9.9259],[98.23,9.9377],[98.2283,9.9386]]],[[[98.2228,10.057],[98.2088,10.0538],[98.2099,10.0502],[98.2213,10.0466],[98.2228,10.057]]],[[[98.2694,10.1454],[98.2868,10.0852],[98.3108,10.0881],[98.313,10.1221],[98.2852,10.1244],[98.2694,10.1454]]],[[[98.312,10.1399],[98.3043,10.1354],[98.3095,10.1271],[98.3165,10.1318],[98.312,10.1399]]],[[[98.2418,10.2386],[98.2465,10.2346],[98.2492,10.2598],[98.2377,10.2585],[98.2418,10.2386]]],[[[98.2859,10.3348],[98.298,10.338],[98.2961,10.3437],[98.2868,10.3458],[98.2859,10.3348]]],[[[98.2833,10.4407],[98.2759,10.4327],[98.2779,10.4325],[98.2835,10.4382],[98.2833,10.4407]]],[[[98.2256,10.4645],[98.215,10.4691],[98.2145,10.4331],[98.2202,10.445],[98.2256,10.4645]]],[[[98.2434,10.4645],[98.2379,10.4627],[98.2492,10.4467],[98.2503,10.457],[98.2434,10.4645]]],[[[98.2339,10.5127],[98.2336,10.5344],[98.1963,10.5255],[98.1921,10.4829],[98.2346,10.4892],[98.2339,10.5127]]],[[[98.24,10.5642],[98.2281,10.564],[98.2235,10.5511],[98.2315,10.5473],[98.24,10.5642]]],[[[98.2319,10.6168],[98.2369,10.6234],[98.2333,10.627],[98.2269,10.6229],[98.2319,10.6168]]],[[[98.2574,10.6123],[98.2611,10.6327],[98.2532,10.6198],[98.2472,10.6204],[98.2574,10.6123]]],[[[98.2587,10.6399],[98.2643,10.6452],[98.2636,10.6469],[98.2573,10.6437],[98.2587,10.6399]]],[[[98.271,10.6821],[98.2447,10.6823],[98.2366,10.6524],[98.2617,10.6507],[98.271,10.6821]]],[[[98.247,10.9215],[98.2505,10.9107],[98.2524,10.9117],[98.2512,10.9204],[98.247,10.9215]]],[[[98.3158,11.0374],[98.3078,11.0414],[98.2994,11.0086],[98.3199,11.0158],[98.3158,11.0374]]],[[[98.2549,11.1679],[98.2622,11.1787],[98.2527,11.1865],[98.2602,11.1768],[98.2549,11.1679]]],[[[98.207,11.2418],[98.2452,11.1939],[98.2886,11.212],[98.2587,11.2308],[98.2783,11.2518],[98.207,11.2418]]],[[[98.2716,11.3365],[98.2068,11.269],[98.2381,11.2594],[98.2831,11.3124],[98.2716,11.3365]]],[[[98.2635,11.3778],[98.2362,11.3636],[98.2412,11.3414],[98.2501,11.3588],[98.2635,11.3778]]],[[[98.2282,11.3802],[98.2303,11.3823],[98.2207,11.3976],[98.2196,11.3884],[98.2282,11.3802]]],[[[98.2819,11.395],[98.2736,11.4041],[98.2614,11.3993],[98.2677,11.3901],[98.2819,11.395]]],[[[98.278,11.4124],[98.2728,11.4145],[98.2723,11.4073],[98.2779,11.4075],[98.278,11.4124]]],[[[98.3041,11.5257],[98.3136,11.5243],[98.3095,11.5408],[98.3075,11.53],[98.3041,11.5257]]],[[[98.309,11.5825],[98.3067,11.5749],[98.3083,11.5772],[98.3092,11.5796],[98.309,11.5825]]],[[[98.3195,11.7238],[98.2963,11.7753],[98.2895,11.808],[98.2577,11.7912],[98.2679,11.7291],[98.221,11.663],[98.2443,11.6355],[98.1914,11.5757],[98.2165,11.5571],[98.1879,11.5349],[98.2024,11.4687],[98.1626,11.4368],[98.2092,11.4278],[98.1898,11.4471],[98.2271,11.4891],[98.251,11.4562],[98.2739,11.4683],[98.2728,11.6188],[98.3195,11.7238]]],[[[98.3008,11.773],[98.3062,11.7654],[98.3087,11.7715],[98.3052,11.7762],[98.3008,11.773]]],[[[98.2535,11.8342],[98.259,11.8046],[98.289,11.8226],[98.2863,11.8527],[98.2535,11.8342]]],[[[98.2494,11.9114],[98.2558,11.8514],[98.2747,11.8531],[98.2844,11.9044],[98.2494,11.9114]]],[[[98.2457,11.9921],[98.2241,11.952],[98.2608,11.9281],[98.2747,11.9472],[98.2619,11.9779],[98.2457,11.9921]]],[[[98.2443,12.2035],[98.2515,12.2025],[98.2461,12.2235],[98.2444,12.2122],[98.2443,12.2035]]],[[[98.2134,12.2247],[98.2201,12.2249],[98.2151,12.2269],[98.2091,12.2235],[98.2134,12.2247]]],[[[98.2602,12.3105],[98.2553,12.3069],[98.2605,12.3036],[98.2628,12.3086],[98.2602,12.3105]]],[[[98.2547,12.3196],[98.2489,12.3283],[98.2445,12.35],[98.2515,12.2887],[98.2547,12.3196]]],[[[98.2369,12.366],[98.2318,12.3781],[98.2086,12.369],[98.2156,12.3582],[98.2369,12.366]]],[[[98.2172,12.4438],[98.2163,12.4415],[98.2184,12.4381],[98.2184,12.4415],[98.2172,12.4438]]],[[[98.2179,12.4514],[98.2189,12.4504],[98.2198,12.4476],[98.2175,12.4552],[98.2179,12.4514]]],[[[98.2534,12.5673],[98.2282,12.5459],[98.2372,12.4898],[98.2895,12.5084],[98.2702,12.5481],[98.2534,12.5673]]],[[[98.2883,12.5358],[98.2854,12.5341],[98.2861,12.5315],[98.289,12.532],[98.2883,12.5358]]],[[[98.2695,12.5622],[98.2702,12.5538],[98.2813,12.55],[98.2752,12.5622],[98.2695,12.5622]]],[[[98.2983,12.5748],[98.2995,12.5737],[98.3017,12.575],[98.2998,12.5764],[98.2983,12.5748]]],[[[98.2101,12.6356],[98.2238,12.637],[98.2156,12.6498],[98.2125,12.6451],[98.2101,12.6356]]],[[[98.2139,12.8207],[98.2195,12.8129],[98.2252,12.8193],[98.2182,12.8246],[98.2139,12.8207]]],[[[98.3101,12.8754],[98.3141,12.869],[98.3068,12.9102],[98.3055,12.9017],[98.3101,12.8754]]],[[[98.3153,13.0519],[98.3068,13.0536],[98.3091,13.0493],[98.3106,13.0483],[98.3153,13.0519]]],[[[98.3332,13.0801],[98.2941,13.0801],[98.2669,13.1871],[98.2381,13.2163],[98.3058,12.9123],[98.2917,13.0453],[98.3332,13.0801]]],[[[98.3074,13.1244],[98.3029,13.1229],[98.3094,13.1123],[98.3116,13.1165],[98.3074,13.1244]]],[[[98.3025,13.1269],[98.3118,13.1248],[98.3103,13.1326],[98.3034,13.1322],[98.3025,13.1269]]],[[[98.302,13.136],[98.2953,13.1422],[98.2948,13.129],[98.2974,13.1237],[98.302,13.136]]],[[[98.2311,13.8111],[98.2202,13.771],[98.2224,13.7647],[98.2305,13.7833],[98.2311,13.8111]]],[[[98.2304,13.8176],[98.2309,13.8236],[98.2287,13.8214],[98.2284,13.8151],[98.2304,13.8176]]],[[[98.2309,13.839],[98.2283,13.8342],[98.228,13.8274],[98.2312,13.8316],[98.2309,13.839]]],[[[98.2252,13.8852],[98.2292,13.8645],[98.2302,13.8753],[98.228,13.8846],[98.2252,13.8852]]],[[[98.2248,13.8966],[98.2269,13.8945],[98.2232,13.9168],[98.2228,13.9115],[98.2248,13.8966]]],[[[98.2286,13.9333],[98.2282,13.9359],[98.2273,13.9308],[98.2359,13.8899],[98.2402,13.9096],[98.2286,13.9333]]],[[[98.4968,9.9725],[98.4961,9.9807],[98.4894,9.9775],[98.4913,9.9731],[98.4968,9.9725]]],[[[98.4965,9.9968],[98.4678,9.9936],[98.4736,9.9818],[98.4929,9.9847],[98.4965,9.9968]]],[[[98.5218,10.0195],[98.5036,10.0337],[98.4985,10.017],[98.5106,10.0123],[98.5218,10.0195]]],[[[98.322,10.1059],[98.3183,10.1053],[98.3209,10.1009],[98.3239,10.103],[98.322,10.1059]]],[[[98.3164,10.1398],[98.3344,10.1276],[98.3348,10.1367],[98.3319,10.1418],[98.3164,10.1398]]],[[[98.3459,10.5941],[98.3455,10.5958],[98.3398,10.5912],[98.3431,10.5903],[98.3459,10.5941]]],[[[98.3589,10.6536],[98.3539,10.6452],[98.3498,10.6333],[98.3602,10.639],[98.3589,10.6536]]],[[[98.3404,10.6856],[98.3476,10.6886],[98.3385,10.6888],[98.3372,10.6818],[98.3404,10.6856]]],[[[98.5071,10.7753],[98.5571,10.8113],[98.5616,10.8562],[98.5246,10.8789],[98.4906,10.8916],[98.5071,10.7753]]],[[[98.4855,10.8988],[98.4671,10.8937],[98.4696,10.8802],[98.4797,10.8969],[98.4855,10.8988]]],[[[98.4378,10.9335],[98.4318,10.9338],[98.4346,10.9272],[98.4382,10.9319],[98.4378,10.9335]]],[[[98.4602,10.9912],[98.4578,11.0202],[98.4403,10.9598],[98.4583,10.9772],[98.4602,10.9912]]],[[[98.4689,10.991],[98.5051,10.9393],[98.5211,10.9908],[98.542,10.9533],[98.5394,11.053],[98.5264,11.0999],[98.5146,11.0338],[98.4689,10.991]]],[[[98.5267,11.1251],[98.5266,11.1115],[98.5301,11.1141],[98.5288,11.1183],[98.5267,11.1251]]],[[[98.5013,11.4637],[98.4841,11.406],[98.5246,11.4219],[98.5237,11.4397],[98.5013,11.4637]]],[[[98.3171,11.5264],[98.3191,11.5253],[98.3196,11.5313],[98.3193,11.5294],[98.3171,11.5264]]],[[[98.3131,11.5601],[98.3144,11.5766],[98.3094,11.5639],[98.3102,11.5596],[98.3131,11.5601]]],[[[98.5209,11.5872],[98.548,11.6118],[98.5462,11.7611],[98.5132,11.8113],[98.4324,11.8008],[98.473,11.7592],[98.403,11.7899],[98.3646,11.7738],[98.4062,11.7613],[98.3664,11.7404],[98.3831,11.7133],[98.4332,11.7249],[98.3696,11.6857],[98.4252,11.6198],[98.4236,11.5637],[98.4855,11.5643],[98.5222,11.5128],[98.5209,11.5872]]],[[[98.4555,11.8311],[98.4679,11.8268],[98.4673,11.8455],[98.4585,11.852],[98.4555,11.8311]]],[[[98.4727,11.8544],[98.472,11.8315],[98.4959,11.841],[98.4961,11.8529],[98.4727,11.8544]]],[[[98.4065,11.8664],[98.4173,11.8224],[98.4404,11.8482],[98.4342,11.8548],[98.4065,11.8664]]],[[[98.3964,12.0628],[98.3912,12.0592],[98.4029,12.0578],[98.4035,12.0641],[98.3964,12.0628]]],[[[98.3814,12.1273],[98.3836,12.1188],[98.384,12.1186],[98.39,12.1126],[98.3814,12.1273]]],[[[98.4027,12.1478],[98.4057,12.1716],[98.39,12.1792],[98.3778,12.1516],[98.4027,12.1478]]],[[[98.4196,12.2027],[98.4009,12.2198],[98.4092,12.1732],[98.427,12.1826],[98.4196,12.2027]]],[[[98.4306,12.2109],[98.4285,12.2188],[98.4249,12.2171],[98.4275,12.2148],[98.4306,12.2109]]],[[[98.4589,12.2146],[98.4686,12.2269],[98.4473,12.2343],[98.4495,12.2175],[98.4589,12.2146]]],[[[98.4151,12.2294],[98.4169,12.2234],[98.4239,12.2254],[98.4226,12.2294],[98.4151,12.2294]]],[[[98.4351,12.2525],[98.4423,12.2444],[98.4458,12.2448],[98.4456,12.247],[98.4351,12.2525]]],[[[98.479,12.2699],[98.494,12.2662],[98.497,12.2777],[98.4879,12.2764],[98.479,12.2699]]],[[[98.4275,12.2783],[98.4284,12.2728],[98.4314,12.2732],[98.4341,12.2783],[98.4275,12.2783]]],[[[98.5076,12.2815],[98.5262,12.2751],[98.5385,12.293],[98.5169,12.2934],[98.5076,12.2815]]],[[[98.3353,12.2845],[98.3371,12.2866],[98.3336,12.2917],[98.3328,12.2902],[98.3353,12.2845]]],[[[98.395,12.3179],[98.3695,12.3141],[98.3858,12.2652],[98.3841,12.2889],[98.395,12.3179]]],[[[98.3577,12.2908],[98.3643,12.3025],[98.355,12.3078],[98.351,12.3036],[98.3577,12.2908]]],[[[98.4672,12.3029],[98.458,12.2959],[98.4661,12.2961],[98.4668,12.2985],[98.4672,12.3029]]],[[[98.3927,12.3283],[98.3929,12.3307],[98.3874,12.3269],[98.3893,12.3279],[98.3927,12.3283]]],[[[98.509,12.3466],[98.4976,12.3447],[98.4955,12.3343],[98.5021,12.3322],[98.509,12.3466]]],[[[98.3988,12.347],[98.3934,12.3485],[98.4029,12.3349],[98.4009,12.3411],[98.3988,12.347]]],[[[98.4721,12.397],[98.4231,12.3324],[98.4454,12.3309],[98.4938,12.3578],[98.4721,12.397]]],[[[98.4364,12.393],[98.4222,12.3815],[98.4234,12.3709],[98.4266,12.361],[98.4364,12.393]]],[[[98.416,12.3803],[98.4157,12.3858],[98.4113,12.3815],[98.411,12.3756],[98.416,12.3803]]],[[[98.4241,12.3987],[98.4182,12.3953],[98.4185,12.391],[98.4233,12.3938],[98.4241,12.3987]]],[[[98.5142,12.4392],[98.5148,12.5023],[98.5008,12.5209],[98.4763,12.4961],[98.4634,12.4163],[98.4878,12.3902],[98.5017,12.3983],[98.4966,12.3737],[98.521,12.3993],[98.5247,12.4137],[98.5142,12.4392]]],[[[98.4319,12.4112],[98.4313,12.4072],[98.4382,12.4112],[98.4376,12.4167],[98.4319,12.4112]]],[[[98.4568,12.4406],[98.4443,12.4313],[98.447,12.4178],[98.4545,12.4324],[98.4568,12.4406]]],[[[98.5255,12.4682],[98.5278,12.4697],[98.5254,12.4766],[98.5239,12.4731],[98.5255,12.4682]]],[[[98.4766,12.5483],[98.477,12.5472],[98.4838,12.5485],[98.4816,12.5565],[98.4776,12.5536],[98.4802,12.5663],[98.4379,12.6065],[98.4285,12.5207],[98.3839,12.5754],[98.4063,12.6315],[98.3587,12.6781],[98.3268,12.6707],[98.306,12.6873],[98.2936,12.6476],[98.3319,12.5315],[98.3042,12.3379],[98.3381,12.3124],[98.4572,12.451],[98.4766,12.5483]]],[[[98.3325,12.7837],[98.341,12.7246],[98.3611,12.719],[98.3415,12.7559],[98.3325,12.7837]]],[[[98.5182,12.797],[98.5174,12.7985],[98.5167,12.7817],[98.5182,12.7887],[98.5182,12.797]]],[[[98.3218,12.8464],[98.32,12.8468],[98.3216,12.8432],[98.3239,12.8379],[98.3218,12.8464]]],[[[98.3113,13.0261],[98.3144,13.0135],[98.3222,13.0167],[98.3197,13.0282],[98.3113,13.0261]]],[[[98.5204,13.1659],[98.5267,13.1233],[98.535,13.1409],[98.5364,13.1595],[98.5204,13.1659]]],[[[98.5199,9.9275],[98.5398,9.9377],[98.5473,9.9526],[98.5159,9.9604],[98.5199,9.9275]]],[[[98.5584,9.9792],[98.5564,9.9797],[98.5576,9.9761],[98.5584,9.9778],[98.5584,9.9792]]],[[[98.6631,10.1721],[98.6637,10.1771],[98.6569,10.1754],[98.6587,10.1725],[98.6631,10.1721]]],[[[98.5475,10.7606],[98.5473,10.764],[98.5423,10.7674],[98.5457,10.7564],[98.5475,10.7606]]],[[[98.5447,10.7833],[98.5503,10.7863],[98.5557,10.8039],[98.5481,10.799],[98.5447,10.7833]]],[[[98.5931,10.8217],[98.5904,10.8248],[98.5877,10.82],[98.5907,10.8195],[98.5931,10.8217]]],[[[98.6097,10.8552],[98.6237,10.8492],[98.6265,10.8632],[98.6016,10.8571],[98.6097,10.8552]]],[[[98.5417,10.8765],[98.5415,10.8916],[98.5354,10.892],[98.5308,10.8806],[98.5417,10.8765]]],[[[98.6909,10.9443],[98.6671,10.934],[98.7023,10.9321],[98.7019,10.9359],[98.6909,10.9443]]],[[[98.5602,10.9518],[98.5577,10.9562],[98.5561,10.9537],[98.5576,10.9503],[98.5602,10.9518]]],[[[98.7046,10.9696],[98.7104,10.9907],[98.6904,10.9922],[98.6886,10.9746],[98.7046,10.9696]]],[[[98.6703,10.978],[98.6816,10.988],[98.6694,10.9889],[98.6637,10.984],[98.6703,10.978]]],[[[98.5967,11.0492],[98.6136,11.0136],[98.6251,11.0299],[98.6169,11.0478],[98.5967,11.0492]]],[[[98.6529,11.0611],[98.6399,11.0227],[98.6784,11.0105],[98.6762,11.0475],[98.6529,11.0611]]],[[[98.7004,11.0651],[98.7003,11.0619],[98.7043,11.0622],[98.7016,11.0639],[98.7004,11.0651]]],[[[98.6144,11.0662],[98.6221,11.0736],[98.6212,11.0744],[98.6142,11.0717],[98.6144,11.0662]]],[[[98.6751,11.0717],[98.6738,11.073],[98.6705,11.0736],[98.6674,11.0719],[98.6751,11.0717]]],[[[98.6717,11.0791],[98.6668,11.0781],[98.6731,11.0759],[98.6737,11.0772],[98.6717,11.0791]]],[[[98.6916,11.0899],[98.6871,11.0806],[98.6944,11.081],[98.6941,11.0901],[98.6916,11.0899]]],[[[98.5523,11.2865],[98.5452,11.3067],[98.5245,11.3234],[98.5456,11.262],[98.5523,11.2865]]],[[[98.6851,11.4974],[98.6851,11.5073],[98.6824,11.5113],[98.6787,11.5143],[98.6851,11.4974]]],[[[98.5993,11.9843],[98.6832,11.9463],[98.6586,11.9815],[98.6131,11.9932],[98.5993,11.9843]]],[[[98.5347,12.0192],[98.5469,12.0088],[98.5539,12.0336],[98.5384,12.0332],[98.5347,12.0192]]],[[[98.6509,12.1565],[98.6524,12.1576],[98.6499,12.1614],[98.647,12.1582],[98.6509,12.1565]]],[[[98.6846,12.1972],[98.6707,12.1999],[98.6616,12.1879],[98.6747,12.19],[98.6846,12.1972]]],[[[98.7078,12.208],[98.6869,12.2057],[98.69,12.2033],[98.6998,12.2037],[98.7078,12.208]]],[[[98.6184,12.2054],[98.6187,12.2118],[98.6068,12.2038],[98.6147,12.1999],[98.6184,12.2054]]],[[[98.6478,12.1906],[98.6873,12.2116],[98.6886,12.2326],[98.6433,12.2211],[98.6478,12.1906]]],[[[98.6997,12.2105],[98.7032,12.2114],[98.7004,12.2162],[98.6952,12.2122],[98.6997,12.2105]]],[[[98.6898,12.2116],[98.6927,12.2126],[98.6956,12.215],[98.6954,12.2199],[98.6898,12.2116]]],[[[98.6164,12.3129],[98.613,12.3197],[98.574,12.3201],[98.5981,12.3105],[98.6164,12.3129]]],[[[98.6246,12.3133],[98.6288,12.3169],[98.6139,12.3203],[98.6182,12.3125],[98.6246,12.3133]]],[[[98.5303,12.3377],[98.5211,12.3273],[98.5252,12.3173],[98.5477,12.3288],[98.5303,12.3377]]],[[[98.5732,12.462],[98.5733,12.4451],[98.5883,12.4321],[98.5867,12.4521],[98.5732,12.462]]],[[[98.6381,12.6489],[98.6375,12.6462],[98.6444,12.6457],[98.6444,12.6493],[98.6381,12.6489]]],[[[98.619,12.708],[98.6211,12.7089],[98.6202,12.7116],[98.6175,12.7112],[98.619,12.708]]],[[[98.6267,12.7224],[98.6238,12.726],[98.6216,12.7229],[98.6231,12.7182],[98.6267,12.7224]]],[[[98.5996,12.7398],[98.5978,12.7364],[98.5987,12.7335],[98.6014,12.7381],[98.5996,12.7398]]],[[[98.6358,12.7534],[98.6354,12.7559],[98.6314,12.757],[98.6316,12.7529],[98.6358,12.7534]]],[[[98.6657,12.757],[98.6676,12.7568],[98.6694,12.7584],[98.6701,12.7603],[98.6657,12.757]]],[[[98.624,12.7618],[98.6482,12.7659],[98.6087,12.7883],[98.6121,12.7674],[98.624,12.7618]]],[[[98.6077,12.8192],[98.6066,12.8239],[98.6042,12.8227],[98.6039,12.8186],[98.6077,12.8192]]],[[[98.5583,12.9051],[98.5549,12.9146],[98.5531,12.9163],[98.5522,12.9082],[98.5583,12.9051]]],[[[98.5518,12.9222],[98.5503,12.9341],[98.5397,12.936],[98.5441,12.9252],[98.5518,12.9222]]],[[[98.5311,13.1752],[98.5236,13.1682],[98.5276,13.1667],[98.534,13.1688],[98.5311,13.1752]]],[[[98.5657,13.188],[98.5685,13.1877],[98.5716,13.189],[98.563,13.1917],[98.5626,13.1892],[98.5426,13.197],[98.5325,13.1777],[98.5684,13.1508],[98.5732,13.185],[98.5657,13.188]]],[[[97.571,16.2813],[97.5988,16.1887],[97.6112,16.2341],[97.591,16.3375],[97.571,16.2813]]],[[[97.5723,16.2983],[97.5703,16.2936],[97.5709,16.2883],[97.5732,16.2926],[97.5723,16.2983]]],[[[97.4566,16.3119],[97.5315,16.1906],[97.557,16.196],[97.577,16.3981],[97.6117,16.468],[97.5552,16.4913],[97.5005,16.5121],[97.4388,16.465],[97.4737,16.3602],[97.4566,16.3119]]],[[[97.5999,16.3417],[97.6015,16.3547],[97.6006,16.3629],[97.5975,16.3551],[97.5999,16.3417]]],[[[97.5909,16.389],[97.5917,16.3917],[97.5898,16.3975],[97.589,16.403],[97.5909,16.389]]],[[[97.5901,16.4991],[97.5843,16.5002],[97.5739,16.4983],[97.5787,16.4955],[97.5901,16.4991]]],[[[97.5696,16.4979],[97.5665,16.5011],[97.5597,16.5036],[97.5553,16.5057],[97.5696,16.4979]]],[[[97.5857,16.5017],[97.5694,16.5059],[97.558,16.5119],[97.5737,16.4998],[97.5857,16.5017]]],[[[97.5869,16.507],[97.5947,16.5045],[97.5938,16.5085],[97.5912,16.5085],[97.5869,16.507]]],[[[97.5763,16.5051],[97.5671,16.5091],[97.5701,16.5064],[97.5763,16.5051]]],[[[97.408,16.5002],[97.4108,16.4956],[97.4272,16.5078],[97.4416,16.5188],[97.408,16.5002]]],[[[97.5848,16.5112],[97.5888,16.5089],[97.5913,16.5121],[97.5883,16.5125],[97.5848,16.5112]]],[[[97.4813,16.5159],[97.4764,16.5161],[97.4642,16.5133],[97.4613,16.5081],[97.4813,16.5159]]],[[[97.585,16.5055],[97.5628,16.5229],[97.5573,16.5172],[97.5779,16.5059],[97.585,16.5055]]],[[[97.5562,16.5161],[97.5618,16.5127],[97.5618,16.5133],[97.559,16.5153],[97.5562,16.5161]]],[[[97.5446,16.5174],[97.5497,16.5152],[97.5553,16.5227],[97.526,16.5159],[97.5446,16.5174]]],[[[97.5401,16.5244],[97.5394,16.5248],[97.5318,16.5248],[97.5297,16.5242],[97.5401,16.5244]]],[[[97.6264,16.2924],[97.6301,16.2739],[97.6305,16.275],[97.6303,16.286],[97.6264,16.2924]]],[[[97.6148,16.2938],[97.6229,16.2816],[97.6229,16.2955],[97.6126,16.3085],[97.6148,16.2938]]],[[[97.6296,16.2974],[97.6297,16.3066],[97.6278,16.3127],[97.6176,16.3154],[97.6296,16.2974]]],[[[97.6251,16.3167],[97.6142,16.3402],[97.6078,16.3386],[97.6113,16.3226],[97.6251,16.3167]]],[[[97.6099,16.3468],[97.6098,16.3436],[97.6143,16.3415],[97.6117,16.3462],[97.6099,16.3468]]],[[[97.6147,16.3826],[97.6187,16.3869],[97.6179,16.3957],[97.6145,16.3911],[97.6147,16.3826]]],[[[97.6039,16.3725],[97.609,16.3883],[97.6067,16.4076],[97.6018,16.3968],[97.6039,16.3725]]],[[[97.6214,16.3979],[97.6203,16.3994],[97.6216,16.3907],[97.6222,16.3939],[97.6214,16.3979]]],[[[97.6113,16.4089],[97.6124,16.3924],[97.6144,16.3979],[97.6147,16.4023],[97.6113,16.4089]]],[[[97.6089,16.4072],[97.6097,16.4097],[97.6094,16.4114],[97.6066,16.4153],[97.6089,16.4072]]],[[[97.6057,16.451],[97.5991,16.4333],[97.6027,16.4377],[97.6052,16.4445],[97.6057,16.451]]],[[[97.6394,16.5104],[97.6329,16.5136],[97.6303,16.5121],[97.6354,16.5093],[97.6394,16.5104]]],[[[97.5952,16.5195],[97.6074,16.5112],[97.6066,16.5134],[97.6013,16.5163],[97.5952,16.5195]]],[[[97.6083,16.5195],[97.6108,16.5189],[97.6123,16.5191],[97.6073,16.5206],[97.6083,16.5195]]],[[[97.6291,16.5241],[97.6314,16.5248],[97.6355,16.5297],[97.6317,16.529],[97.6291,16.5241]]],[[[97.74,15.0978],[97.7389,15.0781],[97.727,15.0626],[97.7384,15.0683],[97.74,15.0978]]],[[[97.7354,15.1921],[97.7389,15.2035],[97.7341,15.2095],[97.7294,15.2018],[97.7354,15.1921]]],[[[97.7081,15.2984],[97.7126,15.3012],[97.7017,15.3086],[97.7027,15.3046],[97.7081,15.2984]]],[[[97.6439,15.5894],[97.655,15.497],[97.6629,15.5199],[97.6565,15.5616],[97.6439,15.5894]]],[[[97.6462,16.5106],[97.655,16.5235],[97.6508,16.5227],[97.6391,16.5076],[97.6462,16.5106]]],[[[97.6435,16.5174],[97.6373,16.5195],[97.6348,16.5155],[97.6384,16.5148],[97.6435,16.5174]]],[[[97.6483,16.5267],[97.6363,16.5259],[97.6306,16.5195],[97.6429,16.5212],[97.6483,16.5267]]],[[[97.6497,16.5322],[97.649,16.5328],[97.6384,16.5294],[97.633,16.5252],[97.6497,16.5322]]],[[[97.6507,16.5324],[97.6502,16.532],[97.65,16.5297],[97.651,16.5305],[97.6507,16.5324]]],[[[97.637,16.5311],[97.6394,16.5303],[97.6429,16.5316],[97.6409,16.5331],[97.637,16.5311]]],[[[97.6569,16.5669],[97.6572,16.5667],[97.6558,16.5715],[97.65518532401525,16.574216010165177],[97.6552,16.5742],[97.65514683544303,16.574386075949366],[97.6515,16.5905],[97.6501,16.5989],[97.6267,16.5313],[97.6604,16.5513],[97.6569,16.5669]]],[[[97.6425,16.5907],[97.6451,16.5941],[97.6457,16.6009],[97.6427,16.6057],[97.6425,16.5907]]],[[[93.4549,19.735],[93.4092,19.7417],[93.5015,19.6763],[93.4979,19.7119],[93.4549,19.735]]],[[[93.3993,19.7957],[93.4033,19.7958],[93.4051,19.7983],[93.4033,19.807],[93.3993,19.7957]]],[[[93.4969,19.8252],[93.5363,19.8932],[93.5304,19.9201],[93.497,19.9066],[93.3968,19.9672],[93.4433,19.7868],[93.513,19.7337],[93.4969,19.8252]]],[[[93.1581,19.9909],[93.1513,20.0275],[93.1196,20.0564],[93.2216,19.8184],[93.2481,19.8178],[93.1581,19.9909]]],[[[93.012,19.9021],[93.0255,19.815],[93.0329,19.8809],[92.9578,20.0511],[92.9323,20.0987],[92.9205,20.0852],[92.9144,20.0621],[93.012,19.9021]]],[[[93.1215,20.0739],[93.1116,20.0578],[93.1295,20.0589],[93.1265,20.0744],[93.1215,20.0739]]],[[[93.4006,20.1081],[93.4026,20.1062],[93.4033,20.1093],[93.4025,20.1112],[93.4006,20.1081]]],[[[93.093,20.1524],[93.076,20.1653],[93.0567,20.1373],[93.057,20.1284],[93.093,20.1524]]],[[[92.9617,20.2242],[92.9474,20.2059],[92.9729,20.1761],[92.983,20.246],[92.9617,20.2242]]],[[[92.26374957296441,21.013605818306413],[92.2662,21.0092],[92.26417437650069,21.03011456263036],[92.2622,21.0505],[92.256,21.0446],[92.2563,21.027],[92.26374957296441,21.013605818306413]]],[[[93.7437,18.8868],[93.6445,18.8868],[93.614,18.9209],[93.4791,18.873],[93.5448,18.7679],[93.6376,18.6836],[93.7008,18.6683],[93.7501,18.7317],[93.7437,18.8868]]],[[[93.6025,19.4396],[93.6174,19.4379],[93.616,19.4523],[93.6035,19.4495],[93.6025,19.4396]]],[[[93.527,19.4789],[93.5359,19.4864],[93.5208,19.5006],[93.5076,19.5023],[93.5215,19.4743],[93.5265,19.4784],[93.5254,19.4748],[93.5343,19.4639],[93.5453,19.4712],[93.527,19.4789]]],[[[93.591,19.4739],[93.562,19.4832],[93.5117,19.5218],[93.5413,19.486],[93.5988,19.4606],[93.591,19.4739]]],[[[93.5319,19.5273],[93.5303,19.5317],[93.52,19.5443],[93.5208,19.5407],[93.5319,19.5273]]],[[[93.5089,19.5349],[93.5068,19.5388],[93.5028,19.5424],[93.5087,19.5326],[93.5089,19.5349]]],[[[93.4845,19.5377],[93.489,19.5383],[93.4899,19.5413],[93.4882,19.5396],[93.4845,19.5377]]],[[[93.587,19.5555],[93.5988,19.5513],[93.5946,19.5546],[93.5862,19.5563],[93.587,19.5555]]],[[[93.4984,19.5567],[93.4917,19.5635],[93.4874,19.5656],[93.502,19.5449],[93.4984,19.5567]]],[[[93.6372,19.6089],[93.6168,19.6299],[93.5994,19.6131],[93.6176,19.6209],[93.6372,19.6089]]],[[[93.5445,19.6485],[93.5429,19.653],[93.5381,19.6572],[93.5354,19.6572],[93.5445,19.6485]]],[[[93.5625,19.6638],[93.5719,19.6483],[93.5854,19.6587],[93.5848,19.6703],[93.5625,19.6638]]],[[[93.5947,19.7057],[93.5927,19.703],[93.5947,19.7023],[93.5962,19.7032],[93.5947,19.7057]]],[[[93.5851,19.7108],[93.5873,19.7068],[93.5909,19.7104],[93.5892,19.7131],[93.5851,19.7108]]],[[[93.5294,19.6771],[93.5732,19.7138],[93.5781,19.7695],[93.51,19.7176],[93.5294,19.6771]]],[[[93.4865,19.7224],[93.4988,19.7241],[93.4841,19.7364],[93.4607,19.7466],[93.4865,19.7224]]],[[[93.6065,19.8456],[93.5979,19.8104],[93.636,19.872],[93.6212,19.8636],[93.6065,19.8456]]],[[[93.5089,19.9212],[93.5011,19.9343],[93.49,19.9229],[93.4899,19.9205],[93.5089,19.9212]]],[[[93.7718,18.6222],[93.7977,18.6103],[93.7999,18.6334],[93.7935,18.6681],[93.7718,18.6222]]],[[[93.7521,19.2737],[93.7589,19.2802],[93.7441,19.2853],[93.7431,19.2807],[93.7521,19.2737]]],[[[93.6594,19.3782],[93.6635,19.3786],[93.6626,19.3801],[93.6524,19.3813],[93.6545,19.3791],[93.6474,19.3803],[93.6563,19.3337],[93.6878,19.3637],[93.6777,19.375],[93.6594,19.3782]]],[[[93.6367,19.3788],[93.6356,19.3747],[93.6381,19.3733],[93.6402,19.3783],[93.6367,19.3788]]],[[[93.6597,19.4086],[93.6632,19.4036],[93.6775,19.3898],[93.6914,19.3953],[93.6597,19.4086]]],[[[93.6311,19.4269],[93.637,19.411],[93.637,19.4286],[93.6219,19.4322],[93.6311,19.4269]]],[[[93.6492,19.4303],[93.6547,19.4209],[93.6661,19.4186],[93.6642,19.4282],[93.6492,19.4303]]],[[[93.757,19.5426],[93.7515,19.5398],[93.7589,19.5335],[93.7592,19.5351],[93.757,19.5426]]],[[[93.6219,19.5396],[93.623,19.5443],[93.6199,19.5438],[93.6179,19.5447],[93.6219,19.5396]]],[[[93.6482,19.5256],[93.6662,19.558],[93.6474,19.5712],[93.6264,19.5436],[93.6482,19.5256]]],[[[93.6165,19.5551],[93.6256,19.5629],[93.6229,19.5682],[93.6131,19.5663],[93.6165,19.5551]]],[[[93.6547,19.5748],[93.6633,19.5682],[93.6728,19.5703],[93.6611,19.5801],[93.6547,19.5748]]],[[[93.649,19.5864],[93.652,19.5756],[93.6571,19.5796],[93.66,19.5852],[93.649,19.5864]]],[[[93.6934,19.59],[93.6955,19.5926],[93.69,19.5959],[93.6892,19.5921],[93.6934,19.59]]],[[[93.7131,19.5989],[93.7053,19.6029],[93.7079,19.5934],[93.7196,19.5917],[93.7131,19.5989]]],[[[93.633,19.6356],[93.6312,19.639],[93.6286,19.6335],[93.6354,19.6262],[93.633,19.6356]]],[[[93.658,19.6322],[93.6532,19.6358],[93.6502,19.6398],[93.6512,19.6307],[93.657,19.6299],[93.658,19.6322]]],[[[93.6897,19.6568],[93.6949,19.6591],[93.6948,19.6614],[93.6881,19.661],[93.6897,19.6568]]],[[[93.7451,19.7909],[93.7401,19.8233],[93.6975,19.807],[93.7005,19.7868],[93.7451,19.7909]]],[[[93.7064,19.8981],[93.71,19.8917],[93.7182,19.8867],[93.7285,19.8881],[93.7064,19.8981]]],[[[94.5857,17.5759],[94.5833,17.571],[94.5848,17.56],[94.5915,17.5757],[94.5857,17.5759]]],[[[94.5162,17.5704],[94.5194,17.5717],[94.5175,17.5757],[94.5165,17.5761],[94.5162,17.5704]]],[[[94.5813,17.5755],[94.5729,17.5835],[94.573,17.5774],[94.5808,17.5712],[94.5813,17.5755]]],[[[94.4845,17.7611],[94.4783,17.7588],[94.4781,17.7581],[94.485,17.7583],[94.4845,17.7611]]],[[[94.3184,18.3781],[94.3158,18.3743],[94.3247,18.3722],[94.327,18.3749],[94.3184,18.3781]]],[[[94.2294,18.5357],[94.2371,18.5349],[94.2354,18.5404],[94.2279,18.5383],[94.2294,18.5357]]],[[[93.8138,18.7294],[93.8074,18.7209],[93.8094,18.7141],[93.8198,18.7188],[93.8138,18.7294]]],[[[93.989,18.7306],[94.003,18.7262],[93.992,18.7497],[93.9775,18.7421],[93.989,18.7306]]],[[[94.1727,18.7728],[94.1761,18.7595],[94.1802,18.7584],[94.1854,18.7751],[94.1727,18.7728]]],[[[93.9833,18.7739],[93.978,18.7749],[93.9871,18.7656],[93.9862,18.7715],[93.9833,18.7739]]],[[[93.9884,18.7817],[93.9777,18.8254],[93.9348,18.8235],[93.9566,18.7815],[93.9884,18.7817]]],[[[94.0416,19.0453],[94.0304,19.061],[94.0166,19.0461],[94.0216,19.0385],[94.0416,19.0453]]],[[[94.0097,19.1141],[93.9946,19.1052],[94.0057,19.0921],[94.0172,19.1072],[94.0097,19.1141]]],[[[93.8362,19.2616],[93.8254,19.2652],[93.8164,19.2603],[93.8258,19.2546],[93.8362,19.2616]]],[[[93.973,19.4603],[93.9712,19.4462],[93.9831,19.4487],[93.9892,19.4536],[93.973,19.4603]]],[[[93.8786,19.4746],[93.8759,19.4728],[93.88,19.4718],[93.8815,19.4729],[93.8786,19.4746]]],[[[93.8178,19.4851],[93.8573,19.5049],[93.7973,19.5311],[93.7687,19.5318],[93.8178,19.4851]]],[[[93.352,14.1498],[93.3653,14.0458],[93.3789,14.1223],[93.3733,14.152],[93.352,14.1498]]],[[[93.6122,14.874],[93.6115,14.8363],[93.6239,14.8656],[93.6363,14.8745],[93.641,14.9033],[93.6122,14.874]]],[[[96.1295,16.3199],[96.1386,16.3121],[96.1688,16.3316],[96.1581,16.3324],[96.1295,16.3199]]],[[[96.2639,16.5506],[96.2718,16.5347],[96.2791,16.532],[96.2731,16.547],[96.2639,16.5506]]],[[[96.306,16.8695],[96.3043,16.8678],[96.3065,16.8627],[96.3082,16.8659],[96.306,16.8695]]],[[[94.2796,15.8671],[94.2764,15.8697],[94.2721,15.8633],[94.2752,15.8588],[94.2796,15.8671]]],[[[94.5123,15.9307],[94.5074,15.9284],[94.5114,15.9211],[94.5165,15.9241],[94.5123,15.9307]]],[[[94.4458,15.9248],[94.4696,15.9258],[94.4814,15.973],[94.5732,16.0044],[94.6332,16.0945],[94.6666,16.2089],[94.6447,16.2538],[94.4593,16.0311],[94.3846,16.0044],[94.3948,15.8347],[94.4181,15.8559],[94.4337,15.8819],[94.4458,15.9248]]],[[[94.4506,16.0515],[94.4597,16.0491],[94.4715,16.08],[94.4607,16.0695],[94.4506,16.0515]]],[[[94.6268,16.0693],[94.6126,16.0478],[94.6245,16.0603],[94.6465,16.1004],[94.6347,16.0798],[94.6268,16.0693]]],[[[94.5208,16.1388],[94.5412,16.1585],[94.5286,16.1565],[94.5181,16.147],[94.5208,16.1388]]],[[[94.663,16.2858],[94.6636,16.2879],[94.6549,16.2754],[94.6563,16.2758],[94.663,16.2858]]],[[[94.6982,16.3905],[94.6964,16.3993],[94.692,16.3722],[94.6971,16.3761],[94.6982,16.3905]]],[[[94.2286,16.3915],[94.225,16.3941],[94.2237,16.3828],[94.2257,16.3814],[94.2286,16.3915]]],[[[94.6979,16.4089],[94.6977,16.4155],[94.6949,16.3998],[94.697,16.4029],[94.6979,16.4089]]],[[[94.6954,16.4278],[94.6923,16.4271],[94.6936,16.4174],[94.696,16.4222],[94.6954,16.4278]]],[[[94.6835,16.4708],[94.681,16.468],[94.6842,16.4631],[94.6845,16.4663],[94.6835,16.4708]]],[[[94.4305,16.9547],[94.4282,16.956],[94.425,16.9485],[94.4331,16.953],[94.4305,16.9547]]],[[[94.4989,17.3142],[94.5034,17.3144],[94.502,17.3204],[94.4996,17.3183],[94.4989,17.3142]]],[[[95.0621,15.7334],[95.0423,15.7491],[95.0236,15.726],[95.0569,15.7127],[95.0621,15.7334]]],[[[95.0568,15.8292],[95.0568,15.8161],[95.0631,15.8169],[95.0645,15.8339],[95.0568,15.8292]]],[[[94.8491,16.0025],[94.8535,16.011],[94.8393,15.9993],[94.8431,15.9991],[94.8491,16.0025]]],[[[95.1101,16.0945],[95.1092,16.0911],[95.1204,16.0979],[95.1227,16.1023],[95.1101,16.0945]]],[[[94.9959,16.258],[94.9844,16.246],[94.9909,16.2472],[94.999,16.2593],[94.9959,16.258]]],[[[95.3553,15.6893],[95.3765,15.7046],[95.2731,15.6804],[95.3053,15.6724],[95.3553,15.6893]]],[[[95.2379,15.6874],[95.2044,15.6985],[95.2046,15.693],[95.2104,15.6843],[95.2379,15.6874]]],[[[95.3261,15.9548],[95.3342,15.9663],[95.3235,16.0866],[95.2716,16.0313],[95.2734,15.9559],[95.2305,15.8713],[95.2584,15.8574],[95.3146,15.9383],[95.3124,15.9269],[95.3333,15.9372],[95.3286,15.957],[95.3261,15.9548]]],[[[95.2503,15.9525],[95.2388,15.9324],[95.2382,15.9142],[95.2665,15.987],[95.2503,15.9525]]],[[[95.3312,16.126],[95.328,16.122],[95.3274,16.119],[95.3312,16.126]]],[[[95.331,16.1245],[95.3309,16.1229],[95.3363,16.1301],[95.3344,16.1294],[95.331,16.1245]]],[[[95.3391,16.1277],[95.3432,16.1341],[95.3298,16.1195],[95.3329,16.1203],[95.3391,16.1277]]],[[[95.337,16.1324],[95.3434,16.1362],[95.3468,16.1404],[95.3391,16.1351],[95.337,16.1324]]],[[[95.9318,16.2473],[95.9178,16.2123],[96.0122,16.2413],[96.0447,16.2815],[96.0794,16.332],[95.9884,16.3892],[95.9639,16.3277],[95.9509,16.3621],[95.955,16.3326],[95.9541,16.3033],[95.9418,16.2725],[95.9321,16.3873],[95.8927,16.2343],[95.8457,16.1911],[95.8625,16.1915],[95.9318,16.2473]]],[[[95.9856,16.3883],[95.9744,16.408],[95.9276,16.4025],[95.9608,16.3487],[95.9856,16.3883]]],[[[95.989,16.4011],[95.9971,16.3894],[96.0108,16.386],[95.9971,16.3991],[95.989,16.4011]]]]},"properties":{"iso3":"MMR"}},
{"type":"Feature","geometry":{"type":"MultiPolygon","coordinates":[[[[40.4902,-13.042],[40.4912,-13.0349],[40.4874,-13.0344],[40.4883,-13.0436],[40.4902,-13.042]]],[[[40.5334,-12.382],[40.5363,-12.3808],[40.5297,-12.3797],[40.5304,-12.3826],[40.5334,-12.382]]],[[[40.4938,-12.382],[40.4944,-12.3756],[40.4922,-12.3772],[40.4914,-12.3797],[40.4938,-12.382]]],[[[40.4965,-12.3802],[40.5009,-12.3787],[40.5027,-12.3743],[40.4978,-12.377],[40.4965,-12.3802]]],[[[40.4936,-12.3679],[40.492,-12.3743],[40.4926,-12.3749],[40.4981,-12.3656],[40.4936,-12.3679]]],[[[38.4868,-11.4217],[38.2862,-11.3334],[38.2681,-11.2895],[37.9283,-11.2624],[37.8335,-11.3119],[37.7536,-11.5494],[37.5901,-11.6237],[37.5014,-11.6163],[37.4147,-11.6862],[37.2749,-11.6368],[37.085,-11.6273],[37.021,-11.5861],[36.9225,-11.6083],[36.8059,-11.5688],[36.7698,-11.6469],[36.6849,-11.7067],[36.6307,-11.7334],[36.5738,-11.6997],[36.5192,-11.7616],[36.492,-11.682],[36.3878,-11.6789],[36.2989,-11.7211],[36.2696,-11.691],[36.217,-11.7085],[36.1834,-11.6628],[36.1823,-11.5463],[36.1551,-11.5709],[36.1176,-11.5124],[36.0665,-11.5416],[36.0429,-11.4949],[35.9617,-11.4661],[35.9462,-11.4227],[35.8456,-11.4109],[35.7776,-11.4698],[35.7136,-11.4774],[35.6466,-11.5624],[35.5776,-11.549],[35.5177,-11.5819],[35.4962,-11.5596],[35.4441,-11.584],[35.4179,-11.5624],[34.6375,-11.577],[34.6343,-11.7758],[34.5312,-11.9646],[34.3502,-12.1934],[34.3685,-12.3466],[34.474,-12.555],[34.5223,-12.7542],[34.5055,-12.8424],[34.5548,-13.0679],[34.5283,-13.3544],[34.6045,-13.4841],[34.8704,-13.4817],[35.24637168904495,-13.902636778927477],[35.4858,-14.1707],[35.50445371391502,-14.21876918585793],[35.5196,-14.2578],[35.773,-14.5568],[35.8732,-14.6749],[35.8731,-14.8955],[35.91669398949122,-14.896464468794052],[35.91821799812324,-14.896498185799187],[35.9183,-14.8965],[35.7904,-15.1713],[35.80164474108484,-15.221190460445415],[35.807645440520666,-15.247814253344579],[35.8446979947988,-15.412208344739483],[35.8513,-15.4415],[35.851126348734404,-15.444257935918005],[35.814,-16.0339],[35.809269095380266,-16.036965837630667],[35.80064098161988,-16.042557240961422],[35.7066,-16.1035],[35.635284401215806,-16.1127050739615],[35.563705512558506,-16.121944132111544],[35.55636462076444,-16.122891659063008],[35.5563,-16.1229],[35.55541921561441,-16.124050462750848],[35.51962393861772,-16.167925513557808],[35.51315923664122,-16.15906717557252],[35.4864,-16.1224],[35.41697341772152,-16.12446217571124],[35.4056,-16.1248],[35.31464168438962,-16.213700435166704],[35.29981694355516,-16.22818977462482],[35.2951,-16.2328],[35.294647655068076,-16.23506664145235],[35.293675059571086,-16.23994019062748],[35.2775589380531,-16.32069597345133],[35.27717877199551,-16.32260093597903],[35.2767,-16.325],[35.282663174931486,-16.330311329898485],[35.29875537392726,-16.344644462607274],[35.301144041450776,-16.34677202072539],[35.3014,-16.347],[35.300716636113656,-16.347966544454632],[35.29950195052331,-16.349684586108477],[35.27309793445734,-16.387030216772498],[35.26395790706755,-16.399957798936715],[35.26230031373508,-16.402302285784128],[35.26151082140756,-16.403418937463243],[35.261505074773225,-16.403427065457223],[35.2611,-16.404],[35.26088493150685,-16.41549080234834],[35.260850927487354,-16.417307588532886],[35.25995946333326,-16.464937244766066],[35.257340875054865,-16.480464654948108],[35.233343887292136,-16.49739750307945],[35.1459,-16.5591],[35.148909180497924,-16.566822354771784],[35.14977911942763,-16.56905484865163],[35.1708,-16.623],[35.28704713506139,-16.711194270122782],[35.28769477310402,-16.71168561956071],[35.2889,-16.7126],[35.30160097297297,-16.773142977886977],[35.313928528278815,-16.83190594902866],[35.263979467680606,-16.93731102661597],[35.2622,-16.941],[35.30503745762458,-16.98443658290604],[35.305052099155475,-16.985271735828423],[35.296394407501104,-17.124756768037784],[35.09437080675564,-17.12215121261592],[35.10405036433033,-17.093441776544072],[35.1072,-17.0841],[35.07040760327142,-17.032618360133075],[35.0541,-17.0098],[35.14990531358885,-16.95018780487805],[35.1666,-16.9398],[35.15496432943795,-16.838037186270906],[35.1548,-16.8366],[35.15362853154822,-16.836525923404135],[35.0441,-16.8296],[35.04269335700978,-16.82791459594783],[35.02752816703692,-16.80974404890082],[34.976513712486195,-16.748619819784636],[34.9674,-16.7377],[34.920787186629525,-16.747022562674093],[34.9194,-16.7473],[34.91124066786569,-16.696574513478293],[34.9111,-16.6957],[34.85853594407201,-16.675225611174117],[34.8577,-16.6749],[34.84159300861138,-16.616501389510795],[34.839,-16.6071],[34.7769,-16.5856],[34.75709918404352,-16.530597733454215],[34.7526,-16.5181],[34.6851,-16.5027],[34.68506925978792,-16.502521706769983],[34.681717430871544,-16.483081099054978],[34.6746,-16.4418],[34.66858150025417,-16.439796244675968],[34.59687852106819,-16.4159239787691],[34.5939,-16.414],[34.5686,-16.3098],[34.4292,-16.2591],[34.40201354775632,-16.17227195097367],[34.41444618234107,-16.09677739879639],[34.42232666192024,-16.04892484809877],[34.4235,-16.0418],[34.37390322994385,-16.004683559351196],[34.2578602140594,-15.898662726804949],[34.2724,-15.7962],[34.3667,-15.7421],[34.412136847119754,-15.679142392283046],[34.43753291029377,-15.643953432568253],[34.4598,-15.6131],[34.439209825869085,-15.539940537541101],[34.44094208580192,-15.432494835917499],[34.4421,-15.4266],[34.49460630949143,-15.415905548001088],[34.51061568209173,-15.412644769087755],[34.5182,-15.4111],[34.5224,-15.3551],[34.53486529007431,-15.343177353150317],[34.59160468764418,-15.288907954230877],[34.6028,-15.2782],[34.601210591566804,-15.26794961839969],[34.599084516078406,-15.254238174184321],[34.5925307059913,-15.211971471098005],[34.5757151510359,-15.103524924877432],[34.57384584399444,-15.079138964836613],[34.6235,-15.0033],[34.568165317919075,-14.904079190751444],[34.56550851306208,-14.89925965351963],[34.5843,-14.8102],[34.5742509320459,-14.79088450178293],[34.52921146153846,-14.704313307692308],[34.520540610045046,-14.687646904666023],[34.5201,-14.6868],[34.54179355948971,-14.607225371304109],[34.543,-14.6028],[34.53960230182574,-14.598084229258143],[34.492706500286495,-14.532996090914878],[34.3922,-14.3935],[34.379540799345165,-14.396201508012222],[34.27973994945359,-14.417499282094484],[34.10932689080369,-14.45386589448041],[34.08868612730782,-14.458270689813295],[34.0848,-14.4591],[34.08631195067747,-14.486848741845298],[34.0861,-14.4894],[33.9327,-14.4723],[33.92761983060622,-14.47536176004539],[33.9142,-14.4741],[33.7988,-14.5525],[33.7213,-14.4994],[33.721089834481575,-14.503755096576235],[33.7177,-14.574],[33.71737646297255,-14.574284712584156],[33.68625244755245,-14.601673846153846],[33.66947502384104,-14.614479471598878],[33.64014231618385,-14.561050578711447],[33.601809509472105,-14.491228199958947],[33.5985,-14.4852],[33.474,-14.401],[33.3818,-14.2157],[33.3407,-14.2131],[33.29913937808947,-14.14665768997199],[33.3205,-14.0843],[33.304609876801,-14.048864279251061],[33.2991,-14.0347],[33.2449,-14.0001],[33.22311604005129,-14.00793499075272],[33.21948124934348,-14.006556010643594],[32.4508,-14.2846],[32.3091,-14.3107],[32.13240395567401,-14.367275597325477],[31.9592,-14.4116],[31.89952020274254,-14.44184171157979],[31.702640296779318,-14.504879898562082],[31.6861,-14.508],[31.5055,-14.6092],[30.7846,-14.7914],[30.53110601045616,-14.88530485467865],[30.2157,-14.998],[30.218502718211745,-15.010301385023917],[30.2578,-15.2212],[30.269261821855892,-15.233087705382042],[30.2707,-15.2394],[30.3765,-15.3543],[30.39977502808448,-15.477686864364168],[30.3602,-15.5511],[30.41878447239594,-15.6211059829807],[30.4197,-15.6222],[30.4211,-16.0005],[30.9175,-16.0011],[30.9928,-16.0614],[31.1457,-15.9884],[31.2805,-16.0064],[31.4262,-16.16],[31.736,-16.2089],[31.8987,-16.3411],[31.9116,-16.4094],[32.04,-16.4446],[32.2771,-16.4328],[32.7135,-16.5989],[32.7034,-16.6779],[32.7592,-16.7054],[32.99,-16.7],[32.9119,-16.8959],[32.8312,-16.9231],[32.9399,-17.0681],[32.9923,-17.1877],[32.9983,-17.3025],[33.0529,-17.3439],[32.9657,-17.482],[32.9831,-17.558],[33.0542,-17.6052],[33.0072,-17.7322],[33.0183,-17.8043],[32.9607,-17.8161],[32.9535,-17.9145],[32.9838,-17.9191],[32.9368,-18.0323],[33.0173,-18.2117],[33.0161,-18.2987],[33.0681,-18.3493],[33.019,-18.4228],[33.0228,-18.471],[32.8751,-18.5203],[32.9608,-18.6885],[32.9383,-18.767],[32.8848,-18.7996],[32.8149,-18.7798],[32.7143,-18.8294],[32.7428,-18.9289],[32.6979,-18.9392],[32.717,-19.0252],[32.8423,-19.0095],[32.877,-19.0769],[32.8557,-19.2807],[32.7778,-19.3571],[32.7764,-19.4586],[32.8477,-19.4821],[32.8353,-19.6749],[32.9752,-19.6536],[32.9853,-19.6899],[32.9556,-19.7196],[33.0638,-19.7779],[33.0291,-20.0353],[32.9166,-20.0462],[32.9384,-20.1023],[32.8729,-20.1039],[32.8462,-20.2201],[32.8735,-20.2766],[32.6671,-20.5555],[32.5667,-20.5554],[32.4994,-20.6083],[32.4872,-20.7549],[32.5216,-20.9118],[32.3636,-21.1414],[32.4151,-21.1754],[32.3968,-21.202],[32.4925,-21.3338],[32.4144,-21.3165],[31.3885,-22.368],[31.3058,-22.4183],[31.563,-23.1854],[31.5611,-23.4821],[31.6892,-23.6245],[31.6972,-23.7247],[31.7678,-23.8849],[31.8801,-23.9529],[31.9078,-24.1834],[31.9521,-24.2512],[32.0095,-24.457],[32.0336,-25.1309],[32.0139,-25.3843],[31.978,-25.4728],[32.0062,-25.6443],[31.9309,-25.8401],[32.0024,-25.998],[32.0862,-26.0082],[32.1056,-26.1595],[32.0786,-26.4056],[32.1354,-26.5263],[32.151,-26.8541],[32.2197,-26.8323],[32.3313,-26.8633],[32.8926,-26.8567],[32.9628,-26.082],[32.9088,-26.1094],[32.87,-26.198],[32.8666,-26.2588],[32.8867,-26.2832],[32.8335,-26.2888],[32.7243,-26.1836],[32.6817,-26.1844],[32.608,-26.0349],[32.5411,-25.9756],[32.4972,-25.971],[32.4951,-26.0086],[32.4723,-25.9873],[32.5011,-25.9603],[32.5286,-25.9397],[32.5944,-25.9828],[32.6918,-25.8791],[32.6971,-25.8532],[32.7093,-25.8376],[32.7161,-25.8589],[32.7277,-25.8321],[32.7242,-25.8193],[32.7187,-25.8256],[32.7321,-25.8085],[32.7523,-25.8733],[32.7441,-25.7493],[32.8311,-25.5863],[33.1335,-25.3816],[33.7308,-25.1178],[34.473,-24.8626],[34.6083,-24.8151],[34.9895,-24.6731],[35.15,-24.5813],[35.4783,-24.1544],[35.5559,-23.8687],[35.5396,-23.7934],[35.4798,-23.7794],[35.5098,-23.7961],[35.4796,-23.8817],[35.3903,-23.8373],[35.395,-23.9164],[35.3298,-24.0035],[35.3785,-23.698],[35.3326,-23.7154],[35.3338,-23.6846],[35.3909,-23.6644],[35.3966,-23.6707],[35.3946,-23.7223],[35.4011,-23.7321],[35.395,-23.7337],[35.409,-23.7311],[35.4259,-23.5005],[35.4938,-23.3037],[35.4864,-23.1768],[35.6043,-22.9253],[35.5467,-22.8842],[35.5498,-22.8988],[35.5789,-22.9368],[35.5465,-22.9255],[35.5136,-22.7872],[35.5035,-22.5856],[35.5395,-22.4345],[35.5471,-22.1377],[35.5388,-22.1174],[35.522,-22.2258],[35.4634,-22.0962],[35.4197,-22.1996],[35.3367,-22.2235],[35.2765,-21.6423],[35.1343,-21.4102],[35.116,-21.2549],[35.0783,-21.317],[35.0778,-21.2555],[35.0475,-21.2488],[35.0453,-21.2249],[35.0936,-21.2472],[35.1055,-21.2256],[35.0408,-21.1676],[35.066,-21.135],[35.0081,-21.1135],[35.0144,-21.0693],[35.0866,-21.087],[35.0741,-21.0268],[35.097,-21.0154],[35.0991,-21.0388],[35.1312,-20.9575],[35.0505,-20.9721],[35.0691,-20.9173],[35.03,-20.818],[35.009,-20.8507],[35.0032,-20.7998],[34.9692,-20.8124],[35.0256,-20.7905],[35.0137,-20.7615],[34.961,-20.7579],[35.0068,-20.7526],[34.9949,-20.7126],[34.8949,-20.695],[34.8732,-20.7533],[34.9023,-20.6549],[34.9109,-20.6758],[34.9659,-20.6684],[34.9305,-20.6301],[34.919,-20.6293],[34.8873,-20.6185],[34.9012,-20.6521],[34.8546,-20.6774],[34.8556,-20.7084],[34.8464,-20.6787],[34.7963,-20.6899],[34.8461,-20.6709],[34.8269,-20.636],[34.8498,-20.6343],[34.7383,-20.5426],[34.7442,-20.5148],[34.6839,-20.5216],[34.6855,-20.6093],[34.6626,-20.5603],[34.6638,-20.513],[34.7181,-20.4731],[34.6442,-20.4045],[34.6616,-20.3886],[34.6658,-20.4024],[34.7059,-20.3755],[34.6528,-20.3265],[34.7111,-20.3028],[34.7422,-20.2169],[34.7282,-20.2148],[34.7178,-20.2266],[34.6794,-20.1768],[34.7248,-20.144],[34.7631,-20.1719],[34.7806,-20.1396],[34.7395,-19.8824],[34.7754,-19.8379],[34.6994,-19.7558],[34.7004,-19.7553],[34.6965,-19.7526],[34.6775,-19.7321],[34.6766,-19.7286],[34.682,-19.7227],[34.682,-19.7163],[34.6792,-19.7098],[34.6762,-19.7271],[34.673,-19.7152],[34.6663,-19.7148],[34.6657,-19.7193],[34.6619,-19.7152],[34.6911,-19.6924],[34.7064,-19.7322],[34.7225,-19.7378],[34.7115,-19.7404],[34.7263,-19.7483],[34.7525,-19.752],[34.7448,-19.7456],[34.8032,-19.766],[34.8409,-19.8488],[34.8885,-19.8511],[35.0012,-19.7756],[34.9831,-19.7981],[35.3597,-19.4999],[35.6717,-19.1559],[35.6813,-19.1081],[35.9086,-18.971],[35.892,-18.9443],[35.9529,-18.9538],[36.0263,-18.8574],[36.027,-18.8668],[36.0153,-18.9092],[35.9832,-18.9356],[36.0773,-18.8972],[36.0619,-18.9225],[36.1102,-18.9156],[36.1193,-18.8268],[36.1591,-18.7947],[36.1246,-18.8388],[36.146,-18.903],[36.2788,-18.8825],[36.2372,-18.7809],[36.3109,-18.8646],[36.3572,-18.8181],[36.3369,-18.809],[36.3422,-18.8089],[36.333,-18.807],[36.3303,-18.806],[36.2632,-18.7759],[36.3376,-18.8047],[36.385,-18.7876],[36.3916,-18.7262],[36.3572,-18.7455],[36.3802,-18.6846],[36.4083,-18.6869],[36.4732,-18.5993],[36.413,-18.5755],[36.4247,-18.5406],[36.427,-18.5644],[36.4943,-18.568],[36.4985,-18.5231],[36.5223,-18.5301],[36.8286,-18.2174],[36.7493,-18.2505],[36.7131,-18.1715],[36.7537,-18.2474],[36.7942,-18.2089],[36.8166,-18.2023],[36.8228,-18.1938],[36.8055,-18.1982],[36.8374,-18.1679],[36.8773,-18.1887],[36.9665,-18.0451],[36.9237,-18.0263],[36.9459,-17.9951],[36.9192,-17.9764],[36.9063,-17.9817],[36.9214,-18.0252],[36.9069,-18.0189],[36.885,-17.894],[36.9022,-17.8899],[36.9146,-17.953],[36.981,-18.0233],[37.1937,-17.7697],[37.1756,-17.7127],[37.1461,-17.7074],[37.1842,-17.7084],[37.2161,-17.7615],[37.4444,-17.5946],[37.5787,-17.5454],[37.5537,-17.5266],[37.6054,-17.5364],[37.7298,-17.4458],[37.7583,-17.4489],[37.7565,-17.4521],[37.7528,-17.4537],[37.7294,-17.4514],[37.7006,-17.4783],[38.0474,-17.3307],[37.9999,-17.2832],[38.084,-17.322],[38.1136,-17.2964],[38.0567,-17.2629],[38.1005,-17.2843],[38.116,-17.2496],[38.0667,-17.207],[38.081,-17.2086],[38.0837,-17.2147],[38.0917,-17.2114],[38.0892,-17.2095],[38.1154,-17.2124],[38.1146,-17.168],[38.1231,-17.1665],[38.1275,-17.1841],[38.1225,-17.2204],[38.1386,-17.2196],[38.1316,-17.2879],[38.1572,-17.2958],[38.5016,-17.1418],[38.4476,-17.1485],[38.5062,-17.0984],[38.526,-17.1346],[38.5607,-17.1275],[38.5758,-17.0697],[38.586,-17.1153],[38.6797,-17.0889],[38.6456,-17.0928],[38.6789,-17.023],[38.6868,-17.0335],[38.6706,-17.0437],[38.7103,-17.0835],[39.0738,-17.0125],[39.1251,-16.936],[39.0831,-16.9453],[39.0845,-16.9411],[39.0716,-16.9378],[39.1336,-16.9062],[39.1292,-16.8586],[39.1433,-16.9029],[39.2736,-16.7876],[39.2138,-16.7698],[39.2462,-16.766],[39.2378,-16.6992],[39.2607,-16.7742],[39.3013,-16.7802],[39.5033,-16.6671],[39.8634,-16.4408],[39.8034,-16.4182],[39.8241,-16.3994],[39.7737,-16.3235],[39.8101,-16.2886],[39.7797,-16.2909],[39.7551,-16.2592],[39.7827,-16.285],[39.8549,-16.2654],[39.8951,-16.1751],[39.9045,-16.2472],[39.9611,-16.2438],[40.0273,-16.1877],[40.1379,-15.9731],[40.1144,-16.0057],[40.0633,-16.029],[40.0686,-16.0093],[40.1105,-15.9948],[40.1177,-15.95],[40.1433,-15.9225],[40.1444,-15.9432],[40.1235,-15.9543],[40.1621,-15.9425],[40.3507,-15.748],[40.4282,-15.6181],[40.5662,-15.4964],[40.5829,-15.4144],[40.6808,-15.2548],[40.6199,-15.1465],[40.5663,-15.2025],[40.5042,-15.1952],[40.5028,-15.1698],[40.5273,-15.1283],[40.5823,-15.1432],[40.6323,-15.0884],[40.7117,-15.0862],[40.6579,-14.9911],[40.6583,-15.0151],[40.6188,-14.9961],[40.6273,-14.9843],[40.6517,-14.9802],[40.638,-14.9599],[40.6754,-14.9929],[40.7761,-15.002],[40.7395,-14.9367],[40.6512,-14.9198],[40.6369,-14.8459],[40.6505,-14.8407],[40.6545,-14.9087],[40.8332,-14.8382],[40.8344,-14.7992],[40.8356,-14.8005],[40.8365,-14.795],[40.8347,-14.7897],[40.8381,-14.6837],[40.7995,-14.6287],[40.84,-14.5432],[40.8028,-14.527],[40.7907,-14.5615],[40.7604,-14.5578],[40.7859,-14.5273],[40.8266,-14.5193],[40.8076,-14.4113],[40.6749,-14.4601],[40.6712,-14.5592],[40.6169,-14.6081],[40.6491,-14.5278],[40.6208,-14.5204],[40.6609,-14.4811],[40.6323,-14.4904],[40.6245,-14.4647],[40.6695,-14.47],[40.6214,-14.3304],[40.6404,-14.3314],[40.6785,-14.3841],[40.735,-14.333],[40.7399,-14.2757],[40.694,-14.1872],[40.6223,-14.2175],[40.6095,-14.2862],[40.598,-14.2214],[40.5494,-14.2332],[40.525,-14.1741],[40.5328,-14.161],[40.5584,-14.1544],[40.5593,-14.1441],[40.6112,-14.1427],[40.589,-14.0935],[40.6279,-14.0812],[40.6392,-14.0259],[40.5771,-13.9987],[40.6236,-13.9854],[40.618,-13.9313],[40.5373,-13.6397],[40.6014,-13.5564],[40.5423,-13.5436],[40.5481,-13.5686],[40.5209,-13.5416],[40.5438,-13.5405],[40.5283,-13.5182],[40.4818,-13.5241],[40.5282,-13.5131],[40.5833,-13.3816],[40.552,-13.1019],[40.5885,-12.9732],[40.484,-12.9615],[40.515,-12.9938],[40.4917,-13.0528],[40.435,-13.0285],[40.4032,-12.9232],[40.4895,-12.8788],[40.5045,-12.8921],[40.5117,-12.9298],[40.5659,-12.8203],[40.5486,-12.7695],[40.5822,-12.8161],[40.6311,-12.7486],[40.5985,-12.762],[40.5998,-12.7055],[40.5691,-12.7219],[40.5836,-12.7522],[40.565,-12.7229],[40.57,-12.6562],[40.6196,-12.659],[40.5638,-12.6313],[40.5703,-12.5317],[40.4811,-12.5464],[40.4553,-12.5053],[40.5713,-12.3972],[40.5413,-12.3769],[40.5392,-12.4013],[40.4769,-12.3974],[40.5153,-12.3259],[40.4588,-12.2624],[40.4638,-12.2272],[40.4688,-12.2273],[40.4706,-12.2303],[40.4643,-12.248],[40.4823,-12.2699],[40.5055,-12.2442],[40.5004,-12.0465],[40.5535,-11.9996],[40.4954,-11.9564],[40.4838,-11.8954],[40.5177,-11.8523],[40.4619,-11.8152],[40.4664,-11.7444],[40.4202,-11.7013],[40.4427,-11.6769],[40.4171,-11.6808],[40.4617,-11.6156],[40.4186,-11.5552],[40.4521,-11.5283],[40.4762,-11.4082],[40.4291,-11.4166],[40.3241,-11.2988],[40.3796,-11.3322],[40.4342,-11.2313],[40.5098,-11.1971],[40.4914,-11.1494],[40.5663,-11.0315],[40.4824,-11.0013],[40.4934,-10.9507],[40.6192,-10.8328],[40.4947,-10.7743],[40.4808,-10.7982],[40.5008,-10.7246],[40.581,-10.6899],[40.6394,-10.7051],[40.5731,-10.6567],[40.5842,-10.6014],[40.4836,-10.5908],[40.4767,-10.5566],[40.5454,-10.5521],[40.5289,-10.4855],[40.4785,-10.5132],[40.5001,-10.4891],[40.4299,-10.4819],[40.3556,-10.571],[40.238,-10.6032],[40.0037,-10.8131],[39.535,-10.9804],[39.2477,-11.1797],[39.1519,-11.1509],[38.8885,-11.1717],[38.753,-11.2728],[38.6423,-11.2877],[38.4868,-11.4217]]],[[[40.4597,-12.262],[40.4605,-12.264],[40.4645,-12.2665],[40.4605,-12.2612],[40.4597,-12.262]]],[[[40.4624,-12.256],[40.4631,-12.2604],[40.466,-12.2614],[40.4628,-12.2542],[40.4624,-12.256]]],[[[40.544,-12.0432],[40.5432,-12.0473],[40.5481,-12.045],[40.5465,-12.0427],[40.544,-12.0432]]],[[[40.5353,-12.0175],[40.5383,-12.0194],[40.5407,-12.0183],[40.5361,-12.0167],[40.5353,-12.0175]]],[[[40.5937,-11.9778],[40.5697,-11.9741],[40.5799,-12.0026],[40.5945,-11.9854],[40.5937,-11.9778]]],[[[40.5665,-11.8227],[40.5658,-11.8245],[40.5688,-11.8242],[40.5683,-11.8232],[40.5665,-11.8227]]],[[[40.5254,-11.4248],[40.534,-11.4272],[40.5352,-11.4266],[40.5208,-11.4195],[40.5254,-11.4248]]],[[[40.5275,-11.3581],[40.5338,-11.3627],[40.5378,-11.3622],[40.5252,-11.356],[40.5275,-11.3581]]],[[[40.5849,-11.3139],[40.5864,-11.3116],[40.5777,-11.3113],[40.5793,-11.3131],[40.5849,-11.3139]]],[[[40.5005,-10.57],[40.5242,-10.5698],[40.5227,-10.5664],[40.5028,-10.5562],[40.4984,-10.5691],[40.4911,-10.5661],[40.4874,-10.5838],[40.52,-10.579],[40.5061,-10.5723],[40.5005,-10.57]]],[[[40.6145,-12.6845],[40.6153,-12.6814],[40.6084,-12.6788],[40.6091,-12.6863],[40.6145,-12.6845]]],[[[40.6183,-12.5964],[40.5997,-12.6002],[40.6205,-12.6111],[40.6259,-12.602],[40.6183,-12.5964]]],[[[40.6006,-12.5643],[40.6121,-12.5432],[40.6044,-12.5302],[40.5806,-12.5489],[40.6006,-12.5643]]],[[[40.6068,-12.4932],[40.6012,-12.4901],[40.6032,-12.4978],[40.6064,-12.4973],[40.6068,-12.4932]]],[[[40.6338,-12.4786],[40.635,-12.4726],[40.6303,-12.4868],[40.6345,-12.487],[40.6338,-12.4786]]],[[[40.6077,-12.4629],[40.6176,-12.4209],[40.5966,-12.4046],[40.5903,-12.4249],[40.6077,-12.4629]]],[[[40.6171,-12.3451],[40.6261,-12.3361],[40.6231,-12.3315],[40.5463,-12.361],[40.5827,-12.3749],[40.5732,-12.4077],[40.6025,-12.3933],[40.598,-12.3895],[40.5908,-12.3916],[40.6215,-12.3639],[40.6171,-12.3451]]],[[[40.5976,-12.1854],[40.5604,-12.1952],[40.5908,-12.2529],[40.6176,-12.2317],[40.5976,-12.1854]]],[[[40.6035,-11.8186],[40.6094,-11.8171],[40.6103,-11.8155],[40.5975,-11.8173],[40.6035,-11.8186]]],[[[40.6421,-11.3702],[40.654,-11.3676],[40.6245,-11.3696],[40.6265,-11.372],[40.6421,-11.3702]]],[[[40.6464,-11.1899],[40.5845,-11.1759],[40.6159,-11.1968],[40.6311,-11.1964],[40.6464,-11.1899]]],[[[40.697,-11.1601],[40.676,-11.1465],[40.6533,-11.1858],[40.6671,-11.172],[40.697,-11.1601]]],[[[40.7168,-11.0056],[40.5998,-11.0252],[40.6435,-11.0433],[40.7034,-11.0246],[40.7168,-11.0056]]],[[[40.631,-10.9171],[40.6294,-10.9132],[40.6222,-10.9086],[40.6259,-10.9248],[40.631,-10.9171]]],[[[40.6696,-10.8373],[40.6528,-10.8234],[40.6729,-10.8586],[40.6637,-10.8616],[40.6547,-10.8447],[40.6447,-10.8804],[40.6841,-10.8545],[40.6696,-10.8373]]],[[[40.6535,-10.8026],[40.6619,-10.778],[40.6576,-10.7713],[40.6308,-10.7733],[40.6535,-10.8026]]],[[[35.5187,-22.1822],[35.5218,-22.1842],[35.5256,-22.1739],[35.519,-22.1755],[35.5187,-22.1822]]],[[[35.5199,-22.1395],[35.5298,-22.1606],[35.5313,-22.1418],[35.5338,-22.1393],[35.5199,-22.1395]]],[[[35.4284,-21.9603],[35.4193,-21.9807],[35.4358,-21.9804],[35.4331,-21.9662],[35.4284,-21.9603]]],[[[35.4116,-21.8648],[35.4445,-21.9142],[35.4503,-21.9016],[35.4667,-21.8222],[35.4116,-21.8648]]],[[[35.4975,-21.6433],[35.4937,-21.5348],[35.482,-21.5142],[35.4652,-21.5103],[35.4248,-21.7272],[35.455,-21.7956],[35.4975,-21.6433]]],[[[35.3425,-21.6172],[35.3342,-21.612],[35.34,-21.6182],[35.3395,-21.6264],[35.3425,-21.6172]]],[[[35.1278,-21.1993],[35.1202,-21.1635],[35.1215,-21.179],[35.1264,-21.1934],[35.1278,-21.1993]]],[[[32.9406,-26.0334],[32.957,-26.0783],[32.9943,-25.9734],[32.9156,-26.0019],[32.9054,-26.0689],[32.9142,-26.0229],[32.9406,-26.0334]]],[[[32.9036,-25.9741],[32.9145,-25.9824],[32.9237,-25.9692],[32.9068,-25.9697],[32.9036,-25.9741]]],[[[32.7029,-25.8981],[32.6985,-25.8855],[32.6776,-25.9271],[32.6863,-25.9372],[32.7029,-25.8981]]],[[[39.9122,-16.354],[39.9127,-16.3298],[39.931,-16.3071],[39.8919,-16.334],[39.9225,-16.2944],[39.8982,-16.2786],[39.8555,-16.3237],[39.8551,-16.3119],[39.881,-16.2939],[39.8308,-16.2914],[39.7986,-16.344],[39.8564,-16.4258],[39.9107,-16.4112],[39.9522,-16.3076],[39.9122,-16.354]]],[[[39.7923,-16.3425],[39.796,-16.3509],[39.8039,-16.3085],[39.7864,-16.315],[39.7923,-16.3425]]],[[[40.7753,-15.0856],[40.7765,-15.0746],[40.7664,-15.0787],[40.771,-15.0913],[40.7753,-15.0856]]],[[[40.7882,-15.0558],[40.791,-15.0494],[40.7905,-15.0472],[40.7818,-15.051],[40.7882,-15.0558]]],[[[40.7345,-15.0318],[40.7262,-15.0477],[40.7325,-15.0449],[40.7397,-15.0343],[40.7457,-15.0284],[40.7345,-15.0318]]],[[[40.829,-14.8629],[40.8299,-14.8494],[40.8117,-14.8507],[40.8165,-14.877],[40.829,-14.8629]]],[[[34.6694,-20.551],[34.6691,-20.5552],[34.6721,-20.56],[34.6765,-20.5405],[34.6694,-20.551]]],[[[34.662,-20.3903],[34.6601,-20.3924],[34.6596,-20.3942],[34.6616,-20.394],[34.662,-20.3903]]],[[[34.6757,-20.3395],[34.6753,-20.3401],[34.6755,-20.3416],[34.6774,-20.3424],[34.6757,-20.3395]]],[[[34.6862,-20.182],[34.7076,-20.1858],[34.707,-20.1806],[34.6978,-20.1734],[34.6862,-20.182]]],[[[35.0549,-20.9711],[35.1298,-20.9451],[35.1126,-20.9105],[35.0716,-20.91],[35.0549,-20.9711]]],[[[34.9483,-20.6807],[34.9445,-20.6769],[34.9346,-20.6818],[34.9322,-20.684],[34.9483,-20.6807]]],[[[34.8037,-19.784],[34.8092,-19.7848],[34.8067,-19.781],[34.8014,-19.7782],[34.8037,-19.784]]],[[[34.7731,-19.7697],[34.7738,-19.7841],[34.7874,-19.7843],[34.7883,-19.7769],[34.7731,-19.7697]]],[[[34.7699,-19.7859],[34.7663,-19.7687],[34.7572,-19.7633],[34.7558,-19.7691],[34.7699,-19.7859]]],[[[36.7886,-18.2323],[36.796,-18.2271],[36.8007,-18.2212],[36.7797,-18.2338],[36.7886,-18.2323]]],[[[36.9175,-17.9725],[36.9109,-17.9681],[36.9072,-17.9697],[36.9101,-17.9736],[36.9175,-17.9725]]],[[[36.9131,-17.9653],[36.9057,-17.9365],[36.9007,-17.9487],[36.9067,-17.9617],[36.9131,-17.9653]]],[[[36.8992,-17.9309],[36.9057,-17.9256],[36.9034,-17.8976],[36.8882,-17.8947],[36.8992,-17.9309]]],[[[37.4447,-17.6164],[37.4367,-17.6149],[37.4312,-17.6172],[37.4357,-17.62],[37.4447,-17.6164]]]]},"properties":{"iso3":"MOZ"}},
{"type":"Feature","geometry":{"type":"MultiPolygon","coordinates":[[[[-6.360883296115325,23.133274400921174],[-6.4963842268389875,24.32876247751964],[-6.572,24.9959],[-4.864609899802271,24.999435375797027],[-4.8062,24.9999],[-6.9963,26.3255],[-8.6674,27.2898],[-8.6674,25.9998],[-12.0005,25.9998],[-12.0005,23.454],[-12.7439,23.3962],[-12.9132,23.2644],[-13.0439,23.0808],[-13.1504,22.756],[-13.0289,21.5787],[-13.0005,21.3382],[-13.6675,21.3375],[-16.9478,21.3343],[-17.0739,20.9017],[-17.0484,20.7724],[-17.0339,20.8604],[-17.0646,20.8928],[-17.0225,20.9195],[-17.0307,21.0438],[-16.991,21.043],[-16.9239,21.1623],[-16.8162,20.9381],[-16.7859,20.9359],[-16.7604,20.8339],[-16.675,20.7425],[-16.6864,20.677],[-16.5372,20.5522],[-16.5343,20.732],[-16.4878,20.7234],[-16.4955,20.6819],[-16.4297,20.6472],[-16.3623,20.4246],[-16.1995,20.2279],[-16.2726,20.1253],[-16.2305,19.9889],[-16.3204,19.8924],[-16.2576,19.8855],[-16.2742,19.733],[-16.3187,19.6895],[-16.283,19.7278],[-16.3143,19.7337],[-16.3566,19.6865],[-16.4155,19.5731],[-16.3534,19.6314],[-16.476,19.4202],[-16.4077,19.4466],[-16.4085,19.4906],[-16.3724,19.5317],[-16.4037,19.4616],[-16.3288,19.5335],[-16.2941,19.5458],[-16.2927,19.5213],[-16.4046,19.3986],[-16.5512,19.3805],[-16.4756,19.2609],[-16.351,19.1922],[-16.2706,19.0898],[-16.2536,19.0528],[-16.0584,18.4532],[-16.0326,18.0661],[-16.0355,17.8222],[-16.1141,17.4219],[-16.4429,16.6062],[-16.52,16.2774],[-16.5135,16.0228],[-16.511235385856136,16.025267037754492],[-16.4419,16.1008],[-16.4528,16.184],[-16.3883,16.21],[-16.3539,16.2634],[-16.3648,16.3112],[-16.262940200825227,16.51948641195777],[-16.236682133452856,16.518814768334362],[-16.1898,16.5148],[-16.1134,16.5539],[-16.076181520467838,16.5084493957115],[-16.051576333980755,16.47840194056217],[-16.0492,16.4755],[-15.8863,16.5131],[-15.7002,16.4672],[-15.629,16.4897],[-15.6239,16.5215],[-15.5166,16.5181],[-15.516448745758447,16.522325035147404],[-15.51561740926527,16.54554703452346],[-15.5151,16.56],[-15.4746,16.5773],[-15.4022,16.529],[-15.3109,16.569],[-15.2291,16.5466],[-15.1729,16.5822],[-15.1184,16.573],[-15.0777,16.6179],[-15.109440626666892,16.630894985976564],[-15.118521897708426,16.63799668839869],[-15.0973,16.6721],[-15.0543,16.6231],[-15.0004,16.6407],[-14.987390398740818,16.6879305089192],[-14.986419214660526,16.690571916170548],[-14.9522,16.6474],[-14.949588211407812,16.646713932344444],[-14.921934891890254,16.63944992631175],[-14.897,16.6329],[-14.87834188521892,16.660698706365753],[-14.7892,16.6294],[-14.788820639008106,16.62985489747258],[-14.7884,16.6297],[-14.765644127663714,16.655288148292303],[-14.7651,16.6559],[-14.736680506285516,16.620230635439984],[-14.7357,16.619],[-14.7244,16.6464],[-14.654252717391305,16.649696739130434],[-14.647773996229972,16.649902412818093],[-14.639124233099336,16.61744150399077],[-14.639086531317558,16.617300016405217],[-14.6389,16.6166],[-14.566939013248058,16.617387894015533],[-14.556955917643851,16.617497197982],[-14.5567,16.6175],[-14.543777758818601,16.64364268792852],[-14.537163189269746,16.639389448584204],[-14.4982,16.6131],[-14.4215,16.6516],[-14.333485883301476,16.63942256878074],[-14.330055516014236,16.567956583629893],[-14.33,16.5664],[-14.2774,16.5835],[-14.2566,16.5142],[-14.256254189810871,16.515547773044812],[-14.2488,16.5446],[-14.246940574871298,16.544401816757443],[-14.23529333967649,16.543160418648906],[-14.211638565704023,16.535768301782507],[-14.0284,16.3466],[-13.99586891061171,16.33964061271793],[-13.96718144839331,16.331269665540635],[-13.958523943436377,16.30836335034208],[-13.9585,16.3083],[-13.989884949780775,16.30413471345502],[-13.9909,16.304],[-13.9518,16.2701],[-13.962134770742358,16.247344541484715],[-13.972866962294749,16.223714027974864],[-13.9736,16.2221],[-13.9212,16.2286],[-13.912,16.1947],[-13.872369844331502,16.189905240425293],[-13.867182594984232,16.172028863192672],[-13.8517,16.1083],[-13.849043321912928,16.109517025715864],[-13.81740000989952,16.124012844627035],[-13.7443,16.1575],[-13.7098863873544,16.17811322990955],[-13.712623976835856,16.163190028711863],[-13.7209,16.144],[-13.715398842098503,16.148063629048405],[-13.717028150250949,16.139181912656415],[-13.7173,16.1377],[-13.696567764338665,16.11372123293016],[-13.6809,16.0956],[-13.584750734538218,16.121867328801194],[-13.486818254126742,16.14862181986184],[-13.4858,16.1489],[-13.5019200653082,16.085697548822118],[-13.4595,16.1105],[-13.3752,16.0564],[-13.375177709145769,16.056249400814096],[-13.3751,16.0562],[-13.369991891891893,16.021213513513512],[-13.3629,15.9733],[-13.338436500300661,15.948605712567648],[-13.3121,15.9253],[-13.313055270706705,15.922985037411486],[-13.318138297284394,15.91066704599694],[-13.3258,15.8921],[-13.28904285416232,15.83113692885458],[-13.2611,15.7894],[-13.2862,15.7643],[-13.2044,15.6959],[-13.2482,15.6694],[-13.2262,15.6167],[-13.19804931436627,15.622285005767013],[-13.1832,15.6268],[-13.180809249155542,15.625705379426055],[-13.1763,15.6266],[-13.0838,15.5831],[-13.0934,15.4962],[-12.965594985805652,15.5023218319253],[-12.9646,15.5026],[-12.96458333077713,15.502370289977515],[-12.9605,15.4461],[-12.934427915194346,15.44340777385159],[-12.9237,15.4423],[-12.923920801045654,15.4414722528242],[-12.9219,15.4411],[-12.9426,15.3666],[-12.8931,15.3388],[-12.838263337969403,15.28693897079277],[-12.8322,15.2827],[-12.83325343210376,15.282200920284176],[-12.8286,15.2778],[-12.8922,15.2502],[-12.844742956573844,15.201865927023873],[-12.7945,15.2105],[-12.794394468987626,15.208620867134508],[-12.7884,15.2096],[-12.7593,15.1414],[-12.7544,15.1393],[-12.69908523770995,15.093907518516216],[-12.6893,15.0874],[-12.6588,15.1088],[-12.4902,15.0148],[-12.488110484492934,15.00828219655283],[-12.461933439305898,14.926628418545555],[-12.4508,14.8919],[-12.314882957332154,14.796860613854685],[-12.20669136233035,14.721208123385317],[-12.2392,14.7614],[-12.123458764793003,14.769922043003255],[-12.1224,14.77],[-12.111887870619945,14.762327353843293],[-12.051907454049536,14.722958519185902],[-12.0419,14.7651],[-11.950205335276657,14.772913816398397],[-11.9309,14.82],[-11.800558505083336,14.894212632814567],[-11.792248858222267,15.01689663253866],[-11.815563446429612,15.028937705872083],[-11.842,15.0333],[-11.8472,15.0935],[-11.84057857957491,15.10062187662001],[-11.81997576457011,15.122781881130987],[-11.8128,15.1305],[-11.8387,15.1776],[-11.7478,15.4498],[-11.738186317180856,15.459462983756678],[-11.7373,15.4629],[-11.710007568563531,15.512861554815391],[-11.7113,15.5384],[-11.66691402047176,15.540470885514535],[-11.621034150281904,15.542611470437858],[-11.538174811076521,15.575847162580484],[-11.4935,15.6074],[-11.5149,15.6364],[-11.4089,15.6312],[-11.309755091400875,15.494581999745858],[-11.0736,15.2903],[-11.073489307806636,15.288541000418176],[-11.0016,15.2374],[-10.903870944362875,15.111640129955326],[-10.8984,15.1086],[-10.8274,15.2766],[-10.827246514518134,15.27672366964185],[-10.8249,15.2824],[-10.723036490360073,15.362294789588551],[-10.7164,15.3675],[-10.72038843227501,15.427920505953356],[-10.7211,15.4387],[-10.664459536486058,15.422916097713747],[-10.6084,15.4179],[-10.5855,15.4284],[-10.406126547101824,15.42611856806452],[-10.3482,15.4286],[-10.258,15.4737],[-9.956245029989292,15.420396572731661],[-9.944283922751696,15.420244440676473],[-9.427203321605202,15.433253346298077],[-9.402969094985346,15.439420739300136],[-9.4457,15.6],[-9.441681956802963,15.603455027570647],[-9.331104827382914,15.698537885592412],[-9.3308,15.6988],[-9.3087,15.6893],[-9.328946768169322,15.500100831427458],[-9.3293,15.4968],[-9.1361,15.4972],[-6.3086,15.4962],[-5.5174,15.4999],[-5.517245839250593,15.500594477419478],[-5.366670621260097,16.178919467595144],[-5.336765429791571,16.330835650735434],[-5.6085,16.4952],[-6.360883296115325,23.133274400921174]]],[[[-5.515190147147397,15.50059514343099],[-5.5002,15.5006],[-5.499211506994307,15.505621472096038],[-5.515190147147397,15.50059514343099]]],[[[-16.4849,19.5963],[-16.4901,19.6137],[-16.5013,19.6127],[-16.4971,19.6012],[-16.4849,19.5963]]],[[[-16.5532,19.6992],[-16.5538,19.6852],[-16.5422,19.6705],[-16.5501,19.7218],[-16.5532,19.6992]]],[[[-16.513,19.6754],[-16.4786,19.6753],[-16.4641,19.7303],[-16.4901,19.7385],[-16.513,19.6754]]],[[[-16.5068,19.7688],[-16.5233,19.7467],[-16.5278,19.736],[-16.4979,19.7763],[-16.5068,19.7688]]],[[[-16.5341,19.7639],[-16.5395,19.7585],[-16.5426,19.751],[-16.5287,19.7653],[-16.5341,19.7639]]],[[[-16.5211,19.9214],[-16.5286,19.9193],[-16.5327,19.9013],[-16.5198,19.9116],[-16.5211,19.9214]]],[[[-16.5296,19.9442],[-16.5382,19.9366],[-16.5568,19.9234],[-16.5029,19.9551],[-16.5296,19.9442]]],[[[-16.5052,20.6303],[-16.503,20.61],[-16.4983,20.6066],[-16.4937,20.6281],[-16.5052,20.6303]]],[[[-16.4348,19.5502],[-16.4353,19.5464],[-16.4292,19.556],[-16.4321,19.5561],[-16.4348,19.5502]]],[[[-16.4289,19.5629],[-16.4261,19.565],[-16.4281,19.5678],[-16.431,19.5635],[-16.4289,19.5629]]],[[[-16.4937,19.6314],[-16.476,19.6417],[-16.4841,19.6613],[-16.4908,19.6577],[-16.4937,19.6314]]],[[[-16.4647,19.7002],[-16.4344,19.5997],[-16.3686,19.7011],[-16.3493,19.8046],[-16.3262,19.8171],[-16.3684,19.8794],[-16.3857,19.8186],[-16.4226,19.8142],[-16.4247,19.7466],[-16.4647,19.7002]]],[[[-16.4486,20.5779],[-16.4534,20.6141],[-16.4753,20.613],[-16.4809,20.5788],[-16.4486,20.5779]]],[[[-16.4905,20.6099],[-16.4911,20.5923],[-16.488,20.5892],[-16.4853,20.6195],[-16.4905,20.6099]]]]},"properties":{"iso3":"MRT"}},
{"type":"Feature","geometry":{"type":"MultiPolygon","coordinates":[[[[33.5388,-12.3815],[33.4791843771692,-12.443465687962686],[33.4807,-12.4528],[33.39332508844507,-12.532709574735069],[33.366,-12.5577],[33.3185,-12.5253],[33.2731,-12.537],[33.18238064618774,-12.638277209643865],[33.1803,-12.6406],[33.18063331817148,-12.635183579713448],[33.16345056441936,-12.604761655037553],[33.155532357163565,-12.603359294357263],[33.0897,-12.5917],[33.0203,-12.6489],[32.9962,-12.7245],[32.9383,-12.7715],[32.93869983655823,-12.775365086729586],[32.940743561643835,-12.79512109589041],[32.94704290318885,-12.847592534254419],[33.0282,-12.9072],[33.026508074843406,-12.91351265216367],[32.9728,-13.1139],[32.97464715331509,-13.117122693017812],[33.0198,-13.1959],[33.014126542918895,-13.201750983769431],[32.9431,-13.275],[32.92092769230769,-13.396687860576924],[32.9175,-13.4155],[32.917311531873786,-13.415616200348161],[32.9172,-13.4162],[32.8454,-13.4606],[32.845728971962615,-13.46889906542056],[32.8495,-13.5139],[32.847562426040405,-13.515152111473887],[32.8476,-13.5161],[32.7443,-13.5831],[32.6879,-13.5718],[32.67235676474927,-13.6183337598556],[32.8025,-13.6496],[32.8483,-13.7169],[32.84419977039489,-13.72028737922932],[32.838813479205264,-13.72473723025134],[32.7718,-13.7801],[32.8908,-13.8151],[32.89645123424027,-13.823161584946575],[32.904424095461216,-13.834535011576468],[32.9534,-13.9044],[32.9500198547427,-13.91578721066191],[32.964,-13.9407],[32.98226767737462,-13.947062357291426],[32.9964,-13.9476],[32.99624828052171,-13.951931591105188],[32.9944,-14.0047],[32.99448737378644,-14.004805987249723],[33.0343,-14.0531],[33.0714,-13.9808],[33.1465,-13.9379],[33.2412,-13.9987],[33.21948124934348,-14.006556010643594],[33.22311604005129,-14.00793499075272],[33.2449,-14.0001],[33.2991,-14.0347],[33.304609876801,-14.048864279251061],[33.3205,-14.0843],[33.29913937808947,-14.14665768997199],[33.3407,-14.2131],[33.3818,-14.2157],[33.474,-14.401],[33.5985,-14.4852],[33.601809509472105,-14.491228199958947],[33.64014231618385,-14.561050578711447],[33.66947502384104,-14.614479471598878],[33.68625244755245,-14.601673846153846],[33.71737646297255,-14.574284712584156],[33.7177,-14.574],[33.721089834481575,-14.503755096576235],[33.7213,-14.4994],[33.7988,-14.5525],[33.9142,-14.4741],[33.92761983060622,-14.47536176004539],[33.9327,-14.4723],[34.0861,-14.4894],[34.08631195067747,-14.486848741845298],[34.0848,-14.4591],[34.08868612730782,-14.458270689813295],[34.10932689080369,-14.45386589448041],[34.27973994945359,-14.417499282094484],[34.379540799345165,-14.396201508012222],[34.3922,-14.3935],[34.492706500286495,-14.532996090914878],[34.53960230182574,-14.598084229258143],[34.543,-14.6028],[34.54179355948971,-14.607225371304109],[34.5201,-14.6868],[34.520540610045046,-14.687646904666023],[34.52921146153846,-14.704313307692308],[34.5742509320459,-14.79088450178293],[34.5843,-14.8102],[34.56550851306208,-14.89925965351963],[34.568165317919075,-14.904079190751444],[34.6235,-15.0033],[34.57384584399444,-15.079138964836613],[34.5757151510359,-15.103524924877432],[34.5925307059913,-15.211971471098005],[34.599084516078406,-15.254238174184321],[34.601210591566804,-15.26794961839969],[34.6028,-15.2782],[34.59160468764418,-15.288907954230877],[34.53486529007431,-15.343177353150317],[34.5224,-15.3551],[34.5182,-15.4111],[34.51061568209173,-15.412644769087755],[34.49460630949143,-15.415905548001088],[34.4421,-15.4266],[34.44094208580192,-15.432494835917499],[34.439209825869085,-15.539940537541101],[34.4598,-15.6131],[34.43753291029377,-15.643953432568253],[34.412136847119754,-15.679142392283046],[34.3667,-15.7421],[34.2724,-15.7962],[34.2578602140594,-15.898662726804949],[34.37390322994385,-16.004683559351196],[34.4235,-16.0418],[34.42232666192024,-16.04892484809877],[34.41444618234107,-16.09677739879639],[34.40201354775632,-16.17227195097367],[34.4292,-16.2591],[34.5686,-16.3098],[34.5939,-16.414],[34.59687852106819,-16.4159239787691],[34.66858150025417,-16.439796244675968],[34.6746,-16.4418],[34.681717430871544,-16.483081099054978],[34.68506925978792,-16.502521706769983],[34.6851,-16.5027],[34.7526,-16.5181],[34.75709918404352,-16.530597733454215],[34.7769,-16.5856],[34.839,-16.6071],[34.84159300861138,-16.616501389510795],[34.8577,-16.6749],[34.85853594407201,-16.675225611174117],[34.9111,-16.6957],[34.91124066786569,-16.696574513478293],[34.9194,-16.7473],[34.920787186629525,-16.747022562674093],[34.9674,-16.7377],[34.976513712486195,-16.748619819784636],[35.02752816703692,-16.80974404890082],[35.04269335700978,-16.82791459594783],[35.0441,-16.8296],[35.15362853154822,-16.836525923404135],[35.1548,-16.8366],[35.15496432943795,-16.838037186270906],[35.1666,-16.9398],[35.14990531358885,-16.95018780487805],[35.0541,-17.0098],[35.07040760327142,-17.032618360133075],[35.1072,-17.0841],[35.10405036433033,-17.093441776544072],[35.09437080675564,-17.12215121261592],[35.296394407501104,-17.124756768037784],[35.305052099155475,-16.985271735828423],[35.30503745762458,-16.98443658290604],[35.2622,-16.941],[35.263979467680606,-16.93731102661597],[35.313928528278815,-16.83190594902866],[35.30160097297297,-16.773142977886977],[35.2889,-16.7126],[35.28769477310402,-16.71168561956071],[35.28704713506139,-16.711194270122782],[35.1708,-16.623],[35.14977911942763,-16.56905484865163],[35.148909180497924,-16.566822354771784],[35.1459,-16.5591],[35.233343887292136,-16.49739750307945],[35.257340875054865,-16.480464654948108],[35.25995946333326,-16.464937244766066],[35.260850927487354,-16.417307588532886],[35.26088493150685,-16.41549080234834],[35.2611,-16.404],[35.261505074773225,-16.403427065457223],[35.26151082140756,-16.403418937463243],[35.26230031373508,-16.402302285784128],[35.26395790706755,-16.399957798936715],[35.27309793445734,-16.387030216772498],[35.29950195052331,-16.349684586108477],[35.300716636113656,-16.347966544454632],[35.3014,-16.347],[35.301144041450776,-16.34677202072539],[35.29875537392726,-16.344644462607274],[35.282663174931486,-16.330311329898485],[35.2767,-16.325],[35.27717877199551,-16.32260093597903],[35.2775589380531,-16.32069597345133],[35.293675059571086,-16.23994019062748],[35.294647655068076,-16.23506664145235],[35.2951,-16.2328],[35.29981694355516,-16.22818977462482],[35.31464168438962,-16.213700435166704],[35.4056,-16.1248],[35.41697341772152,-16.12446217571124],[35.4864,-16.1224],[35.51315923664122,-16.15906717557252],[35.51962393861772,-16.167925513557808],[35.55541921561441,-16.124050462750848],[35.5563,-16.1229],[35.55636462076444,-16.122891659063008],[35.563705512558506,-16.121944132111544],[35.635284401215806,-16.1127050739615],[35.7066,-16.1035],[35.80064098161988,-16.042557240961422],[35.809269095380266,-16.036965837630667],[35.8071,-15.9714],[35.81,-15.9429],[35.8454,-15.5117],[35.7902,-15.5111],[35.6875,-15.5795],[35.683,-15.4734],[35.6168,-15.4548],[35.581,-15.3639],[35.5372,-15.3781],[35.5131,-15.2962],[35.5502,-15.0298],[35.7099,-14.9678],[35.8762,-14.9869],[35.8878,-14.9611],[35.8134,-14.9319],[35.7255,-14.9471],[35.845,-14.78],[35.8697,-14.6729],[35.519,-14.2618],[35.50445371391502,-14.21876918585793],[35.4858,-14.1707],[35.24637168904495,-13.902636778927477],[34.867,-13.483],[34.8482,-13.7099],[35.0607,-13.7381],[35.1174,-13.9608],[35.1813,-14.0463],[35.2264,-14.2511],[35.2958,-14.3559],[35.2395,-14.4233],[35.2674,-14.4318],[35.2799,-14.4704],[35.2757,-14.4943],[35.2626,-14.5103],[35.346,-14.6348],[35.2713,-14.7325],[35.3067,-14.8724],[35.2945,-14.9516],[35.2194,-15.061],[35.292,-14.8346],[35.2763,-14.799],[35.2777,-14.7728],[35.1754,-14.7152],[35.1822,-14.5673],[35.2287,-14.524],[35.2718,-14.5327],[35.2606,-14.5088],[35.2752,-14.4836],[35.2487,-14.4501],[35.256,-14.4535],[35.2601,-14.4549],[35.2474,-14.4484],[35.1475,-14.322],[35.0369,-14.1755],[34.9407,-14.1549],[34.9161,-14.0456],[34.8531,-13.997],[34.8226,-14.0398],[34.8654,-14.1098],[34.811,-14.1508],[34.8086,-14.2528],[34.7389,-14.2785],[34.6882,-14.2888],[34.6909,-14.2348],[34.6418,-14.2179],[34.6072,-14.1905],[34.6066,-14.1903],[34.5995,-14.1819],[34.595,-14.1536],[34.5576,-14.1175],[34.549,-14.101],[34.549,-14.1009],[34.54896046511628,-14.1009],[34.5473,-14.0967],[34.5292,-14.0252],[34.5155,-13.9705],[34.59,-13.8861],[34.5944,-13.875],[34.5853,-13.8328],[34.5858,-13.8345],[34.6293,-13.7109],[34.5918,-13.7052],[34.5958,-13.6685],[34.5268,-13.5774],[34.5361,-13.635],[34.471,-13.5947],[34.5037,-13.5826],[34.4859,-13.58],[34.4621,-13.5959],[34.4368,-13.5939],[34.3043,-13.3686],[34.3023,-13.3748],[34.3019,-13.3808],[34.3102,-13.395],[34.2928,-13.3677],[34.2588,-13.3918],[34.3464,-13.2703],[34.3321,-13.1247],[34.3242,-13.1277],[34.324,-13.1684],[34.3141,-13.1738],[34.2974,-13.1115],[34.3294,-13.1257],[34.3307,-13.1025],[34.3035,-12.8939],[34.2553,-12.8271],[34.2754,-12.7542],[34.2124,-12.7088],[34.1759,-12.6316],[34.2008,-12.5188],[34.174,-12.4245],[34.0825,-12.3903],[34.0207,-12.2435],[34.0573,-12.0135],[34.1808,-11.9225],[34.1772,-11.8224],[34.2997,-11.7277],[34.3274,-11.6644],[34.3027,-11.5873],[34.2616,-11.3325],[34.2077,-11.2049],[34.2372,-11.1154],[34.2138,-10.7411],[34.1734,-10.5956],[34.2314,-10.5304],[34.2135,-10.4725],[34.2731,-10.4585],[34.2452,-10.3698],[34.1613,-10.2727],[34.0628,-10.1651],[33.9377,-9.9726],[33.95,-9.9071],[33.888,-9.7595],[33.9398,-9.7187],[33.7739,-9.5866],[33.7231,-9.5833],[33.6991,-9.6144],[33.5866,-9.5792],[33.5109,-9.6261],[33.4439,-9.6145],[33.326,-9.4861],[33.1445,-9.4933],[33.0001,-9.3673],[32.958640687578296,-9.406028889766551],[32.9509,-9.4909],[32.96483662359087,-9.491432719274126],[32.992444115083714,-9.492487999466825],[33.032,-9.494],[33.0273366227546,-9.51884814442694],[33.022956900607596,-9.542184872881894],[33.01128664941604,-9.604368151618994],[33.02298546553232,-9.632276170787947],[33.0626,-9.6222],[33.095046341335184,-9.675084981546323],[33.10460287490525,-9.670156110364058],[33.10988210594851,-9.651024351583313],[33.12038631795521,-9.612957434517686],[33.1249,-9.5966],[33.161187806500244,-9.606024908733502],[33.204082473029544,-9.617165794782647],[33.22,-9.6213],[33.22763713511973,-9.705637673175607],[33.2362,-9.7378],[33.297529831134966,-9.798902683612242],[33.3508,-9.8389],[33.35913313215214,-9.860277824255276],[33.3745,-9.8997],[33.33157651889451,-10.023929051117602],[33.317598663118986,-10.064383732679518],[33.334161150559126,-10.090003048599014],[33.3503,-10.1083],[33.364569524168296,-10.109111056435854],[33.397359211509354,-10.110974768682592],[33.4066,-10.1115],[33.41893114635652,-10.12733578795259],[33.49818257638122,-10.187443246230922],[33.5603,-10.2085],[33.555832179847464,-10.23116701416836],[33.543210528907146,-10.295201628571995],[33.53981396002974,-10.312433762417918],[33.56583620627817,-10.410823350538779],[33.6339,-10.4594],[33.63310426871548,-10.462003576922157],[33.6225,-10.4967],[33.6228476013941,-10.497049490532111],[33.6295213185522,-10.503759477892153],[33.67528896867572,-10.549775865244609],[33.6961,-10.5707],[33.69052143463119,-10.576604001920584],[33.4664,-10.8138],[33.433499030829644,-10.815616617929653],[33.35375954614667,-10.820019411562454],[33.336,-10.821],[33.3142,-10.8649],[33.299243583503355,-10.870669214514718],[33.25014704843918,-10.88960747039828],[33.24762483894651,-10.89298225774763],[33.3109,-10.9401],[33.311458238535195,-10.943865894880323],[33.31172888468809,-10.94569168241967],[33.32357617915905,-11.025613907025328],[33.39428616815188,-11.141483216719466],[33.4046,-11.1533],[33.40331715734319,-11.15628189648673],[33.37589638163025,-11.220019966255022],[33.3146,-11.3625],[33.29113772209924,-11.371659071052168],[33.2772,-11.3771],[33.2835,-11.4359],[33.26878685996299,-11.433901233806292],[33.23157231051344,-11.428845672371637],[33.2305,-11.4287],[33.2208,-11.5919],[33.22223891921397,-11.591922161572054],[33.3117,-11.5933],[33.31257341577729,-11.600747988548049],[33.322280808919466,-11.68352706677737],[33.3354,-11.7954],[33.310003323357655,-11.906098491318916],[33.2568,-12.138],[33.25977133585754,-12.13939171264474],[33.3074,-12.1617],[33.30783151215426,-12.171420379053732],[33.31056150769119,-12.232917120622568],[33.3112,-12.2473],[33.3744,-12.3317],[33.43761304508624,-12.331854933934036],[33.51009018245795,-12.332032573976614],[33.5376,-12.3321],[33.5485,-12.37],[33.53859783553076,-12.375879827755014],[33.5388,-12.3815]],[[35.3875,-14.4167],[35.3512,-14.4257],[35.2958,-14.3511],[35.2975,-14.2082],[35.2549,-14.2159],[35.2604,-14.1303],[35.2257,-14.1144],[35.1624,-13.9806],[35.1806,-13.9214],[35.3517,-14.0214],[35.317,-14.0952],[35.3895,-14.1446],[35.3875,-14.4167]],[[35.8351,-15.6242],[35.7929,-15.6722],[35.7586,-15.6405],[35.7558,-15.6264],[35.8351,-15.6242]]],[[[33.5465,-9.5995],[33.545,-9.5998],[33.5447,-9.6004],[33.5473,-9.5994],[33.5465,-9.5995]]],[[[34.5078,-13.5858],[34.5077,-13.5858],[34.5078,-13.5859],[34.5078,-13.5858]]],[[[34.5049,-13.5836],[34.5045,-13.5833],[34.5044,-13.5834],[34.5049,-13.5838],[34.5049,-13.5836]]],[[[34.4926,-13.4323],[34.4902,-13.4373],[34.4923,-13.4359],[34.4935,-13.432],[34.4926,-13.4323]]],[[[34.1052,-12.3973],[34.1072,-12.3962],[34.1024,-12.3927],[34.0995,-12.3965],[34.1052,-12.3973]]],[[[34.6434,-13.9186],[34.6435,-13.9174],[34.6436,-13.9159],[34.6421,-13.9188],[34.6434,-13.9186]]],[[[34.6198,-13.8989],[34.6267,-13.9086],[34.6327,-13.8986],[34.6213,-13.8925],[34.6198,-13.8989]]],[[[34.6152,-13.8894],[34.609,-13.8856],[34.6092,-13.8913],[34.6146,-13.8928],[34.6152,-13.8894]]],[[[34.64,-13.7306],[34.641,-13.7296],[34.6396,-13.7293],[34.6391,-13.7298],[34.64,-13.7306]]],[[[34.8139,-14.0166],[34.814,-14.0166],[34.814,-14.0165],[34.8139,-14.0165],[34.8139,-14.0166]]],[[[34.7584,-13.9906],[34.7573,-13.9873],[34.7519,-13.9878],[34.7551,-13.9944],[34.7584,-13.9906]]],[[[34.817,-13.9688],[34.8246,-13.9777],[34.838,-13.9966],[34.8481,-14.0003],[34.817,-13.9688]]],[[[35.0709,-14.2159],[35.0717,-14.2151],[35.0723,-14.2147],[35.0726,-14.2141],[35.0709,-14.2159]]],[[[34.9288,-14.0785],[34.9298,-14.0775],[34.9293,-14.0757],[34.9284,-14.0758],[34.9288,-14.0785]]],[[[34.9295,-14.0694],[34.9297,-14.0689],[34.9295,-14.0684],[34.9292,-14.069],[34.9295,-14.0694]]],[[[35.2718,-14.5339],[35.267,-14.5347],[35.2696,-14.5391],[35.2714,-14.5385],[35.2718,-14.5339]]],[[[35.2685,-14.4729],[35.2688,-14.4714],[35.2683,-14.4692],[35.267,-14.4693],[35.2685,-14.4729]]],[[[35.2603,-14.4582],[35.2625,-14.4657],[35.2646,-14.465],[35.2679,-14.4685],[35.2603,-14.4582]]],[[[35.2593,-14.4612],[35.2573,-14.4575],[35.2571,-14.4591],[35.2585,-14.4611],[35.2593,-14.4612]]],[[[35.2634,-14.4545],[35.2627,-14.4538],[35.2615,-14.4549],[35.2637,-14.4562],[35.2634,-14.4545]]],[[[35.8446979947988,-15.412208344739483],[35.8298,-15.4176],[35.851126348734404,-15.444257935918005],[35.8513,-15.4415],[35.8446979947988,-15.412208344739483]]],[[[35.6206,-15.3555],[35.6301,-15.326],[35.5984,-15.317],[35.5982,-15.3487],[35.6206,-15.3555]]],[[[35.80164474108484,-15.221190460445415],[35.7953,-15.2277],[35.7978,-15.2384],[35.807645440520666,-15.247814253344579],[35.80164474108484,-15.221190460445415]]],[[[35.7076,-15.2254],[35.7121,-15.218],[35.7095,-15.2129],[35.7058,-15.2208],[35.7076,-15.2254]]],[[[35.7069,-15.2175],[35.7071,-15.2173],[35.707,-15.2173],[35.7068,-15.2173],[35.7069,-15.2175]]],[[[35.7078,-15.2136],[35.7075,-15.2131],[35.7064,-15.2145],[35.7071,-15.2172],[35.7078,-15.2136]]],[[[35.7073,-15.2125],[35.7075,-15.2125],[35.7075,-15.2124],[35.7075,-15.2123],[35.7073,-15.2125]]],[[[35.7086,-15.2119],[35.7116,-15.2114],[35.7107,-15.2072],[35.7053,-15.2071],[35.7069,-15.2122],[35.7081,-15.212],[35.7076,-15.2125],[35.7084,-15.2127],[35.7088,-15.2123],[35.7086,-15.2119]]],[[[35.91669398949122,-14.896464468794052],[35.9119,-14.9096],[35.9119,-14.9099],[35.91821799812324,-14.896498185799187],[35.91669398949122,-14.896464468794052]]],[[[35.3029,-14.8701],[35.3032,-14.8697],[35.3028,-14.8696],[35.3025,-14.87],[35.3029,-14.8701]]],[[[35.8719,-14.677],[35.8668,-14.6947],[35.8697,-14.7062],[35.8722,-14.7076],[35.8719,-14.677]]]]},"properties":{"iso3":"MWI"}},
{"type":"Feature","geometry":{"type":"Polygon","coordinates":[[[22.5,-17.8205],[21.4248,-18.0268],[21.2094,-17.9288],[20.978,-17.9582],[20.8032,-18.038],[20.6439,-17.9771],[20.5396,-17.9827],[20.4233,-17.909],[20.3235,-17.8626],[20.108,-17.9111],[19.9212,-17.8621],[19.8075,-17.8684],[19.7588,-17.9107],[19.7078,-17.8855],[19.6719,-17.8489],[19.4082,-17.8672],[19.1734,-17.8061],[19.1164,-17.8366],[18.9003,-17.8188],[18.7425,-17.7369],[18.6183,-17.6009],[18.5637,-17.5823],[18.4208,-17.3898],[18,-17.3893],[15.5466,-17.3908],[14.2126,-17.4101],[13.9541,-17.4327],[13.8999,-17.3622],[13.5132,-17.1378],[13.5223,-17.0931],[13.4641,-17.0121],[13.3535,-16.9743],[13.247,-16.9997],[13.1687,-16.9637],[12.9856,-16.9816],[12.7132,-17.1718],[12.5414,-17.2477],[12.4461,-17.2641],[12.4059,-17.2063],[12.2495,-17.2404],[12.1616,-17.1624],[12.0788,-17.1423],[11.9406,-17.1827],[11.7951,-17.2734],[11.7537,-17.2528],[11.7368,-17.5859],[11.8531,-18.1388],[11.9557,-18.2582],[12.0356,-18.4999],[12.3272,-18.7417],[12.4631,-18.9251],[12.4897,-19.0165],[12.5994,-19.1352],[13.055,-20.0738],[13.1989,-20.2181],[13.2488,-20.4567],[13.3328,-20.5995],[13.3934,-20.8326],[13.6283,-21.1899],[13.8603,-21.5043],[13.8796,-21.5867],[13.9782,-21.7202],[13.9508,-21.7729],[14.1144,-21.9238],[14.3926,-22.2802],[14.5077,-22.5576],[14.5399,-22.8944],[14.4605,-23.0158],[14.4752,-22.9616],[14.4301,-22.9682],[14.4393,-22.8769],[14.4035,-23.0106],[14.4898,-23.2778],[14.4846,-23.3541],[14.5025,-23.3275],[14.4873,-23.4022],[14.4623,-23.4078],[14.4775,-23.3696],[14.4359,-23.3992],[14.4796,-23.5406],[14.5123,-23.6289],[14.5098,-23.9048],[14.4591,-23.9653],[14.4649,-24.095],[14.6096,-24.4518],[14.5951,-24.5547],[14.767,-24.7614],[14.837,-24.9957],[14.8395,-25],[14.8769,-25.092],[14.8019,-25.299],[14.8834,-25.5621],[14.8286,-25.7495],[14.9095,-25.8516],[14.9104,-25.9319],[14.9809,-26.0803],[14.9653,-26.136],[14.9299,-26.1379],[14.9699,-26.192],[14.9488,-26.3114],[15.0922,-26.4031],[15.148,-26.5779],[15.1748,-26.5851],[15.1487,-26.6859],[15.1274,-26.6261],[15.0881,-26.6343],[15.0797,-26.6877],[15.1559,-26.8529],[15.1497,-26.9029],[15.2293,-26.9258],[15.2944,-27.3218],[15.5295,-27.6503],[15.5334,-27.728],[15.6826,-27.9043],[15.7169,-27.9999],[16.3997,-28.5998],[16.4522,-28.6332],[16.4844,-28.5712],[16.6701,-28.4735],[16.737,-28.4944],[16.8109,-28.3617],[16.7542,-28.2746],[16.8239,-28.2706],[16.804,-28.2214],[16.8577,-28.2101],[16.8301,-28.1677],[16.8869,-28.1747],[16.8849,-28.0892],[17.0807,-28.0329],[17.1901,-28.1085],[17.1805,-28.202],[17.213,-28.2471],[17.3322,-28.2255],[17.3813,-28.2959],[17.4087,-28.3994],[17.3322,-28.4759],[17.3762,-28.5669],[17.4279,-28.5695],[17.4164,-28.7228],[17.5667,-28.6859],[17.6481,-28.7745],[17.7487,-28.7403],[17.9171,-28.7649],[18.0486,-28.8775],[18.1893,-28.9169],[18.2639,-28.8804],[18.426,-28.9017],[18.7269,-28.8324],[18.9302,-28.8563],[19.0073,-28.9291],[19.1538,-28.9632],[19.2943,-28.8965],[19.2393,-28.8116],[19.2668,-28.7483],[19.4646,-28.7073],[19.5635,-28.5284],[19.6667,-28.5318],[19.7419,-28.4862],[19.8111,-28.5087],[19.8748,-28.4435],[20.0001,-28.4297],[20.0001,-25.6088],[20.0001,-23.8629],[20.0001,-22],[21,-22],[21.0003,-20.3513],[21,-19.1667],[21,-18.3178],[21.4534,-18.3175],[22.5,-18.1176],[23.0982,-18.0006],[23.3086,-18.0018],[23.3977,-18.2081],[23.4552,-18.2058],[23.4534,-18.2363],[23.5256,-18.2729],[23.5676,-18.4805],[23.6121,-18.5007],[23.9325,-18.2504],[23.9315,-18.2045],[24.0484,-18.1385],[24.051,-18.1098],[24.0983,-18.1147],[24.2037,-18.0162],[24.2939,-18.0318],[24.3873,-17.9472],[24.4573,-17.9636],[24.51,-18.0658],[24.5764,-18.0738],[24.7355,-17.8889],[24.9591,-17.7883],[24.9771,-17.8259],[25.0159,-17.8382],[25.0529,-17.8081],[25.069,-17.8415],[25.1357,-17.8255],[25.1648,-17.7787],[25.228825251902403,-17.78665385572915],[25.193950648019417,-17.769602777866755],[25.189568918792293,-17.76746043937671],[25.1874,-17.7664],[25.166107944150216,-17.73811420317766],[25.1318,-17.6952],[25.119028571428572,-17.699173333333334],[25.0951,-17.709],[25.1018,-17.6635],[25.079757215227968,-17.6340478758088],[25.06086622570308,-17.61898367837416],[25.0444,-17.629],[25.046138599675903,-17.607239462120976],[25.028183172806774,-17.592921308218905],[25.0042,-17.5963],[24.9752,-17.5533],[24.9453,-17.568],[24.845018727241488,-17.526223359144684],[24.8250183896868,-17.52207748652197],[24.7952,-17.5369],[24.715407908158223,-17.49935631527728],[24.7079,-17.4978],[24.692834782608696,-17.50185797101449],[24.5589,-17.5389],[24.47892660877267,-17.492427900023124],[24.430618960061647,-17.479622014303835],[24.364543617485385,-17.47753378413751],[24.252764230557897,-17.474001133701595],[24.2464,-17.4738],[23.438,-17.638],[23.435532169563647,-17.634709559418198],[22.5,-17.8205]]]},"properties":{"iso3":"NAM"}},
{"type":"Feature","geometry":{"type":"Polygon","coordinates":[[[4.2502,18.6757],[4.2494,17.0029],[4.244695240212227,17.000464687854677],[4.239547351351353,16.9978],[4.213004953378906,16.984060929980686],[4.0707,16.9104],[4.0707,16.6014],[4.0705,16.2822],[3.9947,16.087],[3.9967246968616554,16.06741325862094],[3.99,16.0505],[3.9907,15.9709],[3.929,15.9037],[3.9089861258999927,15.809112465816764],[3.8619,15.7102],[3.826085068034358,15.6715501129975],[3.824,15.6693],[3.697563432318045,15.638600017345452],[3.6745,15.633],[3.6470202437529644,15.589024162532812],[3.5475335825525343,15.491441552264448],[3.5334,15.4833],[3.526511818230192,15.385881429255575],[3.506748333154965,15.365828015303938],[3.4932,15.3597],[3.025,15.4322],[3.0066,15.346],[2.6288,15.3671],[1.6812473723086117,15.293099683658989],[1.3115,15.2738],[1.3087,15.2728],[1.0519338392850655,15.049903841766035],[0.9668,14.976],[0.7022,14.9407],[0.5199,14.9944],[0.3966,14.9597],[0.27082028673275144,14.984870836639628],[0.2294,14.9897],[0.22030522634998104,14.9206152698637],[0.21559130159935208,14.884807867523417],[0.2045925828308083,14.801260596617084],[0.18585458304894553,14.658925041270818],[0.168,14.5233],[0.2889,14.364],[0.363,14.3357],[0.3913,14.2646],[0.3573,14.1393],[0.3749016554563982,14.092008805219557],[0.3988,14.0278],[0.4224004250130459,13.993649866695957],[0.4429,13.9512],[0.47385119174670937,13.92137461164473],[0.4733,13.9177],[0.5305,13.8407],[0.6023712392582921,13.797529288988345],[0.6193135182512225,13.781203260099934],[0.6052,13.7098],[0.622134224501613,13.708099492100256],[0.6214,13.6984],[0.7726,13.6896],[0.7868517266655808,13.654689257789775],[0.7815,13.6427],[0.7926122795100272,13.640578323721236],[0.9072,13.6187],[0.9617507044202749,13.585406402059286],[0.996436955496147,13.5642365544897],[1.006,13.5584],[1.027652200489726,13.480835788119084],[1.0376,13.4452],[1.1437,13.3931],[1.1966181396533704,13.397920163553147],[1.2791216128995524,13.357433737431249],[1.2820888736204128,13.35342953075955],[1.2802035507844753,13.352759289843105],[1.22337040181098,13.364125919637804],[1.2040390199637019,13.36799219600726],[1.2015,13.3685],[1.202257341994857,13.365129828122885],[1.1803477352970846,13.329930787854332],[1.1663,13.3285],[0.9933,13.3747],[0.9933010493679558,13.374293145052537],[0.9919,13.3747],[0.9919,13.1033],[0.9922,13.1031],[1.8686,12.6054],[1.954245936632259,12.7067721032146],[1.9838741987361956,12.736376178982125],[2.0307,12.7305],[2.0602827839021054,12.730704019199324],[2.0987,12.7265],[2.158,12.6878],[2.1482,12.6513],[2.1523247656687188,12.64879523293229],[2.1523,12.6487],[2.2147328824583274,12.596032688728336],[2.2163,12.5251],[2.26795770926803,12.438825380203479],[2.2650310738592987,12.426741208193233],[2.220180516745822,12.418627091498747],[2.089917900248874,12.395060693683195],[2.073,12.392],[2.0594,12.3524],[2.394487941776479,11.915817213431108],[2.4049047443685825,11.9022452636955],[2.4054,11.9016],[2.3994952725947445,11.935940651488462],[2.3978,11.9458],[2.4620836992267354,11.985648374959263],[2.4662,11.9882],[2.4083,12.0849],[2.3874,12.2422],[2.409149006941102,12.251146400018326],[2.5143,12.2944],[2.5174433134433136,12.291543747145116],[2.5362,12.2745],[2.5438767663908335,12.276296690006365],[2.6182770197486533,12.293709515260323],[2.6631,12.3042],[2.6863,12.2807],[2.6890470062915797,12.287066372689269],[2.7159,12.3493],[2.805,12.4175],[2.8291396555990356,12.399671525976704],[2.922591107242074,12.330652447754073],[3.179447123588671,12.097255233085862],[3.2618,12.0162],[3.3075,11.8876],[3.319996543682111,11.885255578002173],[3.3772578344687636,11.874513037251775],[3.485,11.8543],[3.4863103502066917,11.852582349270728],[3.5407241733212462,11.781254896138066],[3.558771017650904,11.757598491029272],[3.586717511099695,11.720965295866815],[3.6668373137635006,11.784831179007826],[3.6499,11.8212],[3.6194205420963343,11.91150600994987],[3.6173,11.9171],[3.622827453416149,11.923808074534161],[3.667749327429192,11.983172286740746],[3.6298,12.1122],[3.6563,12.2847],[3.654470186335404,12.319320074534161],[3.643802104350072,12.521160185696639],[3.6438,12.5212],[3.9401,12.7625],[4.066385633985515,12.950811274456816],[4.081442359415777,12.973454949082482],[4.1295,13.2627],[4.1293,13.4729],[4.20165020314087,13.476774174197638],[4.4648,13.7034],[4.6019,13.7312],[4.8707,13.7825],[4.8716555041044005,13.781665165228373],[4.9095,13.7486],[4.967398881117414,13.748114067300735],[5.1478,13.7466],[5.189422921741303,13.746430387441967],[5.2705,13.7461],[5.355,13.8448],[5.523079328088412,13.891031610056952],[6.1467,13.6433],[6.147524096385541,13.643550602409638],[6.1494,13.6428],[6.2829,13.6668],[6.4336,13.592],[6.634239479582939,13.39776652917984],[6.6766,13.354],[6.7925,13.1611],[6.927523264887369,12.990596898669244],[6.928,12.9899],[6.9928492370295015,12.995176195320447],[7.0476,12.9991],[7.049596286258471,12.999793188970733],[7.0632,13.0009],[7.1426,13.0261],[7.2123,13.096],[7.358798965474499,13.105857874312303],[7.4263,13.1104],[7.8155,13.3386],[7.9474,13.3236],[7.998741400152769,13.312552258310918],[8.1068,13.2893],[8.120078532729238,13.282024822657391],[8.2561,13.2075],[8.410706947503447,13.05948444586974],[8.4156,13.0548],[8.416709212567769,13.054888383471535],[8.418,13.0539],[8.531501288655084,13.053362079200687],[8.562912634705214,13.034237359777851],[8.635461763718867,12.958716935377971],[8.6485,12.9386],[8.657684242080943,12.935584321383319],[8.9698,12.8331],[8.970214590336134,12.833082027310924],[9.026914485875377,12.830624059759995],[9.6503,12.8036],[9.656045321131483,12.809194202114874],[9.6581,12.8091],[9.6691188146868,12.821923823944918],[10.048969290221995,13.191783103338418],[10.0643,13.2042],[10.12249743920183,13.230556765745167],[10.203682523849471,13.266349233002671],[10.2072,13.2679],[10.4664,13.2825],[10.6546,13.3542],[10.675683382935397,13.355087934781318],[10.931325713850862,13.365854409871796],[11.307478948629957,13.367269436958136],[11.5222,13.353],[11.880695059421068,13.247746483657833],[11.8846,13.2466],[12.088791129995426,13.107536498395271],[12.1141,13.0903],[12.1774,13.0983],[12.177400423970386,13.098310368003084],[12.1785,13.1252],[12.257016041286283,13.11431164312951],[12.2776,13.0809],[12.393523705744524,13.07012858585498],[12.4767,13.0624],[12.47737632654985,13.064884846163817],[12.4948,13.1289],[12.499114093932294,13.130831583398702],[12.558131030085486,13.157255703017995],[12.558492617479377,13.157417599401844],[12.5589,13.1576],[12.536525608578156,13.211377046048991],[12.541477039229076,13.218090264815237],[12.5773,13.256],[12.642492769468015,13.299560176281043],[12.6432,13.2999],[12.648669658405893,13.295036101808439],[12.6697,13.2732],[12.67147494041539,13.274756486210418],[12.677167224275431,13.279748181287685],[12.6892,13.2903],[12.711900062738666,13.307468516551646],[12.83054476532678,13.397201904674818],[12.8316,13.398],[12.824512140541673,13.408934319774126],[12.816877952438533,13.423781499395405],[12.8612,13.4365],[12.86054416516022,13.438384135683773],[12.8626,13.439],[12.870785300541597,13.470179532984108],[12.8785,13.4701],[12.877224115899566,13.494706336222682],[12.877798651682326,13.496894863974125],[12.9241,13.4833],[12.92450664571172,13.483484261338123],[12.954295121951219,13.496982164634145],[13.064485454297127,13.546912158978387],[13.080261770244821,13.527808474576272],[13.0907,13.5147],[13.090962618478166,13.514850720170077],[13.0915,13.5142],[13.147634955242602,13.544054907349336],[13.1431,13.5148],[13.145735320884457,13.515926648240528],[13.1988,13.5098],[13.341787126085276,13.71000187730242],[13.63231766587044,13.710694795114511],[13.6345,13.7107],[13.4681,14.4165],[13.475041531757464,14.43584481137061],[13.481247555790093,14.453139893849137],[13.4939,14.4884],[13.6834,14.5664],[13.685883258593632,14.597355689317883],[13.689668185213758,14.644537651294803],[13.6907,14.6574],[13.808313510422634,14.732821134859163],[13.8206,14.7407],[13.7964,14.8777],[13.89252128343012,15.072019844105297],[13.91746420154375,15.105434572332145],[14.7913,16.1004],[15.5234,16.6979],[15.527632083485015,16.808860470007687],[15.4556,16.8458],[15.5055,16.8978],[15.5083,16.949],[15.55887210571547,18.00356148865624],[15.5732,18.0036],[15.5987,18.7414],[15.7588,19.9355],[15.997,20.3306],[15.989632278277865,20.338461452955993],[15.5732,20.7828],[15.5493,20.8594],[15.552584677738361,20.865069150158543],[15.584923241568111,20.92088350665426],[15.6106,20.9652],[15.234738602848694,21.467569949299968],[15.2003,21.5136],[15.196739365544712,21.622296459098724],[15.1918,21.9898],[15.132818762843357,22.29702698196278],[15.1352,22.3584],[15.053311882632038,22.711169852308608],[14.9855,23.0033],[14.186,22.6514],[13.6558,23.0732],[13.4448,23.1947],[13.1544,23.2818],[11.9795,23.525],[9.5458,22.112],[7.4456,20.8425],[5.7945,19.4444],[4.2429,19.1368],[4.2502,18.6757]]]},"properties":{"iso3":"NER"}},
{"type":"Feature","geometry":{"type":"MultiPolygon","coordinates":[[[[12.2559,8.1764],[12.256466374377053,8.209967121413376],[12.2405,8.4349],[12.3124,8.4674],[12.342853460637466,8.460504876836799],[12.410457277387168,8.496832215147702],[12.440755061273897,8.555545271143906],[12.4313,8.6203],[12.4996,8.6424],[12.5752,8.6137],[12.6757,8.6478],[12.7206,8.7631],[12.755231326561098,8.753377009262026],[12.789484724234272,8.758673926427981],[12.7903,8.760661891117477],[12.8189,8.8304],[12.8069,8.9197],[12.831011963688441,8.969563848392884],[12.884542416150426,9.080265506725537],[12.89150352845287,9.13374786388694],[12.8843,9.1485],[12.899375639118086,9.194229438658196],[12.9045,9.2336],[12.902942678620272,9.349133779858635],[12.8473,9.3719],[12.860280123860216,9.381223848289366],[12.957484681912034,9.451047569701455],[13.0351,9.5068],[13.2095,9.5571],[13.2603,9.7758],[13.286575763396822,9.807746791468077],[13.2268,9.8699],[13.239095286765531,9.891571242011342],[13.2363,9.9101],[13.2837891884539,9.972807731471946],[13.2516,10.0275],[13.251886412429561,10.0278102490947],[13.2469,10.0346],[13.298306819121638,10.07809399262461],[13.338475135624652,10.11207937611218],[13.3437,10.1165],[13.4122,10.1216],[13.412229060270436,10.121538797309235],[13.4283,10.1236],[13.452986178973932,10.164214130972763],[13.482947403519605,10.213506858660079],[13.4858,10.2182],[13.547542434682743,10.472200264140106],[13.5543,10.5],[13.5425,10.6459],[13.6716,10.8545],[13.6923,10.9457],[13.711635071211202,10.957565150733073],[13.788030061446353,11.004445664618455],[13.7904,11.0059],[13.801358419803185,11.01947467081379],[13.8859,11.1242],[13.9759,11.3052],[14.1763,11.2324],[14.19146766260806,11.24332717649248],[14.233270740054522,11.273443194826346],[14.4299,11.4151],[14.43372456517455,11.422573104336884],[14.4538,11.4618],[14.6202,11.5304],[14.6397,11.6392],[14.591845267119918,11.687778118377105],[14.555355606149165,11.724819367246253],[14.5537,11.7265],[14.6103,11.7798],[14.608366347093659,11.838876430173059],[14.6074,11.8684],[14.658,11.956],[14.655748643932784,11.96113309183325],[14.6564,11.9623],[14.623981082127099,12.038484457001317],[14.626349342614075,12.04496453982985],[14.640829958362641,12.084586697094627],[14.663472677500001,12.146542168750004],[14.673056696750402,12.172766158431218],[14.6738,12.1748],[14.584815299350465,12.21817734397063],[14.5501,12.2351],[14.489234896524323,12.345870574171169],[14.4879,12.3483],[14.487022622405759,12.348337449043656],[14.4832,12.3526],[14.2284,12.3624],[14.174979035498994,12.409604706813615],[14.197,12.5097],[14.19681902400165,12.510628757625744],[14.100097971572687,13.006995214131068],[14.0871,13.0737],[14.084661461873528,13.077115559439491],[14.084161883414245,13.079384894590794],[14.083030771512014,13.07939959994585],[13.637312756575097,13.703698378276814],[13.63231766587044,13.710694795114511],[13.341787126085276,13.71000187730242],[13.1988,13.5098],[13.145735320884457,13.515926648240528],[13.1431,13.5148],[13.147634955242602,13.544054907349336],[13.0915,13.5142],[13.090962618478166,13.514850720170077],[13.0907,13.5147],[13.080261770244821,13.527808474576272],[13.064485454297127,13.546912158978387],[12.954295121951219,13.496982164634145],[12.92450664571172,13.483484261338123],[12.9241,13.4833],[12.877798651682326,13.496894863974125],[12.877224115899566,13.494706336222682],[12.8785,13.4701],[12.870785300541597,13.470179532984108],[12.8626,13.439],[12.86054416516022,13.438384135683773],[12.8612,13.4365],[12.816877952438533,13.423781499395405],[12.824512140541673,13.408934319774126],[12.8316,13.398],[12.83054476532678,13.397201904674818],[12.711900062738666,13.307468516551646],[12.6892,13.2903],[12.677167224275431,13.279748181287685],[12.67147494041539,13.274756486210418],[12.6697,13.2732],[12.648669658405893,13.295036101808439],[12.6432,13.2999],[12.642492769468015,13.299560176281043],[12.5773,13.256],[12.541477039229076,13.218090264815237],[12.536525608578156,13.211377046048991],[12.5589,13.1576],[12.558492617479377,13.157417599401844],[12.558131030085486,13.157255703017995],[12.499114093932294,13.130831583398702],[12.4948,13.1289],[12.47737632654985,13.064884846163817],[12.4767,13.0624],[12.393523705744524,13.07012858585498],[12.2776,13.0809],[12.257016041286283,13.11431164312951],[12.1785,13.1252],[12.177400423970386,13.098310368003084],[12.1774,13.0983],[12.1141,13.0903],[12.088791129995426,13.107536498395271],[11.8846,13.2466],[11.880695059421068,13.247746483657833],[11.5222,13.353],[11.307478948629957,13.367269436958136],[10.931325713850862,13.365854409871796],[10.675683382935397,13.355087934781318],[10.6546,13.3542],[10.4664,13.2825],[10.2072,13.2679],[10.203682523849471,13.266349233002671],[10.12249743920183,13.230556765745167],[10.0643,13.2042],[10.048969290221995,13.191783103338418],[9.6691188146868,12.821923823944918],[9.6581,12.8091],[9.656045321131483,12.809194202114874],[9.6503,12.8036],[9.026914485875377,12.830624059759995],[8.970214590336134,12.833082027310924],[8.9698,12.8331],[8.657684242080943,12.935584321383319],[8.6485,12.9386],[8.635461763718867,12.958716935377971],[8.562912634705214,13.034237359777851],[8.531501288655084,13.053362079200687],[8.418,13.0539],[8.416709212567769,13.054888383471535],[8.4156,13.0548],[8.410706947503447,13.05948444586974],[8.2561,13.2075],[8.120078532729238,13.282024822657391],[8.1068,13.2893],[7.998741400152769,13.312552258310918],[7.9474,13.3236],[7.8155,13.3386],[7.4263,13.1104],[7.358798965474499,13.105857874312303],[7.2123,13.096],[7.1426,13.0261],[7.0632,13.0009],[7.049596286258471,12.999793188970733],[7.0476,12.9991],[6.9928492370295015,12.995176195320447],[6.928,12.9899],[6.927523264887369,12.990596898669244],[6.7925,13.1611],[6.6766,13.354],[6.634239479582939,13.39776652917984],[6.4336,13.592],[6.2829,13.6668],[6.1494,13.6428],[6.147524096385541,13.643550602409638],[6.1467,13.6433],[5.523079328088412,13.891031610056952],[5.355,13.8448],[5.2705,13.7461],[5.189422921741303,13.746430387441967],[5.1478,13.7466],[4.967398881117414,13.748114067300735],[4.9095,13.7486],[4.8716555041044005,13.781665165228373],[4.8707,13.7825],[4.6019,13.7312],[4.4648,13.7034],[4.20165020314087,13.476774174197638],[4.1293,13.4729],[4.1295,13.2627],[4.081442359415777,12.973454949082482],[4.066385633985515,12.950811274456816],[3.9401,12.7625],[3.6438,12.5212],[3.643802104350072,12.521160185696639],[3.654470186335404,12.319320074534161],[3.6563,12.2847],[3.6298,12.1122],[3.667749327429192,11.983172286740746],[3.622827453416149,11.923808074534161],[3.6173,11.9171],[3.6194205420963343,11.91150600994987],[3.6499,11.8212],[3.6668373137635006,11.784831179007826],[3.586717511099695,11.720965295866815],[3.578960828540654,11.71478221296587],[3.514,11.663],[3.5196025872468524,11.538474570249205],[3.5246,11.4274],[3.5158571125880917,11.383653537711846],[3.4973,11.2908],[3.6536,11.1109],[3.720885685972255,11.124704667279817],[3.723249368694079,11.124419634951597],[3.717,11.0281],[3.717227549674169,11.027932161942458],[3.7280705218617776,11.019934508697697],[3.7541388984509467,11.00070676993689],[3.7689993040534184,10.939817210570864],[3.770832829222078,10.92902646408646],[3.7715,10.9251],[3.7515060587676983,10.822727175901917],[3.7507,10.8186],[3.841503805162365,10.701348484596169],[3.845481805594018,10.673306037108834],[3.8475743433498035,10.647580131758303],[3.847923940561683,10.64328214250637],[3.786227681622285,10.406274643823167],[3.6919,10.4576],[3.6886334658409505,10.455816648918573],[3.6811555923777908,10.451734134217064],[3.6364,10.4273],[3.6337367620668597,10.41865122934897],[3.5882705418577414,10.271001293132342],[3.5871,10.2672],[3.627772592648559,10.226891367912055],[3.6765,10.1786],[3.6747525393166542,10.17443125779381],[3.64023141958932,10.092077674572282],[3.6054899156933393,10.009198342878031],[3.5598739386571303,9.90037686806045],[3.54118656168613,9.876749474518567],[3.4987265523526783,9.861720408430566],[3.3520184513226163,9.809791881314375],[3.3317,9.8026],[3.3320766113826483,9.7999704857954],[3.347986067445046,9.688890091970517],[3.3484,9.686],[3.2676,9.6577],[3.2651845266167876,9.653049265253005],[3.2635,9.6524],[3.149242202424433,9.482224992770403],[3.1461,9.4801],[3.146248763098519,9.477766578817588],[3.1578687285066636,9.295501798826932],[3.158169912409908,9.290777583570392],[3.1088979108016,9.157490502296637],[3.0878,9.103],[2.7931425352112678,9.06664615694165],[2.7808955575897905,9.065135166196143],[2.7798,9.065],[2.762605338740775,8.808957659065221],[2.7284,8.7727],[2.7576427928987894,8.53858255026538],[2.756810139089095,8.497574350137944],[2.7157890779663907,8.434062689019001],[2.7089,8.4259],[2.7083627100856127,8.422564669531457],[2.703932573579537,8.395063745220664],[2.6959,8.3452],[2.6976003424789154,8.341211762143695],[2.74781806162658,8.22342360414289],[2.7532,8.2108],[2.6685,7.8904],[2.668570051590914,7.890338139925765],[2.6684,7.8897],[2.7294,7.7922],[2.7294,7.6897],[2.7302048012768516,7.591782511316361],[2.7295,7.5755],[2.7435532421024487,7.553044221513426],[2.7943396119497477,7.448983388771555],[2.7929037522621805,7.435312807996179],[2.7593506967035064,7.422046148792557],[2.7425,7.4216],[2.7480829367801394,7.377672095402216],[2.7706159770462095,7.200376653578979],[2.7721,7.1887],[2.7372,7.1209],[2.748105536069663,7.097636915976044],[2.7559704540563805,7.080859909619109],[2.7725,7.0456],[2.724,7.0098],[2.7118,6.9531],[2.7184290612150344,6.944718972606706],[2.729241376188321,6.931049117247623],[2.7398,6.9177],[2.724,6.7816],[2.77104,6.75808],[2.786593482947074,6.749755600676213],[2.7282,6.6241],[2.7432,6.5633],[2.710794202989469,6.523744722593861],[2.7015,6.5124],[2.7026,6.4523],[2.7039,6.3726],[2.709927843448649,6.37305583691751],[3.0054,6.3954],[3.4064,6.3902],[3.4191,6.4187],[3.9066,6.4368],[4.3508,6.371],[4.4605,6.3433],[4.7611,6.1187],[4.9839,5.8985],[5.1934,5.5795],[5.165,5.5376],[5.224,5.4616],[5.3247,5.4064],[5.3556,5.1795],[5.3904,5.1342],[5.464,4.8907],[5.5569,4.7119],[5.7079,4.5154],[5.8473,4.4019],[6.0839,4.2741],[6.5382,4.325],[6.6018,4.3349],[6.6395,4.3171],[6.7231,4.3576],[6.8763,4.366],[6.8582,4.3961],[7.0011,4.3778],[7.0146,4.4254],[7.115,4.4624],[7.1697,4.4513],[7.1351,4.3825],[7.1978,4.3791],[7.327,4.4187],[7.3246,4.4474],[7.4143,4.4292],[7.5973,4.4648],[7.7636,4.5132],[8.2798,4.5333],[8.2976,4.5716],[8.2292,4.5665],[8.278,4.5816],[8.2315,4.6064],[8.2647,4.6037],[8.2939,4.5769],[8.2852,4.6133],[8.3285,4.6429],[8.2956,4.681],[8.2263,4.6411],[8.1988,4.6757],[8.2827,4.6895],[8.3081,4.681],[8.3174,4.6613],[8.3243,4.6642],[8.3178,4.7149],[8.3046,4.7166],[8.2964,4.7083],[8.2845,4.7079],[8.2777,4.716],[8.2798,4.7175],[8.2953,4.7093],[8.2963,4.7156],[8.3058,4.7188],[8.3111,4.7165],[8.3175,4.7483],[8.2525,4.8142],[8.2688,4.8291],[8.3664,4.8386],[8.334,4.8044],[8.3786,4.7759],[8.406,4.8345],[8.3991,4.7726],[8.4412,4.7734],[8.386,4.7489],[8.4258,4.7277],[8.4848,4.7842],[8.474,4.7354],[8.5084,4.754],[8.5073,4.7456],[8.4884,4.7295],[8.464,4.7235],[8.4798,4.6893],[8.522309474447056,4.70536657301936],[8.5256,4.7564],[8.5441,4.8016],[8.546322892103724,4.802197467478583],[8.55409442818462,4.804286295838354],[8.568903058979343,4.8082665498899875],[8.57324638305353,4.8094339456798805],[8.582623854415276,4.811954416268894],[8.619582190820019,4.821888053635896],[8.62668839465799,4.823798054432722],[8.620471515397082,4.847244570502436],[8.6057,4.8853],[8.801354905399899,5.157290307413794],[8.8074,5.2974],[8.830383346163432,5.370904824632024],[8.8334,5.4308],[8.86323830228252,5.475980811855711],[8.8952,5.5782],[8.8135,5.7074],[8.8515,5.7416],[8.844812406850371,5.820568565684659],[8.8412,5.8248],[8.844213985590306,5.827634855084329],[8.851426750945159,5.8344189434369875],[9.1693,6.1334],[9.2644,6.1814],[9.3452,6.3526],[9.397136248156157,6.33066345682902],[9.4286,6.3288],[9.464851987636802,6.45303654141477],[9.4651,6.4541],[9.465159208083998,6.454089394190562],[9.4656,6.4556],[9.533644049330116,6.444929853446948],[9.5434,6.4434],[9.549936238140988,6.453667878587727],[9.596249559338457,6.5264221982426385],[9.598132875161584,6.529380728485433],[9.5991,6.5309],[9.705145741108007,6.512354326206228],[9.7066,6.5121],[9.7986,6.7852],[9.859143179990761,6.776773522317075],[9.863407590871699,6.77617999612429],[9.8841,6.7733],[10.151940226602363,7.038371852167197],[10.204360995541393,6.915700679712696],[10.2141,6.8909],[10.214944692990722,6.890933500571871],[10.491642863365326,6.901907365685877],[10.4965,6.9021],[10.524887184391737,6.927157823259373],[10.541713647309496,6.942010812131222],[10.5451,6.945],[10.575311238379927,7.154237189682915],[10.6238,7.0502],[10.824870403994552,6.945208034498411],[10.83802338028169,6.937967864065125],[10.8396,6.9371],[10.824968178302376,6.836646916422086],[10.824,6.83],[10.890646124330095,6.782448696130144],[10.9107,6.7659],[10.9163,6.709],[10.918281506002987,6.708432381092893],[10.9183,6.7082],[10.9485,6.6853],[10.970746986482904,6.693403206997084],[11.0391,6.7183],[11.053949151946126,6.713533605548157],[11.063177630910015,6.710571377732587],[11.089101359654856,6.686895777225782],[11.096193245666468,6.606915062761506],[11.0977,6.5199],[11.1981,6.5105],[11.1978,6.5376],[11.3494,6.5008],[11.350124159383794,6.503284268997185],[11.3566,6.5255],[11.42539048066532,6.530427408025184],[11.427687777606716,6.5313224984558085],[11.4173,6.5982],[11.5177,6.6133],[11.5499,6.7149],[11.575939349309742,6.7294943255718325],[11.580382394301594,6.743132282060276],[11.5694,6.7728],[11.5948,6.8037],[11.5533,6.8583],[11.560127846508703,6.865344401342001],[11.572590488431876,6.878202313624679],[11.6069,6.9136],[11.6175,6.9766],[11.653461752431507,7.001306281466995],[11.7182,7.0583],[11.785274479924217,7.058100965934943],[11.8025,7.0827],[11.843652295346663,7.0801082271747875],[11.8486,7.0846],[11.8029,7.2481],[11.854,7.3787],[11.924106010013974,7.457251689966687],[11.9228,7.478],[12.0251,7.5278],[11.9988,7.6781],[12.0981,7.8477],[12.184170235946057,7.931108269885869],[12.1894,7.9385],[12.195014254350072,7.94740723045925],[12.1926,8.1081],[12.2559,8.1764]],[[3.4064,6.4645],[3.4096,6.5577],[3.4695,6.5948],[3.495,6.5311],[3.6425,6.5503],[3.5592,6.477],[3.4064,6.4645]]],[[[8.345,4.6068],[8.3257,4.6317],[8.3091,4.6092],[8.3216,4.586],[8.345,4.6068]]],[[[8.2778,4.8296],[8.286,4.7995],[8.3056,4.7999],[8.293,4.8224],[8.2778,4.8296]]]]},"properties":{"iso3":"NGA"}},
{"type":"Feature","geometry":{"type":"MultiPolygon","coordinates":[[[[74.8649,34.68],[75.0187,34.6415],[75.2498,34.6473],[75.2618,34.6108],[75.3778,34.5524],[75.7493,34.5159],[76.0365,34.6703],[76.1579,34.6434],[76.4743,34.7943],[76.5618,34.7583],[76.6818,34.7597],[76.7432,34.8402],[76.7493,34.9266],[76.87,34.9724],[76.9976,34.9391],[77.0181,35.0384],[77.1259,35.043],[77.834,35.5021],[77.7551,35.4981],[77.6919,35.4495],[77.6459,35.4794],[77.6369,35.4561],[77.5369,35.4826],[77.4384,35.4618],[77.3048,35.5412],[77.1929,35.5201],[77.0615,35.5964],[76.9153,35.6094],[76.8463,35.669],[76.7586,35.6567],[76.6905,35.7485],[76.5911,35.773],[76.5638,35.8203],[76.595,35.8967],[76.5735,35.9218],[76.4289,35.8524],[76.3668,35.8639],[76.3631,35.8248],[76.1574,35.8252],[76.1599,35.9175],[76.1011,36.0194],[76.0116,36.0188],[75.9468,36.0711],[75.9336,36.1356],[76.0135,36.1661],[76.0087,36.2297],[76.0621,36.2309],[75.9884,36.3325],[76.0318,36.4096],[75.9324,36.5696],[75.9434,36.6009],[75.7495,36.7375],[75.6453,36.7716],[75.5343,36.7736],[75.5292,36.7271],[75.4551,36.7213],[75.4203,36.7862],[75.4268,36.8735],[75.3919,36.9101],[75.4103,36.9547],[75.2328,36.9654],[75.145,37.0262],[74.9322,36.9831],[74.9359,36.9438],[74.8996,36.9347],[74.8413,37.014],[74.8444,37.0574],[74.7364,37.0283],[74.6996,37.0894],[74.5716,37.0338],[74.5585,36.9603],[74.52527435249094,36.99142888334586],[74.5173,36.9989],[74.4579118107826,36.99718215981603],[74.42161549966336,36.99613226651919],[74.4205,36.9961],[74.2548,36.9012],[74.2074966358039,36.905161138579224],[74.17004372694504,36.908297409428165],[74.1521,36.9098],[74.13037729495994,36.85522832636278],[74.12437491559757,36.84719783929777],[74.0866370899916,36.837511124703724],[73.98039769040696,36.83582826920066],[73.97076542362717,36.83676459010552],[73.9632,36.8375],[73.8465,36.8987],[73.82118372376769,36.899250353831135],[73.76420205432773,36.90048908577548],[73.64822449438202,36.90301033707865],[73.6395,36.9032],[73.49658754500447,36.89027432423268],[73.36623819243587,36.87848491464038],[73.3067,36.8731],[73.2503349917944,36.876913632470085],[73.12108457635719,36.885658660578386],[73.0717,36.889],[72.99250424698387,36.868939309521565],[72.93859726111013,36.85528439348057],[72.89440354179364,36.84408989768332],[72.8826,36.8411],[72.63825453035429,36.848306681846864],[72.6317,36.8485],[72.62566044339138,36.8453629702304],[72.50706652255805,36.78376363699169],[72.495556750744,36.777785301302195],[72.47423013434015,36.77560877162174],[72.2414,36.7535],[72.23379305381611,36.743260537608656],[72.1767,36.7056],[72.19475643879666,36.661531562738844],[72.103,36.6486],[72.10287857451105,36.64761124959003],[72.0941,36.6468],[72.07827197458347,36.593143989311265],[71.9353,36.5609],[71.91068791142065,36.5084696503827],[71.85613130169787,36.50536874183718],[71.832,36.5054],[71.83170120775969,36.50398017521903],[71.82104772347579,36.45335609952399],[71.8187,36.4422],[71.82566789047311,36.440142041650965],[71.8282,36.4329],[71.8153788170499,36.413252724275544],[71.67769045538051,36.45842296854665],[71.63619786969569,36.472035086579716],[71.636,36.4721],[71.6138,36.4091],[71.57051910774825,36.37911896526311],[71.55952081140687,36.37150035373496],[71.5562,36.3692],[71.5687,36.3295],[71.56699776621105,36.32841116007561],[71.45800954410689,36.258696454442635],[71.29955174548948,36.15733835746126],[71.24601103587312,36.123090851279194],[71.2454,36.1227],[71.2435939047041,36.11912483641882],[71.1947,36.0389],[71.3189,35.9596],[71.37696596681224,35.953784975747396],[71.38046282131661,35.90500833855804],[71.38049431001085,35.90456911164374],[71.3807,35.9017],[71.4899,35.8035],[71.4853,35.7538],[71.49367979934644,35.749214311758294],[71.49791430932947,35.746897055480936],[71.5467,35.7202],[71.51447788378402,35.65616537074029],[71.50055960519872,35.62850574083983],[71.4995,35.6264],[71.6123,35.5733],[71.59552194576622,35.5057415582182],[71.59406570779713,35.49987787660863],[71.5935,35.4976],[71.6506,35.4451],[71.62092035059527,35.39964826090131],[71.5425,35.3085],[71.55566134060389,35.29970990059524],[71.5535,35.2964],[71.66958411934294,35.20097005675101],[71.6556898824611,35.18193346885241],[71.54962718867448,35.10095677524968],[71.5358,35.0904],[71.5410528389202,35.07419941263722],[71.556,35.0281],[71.54984955706544,35.02113743872022],[71.51107377499865,34.97724161500728],[71.50415623106569,34.96941066298457],[71.48889135761205,34.95917907212916],[71.40118070676166,34.91986210139422],[71.3098,34.8789],[71.2892003091524,34.84919283833667],[71.24023867926732,34.778584445955524],[71.1356410425689,34.71809945698462],[71.1145,34.7105],[71.11327802397334,34.70516774097454],[71.10116441781176,34.65230836863312],[71.09122426594861,34.60893316050302],[71.04317325898317,34.57333372726037],[70.99865895783273,34.5558981475975],[70.9956,34.5547],[71.0068,34.4611],[71.11501423254609,34.3934085438967],[71.16006048142009,34.365230677579774],[71.1713,34.3582],[71.1221,34.2673],[71.12284590219976,34.247237143396326],[71.12435261426003,34.20671045233921],[71.126,34.1624],[71.12442037255248,34.159524401434076],[71.07505996263463,34.06966731253916],[71.06576621802941,34.052748716511545],[71.0653,34.0519],[70.8849,33.9767],[70.87684377867984,33.97600832546599],[70.68915599240957,33.95989421229195],[70.5099,33.9487],[70.22207133910973,33.978707081371994],[70.012,34.0487],[69.99968763594681,34.04645062579797],[69.9959,34.0477],[69.9083,34.0394],[69.8888,34.0187],[69.89189970238463,34.009769905034766],[69.88056801149288,33.97392766017653],[69.8657,33.9269],[69.87231282216031,33.91712748547625],[69.95491967574068,33.79505000375883],[69.98275509053238,33.75391446605159],[69.9919,33.7404],[70.04901557602741,33.730441184882885],[70.137,33.7151],[70.14321484669178,33.68372011834315],[70.14851779724776,33.65694456471616],[70.1492,33.6535],[70.197,33.6335],[70.1736,33.525],[70.17412978411275,33.52457822183448],[70.26149528463935,33.45502373793418],[70.2976194088319,33.42626416122005],[70.32583274660799,33.33996453978731],[70.1558,33.2213],[70.11699035733957,33.21787948912146],[70.0673,33.2135],[70.05477647058824,33.19360968858131],[70.0231,33.1433],[69.8755,33.0957],[69.85650671331315,33.10248636535553],[69.7884768508559,33.12679366452564],[69.7865,33.1275],[69.7077,33.0909],[69.68802623914155,33.091932217680124],[69.58,33.0976],[69.56761918344966,33.08594946480997],[69.5071,33.029],[69.50529229538793,33.01865657758397],[69.4957,33.0083],[69.49783857701726,32.976007487039205],[69.492,32.9426],[69.50113286424717,32.92626374986775],[69.5264797622858,32.88092493224933],[69.53231968955572,32.87047886516089],[69.4637,32.8512],[69.40399013432145,32.78601871236684],[69.3923,32.7741],[69.39271297189157,32.77370818445534],[69.43967818523322,32.729148975895534],[69.4411,32.7278],[69.4511,32.6632],[69.3852,32.5665],[69.2852,32.533],[69.2834873496437,32.53024436481998],[69.2407,32.4614],[69.2809,32.3563],[69.28052742179617,32.346856752438605],[69.2728,32.151],[69.27326036577799,32.14909536819503],[69.29002268739761,32.0797460542178],[69.3209,31.952],[69.20551002301737,31.854967519355515],[69.1977,31.8484],[69.12536388233195,31.71661575551569],[69.118,31.7032],[69.08102530745296,31.674039546599495],[69.021,31.6267],[68.95663925434667,31.64370770747446],[68.9491,31.6457],[68.9169,31.6048],[68.83730361273213,31.608498849095557],[68.7282,31.695],[68.7085,31.7709],[68.6428,31.7772],[68.5764,31.8331],[68.48462284691514,31.78753232259423],[68.4331,31.7632],[68.43524424260016,31.76301567289938],[68.47254825309834,31.75980888086193],[68.582,31.7504],[68.53786431700124,31.714717922208127],[68.4279,31.7554],[68.42656984620108,31.755416995912697],[68.4218,31.7572],[68.27840296089919,31.75969646655816],[68.2782,31.7597],[68.2593,31.8015],[68.1700620141449,31.833744001518916],[68.1688,31.8342],[68.0594,31.6948],[67.98901200609556,31.651141624033958],[67.89560903479669,31.63186271892601],[67.8687,31.6287],[67.86379824553185,31.625296790892694],[67.82140626012497,31.59586471881509],[67.713,31.5206],[67.554,31.5288],[67.56904672365187,31.504695111045823],[67.60208578359527,31.451766454315454],[67.6339,31.4008],[67.68599313254033,31.4004969126834],[67.7714,31.4],[67.7898,31.3567],[67.7627,31.3276],[67.2715,31.2057],[67.17854050533607,31.239045127962225],[67.1664,31.2434],[67.13615756510198,31.24150685233206],[67.0402,31.2355],[67.04196965534783,31.26360871168765],[67.0444816317813,31.30350824434003],[67.0445,31.3038],[67.0442093014839,31.30383397273495],[67.00981931590086,31.307852988314377],[66.9692,31.3126],[66.9109898285497,31.29497152001372],[66.8958737784126,31.290393746393157],[66.8566,31.2785],[66.7929,31.2131],[66.7311,31.2126],[66.6832,31.0746],[66.5797,30.9885],[66.45222608560618,30.952456107064204],[66.39028717240483,30.934942566614726],[66.3866,30.9339],[66.3382456240087,30.76679094325662],[66.2811,30.5693],[66.31691081805408,30.497189812485907],[66.34049613960093,30.44969740511464],[66.3455815354329,30.439457235608508],[66.3544,30.4217],[66.3166,30.2429],[66.24742054718932,30.10232947504326],[66.2384,30.084],[66.33144405813304,29.99942136389044],[66.3615,29.9721],[66.3287654143922,29.926348602703445],[66.30326314162123,29.900950761843898],[66.2306,29.8467],[65.34640312179596,29.609718075343284],[65.09180513146998,29.543151061034482],[64.90704788077188,29.551911495070865],[64.51181064941566,29.570652029912857],[64.50673309015806,29.570892787029422],[64.4876,29.5718],[64.208,29.4944],[64.20393832424152,29.489781226690983],[64.14993179400665,29.42836718598617],[64.10654860085278,29.37903357431605],[64.10008039313925,29.380316134912427],[64.0323,29.4176],[63.5908,29.4904],[62.55666013093966,29.398010764120954],[62.4558,29.389],[60.8786,29.8618],[60.884159757805264,29.855436379123525],[61.1926,29.5024],[61.3727,29.3487],[61.3578,29.2828],[61.4286,29.1938],[61.4157,29.1357],[61.4705,29.114],[61.5043,29.0075],[61.8042,28.6402],[62.0433,28.5079],[62.4263,28.4137],[62.5923,28.2551],[62.7919,28.2771],[62.7683,28.0323],[62.8554,27.4651],[62.8075,27.3401],[62.8326,27.305],[62.783,27.2343],[62.9516,27.1921],[63.1842,27.2414],[63.2992,27.179],[63.3175,27.1386],[63.2559,27.0829],[63.2814,26.8746],[63.1922,26.8436],[63.1691,26.6473],[62.7786,26.6523],[62.6081,26.585],[62.4346,26.5682],[62.3061,26.5245],[62.3088,26.4767],[62.2564,26.446],[62.2825,26.3584],[62.1325,26.39],[62.1211,26.3167],[61.8479,26.2282],[61.7803,25.8183],[61.6892,25.7992],[61.7067,25.6864],[61.6808,25.6544],[61.6643,25.3334],[61.6104,25.1949],[61.6982,25.2043],[61.7523,25.1687],[61.7813,25.1904],[61.7279,25.0444],[61.8407,25.0407],[61.8747,25.1026],[62.0984,25.0962],[62.0735,25.1784],[62.2033,25.2151],[62.3149,25.1687],[62.3203,25.1206],[62.269,25.1003],[62.3768,25.0962],[62.3393,25.1132],[62.3642,25.178],[62.4772,25.2159],[62.4738,25.2454],[62.5952,25.2623],[63.0072,25.2106],[63.1394,25.2577],[63.4926,25.1981],[63.504,25.2263],[63.456,25.2951],[63.4811,25.2844],[63.6059,25.3706],[63.758,25.3788],[64.0642,25.3283],[64.0417,25.4016],[64.0042,25.3843],[63.9674,25.4074],[63.9745,25.4234],[64.0057,25.4065],[64.0198,25.4249],[63.9915,25.4264],[64.0286,25.4649],[64.0474,25.4315],[64.1651,25.4533],[64.1419,25.4112],[64.0808,25.3977],[64.1174,25.3649],[64.0837,25.3294],[64.2463,25.3325],[64.24,25.307],[64.406,25.2383],[64.5435,25.2705],[64.6054,25.23],[64.58,25.1736],[64.6,25.1546],[64.6929,25.1739],[64.6402,25.2055],[64.6439,25.2591],[64.7021,25.3078],[64.7928,25.3239],[64.7806,25.3477],[64.827,25.3189],[65.1565,25.3061],[65.2279,25.3293],[65.2552,25.3822],[65.3189,25.3968],[65.5058,25.3761],[65.5436,25.4198],[65.5178,25.3704],[65.6358,25.3495],[65.8388,25.4194],[66.234,25.4656],[66.36,25.4601],[66.5133,25.4045],[66.4929,25.4478],[66.5175,25.492],[66.4264,25.4826],[66.3349,25.5532],[66.1957,25.4889],[66.0919,25.4796],[66.1901,25.5993],[66.2969,25.6239],[66.3992,25.5835],[66.4551,25.6194],[66.4671,25.57],[66.5027,25.5773],[66.5392,25.6442],[66.5158,25.5634],[66.5577,25.5381],[66.5601,25.4529],[66.5941,25.425],[66.5501,25.3653],[66.742,25.1833],[66.6755,24.9237],[66.703,24.8927],[66.6514,24.8294],[66.862,24.8568],[66.9792,24.7917],[66.9119,24.8495],[66.9784,24.8586],[66.9758,24.8109],[67.0931,24.7569],[67.0908,24.7921],[67.1293,24.7797],[67.22,24.8141],[67.3295,24.7712],[67.4638,24.7775],[67.468,24.7538],[67.4528,24.7761],[67.3493,24.7629],[67.4137,24.6953],[67.3405,24.6858],[67.3475,24.6718],[67.3633,24.6653],[67.3583,24.6667],[67.3466,24.6562],[67.3649,24.6521],[67.3686,24.6632],[67.3985,24.6509],[67.4358,24.6453],[67.4293,24.679],[67.4533,24.6538],[67.4406,24.6404],[67.3838,24.6377],[67.3712,24.6294],[67.3724,24.6338],[67.3476,24.6438],[67.329,24.6266],[67.3578,24.6205],[67.3477,24.6138],[67.3492,24.6179],[67.3398,24.6175],[67.3421,24.6101],[67.3238,24.5979],[67.3353,24.6106],[67.3124,24.635],[67.2902,24.614],[67.3023,24.5998],[67.3017,24.5994],[67.3049,24.5876],[67.3089,24.592],[67.3111,24.5894],[67.299,24.5814],[67.3234,24.5491],[67.4072,24.5895],[67.4395,24.5746],[67.3571,24.5505],[67.4014,24.5324],[67.3093,24.4589],[67.3743,24.4721],[67.4121,24.5215],[67.4212,24.4706],[67.454,24.4622],[67.4217,24.4645],[67.3951,24.4834],[67.3604,24.4607],[67.3619,24.4572],[67.3085,24.4518],[67.3059,24.4321],[67.3648,24.4504],[67.3707,24.4366],[67.3933,24.4498],[67.4726,24.4268],[67.4646,24.4235],[67.417,24.4368],[67.349,24.4005],[67.4278,24.3918],[67.4229,24.3603],[67.4177,24.3865],[67.369,24.3857],[67.3665,24.351],[67.438,24.3224],[67.4565,24.3422],[67.4872,24.3263],[67.5125,24.3526],[67.5291,24.3346],[67.4906,24.3218],[67.449,24.3321],[67.4421,24.3161],[67.4109,24.3114],[67.3466,24.3429],[67.3595,24.2906],[67.3298,24.3339],[67.2954,24.3011],[67.3259,24.2448],[67.3934,24.2874],[67.35,24.2542],[67.4212,24.2167],[67.4316,24.2472],[67.4282,24.2125],[67.3626,24.2385],[67.3344,24.2088],[67.3453,24.1557],[67.4245,24.1302],[67.4119,24.1233],[67.3626,24.1323],[67.3921,24.0478],[67.4101,24.0697],[67.4099,24.0625],[67.4222,24.0652],[67.4161,24.077],[67.4489,24.1168],[67.4092,24.0392],[67.4365,23.9907],[67.4224,23.9449],[67.5008,23.9698],[67.4655,23.9066],[67.5652,23.8683],[67.5762,23.8889],[67.5835,23.8393],[67.6254,23.843],[67.652,23.7945],[67.7502,23.8014],[67.709,23.8562],[67.8273,23.8136],[67.894,23.975],[67.8719,23.8586],[67.9962,23.7867],[68.0447,23.7949],[68.042,23.9118],[68.0761,23.8332],[68.1422,23.8397],[68.1361,23.8695],[68.189,23.8501],[68.1856,23.8864],[68.279,23.9386],[68.3258,23.922],[68.3743,23.9832],[68.7492,23.962],[68.7643,24.2843],[68.8263,24.3084],[68.8524,24.2057],[68.9267,24.2938],[69.0005,24.2259],[69.0929,24.2691],[69.1997,24.2352],[69.3102,24.2767],[69.5042,24.263],[69.5902,24.2867],[69.7246,24.1752],[69.9786,24.1651],[70.0593,24.1928],[70.119,24.2908],[70.5602,24.4185],[70.5962,24.4003],[70.5614,24.3584],[70.5743,24.2523],[70.7259,24.2208],[70.8941,24.2571],[70.8727,24.305],[71.1243,24.4093],[71.0007,24.4489],[70.9894,24.6031],[71.086,24.6934],[70.9556,24.9017],[70.8812,25.1459],[70.6658,25.396],[70.6594,25.7015],[70.6048,25.7185],[70.3747,25.6813],[70.2754,25.7113],[70.0961,25.9444],[70.0826,26.0739],[70.1726,26.2451],[70.1677,26.5507],[70.0661,26.5992],[69.8154,26.5921],[69.5154,26.74],[69.4837,26.8062],[69.5132,27.0169],[69.5781,27.1654],[70.0163,27.556],[70.1078,27.7669],[70.1806,27.8549],[70.3662,28.0082],[70.5304,28.0325],[70.6614,27.9296],[70.6784,27.8391],[70.7577,27.7172],[70.8854,27.7058],[71.244,27.8494],[71.6749,27.8855],[71.8902,27.9583],[71.9222,28.1139],[72.1844,28.358],[72.3019,28.6649],[72.3962,28.7747],[72.9445,29.0341],[73.2748,29.5561],[73.3965,29.939],[73.804,30.0698],[73.9652,30.1913],[73.9437,30.306],[73.8713,30.3685],[73.9352,30.463],[73.9627,30.4576],[74.032,30.5358],[74.0776,30.5294],[74.1043,30.6129],[74.2818,30.7302],[74.2621,30.7681],[74.2962,30.7786],[74.3196,30.8435],[74.363,30.8458],[74.3655,30.8855],[74.5485,30.9929],[74.5583,31.0675],[74.6392,31.0211],[74.6872,31.0651],[74.6645,31.1067],[74.5741,31.11],[74.5358,31.1543],[74.5502,31.2947],[74.6411,31.4646],[74.5173,31.7229],[74.5437,31.8223],[74.7033,31.9249],[74.7092,31.958],[74.8045,31.9469],[74.9202,32.0563],[75.0049,32.0287],[75.1719,32.0661],[75.212,32.1191],[75.2391,32.0871],[75.3819,32.2611],[75.3305,32.3317],[75.1886,32.4245],[75.1279,32.4212],[75.0826,32.48],[75.0302,32.4918],[74.9731,32.448],[74.8354,32.4962],[74.6867,32.4931],[74.6423,32.611],[74.6762,32.658],[74.6501,32.7184],[74.697,32.8398],[74.6419,32.8229],[74.6148,32.7577],[74.5315,32.7408],[74.4617,32.7917],[74.4139,32.9039],[74.3181,32.9197],[74.3464,32.9655],[74.3379,33.026],[74.2053,33.0432],[74.1117,33.1645],[74.0142,33.1982],[74.0203,33.2588],[74.1029,33.2705],[74.17,33.3462],[74.187,33.4555],[74.0963,33.5698],[74.0285,33.5747],[73.9562,33.7203],[74.0658,33.8201],[74.2197,33.8672],[74.2611,33.9248],[74.2487,34.0138],[74.1238,34.0552],[74.0061,34.0224],[73.8982,34.0328],[73.8857,34.0752],[73.9766,34.2118],[73.9762,34.2648],[73.8994,34.3598],[73.7735,34.3498],[73.777,34.4163],[73.8988,34.4958],[73.8954,34.5467],[73.9481,34.5731],[73.9274,34.6461],[73.9603,34.6967],[74.1417,34.6912],[74.3072,34.8002],[74.5615,34.7744],[74.6713,34.7007],[74.8649,34.68]]],[[[63.8674,25.1295],[63.8409,25.1183],[63.8507,25.1124],[63.8804,25.123],[63.8674,25.1295]]],[[[64.0651,25.4155],[64.0905,25.4084],[64.1246,25.4228],[64.1085,25.4296],[64.0651,25.4155]]],[[[66.4098,25.558],[66.3934,25.5442],[66.4226,25.522],[66.4215,25.5476],[66.4098,25.558]]],[[[66.1955,25.5329],[66.2062,25.572],[66.167,25.5484],[66.1625,25.5406],[66.1955,25.5329]]],[[[66.3529,25.5505],[66.3439,25.5635],[66.3429,25.5618],[66.3486,25.5562],[66.3529,25.5505]]],[[[66.3798,25.5631],[66.3813,25.5534],[66.3873,25.5655],[66.3842,25.5685],[66.3798,25.5631]]],[[[66.3817,25.5807],[66.3708,25.5899],[66.3695,25.5874],[66.3788,25.5785],[66.3817,25.5807]]],[[[66.351,25.5922],[66.35,25.5891],[66.3608,25.5835],[66.3615,25.5854],[66.351,25.5922]]],[[[67.2607,24.4741],[67.3049,24.4741],[67.288,24.5262],[67.2676,24.5186],[67.2607,24.4741]]],[[[67.2839,24.5328],[67.2915,24.5787],[67.2242,24.5761],[67.2405,24.5284],[67.2839,24.5328]]],[[[67.2807,24.6138],[67.2566,24.6611],[67.172,24.6663],[67.182,24.6243],[67.2807,24.6138]]],[[[67.3034,24.6622],[67.281,24.6615],[67.2805,24.6378],[67.3054,24.6397],[67.3034,24.6622]]],[[[67.3161,24.6635],[67.3081,24.6784],[67.301,24.6859],[67.2912,24.6875],[67.3161,24.6635]]],[[[67.1335,24.6752],[67.1211,24.6889],[67.1159,24.6905],[67.1159,24.6769],[67.1335,24.6752]]],[[[67.2122,24.7167],[67.1952,24.6974],[67.2222,24.6678],[67.2449,24.6676],[67.2122,24.7167]]],[[[67.2759,24.7271],[67.3107,24.7466],[67.3412,24.7601],[67.3027,24.7739],[67.2373,24.7225],[67.2171,24.7201],[67.271,24.6536],[67.2873,24.6918],[67.3909,24.7004],[67.3465,24.7355],[67.2759,24.7271]]],[[[67.1515,24.7393],[67.1135,24.747],[67.1233,24.7035],[67.1415,24.6902],[67.1515,24.7393]]],[[[67.1928,24.7052],[67.2444,24.7505],[67.1861,24.7407],[67.1788,24.715],[67.1928,24.7052]]],[[[67.2517,24.7639],[67.2644,24.7511],[67.2888,24.7778],[67.2366,24.7797],[67.2517,24.7639]]],[[[67.1652,24.7763],[67.1825,24.7513],[67.2293,24.7821],[67.2151,24.7933],[67.1652,24.7763]]],[[[67.2118,24.8053],[67.2218,24.8002],[67.2329,24.7931],[67.2264,24.8008],[67.2118,24.8053]]],[[[66.5962,24.891],[66.6119,24.8851],[66.6175,24.9],[66.6062,24.9056],[66.5962,24.891]]],[[[68.091,23.8118],[68.0328,23.713],[68.1074,23.6978],[68.1034,23.727],[68.1371,23.6947],[68.159,23.7199],[68.1837,23.8427],[68.091,23.8118]]],[[[67.4239,23.9777],[67.3972,23.9821],[67.3911,23.9795],[67.4094,23.9572],[67.4239,23.9777]]],[[[67.3578,24.3573],[67.3592,24.3603],[67.3556,24.3838],[67.3371,24.3642],[67.3578,24.3573]]],[[[67.3303,24.3843],[67.3103,24.3832],[67.3154,24.3647],[67.3337,24.3733],[67.3303,24.3843]]],[[[67.34,24.4177],[67.308,24.3905],[67.3388,24.3912],[67.3607,24.4341],[67.3073,24.4256],[67.34,24.4177]]],[[[67.379,24.4215],[67.3914,24.4242],[67.3951,24.4295],[67.3773,24.4338],[67.379,24.4215]]],[[[67.31,24.4828],[67.3097,24.4745],[67.321,24.4697],[67.3236,24.4969],[67.31,24.4828]]],[[[67.3249,24.5117],[67.3505,24.5024],[67.3617,24.5286],[67.312,24.5461],[67.3075,24.5181],[67.3157,24.5151],[67.3142,24.5079],[67.3448,24.491],[67.3466,24.4984],[67.3249,24.5117]]],[[[67.3449,24.6623],[67.3253,24.6665],[67.3066,24.6596],[67.3242,24.6406],[67.3449,24.6623]]]]},"properties":{"iso3":"PAK"}},
{"type":"Feature","geometry":{"type":"MultiPolygon","coordinates":[[[[35.3558,31.4629],[35.3952,31.4902],[35.4524,31.7023],[35.5069,31.7669],[35.5543,31.7669],[35.5189,32.0359],[35.5723,32.1928],[35.5642,32.3736],[35.4191,32.4172],[35.4024,32.5016],[35.2767,32.5141],[35.2245,32.5524],[35.0663,32.4507],[35.0507,32.3642],[35.0164,32.3387],[35.0203,32.2344],[34.9571,32.1903],[35.0039,32.0344],[34.9809,31.9656],[35.0275,31.8796],[34.9558,31.8561],[34.9795,31.8163],[35.0349,31.8197],[35.0551,31.851],[35.2172,31.8049],[35.2274,31.7444],[35.1314,31.7332],[34.9965,31.6448],[34.8806,31.3915],[34.9225,31.3428],[35.1356,31.3552],[35.2302,31.3744],[35.3558,31.4629]]],[[[34.3293,31.26],[34.3733,31.3038],[34.3811,31.3898],[34.5665,31.5338],[34.4936,31.594],[34.2188,31.3237],[34.2676,31.22],[34.3293,31.26]]]]},"properties":{"iso3":"PSE"}},
{"type":"Feature","geometry":{"type":"Polygon","coordinates":[[[22.7826,14.9836],[22.752799161624775,14.954175197440236],[22.7601,14.9071],[22.757031608192506,14.905650061994855],[22.723885026921266,14.88998697496394],[22.69695412440588,14.877261045056784],[22.676271589623944,14.851663848544483],[22.7155,14.6964],[22.4062,14.586],[22.39972817829863,14.56708035994559],[22.3832,14.5139],[22.4446,14.4835],[22.4593,14.3383],[22.4277,14.2958],[22.468305614750918,14.241324602233039],[22.52153125,14.2361],[22.54649335175272,14.23364973234329],[22.547,14.2336],[22.5683,14.1843],[22.5349,14.1102],[22.483049807896048,14.086244822128332],[22.3217,14.0117],[22.2946,13.9645],[22.2346,13.9574],[22.1918,13.9112],[22.0719,13.7786],[22.073123986024473,13.777591038547394],[22.1237,13.7359],[22.1243406208166,13.732209467034805],[22.1254,13.7313],[22.144450938588392,13.627600045621959],[22.183395061728394,13.58950049382716],[22.2251,13.5487],[22.2176,13.4669],[22.2905,13.3538],[22.2806559322034,13.342204183195104],[22.1354,13.1711],[22.135280472798147,13.17107276958231],[22.1337,13.1679],[22.0201,13.1394],[21.9321,13.0494],[21.9307,13.0485],[21.9004,12.9865],[21.9023,12.988],[21.81558030898604,12.806632519809398],[21.947,12.624],[22.1511,12.6737],[22.1954,12.711],[22.1945,12.7558],[22.314638087271238,12.700120704725485],[22.4586,12.6334],[22.4258,12.5145],[22.3648,12.4461],[22.36573749304851,12.445230229537145],[22.4354,12.3806],[22.4414,12.2849],[22.457244499336444,12.253618073444454],[22.47622942775102,12.21613597169315],[22.492,12.185],[22.479790308551753,12.06075813972256],[22.484415344120755,12.035964134610378],[22.585874697981552,12.057958385232988],[22.5923,12.0604],[22.597345671445478,12.060445050637906],[22.6405,12.0698],[22.5619,11.6306],[22.6462759176623,11.529474298258242],[22.656303813771174,11.517607269563824],[22.71155707434053,11.492468345323742],[22.76135811818652,11.469810050493336],[22.7616,11.4697],[22.78718225395887,11.406236331525108],[22.7876,11.4052],[22.94139484125876,11.424623571272965],[22.942,11.4247],[22.9344464012884,11.320617295675213],[22.9343,11.3186],[22.979,11.3023],[22.984275769791576,11.25629301826915],[22.9883,11.2212],[22.98676467055529,11.217254148882786],[22.9817222261942,11.204294888064704],[22.912665663818732,11.02681707394549],[22.9087,11.0259],[22.889364245647027,10.96693160295278],[22.877800517625516,10.931665613694184],[22.8745,10.9216],[22.99494074525355,10.73106440993376],[22.99924345817911,10.724257577707416],[23.0044,10.7161],[23.3186,10.4663],[23.442239466158245,10.26579694947569],[23.6683,9.8915],[23.697154103498328,9.673339582333602],[23.5983,9.5224],[23.6107,9.4715],[23.64476250617608,9.452336911931202],[23.664040063860668,9.441491628447025],[23.675854059666342,9.434845240160202],[23.6391,9.3432],[23.640629498898175,9.337771223046598],[23.6036,9.3374],[23.613820387368165,9.252400445054777],[23.513441588976942,9.171817018636796],[23.4712,9.1519],[23.470735292560015,9.149717477471512],[23.4763,9.142],[23.465370821039528,9.006030686948456],[23.4636,8.984],[23.5312,8.9635],[23.5696,9.0083],[23.5885,8.9824],[23.584349031436787,8.937692946690788],[23.5811,8.9027],[23.522270161232015,8.831472137359423],[23.5416,8.7444],[23.5956,8.7605],[23.609043901483215,8.741198797040697],[23.627828448870165,8.74420089365505],[23.6297,8.7445],[23.668019522009956,8.734543234903178],[23.739,8.7161],[23.818,8.7368],[24.006055981441396,8.710123266897858],[24.04492693319392,8.704609217318682],[24.1317,8.6923],[24.141081528666767,8.693075752370435],[24.2589594791704,8.702823001755203],[24.2611,8.703],[24.260266186430087,8.700945760339874],[24.262679231912696,8.69747913161838],[24.306510916179935,8.711394469300247],[24.3837,8.7898],[24.451193623486372,8.81576996266829],[24.442,8.8421],[24.56757355086959,8.906415829326662],[24.57250080728171,8.913867951357233],[24.5413,9.0689],[24.5707,9.156],[24.5548,9.2296],[24.615361002843194,9.340510242089293],[24.672784918640975,9.445675284011363],[24.745315758416222,9.578506852524864],[24.7201,9.7444],[24.9499,9.9357],[25.0089,10.0399],[25.0328,10.0337],[25.036176536495336,10.044832415437632],[25.0314,10.0559],[25.041652785483443,10.062887567176613],[25.058851684624976,10.11959220833121],[25.0303,10.1655],[25.031801279184556,10.168815507237026],[25.066126304171025,10.244620773788776],[25.0989,10.317],[25.117123648876266,10.317243276866067],[25.1288,10.3313],[25.19581701407427,10.3361481796599],[25.2146,10.3595],[25.255763813166325,10.340484882153273],[25.2734030916422,10.341760952003643],[25.2754,10.3596],[25.3888,10.3898],[25.6442,10.3985],[25.6627,10.4327],[25.689440056656363,10.404641771536633],[25.70551598445955,10.409221676148189],[25.7586,10.4325],[25.77051723966838,10.427740019358762],[25.8132,10.4399],[25.8897,10.4242],[25.926519111716594,10.380051556911253],[25.9326,10.3805],[25.932528753663068,10.373418114108972],[25.93250746149605,10.371301672707652],[25.94499700812663,10.173916202647378],[26.0499,10.1172],[26.092612325039024,10.038237123755389],[26.2143,9.9033],[26.216227671920088,9.898093712919367],[26.2186,9.8958],[26.21827717256183,9.892558388883328],[26.3246,9.6054],[26.3943,9.5591],[26.6622,9.4867],[26.761,9.4886],[26.963979101211933,9.569880890089578],[27.110890070213177,9.615981240306857],[27.5832,9.6142],[27.77736420345629,9.61216718949427],[27.8984,9.6109],[27.89894468199545,9.609862196653507],[27.9075,9.6097],[28.00740702714926,9.403204760371127],[28.038518388646498,9.343927098642936],[28.7679,9.3521],[28.7679,9.352267676767669],[28.7587,9.4031],[28.8058,9.4878],[28.815486982248522,9.496528846153845],[28.8167,9.4985],[28.987143696450428,9.657896419828642],[28.9998,9.6709],[29.000299323116312,9.671320242500936],[29.090272557172558,9.747043908523908],[29.0983,9.7538],[29.5381,9.7501],[29.538100304096933,9.75020083854249],[29.539097285886612,10.0808],[29.5391,10.0817],[29.98105106881905,10.28820333364648],[29.9819,10.2886],[29.982595155904033,10.288262206984209],[30.053555957834103,10.253780642276451],[30.518402490983814,9.967467164304287],[30.5295,9.9606],[30.8273,9.7189],[30.827364196802638,9.718929099928914],[30.8274,9.7189],[30.847736354056902,9.728163645943098],[30.8926,9.7485],[31.2591,9.7562],[31.3244,9.7788],[31.4442,9.8968],[31.65005040157953,10.146571885178352],[31.811497555745678,10.34246637818559],[31.9335,10.4905],[32.0191,10.5072],[32.1546,10.4667],[32.2286,10.5096],[32.193,10.7142],[32.4599,10.9764],[32.445182605550734,11.018595415203198],[32.3892,11.1791],[32.388667787931226,11.478676260043828],[32.3883,11.6857],[32.384742379393,11.688972303979183],[32.1065,11.9449],[32.1066107918392,11.94490104029896],[32.12529411764706,11.945076470588235],[32.1278,11.9451],[32.13806965780065,11.945128452441756],[32.741388385990206,11.94758327042813],[32.73974527694842,12.058397601153095],[32.7305,12.2364],[32.73711016466154,12.236114476314865],[32.7371,12.2368],[33.2551,12.2144],[33.2977,12.2119],[33.2568,12.1658],[33.1748,11.7406],[33.1405,11.6281],[33.2659,10.8292],[33.2191,10.735],[33.4827,10.6579],[33.61655978112175,10.520240328317373],[33.7927,10.3391],[33.79314336687442,10.338376268778532],[33.9015,10.1615],[33.970007882161426,10.148217859580948],[33.9701,10.1482],[33.9928,9.9108],[33.99279304202424,9.910772509431617],[33.992733370523204,9.910536750708655],[33.9663,9.8061],[33.93842338872674,9.777471529916467],[33.911630915634646,9.711827126629261],[33.898879458337426,9.623573619545855],[33.899496967262316,9.49911126512941],[33.8996,9.4987],[34.1089,9.4988],[34.10891335676625,9.4985],[34.1127,9.4985],[34.243,10.0533],[34.3367,10.1162],[34.3481,10.1705],[34.2862,10.533],[34.468,10.8095],[34.6028,10.9033],[34.7574,10.7496],[34.7949,10.749],[34.7835,10.7015],[34.9767,10.8838],[34.9525,10.9434],[35.0085,11.186],[34.9363,11.2412],[35.0861,11.5315],[35.0905,11.6452],[35.0506,11.7395],[35.0952,11.816],[35.2756,11.9445],[35.6998,12.6661],[35.9994,12.722],[36.1689,12.6922],[36.1826,12.8975],[36.1506,12.9426],[36.2844,13.3811],[36.4985,13.8379],[36.4586,13.9788],[36.547,14.2209],[36.4328,15.1666],[36.5347,15.2288],[36.8977,16.2269],[36.9638,16.2878],[36.9341,16.357],[36.9666,16.4344],[36.9063,16.483],[36.8882,16.5515],[36.8969,16.6672],[36.9582,16.6847],[37.031,16.7977],[36.9829,16.9717],[37.0152,17.0136],[37.0032,17.0733],[37.0349,17.1041],[37.1345,17.0606],[37.3147,17.098],[37.3947,17.053],[37.5117,17.2044],[37.4907,17.2239],[37.5117,17.3338],[37.6116,17.3757],[37.7602,17.3816],[37.7729,17.4837],[37.8391,17.5027],[37.8666,17.4566],[37.9147,17.4575],[37.9771,17.4895],[38.0036,17.5588],[38.0611,17.5657],[38.071,17.4823],[38.1096,17.4756],[38.1127,17.5626],[38.2657,17.5622],[38.2812,17.6255],[38.3455,17.6493],[38.4521,17.9003],[38.5616,18.001],[38.5671,18.0005],[38.5795,18.0258],[38.5073,18.1163],[38.5024,18.1067],[38.5267,18.0681],[38.4952,18.053],[38.4615,18.1245],[38.44,18.1012],[38.4053,18.1209],[38.382,18.2014],[38.3414,18.1731],[38.269,18.2065],[38.268,18.2614],[38.3131,18.2536],[38.3116,18.2868],[38.2754,18.3007],[38.2341,18.2237],[38.1895,18.2516],[38.1594,18.2317],[38.0869,18.3229],[38.1141,18.4177],[37.9308,18.5725],[37.7967,18.6219],[37.7397,18.7089],[37.6762,18.7357],[37.5333,18.7228],[37.4094,18.8734],[37.4056,18.9947],[37.3573,19.1238],[37.3293,19.111],[37.3579,19.1344],[37.2967,19.4825],[37.2374,19.6003],[37.2693,19.8439],[37.1806,20.0046],[37.2186,20.0898],[37.1886,20.4531],[37.235,20.4632],[37.2413,20.5426],[37.1801,20.687],[37.1628,20.9151],[37.0947,21.0375],[37.1351,21.1548],[37.0974,21.189],[37.1469,21.2241],[37.1728,21.1999],[37.164,21.1472],[37.2357,21.1372],[37.2803,21.0441],[37.2334,21.0717],[37.2183,21.1026],[37.1982,21.1058],[37.255,20.9953],[37.3229,21.0655],[37.0622,21.3545],[37.0033,21.3475],[37.0156,21.3675],[37.0592,21.3619],[37.026,21.4071],[37.0047,21.3967],[36.9879,21.4795],[36.9465,21.4785],[36.9809,21.4947],[36.9351,21.6084],[36.888,21.6222],[36.9314,21.6198],[36.9118,21.6989],[36.8628,21.7028],[36.9071,21.7251],[36.8471,21.7356],[36.897,21.7585],[36.869,21.7908],[36.8875,21.8331],[36.8471,21.8094],[36.861,21.8365],[36.8214,21.8365],[36.8804,21.8488],[36.859,21.8838],[36.8861,21.938],[36.8422,21.9766],[36.8908,22.0093],[36.896,22.0617],[36.8419,22.0813],[36.7718,22.1668],[36.7205,22.163],[36.5735,22.2944],[36.4365,22.3595],[36.4241,22.4286],[36.3169,22.4847],[36.2613,22.6118],[36.189,22.6688],[35.9486,22.6913],[35.9375,22.7136],[35.9261,22.6922],[35.8096,22.7969],[35.7987,22.8544],[35.7938,22.8259],[35.7725,22.8388],[35.791,22.8607],[35.7534,22.923],[35.7169,22.9111],[35.628,23.1421],[35.1981,22.7846],[34.9446,22.8588],[34.6863,22.2967],[34.1506,22.2025],[34.0034,21.7695],[33.5603,21.7213],[33.1643,21.999],[32.4081,21.9985],[31.408,21.9998],[31.5158,22.1858],[31.4736,22.2254],[31.3778,22.1439],[31.3054,21.9999],[24.9987,22.0005],[25.0029,20.0205],[24.0001,20.0066],[23.99994659651679,19.500026297633248],[23.9988,15.7137],[23.832725695440207,15.735546354255273],[23.62092517803725,15.763407793427936],[23.6035,15.7657],[23.40442330578223,15.707858484222323],[23.35674755932545,15.69562600441071],[23.30548514816137,15.699379400214209],[23.11567457412496,15.713277189956628],[23.1099,15.7137],[22.96136002950986,15.582540654442617],[22.92701244181407,15.552212069424126],[22.9253,15.5507],[22.925674428726875,15.542310772578892],[22.9187,15.4907],[22.928449100957167,15.480143116392098],[22.929,15.4678],[22.988897888556814,15.41265434061794],[22.99063401336616,15.392952620471332],[22.9999,15.2365],[22.972324623877956,15.205424223523957],[22.933865508534172,15.162083133030752],[22.929,15.1566],[22.926763931196408,15.095853464169048],[22.91465262595765,15.089402662928503],[22.8614,15.0805],[22.833481540174922,15.046168797499368],[22.7826,14.9836]],[[23.62171076021266,9.258734783477983],[23.620803146468372,9.25800615724863],[23.6221,9.276],[23.6229,9.267],[23.62171076021266,9.258734783477983]]]},"properties":{"iso3":"SDN"}},
{"type":"Feature","geometry":{"type":"MultiPolygon","coordinates":[[[[-17.4334,14.6471],[-17.4335,14.6471],[-17.4335,14.647],[-17.4334,14.647],[-17.4334,14.6471]]],[[[-17.473,14.6511],[-17.4725,14.6513],[-17.4723,14.6517],[-17.472,14.6524],[-17.473,14.6511]]],[[[-17.4725,14.6525],[-17.4725,14.6527],[-17.4725,14.6528],[-17.4728,14.6529],[-17.4725,14.6525]]],[[[-17.4702,14.6523],[-17.4691,14.6552],[-17.472,14.6562],[-17.4748,14.6556],[-17.4702,14.6523]]],[[[-17.4834,14.7038],[-17.4835,14.7038],[-17.4835,14.7037],[-17.4834,14.7038]]],[[[-17.5129,14.7575],[-17.5164,14.7564],[-17.5166,14.755],[-17.5113,14.7558],[-17.5129,14.7575]]],[[[-17.4832,14.7637],[-17.4833,14.7638],[-17.4834,14.7638],[-17.4833,14.7637],[-17.4832,14.7637]]],[[[-17.4331,14.6465],[-17.4328,14.6465],[-17.4326,14.6467],[-17.4329,14.6467],[-17.4331,14.6465]]],[[[-17.397,14.6642],[-17.3968,14.6644],[-17.3991,14.6711],[-17.3981,14.6633],[-17.397,14.6642]]],[[[-17.4188,14.6666],[-17.4185,14.6664],[-17.4191,14.6673],[-17.4198,14.6683],[-17.4188,14.6666]]],[[[-17.4312,14.6788],[-17.4311,14.6788],[-17.4312,14.6789],[-17.4312,14.6788]]],[[[-17.4325,14.6809],[-17.432,14.6813],[-17.4318,14.6816],[-17.4322,14.6812],[-17.4325,14.6809]]],[[[-17.4254,14.7081],[-17.4255,14.7083],[-17.4259,14.7088],[-17.4254,14.7081]]],[[[-17.3421,14.734],[-17.3421,14.7339],[-17.342,14.7339],[-17.3421,14.734]]],[[[-17.4832,14.7637],[-17.4884,14.7582],[-17.4892,14.7578],[-17.5026,14.7539],[-17.5027,14.7539],[-17.5028,14.7539],[-17.5028,14.7537],[-17.503,14.7538],[-17.5287,14.7462],[-17.5138,14.7363],[-17.501,14.7181],[-17.4999,14.718],[-17.4834,14.7038],[-17.4833,14.7038],[-17.4738,14.689],[-17.4717,14.6874],[-17.4708,14.6871],[-17.4706,14.6869],[-17.4702,14.6867],[-17.4701,14.6866],[-17.4692,14.683],[-17.4692,14.6829],[-17.4693,14.6828],[-17.4697,14.6808],[-17.4693,14.6793],[-17.4615,14.6786],[-17.4588,14.6775],[-17.4511,14.6734],[-17.4511,14.6733],[-17.4432,14.662],[-17.4438,14.6609],[-17.4427,14.6592],[-17.4426,14.6592],[-17.4417,14.6587],[-17.4341,14.6474],[-17.4335,14.6477],[-17.4334,14.6471],[-17.4329,14.6472],[-17.4326,14.6468],[-17.4323,14.6469],[-17.432,14.6614],[-17.4318,14.6623],[-17.4284,14.6676],[-17.4213,14.6698],[-17.4221,14.67],[-17.4312,14.6788],[-17.4315,14.6796],[-17.4325,14.6809],[-17.4327,14.684],[-17.4288,14.6915],[-17.4224,14.6883],[-17.4197,14.7009],[-17.4182,14.7013],[-17.4246,14.7072],[-17.4278,14.7073],[-17.426,14.7088],[-17.4048,14.7364],[-17.3421,14.734],[-17.3417,14.7348],[-17.3415,14.7348],[-17.3385,14.7339],[-17.3378,14.7336],[-17.3013,14.7175],[-17.3014,14.7174],[-17.2052,14.6697],[-17.1447,14.5877],[-17.0569,14.4545],[-16.9489,14.3804],[-16.9296,14.2858],[-16.7745,14.0557],[-16.7391,13.8487],[-16.6327,13.7407],[-16.6193,13.6577],[-16.5515,13.5915],[-16.54503060834348,13.591485612916998],[-16.1468,13.5906],[-15.4727,13.5891],[-15.472220785042662,13.59030553746269],[-15.469101688198718,13.598152095750507],[-15.452902286186585,13.638904133431767],[-15.434651864129508,13.684815821209623],[-15.412,13.7418],[-15.393588850971115,13.750280647934556],[-15.3193,13.7845],[-15.2155,13.748],[-15.068324570670734,13.821873677286387],[-15.0611,13.8255],[-14.8344,13.7685],[-14.829326166212132,13.757658314493945],[-14.80160861120962,13.698431893823141],[-14.782716319519004,13.658063152243935],[-14.7803,13.6529],[-14.738053572105363,13.629872977070304],[-14.715073531950638,13.617347375784254],[-14.7104,13.6148],[-14.69942913901427,13.620231783250881],[-14.552385937323582,13.647342615265803],[-14.5424,13.6463],[-14.446720003592565,13.527337596900129],[-14.4261,13.5017],[-14.360880457565964,13.473231639050429],[-14.3198,13.4553],[-14.22440294977484,13.49024080793105],[-13.982421595152276,13.578870634689915],[-13.930247556528082,13.567845763433017],[-13.916923066887378,13.564264415865269],[-13.872195509404351,13.52799066866833],[-13.8599,13.51],[-13.810119873591898,13.456807227072117],[-13.802099446000858,13.412141742384089],[-13.821288132378218,13.35816620432262],[-13.833796790236661,13.344651365576114],[-14.059586897589833,13.292252488938635],[-14.1154,13.2793],[-14.124660710970348,13.261958286463168],[-14.139364909824815,13.234423035105126],[-14.178996015965513,13.22191487868198],[-14.253505498736613,13.225189255203947],[-14.376976058007585,13.239482053407492],[-14.54191811338924,13.336586867304808],[-14.574782401030257,13.35593475603982],[-14.5788,13.3583],[-14.6812,13.3471],[-14.68572508558015,13.351056635774682],[-14.72237894230641,13.383105965723141],[-14.7616,13.4174],[-14.9829,13.4823],[-14.985227549821783,13.48482842654186],[-15.074768140361725,13.582096722831968],[-15.076940880097721,13.584456978567696],[-15.0895,13.5981],[-15.1689650514667,13.546119101672158],[-15.170395097423006,13.54518365807668],[-15.1959,13.5285],[-15.21564017708955,13.46163616845582],[-15.2287,13.4174],[-15.3384,13.3594],[-15.4993,13.3942],[-15.504290376317156,13.391527656484795],[-15.5824,13.3497],[-15.588810558837373,13.351050985540107],[-15.6792,13.3701],[-15.803,13.3475],[-15.802706147736009,13.241478103151653],[-15.8025,13.1671],[-15.8946,13.1678],[-15.981661196689618,13.166453031583632],[-16.6975211751278,13.155377594785596],[-16.709,13.1552],[-16.712567519874707,13.138327064953115],[-16.7911,12.7669],[-16.7488,12.5684],[-16.7921,12.4844],[-16.7811,12.4281],[-16.7168,12.3397],[-16.700131977739108,12.341040876342772],[-16.473535938123685,12.359269629828361],[-16.4657,12.3599],[-16.382465990279943,12.364669589321037],[-16.3767,12.365],[-16.209172449428337,12.456885449424274],[-16.17625149314077,12.45967572758531],[-15.90564084028937,12.450110441012798],[-15.8912,12.4496],[-15.68707768888889,12.425144295900292],[-15.6817,12.4245],[-15.655707635692167,12.438231372985703],[-15.4808,12.5112],[-15.219536865273424,12.662803896646166],[-15.151042057936955,12.677286629540694],[-14.9129,12.6783],[-14.54046812267658,12.677130669144981],[-14.340365645690978,12.67400879461742],[-13.708739729249695,12.664154559481553],[-13.708371633194343,12.674237762140677],[-13.7083,12.6762],[-13.428012338734332,12.659774825143222],[-13.3463,12.6585],[-13.23525615489874,12.648479094143404],[-13.128,12.6388],[-13.126153527855054,12.642085556452754],[-13.0735,12.639],[-13.072729129349728,12.629367104742354],[-13.053,12.626],[-13.057,12.4826],[-12.960197694689773,12.477033650009115],[-12.946497126554647,12.502036278329983],[-12.9309,12.5305],[-12.8877,12.5406],[-12.841204696106443,12.503495199994173],[-12.81973106634781,12.486358528742011],[-12.762951082643209,12.441046211942956],[-12.7555,12.4351],[-12.733354726368159,12.434407960199005],[-12.6339,12.4313],[-12.57667963202902,12.379656193314327],[-12.563688767464047,12.367931387584076],[-12.5631,12.3674],[-12.4742,12.3991],[-12.367550240144409,12.32407741030848],[-12.349012289262,12.311036920722234],[-12.222982693137679,12.347015666810531],[-12.170956492208107,12.364132145923945],[-12.14332751149618,12.381579512636495],[-12.0969,12.4213],[-12.085078926925371,12.418362788360277],[-11.9987,12.3969],[-11.9033,12.4309],[-11.877297610798832,12.423009366720887],[-11.7616,12.3879],[-11.696937544087172,12.399384120732034],[-11.470072533733758,12.439675587116866],[-11.4598,12.4415],[-11.451233906070089,12.436310540770368],[-11.374933232429415,12.390086528018285],[-11.3669,12.3915],[-11.3501,12.4613],[-11.36071297459567,12.481775817479082],[-11.367235575415998,12.494359997595787],[-11.382974712283232,12.524725819248017],[-11.3883,12.535],[-11.400589634146344,12.528516158536583],[-11.41116545933634,12.522936499039792],[-11.4173,12.5197],[-11.447,12.5457],[-11.445258035539933,12.54740617066979],[-11.4032,12.5886],[-11.403454081105872,12.589330739999905],[-11.406472146658782,12.598010729069866],[-11.439277975964366,12.692360647854386],[-11.4403,12.6953],[-11.43721086035466,12.69695977254425],[-11.37449085316534,12.730658781931881],[-11.3679,12.7342],[-11.370198141872153,12.740217646371393],[-11.391313540801983,12.795507968213723],[-11.4101,12.8447],[-11.3985,12.9246],[-11.3982573713256,12.924635353080301],[-11.3976,12.9291],[-11.349960701754386,12.940093684210527],[-11.3572,12.9781],[-11.4149,12.9666],[-11.398577343209876,13.001415377777779],[-11.397671658475474,13.00369135175319],[-11.4249,13.0764],[-11.5177,13.1473],[-11.508763867369073,13.166020948249148],[-11.501445889697136,13.185301847504553],[-11.5385,13.1966],[-11.535604212203422,13.209596842866532],[-11.528289868969821,13.242424997537025],[-11.5258,13.2536],[-11.5881,13.3046],[-11.597,13.362],[-11.60580640758194,13.365375113197686],[-11.632614334949107,13.375649426374505],[-11.7272,13.4119],[-11.763628126706717,13.347138885854726],[-11.76698541788428,13.341170368205727],[-11.7713,13.3335],[-11.8296,13.3054],[-11.8871,13.3836],[-11.886203898746526,13.387249850611058],[-11.8867,13.3879],[-11.881696822121338,13.405607325629385],[-11.8693,13.4561],[-11.915159073022274,13.500383346579564],[-12.00745704110913,13.589509938985712],[-12.0381,13.6191],[-12.0732,13.7154],[-12.07157741042292,13.716587872988432],[-11.9504,13.8053],[-11.94984387890424,13.80913653160999],[-11.9346,13.9143],[-12.0103,13.9838],[-12.009552752320305,13.987877778196674],[-11.9742,14.1808],[-11.97511180077634,14.18258026501388],[-12.0268,14.2835],[-12.060479160935351,14.294422971114168],[-12.1008,14.3075],[-12.0935,14.3646],[-12.094832304691643,14.365078777415059],[-12.1998,14.4028],[-12.200150874164745,14.405791999695738],[-12.201234369602764,14.415031260794473],[-12.2163,14.5435],[-12.215719528455903,14.544304470936634],[-12.201366210865558,14.564196620626156],[-12.153185445428944,14.630969963596401],[-12.1771,14.6683],[-12.170115113239433,14.675987277607998],[-12.20669136233035,14.721208123385317],[-12.314882957332154,14.796860613854685],[-12.4508,14.8919],[-12.461933439305898,14.926628418545555],[-12.488110484492934,15.00828219655283],[-12.4902,15.0148],[-12.6588,15.1088],[-12.6893,15.0874],[-12.69908523770995,15.093907518516216],[-12.7544,15.1393],[-12.7593,15.1414],[-12.7884,15.2096],[-12.794394468987626,15.208620867134508],[-12.7945,15.2105],[-12.844742956573844,15.201865927023873],[-12.8922,15.2502],[-12.8286,15.2778],[-12.83325343210376,15.282200920284176],[-12.8322,15.2827],[-12.838263337969403,15.28693897079277],[-12.8931,15.3388],[-12.9426,15.3666],[-12.9219,15.4411],[-12.923920801045654,15.4414722528242],[-12.9237,15.4423],[-12.934427915194346,15.44340777385159],[-12.9605,15.4461],[-12.96458333077713,15.502370289977515],[-12.9646,15.5026],[-12.965594985805652,15.5023218319253],[-13.0934,15.4962],[-13.0838,15.5831],[-13.1763,15.6266],[-13.180809249155542,15.625705379426055],[-13.1832,15.6268],[-13.19804931436627,15.622285005767013],[-13.2262,15.6167],[-13.2482,15.6694],[-13.2044,15.6959],[-13.2862,15.7643],[-13.2611,15.7894],[-13.28904285416232,15.83113692885458],[-13.3258,15.8921],[-13.318138297284394,15.91066704599694],[-13.313055270706705,15.922985037411486],[-13.3121,15.9253],[-13.338436500300661,15.948605712567648],[-13.3629,15.9733],[-13.369991891891893,16.021213513513512],[-13.3751,16.0562],[-13.375177709145769,16.056249400814096],[-13.3752,16.0564],[-13.4595,16.1105],[-13.5019200653082,16.085697548822118],[-13.4858,16.1489],[-13.486818254126742,16.14862181986184],[-13.584750734538218,16.121867328801194],[-13.6809,16.0956],[-13.696567764338665,16.11372123293016],[-13.7173,16.1377],[-13.717028150250949,16.139181912656415],[-13.715398842098503,16.148063629048405],[-13.7209,16.144],[-13.712623976835856,16.163190028711863],[-13.7098863873544,16.17811322990955],[-13.7443,16.1575],[-13.81740000989952,16.124012844627035],[-13.849043321912928,16.109517025715864],[-13.8517,16.1083],[-13.867182594984232,16.172028863192672],[-13.872369844331502,16.189905240425293],[-13.912,16.1947],[-13.9212,16.2286],[-13.9736,16.2221],[-13.972866962294749,16.223714027974864],[-13.962134770742358,16.247344541484715],[-13.9518,16.2701],[-13.9909,16.304],[-13.989884949780775,16.30413471345502],[-13.9585,16.3083],[-13.958523943436377,16.30836335034208],[-13.96718144839331,16.331269665540635],[-13.99586891061171,16.33964061271793],[-14.0284,16.3466],[-14.211638565704023,16.535768301782507],[-14.23529333967649,16.543160418648906],[-14.246940574871298,16.544401816757443],[-14.2488,16.5446],[-14.256254189810871,16.515547773044812],[-14.2566,16.5142],[-14.2774,16.5835],[-14.33,16.5664],[-14.330055516014236,16.567956583629893],[-14.333485883301476,16.63942256878074],[-14.4215,16.6516],[-14.4982,16.6131],[-14.537163189269746,16.639389448584204],[-14.543777758818601,16.64364268792852],[-14.5567,16.6175],[-14.556955917643851,16.617497197982],[-14.566939013248058,16.617387894015533],[-14.6389,16.6166],[-14.639086531317558,16.617300016405217],[-14.639124233099336,16.61744150399077],[-14.647773996229972,16.649902412818093],[-14.654252717391305,16.649696739130434],[-14.7244,16.6464],[-14.7357,16.619],[-14.736680506285516,16.620230635439984],[-14.7651,16.6559],[-14.765644127663714,16.655288148292303],[-14.7884,16.6297],[-14.788820639008106,16.62985489747258],[-14.7892,16.6294],[-14.87834188521892,16.660698706365753],[-14.897,16.6329],[-14.921934891890254,16.63944992631175],[-14.949588211407812,16.646713932344444],[-14.9522,16.6474],[-14.986419214660526,16.690571916170548],[-14.987390398740818,16.6879305089192],[-15.0004,16.6407],[-15.0543,16.6231],[-15.0973,16.6721],[-15.118521897708426,16.63799668839869],[-15.109440626666892,16.630894985976564],[-15.0777,16.6179],[-15.1184,16.573],[-15.1729,16.5822],[-15.2291,16.5466],[-15.3109,16.569],[-15.4022,16.529],[-15.4746,16.5773],[-15.5151,16.56],[-15.51561740926527,16.54554703452346],[-15.516448745758447,16.522325035147404],[-15.5166,16.5181],[-15.6239,16.5215],[-15.629,16.4897],[-15.7002,16.4672],[-15.8863,16.5131],[-16.0492,16.4755],[-16.051576333980755,16.47840194056217],[-16.076181520467838,16.5084493957115],[-16.1134,16.5539],[-16.1898,16.5148],[-16.236682133452856,16.518814768334362],[-16.262940200825227,16.51948641195777],[-16.3648,16.3112],[-16.3539,16.2634],[-16.3883,16.21],[-16.4528,16.184],[-16.4419,16.1008],[-16.511235385856136,16.025267037754492],[-16.5285,15.8285],[-16.6104,15.6333],[-16.811,15.3293],[-17.1686,14.8906],[-17.3473,14.8039],[-17.3549,14.8011],[-17.3816,14.7909],[-17.4202,14.7751],[-17.4342,14.7699],[-17.4592,14.7633],[-17.4621,14.7628],[-17.4832,14.7637]]],[[[-16.642,13.6267],[-16.6282,13.6245],[-16.646,13.6351],[-16.6549,13.6495],[-16.6707,13.6609],[-16.642,13.6267]]],[[[-16.6445,13.6503],[-16.6374,13.6564],[-16.6395,13.6565],[-16.6413,13.6536],[-16.6445,13.6503]]],[[[-16.6406,13.6797],[-16.6442,13.6595],[-16.6335,13.6707],[-16.6378,13.6791],[-16.6406,13.6797]]],[[[-16.6538,13.6926],[-16.6664,13.6822],[-16.6591,13.6733],[-16.6517,13.6773],[-16.6538,13.6926]]],[[[-16.6377,13.6837],[-16.6358,13.6861],[-16.638,13.6901],[-16.6395,13.6868],[-16.6377,13.6837]]],[[[-16.6601,13.6997],[-16.6855,13.6937],[-16.6759,13.6904],[-16.6672,13.6957],[-16.6601,13.6997]]],[[[-16.6733,13.7413],[-16.6645,13.7612],[-16.6852,13.7478],[-16.6798,13.7391],[-16.6733,13.7413]]],[[[-16.7237,13.773],[-16.7443,13.7751],[-16.7399,13.7839],[-16.7587,13.7905],[-16.7686,13.7897],[-16.737,13.7692],[-16.7237,13.773]]],[[[-16.7572,13.8953],[-16.7629,13.8932],[-16.756,13.8008],[-16.7494,13.8254],[-16.7572,13.8953]]]]},"properties":{"iso3":"SEN"}},
{"type":"Feature","geometry":{"type":"MultiPolygon","coordinates":[[[[-10.599053986985291,9.045670585286029],[-10.5997,9.0585],[-10.61827268454676,9.06208395857372],[-10.72661624756752,9.082990943808841],[-10.7334,9.0843],[-10.723123240685984,9.161855276956436],[-10.72027418162284,9.183356176019638],[-10.7184,9.1975],[-10.671317448209997,9.208259266862433],[-10.663473881537948,9.261215831654614],[-10.6633,9.3006],[-10.717127189165327,9.363888689181094],[-10.734236350940169,9.38044716761357],[-10.810558743520636,9.38627608542401],[-10.811213535929502,9.386326093436143],[-10.8148,9.3866],[-10.802,9.4144],[-10.8489,9.4547],[-10.847277010301287,9.459493128456012],[-10.8496,9.4614],[-10.8348,9.5172],[-10.837741436190187,9.52223546758807],[-10.8738,9.5375],[-10.8594,9.5582],[-10.934586967481327,9.658631002296584],[-11.0387,9.7977],[-11.040891557866313,9.79924375078742],[-11.142778319132159,9.871013595585747],[-11.1564,9.8784],[-11.2078,9.9999],[-11.400228571428572,9.9999],[-11.4776,9.9997],[-11.477528946447324,9.9999],[-11.896,9.9999],[-11.9084,9.9432],[-11.908362964511522,9.942958848467063],[-11.912231287982193,9.94190511715365],[-12.140156415294426,9.879818312473798],[-12.1483,9.8776],[-12.2271,9.9247],[-12.499,9.8436],[-12.51146825065574,9.760294972334437],[-12.5194,9.7073],[-12.561072631578947,9.703238684210527],[-12.562909819295877,9.703059636255063],[-12.5666,9.7027],[-12.59093602848556,9.603028935126869],[-12.5917,9.5999],[-12.616260331750754,9.60098600106381],[-12.6211,9.6012],[-12.6605,9.532],[-12.6868,9.4092],[-12.7523,9.3965],[-12.7534,9.345],[-12.807433358215917,9.291426891854064],[-12.8121,9.2868],[-12.820659666748348,9.286786081842685],[-12.916266025861953,9.286630624348192],[-12.9351,9.2866],[-12.949270221341871,9.24301089435014],[-12.979706758115483,9.14938487503591],[-12.9916,9.1128],[-13.072434868704264,9.058629702970297],[-13.08661706174288,9.04912571512756],[-13.0877,9.0484],[-13.101930810846474,9.055638793956588],[-13.181408041235004,9.089441193560463],[-13.30252087888608,9.039725961326162],[-13.2911,8.9713],[-13.2712,8.9781],[-13.2915,8.9633],[-13.26,8.9502],[-13.2727,8.9729],[-13.2698,8.9757],[-13.2589,8.9598],[-13.2654,9.0052],[-13.2508,9.0155],[-13.2587,9.0129],[-13.2664,9.0432],[-13.269,9.038],[-13.2811,9.035],[-13.2748,9.0408],[-13.2691,9.0388],[-13.2732,9.0424],[-13.2729,9.0437],[-13.2707,9.045],[-13.2644,9.0427],[-13.2501,9.0227],[-13.2505,9.0196],[-13.2533,9.0189],[-13.2556,9.0222],[-13.2552,9.0162],[-13.2577,9.0135],[-13.252,9.0168],[-13.2495,9.0151],[-13.2509,9.0108],[-13.2563,9.0071],[-13.2455,8.9992],[-13.2409,9.0017],[-13.2409,9.0078],[-13.2369,9.012],[-13.2208,9.0199],[-13.2133,9.0376],[-13.2129,9.0314],[-13.2206,9.0189],[-13.2319,9.0078],[-13.2403,9.0072],[-13.2383,8.9969],[-13.2394,9.0025],[-13.2449,8.9984],[-13.2477,8.9989],[-13.2528,9.0031],[-13.2511,8.9948],[-13.2545,8.9965],[-13.2577,8.9941],[-13.2504,8.9914],[-13.2415,8.9463],[-13.2258,8.9802],[-13.209,8.9524],[-13.2125,8.9432],[-13.233,8.9584],[-13.1931,8.9118],[-13.1767,8.9313],[-13.1761,8.9259],[-13.1788,8.9253],[-13.177,8.9227],[-13.1772,8.9208],[-13.1878,8.9111],[-13.1836,8.9098],[-13.1408,8.9237],[-13.1418,8.9247],[-13.0769,8.9408],[-13.0895,8.9328],[-13.0771,8.9288],[-13.0615,8.9302],[-13.0576,8.9529],[-13.0757,8.9415],[-13.092,8.9557],[-13.092,8.9623],[-13.0809,8.9745],[-13.0941,8.9747],[-13.0974,8.9845],[-13.0856,9.0093],[-13.0832,9.0092],[-13.0812,9.0083],[-13.0807,9.0003],[-13.0856,9.0005],[-13.0829,8.9918],[-13.0845,8.9878],[-13.0905,8.9827],[-13.0936,8.9839],[-13.093,8.9779],[-13.094,8.9759],[-13.0885,8.9783],[-13.0855,8.978],[-13.0703,8.9719],[-13.0516,8.9864],[-13.066,8.9908],[-13.07,9.0009],[-13.0565,9.0109],[-13.0548,9.0104],[-13.056,9.0069],[-13.0595,9.0016],[-13.0555,8.9985],[-13.0608,8.9925],[-13.0633,8.9931],[-13.0666,8.9952],[-13.0671,8.9949],[-13.0654,8.9912],[-13.0526,8.9911],[-13.0506,8.9881],[-13.0497,8.9812],[-13.0378,8.9828],[-13.041,8.9956],[-13.0288,9.0018],[-13.0285,8.9995],[-13.0299,8.9973],[-13.0381,8.9949],[-13.0407,8.9952],[-13.0373,8.9824],[-13.0904,8.9625],[-13.0416,8.9579],[-13.0412,8.957],[-13.0453,8.9536],[-13.0455,8.9515],[-13.0421,8.9514],[-13.0436,8.9506],[-13.0456,8.9505],[-13.0461,8.9532],[-13.049,8.9515],[-13.0503,8.952],[-13.0505,8.9545],[-13.0531,8.95],[-13.042,8.9249],[-13.058,8.9246],[-13.0584,8.9281],[-13.0605,8.9289],[-13.0655,8.927],[-13.0599,8.9246],[-13.0854,8.9242],[-13.077,8.897],[-13.1088,8.9282],[-13.1378,8.9012],[-13.1196,8.9217],[-13.1365,8.9217],[-13.1482,8.8991],[-13.1382,8.9008],[-13.1479,8.8918],[-13.1119,8.8288],[-13.1548,8.8236],[-13.2011,8.8591],[-13.248,8.8144],[-13.2431,8.6627],[-13.1475,8.5163],[-13.1319,8.5477],[-13.1509,8.5612],[-13.1312,8.549],[-13.1158,8.5982],[-13.1228,8.5949],[-13.1295,8.5996],[-13.1286,8.6041],[-13.1495,8.6023],[-13.1252,8.6077],[-13.1287,8.5995],[-13.1155,8.5996],[-13.1162,8.5889],[-13.1089,8.6058],[-13.171,8.663],[-13.1417,8.6761],[-13.1539,8.6496],[-13.1244,8.6383],[-13.0932,8.6668],[-13.0931,8.6517],[-13.1222,8.6339],[-13.0839,8.6157],[-13.0602,8.631],[-13.0771,8.6813],[-13.0503,8.6837],[-13.0527,8.6456],[-13.0084,8.6608],[-13.0529,8.6068],[-13.057,8.6057],[-13.0646,8.6091],[-13.0685,8.6155],[-13.095,8.605],[-13.0603,8.5744],[-13.0227,8.603],[-13.0261,8.6204],[-13.0192,8.622],[-13.0214,8.5979],[-12.9693,8.5933],[-12.9726,8.6002],[-12.9113,8.5454],[-12.9487,8.5268],[-12.9749,8.5638],[-13.0223,8.5646],[-13.0231,8.5165],[-13.0497,8.5278],[-13.138,8.453],[-13.0611,8.4204],[-13.0744,8.3965],[-13.0413,8.3761],[-13.068,8.3507],[-13.095,8.4146],[-13.1357,8.3882],[-13.1414,8.3958],[-13.1274,8.415],[-13.1401,8.4111],[-13.133,8.419],[-13.1197,8.4159],[-13.1196,8.421],[-13.21,8.4941],[-13.2683,8.4972],[-13.2778,8.4679],[-13.2967,8.4991],[-13.2798,8.4424],[-13.2634,8.3831],[-13.1598,8.2859],[-13.1607,8.1695],[-13.0653,8.238],[-12.9884,8.2369],[-12.8966,8.0863],[-12.8845,7.9611],[-12.8113,7.9198],[-12.7765,7.9393],[-12.7863,7.9302],[-12.8128,7.9177],[-12.9001,7.9447],[-12.862,7.9173],[-12.8623,7.9139],[-12.8699,7.9129],[-12.869,7.9149],[-12.8629,7.9165],[-12.8744,7.9177],[-12.8868,7.9329],[-12.9022,7.9345],[-12.9049,7.939],[-12.9039,7.9443],[-12.9609,7.9168],[-12.9287,7.8738],[-12.8079,7.7892],[-12.7938,7.8106],[-12.7509,7.816],[-12.7942,7.8002],[-12.7883,7.7641],[-12.7087,7.7016],[-12.5877,7.6852],[-12.4785,7.7752],[-12.4488,7.7284],[-12.458,7.7209],[-12.4707,7.7228],[-12.4903,7.7448],[-12.5171,7.7136],[-12.517,7.7162],[-12.5331,7.7081],[-12.5395,7.6947],[-12.5328,7.6954],[-12.5462,7.6799],[-12.5375,7.6513],[-12.5084,7.6367],[-12.4571,7.6783],[-12.4524,7.6585],[-12.4995,7.6349],[-12.4531,7.6328],[-12.4603,7.6279],[-12.4646,7.6293],[-12.4612,7.6238],[-12.4617,7.6216],[-12.4763,7.6129],[-12.4591,7.5683],[-12.4628,7.5844],[-12.4481,7.5999],[-12.4282,7.5991],[-12.4299,7.6104],[-12.4211,7.6104],[-12.4237,7.6059],[-12.4264,7.6067],[-12.4297,7.6099],[-12.4272,7.6009],[-12.428,7.5987],[-12.4415,7.5942],[-12.4438,7.5951],[-12.4455,7.5992],[-12.4474,7.5995],[-12.4496,7.5948],[-12.446,7.5903],[-12.4464,7.5879],[-12.4519,7.5839],[-12.4622,7.5839],[-12.4565,7.5703],[-12.4621,7.5529],[-12.3672,7.5504],[-12.366,7.5481],[-12.3645,7.5503],[-12.3376,7.5496],[-12.3723,7.5407],[-12.3683,7.5459],[-12.3685,7.5495],[-12.3809,7.5403],[-12.373,7.5405],[-12.4169,7.5293],[-12.4052,7.5119],[-12.4077,7.4969],[-12.408,7.499],[-12.4099,7.4971],[-12.4108,7.4971],[-12.4115,7.4984],[-12.408,7.5115],[-12.4136,7.5137],[-12.4098,7.5158],[-12.4308,7.5293],[-12.4896,7.4486],[-12.378,7.4233],[-12.3674,7.4065],[-12.3825,7.4095],[-12.3885,7.4166],[-12.4053,7.425],[-12.389,7.4106],[-12.4004,7.4154],[-12.4223,7.4202],[-12.4092,7.4143],[-12.4005,7.4084],[-12.403,7.4114],[-12.3659,7.3947],[-12.371,7.403],[-12.3758,7.405],[-12.367,7.406],[-12.3512,7.381],[-12.4231,7.4127],[-12.5191,7.3849],[-11.9139,7.1725],[-11.6004,6.9799],[-11.5568,7.0001],[-11.6024,6.9767],[-11.4975,6.9234],[-11.496361236911083,6.923607437999865],[-11.4179,6.9379],[-11.420531853785901,6.943671279373368],[-11.430516401390124,6.969732640916593],[-11.3696,7.0196],[-11.3742,7.07],[-11.3321,7.0777],[-11.346665217391305,7.12270652173913],[-11.351621346581371,7.140300780363868],[-11.3099,7.2101],[-11.309214865765236,7.210388336272781],[-11.280967143243641,7.222276288462512],[-11.1823,7.2638],[-11.169022957455917,7.2900476917986845],[-11.1433,7.3409],[-11.128669080569397,7.351191358062493],[-10.873402655394706,7.530745226516585],[-10.8284,7.5624],[-10.699794084635219,7.7352752768087365],[-10.6972,7.7383],[-10.650913285806869,7.757006286454958],[-10.6048,7.7748],[-10.60513044931589,7.921409346483417],[-10.60537438074521,8.029633590625219],[-10.6053,8.0408],[-10.584756662354463,8.063723673997412],[-10.528,8.1262],[-10.4624,8.1574],[-10.386496370535715,8.152943147321428],[-10.3517,8.1509],[-10.302269200506183,8.202512965306402],[-10.2996,8.2053],[-10.3186,8.2841],[-10.2762,8.4785],[-10.27780769154308,8.479434704385513],[-10.27658610754917,8.485075707806285],[-10.289042316797305,8.485966463254247],[-10.378509566523606,8.49236435193133],[-10.386,8.4929],[-10.549334670533822,8.31220797343333],[-10.5535,8.3076],[-10.663912374088762,8.338137641670729],[-10.6739,8.3409],[-10.691901925420133,8.312999011377663],[-10.719,8.271],[-10.6961,8.3596],[-10.675659408596633,8.37305276131896],[-10.660917828640269,8.382754777894894],[-10.6531,8.3879],[-10.6224,8.5417],[-10.4694,8.6746],[-10.5869,8.8043],[-10.599053986985291,9.045670585286029]]],[[[-12.9814,7.5646],[-12.9652,7.5785],[-12.9787,7.588],[-13.0008,7.5879],[-12.9814,7.5646]]],[[[-12.9042,7.5811],[-12.9006,7.5769],[-12.9014,7.5792],[-12.9021,7.58],[-12.9042,7.5811]]],[[[-12.9286,7.589],[-12.9276,7.5843],[-12.9214,7.5871],[-12.9246,7.592],[-12.9286,7.589]]],[[[-13.0019,7.5929],[-13.0015,7.5929],[-13.0015,7.5931],[-13.002,7.5931],[-13.0019,7.5929]]],[[[-12.9807,7.5973],[-12.9816,7.5974],[-12.9816,7.5969],[-12.9808,7.5971],[-12.9807,7.5973]]],[[[-13.0019,7.5936],[-13.0056,7.6032],[-13.0163,7.6002],[-13.0193,7.5924],[-13.0019,7.5936]]],[[[-13.0643,7.6212],[-13.0705,7.6251],[-13.0598,7.6052],[-13.0591,7.6094],[-13.0643,7.6212]]],[[[-13.0119,7.6181],[-13.0112,7.6184],[-13.0101,7.6189],[-13.0119,7.6184],[-13.0127,7.6169],[-13.0119,7.6181]]],[[[-12.9146,7.6169],[-12.9097,7.6221],[-12.9111,7.6233],[-12.9177,7.6182],[-12.9146,7.6169]]],[[[-13.0093,7.623],[-13.0109,7.623],[-13.0106,7.6215],[-13.0092,7.6225],[-13.0093,7.623]]],[[[-13.0718,7.6225],[-13.0718,7.622],[-13.0705,7.6228],[-13.0716,7.6227],[-13.0718,7.6225]]],[[[-13.0669,7.6241],[-13.0671,7.6246],[-13.0677,7.6243],[-13.0677,7.6238],[-13.0669,7.6241]]],[[[-13.0646,7.6241],[-13.0646,7.6248],[-13.0651,7.6246],[-13.0651,7.6241],[-13.0646,7.6241]]],[[[-13.0096,7.6248],[-13.0078,7.6251],[-13.0078,7.6256],[-13.0093,7.6264],[-13.0096,7.6248]]],[[[-13.0044,7.6273],[-13.0041,7.6274],[-13.0039,7.6284],[-13.0044,7.6284],[-13.0044,7.6273]]],[[[-12.9576,7.6293],[-12.9563,7.6314],[-12.9535,7.6323],[-12.957,7.6314],[-12.9576,7.6293]]],[[[-13.0067,7.6359],[-13.0044,7.6294],[-12.9911,7.6366],[-12.9955,7.6426],[-13.0067,7.6359]]],[[[-13.0064,7.6367],[-13.0067,7.6367],[-13.0067,7.6362],[-13.0064,7.6362],[-13.0064,7.6367]]],[[[-13.0055,7.6369],[-13.0031,7.6387],[-13.0038,7.64],[-13.0059,7.6377],[-13.0055,7.6369]]],[[[-13.0635,7.6271],[-13.0403,7.6207],[-13.0257,7.6567],[-13.0653,7.6421],[-13.0635,7.6271]]],[[[-13.0095,7.6518],[-13.0092,7.6526],[-13.011,7.6519],[-13.0107,7.6515],[-13.0095,7.6518]]],[[[-13.011,7.6522],[-13.0115,7.6524],[-13.0115,7.6519],[-13.0112,7.6519],[-13.011,7.6522]]],[[[-13.0734,7.6709],[-13.0667,7.6701],[-13.0584,7.6734],[-13.0737,7.6715],[-13.0734,7.6709]]],[[[-13.0015,7.9077],[-12.9995,7.9085],[-13.001,7.9085],[-13.0011,7.9083],[-13.0015,7.9077]]],[[[-13.0095,7.9101],[-13.0098,7.9101],[-13.0098,7.9098],[-13.0095,7.9098],[-13.0095,7.9101]]],[[[-12.9898,7.9136],[-12.9948,7.9087],[-12.9904,7.908],[-12.9842,7.9106],[-12.9898,7.9136]]],[[[-12.9945,7.9115],[-12.9943,7.9115],[-12.9943,7.9118],[-12.9945,7.9118],[-12.9945,7.9115]]],[[[-12.9974,7.9123],[-12.9974,7.9121],[-12.9969,7.9118],[-12.9969,7.9123],[-12.9974,7.9123]]],[[[-12.966,7.9139],[-12.965,7.9141],[-12.9655,7.9153],[-12.9665,7.9149],[-12.966,7.9139]]],[[[-12.9896,7.9151],[-12.9896,7.9146],[-12.9893,7.9146],[-12.9893,7.9151],[-12.9896,7.9151]]],[[[-12.571,7.4029],[-12.5721,7.4042],[-12.5721,7.4034],[-12.5714,7.4022],[-12.571,7.4029]]],[[[-12.5014,7.4285],[-12.4999,7.4312],[-12.502,7.4352],[-12.504,7.4333],[-12.5014,7.4285]]],[[[-12.4956,7.4417],[-12.4853,7.4297],[-12.4823,7.4382],[-12.4946,7.4451],[-12.4956,7.4417]]],[[[-12.484,7.4439],[-12.4898,7.4453],[-12.4851,7.4407],[-12.483,7.4419],[-12.484,7.4439]]],[[[-12.4969,7.4468],[-12.4945,7.4531],[-12.4977,7.4513],[-12.4994,7.4464],[-12.4969,7.4468]]],[[[-12.5163,7.4569],[-12.5156,7.4572],[-12.5153,7.4577],[-12.5158,7.4578],[-12.5163,7.4569]]],[[[-12.499,7.4661],[-12.4972,7.4687],[-12.4997,7.4689],[-12.5008,7.4683],[-12.499,7.4661]]],[[[-12.5123,7.4703],[-12.5168,7.4689],[-12.516,7.466],[-12.5096,7.4676],[-12.5123,7.4703]]],[[[-12.5077,7.4777],[-12.5085,7.477],[-12.5082,7.4771],[-12.5075,7.4772],[-12.5077,7.4777]]],[[[-12.4947,7.5008],[-12.4947,7.5014],[-12.4949,7.5014],[-12.4949,7.5008],[-12.4947,7.5008]]],[[[-12.4942,7.5016],[-12.4941,7.5007],[-12.4938,7.5008],[-12.4937,7.5012],[-12.4942,7.5016]]],[[[-12.4957,7.5011],[-12.4954,7.5011],[-12.4954,7.5016],[-12.4957,7.5016],[-12.4957,7.5011]]],[[[-12.5007,7.4985],[-12.4963,7.4972],[-12.4967,7.5083],[-12.5002,7.5071],[-12.5007,7.4985]]],[[[-12.4971,7.5087],[-12.4974,7.5097],[-12.4982,7.5102],[-12.4986,7.5088],[-12.4971,7.5087]]],[[[-12.4901,7.5059],[-12.4889,7.5107],[-12.4892,7.5117],[-12.4921,7.5155],[-12.4901,7.5059]]],[[[-12.4932,7.5131],[-12.4978,7.5197],[-12.4943,7.503],[-12.4906,7.5032],[-12.4932,7.5131]]],[[[-12.4995,7.5094],[-12.4992,7.5094],[-12.5002,7.5139],[-12.5006,7.5115],[-12.4995,7.5094]]],[[[-12.8048,7.6222],[-12.8056,7.6221],[-12.8051,7.6207],[-12.8039,7.621],[-12.8038,7.6213],[-12.7767,7.5978],[-12.8702,7.6181],[-12.9205,7.5925],[-12.8694,7.5672],[-12.9422,7.5685],[-12.6398,7.4819],[-12.581,7.4514],[-12.559,7.3895],[-12.5278,7.3959],[-12.5428,7.4257],[-12.4997,7.5272],[-12.5258,7.5616],[-12.5563,7.5282],[-12.5795,7.5796],[-12.5436,7.5451],[-12.5281,7.579],[-12.5033,7.5478],[-12.5032,7.584],[-12.5655,7.6134],[-12.5491,7.5931],[-12.5935,7.593],[-12.5847,7.5846],[-12.6015,7.5765],[-12.599,7.5823],[-12.5969,7.5807],[-12.5969,7.5832],[-12.5995,7.584],[-12.5995,7.585],[-12.5887,7.6092],[-12.6005,7.5937],[-12.6068,7.6007],[-12.6069,7.6009],[-12.6107,7.6074],[-12.6113,7.6056],[-12.6139,7.6085],[-12.6174,7.589],[-12.6328,7.5858],[-12.6221,7.5761],[-12.6306,7.5774],[-12.6338,7.5859],[-12.6293,7.5938],[-12.6228,7.5949],[-12.6244,7.5978],[-12.6276,7.5954],[-12.6302,7.5978],[-12.6276,7.5959],[-12.6243,7.5983],[-12.6228,7.5971],[-12.6224,7.594],[-12.625,7.5918],[-12.6235,7.5882],[-12.6177,7.5907],[-12.6154,7.619],[-12.5996,7.5959],[-12.5981,7.6108],[-12.5755,7.6206],[-12.5888,7.6367],[-12.668,7.6375],[-12.6674,7.6264],[-12.6795,7.6252],[-12.6759,7.6231],[-12.6739,7.6122],[-12.67,7.6156],[-12.6716,7.611],[-12.6745,7.6122],[-12.6746,7.6146],[-12.677,7.6152],[-12.678,7.6198],[-12.6766,7.6232],[-12.6801,7.624],[-12.6794,7.6274],[-12.6785,7.628],[-12.6675,7.6272],[-12.674,7.6339],[-12.6722,7.637],[-12.6938,7.6388],[-12.7243,7.6237],[-12.7135,7.6206],[-12.7102,7.599],[-12.7131,7.6014],[-12.7145,7.6075],[-12.717,7.6075],[-12.7182,7.6145],[-12.716,7.6166],[-12.7203,7.6181],[-12.7193,7.6201],[-12.7144,7.6205],[-12.7204,7.6219],[-12.7231,7.6197],[-12.7271,7.6287],[-12.8074,7.6244],[-12.8048,7.6222]]],[[[-12.4956,7.5457],[-12.4952,7.532],[-12.4916,7.5364],[-12.4917,7.5441],[-12.4956,7.5457]]],[[[-12.507,7.5439],[-12.507,7.5447],[-12.5078,7.5444],[-12.5073,7.5437],[-12.507,7.5439]]],[[[-12.5078,7.5467],[-12.507,7.5465],[-12.507,7.547],[-12.5076,7.5469],[-12.5078,7.5467]]],[[[-12.5336,7.5539],[-12.5324,7.5551],[-12.5334,7.5553],[-12.5341,7.5543],[-12.5336,7.5539]]],[[[-12.4843,7.6172],[-12.4928,7.6211],[-12.508,7.6185],[-12.4792,7.604],[-12.4843,7.6172]]],[[[-12.503,7.6314],[-12.5056,7.6269],[-12.5023,7.6261],[-12.5014,7.6278],[-12.503,7.6314]]],[[[-12.5612,7.6351],[-12.554,7.6302],[-12.5545,7.6322],[-12.5571,7.6353],[-12.5612,7.6351]]],[[[-12.541,7.649],[-12.5556,7.6558],[-12.524,7.6248],[-12.5226,7.6385],[-12.541,7.649]]],[[[-12.3887,7.4],[-12.3892,7.4],[-12.3875,7.3989],[-12.3882,7.3995],[-12.3887,7.4]]],[[[-12.4329,7.4126],[-12.4318,7.4141],[-12.4486,7.4118],[-12.4426,7.4112],[-12.4329,7.4126]]],[[[-12.4476,7.413],[-12.4445,7.4166],[-12.4483,7.4164],[-12.4476,7.4144],[-12.4476,7.413]]],[[[-12.4336,7.4151],[-12.4285,7.4156],[-12.4408,7.4183],[-12.4394,7.4176],[-12.4336,7.4151]]],[[[-12.4649,7.4179],[-12.4629,7.4189],[-12.4681,7.4188],[-12.4705,7.4162],[-12.4649,7.4179]]],[[[-12.4408,7.4178],[-12.4414,7.4186],[-12.4444,7.4178],[-12.4445,7.4174],[-12.4408,7.4178]]],[[[-12.3873,7.4183],[-12.3874,7.4204],[-12.3891,7.4211],[-12.3874,7.416],[-12.3873,7.4183]]],[[[-12.406,7.419],[-12.4045,7.4185],[-12.4036,7.4192],[-12.4041,7.4195],[-12.406,7.419]]],[[[-12.4268,7.4188],[-12.4352,7.4205],[-12.4314,7.4187],[-12.427,7.4183],[-12.4268,7.4188]]],[[[-12.4104,7.4195],[-12.4029,7.4206],[-12.432,7.4266],[-12.4292,7.4239],[-12.4104,7.4195]]],[[[-12.4007,7.4251],[-12.4023,7.4249],[-12.3983,7.4245],[-12.3991,7.4252],[-12.4007,7.4251]]],[[[-12.4838,7.4328],[-12.4821,7.4305],[-12.4796,7.433],[-12.481,7.4365],[-12.4838,7.4328]]],[[[-12.4791,7.5285],[-12.4716,7.5125],[-12.4713,7.5171],[-12.4749,7.5231],[-12.4791,7.5285]]],[[[-12.4853,7.5293],[-12.4884,7.5357],[-12.4831,7.5208],[-12.4833,7.5272],[-12.4853,7.5293]]],[[[-12.4771,7.5402],[-12.4682,7.5215],[-12.4609,7.5277],[-12.4597,7.5409],[-12.4771,7.5402]]],[[[-12.4318,7.5453],[-12.4332,7.5476],[-12.4392,7.5466],[-12.4375,7.5442],[-12.4318,7.5453]]],[[[-12.4792,7.5427],[-12.4721,7.5456],[-12.4784,7.5495],[-12.4821,7.5505],[-12.4792,7.5427]]],[[[-12.4675,7.5595],[-12.4638,7.5625],[-12.4655,7.5667],[-12.4689,7.5656],[-12.4675,7.5595]]],[[[-12.4688,7.5687],[-12.4606,7.5653],[-12.4596,7.5677],[-12.4674,7.5711],[-12.4688,7.5687]]],[[[-12.4737,7.5725],[-12.4731,7.5719],[-12.4724,7.5747],[-12.4735,7.5735],[-12.4737,7.5725]]],[[[-12.4751,7.5743],[-12.4718,7.5754],[-12.4718,7.5809],[-12.4738,7.5755],[-12.4751,7.5743]]],[[[-12.4746,7.5912],[-12.4833,7.597],[-12.4793,7.5819],[-12.4743,7.5899],[-12.4746,7.5912]]],[[[-12.4807,7.5953],[-12.4748,7.5921],[-12.4785,7.5983],[-12.4825,7.597],[-12.4807,7.5953]]],[[[-13.2444,8.1004],[-13.2502,8.0941],[-13.2452,8.0931],[-13.242,8.0953],[-13.2444,8.1004]]],[[[-13.2066,8.1114],[-13.1898,8.1406],[-13.2364,8.1054],[-13.2399,8.0982],[-13.2066,8.1114]]],[[[-13.2048,8.3067],[-13.2057,8.3059],[-13.204,8.3053],[-13.2035,8.3062],[-13.2048,8.3067]]],[[[-13.203,8.3072],[-13.2025,8.3068],[-13.2023,8.307],[-13.2026,8.3077],[-13.203,8.3072]]],[[[-13.1979,8.3128],[-13.1975,8.3129],[-13.1977,8.3132],[-13.1979,8.3132],[-13.1979,8.3128]]],[[[-13.2932,8.496],[-13.2932,8.4962],[-13.2933,8.4959],[-13.2932,8.496]]],[[[-13.1666,8.1625],[-13.1671,8.1625],[-13.1671,8.1623],[-13.1666,8.1623],[-13.1666,8.1625]]],[[[-13.1651,8.2027],[-13.1636,8.2023],[-13.1633,8.2029],[-13.1651,8.2035],[-13.1651,8.2027]]],[[[-13.1849,8.2819],[-13.1851,8.2833],[-13.1863,8.2824],[-13.186,8.2815],[-13.1849,8.2819]]],[[[-13.1941,8.2961],[-13.1946,8.2951],[-13.1943,8.2949],[-13.1933,8.2953],[-13.1941,8.2961]]],[[[-13.0574,8.5483],[-13.0657,8.5665],[-13.0878,8.5659],[-13.0879,8.5386],[-13.0574,8.5483]]],[[[-13.2462,8.68],[-13.2462,8.6805],[-13.2466,8.6806],[-13.2467,8.6803],[-13.2462,8.68]]],[[[-13.1584,8.8436],[-13.1713,8.8497],[-13.1747,8.8462],[-13.1634,8.8375],[-13.1584,8.8436]]],[[[-13.165,8.8765],[-13.1611,8.8714],[-13.1534,8.8674],[-13.151,8.8684],[-13.165,8.8765]]],[[[-13.1501,8.8695],[-13.1466,8.8682],[-13.1637,8.8874],[-13.1692,8.8829],[-13.1501,8.8695]]],[[[-13.1646,8.8932],[-13.1657,8.8931],[-13.1611,8.8892],[-13.1617,8.8928],[-13.1646,8.8932]]],[[[-13.1723,8.8914],[-13.1688,8.8919],[-13.171,8.894],[-13.1729,8.8924],[-13.1723,8.8914]]],[[[-13.1624,8.9036],[-13.1602,8.9021],[-13.1569,8.904],[-13.1578,8.9057],[-13.1624,8.9036]]],[[[-13.1979,8.9006],[-13.226,8.9225],[-13.2313,8.8902],[-13.2257,8.887],[-13.1979,8.9006]]],[[[-13.2041,8.9119],[-13.2011,8.9062],[-13.1965,8.9072],[-13.2023,8.9112],[-13.2041,8.9119]]],[[[-13.2581,9.0156],[-13.2569,9.0167],[-13.2573,9.0167],[-13.2578,9.0165],[-13.2581,9.0156]]],[[[-13.1305,8.5372],[-13.1302,8.5403],[-13.1316,8.5395],[-13.1316,8.5385],[-13.1305,8.5372]]],[[[-13.1153,8.5498],[-13.1207,8.547],[-13.1246,8.5452],[-13.1228,8.5375],[-13.1153,8.5498]]],[[[-13.1197,8.5649],[-13.1231,8.5632],[-13.1202,8.5597],[-13.1195,8.5603],[-13.1197,8.5649]]],[[[-13.1243,8.5645],[-13.1026,8.5833],[-13.1075,8.5947],[-13.1115,8.5938],[-13.1243,8.5645]]],[[[-13.1577,8.8433],[-13.1587,8.8405],[-13.1581,8.8398],[-13.1537,8.8426],[-13.1577,8.8433]]],[[[-13.1394,8.8434],[-13.1331,8.8453],[-13.1392,8.847],[-13.1437,8.8457],[-13.1394,8.8434]]],[[[-13.1418,8.8492],[-13.1542,8.852],[-13.1511,8.8497],[-13.1451,8.8479],[-13.1418,8.8492]]],[[[-13.1561,8.8538],[-13.151,8.8537],[-13.1519,8.8553],[-13.1575,8.8568],[-13.1561,8.8538]]],[[[-13.1386,8.8537],[-13.1474,8.8623],[-13.1519,8.8622],[-13.1469,8.8558],[-13.1386,8.8537]]],[[[-13.1547,8.8601],[-13.1582,8.8597],[-13.1578,8.8591],[-13.1529,8.8572],[-13.1547,8.8601]]],[[[-13.1431,8.8657],[-13.1328,8.8567],[-13.1372,8.8662],[-13.1429,8.8691],[-13.1431,8.8657]]],[[[-13.1429,8.8701],[-13.1493,8.8912],[-13.1568,8.8818],[-13.1459,8.8705],[-13.1429,8.8701]]],[[[-13.1187,8.9214],[-13.1173,8.9233],[-13.1166,8.9254],[-13.1186,8.9237],[-13.1187,8.9214]]],[[[-13.088,8.4167],[-13.088,8.4162],[-13.087,8.417],[-13.0875,8.4172],[-13.088,8.4167]]],[[[-12.9364,8.5562],[-12.9625,8.5507],[-12.9493,8.5319],[-12.9243,8.545],[-12.9364,8.5562]]],[[[-13.1065,8.559],[-13.1052,8.5665],[-13.11,8.5684],[-13.1128,8.5616],[-13.1065,8.559]]],[[[-13.041,8.5674],[-13.039,8.5714],[-13.0402,8.5713],[-13.0414,8.5681],[-13.041,8.5674]]],[[[-12.9536,8.5742],[-12.9563,8.571],[-12.9498,8.5697],[-12.948,8.5701],[-12.9536,8.5742]]],[[[-12.9738,8.5705],[-12.9602,8.5689],[-12.9804,8.5834],[-13.0093,8.5723],[-12.9774,8.5681],[-12.9738,8.5705]]],[[[-13.0703,8.5802],[-13.0738,8.578],[-13.0694,8.5732],[-13.0669,8.5753],[-13.0703,8.5802]]],[[[-13.0145,8.579],[-13.0069,8.575],[-12.9985,8.5796],[-13.0027,8.5814],[-13.0145,8.579]]],[[[-13.1091,8.5995],[-13.1097,8.5964],[-13.1074,8.5983],[-13.1085,8.6002],[-13.1091,8.5995]]]]},"properties":{"iso3":"SLE"}},
{"type":"Feature","geometry":{"type":"MultiPolygon","coordinates":[[[[-90.11743298643894,13.744916295421099],[-90.1249,13.7416],[-89.9512,13.6643],[-89.836,13.5837],[-89.8093,13.5182],[-89.6204,13.5185],[-89.2924,13.4835],[-89.1553,13.4179],[-88.8968,13.2924],[-88.8838,13.2913],[-88.9918,13.3457],[-88.9333,13.3278],[-88.9379,13.3282],[-88.9382,13.3263],[-88.9304,13.3246],[-88.9319,13.3273],[-88.9287,13.3263],[-88.9296,13.3257],[-88.9262,13.3235],[-88.9262,13.3251],[-88.9266,13.3257],[-88.8913,13.3149],[-88.8693,13.286],[-88.8596,13.2968],[-88.8462,13.2999],[-88.8443,13.3076],[-88.8462,13.2979],[-88.8579,13.296],[-88.8524,13.2824],[-88.8796,13.284],[-88.8318,13.2591],[-88.7671,13.2357],[-88.4776,13.1724],[-88.6065,13.221],[-88.5999,13.2254],[-88.5932,13.226],[-88.5462,13.2157],[-88.5943,13.2624],[-88.6502,13.2379],[-88.6907,13.2541],[-88.6901,13.2554],[-88.6949,13.2582],[-88.6979,13.2596],[-88.6961,13.2562],[-88.7165,13.2643],[-88.6432,13.2632],[-88.6404,13.3021],[-88.5523,13.2507],[-88.5348,13.2346],[-88.5327,13.2392],[-88.5223,13.2332],[-88.4768,13.2632],[-88.4037,13.196],[-88.4051,13.1951],[-88.4177,13.1954],[-88.4357,13.2057],[-88.4427,13.2032],[-88.4238,13.166],[-88.3671,13.174],[-88.4074,13.1768],[-88.3974,13.1849],[-88.3607,13.1893],[-88.3779,13.2099],[-88.3343,13.1962],[-88.3632,13.2313],[-88.3515,13.2265],[-88.3243,13.1949],[-88.3493,13.1746],[-88.1207,13.1672],[-88.0927,13.1724],[-87.9851,13.1623],[-87.8979,13.1532],[-87.9132,13.1993],[-87.9357,13.1846],[-87.7793,13.2918],[-87.8671,13.3568],[-87.8865,13.3993],[-87.8832,13.4018],[-87.8704,13.3827],[-87.8402,13.4462],[-87.8102,13.4607],[-87.789,13.454],[-87.8432,13.419],[-87.8086,13.4031],[-87.80667913026994,13.404329526803961],[-87.76260839067555,13.432538704528826],[-87.72080101991166,13.45929912568224],[-87.7183,13.4609],[-87.7210364388293,13.48679605526268],[-87.7224,13.4997],[-87.7913,13.5188],[-87.79009402613484,13.523147461341127],[-87.76750268798028,13.60458784086119],[-87.71422976940627,13.79663342386876],[-87.7103,13.8108],[-87.74434407385348,13.840588564621802],[-87.7999,13.8892],[-87.92339319424316,13.891858366216585],[-87.95395521481628,13.884270762691507],[-87.99998971284694,13.872841822033054],[-88.0062,13.8713],[-88.0269,13.9024],[-88.0729,13.9926],[-88.2172,13.9931],[-88.2385,13.9947],[-88.227,13.9381],[-88.3320530048149,13.883427079221242],[-88.3567,13.8706],[-88.37389395437188,13.876659760423328],[-88.4905,13.8578],[-88.49099716146068,13.861098030387486],[-88.4919,13.8609],[-88.49279855145568,13.873047948900707],[-88.4996,13.965],[-88.50713077569937,13.968123924842924],[-88.52703121848165,13.976379048893156],[-88.67747610404281,14.01123717223355],[-88.6833,14.011],[-88.68365782104961,14.011301390489816],[-88.7391,14.058],[-88.73998433426095,14.07477382404665],[-88.7477,14.083],[-88.8199,14.0836],[-88.83026128138698,14.103910583394754],[-88.8317,14.1037],[-88.84922869613368,14.141091241327644],[-88.86903149295817,14.179909447428948],[-88.8813739054839,14.185434829780581],[-88.9702,14.2252],[-88.99587509320571,14.246733949140275],[-89.0313966934487,14.307078507416561],[-89.0433,14.3273],[-89.1676,14.3401],[-89.33153726299601,14.412722508212092],[-89.3509,14.4213],[-89.3548460137773,14.42460337724786],[-89.355,14.4223],[-89.356,14.42304406332453],[-89.39027498879341,14.448546825434676],[-89.39960719153514,14.444167239060265],[-89.4341,14.4116],[-89.47386342990409,14.409318916667823],[-89.5108,14.4072],[-89.52367277467195,14.389152240535294],[-89.5307,14.3793],[-89.541,14.4156],[-89.56684429249158,14.414711371031808],[-89.5759,14.4144],[-89.5645,14.3513],[-89.5927,14.313],[-89.5456,14.2951],[-89.52521558599594,14.233175918802795],[-89.5218,14.2228],[-89.64070509760607,14.191957439911638],[-89.6616,14.1845],[-89.718,14.1253],[-89.73386676436184,14.05160411476611],[-89.7361,14.0325],[-89.73622050203272,14.032540852793804],[-89.824,14.0623],[-89.90178895880625,14.034311416806686],[-89.9046,14.0333],[-90.1126,13.8332],[-90.10430185061198,13.750748175229637],[-90.1032,13.7398],[-90.11743298643894,13.744916295421099]]],[[[-88.9074,13.3096],[-88.8874,13.3029],[-88.8929,13.3104],[-88.9068,13.3112],[-88.9074,13.3096]]],[[[-87.6882,13.1726],[-87.684,13.1657],[-87.684,13.1724],[-87.6849,13.1747],[-87.6882,13.1726]]],[[[-87.7293,13.1874],[-87.7065,13.1612],[-87.6904,13.1721],[-87.7176,13.216],[-87.7293,13.1874]]],[[[-87.781,13.2374],[-87.7621,13.214],[-87.7498,13.2349],[-87.7668,13.2482],[-87.781,13.2374]]],[[[-87.7479,13.2818],[-87.7454,13.2776],[-87.7337,13.2818],[-87.7387,13.289],[-87.7479,13.2818]]],[[[-87.744,13.3015],[-87.7468,13.2976],[-87.7457,13.2971],[-87.7429,13.2993],[-87.744,13.3015]]],[[[-87.7687,13.3162],[-87.7696,13.2913],[-87.7512,13.2938],[-87.7421,13.3165],[-87.7687,13.3162]]],[[[-87.8623,13.3885],[-87.8713,13.3757],[-87.8638,13.3715],[-87.8479,13.3882],[-87.8623,13.3885]]],[[[-87.8163,13.452],[-87.8196,13.4526],[-87.8187,13.4488],[-87.8177,13.4493],[-87.8163,13.452]]],[[[-88.6462,13.2426],[-88.6502,13.2438],[-88.6526,13.2418],[-88.6479,13.2404],[-88.6462,13.2426]]],[[[-88.6646,13.2521],[-88.6824,13.2596],[-88.6705,13.2468],[-88.6518,13.2518],[-88.6646,13.2521]]],[[[-88.6643,13.2582],[-88.6618,13.2574],[-88.6596,13.2604],[-88.6621,13.2621],[-88.6643,13.2582]]],[[[-88.609,13.2593],[-88.6074,13.2624],[-88.609,13.264],[-88.6135,13.2615],[-88.609,13.2593]]],[[[-88.4632,13.1776],[-88.4626,13.1788],[-88.4635,13.1812],[-88.4654,13.181],[-88.4632,13.1776]]],[[[-88.469,13.2021],[-88.4613,13.1999],[-88.4621,13.206],[-88.4657,13.2071],[-88.469,13.2021]]],[[[-88.4596,13.223],[-88.4524,13.2282],[-88.4771,13.2621],[-88.4974,13.2346],[-88.4869,13.2292],[-88.496,13.2313],[-88.5313,13.2196],[-88.4499,13.2135],[-88.4518,13.2212],[-88.4596,13.223]]]]},"properties":{"iso3":"SLV"}},
{"type":"Feature","geometry":{"type":"MultiPolygon","coordinates":[[[[43.23610365812542,11.424897909642617],[43.21859179018514,11.398972349357454],[42.926663480038826,10.96678515896443],[42.6831,10.6062],[42.8326,10.2778],[43.0108,10.0915],[43.086,9.9089],[43.2569,9.8427],[43.2897,9.6573],[43.2993,9.611],[43.4049,9.5459],[43.4683,9.4195],[43.6467,9.3584],[44.0059,8.9968],[44.6447,8.7871],[44.691,8.772],[46.629,8.1276],[47.0126,8.0001],[47.9206,8.0007],[47.9863,8.0001],[47.5601,7.5631],[46.5382,6.5211],[45.4811,5.4329],[44.9817,4.9173],[44.5921,4.9347],[44.0151,4.9604],[43.4349,4.7947],[43.0444,4.5721],[42.9903,4.4371],[42.8853,4.3077],[42.825,4.2671],[42.7023,4.2602],[42.5545,4.2063],[42.0691,4.1683],[41.9463,4.0558],[41.886067164798774,3.9674355812455735],[41.41813275089933,3.280953658864224],[41.3271,3.1513],[40.9939,2.8252],[40.9909,2.1786],[40.9916,1.4907],[40.9924,0.4633],[40.9931,-0.8289],[40.9957,-0.8324100685292581],[40.9957,-0.8332],[41.56220298520073,-1.5980985454186962],[41.5645,-1.6012],[41.5645,-1.6649],[41.8437,-1.2311],[41.8311,-1.172],[41.7801,-1.1495],[41.6876,-1.2384],[41.7025,-1.1984],[41.7665,-1.1427],[41.8001,-1.1412],[41.8415,-1.1715],[41.8754,-1.2195],[41.9084,-1.1928],[41.88,-1.196],[41.9,-1.161],[41.9805,-1.0209],[41.9648,-0.9127],[41.913,-0.8735],[41.9488,-0.8802],[41.9728,-0.9063],[41.9791,-1.0074],[42.0893,-0.8533],[42.0467,-0.8431],[42.0429,-0.8048],[41.9873,-0.8029],[41.9929,-0.7242],[42.0047,-0.7976],[42.0457,-0.7954],[42.0822,-0.7407],[42.0548,-0.8432],[42.148,-0.823],[42.4187,-0.4968],[42.4767,-0.4647],[42.5208,-0.3768],[42.5569,-0.3808],[42.6317,-0.2535],[43.1913,0.3287],[43.5208,0.6756],[44.4944,1.5115],[44.9133,1.804],[45.23,1.9684],[45.3636,2.0405],[45.5532,2.1531],[45.6069,2.1849],[46.0003,2.4213],[46.1289,2.5554],[46.3387,2.7807],[46.6203,3.0158],[47.0381,3.4723],[47.8348,4.3329],[47.9685,4.4757],[48.1974,4.8835],[48.6304,5.4651],[48.9655,6.0088],[49.0618,6.213],[49.0899,6.4116],[49.2111,6.7337],[49.6507,7.3993],[49.8311,7.7385],[49.839,7.7875],[49.8096,7.8183],[49.8398,7.9639],[50.1292,8.1984],[50.1761,8.3291],[50.3247,8.5341],[50.3303,8.6296],[50.3795,8.6964],[50.4173,8.8532],[50.6409,9.0771],[50.655,9.2035],[50.8433,9.456],[50.7987,9.5607],[50.8983,9.992],[50.8991,10.31],[51.0472,10.3959],[51.2121,10.4237],[51.2625,10.4131],[51.2849,10.3697],[51.374,10.3622],[51.413,10.4397],[51.3745,10.4797],[51.2597,10.4947],[51.1777,10.5605],[51.2337,10.432],[51.0173,10.4196],[51.0935,10.47],[51.1054,10.55],[51.1693,10.5736],[51.1313,10.6729],[51.1167,10.9399],[51.1804,11.1388],[51.1002,11.1642],[51.074,11.2625],[51.1199,11.4919],[51.2408,11.6509],[51.2847,11.8337],[51.0544,11.8726],[50.9559,11.9219],[50.8586,11.9437],[50.7988,11.9836],[50.7738,11.9844],[50.7936,11.978],[50.5815,11.9122],[50.4719,11.7065],[50.2157,11.5617],[50.064,11.5037],[49.9321,11.5076],[49.9395,11.4807],[49.9118,11.4989],[49.8241,11.4574],[49.6922,11.4773],[49.5758,11.4512],[49.4219,11.3336],[49.2994,11.3343],[49.2396,11.2985],[48.9191,11.2387],[48.6621,11.3225],[48.53,11.3098],[48.3601,11.2698],[48.1534,11.1291],[47.8022,11.1222],[47.6845,11.0891],[47.5488,11.1747],[47.4221,11.1754],[47.1505,11.0625],[47.0997,10.9837],[46.6408,10.7355],[46.4157,10.68],[46.3447,10.6896],[46.2362,10.7804],[46.0315,10.773],[45.7803,10.8608],[45.4606,10.6638],[45.3246,10.6601],[45.2332,10.562],[45.0825,10.506],[44.9435,10.4107],[44.4104,10.3918],[44.2367,10.473],[43.7891,10.8354],[43.6744,10.9646],[43.556,11.1789],[43.5214,11.183],[43.4796,11.3277],[43.5033,11.3707],[43.4597,11.3513],[43.391,11.3799],[43.2864,11.4897],[43.306,11.4623],[43.2613,11.4622],[43.23610365812542,11.424897909642617]]],[[[43.4727,11.4462],[43.4587,11.4456],[43.4534,11.4365],[43.4554,11.4209],[43.4727,11.4462]]],[[[43.3352,11.4477],[43.36,11.4643],[43.3639,11.4955],[43.3563,11.4669],[43.3352,11.4477]]],[[[43.4647,11.5114],[43.4592,11.5086],[43.4521,11.5004],[43.4515,11.4914],[43.4647,11.5114]]],[[[41.9267,-1.1619],[41.9452,-1.1315],[41.9397,-1.1324],[41.9165,-1.1584],[41.9267,-1.1619]]],[[[41.9831,-1.0705],[41.9712,-1.0826],[41.9897,-1.0795],[41.9908,-1.0695],[41.9831,-1.0705]]],[[[42.032,-1.0197],[42.0533,-0.9813],[42.0343,-0.9909],[42.016,-1.0111],[42.032,-1.0197]]],[[[42.0978,-0.9439],[42.0999,-0.9478],[42.1064,-0.9282],[42.0981,-0.9392],[42.0978,-0.9439]]],[[[42.1117,-0.9076],[42.1113,-0.9135],[42.1143,-0.9158],[42.118,-0.9071],[42.1117,-0.9076]]],[[[42.1553,-0.8659],[42.2222,-0.7957],[42.1399,-0.8694],[42.1377,-0.8885],[42.1553,-0.8659]]],[[[42.2323,-0.7777],[42.2244,-0.7878],[42.2259,-0.7898],[42.2393,-0.7781],[42.2323,-0.7777]]],[[[42.2505,-0.7441],[42.2507,-0.7508],[42.2574,-0.7481],[42.2563,-0.7407],[42.2505,-0.7441]]],[[[42.2785,-0.7217],[42.2651,-0.738],[42.2625,-0.7459],[42.2984,-0.7104],[42.2785,-0.7217]]],[[[42.3187,-0.6548],[42.3338,-0.6574],[42.3467,-0.6229],[42.3218,-0.6391],[42.3187,-0.6548]]]]},"properties":{"iso3":"SOM"}},
{"type":"Feature","geometry":{"type":"MultiPolygon","coordinates":[[[[28.00740702714926,9.403204760371127],[27.9075,9.6097],[27.89894468199545,9.609862196653507],[27.8984,9.6109],[27.77736420345629,9.61216718949427],[27.5832,9.6142],[27.110890070213177,9.615981240306857],[26.963979101211933,9.569880890089578],[26.761,9.4886],[26.6622,9.4867],[26.3943,9.5591],[26.3246,9.6054],[26.21827717256183,9.892558388883328],[26.2186,9.8958],[26.216227671920088,9.898093712919367],[26.2143,9.9033],[26.092612325039024,10.038237123755389],[26.0499,10.1172],[25.94499700812663,10.173916202647378],[25.93250746149605,10.371301672707652],[25.932528753663068,10.373418114108972],[25.9326,10.3805],[25.926519111716594,10.380051556911253],[25.8987,10.378],[25.8962,10.4105],[25.862,10.3912],[25.77051723966838,10.427740019358762],[25.7586,10.4325],[25.70551598445955,10.409221676148189],[25.689440056656363,10.404641771536633],[25.6627,10.4327],[25.6442,10.3985],[25.3888,10.3898],[25.2754,10.3596],[25.2734030916422,10.341760952003643],[25.255763813166325,10.340484882153273],[25.2146,10.3595],[25.19581701407427,10.3361481796599],[25.1288,10.3313],[25.117123648876266,10.317243276866067],[25.0989,10.317],[25.066126304171025,10.244620773788776],[25.031801279184556,10.168815507237026],[25.0303,10.1655],[25.058851684624976,10.11959220833121],[25.041652785483443,10.062887567176613],[25.0314,10.0559],[25.036176536495336,10.044832415437632],[25.0478,10.0179],[24.9841,9.9565],[24.9829,9.9008],[24.7358,9.7186],[24.7511,9.5891],[24.745315758416222,9.578506852524864],[24.672784918640975,9.445675284011363],[24.615361002843194,9.340510242089293],[24.5548,9.2296],[24.5707,9.156],[24.5413,9.0689],[24.57250080728171,8.913867951357233],[24.56757355086959,8.906415829326662],[24.442,8.8421],[24.451193623486372,8.81576996266829],[24.4567,8.8],[24.408,8.7983],[24.3963,8.7399],[24.306510916179935,8.711394469300247],[24.262679231912696,8.69747913161838],[24.2618,8.6972],[24.254294406094637,8.686233277298898],[24.2232,8.6408],[24.2583,8.5766],[24.165,8.4829],[24.1507,8.3964],[24.152705441123913,8.391518700597695],[24.1590685950143,8.376030607274219],[24.1795,8.3263],[24.193966744787964,8.319708496828692],[24.2037,8.304],[24.274,8.2734],[24.316796716258892,8.263743305049276],[24.3553,8.2462],[24.370869132856008,8.251542349509414],[24.3715,8.2514],[24.46615197147803,8.273039931999781],[24.5379,8.2069],[24.548801475164726,8.209001216974755],[24.6344,8.2255],[24.639537786726727,8.224421133504999],[24.8587,8.1784],[24.9018,8.0453],[24.914740223279477,8.042388449762118],[24.9555090246091,8.000382355524158],[24.9618,7.9839],[25.032936595679484,7.933299509728819],[25.082,7.8984],[25.175,7.9125],[25.195792231774877,7.8920480047450745],[25.273363423441012,7.815746159851658],[25.28501290334923,7.801459419833926],[25.2853057360832,7.73699438511259],[25.285514713750384,7.690989444379573],[25.285689359841925,7.652542354798499],[25.26733915512957,7.6403561184644255],[25.1667,7.5864],[25.1959,7.4937],[25.19932636201155,7.492877980414269],[25.26285154347938,7.477637634187683],[25.27686640702924,7.474275323874151],[25.3366,7.4218],[25.343250111651646,7.400818219156233],[25.354,7.3534],[25.3584350844725,7.352908080419423],[25.4108,7.3471],[25.478753754392407,7.273620762012204],[25.4809,7.2713],[25.48417642390203,7.2716325488486255],[25.59232547465742,7.231979871148334],[25.6114,7.2151],[25.72155612592855,7.184597658100128],[25.8205,7.1572],[25.8371,7.1072],[25.838106284646916,7.106698097554126],[25.92492294060175,7.063396739335155],[26.04,7.006],[26.039891244181657,7.001460875581834],[26.0381,6.9267],[26.0902,6.8961],[26.1026,6.8176],[26.168279397613738,6.812357087273214],[26.175575957940243,6.804378390529628],[26.2056,6.7475],[26.231216617234992,6.7435360309436705],[26.258251917678333,6.713973270689971],[26.2566,6.7086],[26.267113383126592,6.707146126698392],[26.41182301365877,6.644950557082717],[26.2888,6.4827],[26.291546126220982,6.469278617343396],[26.294813246878117,6.453310933050629],[26.30487919367902,6.40411475161379],[26.309742681800184,6.380345001111708],[26.311,6.3742],[26.376344747100912,6.338981218439017],[26.4755,6.2774],[26.477287744991525,6.268881124244933],[26.4758,6.2241],[26.48657313447826,6.224634836463459],[26.4887,6.2145],[26.529992567240363,6.215030525489169],[26.527852579807824,6.203523707819118],[26.52,6.1613],[26.46185058236359,6.090495474944097],[26.4474,6.0729],[26.5162,6.114],[26.53588651787239,6.08188612114604],[26.5602,6.0332],[26.8104,5.9875],[26.832058447654035,5.922866272931496],[26.8355,5.8965],[26.84079890197269,5.896782772031025],[26.8421,5.8929],[26.9159,5.8936],[26.935494817721594,5.872631713746519],[26.9374,5.8687],[26.93940791515301,5.868444333784865],[27.0018,5.8605],[27.01282090603345,5.848272259214951],[27.02249143041931,5.8375427724479945],[27.0502,5.8068],[27.1034,5.8102],[27.1965,5.7407],[27.209859776036797,5.694355168984009],[27.23201582708203,5.617496212752656],[27.2368,5.6009],[27.293,5.5967],[27.2416,5.4511],[27.2595,5.3348],[27.457,5.0969],[27.452825169591147,5.074219715651186],[27.44664818456454,5.040662477847082],[27.4457122291767,5.035577784037941],[27.45554400227635,5.006231883783051],[27.5379,4.9146],[27.679,4.8761],[27.680561215703836,4.871366877742947],[27.6843,4.8713],[27.701769658909,4.807069449575176],[27.7109,4.7735],[27.76373965275723,4.770738605717489],[27.7817,4.7698],[27.7911,4.685],[27.782820744154233,4.673318722661242],[27.7944,4.6142],[27.8617,4.5609],[28.0438,4.5555],[28.0394,4.4756],[28.047123966466856,4.46434563471875],[28.131190482398956,4.436878357235985],[28.14,4.434],[28.142046494578093,4.431015245449226],[28.185973450807634,4.366949020250658],[28.2002,4.3462],[28.359012438418848,4.336205510483396],[28.3591,4.3362],[28.4145,4.2829],[28.4440202314851,4.291993485571283],[28.4804,4.3032],[28.5239,4.3716],[28.656826876117712,4.4274070336308755],[28.673831908106283,4.434546300119314],[28.705077528498823,4.503155979878596],[28.7189,4.5386],[28.721871987625473,4.540033546972286],[28.775189825141126,4.565751562715131],[28.7869,4.5714],[28.78755208572338,4.570167948633243],[28.7938,4.5724],[28.8306,4.5558],[28.84384798427232,4.489373487310622],[28.95136467809298,4.489163082821736],[29.0347,4.489],[29.1991,4.3562],[29.199898618346868,4.356272950714377],[29.23477017965178,4.359458333718192],[29.2691,4.3977],[29.313863559466345,4.396193823705708],[29.357996845841978,4.445655763937795],[29.39209239213167,4.483868007150488],[29.413,4.5073],[29.47584591666701,4.644159306271175],[29.4946,4.685],[29.50810148974759,4.683332935027949],[29.6501,4.6658],[29.827926656969296,4.575488663205845],[29.8409,4.5689],[29.8103,4.3875],[29.9484,4.3349],[29.9791,4.3078],[29.9698,4.233],[29.99245038817118,4.208081285582358],[30.0387,4.1572],[30.049042848467828,4.1532390779850745],[30.12258815674481,4.125073990624972],[30.161816296478353,4.110051088301844],[30.169,4.1073],[30.181703738267714,4.038424310596731],[30.192,4.0325],[30.2112,3.9377],[30.258762251362903,3.9532832842198324],[30.2662,3.9567],[30.26735288161673,3.956097916181879],[30.282103392513854,3.948394571977836],[30.347280030733813,3.9143565592084846],[30.394853161594746,3.8895118467478995],[30.423999471250696,3.8742904041061257],[30.4303,3.871],[30.453,3.8312],[30.466457990956577,3.834403406876121],[30.46846321160616,3.8348807097393594],[30.5261,3.8486],[30.5388859052337,3.839516410759898],[30.5558,3.8275],[30.56685669343756,3.7694984290087965],[30.576147704560825,3.72075933315801],[30.5798,3.7016],[30.566723006007358,3.6656719701129976],[30.541,3.595],[30.627619462881526,3.623208085608758],[30.6669,3.636],[30.727134407807693,3.6254015704737195],[30.7316,3.6255],[30.765092824412907,3.6666081906701455],[30.771,3.675],[30.77126730644166,3.6741865836237606],[30.7989,3.5901],[30.860755151729006,3.563394283697953],[30.8619,3.5629],[30.854326990001297,3.490199104012461],[30.8539,3.4861],[30.8649235629575,3.489908139930773],[30.881096639246913,3.535205146703031],[30.8882,3.5551],[30.965389698796802,3.676921498748351],[30.970026280673427,3.6842389952807193],[30.9809,3.7014],[30.9977302105737,3.6997712699444807],[31.1658,3.794],[31.1659,3.794],[31.290005748244432,3.7935031795506626],[31.2908,3.7935],[31.5086,3.6742],[31.516,3.6368],[31.6182,3.7291],[31.712020610687023,3.7165240458015267],[31.7122,3.7165],[31.803562833873904,3.8200053755677583],[31.8055,3.8222],[31.8706,3.7821],[31.927835034088073,3.701157000324653],[31.933327777376178,3.6933890462163075],[31.9592,3.6568],[31.9579,3.5866],[31.95893658020116,3.5863626521969296],[32.0007,3.5768],[32.0592404144822,3.579931010823197],[32.0624,3.5801],[32.0851,3.5301],[32.20119053979425,3.504468325835806],[32.19809793915161,3.5921857258816114],[32.19794219361159,3.5966032357439732],[32.1979,3.5978],[32.416,3.7429],[32.7209,3.7651],[32.75735492957747,3.774727323943662],[32.883,3.808],[33.0285,3.8909],[33.1798,3.7761],[33.18120547134542,3.7759856651813],[33.51476771617001,3.7522307854098234],[33.5152,3.7522],[33.9885,4.2314],[33.993805115750824,4.225264044555208],[34.41183939439567,4.632601793914978],[35.93075684652115,4.628257892717289],[35.951,4.6282],[35.91788606861008,4.678110853109439],[35.8061,4.8466],[35.7957,4.9908],[35.8061,5.0746],[35.85511984640867,5.154875235657273],[35.8646,5.1704],[35.851361233282155,5.199772410424669],[35.8271,5.2536],[35.84214976965341,5.28208857804815],[35.8626,5.3208],[35.83635548651619,5.333867882749879],[35.774229029223804,5.364802396360247],[35.7178,5.3929],[35.62650580243641,5.383504859086491],[35.6216,5.383],[35.561850376725914,5.414022419023347],[35.5409,5.4249],[35.51197234960178,5.4139343730796154],[35.3106,5.3376],[35.30881179589009,5.413575748977741],[35.3067,5.5033],[35.127,5.6292],[35.1265,5.6879],[34.9979,5.8986],[35.0117,6.0082],[34.9633,6.1213],[34.9585,6.2437],[35.0205,6.4501],[34.9396,6.5588],[34.8648,6.6116],[34.7688,6.5947],[34.6407,6.741],[34.5315,6.7454],[34.5309,6.8531],[34.4711,6.9188],[34.3337,6.9223],[34.2929,6.9487],[34.3053,6.9783],[34.1894,7.0422],[34.1902,7.131],[34.0151,7.2586],[34.0412,7.2753],[34.0367,7.3565],[33.9447,7.471],[33.9494,7.5071],[33.8684,7.5164],[33.8339,7.5779],[33.6743,7.6982],[33.559,7.6948],[33.4626,7.7543],[33.3201,7.7095],[33.2476,7.7796],[33.1608,7.8043],[33.046,7.7903],[33.0004,7.8731],[32.9981,7.9453],[33.0364,7.9879],[33.0858,8.0688],[33.1201,8.0592],[33.1211,8.1041],[33.1928,8.1276],[33.1662,8.193],[33.204,8.2363],[33.1697,8.2913],[33.2149,8.3394],[33.1851,8.3819],[33.2195,8.4353],[33.3137,8.4692],[33.3971,8.4271],[33.4966,8.4816],[33.5968,8.4431],[33.6201,8.4725],[33.6769,8.4453],[33.7003,8.3774],[33.7686,8.3665],[33.9028,8.4851],[34.0247,8.4917],[34.0806,8.6353],[34.1469,8.6453],[34.10891335676625,9.4985],[34.1089,9.4988],[33.8996,9.4987],[33.899496967262316,9.49911126512941],[33.898879458337426,9.623573619545855],[33.911630915634646,9.711827126629261],[33.93842338872674,9.777471529916467],[33.9663,9.8061],[33.992733370523204,9.910536750708655],[33.99279304202424,9.910772509431617],[33.9928,9.9108],[33.9701,10.1482],[33.970007882161426,10.148217859580948],[33.9015,10.1615],[33.79314336687442,10.338376268778532],[33.7927,10.3391],[33.61655978112175,10.520240328317373],[33.4827,10.6579],[33.2191,10.735],[33.2659,10.8292],[33.1405,11.6281],[33.1748,11.7406],[33.2568,12.1658],[33.2977,12.2119],[33.2551,12.2144],[32.7371,12.2368],[32.73711016466154,12.236114476314865],[32.7305,12.2364],[32.73974527694842,12.058397601153095],[32.741388385990206,11.94758327042813],[32.13806965780065,11.945128452441756],[32.1278,11.9451],[32.12529411764706,11.945076470588235],[32.1066107918392,11.94490104029896],[32.1065,11.9449],[32.384742379393,11.688972303979183],[32.3883,11.6857],[32.388667787931226,11.478676260043828],[32.3892,11.1791],[32.445182605550734,11.018595415203198],[32.4599,10.9764],[32.193,10.7142],[32.2286,10.5096],[32.1546,10.4667],[32.0191,10.5072],[31.9335,10.4905],[31.811497555745678,10.34246637818559],[31.65005040157953,10.146571885178352],[31.4442,9.8968],[31.3244,9.7788],[31.2591,9.7562],[30.8926,9.7485],[30.847736354056902,9.728163645943098],[30.8274,9.7189],[30.827364196802638,9.718929099928914],[30.8273,9.7189],[30.5295,9.9606],[30.518402490983814,9.967467164304287],[30.053555957834103,10.253780642276451],[29.982595155904033,10.288262206984209],[29.9819,10.2886],[29.98105106881905,10.28820333364648],[29.5391,10.0817],[29.539097285886612,10.0808],[29.538100304096933,9.75020083854249],[29.5381,9.7501],[29.0983,9.7538],[29.090272557172558,9.747043908523908],[29.000299323116312,9.671320242500936],[28.9998,9.6709],[28.987143696450428,9.657896419828642],[28.8167,9.4985],[28.815486982248522,9.496528846153845],[28.8058,9.4878],[28.7587,9.4031],[28.7679,9.352267676767669],[28.7679,9.3521],[28.038518388646498,9.343927098642936],[28.00740702714926,9.403204760371127]]],[[[32.0624,3.5801],[32.062,3.5796],[32.0622,3.5795],[32.0622,3.5798],[32.0624,3.5801]]]]},"properties":{"iso3":"SSD"}},
{"type":"Feature","geometry":{"type":"MultiPolygon","coordinates":[[[[36.6691,36.3205],[36.7061,36.2552],[36.6748,36.2293],[36.4954,36.2345],[36.471,36.2018],[36.3976,36.2232],[36.3786,36.001],[36.3172,36.0041],[36.3025,35.9574],[36.2127,35.9515],[36.1549,35.8202],[36.1165,35.8655],[36.0185,35.8811],[36.0027,35.9408],[35.9217,35.9305],[35.8807,35.8685],[35.805,35.8536],[35.853,35.748],[35.7781,35.6729],[35.7829,35.6092],[35.7272,35.5843],[35.781,35.5404],[35.7733,35.5074],[35.9241,35.4236],[35.9286,35.2754],[35.94723645772605,35.26827176962552],[35.963,35.2007],[35.8973,35.1077],[35.8804,34.9097],[35.980169313745876,34.64500793232524],[35.9807,34.6436],[36.1173,34.638],[36.18964134857949,34.6346294071716],[36.27866312118219,34.630481625105084],[36.289,34.63],[36.306019246327445,34.66088260591867],[36.324479924293435,34.681398037606094],[36.362867670349004,34.65666403362988],[36.398945652888614,34.63341825717047],[36.4266,34.6156],[36.4634,34.6352],[36.46317303857824,34.63404971824881],[36.451,34.5923],[36.43286583769633,34.59799502617801],[36.4064,34.607],[36.40655435823305,34.60625813543094],[36.4162,34.5599],[36.41047242333825,34.55647152101233],[36.331,34.5089],[36.344833570277025,34.508674967606794],[36.35310772604871,34.50854037089475],[36.4464,34.4867],[36.4491,34.4821],[36.45867655759151,34.47624311197632],[36.4629,34.4643],[36.53077524465391,34.43214856832183],[36.55117037592229,34.419675192693305],[36.53220866394759,34.37686119144729],[36.5281,34.3693],[36.59274679281782,34.29539148901344],[36.575,34.2767],[36.586984121895604,34.251227866402274],[36.6005,34.2225],[36.6252,34.2012],[36.613838434952726,34.19055882404086],[36.5148,34.0978],[36.515975672114806,34.080654781659135],[36.4877,34.0489],[36.4834,34.0428],[36.465,34.0434],[36.454,34.044],[36.43780069767442,34.049897441860466],[36.43750055668016,34.05001604251012],[36.4259,34.0546],[36.35160543871541,33.98062869278917],[36.350502783279474,33.97953083498384],[36.3454,33.978],[36.30854700451713,33.93775760493257],[36.288,33.9173],[36.28913351330939,33.91655863935098],[36.2769,33.9032],[36.3081,33.8878],[36.372015746689655,33.86235051861574],[36.3883,33.8517],[36.38509617681258,33.84416862459674],[36.315,33.8336],[36.3077,33.8347],[36.2803,33.8477],[36.2376,33.8419],[36.23622076354837,33.84147176932752],[36.1565,33.8537],[36.12609186087237,33.83555425007409],[36.1242633857283,33.834463125998035],[36.124,33.8345],[36.1134,33.8336],[36.114,33.8319],[36.10873149065955,33.8251946244758],[36.09146192585707,33.814889186089054],[36.0857,33.814],[36.0693,33.8211],[36.0086,33.7671],[35.9915,33.7347],[35.99056164938057,33.73270134705608],[35.95805235301832,33.68453799142046],[35.9315,33.6452],[35.93818870967742,33.64155161290323],[35.973803900414936,33.62212514522822],[36.058757890489915,33.57578660518732],[36.04102880136662,33.56436832305211],[35.9722945526839,33.53403407554672],[35.971121869782955,33.53351653947054],[35.971,33.5335],[35.97053937762464,33.5332594702272],[35.9448,33.5219],[35.9449732832852,33.5199092571421],[35.9417,33.5182],[35.948009619408474,33.48502669795851],[35.94816461855924,33.48324601004034],[35.93918189321684,33.466393463380264],[35.93724384643681,33.46520021613139],[35.8255,33.3964],[35.81910259577002,33.37183396775688],[35.8155,33.358],[35.79981487006612,33.35093404613548],[35.791432617512214,33.34715794672946],[35.68302667117128,33.298322430625134],[35.62100558439015,33.270382710669345],[35.6206,33.2702],[35.621539317564945,33.26332815044591],[35.62427385035454,33.24332288424836],[35.6244,33.2424],[35.6846,33.2429],[35.6141,32.9002],[35.6627,32.777],[35.6346,32.6864],[35.7468,32.7321],[35.8014,32.7596],[35.8263,32.7311],[35.9368,32.7241],[35.9733,32.6711],[36.0327,32.658],[36.0907,32.518],[36.2056,32.5284],[36.4006,32.3872],[36.5,32.3617],[36.7043,32.3269],[36.8348,32.3164],[37.4643,32.664],[39.1254,33.5315],[40.265,34.068],[41.0124,34.4199],[41.1395,34.6641],[41.2377,34.785],[41.2204,35.0942],[41.2886,35.4939],[41.3943,35.6303],[41.3811,35.8353],[41.258,36.0546],[41.2946,36.3562],[41.4112,36.5229],[41.8282,36.5931],[42.3848,37.0672],[42.3366,37.1778],[42.3574,37.2276],[42.2949,37.2809],[42.2209,37.2775],[42.2204,37.3181],[42.1062,37.2129],[41.9751,37.1595],[41.5581,37.0852],[41.2185,37.0636],[40.95,37.1244],[40.7817,37.1206],[40.4381,37.0088],[40.208,36.8877],[39.8418,36.7553],[39.504,36.7021],[39.2274,36.665],[39.0203,36.7033],[38.7873,36.6985],[38.6442,36.7698],[38.4494,36.8818],[38.2528,36.9135],[37.7912,36.7486],[37.6551,36.7314],[37.4738,36.6383],[37.1448,36.6632],[37.091,36.6237],[37.028,36.6606],[37.056,36.7243],[36.9888,36.7621],[36.6755,36.8456],[36.5918,36.6501],[36.603,36.5899],[36.555,36.4858],[36.5891,36.3978],[36.6226,36.3912],[36.6078,36.3299],[36.6691,36.3205]]],[[[35.8561,34.8588],[35.8563,34.8543],[35.8616,34.8542],[35.8622,34.8561],[35.8561,34.8588]]]]},"properties":{"iso3":"SYR"}},
{"type":"Feature","geometry":{"type":"Polygon","coordinates":[[[15.527632083485015,16.808860470007687],[15.5234,16.6979],[14.7913,16.1004],[13.91746420154375,15.105434572332145],[13.89252128343012,15.072019844105297],[13.7964,14.8777],[13.8206,14.7407],[13.808313510422634,14.732821134859163],[13.6907,14.6574],[13.689668185213758,14.644537651294803],[13.685883258593632,14.597355689317883],[13.696,14.5511],[13.6602,14.5265],[13.4998,14.4779],[13.481247555790093,14.453139893849137],[13.475041531757464,14.43584481137061],[13.4681,14.4165],[13.6345,13.7107],[13.63231766587044,13.710694795114511],[13.637312756575097,13.703698378276814],[14.083030771512014,13.07939959994585],[14.084161883414245,13.079384894590794],[14.0833,13.0833],[14.4667,13.0833],[14.510842006425154,13.001220181784943],[14.529,12.9751],[14.56173307515455,12.906590825116231],[14.572,12.8875],[14.560096833208515,12.81922998517477],[14.5555,12.7809],[14.558930372024278,12.777083427151796],[14.606504495005739,12.76062878510117],[14.6216,12.755407645631067],[14.7179,12.7221],[14.716968372206619,12.712603407009395],[14.71838304488037,12.664740314880792],[14.7458,12.6887],[14.747209079823897,12.685812453845726],[14.749449689377995,12.681220901691303],[14.772122571990858,12.63475866876116],[14.77389254222973,12.634569124436936],[14.8325,12.6335],[14.83506465868663,12.593384866958198],[14.847922049005339,12.467088558627566],[14.875877542676072,12.463543769804764],[14.8778,12.4633],[14.9085,12.3838],[14.909622544519321,12.29809804342872],[14.91109433598048,12.185732426105702],[14.9111,12.1853],[14.907341166340245,12.18235703721213],[14.896733889091001,12.154878342605821],[14.961086651023622,12.097348321139876],[14.964515639943743,12.097301523524342],[15.033,12.1095],[15.0606,12.0571],[15.056538354337535,12.05235525938521],[15.0611,12.0416],[15.04407274510865,12.027755409574324],[15.0853,12.0003],[15.082683062898221,11.9950263892244],[15.078699269593447,11.98699831117638],[15.0535,11.9703],[15.045509676584734,11.920115161707635],[15.0421,11.8987],[15.07575307858242,11.852662238402203],[15.119,11.7935],[15.098959148764905,11.776885822810284],[15.082172154333664,11.762969143489048],[15.0804,11.7615],[15.102282034761506,11.729526250576795],[15.1023,11.7295],[15.0656,11.7108],[15.085323323323323,11.638387227227227],[15.1006,11.5823],[15.135118881639492,11.54522721542298],[15.0584,11.4121],[15.0493,11.3454],[15.055826327852895,11.34043892964028],[15.0266,11.2828],[15.0337,11.0931],[15.09698686022006,11.130276619865711],[15.1106,11.0881],[15.055922621457489,11.016935288850826],[15.0922,10.8926],[15.092164073027602,10.892462595088023],[15.0937,10.8888],[15.0858186873997,10.86819427812517],[15.07121548020159,10.812343415507831],[15.108893402708693,10.731657324437],[15.15365824228065,10.635794822416273],[15.1601,10.622],[15.147164615271228,10.553211165978786],[15.146192491440402,10.540848038200869],[15.2385,10.4749],[15.23982212073081,10.471609699542842],[15.2411,10.4707],[15.3102,10.3075],[15.3934,10.2511],[15.4862,10.1189],[15.51151903017373,10.101734338530317],[15.689,9.9986],[15.670209122684277,9.994146473278862],[15.42580526684588,9.93622160450146],[15.4139,9.9334],[15.222018178887994,9.977324754230459],[15.1483,9.9942],[15.142424394108076,9.99096974608204],[15.111952138335127,9.974216899582434],[15.096219188000978,9.965567336389677],[15.0599,9.9456],[14.9578,9.9829],[14.937862593941272,9.976776276439143],[14.8025,9.9352],[14.750811157790682,9.945028160138392],[14.724519925234596,9.950027197314549],[14.6179,9.9703],[14.29561063044481,9.996008361603387],[14.2042,10.0033],[14.142729937215586,9.85624912691332],[14.1295,9.8246],[14.072401995389182,9.776124530155457],[14.0385,9.7375],[14.022,9.6471],[14.2505,9.3915],[14.30408108324335,9.371717447591767],[14.3043,9.3718],[14.304514928103305,9.371557268697284],[14.3174,9.3668],[14.3858,9.2886],[14.3808,9.1969],[14.4933,9.092],[14.505699651081647,9.047480770815293],[14.83336276715903,8.813905657948883],[14.860145713023975,8.81182831034717],[14.8993,8.814],[14.90707064732143,8.770484375],[14.908761943023915,8.763399577254148],[14.9892,8.7285],[14.98746402441069,8.715945176541593],[14.988167902484617,8.686958197678948],[15.037316799999997,8.675748800000001],[15.1069,8.6734],[15.2076,8.6107],[15.2361,8.5011],[15.2486,8.4615],[15.34863179178484,8.186209450224235],[15.3931,8.0984],[15.4950466905373,7.822793015784859],[15.5064,7.7921],[15.5915,7.7664],[15.590066278332442,7.71247959815489],[15.5892,7.6799],[15.582918759837753,7.658213674476331],[15.574,7.5905],[15.5074,7.5275],[15.507652776358993,7.527394246625319],[15.7279,7.5191],[15.727904415380873,7.519095784581295],[15.76875,7.4801],[15.80957890147199,7.4411201430255165],[15.9748,7.4833],[16.0662,7.5819],[16.2355,7.6067],[16.3927,7.6711],[16.413793552168816,7.697606447831184],[16.430475009298778,7.718668446753897],[16.4125,7.7679],[16.4389,7.8052],[16.489013767635115,7.790325594865275],[16.5188,7.8457],[16.5958,7.8802],[16.59579943395762,7.880154999630842],[16.5944,7.7689],[16.61608445297505,7.759884452975048],[16.668,7.7383],[16.66799885606674,7.738200477806139],[16.668,7.7382],[16.6673,7.6687],[16.697,7.65945],[16.7268,7.6502],[16.72730656647521,7.649577389530991],[16.8224,7.5327],[16.836949567222728,7.537034275282473],[16.908,7.5582],[16.901,7.6165],[17.0403,7.635],[17.0906,7.6604],[17.0913,7.6921],[17.1604,7.6668],[17.2325,7.7635],[17.2626,7.747],[17.2822,7.8017],[17.298403981477698,7.809754049965247],[17.3087,7.8278],[17.347316075344388,7.834065386561709],[17.46735886085941,7.893731623149055],[17.4677,7.894],[17.46779575943459,7.893948779837312],[17.515,7.8687],[17.515024800914972,7.868740639505527],[17.5471,7.9213],[17.6165,7.9269],[17.6716,7.9827],[17.67160114339328,7.982699889776889],[17.9216,7.9586],[18.032,8.0093],[18.032368399457955,8.00932597932194],[18.2133697336683,8.022090091297558],[18.45406158864676,8.039063545123009],[18.613970367108546,8.052161740042793],[18.6577,8.1949],[18.658826922265405,8.195490143136201],[18.8372,8.2889],[18.84385,8.3181],[18.8505,8.3473],[18.916409067332697,8.386001373324786],[18.92357906820001,8.395330679472599],[18.9217,8.4242],[19.044585563674673,8.573143225369543],[19.0462,8.5751],[19.05085466237942,8.589491456132292],[19.0658,8.6357],[19.06968775735111,8.638603425344181],[19.07651504613201,8.643702129169624],[19.11767343298038,8.674439722262216],[19.11421082346483,8.68112078293004],[18.8625,8.8526],[19.0233,8.9951],[19.2184,9.0315],[19.307639380383602,9.008181661355112],[19.5777,9.04],[19.672036692052888,9.020812876192633],[19.6721,9.0208],[19.804339532731333,9.059047471235457],[19.8225,9.0643],[19.827208722495637,9.05937395185072],[19.879328783173655,9.060118017978686],[19.985239216926203,9.10613230434689],[19.9881,9.0982],[20.101482027964536,9.15659074456022],[20.10168643750366,9.156567680472373],[20.3034,9.1216],[20.33733176148178,9.129979173515762],[20.39414096799367,9.144007746683453],[20.4342,9.1539],[20.43775978948195,9.160808405011586],[20.5286,9.3371],[20.528692557827195,9.337083740985525],[20.5479,9.333709698078682],[20.6379,9.3179],[20.6668,9.3983],[20.66686911246918,9.39831385692097],[20.692657187663357,9.403484317825406],[20.8204,9.4287],[20.82065582083346,9.429147804675202],[20.8274,9.4305],[20.8745,9.5231],[20.9516,9.5679],[20.9515,9.6164],[20.988,9.6207],[20.9672,9.6425],[20.9986,9.6849],[20.9678,9.7023],[21.0044,9.7057],[20.99502575243093,9.746986579719092],[21.0305,9.7285],[21.0305,9.774],[21.1153,9.7919],[21.254,9.9904],[21.34056556359362,9.96374140083103],[21.3407,9.9637],[21.3851,9.9917],[21.5368,10.2269],[21.668431827085787,10.231981925194075],[21.6689,10.232],[21.6765,10.2781],[21.7282,10.3018],[21.72310977222542,10.347013199644778],[21.74705,10.37935],[21.770968242490486,10.411657104157294],[21.771,10.4117],[21.7175,10.5078],[21.7336,10.654],[21.7886,10.6694],[21.788500079743805,10.794600081009582],[21.8326,10.8394],[22.02845901309164,10.88514098690836],[22.074147766097887,10.895787827944167],[22.1518,10.876],[22.4681,10.9987],[22.49500768615923,10.998401440375487],[22.5208,11.0076],[22.567846089068397,10.99759324727802],[22.85257881040892,10.937030297397769],[22.875807228590585,10.93208958837244],[22.877800517625516,10.931665613694184],[22.889364245647027,10.96693160295278],[22.9087,11.0259],[22.912665663818732,11.02681707394549],[22.9817222261942,11.204294888064704],[22.98676467055529,11.217254148882786],[22.9883,11.2212],[22.984275769791576,11.25629301826915],[22.979,11.3023],[22.9343,11.3186],[22.9344464012884,11.320617295675213],[22.942,11.4247],[22.94139484125876,11.424623571272965],[22.7876,11.4052],[22.78718225395887,11.406236331525108],[22.7616,11.4697],[22.76135811818652,11.469810050493336],[22.71155707434053,11.492468345323742],[22.656303813771174,11.517607269563824],[22.6462759176623,11.529474298258242],[22.5619,11.6306],[22.6405,12.0698],[22.597345671445478,12.060445050637906],[22.5923,12.0604],[22.585874697981552,12.057958385232988],[22.484415344120755,12.035964134610378],[22.479790308551753,12.06075813972256],[22.492,12.185],[22.47622942775102,12.21613597169315],[22.457244499336444,12.253618073444454],[22.4414,12.2849],[22.4354,12.3806],[22.36573749304851,12.445230229537145],[22.3648,12.4461],[22.4258,12.5145],[22.4586,12.6334],[22.314638087271238,12.700120704725485],[22.1945,12.7558],[22.1954,12.711],[22.1511,12.6737],[21.947,12.624],[21.81558030898604,12.806632519809398],[21.9023,12.988],[21.9004,12.9865],[21.9307,13.0485],[21.9321,13.0494],[22.0201,13.1394],[22.1337,13.1679],[22.135280472798147,13.17107276958231],[22.1354,13.1711],[22.2806559322034,13.342204183195104],[22.2905,13.3538],[22.2176,13.4669],[22.2251,13.5487],[22.183395061728394,13.58950049382716],[22.144450938588392,13.627600045621959],[22.1254,13.7313],[22.1243406208166,13.732209467034805],[22.1237,13.7359],[22.073123986024473,13.777591038547394],[22.0719,13.7786],[22.1918,13.9112],[22.2346,13.9574],[22.2946,13.9645],[22.3217,14.0117],[22.483049807896048,14.086244822128332],[22.5349,14.1102],[22.5683,14.1843],[22.547,14.2336],[22.54649335175272,14.23364973234329],[22.52153125,14.2361],[22.468305614750918,14.241324602233039],[22.4277,14.2958],[22.4593,14.3383],[22.4446,14.4835],[22.3832,14.5139],[22.39972817829863,14.56708035994559],[22.4062,14.586],[22.7155,14.6964],[22.676271589623944,14.851663848544483],[22.69695412440588,14.877261045056784],[22.723885026921266,14.88998697496394],[22.757031608192506,14.905650061994855],[22.7601,14.9071],[22.752799161624775,14.954175197440236],[22.7826,14.9836],[22.833481540174922,15.046168797499368],[22.8614,15.0805],[22.91465262595765,15.089402662928503],[22.926763931196408,15.095853464169048],[22.929,15.1566],[22.933865508534172,15.162083133030752],[22.972324623877956,15.205424223523957],[22.9999,15.2365],[22.99063401336616,15.392952620471332],[22.988897888556814,15.41265434061794],[22.929,15.4678],[22.928449100957167,15.480143116392098],[22.9187,15.4907],[22.925674428726875,15.542310772578892],[22.9253,15.5507],[22.92701244181407,15.552212069424126],[22.96136002950986,15.582540654442617],[23.1099,15.7137],[23.11567457412496,15.713277189956628],[23.30548514816137,15.699379400214209],[23.35674755932545,15.69562600441071],[23.40442330578223,15.707858484222323],[23.6035,15.7657],[23.62092517803725,15.763407793427936],[23.832725695440207,15.735546354255273],[23.9988,15.7137],[23.99994659651679,19.500026297633248],[22.3415,20.3167],[20.9839,20.9853],[16,23.4394],[14.9984,22.9972],[15.053311882632038,22.711169852308608],[15.1352,22.3584],[15.132818762843357,22.29702698196278],[15.1918,21.9898],[15.196739365544712,21.622296459098724],[15.2003,21.5136],[15.234738602848694,21.467569949299968],[15.6106,20.9652],[15.584923241568111,20.92088350665426],[15.552584677738361,20.865069150158543],[15.5493,20.8594],[15.5732,20.7828],[15.989632278277865,20.338461452955993],[15.997,20.3306],[15.7588,19.9355],[15.5987,18.7414],[15.5732,18.0036],[15.55887210571547,18.00356148865624],[15.5083,16.949],[15.5055,16.8978],[15.4556,16.8458],[15.527632083485015,16.808860470007687]]]},"properties":{"iso3":"TCD"}},
{"type":"Feature","geometry":{"type":"Polygon","coordinates":[[[0.616,7.891],[0.6174960328281274,7.7051927227465855],[0.6138208069503729,7.705032057134443],[0.5898,7.7072],[0.5776397020862426,7.620937886674284],[0.577,7.6164],[0.5195217786539817,7.588293052505923],[0.5179,7.5875],[0.5022,7.4638],[0.5605,7.3906],[0.6424,7.3937],[0.6446526048233764,7.381927825477834],[0.6443430156194986,7.27759626377103],[0.6401902547676387,7.26453664446518],[0.5983,7.1328],[0.5983185461938975,7.128927554714224],[0.5984130800079845,7.109188894332843],[0.5988,7.0284],[0.5557334855891225,6.987433042177525],[0.5301118182148301,6.963060469169874],[0.5147,6.9484],[0.5581,6.9141],[0.5301,6.8258],[0.5737150125771782,6.809158632517723],[0.5777911649683782,6.807285336950702],[0.5765,6.7613],[0.6239083490079486,6.747492403373582],[0.6460862151910445,6.739526215807814],[0.6378,6.6322],[0.6379054763180597,6.632082372032395],[0.6406203704942556,6.629054702029448],[0.6812,6.5838],[0.7374,6.5771],[0.7366167770941789,6.574603738760056],[0.7199052504948266,6.521341333127896],[0.7187,6.5175],[0.7210506897568681,6.518408424953751],[0.7266659366685794,6.50403053158746],[0.7699574177090297,6.430829693987723],[0.8205580232400199,6.391732433926121],[0.8833202075433758,6.343238361256582],[0.8923,6.3363],[1.0041,6.3348],[1.0615952264381885,6.210227009383925],[1.084248525112332,6.170875537870061],[1.2003,6.1677],[1.1995,6.1126],[1.1962995900711741,6.1108011301335425],[1.3102,6.1488],[1.8066861275577208,6.284259796573092],[1.8072,6.2844],[1.7808,6.4268],[1.7259,6.5018],[1.6956988199149203,6.500404565936663],[1.6956048617635218,6.500768104952355],[1.6963,6.5534],[1.678924171771843,6.565308344733242],[1.6303458730780473,6.598600980905987],[1.6124,6.6109],[1.574045754535094,6.688403397571572],[1.5916,6.7129],[1.608666411238825,6.736347765006386],[1.6259,6.7598],[1.6258244442209033,6.759921410320893],[1.6059656160458453,6.791832492836676],[1.5969,6.8064],[1.5983763438271232,6.824133913200505],[1.6050339642584508,6.90410557067079],[1.6052,6.9061],[1.6035595043649673,6.907020980005632],[1.5767,6.9221],[1.5576,6.998],[1.5950214592274679,6.996218025751073],[1.6416,6.994],[1.641591426822558,6.994614071997798],[1.6357,7.4166],[1.6428750505731624,7.476334457181389],[1.6439910848549946,7.485625778732546],[1.6757,7.4946],[1.6751181153266854,7.496786993185257],[1.6774,7.4976],[1.6349654420538564,7.660950233814187],[1.6313824454069537,7.674742844562479],[1.6304772598312272,8.378222901164644],[1.6499,8.4781],[1.6303568663415378,8.471788708234996],[1.6302,8.5937],[1.6434926247030404,8.596198672010729],[1.6177,9.0716],[1.4194172694922609,9.316571678287286],[1.413,9.3245],[1.3898,9.4971],[1.3880506360279032,9.496494911776775],[1.360873839560541,9.487094718478133],[1.355307178336805,9.504194359878225],[1.3425,9.5458],[1.3698,9.6615],[1.36434333076611,9.997133023403848],[1.3552,10],[1.0733208563009062,10.186818970884277],[0.9016,10.29],[0.8660063001316219,10.324219317446351],[0.7746,10.3848],[0.7766643835445354,10.410111467356712],[0.7798968559543388,10.449744906646028],[0.8018,10.7183],[0.8470132233497172,10.772681460306742],[0.8844121704756233,10.852099737303714],[0.8976286310676761,10.910882572489287],[0.888,10.9142],[0.9104767798507117,10.996520020719062],[0.6715587457207519,10.999143571606286],[0.5008,10.9334],[0.5009774524828244,10.936680706877583],[0.5008,10.9366],[0.5037672195953182,11.009440455227006],[0.4234,11.0265],[0.2624,11.0598],[0.155932160122127,11.081297184293105],[-0.1584439197845319,11.144773634410338],[-0.1361,11.1391],[-0.1425,11.1064],[-0.13959019321090071,11.105172899850944],[-0.13771590110657322,11.104382488566864],[-0.03132878492742536,11.108593287187848],[-0.0169,11.1137],[-0.013672015404364468,11.106011296534017],[0.030187208906757586,11.001543459100045],[0.0339,10.9927],[0.03140214420020979,10.990718074113516],[-0.0058,10.9612],[-0.005918320014776407,10.960196051132106],[-0.0225,10.8195],[-0.08780428277538807,10.715337759491304],[-0.0909,10.7104],[-0.06793524261218534,10.653468077344035],[-0.06279237489826021,10.640718395648099],[0.10346754265035327,10.546878442185077],[0.1431,10.5259],[0.1575804023452581,10.474029902046837],[0.18586616111576898,10.412004594416075],[0.1939,10.403],[0.2321,10.416],[0.266264599760096,10.41233582087165],[0.28476023589741695,10.410352149926409],[0.2983,10.4089],[0.29482868872592033,10.393086248640303],[0.32572716338079116,10.340099953489574],[0.3365,10.3289],[0.3273007716332905,10.320269796068345],[0.32189035604149135,10.310628679562658],[0.3977,10.3095],[0.37785691868758914,10.282381122206372],[0.36147443313996597,10.256479761264105],[0.3523,10.1011],[0.4173,10.0577],[0.4111,10.0227],[0.40804162072257993,10.023173320602458],[0.4079,10.0222],[0.3615600589402777,10.027716659649968],[0.3533,10.0287],[0.3804555805701699,9.944092816999062],[0.3645,9.9322],[0.3620260062220494,9.92089109955279],[0.3195,9.7265],[0.3815,9.6443],[0.3823,9.5923],[0.3733765216708832,9.591187707278694],[0.2403,9.5746],[0.24049461736323302,9.570849873116163],[0.2429,9.5245],[0.3105,9.5048],[0.2945836846129381,9.501358096797548],[0.2305,9.4875],[0.22965829852714878,9.472950588826428],[0.22926944055260495,9.466228900980743],[0.23965110845889787,9.455630496792482],[0.2767,9.4287],[0.33442066245638824,9.45157940732235],[0.3375,9.4528],[0.3560200556032623,9.491454244493047],[0.3593,9.4983],[0.4471,9.5011],[0.5647,9.4071],[0.5599,9.3057],[0.5085,9.2581],[0.5391,9.2135],[0.4781,9.1441],[0.4585638682368877,9.064342397847843],[0.5278,8.88],[0.5264684614429916,8.877790460036406],[0.5269,8.8767],[0.5119666769700368,8.845081399841586],[0.4911,8.8009],[0.4738242995689658,8.800010809536639],[0.4713,8.7966],[0.3912,8.7916],[0.38283151137041815,8.738850313244996],[0.3823,8.7355],[0.4360208985704561,8.65382049012934],[0.4723684872128289,8.598556090160383],[0.4728,8.5979],[0.6445,8.4913],[0.6459441217210801,8.488610597121536],[0.72053180930962,8.349705171927475],[0.7286230541315556,8.334636762667488],[0.7274636946331197,8.30841740170286],[0.7245,8.2832],[0.7010490833159323,8.275917281269576],[0.6411,8.2573],[0.594419468312501,8.202387048964512],[0.5895,8.1966],[0.5956899566544281,8.125216952694595],[0.6015573288306645,8.057553973937695],[0.616,7.891]]]},"properties":{"iso3":"TGO"}},
{"type":"Feature","geometry":{"type":"Polygon","coordinates":[[[33.5201,-0.9992],[33.9296,-0.9959],[33.929531872602006,-0.8923236459149855],[33.92947430999915,-0.8048093020429385],[33.92942511693783,-0.7300194511416611],[33.94285494778228,-0.4451239031822091],[33.95817624327833,-0.3381105469482843],[33.9878,-0.1312],[33.953582603054414,-0.02604627622726431],[33.9112,0.1042],[34.0998,0.3473],[34.09923454043448,0.3528917668146214],[34.089042547720304,0.4536792503214614],[34.089,0.4541],[34.1384,0.583],[34.2774,0.6399],[34.3147,0.7611],[34.33096263868411,0.7687077736298901],[34.3626,0.7771],[34.37385721673103,0.7887741506840358],[34.4141,0.8076],[34.4472,0.8612],[34.523,1.0994],[34.5752,1.0994],[34.5798,1.1471],[34.58199377661317,1.1485160497870948],[34.6695,1.205],[34.719217035939906,1.2135944110268113],[34.7973536589409,1.2271016171910962],[34.8066,1.2287],[34.81553702848691,1.2553633659815884],[34.82,1.2623],[34.82251739961759,1.276189101338407],[34.8308,1.3009],[34.827787025370725,1.305262898597127],[34.7875,1.3636],[34.79244968502406,1.3739732079417601],[34.8193516712605,1.4303525322664954],[34.861345936027476,1.5183612113383007],[34.8648,1.5256],[34.9444,1.5739],[34.992,1.6616],[34.99255659517668,1.680242811479665],[35.00086325498595,1.9584692484619284],[35.0009,1.9597],[34.91531849552469,2.399078236845871],[34.92733197217571,2.4214000515264718],[34.94631186622415,2.454295379116671],[34.9552,2.4697],[34.89832463678432,2.5826998965539225],[34.89693229589021,2.585466197604257],[34.8946,2.5901],[34.88834634190429,2.584676905870125],[34.8576797797332,2.5818577824418414],[34.826060880074095,2.6208437484469944],[34.796069003421415,2.665251823542259],[34.77194007971598,2.741788154786251],[34.74012904793329,2.842691937128805],[34.7371,2.8523],[34.72716108499556,2.853801562698513],[34.6541899323421,2.8648259814447194],[34.6537,2.8649],[34.634803827549945,2.884918023133544],[34.59960391310575,2.922780661733112],[34.59919263997409,2.9244180235617905],[34.55091556383067,3.116618864298184],[34.5466,3.1338],[34.47595612378214,3.1693563757512466],[34.455199456777166,3.183959672723496],[34.432349439601495,3.290375466998755],[34.389991273137426,3.4891181843081576],[34.4523,3.5144],[34.464,3.6668],[34.463662778110226,3.6670256158671917],[34.3658,3.7325],[34.3033,3.6829],[34.2463,3.7812],[34.1716,3.765],[34.17357832058394,3.7680563941605834],[34.1894,3.7925],[34.188293606402134,3.792867758998728],[34.1897,3.7951],[34.158452659096206,3.8057988178094515],[34.2268,3.8283],[34.21886187810945,3.8659493781094527],[34.2159,3.8814],[34.09131834805459,3.863185168949342],[34.1354,3.9586],[34.13410670914738,3.9594356115160343],[34.1349,3.9611],[34.062513000496864,4.008967246635005],[34.0921,4.0464],[34.085719228040844,4.05739080337463],[34.0921,4.0695],[34.064258831836476,4.138254487518959],[34.0664,4.1413],[34.060052914808104,4.148641108803464],[34.00194913532153,4.215844581611424],[33.993805115750824,4.225264044555208],[33.9885,4.2314],[33.5152,3.7522],[33.51476771617001,3.7522307854098234],[33.18120547134542,3.7759856651813],[33.1798,3.7761],[33.0285,3.8909],[32.883,3.808],[32.75735492957747,3.774727323943662],[32.7209,3.7651],[32.416,3.7429],[32.1979,3.5978],[32.19794219361159,3.5966032357439732],[32.19809793915161,3.5921857258816114],[32.20119053979425,3.504468325835806],[32.0851,3.5301],[32.0624,3.5801],[32.0592404144822,3.579931010823197],[32.0007,3.5768],[31.95893658020116,3.5863626521969296],[31.9579,3.5866],[31.9592,3.6568],[31.933327777376178,3.6933890462163075],[31.927835034088073,3.701157000324653],[31.8706,3.7821],[31.8055,3.8222],[31.803562833873904,3.8200053755677583],[31.7122,3.7165],[31.712020610687023,3.7165240458015267],[31.6182,3.7291],[31.516,3.6368],[31.5086,3.6742],[31.2908,3.7935],[31.290005748244432,3.7935031795506626],[31.1659,3.794],[31.1658,3.794],[30.9977302105737,3.6997712699444807],[30.9809,3.7014],[30.970026280673427,3.6842389952807193],[30.965389698796802,3.676921498748351],[30.8882,3.5551],[30.881096639246913,3.535205146703031],[30.8649235629575,3.489908139930773],[30.8621,3.482],[30.915290480386695,3.499001201290707],[30.933,3.4821],[30.936,3.402],[30.926472681752106,3.3841855197845647],[30.844948800491558,3.2691362711049368],[30.8389,3.2606],[30.7687,3.0494],[30.8587,2.9592],[30.869759408698712,2.900011683075413],[30.879405413141004,2.848387696337964],[30.76163055905843,2.6018781420765027],[30.7508,2.5833],[30.7415,2.4473],[30.7523,2.4168],[30.8349,2.4238],[30.83815574738755,2.419446706042708],[30.895444029595577,2.3428459434302753],[30.9055,2.3294],[30.933891562412054,2.338147670581012],[30.935324391869376,2.3385891369543486],[30.9425,2.3408],[30.951952709775455,2.3822464967077606],[30.95788546760352,2.3978228493065474],[30.98953831293746,2.3981260374802438],[31.0136831695924,2.3914642668015587],[31.1256,2.2636],[31.199336597614565,2.289941242937853],[31.203,2.224],[31.203885510973617,2.223417472683042],[31.2039,2.2181],[31.304381204636073,2.155458546573218],[31.2678436822137,2.0703461815294215],[31.2449,2.0169],[31.035,1.759],[30.8884943973334,1.6436723331298522],[30.5504,1.2634],[30.545433961456105,1.2601046823697368],[30.5109,1.2081],[30.463383357553912,1.2056583064057453],[30.383911859052247,1.2015745782880127],[30.363,1.2005],[30.357479450701444,1.1956289270895106],[30.313511890526318,1.1568340210526318],[30.2712,1.1195],[30.231124152986585,1.0454213625055908],[30.1445,0.8853],[30.13288603288452,0.8817576295608464],[29.999994756829224,0.8412245263378929],[29.9868,0.8372],[29.981025664142265,0.8233188005104208],[29.968504951858872,0.7932196671660052],[29.9551,0.636],[29.96251869738252,0.5996392239399969],[29.9923,0.4821],[29.9595,0.4075],[29.8831,0.3856],[29.8393,0.184],[29.731,0.0651],[29.757,-0.0766],[29.6674,-0.5077],[29.671669562566684,-0.5290119341563917],[29.6793,-0.5671],[29.630355489614242,-0.6943740926729057],[29.626,-0.7057],[29.6397,-0.8278],[29.636049193683757,-0.8787559349671595],[29.635,-0.8934],[29.608849183021178,-0.9024910565462854],[29.5884,-0.9096],[29.589053206626904,-0.9345566404914],[29.59194187707078,-1.044922192212218],[29.596276978211424,-1.210550580236557],[29.59870215896394,-1.3032078829555105],[29.6009104814949,-1.3875798247337032],[29.6751,-1.3822],[29.7278,-1.3402],[29.7949,-1.3722],[29.8225,-1.3079],[29.8789,-1.3556],[29.9126,-1.4814],[29.9997,-1.4358],[30.0217,-1.4134],[30.0528,-1.4321],[30.0731,-1.3789],[30.1192,-1.3854],[30.1698,-1.3452],[30.1694,-1.2745],[30.2108,-1.2762],[30.2758,-1.2101],[30.3448,-1.1318],[30.3582,-1.0606],[30.6331,-1.0712],[30.7666,-0.9849],[31.2708,-0.9993],[33.5201,-0.9992]],[[32.0624,3.5801],[32.0622,3.5798],[32.0622,3.5795],[32.062,3.5796],[32.0624,3.5801]]]},"properties":{"iso3":"UGA"}},
{"type":"Feature","geometry":{"type":"MultiPolygon","coordinates":[[[[33.7594,44.3906],[33.7588,44.3901],[33.759,44.3901],[33.7594,44.3906]]],[[[33.5055,45.8543],[33.5048,45.8564],[33.5032,45.8557],[33.5077,45.8528],[33.5055,45.8543]]],[[[33.5077,45.8584],[33.5066,45.8564],[33.5122,45.8547],[33.5095,45.8593],[33.5077,45.8584]]],[[[33.5233,45.868],[33.5424,45.8817],[33.5308,45.8751],[33.5233,45.8693],[33.5233,45.868]]],[[[34.9302,45.8324],[34.8096,46.161],[34.8951,46.2403],[35.1032,46.3018],[35.2748,46.265],[35.2312,46.2284],[35.2119,46.1869],[35.034,46.1455],[34.9828,46.0771],[35.1689,46.1384],[35.198,46.1645],[35.2574,46.242],[35.2775,46.2645],[35.4449,46.436],[35.8682,46.6459],[36.1891,46.6713],[36.2464,46.6403],[36.2578,46.5961],[36.2773,46.622],[36.2759,46.6289],[36.2703,46.6346],[36.294696202334634,46.63879934630351],[36.2932,46.636],[36.2892,46.6339],[36.2901,46.6319],[36.2864,46.6299],[36.2493,46.5856],[36.2359,46.5641],[36.1001,46.4926],[36.1086,46.4897],[36.1178,46.4894],[36.1486,46.5037],[36.1721,46.5001],[36.226,46.5511],[36.3066,46.6513],[36.3717,46.7067],[36.6145,46.7786],[36.7208,46.7793],[36.8101,46.7326],[36.8287,46.6997],[36.8028,46.6837],[36.8072,46.7039],[36.8047,46.701],[36.802,46.6944],[36.8013,46.6828],[36.7678,46.6622],[36.7689,46.6644],[36.7674,46.6638],[36.7665,46.6614],[36.7579,46.6561],[36.7505,46.6331],[36.7658,46.6317],[36.8161,46.6777],[36.9009,46.8121],[37.0625,46.8839],[37.2368,46.9512],[37.321,46.9107],[37.3026,46.8688],[37.3351,46.8895],[37.4371,46.9856],[37.5745,47.0996],[37.7103,47.0802],[37.8996,47.1114],[37.9828,47.087],[38.0648,47.112],[38.1296,47.0741],[38.1093,47.0421],[38.0858,47.025],[38.095,47.027],[38.1426,47.0546],[38.2295,47.1193],[38.2342,47.2308],[38.331,47.2638],[38.3353,47.306],[38.2209,47.3053],[38.2203,47.326],[38.302,47.3933],[38.2845,47.5443],[38.3507,47.5761],[38.3505,47.6166],[38.6163,47.6445],[38.666,47.669],[38.6629,47.6997],[38.7728,47.6857],[38.7891,47.8157],[38.8292,47.8148],[38.8423,47.8669],[39.0744,47.8695],[39.1095,47.8426],[39.3557,47.8724],[39.4138,47.831],[39.4414,47.8547],[39.5201,47.8251],[39.7381,47.8277],[39.7938,47.8694],[39.8247,47.9551],[39.7761,48.0398],[39.8817,48.0445],[39.8328,48.066],[39.9372,48.1806],[39.941,48.2285],[40.0095,48.2254],[39.9909,48.3169],[39.9151,48.2695],[39.8869,48.3088],[39.8412,48.31],[39.9473,48.3549],[39.8979,48.4474],[39.8455,48.4754],[39.8509,48.5674],[39.6604,48.608],[39.7999,48.8424],[39.9758,48.7931],[40.0785,48.8717],[40.0352,48.9158],[39.9932,48.8682],[39.8272,48.8863],[39.7752,48.922],[39.752,48.9862],[39.6636,49.0009],[39.6936,49.0504],[39.9379,49.0564],[40.031,49.1796],[40.2219,49.2504],[40.1856,49.2846],[40.1946,49.3468],[40.0294,49.4533],[40.0384,49.52],[40.1689,49.5689],[40.1357,49.6165],[39.8077,49.5567],[39.6578,49.6162],[39.5913,49.7189],[39.6099,49.7336],[39.2854,49.7553],[39.1798,49.8886],[39.0668,49.8154],[38.9303,49.7968],[38.901,49.8693],[38.7907,49.8782],[38.694,49.9347],[38.7177,49.9839],[38.6861,50.0077],[38.6468,49.9558],[38.4884,49.9635],[38.4687,49.995],[38.35,50.0065],[38.3129,50.0883],[38.1786,50.0799],[38.2178,49.9795],[38.0328,49.9005],[38.044,49.9327],[37.9235,50.0363],[37.7553,50.0786],[37.6403,50.176],[37.6145,50.2199],[37.6358,50.3109],[37.5771,50.3063],[37.4722,50.3685],[37.4906,50.4575],[37.331,50.4367],[37.1518,50.3561],[36.8703,50.3352],[36.6888,50.2669],[36.6479,50.2178],[36.5603,50.2507],[36.5861,50.2855],[36.4337,50.3305],[36.3663,50.2878],[36.2972,50.2919],[36.2838,50.3356],[36.16,50.4313],[36.067,50.4512],[35.8318,50.4338],[35.7385,50.3543],[35.6581,50.3511],[35.6015,50.3673],[35.57,50.4642],[35.4767,50.4885],[35.3903,50.58],[35.425,50.603],[35.3929,50.6499],[35.4957,50.6785],[35.4601,50.6892],[35.488,50.777],[35.4115,50.8023],[35.4191,50.8438],[35.382,50.8701],[35.3999,50.9148],[35.3254,50.9469],[35.3522,50.9732],[35.324,51.013],[35.3748,51.0086],[35.4061,51.0481],[35.3082,51.0786],[35.1893,51.0534],[35.1477,51.0827],[35.1746,51.1215],[35.1233,51.165],[35.1502,51.2232],[35.0727,51.2326],[35.0383,51.2042],[34.9799,51.2356],[34.8346,51.1692],[34.7169,51.1716],[34.6684,51.1977],[34.6619,51.2473],[34.5798,51.2339],[34.3837,51.2737],[34.3056,51.2383],[34.2307,51.2652],[34.2813,51.3347],[34.3386,51.3567],[34.2209,51.417],[34.3077,51.5191],[34.1821,51.5969],[34.1674,51.6455],[34.0803,51.6662],[34.3193,51.7158],[34.4363,51.7326],[34.4155,51.8258],[34.3034,51.8876],[34.245,51.8814],[34.2595,51.9095],[34.1904,51.9686],[34.1005,52.0046],[34.0622,52.0729],[34.1161,52.1407],[33.9376,52.2502],[33.921,52.3048],[33.8387,52.3206],[33.8382,52.3603],[33.8046,52.3664],[33.5442,52.3237],[33.5601,52.3022],[33.4835,52.3136],[33.5176,52.3555],[33.4289,52.3453],[33.3922,52.3715],[33.3058,52.351],[33.1891,52.3793],[33.17,52.3419],[33.0675,52.3034],[33.061,52.329],[32.996,52.2722],[32.9015,52.2455],[32.8335,52.2792],[32.7006,52.2479],[32.5502,52.3266],[32.3765,52.3376],[32.3517,52.3168],[32.3998,52.2467],[32.3239,52.2228],[32.3472,52.1834],[32.3246,52.151],[32.3681,52.1467],[32.0955,52.0336],[31.9147,52.0432],[31.9601,52.0751],[31.8666,52.1106],[31.722,52.0958],[31.4275,52.1412],[31.4184,52.1403],[31.3246,52.1047],[31.2975,52.0516],[31.2094,52.0718],[31.1628,52.0776],[31.1445,52.0946],[30.9496,52.0894],[30.9397,52.0135],[30.8057,51.9475],[30.8252,51.9205],[30.8023,51.8988],[30.7477,51.903],[30.6611,51.8178],[30.6687,51.7896],[30.6124,51.7662],[30.6509,51.7604],[30.626,51.7144],[30.5609,51.7042],[30.5803,51.6467],[30.5065,51.5978],[30.5539,51.5784],[30.5271,51.57],[30.5459,51.5427],[30.585,51.5447],[30.5674,51.5141],[30.6076,51.4674],[30.5777,51.4466],[30.6209,51.4274],[30.6538,51.3418],[30.5399,51.2626],[30.4535,51.2734],[30.4622,51.3069],[30.3347,51.3523],[30.345,51.4244],[30.1809,51.5124],[30.1619,51.4888],[30.0144,51.5055],[29.965,51.4715],[29.9234,51.4902],[29.8777,51.4454],[29.7934,51.4417],[29.7392,51.459],[29.7381,51.5311],[29.7067,51.5278],[29.5803,51.4617],[29.5371,51.4826],[29.4953,51.3965],[29.4161,51.4135],[29.3593,51.3884],[29.3205,51.3773],[29.3044,51.4544],[29.2456,51.5001],[29.2521,51.5674],[29.2115,51.5724],[29.1578,51.6289],[29.1755,51.6511],[29.1173,51.6565],[28.9994,51.5736],[28.9048,51.5884],[28.8195,51.5587],[28.7613,51.487],[28.7799,51.4541],[28.7531,51.4149],[28.7334,51.4515],[28.6832,51.4444],[28.6297,51.5613],[28.6524,51.5695],[28.4691,51.5931],[28.3521,51.54],[28.3424,51.5768],[28.2547,51.6213],[28.2612,51.6818],[28.0435,51.5662],[27.9394,51.557],[27.975,51.5939],[27.9198,51.5776],[27.9117,51.6164],[27.8356,51.6249],[27.8495,51.5433],[27.8,51.5329],[27.7618,51.4739],[27.6631,51.5173],[27.7206,51.5613],[27.723,51.6035],[27.5499,51.6372],[27.508,51.6289],[27.5279,51.6077],[27.5035,51.5872],[27.4541,51.6197],[27.2402,51.6018],[27.2728,51.6543],[27.2082,51.6639],[27.2014,51.7735],[26.9945,51.7688],[26.9483,51.7358],[26.7908,51.7569],[26.6917,51.8234],[26.4666,51.7995],[26.3957,51.8311],[26.3952,51.8783],[26.1558,51.8669],[25.9996,51.9334],[25.9231,51.9154],[25.7655,51.9496],[25.7803,51.9222],[25.5926,51.9244],[25.41,51.9217],[25.1916,51.9692],[24.9548,51.8962],[24.3889,51.8822],[24.2992,51.8136],[24.3191,51.7507],[23.9964,51.58],[23.8812,51.5919],[23.9125,51.6315],[23.7883,51.6401],[23.7827,51.6675],[23.6041,51.6215],[23.6614,51.5832],[23.6361,51.5495],[23.6766,51.5065],[23.6165,51.5028],[23.6697,51.4831],[23.6493,51.4463],[23.703,51.42],[23.6355,51.3284],[23.6482,51.2872],[23.6952,51.2915],[23.7391,51.212],[23.8691,51.1506],[23.8568,51.0996],[23.9114,51.0745],[23.9357,51.0149],[23.9149,51.0068],[23.9704,50.9503],[24.1457,50.8692],[24.1002,50.8358],[23.9895,50.8374],[23.9572,50.7949],[24.0239,50.7663],[24.0165,50.723],[24.072,50.7205],[24.0622,50.6777],[24.0978,50.6375],[24.07,50.5034],[23.9975,50.4122],[23.7272,50.3881],[23.686,50.3315],[23.2799,50.1006],[22.6408,49.5299],[22.6965,49.4951],[22.7467,49.3601],[22.7147,49.2265],[22.7476,49.2154],[22.7073,49.1745],[22.756,49.1826],[22.7388,49.158],[22.8928,49.0945],[22.8646,49.0663],[22.8939,49.0166],[22.8688,49.0036],[22.5696,49.0907],[22.5453,49.0068],[22.4772,48.9911],[22.3835,48.8655],[22.3396,48.684],[22.1713,48.5875],[22.1425,48.4042],[22.2646,48.4101],[22.24,48.3862],[22.3177,48.3541],[22.3692,48.245],[22.4325,48.2523],[22.4891,48.2538],[22.5705,48.1961],[22.5904,48.1076],[22.8256,48.1165],[22.8816,48.0547],[22.8355,47.9899],[22.8959,47.9541],[22.9476,47.9673],[22.9272,48.0191],[23.0136,47.9905],[23.0897,48.0053],[23.1139,48.0866],[23.174,48.12],[23.2678,48.1002],[23.2879,48.0468],[23.4603,47.9739],[23.5019,47.9691],[23.529,48.0198],[23.6668,47.9838],[23.7711,47.9959],[23.8635,47.932],[24.0078,47.9674],[24.1125,47.9147],[24.2647,47.9074],[24.3815,47.9264],[24.4357,47.9704],[24.5628,47.9685],[24.6285,47.948],[24.706,47.8404],[24.8281,47.8205],[24.8848,47.7243],[24.9224,47.7268],[25.1155,47.7546],[25.23,47.8931],[25.3041,47.9104],[26.1846,47.9948],[26.3334,48.184],[26.6206,48.2395],[26.6165,48.274],[26.6959,48.3272],[26.6818,48.3553],[26.8174,48.2952],[26.8242,48.3444],[26.7649,48.3537],[26.725,48.4117],[26.8732,48.42],[26.9323,48.3629],[26.9953,48.3595],[27.0471,48.3779],[27.0142,48.425],[27.0844,48.4346],[27.1294,48.3774],[27.2863,48.3715],[27.3196,48.4435],[27.4472,48.4089],[27.4662,48.4486],[27.5344,48.4701],[27.5892,48.4921],[27.591,48.4603],[27.6418,48.4415],[27.7631,48.456],[27.9535,48.3288],[28.0723,48.3185],[28.1001,48.2313],[28.1759,48.2577],[28.2073,48.2048],[28.3521,48.2467],[28.3684,48.2052],[28.3046,48.1407],[28.4268,48.1732],[28.4205,48.1228],[28.4906,48.0655],[28.5029,48.1511],[28.5658,48.1747],[28.6877,48.1246],[28.8336,48.1287],[28.847,48.0788],[28.8394,48.0349],[28.9249,47.9611],[28.9616,47.9793],[29.0699,47.9435],[29.0892,47.9814],[29.1744,47.9934],[29.2017,47.8843],[29.2811,47.8884],[29.1992,47.8189],[29.2753,47.8041],[29.2039,47.7194],[29.2306,47.6837],[29.2087,47.6416],[29.2337,47.6421],[29.1842,47.5716],[29.1164,47.5546],[29.1514,47.5057],[29.1903,47.5144],[29.1579,47.4581],[29.191,47.4683],[29.1903,47.4245],[29.242,47.4618],[29.244,47.4145],[29.3178,47.4478],[29.3373,47.3706],[29.3906,47.3794],[29.3979,47.3005],[29.4266,47.2919],[29.4863,47.3062],[29.4872,47.356],[29.5743,47.3703],[29.5978,47.2571],[29.5512,47.2517],[29.5808,47.1358],[29.4946,47.1307],[29.5302,47.0753],[29.6119,47.1],[29.6282,47.0451],[29.6022,47.0416],[29.596,46.9636],[29.556,46.9578],[29.6396,46.955],[29.6481,46.9193],[29.7186,46.932],[29.7493,46.8606],[29.8838,46.8863],[29.905,46.8199],[29.9692,46.832],[29.935,46.8059],[29.9746,46.754],[29.9486,46.5605],[29.9448,46.5547],[29.8755,46.5468],[29.9357,46.4944],[29.9871,46.5096],[30.023,46.4417],[30.1635,46.4131],[30.0885,46.3837],[29.9381,46.4003],[29.8907,46.3522],[29.8052,46.3854],[29.8224,46.3957],[29.7408,46.4729],[29.7343,46.4352],[29.6602,46.4361],[29.6768,46.3611],[29.6029,46.3534],[29.5655,46.4163],[29.4798,46.4413],[29.5034,46.4598],[29.4481,46.4986],[29.3866,46.4464],[29.3966,46.4251],[29.3505,46.5042],[29.3085,46.465],[29.3241,46.4147],[29.2406,46.376],[29.2066,46.3863],[29.2467,46.4194],[29.22,46.4635],[29.2552,46.4858],[29.2353,46.5585],[29.1617,46.5447],[29.1635,46.5152],[28.9889,46.489],[29.0258,46.4625],[28.9303,46.4573],[28.9936,46.3319],[28.9491,46.2605],[29.0677,46.1955],[28.9504,46.094],[29.0055,46.0495],[28.9789,46.0034],[28.7761,45.9706],[28.7546,45.9272],[28.7864,45.8324],[28.6965,45.8179],[28.7092,45.7799],[28.5796,45.7699],[28.5888,45.7289],[28.5183,45.7367],[28.4805,45.6785],[28.5159,45.6653],[28.5441,45.5801],[28.4913,45.5712],[28.5154,45.4998],[28.4275,45.4861],[28.4266,45.5306],[28.3058,45.5468],[28.2111,45.467],[28.2785,45.446],[28.3427,45.3232],[28.5591,45.249],[28.7817,45.2372],[28.7515,45.2815],[28.8038,45.3032],[28.7821,45.3274],[28.8714,45.3168],[28.9432,45.28],[28.9639,45.3299],[29.238,45.4326],[29.4286,45.4432],[29.5503,45.4092],[29.651,45.3402],[29.6857,45.2036],[29.7571,45.2227],[29.7549,45.4439],[29.7813,45.4676],[29.7452,45.4899],[29.6454,45.4524],[29.604,45.4805],[29.6313,45.5114],[30.2219,45.8659],[30.4819,46.0816],[30.752,46.3752],[30.7726,46.4417],[30.7312,46.5068],[30.75,46.544],[31.1765,46.6276],[31.3495,46.6003],[31.372,46.6234],[31.5164,46.6193],[31.5499,46.6003],[31.522,46.5626],[31.7095,46.4289],[31.7122,46.4798],[31.807,46.479],[31.7972,46.3309],[31.6947,46.2622],[31.5652,46.2671],[31.5323,46.3699],[31.5231,46.302],[31.5428,46.2812],[31.5782,46.2575],[31.6468,46.2327],[32.5397,46.0666],[32.6916,46.1035],[33.027,46.1113],[33.0317,46.1562],[33.1356,46.125],[33.2244,46.2164],[33.2018,46.1083],[33.2832,46.1334],[33.3115,46.1122],[33.2857,46.0765],[33.3146,46.0759],[33.3305,46.1154],[33.4195,46.0314],[33.4627,46.0507],[33.5017,46.0281],[33.4981,46.076],[33.5684,46.0757],[33.5119,46.1229],[33.5867,46.1594],[33.616,46.1346],[33.6428,46.0807],[33.6147,46.0528],[33.6182,45.9469],[33.6417,45.9449],[33.7592,45.9349],[33.6786,45.9056],[33.6831,45.8431],[33.6136,45.8903],[33.5433,45.8356],[33.4967,45.8576],[33.2383,45.7509],[33.181,45.7732],[33.1785,45.8073],[33.1711,45.8002],[33.1664,45.7839],[33.1575,45.7389],[33.14,45.72],[32.8982,45.6327],[32.8216,45.5861],[32.8451,45.5775],[32.8297,45.5477],[32.7903,45.5617],[32.5842,45.4801],[32.4801,45.396],[32.514,45.3746],[32.4942,45.3468],[32.6522,45.3153],[32.7534,45.365],[32.914,45.3595],[33.2678,45.1459],[33.3862,45.1977],[33.4352,45.1838],[33.5419,45.106],[33.5988,45.0131],[33.6133,44.9038],[33.5706,44.8372],[33.5681,44.836],[33.569196276906055,44.83549533287369],[33.5341,44.7915],[33.5444,44.6624],[33.5095,44.6245],[33.6019,44.6098],[33.5751,44.612],[33.4229,44.5948],[33.4385,44.5726],[33.4262,44.5732],[33.4159,44.5878],[33.4117,44.5631],[33.3786,44.5833],[33.4873,44.4979],[33.5985,44.5035],[33.6491,44.4267],[33.7574,44.3909],[33.7594,44.3906],[33.9698,44.3916],[34.1233,44.4277],[34.1763,44.4971],[34.347,44.5488],[34.4142,44.6696],[34.5075,44.7335],[34.5095,44.7342],[34.7288,44.8119],[34.9646,44.8411],[35.0821,44.7923],[35.1576,44.8938],[35.2395,44.9182],[35.2585,44.9639],[35.3836,44.9473],[35.3574,44.9876],[35.4252,45.0129],[35.3842,45.0319],[35.3938,45.0587],[35.54,45.1272],[35.7275,45.0935],[35.8383,44.9995],[36.0311,45.0502],[36.2254,45.0283],[36.3744,45.0593],[36.4529,45.0963],[36.4015,45.2115],[36.4371,45.2692],[36.4135,45.2431],[36.4176,45.2845],[36.4939,45.3178],[36.4791,45.3592],[36.5968,45.3463],[36.6461,45.3828],[36.5961,45.4378],[36.414,45.4458],[36.3442,45.4835],[36.1323,45.4642],[36.0727,45.442],[36.0506,45.387],[35.979,45.3705],[35.874,45.4158],[35.8458,45.4475],[35.8723,45.4667],[35.845,45.473],[35.7208,45.3349],[35.5182,45.2842],[35.2701,45.4424],[35.0607,45.6474],[34.9302,45.8324]],[[34.3045,46.0082],[34.2928,46.0222],[34.2934,46.0227],[34.2929,46.023],[34.2921,46.0231],[34.2699,46.0497],[34.2676,46.0448],[34.2672,46.0447],[34.2673,46.0442],[34.2665,46.0423],[34.2649,46.0419],[34.2654,46.0411],[34.2659,46.0412],[34.245,45.9969],[34.2443,45.9971],[34.2437,45.9963],[34.2446,45.9961],[34.2352,45.9762],[34.2256,45.9815],[34.2262,46.0164],[34.2406,46.0316],[34.1114,46.0683],[34.1873,46.0231],[34.2206,45.9492],[34.1766,45.9419],[34.1759,45.9426],[34.1752,45.9427],[34.1752,45.942],[34.176,45.9418],[34.1508,45.9376],[34.1013,45.9813],[34.1407,45.9694],[34.1864,46.0018],[34.1475,45.9895],[34.1448,45.9931],[34.1665,46.009],[34.0915,46.0455],[34.0826,46.0741],[34.0733,46.0754],[34.0745,46.0758],[34.0716,46.0756],[33.9443,46.0938],[33.9982,46.0623],[33.9441,46.0565],[33.9913,46.0288],[33.9572,46.0068],[33.9351,46.0725],[33.9015,46.0201],[33.872,46.0355],[33.9013,46.0461],[33.8771,46.0888],[33.8008,46.0868],[33.827,46.1199],[33.8465,46.11],[33.8644,46.1397],[33.8458,46.1727],[33.8037,46.1789],[33.8259,46.148],[33.7997,46.1189],[33.7362,46.1389],[33.6829,46.2083],[33.7389,46.2009],[33.7225,46.2404],[33.7747,46.2551],[33.8373,46.2231],[33.9469,46.2232],[34.0421,46.1198],[34.1069,46.1306],[34.2012,46.0732],[34.2101,46.1064],[34.2291,46.0646],[34.2766,46.0887],[34.2737,46.1385],[34.299,46.0927],[34.3188,46.1073],[34.343,46.1674],[34.3012,46.1905],[34.3124,46.2188],[34.5039,46.1345],[34.5476,46.1957],[34.5939,46.167],[34.571,46.0861],[34.5428,46.1303],[34.4939,46.0857],[34.49,46.0871],[34.4883,46.0893],[34.4873,46.1135],[34.4751,46.1258],[34.3945,46.0938],[34.4468,45.9732],[34.456,45.9675],[34.4388,46.012],[34.4795,46.0022],[34.4797,45.9528],[34.6078,46.0325],[34.6435,46.0965],[34.6261,46.1715],[34.6961,46.1834],[34.7449,46.1181],[34.8078,46.1288],[34.8073,46.0959],[34.7856,46.0715],[34.7601,46.1059],[34.6731,46.1006],[34.7621,46.0009],[34.6812,46.0094],[34.8029,45.9013],[34.798,45.8333],[34.8512,45.8224],[34.8902,45.8608],[34.9206,45.8325],[35.0063,45.6805],[35.0834,45.6058],[35.0835,45.6036],[35.085,45.6016],[35.0842,45.605],[35.3068,45.3893],[35.3607,45.3459],[35.3632,45.3413],[35.3663,45.3381],[35.3663,45.3414],[35.4158,45.3016],[35.474,45.2979],[35.4731,45.2595],[35.4598,45.2564],[35.448,45.2576],[35.4531,45.2682],[35.3164,45.2492],[35.365,45.273],[35.2034,45.3407],[35.1249,45.3381],[35.043,45.4128],[35.0459,45.4043],[35.0371,45.4213],[35.0425,45.4136],[35.0329,45.4301],[35.0396,45.4038],[35.0509,45.3895],[35.06,45.3627],[34.9503,45.3792],[35.0282,45.4316],[35.0302,45.4176],[35.0318,45.4235],[35.0327,45.4313],[35.0306,45.4332],[35.1092,45.4859],[35.1046,45.4943],[35.1049,45.4951],[35.1041,45.4951],[35.0569,45.5813],[35.0202,45.5853],[35.0374,45.6194],[35.0434,45.6104],[35.0425,45.61],[35.0428,45.6075],[35.0439,45.6074],[35.0444,45.609],[35.0756,45.5619],[35.075,45.5627],[35.0721,45.564],[35.0739,45.5613],[35.0763,45.5609],[35.0973,45.5294],[35.087,45.5552],[35.0766,45.5667],[35.0723,45.5827],[35.0555,45.6059],[34.981,45.6825],[34.9134,45.6808],[34.8441,45.722],[34.8787,45.7498],[34.7639,45.7326],[34.7574,45.7343],[34.7514,45.7323],[34.7545,45.7332],[34.7601,45.7328],[34.7634,45.7326],[34.6738,45.7192],[34.6839,45.7259],[34.6854,45.7263],[34.6843,45.7262],[34.7838,45.7922],[34.751,45.8229],[34.6597,45.7972],[34.6744,45.8549],[34.7588,45.8645],[34.7608,45.8996],[34.4947,45.7904],[34.4851,45.788],[34.487,45.7872],[34.4742,45.782],[34.4605,45.802],[34.5113,45.804],[34.5554,45.8617],[34.6245,45.8852],[34.6129,45.9195],[34.6483,45.9406],[34.5565,45.9887],[34.5608,45.9796],[34.5554,45.982],[34.5534,45.9681],[34.5552,45.9781],[34.5613,45.9786],[34.5624,45.9763],[34.5623,45.9762],[34.5624,45.9761],[34.5908,45.9158],[34.5695,45.9087],[34.5249,45.929],[34.4762,45.8614],[34.4898,45.9196],[34.4404,45.9454],[34.4401,45.8908],[34.4202,45.8743],[34.4298,45.9082],[34.4007,45.8842],[34.3822,45.9287],[34.437,45.9487],[34.3562,46.0368],[34.3231,46.0389],[34.3344,46.0349],[34.3245,46.0348],[34.3153,46.0308],[34.3224,46.0299],[34.3224,46.0338],[34.3389,46.0298],[34.3153,46.0271],[34.3374,46.0155],[34.3209,45.9885],[34.3045,46.0082]]],[[[33.6417,45.9449],[33.6404,45.9434],[33.6419,45.9434],[33.6438,45.9445],[33.6417,45.9449]]],[[[34.2406,45.9977],[34.2392,45.9974],[34.2388,45.9967],[34.2406,45.9967],[34.2406,45.9977]]],[[[34.2336,46.008],[34.2336,46.0156],[34.2284,46.0164],[34.2282,46.0108],[34.2336,46.008]]],[[[34.2392,46.0169],[34.2378,46.0174],[34.2372,46.0165],[34.239,46.0166],[34.2392,46.0169]]],[[[34.2341,46.0179],[34.2336,46.017],[34.2354,46.0165],[34.2354,46.0176],[34.2341,46.0179]]],[[[34.2312,46.018],[34.2287,46.018],[34.228,46.0175],[34.2314,46.0172],[34.2312,46.018]]],[[[34.2434,46.018],[34.2419,46.0185],[34.2406,46.0174],[34.2423,46.017],[34.2434,46.018]]],[[[34.141,46.0281],[34.1416,46.028],[34.1427,46.0281],[34.1427,46.0288],[34.141,46.0281]]],[[[34.2425,46.03],[34.2435,46.0288],[34.2443,46.0288],[34.2439,46.03],[34.2425,46.03]]],[[[34.1407,46.031],[34.1394,46.031],[34.1398,46.0297],[34.1407,46.0297],[34.1407,46.031]]],[[[34.1387,46.0354],[34.1385,46.0357],[34.1374,46.0354],[34.1392,46.0346],[34.1387,46.0354]]],[[[34.1343,46.0368],[34.1354,46.0364],[34.1356,46.0373],[34.1345,46.0373],[34.1343,46.0368]]],[[[34.1338,46.0406],[34.1325,46.0397],[34.1352,46.0397],[34.1351,46.0404],[34.1338,46.0406]]],[[[34.1264,46.0408],[34.1271,46.0396],[34.1287,46.0395],[34.1273,46.0417],[34.1264,46.0408]]],[[[34.1304,46.0427],[34.1314,46.0414],[34.1318,46.0426],[34.1304,46.0427]]],[[[34.1307,46.0439],[34.1316,46.0439],[34.1314,46.0447],[34.1302,46.044],[34.1307,46.0439]]],[[[34.2014,46.0509],[34.2016,46.0513],[34.2007,46.0507],[34.2012,46.0507],[34.2014,46.0509]]],[[[34.2001,46.0521],[34.1991,46.0521],[34.1989,46.0518],[34.1998,46.0515],[34.2001,46.0521]]],[[[34.2043,46.0539],[34.2085,46.0507],[34.2103,46.0514],[34.2061,46.0546],[34.2043,46.0539]]],[[[34.1441,46.061],[34.1432,46.0606],[34.1443,46.06],[34.1446,46.0606],[34.1441,46.061]]],[[[34.1407,46.0624],[34.1399,46.0619],[34.1412,46.0616],[34.1412,46.0621],[34.1407,46.0624]]],[[[34.1627,46.0705],[34.1671,46.0697],[34.1671,46.0726],[34.1653,46.0714],[34.1627,46.0705]]],[[[33.9214,46.082],[33.9288,46.094],[33.9259,46.1014],[33.9069,46.1009],[33.9214,46.082]]],[[[34.0942,46.0858],[34.0741,46.11],[34.0808,46.1008],[34.083,46.0892],[34.0942,46.0858]]],[[[34.326,46.0009],[34.3265,46.0014],[34.3251,46.001],[34.3254,46.0008],[34.326,46.0009]]],[[[34.3189,46.0018],[34.3216,45.9991],[34.3229,46.0038],[34.3189,46.0046],[34.3189,46.0018]]],[[[34.3216,46.0058],[34.3211,46.0064],[34.3204,46.0062],[34.3211,46.0054],[34.3216,46.0058]]],[[[34.3142,46.0098],[34.3131,46.0096],[34.3153,46.0092],[34.315,46.0096],[34.3142,46.0098]]],[[[34.3045,46.0082],[34.3282,46.0143],[34.3207,46.0174],[34.311,46.0197],[34.3045,46.0082]]],[[[34.3088,46.0171],[34.3083,46.0181],[34.307,46.0179],[34.3072,46.0169],[34.3088,46.0171]]],[[[34.3099,46.0205],[34.3084,46.0202],[34.309,46.0189],[34.3104,46.02],[34.3099,46.0205]]],[[[34.3168,46.0217],[34.3168,46.0198],[34.3191,46.0197],[34.3184,46.0225],[34.3168,46.0217]]],[[[34.3191,46.0229],[34.3195,46.0211],[34.3204,46.0205],[34.3209,46.0224],[34.3191,46.0229]]],[[[34.2484,46.0229],[34.2468,46.023],[34.247,46.0216],[34.2484,46.0216],[34.2484,46.0229]]],[[[34.2463,46.025],[34.2473,46.0242],[34.2479,46.0258],[34.2472,46.026],[34.2463,46.025]]],[[[34.2477,46.0281],[34.2473,46.0269],[34.2488,46.0269],[34.2486,46.0283],[34.2477,46.0281]]],[[[34.3139,46.0283],[34.3121,46.0281],[34.3117,46.0273],[34.3128,46.027],[34.3139,46.0283]]],[[[34.3086,46.0276],[34.3097,46.0273],[34.311,46.028],[34.3084,46.0281],[34.3086,46.0276]]],[[[34.2934,46.0288],[34.2936,46.0292],[34.2927,46.0296],[34.2924,46.0291],[34.2934,46.0288]]],[[[34.247,46.0294],[34.2477,46.0319],[34.2472,46.0332],[34.2448,46.0323],[34.247,46.0294]]],[[[34.2905,46.032],[34.2896,46.0316],[34.2913,46.0312],[34.2913,46.0316],[34.2905,46.032]]],[[[34.2882,46.0318],[34.288,46.0324],[34.2875,46.0324],[34.2878,46.0312],[34.2882,46.0318]]],[[[34.315,46.032],[34.3146,46.0324],[34.3141,46.0317],[34.3148,46.0315],[34.315,46.032]]],[[[34.2542,46.0332],[34.2549,46.0324],[34.2558,46.0326],[34.2551,46.0337],[34.2542,46.0332]]],[[[34.2949,46.0351],[34.2956,46.034],[34.2967,46.0336],[34.2989,46.0342],[34.2949,46.0351]]],[[[34.3041,46.036],[34.303,46.0359],[34.3037,46.034],[34.3054,46.0339],[34.3041,46.036]]],[[[34.3132,46.0362],[34.3128,46.0366],[34.3117,46.0364],[34.3106,46.0353],[34.3135,46.0358],[34.3159,46.032],[34.3193,46.0364],[34.3186,46.0387],[34.3122,46.0378],[34.3132,46.0362]]],[[[34.2578,46.0384],[34.2569,46.0383],[34.2571,46.0372],[34.2582,46.0373],[34.2578,46.0384]]],[[[34.2598,46.0387],[34.2607,46.0385],[34.2614,46.0393],[34.2596,46.0402],[34.2598,46.0387]]],[[[34.2551,46.0396],[34.2557,46.0406],[34.2538,46.0404],[34.2544,46.0391],[34.2551,46.0396]]],[[[34.2613,46.0435],[34.2578,46.0405],[34.2636,46.0408],[34.264,46.0412],[34.2613,46.0435]]],[[[34.5075,44.7335],[34.5077,44.7332],[34.5079,44.7331],[34.5077,44.7333],[34.5075,44.7335]]],[[[35.0264,45.5875],[35.0269,45.5858],[35.0286,45.5853],[35.0277,45.5879],[35.0264,45.5875]]],[[[35.0287,45.5899],[35.0307,45.5886],[35.0336,45.5889],[35.034,45.5893],[35.0287,45.5899]]],[[[35.0383,45.5922],[35.0385,45.5959],[35.0363,45.5972],[35.034,45.593],[35.0383,45.5922]]],[[[35.0342,45.5954],[35.0327,45.5959],[35.0322,45.5951],[35.0333,45.595],[35.0342,45.5954]]],[[[35.0356,45.6099],[35.0374,45.6086],[35.0383,45.6087],[35.0378,45.611],[35.0356,45.6099]]],[[[34.6903,45.7249],[34.6885,45.7235],[34.6863,45.7225],[34.6878,45.7225],[34.6897,45.7234],[34.6903,45.7249]]],[[[34.7371,45.73],[34.7349,45.7294],[34.7405,45.7306],[34.74,45.7307],[34.7371,45.73]]],[[[34.7407,45.7299],[34.7456,45.7301],[34.7463,45.7308],[34.7413,45.7306],[34.7407,45.7299]]],[[[34.7501,45.7623],[34.7536,45.7634],[34.7594,45.7682],[34.7489,45.7626],[34.7501,45.7623]]],[[[34.753,45.7675],[34.7516,45.7662],[34.749,45.7648],[34.7541,45.7669],[34.753,45.7675]]],[[[34.7597,45.7706],[34.7574,45.7701],[34.7566,45.7694],[34.7604,45.7702],[34.7597,45.7706]]],[[[34.4889,45.7964],[34.4737,45.7976],[34.4802,45.7933],[34.4934,45.7952],[34.4889,45.7964]]],[[[34.4977,45.8012],[34.4932,45.7993],[34.4923,45.798],[34.4986,45.798],[34.4977,45.8012]]],[[[34.4986,45.7972],[34.5024,45.7969],[34.5095,45.7972],[34.5106,45.8023],[34.4986,45.7972]]],[[[34.4896,45.8018],[34.4882,45.8018],[34.4894,45.7992],[34.4936,45.7998],[34.4896,45.8018]]],[[[34.7228,45.825],[34.7389,45.8244],[34.7326,45.8273],[34.714,45.8234],[34.7028,45.8176],[34.7228,45.825]]],[[[34.7328,45.8222],[34.7362,45.8233],[34.7362,45.8236],[34.7342,45.8237],[34.7328,45.8222]]],[[[34.7509,45.8634],[34.7501,45.8591],[34.7505,45.8582],[34.7534,45.8617],[34.7509,45.8634]]],[[[34.7827,45.8978],[34.78,45.8999],[34.778,45.9025],[34.7812,45.8974],[34.7827,45.8974],[34.7827,45.8978]]],[[[34.4278,45.9388],[34.4336,45.9392],[34.4348,45.943],[34.4336,45.9432],[34.4278,45.9388]]],[[[34.3314,46.0177],[34.3296,46.0172],[34.3298,46.0166],[34.3329,46.0161],[34.3314,46.0177]]],[[[34.371,46.0213],[34.3728,46.0201],[34.3732,46.0221],[34.3728,46.0222],[34.371,46.0213]]],[[[35.3706,45.2653],[35.3777,45.2622],[35.3641,45.2716],[35.3674,45.2672],[35.3706,45.2653]]],[[[36.5272,45.2872],[36.5501,45.2617],[36.5774,45.2498],[36.5451,45.2778],[36.5272,45.2872]]],[[[35.463,45.2775],[35.4588,45.2735],[35.4565,45.27],[35.4614,45.2726],[35.463,45.2775]]],[[[36.5199,45.2902],[36.5203,45.2902],[36.5201,45.2903],[36.5199,45.2904],[36.5198,45.2904],[36.5198,45.2903],[36.5199,45.2902]]],[[[35.0418,45.3945],[35.0405,45.3943],[35.0463,45.3885],[35.0477,45.3879],[35.0418,45.3945]]],[[[35.0421,45.3962],[35.0472,45.3899],[35.0484,45.3893],[35.0419,45.398],[35.0421,45.3962]]],[[[35.036,45.3996],[35.0389,45.3956],[35.0412,45.3954],[35.0331,45.403],[35.036,45.3996]]],[[[35.0956,45.5124],[35.0964,45.5108],[35.0982,45.5107],[35.0971,45.5135],[35.0956,45.5124]]],[[[35.0795,45.542],[35.0795,45.5407],[35.0813,45.5409],[35.0803,45.5422],[35.0795,45.542]]],[[[35.0835,45.5426],[35.0823,45.5451],[35.0819,45.5426],[35.0832,45.5418],[35.0835,45.5426]]],[[[35.081,45.5532],[35.0797,45.5528],[35.0794,45.5497],[35.0804,45.5493],[35.081,45.5532]]],[[[35.0745,45.5517],[35.0752,45.5501],[35.0765,45.5501],[35.0763,45.5528],[35.0745,45.5517]]],[[[35.0636,45.5723],[35.0654,45.5688],[35.0671,45.568],[35.0645,45.5723],[35.0636,45.5723]]],[[[35.062,45.5761],[35.0613,45.5769],[35.0606,45.5749],[35.0616,45.5748],[35.062,45.5761]]],[[[35.0593,45.5804],[35.0586,45.5787],[35.0611,45.5773],[35.0604,45.5799],[35.0593,45.5804]]],[[[35.0568,45.5828],[35.0593,45.5814],[35.06,45.5822],[35.0577,45.5849],[35.0568,45.5828]]],[[[35.0535,45.5875],[35.0537,45.5846],[35.0555,45.5842],[35.0564,45.5858],[35.0535,45.5875]]],[[[35.0387,45.587],[35.0416,45.5861],[35.041,45.5877],[35.0383,45.5875],[35.0387,45.587]]],[[[35.0457,45.5887],[35.0486,45.5878],[35.0492,45.588],[35.0474,45.5894],[35.0457,45.5887]]],[[[35.0472,45.5926],[35.0465,45.5917],[35.049,45.5913],[35.0486,45.5932],[35.0472,45.5926]]],[[[35.0886,45.592],[35.0949,45.5855],[35.0859,45.6007],[35.0873,45.594],[35.0886,45.592]]],[[[35.0392,45.6007],[35.0399,45.5997],[35.0421,45.5985],[35.0412,45.6029],[35.0392,45.6007]]],[[[35.036,45.6028],[35.038,45.6016],[35.0387,45.6014],[35.0372,45.6049],[35.036,45.6028]]],[[[35.0434,45.6056],[35.0419,45.6049],[35.041,45.6037],[35.0421,45.6036],[35.0434,45.6056]]],[[[38.1426,47.0546],[38.1426,47.0545],[38.1428,47.0546],[38.1426,47.0546]]],[[[36.2182,46.5598],[36.2189,46.5577],[36.2187,46.5593],[36.224,46.5649],[36.2195,46.5631],[36.2182,46.5598]]],[[[36.243,46.578],[36.2431,46.576],[36.2446,46.5791],[36.2431,46.5786],[36.243,46.578]]],[[[36.8054,46.7042],[36.8065,46.7056],[36.8042,46.7028],[36.8045,46.7027],[36.8054,46.7042]]],[[[31.7516,46.3855],[31.7757,46.3729],[31.7692,46.3827],[31.7283,46.4227],[31.7516,46.3855]]],[[[31.7207,46.4296],[31.7214,46.4281],[31.724,46.4263],[31.727,46.4256],[31.7207,46.4296]]],[[[31.4128,46.5943],[31.4146,46.5981],[31.4117,46.6016],[31.4069,46.6003],[31.4128,46.5943]]],[[[30.2019,45.2525],[30.2046,45.2526],[30.2073,45.2574],[30.2,45.257],[30.2019,45.2525]]],[[[29.649,45.472],[29.6381,45.4781],[29.6275,45.48],[29.6246,45.4777],[29.649,45.472]]],[[[32.7612,46.0308],[32.8771,46.0153],[33.0454,46.0099],[33.0817,46.0161],[32.8628,46.0611],[32.7648,46.0312],[32.5475,46.0664],[32.7612,46.0308]]],[[[35.267,46.2638],[35.2679,46.2632],[35.2696,46.2633],[35.2703,46.2639],[35.267,46.2638]]],[[[33.4229,44.5948],[33.4218,44.5939],[33.422,44.5938],[33.4229,44.5948]]],[[[33.5751,44.612],[33.5753,44.6121],[33.5753,44.6131],[33.5751,44.6131],[33.5751,44.612]]]]},"properties":{"iso3":"UKR"}},
{"type":"Feature","geometry":{"type":"MultiPolygon","coordinates":[[[[-67.70997922243458,4.043525017481624],[-67.6344,3.7855],[-67.6069,3.7521],[-67.60681069147459,3.752113024159954],[-67.5013,3.7675],[-67.448,3.6765],[-67.44355277663513,3.6577472233648702],[-67.4014,3.48],[-67.3392,3.451],[-67.3108,3.3779],[-67.3816,3.2927],[-67.3812,3.2484],[-67.4349,3.2484],[-67.8627,2.8649],[-67.86409811642834,2.7895015783288217],[-67.8641,2.7894],[-67.75212593338162,2.836826625755761],[-67.74911174243486,2.8370685812195138],[-67.6584,2.7965],[-67.65834043666233,2.7965204410545197],[-67.65776038764385,2.7967195033313144],[-67.61569227692388,2.8111565140556705],[-67.56570107344633,2.7292160451977403],[-67.5638,2.726],[-67.5631,2.6571],[-67.56184093877025,2.657238997773761],[-67.52453499691113,2.6613574971317626],[-67.48557056238049,2.665659090674299],[-67.4852,2.6657],[-67.24318749844198,2.4089534712701015],[-67.19780108821953,2.360803878992404],[-67.18935043339111,2.346212414988668],[-67.222,2.2542],[-67.22050857712122,2.2511973675376056],[-67.18297895618865,2.175640220253771],[-67.1617,2.1328],[-67.109319642411,2.1196071860550094],[-67.123,1.9768],[-67.07099132157718,1.9316603923122762],[-67.0332,1.7864],[-66.97201832078593,1.684746942011045],[-66.963,1.6621],[-66.9112,1.4234],[-66.88059599509603,1.388712014711892],[-66.85205591486996,1.3561637675505118],[-66.852,1.3561],[-66.8774920212766,1.278113297872343],[-66.879,1.2735],[-66.85932026286966,1.2414134720700987],[-66.833,1.1985],[-66.3211,0.7341],[-66.2133,0.7654],[-66.1313,0.7351],[-66.0659,0.7877],[-65.9599,0.7968],[-65.8821,0.9191],[-65.7235,0.9889],[-65.5558,0.9712],[-65.5051,0.848],[-65.5911,0.7009],[-65.5459,0.6346],[-65.432,0.6816],[-65.4063,0.81],[-65.3245,0.9121],[-65.1835,0.9155],[-65.1384,1.1136],[-65.1023,1.1314],[-65.0144,1.0896],[-64.9994,1.1501],[-64.8775,1.2107],[-64.8212,1.2834],[-64.7382,1.207],[-64.7061,1.2608],[-64.5841,1.3248],[-64.5134,1.4374],[-64.3874,1.5077],[-64.341,1.4883],[-64.3944,1.3771],[-64.3295,1.3451],[-64.2843,1.4547],[-64.0719,1.6134],[-64.0449,1.9197],[-63.994,1.9656],[-63.7562,1.9764],[-63.7017,2.0271],[-63.6585,2.0097],[-63.6083,2.0921],[-63.5576,2.1147],[-63.3903,2.1365],[-63.3494,2.3919],[-63.6595,2.4446],[-63.8246,2.399],[-64.0453,2.4953],[-63.9841,2.6309],[-63.9933,2.7549],[-64.2273,3.1169],[-64.2078,3.2039],[-64.2381,3.417],[-64.1803,3.5476],[-64.293,3.7],[-64.5479,3.8534],[-64.626,3.9967],[-64.6927,4.0186],[-64.6844,4.0669],[-64.7487,4.0545],[-64.7336,4.1323],[-64.7946,4.1683],[-64.7724,4.239],[-64.8057,4.2768],[-64.7912,4.3074],[-64.6922,4.211],[-64.6416,4.119],[-64.5934,4.0979],[-64.4679,4.1515],[-64.3301,4.1256],[-64.2903,4.0805],[-64.2682,4.1302],[-64.175,4.0945],[-64.1354,4.1085],[-64.0505,3.9983],[-64.0096,3.866],[-63.8243,3.9624],[-63.7705,3.9257],[-63.6177,3.9627],[-63.4851,3.8475],[-63.4049,3.9647],[-63.3401,3.9559],[-63.2271,3.9077],[-63.2002,3.8299],[-62.9291,3.5521],[-62.7855,3.5995],[-62.7356,3.6766],[-62.7816,3.9053],[-62.7434,4.0362],[-62.5564,4.0196],[-62.5517,4.0981],[-62.4435,4.1805],[-62.2088,4.1014],[-62.1288,4.0779],[-62.0588,4.1559],[-61.9885,4.1685],[-61.9423,4.1294],[-61.8316,4.1577],[-61.7573,4.2449],[-61.5543,4.2521],[-61.5094,4.3041],[-61.4873,4.4122],[-61.3489,4.4086],[-61.2764,4.4557],[-61.314,4.5259],[-61.1855,4.5107],[-61.1482,4.4768],[-60.9974,4.5107],[-60.9343,4.5776],[-60.9468,4.6355],[-60.9069,4.7012],[-60.744,4.7561],[-60.5846,4.9374],[-60.6816,5.1855],[-60.7348,5.2028],[-61.3896,5.9527],[-61.263,6.0983],[-61.1775,6.1149],[-61.1614,6.1811],[-61.1036,6.1884],[-61.1038,6.2681],[-61.1645,6.3282],[-61.1305,6.4466],[-61.155,6.5282],[-61.2094,6.5305],[-61.2159,6.5795],[-61.1328,6.7106],[-60.9395,6.7149],[-60.888,6.7523],[-60.898,6.8163],[-60.699,6.7544],[-60.6491,6.8249],[-60.5358,6.8535],[-60.4276,6.9382],[-60.3666,6.9267],[-60.3467,7.0097],[-60.2921,7.0473],[-60.2775,7.1266],[-60.3419,7.1799],[-60.4489,7.2102],[-60.5325,7.1286],[-60.6139,7.2119],[-60.6277,7.2657],[-60.5877,7.3406],[-60.6382,7.4485],[-60.6915,7.4744],[-60.7095,7.5453],[-60.6474,7.5722],[-60.6188,7.6461],[-60.5896,7.6429],[-60.5294,7.8261],[-60.4497,7.8424],[-60.3609,7.8173],[-60.2726,7.8936],[-60.1148,8.0278],[-60.0313,8.0372],[-59.9873,8.1784],[-59.9444,8.2137],[-59.7411,8.2198],[-59.7504,8.2566],[-59.8512,8.3315],[-60.0519,8.5785],[-60.3487,8.6384],[-60.4111,8.6185],[-60.4272,8.5862],[-60.396,8.5564],[-60.4449,8.554],[-60.461,8.5168],[-60.5931,8.5494],[-60.581,8.6231],[-60.6682,8.6689],[-60.6464,8.7679],[-60.7832,8.9855],[-60.6768,9.0663],[-60.6812,9.1385],[-60.77,9.2402],[-60.8358,9.4035],[-60.9316,9.4773],[-60.9748,9.4755],[-60.9549,9.5153],[-60.993,9.5539],[-61.1382,9.5591],[-61.2174,9.5982],[-61.231,9.5663],[-61.3483,9.6151],[-61.5606,9.8669],[-61.6524,9.8878],[-61.6059,9.8465],[-61.6,9.7801],[-61.8015,9.8282],[-61.8226,9.7889],[-62.0775,9.9741],[-62.1989,10.0179],[-62.293,9.994],[-62.4347,9.9972],[-62.4975,10.1787],[-62.6314,10.2675],[-62.6645,10.297],[-62.6536,10.3563],[-62.769,10.5024],[-62.8079,10.4921],[-62.7999,10.4223],[-62.8284,10.3975],[-62.8516,10.5393],[-62.6559,10.5776],[-62.3464,10.5322],[-62.2504,10.6347],[-61.955,10.6431],[-61.8474,10.7345],[-62.0009,10.7279],[-62.1708,10.6828],[-62.7121,10.7652],[-62.9036,10.6915],[-63.002,10.7244],[-63.1183,10.7005],[-63.1664,10.728],[-63.244,10.6713],[-63.387,10.6929],[-63.5329,10.6271],[-63.7615,10.6584],[-63.8104,10.708],[-63.8247,10.6641],[-63.7858,10.6731],[-63.9159,10.6245],[-64.0566,10.6513],[-64.1382,10.6151],[-64.2607,10.6649],[-64.294,10.6382],[-64.2711,10.5804],[-64.2354,10.5796],[-64.2633,10.547],[-64.2314,10.5031],[-64.2025,10.5545],[-64.0547,10.576],[-64.0495,10.6003],[-64.0211,10.5931],[-64.0465,10.5759],[-63.8197,10.5499],[-63.7038,10.4788],[-63.6416,10.4897],[-63.8226,10.4387],[-64.0247,10.4355],[-64.1172,10.4785],[-64.1183,10.4782],[-64.1185,10.478],[-64.1427,10.4742],[-64.1453,10.4742],[-64.151,10.4734],[-64.1566,10.4766],[-64.1851,10.4771],[-64.1855,10.4776],[-64.1859,10.4771],[-64.1886,10.476],[-64.192,10.4682],[-64.1922,10.4668],[-64.2224,10.4171],[-64.3373,10.3986],[-64.3367,10.3481],[-64.3647,10.3338],[-64.3465,10.3889],[-64.3794,10.3929],[-64.3788,10.3368],[-64.4636,10.3322],[-64.443,10.3107],[-64.3645,10.3031],[-64.4717,10.2624],[-64.4738,10.2641],[-64.4786,10.2621],[-64.4759,10.2609],[-64.5084,10.2485],[-64.5307,10.2534],[-64.5807,10.2387],[-64.5784,10.2412],[-64.5783,10.2411],[-64.5783,10.2414],[-64.5914,10.2506],[-64.5878,10.2462],[-64.6019,10.2465],[-64.6016,10.2505],[-64.6016,10.2506],[-64.6017,10.2506],[-64.6017,10.2505],[-64.6083,10.2505],[-64.6133,10.2428],[-64.6251,10.2424],[-64.6332,10.2315],[-64.6336,10.2288],[-64.6352,10.2274],[-64.6435,10.218],[-64.6433,10.217],[-64.6472,10.2143],[-64.6476,10.2141],[-64.654,10.2112],[-64.6581,10.2102],[-64.6771,10.2036],[-64.6771,10.2037],[-64.6772,10.2037],[-64.6772,10.2036],[-64.7108,10.22],[-64.7106,10.2178],[-64.7134,10.2125],[-64.7119,10.2052],[-64.7095,10.2044],[-64.7074,10.2036],[-64.7055,10.2039],[-64.6989,10.2019],[-64.6989,10.2018],[-64.6987,10.2019],[-64.7172,10.1309],[-64.7613,10.1003],[-64.9493,10.0984],[-65.0525,10.0609],[-65.4314,10.1406],[-65.875,10.3024],[-66.073,10.4515],[-66.1119,10.5312],[-66.1088,10.5306],[-66.1076,10.5314],[-66.1084,10.5324],[-66.1091,10.5331],[-66.1102,10.5326],[-66.1103,10.5326],[-66.11,10.5339],[-66.1103,10.5341],[-66.1104,10.5343],[-66.1108,10.5346],[-66.1111,10.5345],[-66.1114,10.5345],[-66.1121,10.5351],[-66.1118,10.5352],[-66.1125,10.5354],[-66.1123,10.5375],[-66.1129,10.5374],[-66.113,10.5375],[-66.1133,10.5375],[-66.1138,10.5375],[-66.114,10.5375],[-66.1156,10.5365],[-66.1163,10.5353],[-66.11708755555556,10.53569377777778],[-66.0488,10.5796],[-66.2359,10.649],[-66.3136,10.6189],[-66.7001,10.6219],[-66.7121,10.6235],[-66.7134,10.6241],[-66.7166,10.6241],[-66.7355,10.6239],[-66.7459,10.6211],[-66.7464,10.6191],[-66.7465,10.6189],[-66.7464,10.618],[-66.7476,10.6169],[-66.7685,10.6147],[-66.7694,10.6138],[-66.7694,10.6139],[-66.7696,10.6139],[-66.8119,10.6113],[-66.8121,10.6113],[-66.8176,10.6122],[-66.83,10.6134],[-66.8388,10.6189],[-66.843,10.6213],[-66.8434,10.6214],[-66.8438,10.6212],[-66.8424,10.6182],[-66.842,10.6175],[-66.8446,10.6193],[-66.8487,10.6198],[-66.8502,10.6198],[-66.851,10.6201],[-66.864,10.6131],[-66.8706,10.612],[-66.9273,10.6025],[-66.9295,10.6024],[-66.9298,10.6026],[-66.9452,10.6014],[-66.9533,10.6023],[-66.979,10.6079],[-66.9814,10.6092],[-66.9817,10.609],[-66.9818,10.6094],[-66.9835,10.6113],[-66.9991,10.6112],[-67.0018,10.6109],[-67.0023,10.6115],[-67.0052,10.6116],[-67.0073,10.6135],[-67.0125,10.6135],[-67.0134,10.6141],[-67.0133,10.6142],[-67.0134,10.6142],[-67.0155,10.6128],[-67.0155,10.6129],[-67.0155,10.613],[-67.0156,10.613],[-67.0163,10.6146],[-67.0303,10.6102],[-67.0309,10.6107],[-67.0324,10.6095],[-67.0329,10.6091],[-67.039,10.6026],[-67.0392,10.6018],[-67.0592,10.5919],[-67.0769,10.588],[-67.0832,10.5886],[-67.0878,10.5831],[-67.4003,10.5298],[-67.8231,10.4854],[-67.8392,10.4374],[-67.8566,10.4455],[-67.8597,10.4766],[-67.923,10.4535],[-67.9929,10.4786],[-68.0002,10.4751],[-68.0122,10.4775],[-68.0119,10.4775],[-68.0385,10.484],[-68.0389,10.484],[-68.1227,10.4885],[-68.1228,10.4885],[-68.1249,10.4884],[-68.125,10.4871],[-68.1337,10.4853],[-68.2355,10.5778],[-68.3168,10.7387],[-68.3031,10.8215],[-68.3243,10.8341],[-68.2926,10.8267],[-68.3257,10.8536],[-68.2275,10.8525],[-68.2242,10.8843],[-68.2577,10.9207],[-68.2535,10.8941],[-68.363,10.9178],[-68.3181,10.9369],[-68.2618,10.9074],[-68.3943,11.1784],[-68.4488,11.1755],[-68.5315,11.2646],[-68.6022,11.2822],[-68.6636,11.348],[-68.7215,11.3466],[-68.8591,11.4504],[-69.0536,11.4398],[-69.1076,11.4933],[-69.2661,11.5348],[-69.3686,11.4826],[-69.5152,11.506],[-69.5746,11.4558],[-69.628,11.4704],[-69.7554,11.6836],[-69.8219,11.9986],[-69.9349,12.1728],[-70.0243,12.1941],[-70.2161,12.0909],[-70.3006,11.8531],[-70.2386,11.7572],[-70.2203,11.7785],[-70.2073,11.7667],[-70.2074,11.7664],[-70.2073,11.7663],[-70.2099,11.7449],[-70.2099,11.7448],[-70.2351,11.7382],[-70.2163,11.7186],[-70.2152,11.6704],[-70.2367,11.6311],[-70.1954,11.6033],[-69.8071,11.6931],[-69.7235,11.4904],[-69.792,11.4259],[-69.8458,11.4224],[-69.8964,11.4536],[-69.8928,11.5083],[-69.9659,11.4848],[-70.1394,11.5665],[-70.1119,11.5404],[-70.081,11.5311],[-70.1231,11.5198],[-70.0447,11.5092],[-70.0186,11.4675],[-70.0512,11.4771],[-70.0292,11.4615],[-70.0471,11.4361],[-70.0856,11.4491],[-70.0976,11.4246],[-70.1371,11.4669],[-70.1653,11.468],[-70.1322,11.4506],[-70.1834,11.3624],[-70.2789,11.3514],[-70.4228,11.2799],[-70.4881,11.2849],[-70.5321,11.2308],[-70.8442,11.1946],[-71.074,11.0591],[-71.3149,10.9634],[-71.5013,10.9503],[-71.4363,10.902],[-71.4077,10.9146],[-71.4467,10.8774],[-71.4322,10.796],[-71.5931,10.7871],[-71.5247,10.7258],[-71.5318,10.6336],[-71.4957,10.6077],[-71.542,10.55],[-71.4585,10.484],[-71.4795,10.3918],[-71.2675,10.1348],[-71.2112,9.972],[-71.1486,9.9514],[-71.0845,9.8572],[-71.0896,9.8123],[-71.0259,9.7107],[-71.0607,9.6168],[-71.092,9.482],[-71.0533,9.3547],[-71.0645,9.3112],[-71.2197,9.1979],[-71.2242,9.1633],[-71.3552,9.0835],[-71.5246,9.0383],[-71.652,9.0439],[-71.6571,9.0716],[-71.6911,9.0558],[-71.752,9.1168],[-71.7806,9.106],[-71.7398,9.1497],[-71.746,9.2267],[-71.7724,9.2237],[-71.7668,9.2037],[-71.8161,9.2412],[-71.7723,9.2564],[-71.775,9.288],[-71.7332,9.2714],[-71.7465,9.3328],[-71.7141,9.384],[-71.721,9.3841],[-71.7419,9.3717],[-71.7635,9.3515],[-71.7679,9.3315],[-71.7829,9.3413],[-71.7589,9.3562],[-71.7998,9.399],[-71.8001,9.3537],[-71.8074,9.3638],[-71.8112,9.3772],[-71.8073,9.41],[-71.8273,9.4248],[-71.8322,9.4049],[-71.8868,9.4283],[-71.8719,9.4003],[-71.9085,9.3864],[-71.8898,9.4305],[-71.8381,9.4338],[-71.9375,9.496],[-71.9987,9.4417],[-72.0205,9.4939],[-72.0142,9.5151],[-71.9783,9.4795],[-71.9487,9.5058],[-72.0016,9.5085],[-71.9612,9.5174],[-71.9777,9.5643],[-72.0084,9.5567],[-71.9917,9.596],[-71.9871,9.5952],[-71.9793,9.5863],[-71.965,9.5412],[-71.9319,9.5108],[-71.9874,9.6267],[-72.1328,9.8079],[-72.0413,9.9306],[-71.9909,10.0729],[-71.9031,10.1222],[-71.7818,10.337],[-71.6296,10.4372],[-71.6283,10.528],[-71.6242,10.5338],[-71.6186,10.546],[-71.6149,10.565],[-71.6155,10.5661],[-71.6112,10.5697],[-71.611,10.5738],[-71.6114,10.575],[-71.6118,10.5778],[-71.6144,10.5849],[-71.614,10.5856],[-71.6141,10.5885],[-71.6153,10.5942],[-71.6157,10.5962],[-71.6156,10.5961],[-71.6156,10.5965],[-71.6157,10.5964],[-71.614,10.6299],[-71.6146,10.6303],[-71.6172,10.6336],[-71.6156,10.6356],[-71.5977,10.648],[-71.5883,10.6646],[-71.5892,10.674],[-71.5887,10.6746],[-71.5919,10.6817],[-71.5913,10.6823],[-71.5955,10.6884],[-71.5954,10.6884],[-71.5956,10.6885],[-71.5988,10.7152],[-71.6207,10.7377],[-71.6754,10.7938],[-71.7223,10.9571],[-71.7815,10.9999],[-71.7377,11.0183],[-71.6652,10.9967],[-71.6753,10.9773],[-71.6434,10.9818],[-71.6402,10.9741],[-71.6313,10.976],[-71.6289,10.9819],[-71.639,10.9824],[-71.6244,10.9845],[-71.6296,10.9679],[-71.611,10.9725],[-71.6067,10.9783],[-71.6159,10.9857],[-71.6073,10.987],[-71.7633,11.086],[-71.8792,11.2229],[-71.9546,11.3816],[-71.9615,11.5715],[-71.8134,11.6439],[-71.4402,11.72],[-71.3392,11.7937],[-71.33244117165934,11.840726214088537],[-71.3321,11.8431],[-71.33362300232585,11.84180674498364],[-71.3732,11.8082],[-71.9714,11.6463],[-72.2494,11.1401],[-72.3494,11.1513],[-72.49744243916805,11.085481266132133],[-72.4983,11.0851],[-72.4815,11.0594],[-72.5091906048906,11.013645302445303],[-72.5538,10.9402],[-72.648,10.8804],[-72.70514099037139,10.738079504814305],[-72.7394,10.6529],[-72.8999144069128,10.437155899450119],[-72.9008,10.4361],[-72.90071065856814,10.435780637717459],[-72.9115,10.1125],[-72.953596,10.021292],[-72.9991,9.9227],[-72.98538656987296,9.900820145190563],[-72.94575061239726,9.837580752364167],[-73.0551,9.6784],[-73.08436761581267,9.557361046469612],[-73.137,9.5497],[-73.1981,9.4758],[-73.19799806063058,9.475525621136525],[-73.18800275149727,9.448622359170201],[-73.18744409931111,9.447118697211216],[-73.1874,9.447],[-73.3188890880748,9.262915276695281],[-73.3649,9.1985],[-73.36225628288861,9.184840794924419],[-73.35994213650848,9.172884371960423],[-73.3589,9.1675],[-73.177,9.1766],[-73.0090063116198,9.290087743304797],[-72.9556,9.1799],[-72.96286258503402,9.171319047619047],[-72.9871,9.1434],[-72.9868128670631,9.143021102928627],[-72.94832288381753,9.092230197202511],[-72.9483,9.0922],[-72.82240670006749,9.141440926497754],[-72.7660444402522,9.105754769048575],[-72.684742757838,8.74690344729749],[-72.654700032964,8.614300145497248],[-72.6547,8.6143],[-72.6546335712374,8.61423375858685],[-72.4065,8.3668],[-72.40642023359004,8.366299835578495],[-72.3883,8.3482],[-72.35880477806946,8.067733599749205],[-72.3545,8.0268],[-72.3505697919807,8.005745314182354],[-72.3503,8.0043],[-72.4114110383536,8.031367446211412],[-72.416,8.0333],[-72.41609233926128,8.032003830369357],[-72.4185,7.9956],[-72.41869618913196,7.995453493295689],[-72.4187,7.9954],[-72.48438213906984,7.936738736555069],[-72.4445,7.86],[-72.444649545664,7.859463156412941],[-72.46315731804535,7.658925347286976],[-72.4524,7.5645],[-72.47441615030016,7.492662819925788],[-72.41416454009354,7.401253056154378],[-72.41263365464425,7.401131422368146],[-72.4138,7.4007],[-72.35431856958591,7.396498100787261],[-72.19471163859842,7.383816815369204],[-72.1539,7.3282],[-72.1744,7.2577],[-72.1743805716161,7.257666356847444],[-72.12798116151401,7.177318838485987],[-72.04770704284395,7.038312195737663],[-72.0477,7.0383],[-71.94979083796983,7.009413197599551],[-71.9389,7.0062],[-71.75770494813204,7.062118597438503],[-71.74564919270617,7.065321276105945],[-71.7067,7.0326],[-71.7054930946567,7.032829403370552],[-71.5878,7.0552],[-71.5871,7.0163],[-71.58700046030586,7.016322382371906],[-71.587,7.0163],[-71.49854674187226,7.036144643029787],[-71.4783,7.0151],[-71.47826493402347,7.015173099074146],[-71.4653,7.0422],[-71.46525470794849,7.042084646806293],[-71.46478142607829,7.040879257043131],[-71.45318262046563,7.011338548998372],[-71.4525,7.0096],[-71.42552858835923,7.0377232156966025],[-71.4244,7.0388],[-71.32538882024124,7.024277640482495],[-71.2409,7.0118],[-71.13,7.0326],[-71.1116,6.9899],[-71.02316138566181,6.9741885590170165],[-71.0221,6.974],[-70.9214,7.0236],[-70.9202582139401,7.036799046852385],[-70.8802426192199,7.061146167203839],[-70.6873,7.1043],[-70.64611581027668,7.072147430830039],[-70.6417,7.0687],[-70.62203187183812,7.071118212478921],[-70.556646527396,7.079157394172622],[-70.5023,7.0057],[-70.50227393536849,7.005700584900567],[-70.5022,7.0056],[-70.4311,7.0072],[-70.3224,6.9345],[-70.1178,6.9793],[-69.61038792202572,6.338802110128618],[-69.4276,6.1073],[-69.3447,6.1445],[-69.34462527018754,6.144388704530631],[-69.34371209509246,6.143028708466565],[-69.30827710020297,6.090255200034919],[-69.27851764705882,6.085135294117647],[-69.24282790982478,6.080591107259523],[-69.21871184455391,6.0981615601505705],[-69.1235,6.1912],[-69.05140759093099,6.22005588551975],[-69.04880652028034,6.22109699647572],[-69.0473,6.2217],[-69.04586391533435,6.22042842038893],[-68.64499835219551,6.129349551681682],[-68.4486,6.1879],[-68.44788941226899,6.187773235593117],[-68.4478,6.1878],[-68.3075717648747,6.1629304625739305],[-68.1421,6.2287],[-68.14195511040523,6.228658855393819],[-68.1416,6.2288],[-68.02623187084042,6.19673123432139],[-67.8102,6.3244],[-67.76154796226358,6.291332598581612],[-67.7615,6.2913],[-67.54113028365487,6.2633574370461655],[-67.5391,6.2631],[-67.4566,6.194],[-67.45740744366704,6.192574459294043],[-67.4559,6.1913],[-67.49358016120365,6.128300365394948],[-67.4937,6.1281],[-67.48674061349074,6.116906639422834],[-67.41192460591603,5.992273677651865],[-67.5972,5.8283],[-67.5972388064512,5.8281535032746765],[-67.63775357343333,5.675207781464358],[-67.6381,5.6739],[-67.59892853596129,5.544524528442142],[-67.61819136960601,5.493578424015009],[-67.6249,5.4761],[-67.6262623519662,5.475055024460662],[-67.8267196366684,5.321296697397339],[-67.8494,5.3039],[-67.84607199088988,5.289491992687925],[-67.8245,5.1961],[-67.8542,5.1352],[-67.8059,5.054],[-67.80591974691883,5.053933210727128],[-67.80965376831821,5.041303768318214],[-67.8386,4.9434],[-67.8178,4.7073],[-67.8178063787698,4.707271776347723],[-67.8576,4.5312],[-67.85619847555152,4.529339040909832],[-67.7731,4.419],[-67.7615,4.3494],[-67.80399412769593,4.327303053598121],[-67.804,4.3273],[-67.80396361688251,4.326799347805832],[-67.79721104329765,4.233880131011318],[-67.7969,4.2296],[-67.78854107071642,4.215585343053584],[-67.71479918883519,4.059980226661027],[-67.70997922243458,4.043525017481624]],[[-67.6608,10.1328],[-67.7175,10.1385],[-67.702,10.1178],[-67.7291,10.1011],[-67.8705,10.1296],[-67.8183,10.2245],[-67.7313,10.2608],[-67.6725,10.2433],[-67.6021,10.1787],[-67.6144,10.1136],[-67.6608,10.1328]]],[[[-64.9138,10.1473],[-64.9271,10.1562],[-64.943,10.1528],[-64.9291,10.1438],[-64.9138,10.1473]]],[[[-64.9471,10.167],[-64.9679,10.1692],[-64.9772,10.1648],[-64.9404,10.1625],[-64.9471,10.167]]],[[[-64.699,10.2017],[-64.6991,10.2016],[-64.699,10.2016],[-64.699,10.2017]]],[[[-64.7074,10.2036],[-64.7073,10.2024],[-64.707,10.2022],[-64.707,10.2034],[-64.7074,10.2036]]],[[[-64.7119,10.2052],[-64.7134,10.2052],[-64.7134,10.2051],[-64.7119,10.2051],[-64.7119,10.2052]]],[[[-64.654,10.2112],[-64.6551,10.2136],[-64.6553,10.2133],[-64.654,10.2112]]],[[[-64.7134,10.2125],[-64.7134,10.2127],[-64.7137,10.2128],[-64.7137,10.2127],[-64.7134,10.2125]]],[[[-64.6553,10.2133],[-64.6554,10.2132],[-64.6553,10.2132],[-64.6553,10.2133]]],[[[-64.6551,10.2136],[-64.655,10.2137],[-64.655,10.2139],[-64.6551,10.2137],[-64.6551,10.2136]]],[[[-64.6476,10.2141],[-64.6476,10.2142],[-64.6478,10.2142],[-64.6476,10.2141]]],[[[-64.7113,10.2201],[-64.7111,10.2201],[-64.7111,10.2202],[-64.7113,10.2202],[-64.7113,10.2201]]],[[[-64.7611,10.2483],[-64.7622,10.2497],[-64.7629,10.2505],[-64.761,10.2458],[-64.7611,10.2483]]],[[[-64.7494,10.2663],[-64.752,10.2625],[-64.7412,10.2643],[-64.7465,10.2692],[-64.7494,10.2663]]],[[[-64.7328,10.2903],[-64.739,10.3125],[-64.763,10.2888],[-64.7435,10.2711],[-64.7328,10.2903]]],[[[-64.6792,10.3038],[-64.683,10.2994],[-64.6809,10.2947],[-64.6783,10.2897],[-64.6792,10.3038]]],[[[-64.6837,10.3038],[-64.6858,10.3015],[-64.6845,10.3009],[-64.6837,10.3017],[-64.6837,10.3038]]],[[[-64.6439,10.2182],[-64.6441,10.2184],[-64.6441,10.2182],[-64.6439,10.2182]]],[[[-64.636,10.2278],[-64.636,10.228],[-64.6362,10.2277],[-64.636,10.2277],[-64.636,10.2278]]],[[[-64.6337,10.2289],[-64.6339,10.229],[-64.634,10.229],[-64.634,10.2289],[-64.6337,10.2289]]],[[[-64.6137,10.2433],[-64.6137,10.2436],[-64.6138,10.2433],[-64.6137,10.2433]]],[[[-64.6083,10.2505],[-64.6085,10.2505],[-64.6286,10.2504],[-64.6083,10.2505]]],[[[-64.5914,10.2506],[-64.5915,10.2505],[-64.5914,10.2505],[-64.5914,10.2506]]],[[[-64.6277,10.2652],[-64.6145,10.2756],[-64.6434,10.2573],[-64.6355,10.2567],[-64.6277,10.2652]]],[[[-64.5528,10.2599],[-64.5422,10.2602],[-64.5389,10.2678],[-64.5513,10.2735],[-64.5528,10.2599]]],[[[-64.6063,10.2889],[-64.5963,10.2875],[-64.5866,10.2913],[-64.6085,10.2934],[-64.6063,10.2889]]],[[[-64.6247,10.2929],[-64.6657,10.3022],[-64.6753,10.2863],[-64.6117,10.2799],[-64.6247,10.2929]]],[[[-64.5845,10.2933],[-64.5844,10.2908],[-64.5837,10.2904],[-64.5825,10.2928],[-64.5845,10.2933]]],[[[-64.5735,10.292],[-64.5753,10.2937],[-64.5768,10.2936],[-64.575,10.2918],[-64.5735,10.292]]],[[[-64.5538,10.292],[-64.5525,10.2933],[-64.5491,10.2948],[-64.5516,10.2948],[-64.5538,10.292]]],[[[-64.5632,10.309],[-64.5649,10.307],[-64.5651,10.3038],[-64.5619,10.3054],[-64.5632,10.309]]],[[[-67.992,10.479],[-67.9919,10.4791],[-67.992,10.4791],[-67.992,10.479]]],[[[-67.9943,10.4805],[-67.9945,10.4805],[-67.9945,10.4803],[-67.9943,10.4803],[-67.9943,10.4805]]],[[[-67.992,10.479],[-67.9938,10.4798],[-68.0046,10.4856],[-68.0046,10.4857],[-68.0078,10.4891],[-68.0081,10.4891],[-68.0077,10.4863],[-68.0084,10.4853],[-68.0085,10.4854],[-68.0077,10.4839],[-67.9929,10.4786],[-67.992,10.479]]],[[[-68.0385,10.484],[-68.0386,10.4843],[-68.0392,10.4843],[-68.039,10.4841],[-68.0385,10.484]]],[[[-68.0077,10.4863],[-68.0082,10.4864],[-68.0081,10.4863],[-68.0077,10.4863]]],[[[-68.0081,10.4891],[-68.008,10.4892],[-68.0081,10.4892],[-68.0081,10.4891]]],[[[-70.2386,11.7572],[-70.2389,11.7571],[-70.239,11.7568],[-70.2388,11.757],[-70.2386,11.7572]]],[[[-66.1072,10.5312],[-66.1072,10.5313],[-66.1074,10.5314],[-66.1074,10.5313],[-66.1072,10.5312]]],[[[-66.11,10.5339],[-66.1097,10.5341],[-66.1097,10.5342],[-66.11,10.5339]]],[[[-66.1118,10.5352],[-66.1118,10.5353],[-66.1121,10.5357],[-66.1122,10.5356],[-66.1118,10.5352]]],[[[-66.1123,10.5375],[-66.1125,10.5378],[-66.1126,10.5378],[-66.1126,10.5376],[-66.1123,10.5375]]],[[[-66.113,10.5375],[-66.1129,10.5381],[-66.113,10.5381],[-66.113,10.5375]]],[[[-63.8935,10.7568],[-63.9182,10.7902],[-63.9976,10.8113],[-64.0057,10.7762],[-63.9147,10.7305],[-63.8935,10.7568]]],[[[-64.1606,10.8352],[-64.2303,10.814],[-64.2211,10.794],[-64.1732,10.7985],[-64.1606,10.8352]]],[[[-63.8568,10.9492],[-63.8568,10.949],[-63.8566,10.949],[-63.8568,10.9492]]],[[[-63.8568,10.9492],[-63.8284,10.9515],[-63.8283,10.9515],[-63.8279,10.9516],[-63.7764,10.9985],[-63.8801,11.18],[-64.0123,11.0683],[-64.0395,10.9873],[-64.1478,11.0028],[-64.2151,11.086],[-64.3832,11.0435],[-64.4098,10.9734],[-64.2095,10.9345],[-64.1668,10.9777],[-64.0926,10.9099],[-64.1107,10.9005],[-64.0593,10.8871],[-64.0636,10.8606],[-63.9935,10.8872],[-63.9435,10.9023],[-63.9444,10.937],[-63.8999,10.9131],[-63.9385,10.894],[-63.8927,10.8844],[-63.8568,10.9492]]],[[[-64.4798,10.2621],[-64.4839,10.2671],[-64.4867,10.2673],[-64.4911,10.2677],[-64.4798,10.2621]]],[[[-64.4941,10.2684],[-64.4929,10.2674],[-64.4931,10.2681],[-64.4935,10.2684],[-64.4941,10.2684]]],[[[-64.5088,10.3471],[-64.4994,10.3505],[-64.4927,10.3616],[-64.5024,10.3587],[-64.5088,10.3471]]],[[[-64.4506,10.3681],[-64.4704,10.3641],[-64.4396,10.3499],[-64.4271,10.3506],[-64.442,10.3538],[-64.4506,10.3681]]],[[[-64.4137,10.3482],[-64.3941,10.3586],[-64.3969,10.3715],[-64.4036,10.3735],[-64.4137,10.3482]]],[[[-64.498,10.3661],[-64.4989,10.3659],[-64.4968,10.3649],[-64.4954,10.3661],[-64.498,10.3661]]],[[[-64.4366,10.3718],[-64.4314,10.3567],[-64.4121,10.3645],[-64.4182,10.3802],[-64.4366,10.3718]]],[[[-64.1934,10.4683],[-64.1934,10.4682],[-64.1931,10.4682],[-64.1931,10.4683],[-64.1934,10.4683]]],[[[-64.1427,10.4748],[-64.1427,10.4745],[-64.1426,10.4748],[-64.1427,10.4748]]],[[[-64.1886,10.476],[-64.1895,10.4771],[-64.1896,10.477],[-64.189,10.4764],[-64.1886,10.476]]],[[[-63.9713,10.6664],[-63.9715,10.6661],[-63.9708,10.666],[-63.9707,10.6663],[-63.9713,10.6664]]],[[[-63.969,10.6777],[-63.9694,10.6779],[-63.9696,10.6773],[-63.9693,10.677],[-63.969,10.6777]]],[[[-63.8766,10.6901],[-63.8739,10.6898],[-63.8754,10.6924],[-63.8766,10.6923],[-63.8766,10.6901]]],[[[-71.6283,10.528],[-71.628,10.5278],[-71.628,10.5279],[-71.6283,10.528]]],[[[-71.6238,10.5337],[-71.6231,10.5336],[-71.6231,10.5338],[-71.6234,10.5339],[-71.6238,10.5337]]],[[[-71.6172,10.6336],[-71.6161,10.6342],[-71.6161,10.6343],[-71.6172,10.6336]]],[[[-71.6333,10.8555],[-71.6289,10.8555],[-71.6287,10.8577],[-71.6326,10.8587],[-71.6333,10.8555]]],[[[-71.6314,10.8662],[-71.6326,10.8632],[-71.6274,10.8639],[-71.6289,10.8677],[-71.6314,10.8662]]],[[[-71.6298,10.8758],[-71.6276,10.8708],[-71.6261,10.8733],[-71.6262,10.8756],[-71.6298,10.8758]]],[[[-71.6232,10.8854],[-71.6277,10.8828],[-71.6265,10.8802],[-71.6224,10.8821],[-71.6232,10.8854]]],[[[-71.622,10.8923],[-71.6259,10.891],[-71.6235,10.8884],[-71.6216,10.891],[-71.622,10.8923]]],[[[-71.6198,10.8993],[-71.6204,10.9021],[-71.6225,10.9017],[-71.6219,10.8975],[-71.6198,10.8993]]],[[[-71.6261,10.9543],[-71.6627,10.9644],[-71.6822,10.9608],[-71.6586,10.9503],[-71.6261,10.9543]]],[[[-71.6112,10.5697],[-71.611,10.5694],[-71.611,10.5695],[-71.6112,10.5697]]],[[[-71.6118,10.5778],[-71.6116,10.5778],[-71.6105,10.5783],[-71.6115,10.578],[-71.6118,10.5778]]],[[[-71.6131,10.5854],[-71.613,10.585],[-71.6129,10.585],[-71.6129,10.5851],[-71.6131,10.5854]]],[[[-71.614,10.6299],[-71.6137,10.6299],[-71.614,10.63],[-71.614,10.6299]]],[[[-71.5883,10.6747],[-71.5881,10.6744],[-71.5881,10.6742],[-71.5879,10.6744],[-71.5883,10.6747]]],[[[-71.5919,10.6817],[-71.5912,10.6818],[-71.5913,10.6819],[-71.5919,10.6817]]],[[[-71.5913,10.6823],[-71.5911,10.682],[-71.5911,10.6821],[-71.5913,10.6823]]],[[[-71.59,10.69],[-71.5893,10.69],[-71.5889,10.6914],[-71.5909,10.6927],[-71.5907,10.6903],[-71.59,10.69]]],[[[-71.5999,10.9282],[-71.6009,10.9097],[-71.5901,10.9464],[-71.6043,10.9354],[-71.5999,10.9282]]],[[[-71.5133,10.9376],[-71.5005,10.9336],[-71.4983,10.9411],[-71.5137,10.9448],[-71.5133,10.9376]]],[[[-71.5379,10.956],[-71.5427,10.971],[-71.5954,10.9886],[-71.5441,10.9479],[-71.5379,10.956]]],[[[-66.9296,10.603],[-66.9298,10.6031],[-66.9298,10.603],[-66.9296,10.603]]],[[[-66.9294,10.6031],[-66.9292,10.6031],[-66.9292,10.6032],[-66.9295,10.6031],[-66.9294,10.6031]]],[[[-67.0399,10.6051],[-67.04,10.6051],[-67.0399,10.605],[-67.0399,10.6051]]],[[[-67.0399,10.6051],[-67.0397,10.605],[-67.0397,10.6053],[-67.0399,10.6051]]],[[[-66.9814,10.6092],[-66.9813,10.6092],[-66.9811,10.6097],[-66.9814,10.6094],[-66.9814,10.6092]]],[[[-66.9818,10.6094],[-66.9811,10.6105],[-66.9811,10.6107],[-66.9817,10.6099],[-66.9818,10.6094]]],[[[-67.0309,10.6107],[-67.0309,10.6108],[-67.031,10.6108],[-67.031,10.6107],[-67.0309,10.6107]]],[[[-66.9835,10.6113],[-66.9833,10.6113],[-66.9833,10.6116],[-66.9836,10.6115],[-66.9835,10.6113]]],[[[-67.0013,10.6123],[-67.0014,10.6122],[-67.001,10.6122],[-67.001,10.6123],[-67.0013,10.6123]]],[[[-66.9994,10.6123],[-66.9993,10.6119],[-66.9993,10.6124],[-67.0001,10.6127],[-66.9994,10.6123]]],[[[-67.0042,10.6124],[-67.0042,10.6123],[-67.0039,10.6123],[-67.0039,10.6124],[-67.0042,10.6124]]],[[[-67.0042,10.6124],[-67.0047,10.6125],[-67.0046,10.6123],[-67.0042,10.6124]]],[[[-67.0073,10.6135],[-67.0073,10.6136],[-67.0076,10.6138],[-67.0076,10.6136],[-67.0073,10.6135]]],[[[-67.0125,10.6135],[-67.0121,10.6138],[-67.0127,10.614],[-67.0125,10.6137],[-67.0125,10.6135]]],[[[-67.0163,10.6146],[-67.0159,10.614],[-67.0161,10.6145],[-67.0163,10.6146]]],[[[-66.9273,10.6025],[-66.9273,10.6026],[-66.9275,10.6025],[-66.9273,10.6025]]],[[[-66.8711,10.6127],[-66.8709,10.6127],[-66.8709,10.6128],[-66.8711,10.6128],[-66.8711,10.6127]]],[[[-66.7476,10.6169],[-66.7476,10.6171],[-66.748,10.6173],[-66.7478,10.6169],[-66.7476,10.6169]]],[[[-66.7465,10.6189],[-66.7467,10.6189],[-66.7467,10.6188],[-66.7465,10.6188],[-66.7465,10.6189]]],[[[-66.8388,10.6189],[-66.8385,10.6191],[-66.8385,10.6197],[-66.8388,10.6196],[-66.8388,10.6189]]],[[[-66.7464,10.6191],[-66.7464,10.6196],[-66.7465,10.6196],[-66.7465,10.6191],[-66.7464,10.6191]]],[[[-66.8487,10.6198],[-66.8487,10.6201],[-66.8488,10.6201],[-66.8488,10.6199],[-66.8487,10.6198]]],[[[-66.8509,10.6208],[-66.8509,10.6205],[-66.8508,10.6205],[-66.8508,10.6208],[-66.8509,10.6208]]],[[[-66.8501,10.6203],[-66.8499,10.6205],[-66.8493,10.621],[-66.8502,10.6206],[-66.8501,10.6203]]],[[[-66.8438,10.6212],[-66.8438,10.6213],[-66.8441,10.6216],[-66.8438,10.6212]]],[[[-66.8434,10.6214],[-66.8435,10.6216],[-66.8437,10.6216],[-66.8434,10.6214]]],[[[-66.7459,10.6211],[-66.7457,10.622],[-66.7464,10.6225],[-66.7465,10.6219],[-66.7471,10.6218],[-66.7469,10.6209],[-66.7459,10.6211]]],[[[-66.7121,10.6235],[-66.7118,10.6236],[-66.7118,10.6241],[-66.7121,10.6241],[-66.7121,10.6235]]],[[[-66.7136,10.6242],[-66.7134,10.6242],[-66.7134,10.6243],[-66.7136,10.6243],[-66.7136,10.6242]]]]},"properties":{"iso3":"VEN"}},
{"type":"Feature","geometry":{"type":"MultiPolygon","coordinates":[[[[47.1909,13.6002],[47.3924,13.6545],[47.6401,13.8698],[47.8084,13.9347],[47.9675,14.0481],[48.0901,14.0399],[48.1843,13.9685],[48.2947,13.9855],[48.3332,14.0246],[48.4342,14.025],[48.4583,13.9954],[48.5462,14.0434],[48.6284,14.0467],[48.6973,14.052],[48.829,14.1666],[48.8668,14.2435],[48.9931,14.3217],[48.9953,14.3942],[49.0811,14.5118],[49.1261,14.5445],[49.155,14.5143],[49.1554,14.5142],[49.1556,14.5142],[49.1649,14.5102],[49.1707,14.5131],[49.1692,14.5187],[49.1665,14.5201],[49.1676,14.527],[49.1679,14.5289],[49.1686,14.5316],[49.1685,14.5317],[49.1686,14.5318],[49.1735,14.5415],[49.6038,14.7516],[49.9327,14.8502],[50.0084,14.8514],[50.0222,14.8192],[50.1784,14.8446],[50.4752,15.0243],[50.7563,15.079],[51.3692,15.2347],[51.5123,15.3108],[51.6435,15.3361],[51.6639,15.3402],[51.6395,15.3824],[51.6922,15.4187],[51.8206,15.4623],[51.8461,15.4433],[51.8658,15.4927],[52.2247,15.6326],[52.1877,15.7599],[52.2031,15.8183],[52.1595,15.8567],[52.1473,15.9732],[52.2385,16.2016],[52.3774,16.3624],[52.5227,16.4512],[53.1083,16.6504],[52.8122,17.2855],[52.7458,17.2944],[52.7822,17.3497],[52,19],[50.7834,18.7889],[49.1167,18.6167],[48.1834,18.1667],[47.6001,17.45],[47.4668,17.1166],[47.1834,16.95],[47.0024,16.95],[46.75,17.2833],[46.3667,17.2334],[46.1,17.25],[45.4,17.3333],[45.2166,17.4333],[44.9533,17.4335],[44.65,17.4333],[44.5667,17.4056],[44.3661,17.4333],[44.1381,17.4089],[44.1108,17.3664],[44.0667,17.4058],[44.0114,17.4025],[43.9667,17.3306],[43.832,17.3389],[43.7888,17.375],[43.6833,17.3667],[43.4847,17.5451],[43.3547,17.5564],[43.2407,17.4806],[43.2565,17.4578],[43.2297,17.4321],[43.228,17.3856],[43.3365,17.304],[43.2032,17.2595],[43.2163,17.2103],[43.1519,17.1747],[43.1602,17.0869],[43.2272,17.0754],[43.2486,17.0155],[43.1793,17.0259],[43.194,16.9447],[43.1382,16.9176],[43.1801,16.849],[43.2667,16.7949],[43.2651,16.754],[43.2117,16.7097],[43.2347,16.6429],[43.1448,16.6718],[43.1208,16.5286],[42.9503,16.497],[42.9565,16.4021],[42.8307,16.3795],[42.772,16.4041],[42.7817,16.3584],[42.8459,16.0559],[42.8149,15.8648],[42.6869,15.6973],[42.6885,15.6956],[42.7083,15.6985],[42.725,15.6044],[42.7003,15.5579],[42.7557,15.516],[42.7966,15.3625],[42.7978,15.3619],[42.7973,15.3617],[42.7966,15.3622],[42.8143,15.2813],[42.7743,15.2334],[42.7895,15.1977],[42.7743,15.2063],[42.7663,15.2683],[42.7166,15.3074],[42.6858,15.2962],[42.705,15.3614],[42.6801,15.3191],[42.6687,15.3085],[42.6948,15.2611],[42.6685,15.2361],[42.5984,15.2339],[42.6349,15.1822],[42.6863,15.2152],[42.8232,15.1685],[42.8656,15.0878],[42.8711,15.0222],[42.9467,14.9158],[42.9351,14.8139],[42.9234,14.8739],[42.9089,14.8691],[42.8934,14.8483],[42.8922,14.9168],[42.8733,14.9211],[42.8688,14.8919],[42.8859,14.8524],[42.94,14.7932],[42.944,14.7854],[43.0184,14.4368],[42.9593,14.5328],[42.9975,14.3973],[43.0717,14.2248],[43.0974,14.0635],[43.2333,13.8819],[43.2878,13.6791],[43.2267,13.2836],[43.2416,13.2646],[43.2387,13.3079],[43.2538,13.2155],[43.4084,12.9461],[43.4082,12.9459],[43.495,12.8203],[43.4685,12.7239],[43.5013,12.7042],[43.4529,12.6941],[43.5175,12.6862],[43.6162,12.7388],[43.6164,12.7383],[43.9066,12.6449],[43.9464,12.5936],[44.0457,12.6028],[44.1529,12.6567],[44.1878,12.6201],[44.1243,12.6332],[44.1687,12.6163],[44.2838,12.6278],[44.4055,12.6814],[44.569,12.8118],[44.6623,12.8089],[44.724,12.771],[44.724,12.7709],[44.724168965517244,12.770984482758621],[44.7338,12.7701],[44.7381,12.7638],[44.7231,12.7386],[44.787,12.7733],[44.8431,12.7231],[44.8852,12.7425],[44.8872,12.7429],[44.8872,12.743],[44.9222,12.7654],[44.8424,12.7698],[44.8513,12.7985],[44.891,12.7683],[44.9241,12.825],[44.9928,12.8031],[44.9989,12.8056],[44.9902,12.8495],[45.0262,12.8058],[45.0208,12.7934],[44.9843,12.7914],[45.0052,12.7587],[45.0543,12.7606],[45.044,12.8174],[45.0955,12.9363],[45.1782,13.0057],[45.3854,13.0601],[45.5056,13.2068],[45.6432,13.341],[45.707,13.3554],[46.0211,13.4201],[46.6889,13.4262],[46.9205,13.5386],[47.1909,13.6002]]],[[[43.4057,12.646],[43.4323,12.632],[43.4383,12.6597],[43.3885,12.662],[43.392,12.65],[43.4081,12.6438],[43.4057,12.646]]],[[[42.4217,16.1107],[42.4084,16.1025],[42.4071,16.0979],[42.4163,16.0986],[42.4217,16.1107]]],[[[42.3402,16.138],[42.3381,16.1443],[42.3359,16.1435],[42.3393,16.138],[42.3402,16.138]]],[[[42.3534,16.1344],[42.3534,16.1403],[42.349,16.1499],[42.3482,16.1474],[42.3525,16.1375],[42.3534,16.1344]]],[[[42.3564,16.1421],[42.3576,16.1425],[42.3578,16.1462],[42.3564,16.1463],[42.3564,16.1421]]],[[[42.2736,16.1446],[42.2757,16.1403],[42.2781,16.1427],[42.2872,16.1501],[42.2736,16.1446]]],[[[42.373,16.2191],[42.3602,16.1971],[42.3665,16.1854],[42.385,16.1858],[42.373,16.2191]]],[[[42.4337,16.2391],[42.4337,16.239],[42.4338,16.239],[42.4337,16.2391]]],[[[42.4337,16.2391],[42.4348,16.2391],[42.4341,16.24],[42.434,16.2399],[42.4337,16.2391]]],[[[42.4782,16.2626],[42.5034,16.256],[42.4946,16.261],[42.485,16.266],[42.4782,16.2626]]],[[[42.35,16.2619],[42.3598,16.2602],[42.3687,16.282],[42.3601,16.2834],[42.35,16.2619]]],[[[42.5136,16.2855],[42.5001,16.2797],[42.4814,16.2903],[42.45,16.2828],[42.4669,16.2659],[42.5421,16.2854],[42.5136,16.2855]]],[[[42.2953,16.2899],[42.3323,16.2783],[42.342,16.3119],[42.3286,16.3169],[42.2953,16.2899]]],[[[42.2002,16.2821],[42.2121,16.292],[42.2031,16.317],[42.1918,16.3158],[42.2002,16.2821]]],[[[42.478,16.3078],[42.4823,16.3028],[42.487,16.3044],[42.4853,16.3077],[42.478,16.3078]]],[[[42.2383,16.2932],[42.2467,16.2981],[42.2612,16.3261],[42.2373,16.3103],[42.2383,16.2932]]],[[[41.9626,16.3005],[41.9691,16.3053],[41.963,16.3238],[41.9564,16.3156],[41.9626,16.3005]]],[[[42.4856,16.3236],[42.4827,16.3276],[42.4768,16.3238],[42.4828,16.3198],[42.4856,16.3236]]],[[[42.49340111524164,16.337482156133827],[42.4935,16.3359],[42.4949,16.3359],[42.49340111524164,16.337482156133827]]],[[[42.3332,16.3473],[42.3359,16.3462],[42.3491,16.3513],[42.3515,16.3535],[42.3332,16.3473]]],[[[42.436,16.3547],[42.4435,16.3611],[42.4604,16.3633],[42.4415,16.3618],[42.436,16.3547]]],[[[42.4223,16.3804],[42.4145,16.3721],[42.4229,16.37],[42.4243,16.3755],[42.4223,16.3804]]],[[[42.3557,16.3751],[42.3584,16.3748],[42.358,16.376],[42.3571,16.376],[42.3557,16.3751]]],[[[42.305,16.3795],[42.286,16.3748],[42.2939,16.3755],[42.3037,16.3782],[42.305,16.3795]]],[[[42.6404,15.9651],[42.6378,15.9674],[42.6357,15.9662],[42.638,15.9619],[42.6404,15.9651]]],[[[42.6264,15.9887],[42.6328,15.9832],[42.6359,15.989],[42.631,15.9918],[42.6264,15.9887]]],[[[42.5969,16.0055],[42.5884,16.0063],[42.5852,16.0041],[42.5895,16.0004],[42.5969,16.0055]]],[[[42.606,16.0253],[42.605,16.026],[42.6036,16.0262],[42.6029,16.0241],[42.606,16.0253]]],[[[42.6294,16.1469],[42.6266,16.1438],[42.6279,16.1449],[42.6297,16.1463],[42.6294,16.1469]]],[[[42.6275,16.1556],[42.6275,16.1588],[42.6258,16.1574],[42.6275,16.1556]]],[[[42.511,16.181],[42.5194,16.1647],[42.5253,16.172],[42.5161,16.1828],[42.511,16.181]]],[[[42.5486,16.1766],[42.5557,16.1831],[42.5524,16.1924],[42.5463,16.1865],[42.5486,16.1766]]],[[[42.5246,16.2417],[42.525,16.241],[42.5246,16.2444],[42.5245,16.2434],[42.5246,16.2417]]],[[[42.5183,16.2475],[42.5175,16.2481],[42.5178,16.2468],[42.5171,16.2459],[42.517,16.2444],[42.5174,16.2436],[42.5183,16.2475]]],[[[42.5368,16.2514],[42.5361,16.2464],[42.5368,16.2469],[42.5372,16.249],[42.5368,16.2514]]],[[[42.5353,16.2577],[42.5358,16.2542],[42.5363,16.2551],[42.5358,16.2574],[42.5353,16.2577]]],[[[42.5042,16.2568],[42.5068,16.2552],[42.5071,16.2552],[42.5058,16.2564],[42.5042,16.2568]]],[[[42.5227,16.2555],[42.523,16.2561],[42.523,16.2601],[42.5218,16.2608],[42.5227,16.2555]]],[[[42.5572,16.2995],[42.5535,16.2965],[42.5549,16.2967],[42.5558,16.2974],[42.5572,16.2995]]],[[[42.5638,16.3021],[42.5634,16.3025],[42.5611,16.3021],[42.5576,16.2996],[42.5581,16.2997],[42.5638,16.3021]]],[[[42.5561,16.3073],[42.5547,16.3087],[42.5553,16.3076],[42.5561,16.3073]]],[[[42.5839,16.3149],[42.5829,16.3148],[42.582,16.3154],[42.5809,16.3154],[42.5768,16.3121],[42.5803,16.3109],[42.583,16.3143],[42.5856,16.3144],[42.5839,16.3149]]],[[[42.5647,16.3155],[42.565,16.3148],[42.5657,16.3137],[42.5667,16.3155],[42.5647,16.3155]]],[[[42.5751,16.3279],[42.5734,16.3287],[42.5723,16.3252],[42.5728,16.3255],[42.5737,16.3277],[42.5751,16.3279]]],[[[42.4978,16.3458],[42.4988,16.3476],[42.4965,16.349],[42.4941,16.3481],[42.4978,16.3458]]],[[[42.5005,16.3978],[42.4984,16.3975],[42.4988,16.3956],[42.5007,16.3957],[42.5005,16.3978]]],[[[42.6494,16.4014],[42.647,16.403],[42.6452,16.4021],[42.6469,16.4003],[42.6494,16.4014]]],[[[42.8024,15.8758],[42.8022,15.8765],[42.8003,15.8763],[42.8006,15.8757],[42.8024,15.8758]]],[[[42.7964,15.8918],[42.798,15.8916],[42.7978,15.8928],[42.7975,15.8937],[42.7964,15.8918]]],[[[42.6812,15.9658],[42.6742,15.9643],[42.6773,15.9618],[42.6878,15.965],[42.6812,15.9658]]],[[[42.779,15.9773],[42.7779,15.9783],[42.7774,15.9765],[42.7788,15.976],[42.779,15.9773]]],[[[42.7706,15.9945],[42.7699,15.9947],[42.769,15.9942],[42.77,15.9935],[42.7706,15.9945]]],[[[42.7087,16.0212],[42.7096,16.0231],[42.7073,16.0233],[42.7056,16.022],[42.7087,16.0212]]],[[[42.7041,16.0776],[42.7063,16.0794],[42.7055,16.0802],[42.7039,16.0788],[42.7041,16.0776]]],[[[42.6671,16.1357],[42.6606,16.1334],[42.6584,16.1335],[42.6614,16.1323],[42.6671,16.1357]]],[[[42.7014,16.1334],[42.7022,16.1354],[42.7004,16.1363],[42.6997,16.1341],[42.7014,16.1334]]],[[[42.6632,16.168],[42.6638,16.1666],[42.6701,16.1656],[42.6632,16.168]]],[[[42.8115,16.1821],[42.8103,16.188],[42.8067,16.1869],[42.8115,16.1821]]],[[[42.7882,16.2331],[42.7853,16.2346],[42.786,16.2313],[42.7882,16.2331]]],[[[42.7645,16.2513],[42.7663,16.2513],[42.7667,16.2543],[42.7645,16.2513]]],[[[42.779,16.2765],[42.7809,16.2776],[42.7784,16.2801],[42.7772,16.2769],[42.779,16.2765]]],[[[42.6789,16.3258],[42.6859,16.3269],[42.6846,16.328],[42.6792,16.3295],[42.6789,16.3258]]],[[[42.7652,16.3726],[42.7652,16.3729],[42.765,16.3728],[42.7652,16.3726]]],[[[42.7711,16.3748],[42.7709,16.3744],[42.7711,16.3738],[42.7716,16.3735],[42.7711,16.3748]]],[[[42.7652,16.3726],[42.7811,16.358],[42.7817,16.3583],[42.7804,16.3593],[42.7741,16.3647],[42.7682,16.3733],[42.7683,16.3987],[42.7682,16.401],[42.7652,16.3726]]],[[[42.7705,16.3781],[42.769,16.3878],[42.7685,16.3864],[42.7697,16.3803],[42.7705,16.3781]]],[[[42.6576,16.3923],[42.6581,16.393],[42.6503,16.3919],[42.6518,16.3916],[42.6576,16.3923]]],[[[42.7682,16.401],[42.7682,16.4018],[42.7691,16.4024],[42.7681,16.4023],[42.7682,16.401]]],[[[42.1521,15.0283],[42.1524,15.0165],[42.1667,15.0173],[42.1644,15.0289],[42.1521,15.0283]]],[[[42.1924,15.0579],[42.183,15.0789],[42.1606,15.0667],[42.1807,15.0283],[42.1924,15.0579]]],[[[42.1433,15.065],[42.1451,15.0669],[42.144,15.0703],[42.1401,15.0679],[42.1433,15.065]]],[[[42.1605,15.0838],[42.1545,15.0911],[42.1461,15.0819],[42.1484,15.0782],[42.1605,15.0838]]],[[[42.1036,15.1201],[42.1059,15.1162],[42.1103,15.1186],[42.1078,15.1251],[42.1036,15.1201]]],[[[42.1147,15.1346],[42.112,15.1314],[42.1139,15.1291],[42.1164,15.1301],[42.1147,15.1346]]],[[[42.1034,15.1509],[42.1034,15.1442],[42.1081,15.1409],[42.1071,15.1466],[42.1034,15.1509]]],[[[42.1141,15.1757],[42.1085,15.1735],[42.1185,15.1704],[42.1158,15.1717],[42.1141,15.1757]]],[[[42.0205,15.2074],[42.0235,15.1844],[42.0315,15.1793],[42.0259,15.2082],[42.0205,15.2074]]],[[[42.0446,15.2256],[42.0427,15.1837],[42.0608,15.1959],[42.053,15.2199],[42.0446,15.2256]]],[[[42.5084,15.4886],[42.5052,15.4893],[42.504,15.4879],[42.5065,15.4866],[42.5084,15.4886]]],[[[42.3828,15.4946],[42.3579,15.5321],[42.3786,15.4918],[42.4116,15.4699],[42.3828,15.4946]]],[[[42.38,15.5138],[42.3845,15.5054],[42.3829,15.5087],[42.3813,15.5135],[42.38,15.5138]]],[[[41.8246,15.5241],[41.8491,15.5332],[41.8482,15.5544],[41.8192,15.5469],[41.8246,15.5241]]],[[[42.5015,15.5928],[42.4982,15.5935],[42.4961,15.5914],[42.4991,15.5904],[42.5015,15.5928]]],[[[42.2944,15.7146],[42.2825,15.6866],[42.307,15.6595],[42.3078,15.6618],[42.2985,15.6946],[42.2944,15.7146]]],[[[42.3683,15.7136],[42.3672,15.7183],[42.3623,15.7195],[42.3657,15.7136],[42.3683,15.7136]]],[[[42.4856,15.7169],[42.3776,15.74],[42.3861,15.7004],[42.4674,15.7006],[42.4856,15.7169]]],[[[42.5059,15.7246],[42.5029,15.7329],[42.4956,15.7305],[42.4965,15.7218],[42.5059,15.7246]]],[[[42.3032,15.7639],[42.2924,15.7914],[42.2825,15.7341],[42.2918,15.7341],[42.3032,15.7639]]],[[[42.4575,15.768],[42.4621,15.7782],[42.4548,15.7744],[42.4516,15.7668],[42.4575,15.768]]],[[[42.4406,15.8417],[42.4465,15.8465],[42.4429,15.847],[42.4417,15.8461],[42.4406,15.8417]]],[[[42.2909,15.838],[42.2947,15.8587],[42.2771,15.8754],[42.2764,15.8503],[42.2909,15.838]]],[[[42.4799,15.8605],[42.4773,15.8568],[42.485,15.8607],[42.4842,15.8612],[42.4799,15.8605]]],[[[42.5976,13.6424],[42.5968,13.644],[42.5959,13.6431],[42.5969,13.6409],[42.5976,13.6424]]],[[[42.5714,15.1792],[42.567,15.1763],[42.5703,15.1724],[42.5731,15.1748],[42.5714,15.1792]]],[[[42.6172,15.3333],[42.613,15.3344],[42.6091,15.3379],[42.6081,15.3395],[42.6079,15.3396],[42.6081,15.3396],[42.6151,15.3386],[42.6304,15.379],[42.6305,15.3789],[42.6306,15.3791],[42.6305,15.3792],[42.6391,15.4032],[42.5717,15.3938],[42.5998,15.4025],[42.6399,15.4513],[42.5564,15.3899],[42.5627,15.3295],[42.5346,15.3046],[42.5887,15.2633],[42.6195,15.3304],[42.6185,15.3319],[42.6185,15.332],[42.6181,15.3333],[42.6177,15.3333],[42.6176,15.3333],[42.6174,15.3333],[42.6172,15.3333]]],[[[42.6258,15.4143],[42.6312,15.4107],[42.6289,15.4225],[42.6292,15.4189],[42.6258,15.4143]]],[[[42.5342,15.4997],[42.5011,15.5057],[42.4861,15.4921],[42.5127,15.4899],[42.5342,15.4997]]],[[[42.633,15.5494],[42.6503,15.5505],[42.6551,15.5669],[42.6513,15.5676],[42.633,15.5494]]],[[[42.5541,15.5735],[42.5356,15.5631],[42.5486,15.5653],[42.5597,15.579],[42.5541,15.5735]]],[[[42.552,15.6306],[42.5543,15.6333],[42.5503,15.6365],[42.5473,15.6322],[42.552,15.6306]]],[[[42.6193,15.637],[42.5859,15.6478],[42.6012,15.6218],[42.6391,15.6318],[42.6193,15.637]]],[[[42.5681,15.7085],[42.5567,15.7098],[42.5417,15.707],[42.5624,15.7052],[42.5681,15.7085]]],[[[42.5079,15.7105],[42.5098,15.7128],[42.5062,15.7156],[42.5028,15.7144],[42.5079,15.7105]]],[[[42.5196,15.7146],[42.521,15.7176],[42.5132,15.7154],[42.5164,15.7138],[42.5196,15.7146]]],[[[42.5152,15.728],[42.5134,15.7331],[42.5086,15.7253],[42.5124,15.7234],[42.5152,15.728]]],[[[42.5091,15.7364],[42.5084,15.7357],[42.5109,15.7346],[42.5118,15.7359],[42.5091,15.7364]]],[[[42.604,15.75],[42.6046,15.7386],[42.6289,15.7688],[42.6195,15.7673],[42.604,15.75]]],[[[42.5704,15.8156],[42.57,15.8195],[42.5618,15.8195],[42.5618,15.8141],[42.5704,15.8156]]],[[[42.5362,15.8171],[42.5352,15.8163],[42.5376,15.8169],[42.5374,15.8174],[42.5362,15.8171]]],[[[42.57,15.8574],[42.5728,15.8603],[42.5636,15.8552],[42.5676,15.8541],[42.57,15.8574]]],[[[42.5694,15.8686],[42.5655,15.871],[42.5643,15.8643],[42.5709,15.8639],[42.5694,15.8686]]],[[[42.6635,15.8913],[42.6654,15.8919],[42.6642,15.8933],[42.6625,15.8923],[42.6635,15.8913]]],[[[42.5805,15.8951],[42.5809,15.894],[42.5812,15.8937],[42.5817,15.8958],[42.5805,15.8951]]],[[[42.5889,15.9158],[42.5901,15.9097],[42.5996,15.9235],[42.5941,15.9226],[42.5889,15.9158]]],[[[42.6908,13.5791],[42.691,13.5787],[42.6928,13.5795],[42.6918,13.5803],[42.6908,13.5791]]],[[[42.7472,13.6316],[42.7215,13.6109],[42.7265,13.6042],[42.7404,13.6042],[42.7472,13.6316]]],[[[42.6963,13.6302],[42.6946,13.6309],[42.6937,13.6292],[42.6956,13.6284],[42.6963,13.6302]]],[[[42.779,13.6357],[42.779,13.6358],[42.7789,13.6358],[42.7789,13.6356],[42.779,13.6357]]],[[[42.7804,13.6384],[42.7799,13.6377],[42.7795,13.6366],[42.7807,13.6369],[42.7807,13.6385],[42.7804,13.6384]]],[[[42.747,13.6362],[42.7491,13.6379],[42.7475,13.6397],[42.7458,13.6386],[42.747,13.6362]]],[[[42.7501,13.6455],[42.755,13.654],[42.7498,13.6543],[42.7439,13.6456],[42.7501,13.6455]]],[[[42.7522,13.6779],[42.7531,13.6799],[42.7508,13.6808],[42.7503,13.6783],[42.7522,13.6779]]],[[[42.7158,13.743],[42.6742,13.651],[42.7373,13.68],[42.785,13.7717],[42.7158,13.743]]],[[[42.7547,13.776],[42.7547,13.7753],[42.7571,13.7768],[42.7559,13.7767],[42.7547,13.776]]],[[[42.7154,13.8819],[42.7124,13.8808],[42.714,13.8805],[42.7153,13.8815],[42.7154,13.8819]]],[[[42.7101,13.8833],[42.7159,13.8856],[42.7115,13.8869],[42.71,13.8854],[42.7101,13.8833]]],[[[42.7145,13.9502],[42.7189,13.9575],[42.711,13.9469],[42.7144,13.9406],[42.7145,13.9502]]],[[[42.6946,13.9606],[42.697,13.9538],[42.6985,13.9542],[42.6986,13.9574],[42.6946,13.9606]]],[[[42.7005,13.965],[42.7016,13.9681],[42.6986,13.9681],[42.6986,13.9646],[42.7005,13.965]]],[[[42.7461,13.9118],[42.7769,13.9065],[42.7948,14.0295],[42.7648,14.0653],[42.6759,14.0047],[42.7636,13.9501],[42.7461,13.9118]]],[[[42.6956,14.0287],[42.6946,14.0302],[42.692,14.0287],[42.6937,14.0279],[42.6956,14.0287]]],[[[42.7578,14.0859],[42.7585,14.0826],[42.7611,14.0826],[42.7606,14.0866],[42.7578,14.0859]]],[[[42.7083,15.7364],[42.7036,15.7331],[42.7086,15.7339],[42.7103,15.7333],[42.7083,15.7364]]],[[[42.7092,15.7393],[42.7069,15.7378],[42.7069,15.7369],[42.7083,15.7387],[42.7154,15.7398],[42.7168,15.7406],[42.7092,15.7393]]],[[[42.678,15.819],[42.6755,15.8183],[42.6765,15.8148],[42.6784,15.8164],[42.678,15.819]]],[[[42.678,15.8612],[42.679,15.8589],[42.6778,15.8631],[42.67,15.8612],[42.6742,15.8599],[42.678,15.8612]]],[[[42.6913,15.8771],[42.6839,15.8793],[42.6834,15.877],[42.6891,15.8754],[42.6913,15.8771]]],[[[42.6663,15.8973],[42.6701,15.896],[42.6703,15.8982],[42.6681,15.8984],[42.6663,15.8973]]],[[[42.8122,13.6255],[42.8122,13.624],[42.8139,13.6251],[42.8126,13.626],[42.8122,13.6255]]],[[[42.8014,13.6654],[42.8006,13.6635],[42.8014,13.6631],[42.8031,13.6648],[42.8014,13.6654]]],[[[42.808,13.6653],[42.808,13.6659],[42.8067,13.6655],[42.8075,13.6648],[42.808,13.6653]]],[[[42.7907,13.7075],[42.7943,13.7062],[42.7962,13.7116],[42.79,13.7139],[42.7907,13.7075]]],[[[42.8046,13.7107],[42.8115,13.7115],[42.8062,13.7181],[42.805,13.717],[42.8046,13.7107]]],[[[42.8382,13.7829],[42.8397,13.7845],[42.8345,13.7838],[42.8352,13.7832],[42.8382,13.7829]]],[[[42.7912,13.7853],[42.7859,13.792],[42.7844,13.7872],[42.7875,13.7818],[42.7912,13.7853]]],[[[42.8045,13.7912],[42.8061,13.7916],[42.8066,13.7891],[42.8083,13.7915],[42.8073,13.7928],[42.8045,13.7912]]],[[[42.8065,13.8705],[42.7802,13.8647],[42.7762,13.8401],[42.7944,13.8471],[42.8065,13.8705]]],[[[42.8149,13.8542],[42.8176,13.8632],[42.8162,13.8603],[42.8143,13.8568],[42.8149,13.8542]]],[[[42.8233,13.8681],[42.8226,13.8676],[42.8226,13.8675],[42.8232,13.8676],[42.8233,13.8681]]],[[[42.8187,13.8654],[42.8225,13.8707],[42.8229,13.8835],[42.8174,13.8721],[42.8187,13.8654]]],[[[42.8135,13.8821],[42.8113,13.8829],[42.8106,13.8823],[42.812,13.8805],[42.8135,13.8821]]],[[[42.8238,13.8852],[42.8232,13.8853],[42.8232,13.8845],[42.8235,13.8847],[42.8238,13.8852]]],[[[42.8122,13.8853],[42.8125,13.8853],[42.8131,13.8872],[42.8122,13.8863],[42.8122,13.8853]]],[[[42.8163,13.8874],[42.8182,13.8899],[42.8186,13.8922],[42.8183,13.8922],[42.8172,13.89],[42.8163,13.8874]]],[[[42.8134,13.8908],[42.814,13.8903],[42.8146,13.8917],[42.814,13.8917],[42.8134,13.8908]]],[[[42.8135,14.0778],[42.8134,14.077],[42.8172,14.0762],[42.8157,14.079],[42.8135,14.0778]]],[[[42.8183,14.0815],[42.8218,14.0762],[42.8225,14.0773],[42.8232,14.0813],[42.8183,14.0815]]],[[[42.9479,14.5561],[42.951,14.5422],[42.9559,14.5768],[42.9465,14.5678],[42.9479,14.5561]]],[[[42.9455,14.6134],[42.918,14.6095],[42.8999,14.6321],[42.9066,14.6139],[42.9329,14.5967],[42.9455,14.6134]]],[[[42.914,14.9469],[42.9187,14.9401],[42.9234,14.9463],[42.9177,14.9516],[42.914,14.9469]]],[[[49.1735,14.5415],[49.1735,14.5409],[49.1734,14.5408],[49.1737,14.5409],[49.1735,14.5415]]],[[[48.3773,13.9395],[48.3789,13.9349],[48.3876,13.935],[48.3866,13.9401],[48.3773,13.9395]]],[[[48.4578,13.9774],[48.4625,13.9766],[48.4659,13.9837],[48.4564,13.984],[48.4578,13.9774]]],[[[48.3206,13.9861],[48.3235,13.9869],[48.3254,13.9932],[48.3189,13.9954],[48.3206,13.9861]]],[[[48.3916,13.9958],[48.3918,13.9971],[48.3904,13.998],[48.3892,13.9961],[48.3916,13.9958]]],[[[45.0068,12.7535],[45.0066,12.7528],[45.0075,12.7533],[45.0073,12.7539],[45.0068,12.7535]]],[[[44.9869,12.7941],[44.9864,12.7948],[44.9854,12.7943],[44.9862,12.7934],[44.9869,12.7941]]],[[[45.0164,12.797],[45.0149,12.7991],[45.0158,12.7974],[45.0152,12.7967],[45.0164,12.797]]],[[[45.0143,12.7999],[45.0141,12.7996],[45.0144,12.7996],[45.0145,12.7999],[45.0143,12.7999]]],[[[45.0105,12.8017],[45.0111,12.8039],[45.0096,12.8034],[45.0089,12.8029],[45.0105,12.8017]]],[[[43.6162,12.7388],[43.6154,12.7364],[43.6156,12.7364],[43.6161,12.737],[43.6162,12.7388]]],[[[53.3112,12.1118],[53.2459,12.1197],[53.2632,12.1118],[53.3072,12.1066],[53.3112,12.1118]]],[[[53.1752,12.1317],[53.1696,12.1374],[53.1662,12.1317],[53.1752,12.1317]]],[[[52.9879,12.1593],[53.0909,12.1311],[53.0811,12.1641],[53.0193,12.1746],[52.9879,12.1593]]],[[[52.371,12.1519],[52.393,12.1938],[52.314,12.1889],[52.1647,12.2152],[52.0606,12.2346],[52.2715,12.1459],[52.371,12.1519]]],[[[54.2594,12.4353],[54.3848,12.4548],[54.5382,12.5454],[54.1846,12.6705],[54.0986,12.7025],[53.9737,12.6338],[53.9077,12.6491],[53.8061,12.5977],[53.6661,12.6959],[53.51,12.7146],[53.4029,12.653],[53.3918,12.5476],[53.3104,12.5279],[53.4975,12.405],[53.5509,12.3348],[53.7611,12.295],[54.1451,12.3437],[54.2594,12.4353]]],[[[53.1505,12.6336],[53.1483,12.635],[53.1451,12.6307],[53.1505,12.6336]]],[[[53.1619,12.6442],[53.1559,12.6457],[53.1581,12.6396],[53.1619,12.6442]]]]},"properties":{"iso3":"YEM"}},
{"type":"Feature","geometry":{"type":"Polygon","coordinates":[[[29.0417,-13.405],[29.0056,-13.4233],[29.004472041816804,-13.4159548437356],[29.0041,-13.4161],[28.98636236307054,-13.371091410788381],[28.921451389829688,-13.206382247919484],[28.912537215871424,-13.18376286544797],[28.8383,-13.1456],[28.827745221276597,-13.027822072340431],[28.796113275945757,-12.959168228859898],[28.78388722118615,-12.940229270201906],[28.78230328570972,-12.938759877904563],[28.667212691509775,-12.831992124337047],[28.6531,-12.8189],[28.573,-12.893],[28.569964414494393,-12.88852680171092],[28.555028145788825,-12.866516915481217],[28.470892691696843,-12.742536033177],[28.4651,-12.734],[28.460151553309974,-12.71512060012827],[28.4559,-12.6989],[28.514,-12.6741],[28.519485030442997,-12.64844224648331],[28.521827148305345,-12.63096265106853],[28.4451,-12.5631],[28.44330986732693,-12.53590153261241],[28.349799100734405,-12.445506241585122],[28.316203839683855,-12.419820416010253],[28.267188552188554,-12.421410101010101],[28.235,-12.4231],[28.234065808022553,-12.42248435217224],[28.204010502714183,-12.402677413264103],[28.174,-12.3829],[28.129,-12.4361],[28.12714822791626,-12.433191072586785],[28.09645723929376,-12.384978952463351],[28.0761,-12.353],[27.984428760480142,-12.353681289145895],[27.955,-12.3539],[27.9445860272154,-12.32172675074677],[27.9181,-12.2399],[27.818,-12.2299],[27.8171,-12.2601],[27.768043446901604,-12.28404624964803],[27.7581,-12.2889],[27.721395844534303,-12.284885934217362],[27.631,-12.275],[27.627552623819764,-12.26519712583385],[27.6228,-12.2642],[27.618641087957236,-12.239856501509687],[27.6153,-12.2203],[27.5784477306192,-12.200373803311717],[27.530432090487565,-12.167497788486894],[27.4961,-12.0565],[27.492017162580538,-12.055586151913333],[27.468724312057816,-11.953249616699301],[27.4688,-11.9306],[27.232,-11.7839],[27.2053,-11.56],[27.191888689633164,-11.57143306935828],[27.042288516064687,-11.607572437130441],[27.0207,-11.6091],[27.046994386462902,-11.702483740158698],[27.041427496933554,-11.711694165657375],[27.0046,-11.7458],[27.008,-11.83608888888889],[27.008,-11.841614950419526],[26.879651902223554,-11.979557337732274],[26.873155398309045,-11.981263966481949],[26.7743,-11.9553],[26.7093,-12.0065],[26.5927,-11.9682],[26.576543831095254,-11.982297049338454],[26.559,-11.979],[26.444,-11.9151],[26.440259158164224,-11.916770253065271],[26.4283,-11.9105],[26.316928931437698,-11.961798189155969],[26.276060796139927,-11.94866076483209],[26.208,-11.9208],[26.083703990866866,-11.93561529994926],[25.99,-11.9411],[25.987733211276083,-11.907332664526487],[25.9901,-11.8952],[25.960050462971488,-11.88879067061834],[25.922660847608917,-11.876199167797708],[25.8869,-11.8083],[25.88439161651198,-11.80842381683884],[25.86082590206186,-11.809587048969071],[25.722591554293825,-11.816410463347866],[25.719,-11.816],[25.65,-11.7289],[25.507231345984543,-11.781341819318095],[25.501637408203383,-11.762038294339929],[25.5081,-11.7299],[25.47958095382731,-11.685926021619956],[25.4774,-11.6784],[25.448387729593485,-11.666803034964131],[25.3456,-11.6215],[25.32,-11.5637],[25.310739952944168,-11.508235511255245],[25.3322,-11.495],[25.291732383346275,-11.387861597288415],[25.30493810134351,-11.349303725489005],[25.3136,-11.3467],[25.30888203385642,-11.337788286173236],[25.32631251577076,-11.286895007428697],[25.3384,-11.2802],[25.33096566350335,-11.273308811375252],[25.3165,-11.2599],[25.33410657085029,-11.227969439305403],[25.3519,-11.1957],[25.1183,-11.2547],[24.8729,-11.2656],[24.85387242927152,-11.293367507522424],[24.852,-11.2961],[24.73482438903079,-11.323749008518918],[24.6935,-11.3335],[24.593230146333227,-11.444113676861022],[24.4565,-11.4574],[24.4297449747982,-11.44563443612244],[24.4199,-11.4271],[24.332859683054654,-11.403028978635215],[24.2955,-11.3866],[24.33210639815285,-11.364755729745474],[24.3581,-11.3531],[24.360592275370944,-11.347757247737189],[24.405050197836985,-11.252451701398043],[24.4075,-11.2472],[24.39828211624441,-11.194246199701938],[24.3793,-11.0852],[24.35307742424995,-11.07039474728324],[24.3019,-11.0415],[24.253904707171664,-11.032830150215107],[24.2034,-11.0137],[24.147771776924813,-11.033669105719296],[24.13344618718369,-10.976239596550002],[24.116242612669332,-10.90727260404422],[24.116,-10.9063],[24.111037807480866,-10.905611160935647],[24.006987655786347,-10.891167181008901],[23.9993,-10.8901],[23.99812407704655,-10.891536496789726],[23.9817,-10.9116],[24.0238,-10.9832],[24.0009,-11.1173],[24.0347,-11.1354],[24.032,-11.2728],[24.0881,-11.4031],[24.0241,-11.4461],[24.0384,-11.5313],[23.9604,-11.6606],[24.0227,-11.8305],[23.9843,-11.8839],[23.9772,-12.0779],[23.9838,-12.1697],[24.0625,-12.2696],[24.0432,-12.3336],[24.0775,-12.3811],[23.9474,-12.5381],[23.8934,-12.8403],[24.0561,-12.9983],[22.0029,-12.9972],[21.9977,-13.726],[22.0012,-16.2081],[22.0808,-16.2601],[22.1429,-16.4807],[22.1894,-16.541],[22.6925,-17.0186],[22.8002,-17.1659],[22.996,-17.2746],[23.0884,-17.4189],[23.2458,-17.548],[23.3918,-17.5764],[23.435532169563647,-17.634709559418198],[23.438,-17.638],[24.2464,-17.4738],[24.252764230557897,-17.474001133701595],[24.364543617485385,-17.47753378413751],[24.430618960061647,-17.479622014303835],[24.47892660877267,-17.492427900023124],[24.5589,-17.5389],[24.692834782608696,-17.50185797101449],[24.7079,-17.4978],[24.715407908158223,-17.49935631527728],[24.7952,-17.5369],[24.8250183896868,-17.52207748652197],[24.845018727241488,-17.526223359144684],[24.9453,-17.568],[24.9752,-17.5533],[25.0042,-17.5963],[25.028183172806774,-17.592921308218905],[25.046138599675903,-17.607239462120976],[25.0444,-17.629],[25.06086622570308,-17.61898367837416],[25.079757215227968,-17.6340478758088],[25.1018,-17.6635],[25.0951,-17.709],[25.119028571428572,-17.699173333333334],[25.1318,-17.6952],[25.166107944150216,-17.73811420317766],[25.1874,-17.7664],[25.189568918792293,-17.76746043937671],[25.193950648019417,-17.769602777866755],[25.228825251902403,-17.78665385572915],[25.3093,-17.826],[25.5159,-17.8649],[25.6885,-17.8083],[25.8421,-17.8948],[25.8578,-17.9744],[25.9689,-18.0025],[26.0916,-17.9818],[26.0878,-17.9344],[26.22,-17.8842],[26.2451,-17.9175],[26.5619,-17.9875],[26.5986,-18.0508],[26.693,-18.0774],[26.8312,-17.9919],[27.0415,-17.9626],[27.3315,-17.5878],[27.6217,-17.3316],[27.6303,-17.2454],[27.8301,-16.9622],[28.1366,-16.8237],[28.2535,-16.7247],[28.7469,-16.5449],[28.8235,-16.4727],[28.8519,-16.3759],[28.8202,-16.3176],[28.8417,-16.2367],[28.8484,-16.0434],[28.883,-15.9774],[28.934,-15.9418],[29.0207,-15.9397],[29.2141,-15.7681],[29.5534,-15.6482],[29.6339,-15.6643],[29.789,-15.6134],[29.9697,-15.6438],[30.1637,-15.6178],[30.2141,-15.6673],[30.2573,-15.6275],[30.3543,-15.6551],[30.41878447239594,-15.6211059829807],[30.3602,-15.5511],[30.39977502808448,-15.477686864364168],[30.3765,-15.3543],[30.2707,-15.2394],[30.269261821855892,-15.233087705382042],[30.2578,-15.2212],[30.218502718211745,-15.010301385023917],[30.2157,-14.998],[30.53110601045616,-14.88530485467865],[30.7846,-14.7914],[31.5055,-14.6092],[31.6861,-14.508],[31.702640296779318,-14.504879898562082],[31.89952020274254,-14.44184171157979],[31.9592,-14.4116],[32.13240395567401,-14.367275597325477],[32.3091,-14.3107],[32.4508,-14.2846],[33.21948124934348,-14.006556010643594],[33.2412,-13.9987],[33.1465,-13.9379],[33.0714,-13.9808],[33.0343,-14.0531],[32.99448737378644,-14.004805987249723],[32.9944,-14.0047],[32.99624828052171,-13.951931591105188],[32.9964,-13.9476],[32.98226767737462,-13.947062357291426],[32.964,-13.9407],[32.9500198547427,-13.91578721066191],[32.9534,-13.9044],[32.904424095461216,-13.834535011576468],[32.89645123424027,-13.823161584946575],[32.8908,-13.8151],[32.7718,-13.7801],[32.838813479205264,-13.72473723025134],[32.84419977039489,-13.72028737922932],[32.8483,-13.7169],[32.8025,-13.6496],[32.67235676474927,-13.6183337598556],[32.6879,-13.5718],[32.7443,-13.5831],[32.8476,-13.5161],[32.847562426040405,-13.515152111473887],[32.8495,-13.5139],[32.845728971962615,-13.46889906542056],[32.8454,-13.4606],[32.9172,-13.4162],[32.917311531873786,-13.415616200348161],[32.9175,-13.4155],[32.92092769230769,-13.396687860576924],[32.9431,-13.275],[33.014126542918895,-13.201750983769431],[33.0198,-13.1959],[32.97464715331509,-13.117122693017812],[32.9728,-13.1139],[33.026508074843406,-12.91351265216367],[33.0282,-12.9072],[32.94704290318885,-12.847592534254419],[32.940743561643835,-12.79512109589041],[32.93869983655823,-12.775365086729586],[32.9383,-12.7715],[32.9962,-12.7245],[33.0203,-12.6489],[33.0897,-12.5917],[33.155532357163565,-12.603359294357263],[33.16345056441936,-12.604761655037553],[33.18063331817148,-12.635183579713448],[33.1803,-12.6406],[33.18238064618774,-12.638277209643865],[33.2731,-12.537],[33.3185,-12.5253],[33.366,-12.5577],[33.39332508844507,-12.532709574735069],[33.4807,-12.4528],[33.4791843771692,-12.443465687962686],[33.5388,-12.3815],[33.53859783553076,-12.375879827755014],[33.5485,-12.37],[33.5376,-12.3321],[33.51009018245795,-12.332032573976614],[33.43761304508624,-12.331854933934036],[33.3744,-12.3317],[33.3112,-12.2473],[33.31056150769119,-12.232917120622568],[33.30783151215426,-12.171420379053732],[33.3074,-12.1617],[33.25977133585754,-12.13939171264474],[33.2568,-12.138],[33.310003323357655,-11.906098491318916],[33.3354,-11.7954],[33.322280808919466,-11.68352706677737],[33.31257341577729,-11.600747988548049],[33.3117,-11.5933],[33.22223891921397,-11.591922161572054],[33.2208,-11.5919],[33.2305,-11.4287],[33.23157231051344,-11.428845672371637],[33.26878685996299,-11.433901233806292],[33.2835,-11.4359],[33.2772,-11.3771],[33.29113772209924,-11.371659071052168],[33.3146,-11.3625],[33.37589638163025,-11.220019966255022],[33.40331715734319,-11.15628189648673],[33.4046,-11.1533],[33.39428616815188,-11.141483216719466],[33.32357617915905,-11.025613907025328],[33.31172888468809,-10.94569168241967],[33.311458238535195,-10.943865894880323],[33.3109,-10.9401],[33.24762483894651,-10.89298225774763],[33.25014704843918,-10.88960747039828],[33.299243583503355,-10.870669214514718],[33.3142,-10.8649],[33.336,-10.821],[33.35375954614667,-10.820019411562454],[33.433499030829644,-10.815616617929653],[33.4664,-10.8138],[33.69052143463119,-10.576604001920584],[33.6961,-10.5707],[33.67528896867572,-10.549775865244609],[33.6295213185522,-10.503759477892153],[33.6228476013941,-10.497049490532111],[33.6225,-10.4967],[33.63310426871548,-10.462003576922157],[33.6339,-10.4594],[33.56583620627817,-10.410823350538779],[33.53981396002974,-10.312433762417918],[33.543210528907146,-10.295201628571995],[33.555832179847464,-10.23116701416836],[33.5603,-10.2085],[33.49818257638122,-10.187443246230922],[33.41893114635652,-10.12733578795259],[33.4066,-10.1115],[33.397359211509354,-10.110974768682592],[33.364569524168296,-10.109111056435854],[33.3503,-10.1083],[33.334161150559126,-10.090003048599014],[33.317598663118986,-10.064383732679518],[33.33157651889451,-10.023929051117602],[33.3745,-9.8997],[33.35913313215214,-9.860277824255276],[33.3508,-9.8389],[33.297529831134966,-9.798902683612242],[33.2362,-9.7378],[33.22763713511973,-9.705637673175607],[33.22,-9.6213],[33.204082473029544,-9.617165794782647],[33.161187806500244,-9.606024908733502],[33.1249,-9.5966],[33.12038631795521,-9.612957434517686],[33.10988210594851,-9.651024351583313],[33.10460287490525,-9.670156110364058],[33.095046341335184,-9.675084981546323],[33.0626,-9.6222],[33.02298546553232,-9.632276170787947],[33.01128664941604,-9.604368151618994],[33.022956900607596,-9.542184872881894],[33.0273366227546,-9.51884814442694],[33.032,-9.494],[32.992444115083714,-9.492487999466825],[32.96483662359087,-9.491432719274126],[32.9509,-9.4909],[32.958640687578296,-9.406028889766551],[32.9593,-9.3988],[32.8647,-9.3777],[32.7649,-9.321],[32.7553,-9.2832],[32.545,-9.2555],[32.4928,-9.1491],[32.4371,-9.1175],[32.2547,-9.1305],[32.1552,-9.059],[31.988,-9.0752],[31.9369,-9.0192],[31.9416,-8.9171],[31.8014,-8.8851],[31.7354,-8.9234],[31.6788,-8.9165],[31.5793,-8.8369],[31.5699,-8.704],[31.4073,-8.6375],[31.3745,-8.5875],[31.2787,-8.6323],[31.2117,-8.5835],[31.1366,-8.6219],[31.0506,-8.6029],[30.7961,-8.2767],[30.564,-8.2972],[30.55978343782777,-8.296450737279432],[29.66200195349766,-8.392033208350897],[29.6285,-8.3956],[29.59658923515184,-8.399760185896074],[29.596194899298663,-8.399811595207712],[28.8975,-8.4909],[28.9348,-8.5604],[28.934655893585575,-8.577332503694942],[28.933579828194713,-8.703770187121266],[28.9334,-8.7249],[28.90914643502135,-8.760918844466937],[28.8599367162951,-8.833999944363915],[28.7858,-8.9441],[28.672971262462074,-9.054666971849521],[28.667080166131786,-9.060439975220183],[28.4815,-9.2423],[28.6313,-9.5142],[28.697,-9.8063],[28.627091106076673,-10.131984461996058],[28.6217,-10.1571],[28.593884965831442,-10.203041685649195],[28.578112636601013,-10.229092611456757],[28.5772,-10.2306],[28.634560161567837,-10.311137951810872],[28.6361,-10.3133],[28.6341,-10.5185],[28.637730327611283,-10.52684917450633],[28.666391414082707,-10.592765102244437],[28.6968,-10.6627],[28.69504887611677,-10.664986319922608],[28.689499584620574,-10.672231641527558],[28.66382094581535,-10.705758443399263],[28.65024035830117,-10.723489666239491],[28.5476,-10.8575],[28.4785,-11.1088],[28.4898,-11.2411],[28.390136789916024,-11.542348286571114],[28.387883297809374,-11.56807948725827],[28.4319,-11.6441],[28.43201196209095,-11.648766783518255],[28.432261524407505,-11.659168994621869],[28.43434613222203,-11.746059238527355],[28.4553,-11.7752],[28.453105527884354,-11.827948607520527],[28.485,-11.8288],[28.53253568096509,-11.891264998878981],[28.5369,-11.897],[28.659125970645746,-11.948211691571194],[28.7591,-11.9901],[28.759838112383893,-11.992638481743546],[28.7657,-11.9936],[28.7757,-12.0453],[28.84453059884172,-12.116867165433527],[28.947,-12.212],[28.968052220716423,-12.24529975931016],[29.02045376374401,-12.328186918522693],[29.055654379236707,-12.383866176272535],[29.075407048185017,-12.387023915866312],[29.24166470588235,-12.367120955882353],[29.2669,-12.3641],[29.3021,-12.4131],[29.324223647643482,-12.419493273493725],[29.345805022902397,-12.42572984155991],[29.3748,-12.4127],[29.4795,-12.4602],[29.5312,-12.4042],[29.4889,-12.3958],[29.46366835350964,-12.340015123395856],[29.456,-12.333],[29.48126513252304,-12.254503846885319],[29.483018705346552,-12.24905567752675],[29.485,-12.2429],[29.499755702605842,-12.234718782666317],[29.575,-12.193],[29.595189666631192,-12.196069004699638],[29.6671,-12.207],[29.732218098237414,-12.18332491999797],[29.7596,-12.1571],[29.8136,-12.1495],[29.8147,-12.1496],[29.8147,-13.4445],[29.808985869788966,-13.445439397823808],[29.809,-13.4551],[29.746710909474096,-13.45567734481435],[29.716419572907018,-13.45595810900498],[29.7119,-13.456],[29.703303105706265,-13.45200005612722],[29.629339160839162,-13.417586276223776],[29.6111,-13.4091],[29.605198125625986,-13.364400558019748],[29.605,-13.3629],[29.6352,-13.354546808510639],[29.6462419661297,-13.351492647666253],[29.66854580177334,-13.277072918835481],[29.6745830336237,-13.250499774783714],[29.584453871509417,-13.213742670564088],[29.5809,-13.2129],[29.4421,-13.3139],[29.349,-13.348],[29.332162587639573,-13.339836406128278],[29.313,-13.3445],[29.31019840596702,-13.346674620201062],[29.299,-13.375],[29.195392864155238,-13.435787620685451],[29.1831,-13.443],[29.122,-13.3701],[29.121465584136295,-13.370308508309844],[29.081122625382225,-13.386048763633736],[29.0417,-13.405]]]},"properties":{"iso3":"ZMB"}}
]}