{"type":"FeatureCollection", "features": [
{"type":"Feature","geometry":{"type":"Polygon","coordinates":[[[-1.6461,12.2117],[-1.646,12.231],[-1.6458,12.2315],[-1.7919,12.2356],[-1.8281,12.1599],[-1.7247,12.0927],[-1.6514,12.1839],[-1.6461,12.2117]]]},"properties":{"pcode":"BF130001","iso3":"BFA","name":"Komki-Ipala"},"id":"0"},
{"type":"Feature","geometry":{"type":"Polygon","coordinates":[[[-1.7247,12.0927],[-1.7232,12.0912],[-1.6889,12.0481],[-1.4683,12.2313],[-1.468,12.258],[-1.4674,12.2636],[-1.63,12.2799],[-1.6458,12.2315],[-1.646,12.231],[-1.6461,12.2117],[-1.6459,12.2116],[-1.6514,12.1839],[-1.7247,12.0927]]]},"properties":{"pcode":"BF130002","iso3":"BFA","name":"Komsilga"},"id":"1"},
{"type":"Feature","geometry":{"type":"Polygon","coordinates":[[[-1.4683,12.2313],[-1.4611,12.2255],[-1.4051,12.1075],[-1.3451,12.1688],[-1.2753,12.1421],[-1.1792,12.156],[-1.0736,12.1846],[-1.0969,12.2673],[-1.2159,12.3314],[-1.2166,12.3316],[-1.3624,12.2434],[-1.4146,12.27],[-1.4674,12.2636],[-1.468,12.258],[-1.4683,12.2313]]]},"properties":{"pcode":"BF130003","iso3":"BFA","name":"Koubri"},"id":"2"},
{"type":"Feature","geometry":{"type":"Polygon","coordinates":[[[-1.4674,12.2636],[-1.4146,12.27],[-1.4505,12.4657],[-1.4574,12.4998],[-1.4618,12.5005],[-1.6823,12.4244],[-1.683,12.4216],[-1.63,12.2799],[-1.4674,12.2636]]]},"properties":{"pcode":"BF130004","iso3":"BFA","name":"Ouagadougou"},"id":"3"},
{"type":"Feature","geometry":{"type":"Polygon","coordinates":[[[-1.4618,12.5005],[-1.4846,12.5714],[-1.4868,12.5739],[-1.5734,12.5681],[-1.5596,12.6581],[-1.6051,12.6725],[-1.6254,12.6116],[-1.7296,12.577],[-1.7293,12.5751],[-1.7166,12.4956],[-1.6827,12.4245],[-1.6823,12.4244],[-1.4618,12.5005]]]},"properties":{"pcode":"BF130005","iso3":"BFA","name":"Pabré"},"id":"4"},
{"type":"Feature","geometry":{"type":"Polygon","coordinates":[[[-1.2166,12.3316],[-1.1831,12.3727],[-1.2503,12.4883],[-1.2543,12.4979],[-1.3176,12.51],[-1.4505,12.4657],[-1.4146,12.27],[-1.3624,12.2434],[-1.2166,12.3316]]]},"properties":{"pcode":"BF130006","iso3":"BFA","name":"Saaba"},"id":"5"},
{"type":"Feature","geometry":{"type":"MultiPolygon","coordinates":[[[[-1.6514,12.1839],[-1.6459,12.2116],[-1.6461,12.2117],[-1.6514,12.1839]]],[[[-1.6458,12.2315],[-1.63,12.2799],[-1.683,12.4216],[-1.6823,12.4244],[-1.6827,12.4245],[-1.6839,12.4238],[-1.8145,12.3716],[-1.8127,12.2642],[-1.811,12.2642],[-1.7919,12.2356],[-1.6458,12.2315]]]]},"properties":{"pcode":"BF130007","iso3":"BFA","name":"Tanguen-Dassouri"},"id":"6"},
{"type":"Feature","geometry":{"type":"Polygon","coordinates":[[[-3.1409,11.8135],[-3.1445,11.8188],[-3.1446,11.819],[-3.2729,11.8105],[-3.3338,11.9032],[-3.3981,11.8956],[-3.3981,11.8954],[-3.4084,11.7112],[-3.4082,11.7113],[-3.3647,11.69],[-3.1153,11.5849],[-3.1409,11.8135]]]},"properties":{"pcode":"BF460101","iso3":"BFA","name":"Bagassi"},"id":"7"},
{"type":"Feature","geometry":{"type":"Polygon","coordinates":[[[-3.3338,11.9032],[-3.3048,11.9467],[-3.3652,11.9687],[-3.3653,11.9689],[-3.3868,12.0001],[-3.4952,11.9836],[-3.4751,11.9367],[-3.3981,11.8956],[-3.3338,11.9032]]]},"properties":{"pcode":"BF460102","iso3":"BFA","name":"Bana"},"id":"8"},
{"type":"Feature","geometry":{"type":"Polygon","coordinates":[[[-3.1153,11.5849],[-3.115,11.5849],[-3.0955,11.5439],[-3.0903,11.551],[-3.0503,11.5837],[-2.8328,11.522],[-2.8136,11.5709],[-2.7551,11.7143],[-2.9214,11.7973],[-3.0304,11.768],[-3.061,11.8393],[-3.0611,11.8395],[-3.1409,11.8135],[-3.1153,11.5849]]]},"properties":{"pcode":"BF460103","iso3":"BFA","name":"Boromo"},"id":"9"},
{"type":"Feature","geometry":{"type":"Polygon","coordinates":[[[-2.8328,11.522],[-2.8326,11.5218],[-2.848,11.2977],[-2.8481,11.2976],[-2.8583,11.2446],[-2.8068,11.2397],[-2.7409,11.3507],[-2.6277,11.3285],[-2.5153,11.4102],[-2.515,11.4103],[-2.6698,11.4985],[-2.7051,11.6061],[-2.7052,11.6059],[-2.8136,11.5709],[-2.8328,11.522]]]},"properties":{"pcode":"BF460104","iso3":"BFA","name":"Fara"},"id":"10"},
{"type":"Feature","geometry":{"type":"Polygon","coordinates":[[[-3.1409,11.8135],[-3.0611,11.8395],[-2.863893330345091,11.959182669831096],[-2.8639,11.9592],[-2.8637,11.9593],[-2.9227,12.0501],[-3.0153,12.032],[-3.0714,12.1032],[-3.0716,12.1033],[-3.0717,12.1033],[-3.2306,12.0758],[-3.1853,11.9667],[-3.1058,11.961],[-3.0904,11.8982],[-3.1445,11.8876],[-3.1445,11.8875],[-3.1446,11.819],[-3.1445,11.8188],[-3.1409,11.8135]]]},"properties":{"pcode":"BF460105","iso3":"BFA","name":"Ouri"},"id":"11"},
{"type":"Feature","geometry":{"type":"Polygon","coordinates":[[[-3.3647,11.69],[-3.4209,11.6223],[-3.4206,11.6214],[-3.2956,11.5637],[-3.2816,11.4847],[-3.0955,11.5439],[-3.115,11.5849],[-3.1153,11.5849],[-3.3647,11.69]]]},"properties":{"pcode":"BF460106","iso3":"BFA","name":"Pâ"},"id":"12"},
{"type":"Feature","geometry":{"type":"Polygon","coordinates":[[[-3.1446,11.819],[-3.1445,11.8875],[-3.1445,11.8876],[-3.1963,11.9283],[-3.2688,11.8937],[-3.271,11.979],[-3.3653,11.9689],[-3.3652,11.9687],[-3.3048,11.9467],[-3.3338,11.9032],[-3.2729,11.8105],[-3.1446,11.819]]]},"properties":{"pcode":"BF460107","iso3":"BFA","name":"Pompoï"},"id":"13"},
{"type":"Feature","geometry":{"type":"Polygon","coordinates":[[[-2.8136,11.5709],[-2.7052,11.6059],[-2.7051,11.6061],[-2.7551,11.7143],[-2.8136,11.5709]]]},"properties":{"pcode":"BF460108","iso3":"BFA","name":"Poura"},"id":"14"},
{"type":"Feature","geometry":{"type":"Polygon","coordinates":[[[-2.9214,11.7973],[-2.8273,11.8641],[-2.863893330345091,11.959182669831096],[-3.0611,11.8395],[-3.061,11.8393],[-3.0304,11.768],[-2.9214,11.7973]]]},"properties":{"pcode":"BF460109","iso3":"BFA","name":"Siby"},"id":"15"},
{"type":"Feature","geometry":{"type":"Polygon","coordinates":[[[-3.3981,11.8956],[-3.4751,11.9367],[-3.5863,11.876],[-3.5668,11.7734],[-3.567,11.7733],[-3.5227,11.7347],[-3.4084,11.7112],[-3.3981,11.8954],[-3.3981,11.8956]]]},"properties":{"pcode":"BF460110","iso3":"BFA","name":"Yaho"},"id":"16"},
{"type":"Feature","geometry":{"type":"Polygon","coordinates":[[[-4.3148,12.2404],[-4.2338,12.2331],[-4.0155,12.3877],[-4.0155,12.3879],[-4.096,12.3848],[-4.1726,12.5633],[-4.2724,12.4796],[-4.2572,12.3613],[-4.3314,12.2885],[-4.3148,12.2404]]]},"properties":{"pcode":"BF460201","iso3":"BFA","name":"Balavé"},"id":"17"},
{"type":"Feature","geometry":{"type":"Polygon","coordinates":[[[-4.2391,11.9287],[-4.3042,11.9682],[-4.275,12.072],[-4.4089,12.0388],[-4.3757,12.1101],[-4.3758,12.1102],[-4.4298,12.0027],[-4.4298,12.0025],[-4.4389,11.9745],[-4.4374,11.9687],[-4.4887,11.798],[-4.4894,11.7971],[-4.4419,11.7077],[-4.4071,11.7506],[-4.3458,11.7257],[-4.2387,11.7945],[-4.2391,11.9287]]]},"properties":{"pcode":"BF460202","iso3":"BFA","name":"Kouka"},"id":"18"},
{"type":"Feature","geometry":{"type":"Polygon","coordinates":[[[-4.3314,12.2885],[-4.4759,12.2801],[-4.5802,12.1996],[-4.5416,12.1409],[-4.6062,12.1373],[-4.6316,12.0573],[-4.4975,12.1088],[-4.4789,12.0048],[-4.4298,12.0027],[-4.3758,12.1102],[-4.315,12.2402],[-4.3148,12.2404],[-4.3314,12.2885]]]},"properties":{"pcode":"BF460203","iso3":"BFA","name":"Sami"},"id":"19"},
{"type":"Feature","geometry":{"type":"Polygon","coordinates":[[[-3.5563,12.4837],[-3.6538,12.5388],[-3.8928,12.5395],[-3.893,12.5396],[-3.9929,12.4193],[-3.9928,12.4194],[-3.8959,12.3367],[-3.9086,12.2666],[-3.8321,12.2331],[-3.7341,12.3121],[-3.6821,12.4135],[-3.569,12.3993],[-3.5563,12.4837]]]},"properties":{"pcode":"BF460204","iso3":"BFA","name":"Sanaba"},"id":"20"},
{"type":"Feature","geometry":{"type":"Polygon","coordinates":[[[-4.3148,12.2404],[-4.315,12.2402],[-4.3758,12.1102],[-4.3757,12.1101],[-4.4089,12.0388],[-4.275,12.072],[-4.3042,11.9682],[-4.2391,11.9287],[-3.9752,11.9388],[-3.9159,12.041],[-3.8218,12.1353],[-3.8321,12.2331],[-3.9086,12.2666],[-3.8959,12.3367],[-3.9928,12.4194],[-3.9929,12.4193],[-4.0155,12.3879],[-4.0155,12.3877],[-4.2338,12.2331],[-4.3148,12.2404]]]},"properties":{"pcode":"BF460205","iso3":"BFA","name":"Solenzo"},"id":"21"},
{"type":"Feature","geometry":{"type":"Polygon","coordinates":[[[-4.1726,12.5633],[-4.1617,12.6897],[-4.2336,12.7283],[-4.2336,12.7284],[-4.4785,12.7272],[-4.4819,12.6562],[-4.3669,12.5334],[-4.4381,12.4201],[-4.3962,12.3094],[-4.474,12.3304],[-4.4759,12.2801],[-4.3314,12.2885],[-4.2572,12.3613],[-4.2724,12.4796],[-4.1726,12.5633]]]},"properties":{"pcode":"BF460206","iso3":"BFA","name":"Tansila"},"id":"22"},
{"type":"Feature","geometry":{"type":"Polygon","coordinates":[[[-3.4739,13.0463],[-3.4404,13.1583],[-3.4403,13.1585],[-3.5483,13.167],[-3.8382,13.3587],[-3.8387,13.3543],[-3.8906,13.301],[-4.0028,13.303],[-4.0028,13.3028],[-4.0793,13.1498],[-4.0175,13.0381],[-3.9865,13.0868],[-3.8292,13.0607],[-3.8727,12.9726],[-3.7196,12.8729],[-3.6632,12.9686],[-3.5312,12.9912],[-3.4597,12.9926],[-3.4739,13.0463]]]},"properties":{"pcode":"BF460301","iso3":"BFA","name":"Barani"},"id":"23"},
{"type":"Feature","geometry":{"type":"Polygon","coordinates":[[[-4.0175,13.0381],[-4.0472,13.021],[-4.047,13.021],[-4.0676,12.8842],[-3.9303,12.8781],[-3.8727,12.9725],[-3.8727,12.9726],[-3.8292,13.0607],[-3.9865,13.0868],[-4.0175,13.0381]]]},"properties":{"pcode":"BF460302","iso3":"BFA","name":"Bomborokui"},"id":"24"},
{"type":"Feature","geometry":{"type":"Polygon","coordinates":[[[-3.5563,12.4837],[-3.5192,12.7251],[-3.5192,12.7252],[-3.5758,12.754],[-3.5759,12.7539],[-3.8357,12.6149],[-3.8266,12.5468],[-3.8708,12.6378],[-3.9122,12.5832],[-3.912,12.5832],[-3.893,12.5396],[-3.8928,12.5395],[-3.6538,12.5388],[-3.5563,12.4837]]]},"properties":{"pcode":"BF460303","iso3":"BFA","name":"Bourasso"},"id":"25"},
{"type":"Feature","geometry":{"type":"Polygon","coordinates":[[[-4.0028,13.303],[-4.0442,13.4139],[-4.2593,13.234],[-4.235,13.1775],[-4.2349,13.1775],[-4.2164,13.0741],[-4.2731,13.0359],[-4.2179,12.9459],[-4.0472,13.021],[-4.0175,13.0381],[-4.0793,13.1498],[-4.0028,13.3028],[-4.0028,13.303]]]},"properties":{"pcode":"BF460304","iso3":"BFA","name":"Djibasso"},"id":"26"},
{"type":"Feature","geometry":{"type":"Polygon","coordinates":[[[-4.0155,12.3879],[-3.9929,12.4193],[-3.893,12.5396],[-3.912,12.5832],[-3.9122,12.5832],[-4.1061,12.7326],[-4.1617,12.6897],[-4.1726,12.5633],[-4.096,12.3848],[-4.0155,12.3879]]]},"properties":{"pcode":"BF460305","iso3":"BFA","name":"Dokui"},"id":"27"},
{"type":"Feature","geometry":{"type":"Polygon","coordinates":[[[-4.1617,12.6897],[-4.1061,12.7326],[-4.0676,12.8842],[-4.047,13.021],[-4.0472,13.021],[-4.2179,12.9459],[-4.2336,12.7284],[-4.2336,12.7283],[-4.1617,12.6897]]]},"properties":{"pcode":"BF460306","iso3":"BFA","name":"Doumbala"},"id":"28"},
{"type":"Feature","geometry":{"type":"Polygon","coordinates":[[[-3.8382,13.3587],[-3.9603,13.379],[-3.8952,13.441],[-3.9647,13.5045],[-4.0442,13.4139],[-4.0028,13.303],[-3.8906,13.301],[-3.8387,13.3543],[-3.8382,13.3587]]]},"properties":{"pcode":"BF460307","iso3":"BFA","name":"Kombori"},"id":"29"},
{"type":"Feature","geometry":{"type":"Polygon","coordinates":[[[-4.235,13.1775],[-4.3403,13.1415],[-4.2731,13.0359],[-4.2164,13.0741],[-4.2349,13.1775],[-4.235,13.1775]]]},"properties":{"pcode":"BF460308","iso3":"BFA","name":"Madouba"},"id":"30"},
{"type":"Feature","geometry":{"type":"Polygon","coordinates":[[[-3.8727,12.9726],[-3.8727,12.9725],[-3.9303,12.8781],[-4.0676,12.8842],[-4.1061,12.7326],[-3.9122,12.5832],[-3.8708,12.6378],[-3.8266,12.5468],[-3.8357,12.6149],[-3.5759,12.7539],[-3.5758,12.754],[-3.5828,12.8212],[-3.523,12.835],[-3.5931,12.9005],[-3.5312,12.9912],[-3.6632,12.9686],[-3.7196,12.8729],[-3.8727,12.9726]]]},"properties":{"pcode":"BF460309","iso3":"BFA","name":"Nouna"},"id":"31"},
{"type":"Feature","geometry":{"type":"Polygon","coordinates":[[[-3.5312,12.9912],[-3.5931,12.9005],[-3.523,12.835],[-3.5828,12.8212],[-3.5758,12.754],[-3.5192,12.7252],[-3.4112,12.7443],[-3.4422,12.791],[-3.4598,12.9925],[-3.4597,12.9926],[-3.5312,12.9912]]]},"properties":{"pcode":"BF460311","iso3":"BFA","name":"Sônô"},"id":"32"},
{"type":"Feature","geometry":{"type":"Polygon","coordinates":[[[-3.4952,11.9836],[-3.5566,11.9999],[-3.8634,11.991],[-3.9159,12.0408],[-3.9159,12.041],[-3.9752,11.9388],[-3.9759,11.9371],[-4.0212,11.8337],[-4.0215,11.8335],[-4.02145151149206,11.833358673739056],[-4.021444822802651,11.83333917865651],[-4.0133,11.8096],[-3.7258,11.7293],[-3.6794,11.7803],[-3.5668,11.7734],[-3.5863,11.876],[-3.4751,11.9367],[-3.4952,11.9836]]]},"properties":{"pcode":"BF460401","iso3":"BFA","name":"Bondokui"},"id":"33"},
{"type":"Feature","geometry":{"type":"Polygon","coordinates":[[[-3.7341,12.3121],[-3.5493,12.2458],[-3.3447,12.2581],[-3.2537,12.3641],[-3.3049,12.3642],[-3.324,12.4971],[-3.4195,12.5489],[-3.3844,12.6837],[-3.4111,12.7444],[-3.4112,12.7443],[-3.5192,12.7252],[-3.5192,12.7251],[-3.5563,12.4837],[-3.569,12.3993],[-3.6821,12.4135],[-3.7341,12.3121]]]},"properties":{"pcode":"BF460402","iso3":"BFA","name":"Dédougou"},"id":"34"},
{"type":"Feature","geometry":{"type":"Polygon","coordinates":[[[-3.2537,12.3641],[-3.249,12.3765],[-3.2212,12.5146],[-3.2461,12.6595],[-3.2461,12.6596],[-3.2985,12.6786],[-3.3497,12.6177],[-3.3844,12.6837],[-3.4195,12.5489],[-3.324,12.4971],[-3.3049,12.3642],[-3.2537,12.3641]]]},"properties":{"pcode":"BF460403","iso3":"BFA","name":"Douroula"},"id":"35"},
{"type":"Feature","geometry":{"type":"Polygon","coordinates":[[[-3.3868,12.0001],[-3.3411,12.0611],[-3.3448,12.2577],[-3.3447,12.2581],[-3.5493,12.2458],[-3.5492,12.2456],[-3.5125,12.1168],[-3.5566,11.9999],[-3.4952,11.9836],[-3.3868,12.0001]]]},"properties":{"pcode":"BF460404","iso3":"BFA","name":"Kona"},"id":"36"},
{"type":"Feature","geometry":{"type":"Polygon","coordinates":[[[-3.8321,12.2331],[-3.8218,12.1353],[-3.9159,12.041],[-3.9159,12.0408],[-3.8634,11.991],[-3.5566,11.9999],[-3.5125,12.1168],[-3.5492,12.2456],[-3.5493,12.2458],[-3.7341,12.3121],[-3.8321,12.2331]]]},"properties":{"pcode":"BF460405","iso3":"BFA","name":"Ouarkoye"},"id":"37"},
{"type":"Feature","geometry":{"type":"Polygon","coordinates":[[[-3.3653,11.9689],[-3.271,11.979],[-3.2688,11.8937],[-3.1963,11.9283],[-3.1445,11.8876],[-3.0904,11.8982],[-3.1058,11.961],[-3.1853,11.9667],[-3.2306,12.0758],[-3.0717,12.1033],[-3.0716,12.1033],[-3.1793,12.3358],[-3.249,12.3765],[-3.2537,12.3641],[-3.3447,12.2581],[-3.3448,12.2577],[-3.3411,12.0611],[-3.3868,12.0001],[-3.3653,11.9689]]]},"properties":{"pcode":"BF460406","iso3":"BFA","name":"Safané"},"id":"38"},
{"type":"Feature","geometry":{"type":"Polygon","coordinates":[[[-2.9227,12.0501],[-2.8731,12.1009],[-2.8102,12.0646],[-2.7983,12.1356],[-2.8869,12.2706],[-2.8364,12.3358],[-2.85,12.3877],[-2.8873,12.3944],[-2.8876,12.3945],[-2.9655,12.342],[-3.2212,12.5146],[-3.249,12.3765],[-3.1793,12.3358],[-3.0716,12.1033],[-3.0714,12.1032],[-3.0153,12.032],[-2.9227,12.0501]]]},"properties":{"pcode":"BF460407","iso3":"BFA","name":"Tchériba"},"id":"39"},
{"type":"Feature","geometry":{"type":"Polygon","coordinates":[[[-3.4112,12.7443],[-3.4111,12.7444],[-3.3844,12.6837],[-3.3497,12.6177],[-3.2985,12.6786],[-3.2461,12.6596],[-3.0838,12.6598],[-3.0761,12.7118],[-3.1428,12.7122],[-3.1689,12.7745],[-3.0576,12.831],[-3.0331,12.9233],[-3.0331,12.9234],[-3.2004,12.981],[-3.3069,12.9545],[-3.3069,12.9543],[-3.4422,12.791],[-3.4112,12.7443]]]},"properties":{"pcode":"BF460501","iso3":"BFA","name":"Gassan"},"id":"40"},
{"type":"Feature","geometry":{"type":"Polygon","coordinates":[[[-2.85,12.3877],[-2.723,12.5109],[-2.7694,12.6184],[-2.7692,12.6188],[-2.9154,12.5661],[-2.9643,12.4636],[-2.8876,12.3945],[-2.8873,12.3944],[-2.85,12.3877]]]},"properties":{"pcode":"BF460502","iso3":"BFA","name":"Gossina"},"id":"41"},
{"type":"Feature","geometry":{"type":"Polygon","coordinates":[[[-3.0838,12.6598],[-3.0838,12.6596],[-2.9912,12.5888],[-2.9351,12.6361],[-3.0067,12.7555],[-3.0575,12.8308],[-3.0576,12.831],[-3.1689,12.7745],[-3.1428,12.7122],[-3.0761,12.7118],[-3.0838,12.6598]]]},"properties":{"pcode":"BF460503","iso3":"BFA","name":"Kougny"},"id":"42"},
{"type":"Feature","geometry":{"type":"Polygon","coordinates":[[[-2.7692,12.6188],[-2.7454,12.6491],[-2.7456,12.6492],[-2.8192,12.7611],[-2.9096,12.7974],[-3.0067,12.7555],[-2.9351,12.6361],[-2.9912,12.5888],[-2.9154,12.5661],[-2.7692,12.6188]]]},"properties":{"pcode":"BF460504","iso3":"BFA","name":"Toma"},"id":"43"},
{"type":"Feature","geometry":{"type":"Polygon","coordinates":[[[-3.0576,12.831],[-3.0575,12.8308],[-3.0067,12.7555],[-2.9096,12.7974],[-2.8192,12.7611],[-2.7456,12.6492],[-2.689,12.6917],[-2.6683,12.7781],[-2.7299,12.8],[-2.733,12.937],[-2.733,12.9372],[-2.8356,12.9066],[-2.9896,12.9737],[-3.0331,12.9234],[-3.0331,12.9233],[-3.0576,12.831]]]},"properties":{"pcode":"BF460505","iso3":"BFA","name":"Yaba"},"id":"44"},
{"type":"Feature","geometry":{"type":"Polygon","coordinates":[[[-3.2212,12.5146],[-2.9655,12.342],[-2.8876,12.3945],[-2.9643,12.4636],[-2.9154,12.5661],[-2.9912,12.5888],[-3.0838,12.6596],[-3.0838,12.6598],[-3.2461,12.6596],[-3.2461,12.6595],[-3.2212,12.5146]]]},"properties":{"pcode":"BF460506","iso3":"BFA","name":"Yé"},"id":"45"},
{"type":"Feature","geometry":{"type":"Polygon","coordinates":[[[-3.4739,13.0463],[-3.4116,13.0543],[-3.4114,13.0543],[-3.3221,13.1085],[-3.3031,13.2867],[-3.437,13.2748],[-3.4403,13.1585],[-3.4404,13.1583],[-3.4739,13.0463]]]},"properties":{"pcode":"BF460601","iso3":"BFA","name":"Di"},"id":"46"},
{"type":"Feature","geometry":{"type":"Polygon","coordinates":[[[-2.6678,13.446],[-2.7108,13.5159],[-2.7107,13.516],[-2.8859,13.5608],[-2.9727,13.453],[-2.9628,13.3714],[-2.7459,13.3381],[-2.7122,13.4425],[-2.6664,13.4405],[-2.6678,13.446]]]},"properties":{"pcode":"BF460602","iso3":"BFA","name":"Gomboro"},"id":"47"},
{"type":"Feature","geometry":{"type":"Polygon","coordinates":[[[-3.2004,12.981],[-3.1244,13.1056],[-3.2093,13.1959],[-3.2,13.2659],[-3.227,13.2855],[-3.233,13.2873],[-3.3031,13.2867],[-3.3221,13.1085],[-3.4114,13.0543],[-3.3069,12.9545],[-3.2004,12.981]]]},"properties":{"pcode":"BF460603","iso3":"BFA","name":"Kassoum"},"id":"48"},
{"type":"Feature","geometry":{"type":"Polygon","coordinates":[[[-2.9628,13.3714],[-2.9597,13.2754],[-2.9596,13.2754],[-2.7911,13.2236],[-2.6969,13.1231],[-2.6409,13.1125],[-2.6567,13.2461],[-2.6095,13.3117],[-2.6138,13.3206],[-2.6663,13.44],[-2.6664,13.4405],[-2.7122,13.4425],[-2.7459,13.3381],[-2.9628,13.3714]]]},"properties":{"pcode":"BF460604","iso3":"BFA","name":"Kiembara"},"id":"49"},
{"type":"Feature","geometry":{"type":"Polygon","coordinates":[[[-3.4597,12.9926],[-3.4598,12.9925],[-3.4422,12.791],[-3.3069,12.9543],[-3.3069,12.9545],[-3.4114,13.0543],[-3.4116,13.0543],[-3.4739,13.0463],[-3.4597,12.9926]]]},"properties":{"pcode":"BF460605","iso3":"BFA","name":"Lanfièra"},"id":"50"},
{"type":"Feature","geometry":{"type":"Polygon","coordinates":[[[-2.6409,13.1125],[-2.5281,13.1769],[-2.528,13.1768],[-2.4446,13.2822],[-2.6095,13.3117],[-2.6567,13.2461],[-2.6409,13.1125]]]},"properties":{"pcode":"BF460606","iso3":"BFA","name":"Lankoué"},"id":"51"},
{"type":"Feature","geometry":{"type":"Polygon","coordinates":[[[-2.8859,13.5608],[-2.9507,13.6237],[-2.951,13.6244],[-3.2688,13.7079],[-3.233,13.2873],[-3.227,13.2855],[-3.2,13.2659],[-3.1045,13.321],[-2.9597,13.2754],[-2.9628,13.3714],[-2.9727,13.453],[-2.8859,13.5608]]]},"properties":{"pcode":"BF460607","iso3":"BFA","name":"Toéni"},"id":"52"},
{"type":"Feature","geometry":{"type":"Polygon","coordinates":[[[-3.0331,12.9234],[-2.9896,12.9737],[-2.8356,12.9066],[-2.733,12.9372],[-2.7022,13],[-2.6969,13.1231],[-2.7911,13.2236],[-2.9596,13.2754],[-2.9597,13.2754],[-3.1045,13.321],[-3.2,13.2659],[-3.2093,13.1959],[-3.1244,13.1056],[-3.2004,12.981],[-3.0331,12.9234]]]},"properties":{"pcode":"BF460608","iso3":"BFA","name":"Tougan"},"id":"53"},
{"type":"Feature","geometry":{"type":"Polygon","coordinates":[[[-4.6561,10.6914],[-4.8921,10.7496],[-4.8921,10.7498],[-4.9446,10.7772],[-4.9449,10.7768],[-4.9718,10.5885],[-4.9717,10.5884],[-4.8229,10.4001],[-4.7133,10.4039],[-4.6561,10.6914]]]},"properties":{"pcode":"BF470101","iso3":"BFA","name":"Banfora"},"id":"54"},
{"type":"Feature","geometry":{"type":"Polygon","coordinates":[[[-4.6561,10.6914],[-4.5791,10.8185],[-4.5793,10.8185],[-4.6861,10.7777],[-4.7584,10.8441],[-4.8921,10.7498],[-4.8921,10.7496],[-4.6561,10.6914]]]},"properties":{"pcode":"BF470102","iso3":"BFA","name":"Bérégadougou"},"id":"55"},
{"type":"Feature","geometry":{"type":"Polygon","coordinates":[[[-4.1651,9.8109],[-4.1784,9.9419],[-4.2845,9.9479],[-4.2616,10.1486],[-4.2615,10.1487],[-4.3705,10.2898],[-4.5669,10.2399],[-4.6055,10.1988],[-4.5704,10.0472],[-4.6243,9.9579],[-4.5862,9.7026],[-4.5141,9.7509],[-4.5047,9.6467],[-4.4297,9.6642],[-4.3905,9.5964],[-4.3128,9.5967],[-4.2664,9.7599],[-4.1651,9.8109]]]},"properties":{"pcode":"BF470103","iso3":"BFA","name":"Mangodara"},"id":"56"},
{"type":"Feature","geometry":{"type":"Polygon","coordinates":[[[-4.8921,10.7498],[-4.7584,10.8441],[-4.7635,10.8739],[-4.8918,10.88],[-4.892,10.88],[-4.9939,10.8577],[-5.0884,10.8264],[-5.0619,10.7961],[-4.9446,10.7772],[-4.8921,10.7498]]]},"properties":{"pcode":"BF470104","iso3":"BFA","name":"Moussodougou"},"id":"57"},
{"type":"Feature","geometry":{"type":"Polygon","coordinates":[[[-4.8229,10.4001],[-5.0659,10.1817],[-5.0555,10.0829],[-4.9994,10.1073],[-4.962,10.0256],[-4.9666,9.8918],[-4.7859,9.8357],[-4.8165,9.7835],[-4.6903,9.6785],[-4.5862,9.7026],[-4.6243,9.9579],[-4.5704,10.0472],[-4.6055,10.1988],[-4.5669,10.2399],[-4.6364,10.3023],[-4.6073,10.3287],[-4.6073,10.3289],[-4.7133,10.4039],[-4.8229,10.4001]]]},"properties":{"pcode":"BF470105","iso3":"BFA","name":"Niangoloko"},"id":"58"},
{"type":"Feature","geometry":{"type":"Polygon","coordinates":[[[-4.1651,9.8109],[-4.1253,9.8483],[-4.0507,9.8028],[-3.9677,9.8721],[-4.0431,9.9317],[-3.9218,9.98],[-4.0012,10.0411],[-3.9771,10.1069],[-3.8712,10.1029],[-3.7847,10.1802],[-3.8254,10.1994],[-3.7401,10.254],[-3.7831,10.3469],[-3.6945,10.4765],[-3.7049,10.6517],[-3.793,10.7274],[-3.6731,10.7681],[-3.7155,10.8386],[-3.7157,10.8394],[-3.7958,10.8398],[-3.87,10.6992],[-3.8482,10.5631],[-3.9859,10.3777],[-3.9363,10.1909],[-4.2615,10.1487],[-4.2616,10.1486],[-4.2845,9.9479],[-4.1784,9.9419],[-4.1651,9.8109]]]},"properties":{"pcode":"BF470106","iso3":"BFA","name":"Ouô"},"id":"59"},
{"type":"Feature","geometry":{"type":"Polygon","coordinates":[[[-4.2615,10.1487],[-3.9363,10.1909],[-3.9859,10.3777],[-3.8482,10.5631],[-3.87,10.6992],[-3.9251,10.6703],[-4.0803,10.8206],[-4.0895,10.8331],[-4.1401,10.7557],[-4.2418,10.7838],[-4.1846,10.7458],[-4.2506,10.6983],[-4.3259,10.7619],[-4.3911,10.7392],[-4.3911,10.7391],[-4.4985,10.6989],[-4.5052,10.6355],[-4.3647,10.559],[-4.4202,10.5322],[-4.3739,10.4454],[-4.4681,10.3997],[-4.5313,10.4347],[-4.5349,10.359],[-4.6073,10.3289],[-4.6073,10.3287],[-4.6364,10.3023],[-4.5669,10.2399],[-4.3705,10.2898],[-4.2615,10.1487]]]},"properties":{"pcode":"BF470107","iso3":"BFA","name":"Sidéradougou"},"id":"60"},
{"type":"Feature","geometry":{"type":"Polygon","coordinates":[[[-4.9718,10.5885],[-5.0255,10.5963],[-5.1203,10.5731],[-5.1445,10.5768],[-5.1446,10.5767],[-5.1548,10.5097],[-5.0734,10.4361],[-5.1152,10.291],[-5.1219,10.2042],[-5.0659,10.1817],[-4.8229,10.4001],[-4.9717,10.5884],[-4.9718,10.5885]]]},"properties":{"pcode":"BF470108","iso3":"BFA","name":"Soubakaniédougou"},"id":"61"},
{"type":"Feature","geometry":{"type":"Polygon","coordinates":[[[-4.7133,10.4039],[-4.6073,10.3289],[-4.5349,10.359],[-4.5313,10.4347],[-4.4681,10.3997],[-4.3739,10.4454],[-4.4202,10.5322],[-4.3647,10.559],[-4.5052,10.6355],[-4.4985,10.6989],[-4.3911,10.7391],[-4.3911,10.7392],[-4.4506,10.8741],[-4.5421,10.8698],[-4.5423,10.8697],[-4.5793,10.8185],[-4.5791,10.8185],[-4.6561,10.6914],[-4.7133,10.4039]]]},"properties":{"pcode":"BF470109","iso3":"BFA","name":"Tiéfora"},"id":"62"},
{"type":"Feature","geometry":{"type":"Polygon","coordinates":[[[-5.1445,10.5768],[-5.2205,10.5498],[-5.2459,10.5141],[-5.246,10.514],[-5.2066,10.3811],[-5.2419,10.3145],[-5.1152,10.291],[-5.0734,10.4361],[-5.1548,10.5097],[-5.1446,10.5767],[-5.1445,10.5768]]]},"properties":{"pcode":"BF470201","iso3":"BFA","name":"Dakôrô"},"id":"63"},
{"type":"Feature","geometry":{"type":"Polygon","coordinates":[[[-5.0255,10.5963],[-5.0742,10.7408],[-5.0742,10.7409],[-5.1419,10.6913],[-5.1203,10.5731],[-5.0255,10.5963]]]},"properties":{"pcode":"BF470202","iso3":"BFA","name":"Douna"},"id":"64"},
{"type":"Feature","geometry":{"type":"Polygon","coordinates":[[[-5.1919,10.7892],[-5.2226,10.8639],[-5.2226,10.864],[-5.2604,10.8541],[-5.357,10.8193],[-5.3846,10.7124],[-5.3844,10.7123],[-5.3015,10.6437],[-5.1919,10.7892]]]},"properties":{"pcode":"BF470203","iso3":"BFA","name":"Kankalaba"},"id":"65"},
{"type":"Feature","geometry":{"type":"Polygon","coordinates":[[[-5.2205,10.5498],[-5.3015,10.6437],[-5.3844,10.7123],[-5.3846,10.7124],[-5.4602,10.7212],[-5.4991,10.424],[-5.4352,10.4153],[-5.4583,10.469],[-5.3393,10.5361],[-5.2459,10.5141],[-5.2205,10.5498]]]},"properties":{"pcode":"BF470204","iso3":"BFA","name":"Loumana"},"id":"66"},
{"type":"Feature","geometry":{"type":"Polygon","coordinates":[[[-5.2459,10.5141],[-5.3393,10.5361],[-5.4583,10.469],[-5.4352,10.4153],[-5.4991,10.424],[-5.4039,10.2962],[-5.2419,10.3145],[-5.2066,10.3811],[-5.246,10.514],[-5.2459,10.5141]]]},"properties":{"pcode":"BF470205","iso3":"BFA","name":"Niankôrôdougou"},"id":"67"},
{"type":"Feature","geometry":{"type":"Polygon","coordinates":[[[-5.2604,10.8541],[-5.3892,11.0008],[-5.3896,11.0015],[-5.4776,11.0211],[-5.4018,10.8512],[-5.4602,10.7212],[-5.3846,10.7124],[-5.357,10.8193],[-5.2604,10.8541]]]},"properties":{"pcode":"BF470206","iso3":"BFA","name":"Ouéléni"},"id":"68"},
{"type":"Feature","geometry":{"type":"Polygon","coordinates":[[[-5.0884,10.8264],[-5.1919,10.7892],[-5.3015,10.6437],[-5.2205,10.5498],[-5.1445,10.5768],[-5.1203,10.5731],[-5.1419,10.6913],[-5.0742,10.7409],[-5.062,10.7959],[-5.0619,10.7961],[-5.0884,10.8264]]]},"properties":{"pcode":"BF470207","iso3":"BFA","name":"Sindou"},"id":"69"},
{"type":"Feature","geometry":{"type":"Polygon","coordinates":[[[-4.9446,10.7772],[-5.0619,10.7961],[-5.062,10.7959],[-5.0742,10.7409],[-5.0742,10.7408],[-5.0255,10.5963],[-4.9718,10.5885],[-4.9449,10.7768],[-4.9446,10.7772]]]},"properties":{"pcode":"BF470208","iso3":"BFA","name":"Wolonkoto"},"id":"70"},
{"type":"Feature","geometry":{"type":"Polygon","coordinates":[[[-0.4081,11.4325],[-0.3766,11.5726],[-0.3766,11.5732],[-0.4753,11.659],[-0.5588,11.5659],[-0.5622,11.4852],[-0.5595,11.4803],[-0.484,11.3942],[-0.4081,11.4325]]]},"properties":{"pcode":"BF480101","iso3":"BFA","name":"Bagré"},"id":"71"},
{"type":"Feature","geometry":{"type":"Polygon","coordinates":[[[-0.4081,11.4325],[-0.314,11.4728],[-0.2107,11.3735],[-0.1631,11.5518],[-0.1954,11.5927],[-0.1953,11.5931],[-0.2836,11.6333],[-0.3766,11.5732],[-0.3766,11.5726],[-0.4081,11.4325]]]},"properties":{"pcode":"BF480102","iso3":"BFA","name":"Bané"},"id":"72"},
{"type":"Feature","geometry":{"type":"Polygon","coordinates":[[[-0.7163,11.7739],[-0.7291,11.8009],[-0.7313,11.8244],[-0.7939,11.8289],[-0.7936,11.8286],[-0.7514,11.734],[-0.7212,11.755],[-0.7163,11.7739]]]},"properties":{"pcode":"BF480103","iso3":"BFA","name":"Béguédo"},"id":"73"},
{"type":"Feature","geometry":{"type":"Polygon","coordinates":[[[0.015,11.7491],[-0.0013,11.8542],[-0.1035,11.8806],[-0.1403,11.9519],[-0.1404,11.9521],[-0.1606,11.9552],[-0.1745,11.914],[-0.1142,11.7194],[-0.0032,11.7122],[0.015,11.7491]]]},"properties":{"pcode":"BF480104","iso3":"BFA","name":"Bissiga"},"id":"74"},
{"type":"Feature","geometry":{"type":"Polygon","coordinates":[[[-0.484,11.3942],[-0.4837,11.3926],[-0.5244,11.3511],[-0.5253,11.3501],[-0.3707,11.1263],[-0.3616,11.0688],[-0.2814,11.1696],[-0.1084,11.1331],[-0.0702,11.321],[-0.0179,11.3558],[-0.147,11.3491],[-0.2105,11.3732],[-0.2107,11.3735],[-0.314,11.4728],[-0.4081,11.4325],[-0.484,11.3942]]]},"properties":{"pcode":"BF480105","iso3":"BFA","name":"Bitou"},"id":"75"},
{"type":"Feature","geometry":{"type":"Polygon","coordinates":[[[-0.7514,11.734],[-0.7902,11.68],[-0.7725,11.5772],[-0.6691,11.5428],[-0.6568,11.5435],[-0.5987,11.6931],[-0.6342,11.7748],[-0.7074,11.7634],[-0.7212,11.755],[-0.7514,11.734]]]},"properties":{"pcode":"BF480106","iso3":"BFA","name":"Boussouma"},"id":"76"},
{"type":"Feature","geometry":{"type":"Polygon","coordinates":[[[-0.5588,11.5659],[-0.501,11.7176],[-0.5404,11.9426],[-0.497,11.962],[-0.5123,11.9938],[-0.5127,11.9946],[-0.556,11.9734],[-0.5822,11.951],[-0.5822,11.9505],[-0.6098,11.8187],[-0.7313,11.8244],[-0.7291,11.8009],[-0.7163,11.7739],[-0.7159,11.7739],[-0.7074,11.7634],[-0.6342,11.7748],[-0.5987,11.6931],[-0.6568,11.5435],[-0.6487,11.5267],[-0.5622,11.4852],[-0.5588,11.5659]]]},"properties":{"pcode":"BF480107","iso3":"BFA","name":"Garango"},"id":"77"},
{"type":"Feature","geometry":{"type":"Polygon","coordinates":[[[-0.7313,11.8244],[-0.6098,11.8187],[-0.5822,11.9505],[-0.5822,11.951],[-0.8273,11.8757],[-0.8197,11.8464],[-0.7939,11.8289],[-0.7313,11.8244]]]},"properties":{"pcode":"BF480108","iso3":"BFA","name":"Komtoèga"},"id":"78"},
{"type":"Feature","geometry":{"type":"MultiPolygon","coordinates":[[[[-0.7939,11.8289],[-0.8197,11.8464],[-0.8987,11.7788],[-0.9035,11.6932],[-0.9034,11.6932],[-0.7902,11.68],[-0.7514,11.734],[-0.7936,11.8286],[-0.7939,11.8289]]],[[[-0.7212,11.755],[-0.7074,11.7634],[-0.7159,11.7739],[-0.7163,11.7739],[-0.7212,11.755]]]]},"properties":{"pcode":"BF480109","iso3":"BFA","name":"Niaogho"},"id":"79"},
{"type":"Feature","geometry":{"type":"Polygon","coordinates":[[[-0.3766,11.5732],[-0.2836,11.6333],[-0.1953,11.5931],[-0.1142,11.7194],[-0.1745,11.914],[-0.2317,11.8743],[-0.2348,11.8692],[-0.296,11.8026],[-0.4489,11.8622],[-0.497,11.962],[-0.5404,11.9426],[-0.501,11.7176],[-0.5588,11.5659],[-0.4753,11.659],[-0.3766,11.5732]]]},"properties":{"pcode":"BF480110","iso3":"BFA","name":"Tenkodogo"},"id":"80"},
{"type":"Feature","geometry":{"type":"Polygon","coordinates":[[[-0.5244,11.3511],[-0.6165,11.3026],[-0.6853,11.3346],[-0.7657,11.2089],[-0.7651,11.2085],[-0.6826,11.0593],[-0.6161,11.0954],[-0.4914,11.0199],[-0.3707,11.1263],[-0.5253,11.3501],[-0.5244,11.3511]]]},"properties":{"pcode":"BF480111","iso3":"BFA","name":"Zabré"},"id":"81"},
{"type":"Feature","geometry":{"type":"Polygon","coordinates":[[[-0.6826,11.0593],[-0.6833,11.0002],[-0.6129,10.8964],[-0.5649,10.9954],[-0.4957,11.0127],[-0.4914,11.0199],[-0.6161,11.0954],[-0.6826,11.0593]]]},"properties":{"pcode":"BF480112","iso3":"BFA","name":"Zoaga"},"id":"82"},
{"type":"Feature","geometry":{"type":"Polygon","coordinates":[[[-0.5595,11.4803],[-0.6853,11.3346],[-0.6165,11.3026],[-0.5244,11.3511],[-0.4837,11.3926],[-0.484,11.3942],[-0.5595,11.4803]]]},"properties":{"pcode":"BF480113","iso3":"BFA","name":"Zonsé"},"id":"83"},
{"type":"Feature","geometry":{"type":"Polygon","coordinates":[[[-0.0032,11.7122],[-0.0065,11.6946],[-0.0019,11.6657],[-0.0019,11.6655],[0.0829,11.5982],[0.2903,11.6006],[0.3231,11.5545],[0.393,11.6195],[0.3757,11.6975],[0.2403,11.8042],[0.1102,11.7905],[0.1182,11.8273],[0.1185,11.828],[0.015,11.7491],[-0.0032,11.7122]]]},"properties":{"pcode":"BF480201","iso3":"BFA","name":"Komin-Yanga"},"id":"84"},
{"type":"Feature","geometry":{"type":"Polygon","coordinates":[[[-0.0019,11.6657],[-0.0529,11.6658],[-0.0441,11.569],[0.0789,11.5595],[0.0829,11.5982],[-0.0019,11.6655],[-0.0019,11.6657]]]},"properties":{"pcode":"BF480202","iso3":"BFA","name":"Dourtenga"},"id":"85"},
{"type":"Feature","geometry":{"type":"Polygon","coordinates":[[[-0.2107,11.3735],[-0.2105,11.3732],[-0.147,11.3491],[-0.1124,11.4926],[-0.0104,11.483],[-0.0441,11.569],[-0.0529,11.6658],[-0.0019,11.6657],[-0.0065,11.6946],[-0.0032,11.7122],[-0.1142,11.7194],[-0.1953,11.5931],[-0.1954,11.5927],[-0.1631,11.5518],[-0.2107,11.3735]]]},"properties":{"pcode":"BF480203","iso3":"BFA","name":"Lalgaye"},"id":"86"},
{"type":"Feature","geometry":{"type":"Polygon","coordinates":[[[-0.0179,11.3558],[-0.0171,11.3555],[0.0959,11.319],[0.1374,11.3373],[0.0796,11.5586],[0.0789,11.5595],[-0.0441,11.569],[-0.0104,11.483],[-0.1124,11.4926],[-0.147,11.3491],[-0.0179,11.3558]]]},"properties":{"pcode":"BF480204","iso3":"BFA","name":"Ouargaye"},"id":"87"},
{"type":"Feature","geometry":{"type":"Polygon","coordinates":[[[0.0959,11.319],[0.1028,11.2203],[0.0128,11.1136],[0.2721,11.0578],[0.2964,11.0988],[0.2254,11.1375],[0.1958,11.2877],[0.1957,11.2882],[0.1374,11.3373],[0.0959,11.319]]]},"properties":{"pcode":"BF480205","iso3":"BFA","name":"Sangha"},"id":"88"},
{"type":"Feature","geometry":{"type":"Polygon","coordinates":[[[0.3231,11.5545],[0.3232,11.5525],[0.1957,11.2882],[0.1958,11.2877],[0.2254,11.1375],[0.2964,11.0988],[0.2721,11.0578],[0.4234,11.0266],[0.4548,11.1122],[0.5205,11.0681],[0.5808,11.1979],[0.5317,11.5476],[0.5317,11.5483],[0.393,11.6195],[0.3231,11.5545]]]},"properties":{"pcode":"BF480206","iso3":"BFA","name":"Soudougui"},"id":"89"},
{"type":"Feature","geometry":{"type":"Polygon","coordinates":[[[-0.1084,11.1331],[0.0128,11.1136],[0.1028,11.2203],[0.0959,11.319],[-0.0171,11.3555],[-0.0179,11.3558],[-0.0702,11.321],[-0.1084,11.1331]]]},"properties":{"pcode":"BF480207","iso3":"BFA","name":"Yargatenga"},"id":"90"},
{"type":"Feature","geometry":{"type":"Polygon","coordinates":[[[0.0829,11.5982],[0.0789,11.5595],[0.0796,11.5586],[0.1374,11.3373],[0.1957,11.2882],[0.3232,11.5525],[0.3231,11.5545],[0.2903,11.6006],[0.0829,11.5982]]]},"properties":{"pcode":"BF480208","iso3":"BFA","name":"Yondé"},"id":"91"},
{"type":"Feature","geometry":{"type":"Polygon","coordinates":[[[-0.1588,12.2921],[-0.1439,12.3958],[-0.2568,12.4425],[-0.2657,12.5504],[-0.2664,12.5524],[-0.3533,12.5865],[-0.3313,12.5447],[-0.4084,12.4801],[-0.4139,12.3911],[-0.3812,12.3457],[-0.38,12.3444],[-0.3957,12.2814],[-0.2788,12.2822],[-0.2689,12.1986],[-0.1686,12.272],[-0.1588,12.2921]]]},"properties":{"pcode":"BF480301","iso3":"BFA","name":"Andemtenga"},"id":"92"},
{"type":"Feature","geometry":{"type":"Polygon","coordinates":[[[-0.2689,12.1986],[-0.2694,12.198],[-0.2394,12.1302],[-0.2392,12.1302],[-0.2115,12.1137],[-0.2084,12.1122],[-0.1305,12.2444],[-0.1686,12.272],[-0.2689,12.1986]]]},"properties":{"pcode":"BF480302","iso3":"BFA","name":"Baskouré"},"id":"93"},
{"type":"Feature","geometry":{"type":"Polygon","coordinates":[[[-0.497,11.962],[-0.4489,11.8622],[-0.296,11.8026],[-0.2348,11.8692],[-0.3367,11.9271],[-0.3635,12.0407],[-0.3635,12.0411],[-0.4375,12.039],[-0.5127,11.9946],[-0.5123,11.9938],[-0.497,11.962]]]},"properties":{"pcode":"BF480303","iso3":"BFA","name":"Dialgaye"},"id":"94"},
{"type":"Feature","geometry":{"type":"Polygon","coordinates":[[[-0.1404,11.9521],[-0.1273,12.0711],[-0.0135,12.107],[-0.0212,12.1466],[-0.1097,12.2572],[-0.1096,12.2579],[-0.1588,12.2921],[-0.1686,12.272],[-0.1305,12.2444],[-0.2084,12.1122],[-0.2013,12.0189],[-0.2001,12.0175],[-0.213,11.9993],[-0.2129,11.9993],[-0.212,11.9742],[-0.1606,11.9552],[-0.1404,11.9521]]]},"properties":{"pcode":"BF480304","iso3":"BFA","name":"Gounguen"},"id":"95"},
{"type":"Feature","geometry":{"type":"Polygon","coordinates":[[[-0.4084,12.4801],[-0.6383,12.543],[-0.6383,12.5435],[-0.6703,12.5515],[-0.6705,12.5507],[-0.5512,12.4722],[-0.5316,12.3531],[-0.5332,12.3454],[-0.4924,12.2455],[-0.4242,12.369],[-0.4139,12.3911],[-0.4084,12.4801]]]},"properties":{"pcode":"BF480305","iso3":"BFA","name":"Kando"},"id":"96"},
{"type":"Feature","geometry":{"type":"MultiPolygon","coordinates":[[[[-0.3957,12.2814],[-0.364,12.2044],[-0.418,12.1551],[-0.4314,12.1123],[-0.4311,12.112],[-0.4375,12.039],[-0.3635,12.0411],[-0.33,12.0578],[-0.3271,12.14],[-0.2394,12.1302],[-0.2694,12.198],[-0.2689,12.1986],[-0.2788,12.2822],[-0.3957,12.2814]]],[[[-0.4139,12.3911],[-0.4242,12.369],[-0.3816,12.3455],[-0.3812,12.3457],[-0.4139,12.3911]]]]},"properties":{"pcode":"BF480306","iso3":"BFA","name":"Koupèla"},"id":"97"},
{"type":"Feature","geometry":{"type":"Polygon","coordinates":[[[-0.3812,12.3457],[-0.3816,12.3455],[-0.4242,12.369],[-0.4924,12.2455],[-0.418,12.1551],[-0.364,12.2044],[-0.3957,12.2814],[-0.38,12.3444],[-0.3812,12.3457]]]},"properties":{"pcode":"BF480307","iso3":"BFA","name":"Pouytenga"},"id":"98"},
{"type":"Feature","geometry":{"type":"Polygon","coordinates":[[[-0.1606,11.9552],[-0.212,11.9742],[-0.213,11.9993],[-0.2001,12.0175],[-0.2013,12.0189],[-0.33,12.0578],[-0.3635,12.0411],[-0.3635,12.0407],[-0.3367,11.9271],[-0.2348,11.8692],[-0.2317,11.8743],[-0.1745,11.914],[-0.1606,11.9552]]]},"properties":{"pcode":"BF480308","iso3":"BFA","name":"Tensobentenga"},"id":"99"},
{"type":"Feature","geometry":{"type":"MultiPolygon","coordinates":[[[[-0.213,11.9993],[-0.212,11.9742],[-0.2129,11.9993],[-0.213,11.9993]]],[[[-0.2394,12.1302],[-0.3271,12.14],[-0.33,12.0578],[-0.2013,12.0189],[-0.2084,12.1122],[-0.2115,12.1137],[-0.2392,12.1302],[-0.2394,12.1302]]]]},"properties":{"pcode":"BF480309","iso3":"BFA","name":"Yargo"},"id":"100"},
{"type":"Feature","geometry":{"type":"Polygon","coordinates":[[[-1.3163,13.6431],[-1.3512,13.7552],[-1.3496,13.7599],[-1.474,13.7737],[-1.5496,13.8919],[-1.6243,13.8783],[-1.679,13.8874],[-1.76,13.7636],[-1.7601,13.7632],[-1.7301,13.7197],[-1.6191,13.5836],[-1.5765,13.5584],[-1.5353,13.5972],[-1.3733,13.5622],[-1.3163,13.6431]]]},"properties":{"pcode":"BF490101","iso3":"BFA","name":"Bourzanga"},"id":"101"},
{"type":"Feature","geometry":{"type":"Polygon","coordinates":[[[-1.5531,12.9981],[-1.5362,13.1005],[-1.5354,13.103],[-1.5938,13.1829],[-1.7319,13.1687],[-1.7443,13.1408],[-1.7441,13.1406],[-1.5531,12.9981]]]},"properties":{"pcode":"BF490102","iso3":"BFA","name":"Guibaré"},"id":"102"},
{"type":"Feature","geometry":{"type":"Polygon","coordinates":[[[-1.6191,13.5836],[-1.6245,13.5674],[-1.6355,13.4733],[-1.7674,13.466],[-1.7679,13.456],[-1.6658,13.3606],[-1.6617,13.2694],[-1.5866,13.242],[-1.4265,13.2626],[-1.4247,13.3289],[-1.4975,13.3472],[-1.5763,13.5581],[-1.5765,13.5584],[-1.6191,13.5836]]]},"properties":{"pcode":"BF490103","iso3":"BFA","name":"Kongoussi"},"id":"103"},
{"type":"Feature","geometry":{"type":"Polygon","coordinates":[[[-1.4265,13.2626],[-1.4241,13.2627],[-1.3323,13.2606],[-1.2991,13.3126],[-1.2984,13.314],[-1.3357,13.3855],[-1.4247,13.3289],[-1.4265,13.2626]]]},"properties":{"pcode":"BF490104","iso3":"BFA","name":"Nasséré"},"id":"104"},
{"type":"Feature","geometry":{"type":"Polygon","coordinates":[[[-1.7301,13.7197],[-1.9019,13.6221],[-1.898,13.5754],[-1.8598,13.531],[-1.7674,13.466],[-1.6355,13.4733],[-1.6245,13.5674],[-1.6191,13.5836],[-1.7301,13.7197]]]},"properties":{"pcode":"BF490105","iso3":"BFA","name":"Rollo"},"id":"105"},
{"type":"Feature","geometry":{"type":"Polygon","coordinates":[[[-1.5938,13.1829],[-1.588,13.2368],[-1.5866,13.242],[-1.6617,13.2694],[-1.7363,13.1957],[-1.7365,13.1955],[-1.7319,13.1687],[-1.5938,13.1829]]]},"properties":{"pcode":"BF490106","iso3":"BFA","name":"Roukô"},"id":"106"},
{"type":"Feature","geometry":{"type":"Polygon","coordinates":[[[-1.5354,13.103],[-1.3232,13.1736],[-1.3323,13.2606],[-1.4241,13.2627],[-1.4265,13.2626],[-1.5866,13.242],[-1.588,13.2368],[-1.5938,13.1829],[-1.5354,13.103]]]},"properties":{"pcode":"BF490107","iso3":"BFA","name":"Sabsé"},"id":"107"},
{"type":"Feature","geometry":{"type":"Polygon","coordinates":[[[-1.7674,13.466],[-1.8598,13.531],[-1.8598,13.5309],[-1.8513,13.419],[-1.8501,13.4164],[-1.8012,13.2925],[-1.7608,13.3045],[-1.7363,13.1957],[-1.6617,13.2694],[-1.6658,13.3606],[-1.7679,13.456],[-1.7674,13.466]]]},"properties":{"pcode":"BF490108","iso3":"BFA","name":"Tikaré"},"id":"108"},
{"type":"Feature","geometry":{"type":"Polygon","coordinates":[[[-1.5765,13.5584],[-1.5763,13.5581],[-1.4975,13.3472],[-1.4247,13.3289],[-1.3357,13.3855],[-1.3971,13.4515],[-1.3315,13.4936],[-1.3727,13.5597],[-1.3733,13.5622],[-1.5353,13.5972],[-1.5765,13.5584]]]},"properties":{"pcode":"BF490109","iso3":"BFA","name":"Zimtanga"},"id":"109"},
{"type":"Feature","geometry":{"type":"Polygon","coordinates":[[[-0.4964,12.9093],[-0.6067,12.9943],[-0.6075,12.9964],[-0.6322,13.0583],[-0.6776,13.0149],[-0.7367,12.9781],[-0.8152,13.0143],[-0.7994,13.0003],[-0.7691,12.8823],[-0.6623,12.7994],[-0.6547,12.8549],[-0.4964,12.9093]]]},"properties":{"pcode":"BF490201","iso3":"BFA","name":"Boala"},"id":"110"},
{"type":"Feature","geometry":{"type":"Polygon","coordinates":[[[-0.3533,12.5865],[-0.4362,12.7051],[-0.4123,12.798],[-0.411,12.7999],[-0.4536,12.9245],[-0.4964,12.9093],[-0.6547,12.8549],[-0.6623,12.7994],[-0.6909,12.7033],[-0.6898,12.7032],[-0.6116,12.5858],[-0.6383,12.5435],[-0.6383,12.543],[-0.4084,12.4801],[-0.3313,12.5447],[-0.3533,12.5865]]]},"properties":{"pcode":"BF490202","iso3":"BFA","name":"Boulsa"},"id":"111"},
{"type":"Feature","geometry":{"type":"Polygon","coordinates":[[[-0.4475,13.7308],[-0.4648,13.8077],[-0.4627,13.8113],[-0.6249,13.9397],[-0.6083,13.9998],[-0.6992,13.9506],[-0.6514,13.8039],[-0.7769,13.6313],[-0.7088,13.4534],[-0.7051,13.4466],[-0.6227,13.42],[-0.572,13.4714],[-0.5784,13.613],[-0.4475,13.7308]]]},"properties":{"pcode":"BF490203","iso3":"BFA","name":"Bouroum"},"id":"112"},
{"type":"Feature","geometry":{"type":"Polygon","coordinates":[[[-0.2664,12.5524],[-0.2362,12.569],[-0.2143,12.8117],[-0.2143,12.8122],[-0.2888,12.856],[-0.3515,12.7873],[-0.411,12.7999],[-0.4123,12.798],[-0.4362,12.7051],[-0.3533,12.5865],[-0.2664,12.5524]]]},"properties":{"pcode":"BF490204","iso3":"BFA","name":"Dargo"},"id":"113"},
{"type":"Feature","geometry":{"type":"Polygon","coordinates":[[[-0.572,13.4714],[-0.4496,13.4343],[-0.3937,13.6533],[-0.3958,13.6569],[-0.4053,13.742],[-0.4475,13.7308],[-0.5784,13.613],[-0.572,13.4714]]]},"properties":{"pcode":"BF490205","iso3":"BFA","name":"Nagbingou"},"id":"114"},
{"type":"Feature","geometry":{"type":"MultiPolygon","coordinates":[[[[-0.6075,12.9964],[-0.3888,12.9933],[-0.3635,13.1252],[-0.2887,13.1857],[-0.3431,13.2727],[-0.3072,13.3551],[-0.3685,13.3486],[-0.4496,13.4331],[-0.4496,13.4343],[-0.572,13.4714],[-0.6227,13.42],[-0.7051,13.4466],[-0.7052,13.4463],[-0.6576,13.3006],[-0.6776,13.0149],[-0.6322,13.0583],[-0.6075,12.9964]]],[[[-0.3178,13.4191],[-0.3113,13.426],[-0.3114,13.4262],[-0.3178,13.4191]]]]},"properties":{"pcode":"BF490206","iso3":"BFA","name":"Tougouri"},"id":"115"},
{"type":"Feature","geometry":{"type":"Polygon","coordinates":[[[-0.4496,13.4343],[-0.4496,13.4331],[-0.3685,13.3486],[-0.3072,13.3551],[-0.2809,13.3875],[-0.3178,13.4191],[-0.3114,13.4262],[-0.2,13.539],[-0.1998,13.5395],[-0.2421,13.6663],[-0.2814,13.6243],[-0.3958,13.6569],[-0.3937,13.6533],[-0.4496,13.4343]]]},"properties":{"pcode":"BF490207","iso3":"BFA","name":"Yalgo"},"id":"116"},
{"type":"Feature","geometry":{"type":"Polygon","coordinates":[[[-0.4964,12.9093],[-0.4536,12.9245],[-0.411,12.7999],[-0.3515,12.7873],[-0.2888,12.856],[-0.326,12.9023],[-0.3329,12.9092],[-0.3559,13.0385],[-0.3888,12.9933],[-0.6075,12.9964],[-0.6067,12.9943],[-0.4964,12.9093]]]},"properties":{"pcode":"BF490208","iso3":"BFA","name":"Zéguédéguen"},"id":"117"},
{"type":"Feature","geometry":{"type":"Polygon","coordinates":[[[-0.7608,13.4447],[-0.8662,13.4863],[-0.9224,13.6708],[-0.8487,13.8659],[-0.8537,13.8659],[-1.0219,13.8681],[-1.0799,13.7822],[-1.0767,13.7806],[-1.0406,13.7136],[-1.132,13.5826],[-1.2433,13.5458],[-1.2421,13.5268],[-1.2905,13.4555],[-1.2341,13.3094],[-1.222,13.3104],[-1.1613,13.2372],[-1.0064,13.2503],[-0.993,13.4297],[-0.9066,13.3823],[-0.7608,13.4447]]]},"properties":{"pcode":"BF490301","iso3":"BFA","name":"Barsalogho"},"id":"118"},
{"type":"Feature","geometry":{"type":"Polygon","coordinates":[[[-0.9017,12.9973],[-0.9906,13.029],[-0.9909,13.0294],[-1.0659,13.0834],[-1.0685,13.0475],[-1.2907,13.0611],[-1.2787,12.979],[-1.2787,12.9785],[-1.2226,12.9403],[-1.2375,12.8455],[-1.1859,12.8361],[-1.1537,12.9008],[-0.9778,12.7972],[-0.9198,12.8131],[-0.9451,12.9043],[-0.8736,12.9196],[-0.9017,12.9973]]]},"properties":{"pcode":"BF490302","iso3":"BFA","name":"Boussouma"},"id":"119"},
{"type":"Feature","geometry":{"type":"Polygon","coordinates":[[[-1.3163,13.6431],[-1.2433,13.5458],[-1.132,13.5826],[-1.0406,13.7136],[-1.0767,13.7806],[-1.0799,13.7822],[-1.3318,13.7546],[-1.3496,13.7599],[-1.3512,13.7552],[-1.3163,13.6431]]]},"properties":{"pcode":"BF490303","iso3":"BFA","name":"Dablo"},"id":"120"},
{"type":"Feature","geometry":{"type":"Polygon","coordinates":[[[-1.3323,13.2606],[-1.3232,13.1736],[-1.3217,13.1679],[-1.2907,13.0611],[-1.0685,13.0475],[-1.0659,13.0834],[-0.9909,13.0294],[-0.9474,13.1169],[-1.0064,13.2503],[-1.1613,13.2372],[-1.222,13.3104],[-1.2341,13.3094],[-1.2984,13.314],[-1.2991,13.3126],[-1.3323,13.2606]]]},"properties":{"pcode":"BF490304","iso3":"BFA","name":"Kaya"},"id":"121"},
{"type":"Feature","geometry":{"type":"Polygon","coordinates":[[[-1.2787,12.979],[-1.3353,12.9519],[-1.3406,12.8466],[-1.2472,12.8265],[-1.1442,12.6881],[-1.0867,12.6901],[-0.9969,12.6794],[-0.9778,12.7972],[-1.1537,12.9008],[-1.1859,12.8361],[-1.2375,12.8455],[-1.2226,12.9403],[-1.2787,12.9785],[-1.2787,12.979]]]},"properties":{"pcode":"BF490305","iso3":"BFA","name":"Korsimoro"},"id":"122"},
{"type":"Feature","geometry":{"type":"Polygon","coordinates":[[[-1.5531,12.9981],[-1.5371,12.9261],[-1.5283,12.9224],[-1.3818,12.8272],[-1.3406,12.8466],[-1.3353,12.9519],[-1.2787,12.979],[-1.2907,13.0611],[-1.3217,13.1679],[-1.3232,13.1736],[-1.5354,13.103],[-1.5362,13.1005],[-1.5531,12.9981]]]},"properties":{"pcode":"BF490306","iso3":"BFA","name":"Mané"},"id":"123"},
{"type":"Feature","geometry":{"type":"Polygon","coordinates":[[[-1.3733,13.5622],[-1.3727,13.5597],[-1.3315,13.4936],[-1.3971,13.4515],[-1.3357,13.3855],[-1.2984,13.314],[-1.2341,13.3094],[-1.2905,13.4555],[-1.2421,13.5268],[-1.2433,13.5458],[-1.3163,13.6431],[-1.3733,13.5622]]]},"properties":{"pcode":"BF490307","iso3":"BFA","name":"Namissiguima"},"id":"124"},
{"type":"Feature","geometry":{"type":"Polygon","coordinates":[[[-0.6992,13.9506],[-0.8537,13.8659],[-0.8487,13.8659],[-0.9224,13.6708],[-0.8662,13.4863],[-0.7608,13.4447],[-0.7394,13.4482],[-0.7088,13.4534],[-0.7769,13.6313],[-0.6514,13.8039],[-0.6992,13.9506]]]},"properties":{"pcode":"BF490308","iso3":"BFA","name":"Pensa"},"id":"125"},
{"type":"Feature","geometry":{"type":"Polygon","coordinates":[[[-0.8152,13.0143],[-0.8651,12.9521],[-0.9017,12.9973],[-0.8736,12.9196],[-0.8736,12.9179],[-0.8193,12.7079],[-0.6909,12.7033],[-0.6623,12.7994],[-0.7691,12.8823],[-0.7994,13.0003],[-0.8152,13.0143]]]},"properties":{"pcode":"BF490309","iso3":"BFA","name":"Pibaoré"},"id":"126"},
{"type":"Feature","geometry":{"type":"Polygon","coordinates":[[[-0.6776,13.0149],[-0.6576,13.3006],[-0.7052,13.4463],[-0.7051,13.4466],[-0.7088,13.4534],[-0.7394,13.4482],[-0.7608,13.4447],[-0.9066,13.3823],[-0.993,13.4297],[-1.0064,13.2503],[-0.9474,13.1169],[-0.9909,13.0294],[-0.9906,13.029],[-0.9017,12.9973],[-0.8651,12.9521],[-0.8152,13.0143],[-0.7367,12.9781],[-0.6776,13.0149]]]},"properties":{"pcode":"BF490310","iso3":"BFA","name":"Pissila"},"id":"127"},
{"type":"Feature","geometry":{"type":"Polygon","coordinates":[[[-0.9778,12.7972],[-0.9969,12.6794],[-0.9968,12.679],[-0.8724,12.5405],[-0.771,12.6096],[-0.8193,12.7079],[-0.8736,12.9179],[-0.8736,12.9196],[-0.9451,12.9043],[-0.9198,12.8131],[-0.9778,12.7972]]]},"properties":{"pcode":"BF490311","iso3":"BFA","name":"Ziga"},"id":"128"},
{"type":"Feature","geometry":{"type":"Polygon","coordinates":[[[-1.8145,12.3716],[-2.0387,12.2984],[-2.0386,12.2983],[-2.0125,12.2562],[-2.0623,12.254],[-2.0082,12.234],[-1.8298,12.2648],[-1.8127,12.2642],[-1.8145,12.3716]]]},"properties":{"pcode":"BF500101","iso3":"BFA","name":"Bingo"},"id":"129"},
{"type":"Feature","geometry":{"type":"Polygon","coordinates":[[[-2.4349,12.4051],[-2.2354,12.4505],[-2.2353,12.4507],[-2.2707,12.5516],[-2.4507,12.4548],[-2.4349,12.4051]]]},"properties":{"pcode":"BF500102","iso3":"BFA","name":"Imasgho"},"id":"130"},
{"type":"Feature","geometry":{"type":"Polygon","coordinates":[[[-2.0827,12.3299],[-1.9512,12.4803],[-1.9511,12.4803],[-1.9831,12.5472],[-2.1024,12.4894],[-2.17,12.4622],[-2.1698,12.4622],[-2.1188,12.4306],[-2.1202,12.3192],[-2.0827,12.3299]]]},"properties":{"pcode":"BF500103","iso3":"BFA","name":"Kindi"},"id":"131"},
{"type":"Feature","geometry":{"type":"Polygon","coordinates":[[[-1.7919,12.2356],[-1.811,12.2642],[-1.8127,12.2642],[-1.8298,12.2648],[-2.0082,12.234],[-2.0065,12.187],[-2.0065,12.1868],[-2.0038,12.0404],[-1.9564,12.0748],[-1.9838,12.1231],[-1.8281,12.1599],[-1.7919,12.2356]]]},"properties":{"pcode":"BF500104","iso3":"BFA","name":"Kokologo"},"id":"132"},
{"type":"Feature","geometry":{"type":"Polygon","coordinates":[[[-2.4349,12.4051],[-2.4051,12.232],[-2.5003,12.182],[-2.4368,12.1393],[-2.178,12.2367],[-2.2099,12.4525],[-2.2099,12.4526],[-2.2353,12.4507],[-2.2354,12.4505],[-2.4349,12.4051]]]},"properties":{"pcode":"BF500105","iso3":"BFA","name":"Koudougou"},"id":"133"},
{"type":"Feature","geometry":{"type":"Polygon","coordinates":[[[-1.9497,12.6746],[-2.0723,12.7054],[-2.0724,12.7053],[-2.0725,12.7051],[-2.1564,12.7305],[-2.2862,12.6722],[-2.306,12.6471],[-2.3045,12.5807],[-2.2495,12.6603],[-2.2454,12.6],[-2.1415,12.5877],[-2.0378,12.6581],[-1.9571,12.627],[-1.9396,12.6519],[-1.9237,12.678],[-1.9497,12.6746]]]},"properties":{"pcode":"BF500106","iso3":"BFA","name":"Nanoro"},"id":"134"},
{"type":"Feature","geometry":{"type":"Polygon","coordinates":[[[-2.17,12.4622],[-2.2099,12.4526],[-2.2099,12.4525],[-2.178,12.2367],[-2.1779,12.2366],[-2.1607,12.2318],[-2.1202,12.3192],[-2.1188,12.4306],[-2.1698,12.4622],[-2.17,12.4622]]]},"properties":{"pcode":"BF500107","iso3":"BFA","name":"Nandiala"},"id":"135"},
{"type":"Feature","geometry":{"type":"Polygon","coordinates":[[[-1.9831,12.5472],[-1.9588,12.6228],[-1.9571,12.627],[-2.0378,12.6581],[-2.1415,12.5877],[-2.1413,12.5877],[-2.1024,12.4894],[-1.9831,12.5472]]]},"properties":{"pcode":"BF500108","iso3":"BFA","name":"Pella"},"id":"136"},
{"type":"Feature","geometry":{"type":"Polygon","coordinates":[[[-2.0387,12.2984],[-2.0827,12.3299],[-2.1202,12.3192],[-2.1607,12.2318],[-2.2276,12.1544],[-2.188,12.1223],[-2.1449,12.1776],[-2.0065,12.187],[-2.0082,12.234],[-2.0623,12.254],[-2.0125,12.2562],[-2.0386,12.2983],[-2.0387,12.2984]]]},"properties":{"pcode":"BF500109","iso3":"BFA","name":"Poa"},"id":"137"},
{"type":"Feature","geometry":{"type":"Polygon","coordinates":[[[-2.4368,12.1393],[-2.4364,12.122],[-2.2735,12.1667],[-2.2276,12.1544],[-2.1607,12.2318],[-2.1779,12.2366],[-2.178,12.2367],[-2.4368,12.1393]]]},"properties":{"pcode":"BF500110","iso3":"BFA","name":"Ramongo"},"id":"138"},
{"type":"Feature","geometry":{"type":"Polygon","coordinates":[[[-2.0065,12.187],[-2.1449,12.1776],[-2.188,12.1223],[-2.2276,12.1544],[-2.2735,12.1667],[-2.3008,12.0544],[-2.4255,12.0068],[-2.4254,12.0067],[-2.4045,11.9392],[-2.2611,12],[-2.1058,12.0463],[-2.1278,12.1424],[-2.0518,12.0136],[-2.0038,12.0404],[-2.0065,12.1868],[-2.0065,12.187]]]},"properties":{"pcode":"BF500111","iso3":"BFA","name":"Sabou"},"id":"139"},
{"type":"Feature","geometry":{"type":"Polygon","coordinates":[[[-1.9511,12.4803],[-1.8666,12.4478],[-1.7863,12.4892],[-1.8463,12.609],[-1.8453,12.6135],[-1.9396,12.6519],[-1.9571,12.627],[-1.9588,12.6228],[-1.9831,12.5472],[-1.9511,12.4803]]]},"properties":{"pcode":"BF500112","iso3":"BFA","name":"Siglé"},"id":"140"},
{"type":"Feature","geometry":{"type":"Polygon","coordinates":[[[-2.2353,12.4507],[-2.2099,12.4526],[-2.17,12.4622],[-2.1024,12.4894],[-2.1413,12.5877],[-2.1415,12.5877],[-2.2454,12.6],[-2.2455,12.5998],[-2.2707,12.5516],[-2.2353,12.4507]]]},"properties":{"pcode":"BF500113","iso3":"BFA","name":"Soa"},"id":"141"},
{"type":"Feature","geometry":{"type":"Polygon","coordinates":[[[-2.4364,12.122],[-2.4949,12.0837],[-2.4953,12.0214],[-2.4257,12.0068],[-2.4255,12.0068],[-2.3008,12.0544],[-2.2735,12.1667],[-2.4364,12.122]]]},"properties":{"pcode":"BF500114","iso3":"BFA","name":"Sourgou"},"id":"142"},
{"type":"Feature","geometry":{"type":"Polygon","coordinates":[[[-2.2611,12],[-2.2778,11.9239],[-2.2665,11.9253],[-2.0422,11.9959],[-2.0518,12.0134],[-2.0518,12.0136],[-2.1278,12.1424],[-2.1058,12.0463],[-2.2611,12]]]},"properties":{"pcode":"BF500115","iso3":"BFA","name":"Thiou"},"id":"143"},
{"type":"Feature","geometry":{"type":"Polygon","coordinates":[[[-2.8364,12.3358],[-2.7536,12.3632],[-2.61,12.389],[-2.5987,12.4105],[-2.5986,12.4106],[-2.723,12.5109],[-2.85,12.3877],[-2.8364,12.3358]]]},"properties":{"pcode":"BF500201","iso3":"BFA","name":"Dassa"},"id":"144"},
{"type":"Feature","geometry":{"type":"Polygon","coordinates":[[[-2.723,12.5109],[-2.5986,12.4106],[-2.4933,12.461],[-2.4831,12.6364],[-2.4831,12.6365],[-2.435,12.7031],[-2.5288,12.6948],[-2.6053,12.6399],[-2.689,12.6917],[-2.7456,12.6492],[-2.7454,12.6491],[-2.7692,12.6188],[-2.7694,12.6184],[-2.723,12.5109]]]},"properties":{"pcode":"BF500202","iso3":"BFA","name":"Didyr"},"id":"145"},
{"type":"Feature","geometry":{"type":"Polygon","coordinates":[[[-2.689,12.6917],[-2.6053,12.6399],[-2.5288,12.6948],[-2.4913,12.7757],[-2.4911,12.7758],[-2.5488,12.8416],[-2.641,12.7527],[-2.6683,12.7781],[-2.689,12.6917]]]},"properties":{"pcode":"BF500203","iso3":"BFA","name":"Godyr"},"id":"146"},
{"type":"Feature","geometry":{"type":"Polygon","coordinates":[[[-2.2707,12.5516],[-2.2455,12.5998],[-2.2454,12.6],[-2.2495,12.6603],[-2.3045,12.5807],[-2.306,12.6471],[-2.4831,12.6365],[-2.4831,12.6364],[-2.4933,12.461],[-2.4933,12.4608],[-2.4507,12.4548],[-2.2707,12.5516]]]},"properties":{"pcode":"BF500204","iso3":"BFA","name":"Kordié"},"id":"147"},
{"type":"Feature","geometry":{"type":"Polygon","coordinates":[[[-2.7536,12.3632],[-2.7535,12.363],[-2.6629,12.32],[-2.6722,12.256],[-2.5368,12.2788],[-2.6097,12.3889],[-2.61,12.389],[-2.7536,12.3632]]]},"properties":{"pcode":"BF500205","iso3":"BFA","name":"Kyon"},"id":"148"},
{"type":"Feature","geometry":{"type":"Polygon","coordinates":[[[-2.4255,12.0068],[-2.4257,12.0068],[-2.4953,12.0214],[-2.4949,12.0837],[-2.6239,12.0703],[-2.6238,12.0701],[-2.6286,11.9586],[-2.7177,11.8643],[-2.601,11.8726],[-2.5433,11.8118],[-2.427,11.901],[-2.2778,11.9239],[-2.2611,12],[-2.4045,11.9392],[-2.4254,12.0067],[-2.4255,12.0068]]]},"properties":{"pcode":"BF500206","iso3":"BFA","name":"Pouni"},"id":"149"},
{"type":"Feature","geometry":{"type":"Polygon","coordinates":[[[-2.4507,12.4548],[-2.4933,12.4608],[-2.4933,12.461],[-2.5986,12.4106],[-2.5987,12.4105],[-2.61,12.389],[-2.6097,12.3889],[-2.5368,12.2788],[-2.5003,12.182],[-2.4051,12.232],[-2.4349,12.4051],[-2.4507,12.4548]]]},"properties":{"pcode":"BF500207","iso3":"BFA","name":"Réo"},"id":"150"},
{"type":"Feature","geometry":{"type":"Polygon","coordinates":[[[-2.7983,12.1356],[-2.6239,12.0703],[-2.4949,12.0837],[-2.4364,12.122],[-2.4368,12.1393],[-2.5003,12.182],[-2.5368,12.2788],[-2.6722,12.256],[-2.6629,12.32],[-2.7535,12.363],[-2.7536,12.3632],[-2.8364,12.3358],[-2.8869,12.2706],[-2.7983,12.1356]]]},"properties":{"pcode":"BF500208","iso3":"BFA","name":"Ténado"},"id":"151"},
{"type":"Feature","geometry":{"type":"Polygon","coordinates":[[[-2.863893330345091,11.959182669831096],[-2.8273,11.8641],[-2.7177,11.8643],[-2.6286,11.9586],[-2.6238,12.0701],[-2.6239,12.0703],[-2.7983,12.1356],[-2.8102,12.0646],[-2.8731,12.1009],[-2.9227,12.0501],[-2.8637,11.9593],[-2.8639,11.9592],[-2.863893330345091,11.959182669831096]]]},"properties":{"pcode":"BF500209","iso3":"BFA","name":"Zamo"},"id":"152"},
{"type":"Feature","geometry":{"type":"Polygon","coordinates":[[[-2.7551,11.7143],[-2.7051,11.6061],[-2.5696,11.6267],[-2.5433,11.8116],[-2.5433,11.8118],[-2.601,11.8726],[-2.7177,11.8643],[-2.8273,11.8641],[-2.9214,11.7973],[-2.7551,11.7143]]]},"properties":{"pcode":"BF500210","iso3":"BFA","name":"Zawara"},"id":"153"},
{"type":"Feature","geometry":{"type":"Polygon","coordinates":[[[-1.4181,11.0562],[-1.662,11.1644],[-1.6647,11.2592],[-1.5941,11.3499],[-1.59,11.3549],[-1.7085,11.3977],[-1.7768,11.299],[-1.8586,11.3723],[-1.944,11.3691],[-2.0192,11.2887],[-2.0299,11.2561],[-2.0299,11.256],[-1.8834,10.9846],[-1.4264,11.0215],[-1.4181,11.0562]]]},"properties":{"pcode":"BF500301","iso3":"BFA","name":"Bieha"},"id":"154"},
{"type":"Feature","geometry":{"type":"Polygon","coordinates":[[[-2.1995,11.2036],[-2.438,11.2443],[-2.4382,11.2443],[-2.5213,11.2121],[-2.5127,11.1356],[-2.6512,11.1882],[-2.6784,11.2529],[-2.7628,11.2342],[-2.7367,11.1932],[-2.6995,11.2244],[-2.6125,11.1589],[-2.622,11.0589],[-2.6783,11.0544],[-2.6784,11.0544],[-2.7161,11.0042],[-2.3612,10.989],[-2.2848,11.0568],[-2.329,11.1201],[-2.239,11.1339],[-2.1995,11.2036]]]},"properties":{"pcode":"BF500302","iso3":"BFA","name":"Boura"},"id":"155"},
{"type":"Feature","geometry":{"type":"Polygon","coordinates":[[[-2.0299,11.2561],[-2.1174,11.1852],[-2.1995,11.2036],[-2.239,11.1339],[-2.329,11.1201],[-2.2848,11.0568],[-2.3612,10.989],[-1.8834,10.9846],[-2.0299,11.256],[-2.0299,11.2561]]]},"properties":{"pcode":"BF500303","iso3":"BFA","name":"Léo"},"id":"156"},
{"type":"Feature","geometry":{"type":"Polygon","coordinates":[[[-2.2778,11.9239],[-2.427,11.901],[-2.4908,11.8044],[-2.3453,11.7386],[-2.258,11.7225],[-2.2608,11.7877],[-2.2665,11.9253],[-2.2778,11.9239]]]},"properties":{"pcode":"BF500304","iso3":"BFA","name":"Nébiélianayou"},"id":"157"},
{"type":"Feature","geometry":{"type":"Polygon","coordinates":[[[-2.8068,11.2397],[-2.8066,11.2396],[-2.7864,11.1399],[-2.73,11.1623],[-2.7367,11.1932],[-2.7628,11.2342],[-2.6784,11.2529],[-2.6512,11.1882],[-2.5127,11.1356],[-2.5213,11.2121],[-2.4382,11.2443],[-2.4508,11.2676],[-2.4509,11.2677],[-2.515,11.4103],[-2.5153,11.4102],[-2.6277,11.3285],[-2.7409,11.3507],[-2.8068,11.2397]]]},"properties":{"pcode":"BF500305","iso3":"BFA","name":"Niabouri"},"id":"158"},
{"type":"Feature","geometry":{"type":"Polygon","coordinates":[[[-2.515,11.4103],[-2.4509,11.2677],[-2.4541,11.4406],[-2.3473,11.5464],[-2.3644,11.6089],[-2.3049,11.6369],[-2.3453,11.7385],[-2.3453,11.7386],[-2.4908,11.8044],[-2.427,11.901],[-2.5433,11.8118],[-2.5433,11.8116],[-2.5696,11.6267],[-2.7051,11.6061],[-2.6698,11.4985],[-2.515,11.4103]]]},"properties":{"pcode":"BF500306","iso3":"BFA","name":"Silly"},"id":"159"},
{"type":"Feature","geometry":{"type":"Polygon","coordinates":[[[-2.0192,11.2887],[-2.181,11.5078],[-2.181,11.508],[-2.3473,11.5464],[-2.4541,11.4406],[-2.4509,11.2677],[-2.4508,11.2676],[-2.4382,11.2443],[-2.438,11.2443],[-2.1995,11.2036],[-2.1174,11.1852],[-2.0299,11.2561],[-2.0192,11.2887]]]},"properties":{"pcode":"BF500307","iso3":"BFA","name":"To"},"id":"160"},
{"type":"Feature","geometry":{"type":"Polygon","coordinates":[[[-1.7102,11.8636],[-1.7727,11.9137],[-1.7727,11.9147],[-1.821,11.9683],[-1.9346,11.9316],[-1.9347,11.931],[-1.9937,11.7535],[-1.9757,11.7308],[-1.814,11.5824],[-1.804,11.8059],[-1.7102,11.8636]]]},"properties":{"pcode":"BF500401","iso3":"BFA","name":"Bakata"},"id":"161"},
{"type":"Feature","geometry":{"type":"Polygon","coordinates":[[[-2.2665,11.9253],[-2.2608,11.7877],[-2.212,11.8555],[-2.1035,11.8469],[-2.0341,11.7281],[-1.9937,11.7535],[-1.9347,11.931],[-1.9346,11.9316],[-2.0422,11.9959],[-2.2665,11.9253]]]},"properties":{"pcode":"BF500402","iso3":"BFA","name":"Bougnounou"},"id":"162"},
{"type":"Feature","geometry":{"type":"Polygon","coordinates":[[[-1.8586,11.3723],[-1.8154,11.4097],[-1.9318,11.4936],[-1.814,11.5824],[-1.9757,11.7308],[-1.9937,11.7535],[-2.0341,11.7281],[-2.0343,11.7279],[-2.1197,11.6985],[-2.1076,11.5425],[-2.181,11.508],[-2.181,11.5078],[-2.0192,11.2887],[-1.944,11.3691],[-1.8586,11.3723]]]},"properties":{"pcode":"BF500403","iso3":"BFA","name":"Kassou"},"id":"163"},
{"type":"Feature","geometry":{"type":"Polygon","coordinates":[[[-2.258,11.7225],[-2.2579,11.7225],[-2.1197,11.6985],[-2.0343,11.7279],[-2.0341,11.7281],[-2.1035,11.8469],[-2.212,11.8555],[-2.2608,11.7877],[-2.258,11.7225]]]},"properties":{"pcode":"BF500404","iso3":"BFA","name":"Dalô"},"id":"164"},
{"type":"Feature","geometry":{"type":"Polygon","coordinates":[[[-2.3453,11.7386],[-2.3453,11.7385],[-2.3049,11.6369],[-2.3644,11.6089],[-2.3473,11.5464],[-2.181,11.508],[-2.1076,11.5425],[-2.1197,11.6985],[-2.2579,11.7225],[-2.258,11.7225],[-2.3453,11.7386]]]},"properties":{"pcode":"BF500405","iso3":"BFA","name":"Gaô"},"id":"165"},
{"type":"Feature","geometry":{"type":"Polygon","coordinates":[[[-1.59,11.3549],[-1.3108,11.5476],[-1.3485,11.5923],[-1.4649,11.6924],[-1.6065,11.7792],[-1.6774,11.8239],[-1.7096,11.8635],[-1.7102,11.8636],[-1.804,11.8059],[-1.814,11.5824],[-1.9318,11.4936],[-1.8154,11.4097],[-1.8586,11.3723],[-1.7768,11.299],[-1.7085,11.3977],[-1.59,11.3549]]]},"properties":{"pcode":"BF500406","iso3":"BFA","name":"Sapouy"},"id":"166"},
{"type":"Feature","geometry":{"type":"Polygon","coordinates":[[[-1.4051,12.1075],[-1.5,12.0091],[-1.5015,12.0076],[-1.5155,11.944],[-1.5767,11.9467],[-1.6065,11.7792],[-1.4649,11.6924],[-1.4479,11.7763],[-1.4874,11.8932],[-1.3648,12.0304],[-1.3674,12.1092],[-1.276,12.1374],[-1.2753,12.1421],[-1.3451,12.1688],[-1.4051,12.1075]]]},"properties":{"pcode":"BF510101","iso3":"BFA","name":"Doulougou"},"id":"167"},
{"type":"Feature","geometry":{"type":"Polygon","coordinates":[[[-1.1792,12.156],[-1.1813,12.1369],[-1.2413,11.9563],[-1.2367,11.9559],[-1.1873,11.9325],[-0.9756,12.0196],[-0.9806,12.0312],[-1.0743,12.1839],[-1.0736,12.1846],[-1.1792,12.156]]]},"properties":{"pcode":"BF510102","iso3":"BFA","name":"Gaongo"},"id":"168"},
{"type":"Feature","geometry":{"type":"Polygon","coordinates":[[[-1.6065,11.7792],[-1.5767,11.9467],[-1.5155,11.944],[-1.5015,12.0076],[-1.5,12.0091],[-1.5969,11.9933],[-1.6774,11.8239],[-1.6065,11.7792]]]},"properties":{"pcode":"BF510103","iso3":"BFA","name":"Ipelsé"},"id":"169"},
{"type":"Feature","geometry":{"type":"Polygon","coordinates":[[[-1.8281,12.1599],[-1.9838,12.1231],[-1.9564,12.0748],[-2.0038,12.0404],[-2.0518,12.0136],[-2.0518,12.0134],[-2.0422,11.9959],[-1.9346,11.9316],[-1.821,11.9683],[-1.7727,11.9147],[-1.6889,12.0481],[-1.7232,12.0912],[-1.7247,12.0927],[-1.8281,12.1599]]]},"properties":{"pcode":"BF510104","iso3":"BFA","name":"Kayao"},"id":"170"},
{"type":"Feature","geometry":{"type":"Polygon","coordinates":[[[-1.2753,12.1421],[-1.276,12.1374],[-1.3674,12.1092],[-1.3648,12.0304],[-1.4874,11.8932],[-1.4479,11.7763],[-1.2413,11.9563],[-1.1813,12.1369],[-1.1792,12.156],[-1.2753,12.1421]]]},"properties":{"pcode":"BF510105","iso3":"BFA","name":"Kombissiri"},"id":"171"},
{"type":"Feature","geometry":{"type":"Polygon","coordinates":[[[-1.6889,12.0481],[-1.7727,11.9147],[-1.7727,11.9137],[-1.7102,11.8636],[-1.7096,11.8635],[-1.6774,11.8239],[-1.5969,11.9933],[-1.5,12.0091],[-1.4051,12.1075],[-1.4611,12.2255],[-1.4683,12.2313],[-1.6889,12.0481]]]},"properties":{"pcode":"BF510106","iso3":"BFA","name":"Saponé"},"id":"172"},
{"type":"Feature","geometry":{"type":"Polygon","coordinates":[[[-1.3485,11.5923],[-1.2781,11.7858],[-1.2177,11.7969],[-1.2094,11.8324],[-1.1873,11.9325],[-1.2367,11.9559],[-1.2413,11.9563],[-1.4479,11.7763],[-1.4649,11.6924],[-1.3485,11.5923]]]},"properties":{"pcode":"BF510107","iso3":"BFA","name":"Toécé"},"id":"173"},
{"type":"Feature","geometry":{"type":"Polygon","coordinates":[[[-1.4181,11.0562],[-1.1691,11.4158],[-1.1688,11.4162],[-1.3108,11.5476],[-1.59,11.3549],[-1.5941,11.3499],[-1.6647,11.2592],[-1.662,11.1644],[-1.4181,11.0562]]]},"properties":{"pcode":"BF510201","iso3":"BFA","name":"Guiaro"},"id":"174"},
{"type":"Feature","geometry":{"type":"Polygon","coordinates":[[[-1.4264,11.0215],[-1.0674,11.0058],[-1.0116,11.1525],[-0.86,11.1923],[-0.8883,11.2278],[-0.9799,11.2983],[-0.9692,11.3462],[-1.0492,11.3373],[-1.0917,11.4024],[-1.0923,11.4021],[-1.1688,11.4162],[-1.1691,11.4158],[-1.4181,11.0562],[-1.4264,11.0215]]]},"properties":{"pcode":"BF510202","iso3":"BFA","name":"Po"},"id":"175"},
{"type":"Feature","geometry":{"type":"Polygon","coordinates":[[[-1.0674,11.0058],[-0.9352,11.0008],[-0.9042,11.0306],[-0.8434,11.0794],[-0.7931,11.1629],[-0.792,11.1635],[-0.86,11.1923],[-1.0116,11.1525],[-1.0674,11.0058]]]},"properties":{"pcode":"BF510203","iso3":"BFA","name":"Tiébélé"},"id":"176"},
{"type":"Feature","geometry":{"type":"Polygon","coordinates":[[[-0.9042,11.0306],[-0.8953,10.9825],[-0.8617,10.9907],[-0.8613,10.9914],[-0.8434,11.0794],[-0.9042,11.0306]]]},"properties":{"pcode":"BF510204","iso3":"BFA","name":"Zecco"},"id":"177"},
{"type":"Feature","geometry":{"type":"MultiPolygon","coordinates":[[[[-0.9352,11.0008],[-0.8957,10.9827],[-0.8953,10.9825],[-0.9042,11.0306],[-0.9352,11.0008]]],[[[-0.7657,11.2089],[-0.792,11.1635],[-0.7931,11.1629],[-0.8434,11.0794],[-0.8613,10.9914],[-0.6833,11.0002],[-0.6826,11.0593],[-0.7651,11.2085],[-0.7657,11.2089]]]]},"properties":{"pcode":"BF510205","iso3":"BFA","name":"Ziou"},"id":"178"},
{"type":"Feature","geometry":{"type":"Polygon","coordinates":[[[-1.1873,11.9325],[-1.2094,11.8324],[-1.132,11.7222],[-1.1298,11.7247],[-1.1123,11.829],[-1.091,11.7876],[-1.0221,11.8337],[-1.0433,11.8948],[-0.8952,11.8978],[-0.8948,11.8977],[-0.9756,12.0196],[-1.1873,11.9325]]]},"properties":{"pcode":"BF510301","iso3":"BFA","name":"Béré"},"id":"179"},
{"type":"Feature","geometry":{"type":"Polygon","coordinates":[[[-0.8273,11.8757],[-0.8946,11.8974],[-0.8948,11.8977],[-0.8952,11.8978],[-1.0433,11.8948],[-1.0221,11.8337],[-1.091,11.7876],[-1.1123,11.829],[-1.1298,11.7247],[-0.9623,11.6805],[-0.9035,11.6932],[-0.8987,11.7788],[-0.8197,11.8464],[-0.8273,11.8757]]]},"properties":{"pcode":"BF510302","iso3":"BFA","name":"Bindé"},"id":"180"},
{"type":"Feature","geometry":{"type":"Polygon","coordinates":[[[-0.7902,11.68],[-0.9034,11.6932],[-0.9035,11.6932],[-0.9623,11.6805],[-0.9625,11.6781],[-1.0595,11.5582],[-1.079,11.4521],[-1.0796,11.4519],[-1.0923,11.4021],[-1.0917,11.4024],[-1.0492,11.3373],[-0.9692,11.3462],[-0.9799,11.2983],[-0.8883,11.2278],[-0.7725,11.5772],[-0.7902,11.68]]]},"properties":{"pcode":"BF510303","iso3":"BFA","name":"Gogo"},"id":"181"},
{"type":"Feature","geometry":{"type":"Polygon","coordinates":[[[-0.5622,11.4852],[-0.6487,11.5267],[-0.6568,11.5435],[-0.6691,11.5428],[-0.7725,11.5772],[-0.8883,11.2278],[-0.86,11.1923],[-0.792,11.1635],[-0.7657,11.2089],[-0.6853,11.3346],[-0.5595,11.4803],[-0.5622,11.4852]]]},"properties":{"pcode":"BF510304","iso3":"BFA","name":"Gomboussougou"},"id":"182"},
{"type":"Feature","geometry":{"type":"Polygon","coordinates":[[[-1.2177,11.7969],[-1.205,11.6487],[-1.079,11.4521],[-1.0595,11.5582],[-1.1384,11.7151],[-1.132,11.7222],[-1.2094,11.8324],[-1.2177,11.7969]]]},"properties":{"pcode":"BF510305","iso3":"BFA","name":"Guiba"},"id":"183"},
{"type":"Feature","geometry":{"type":"Polygon","coordinates":[[[-1.132,11.7222],[-1.1384,11.7151],[-1.0595,11.5582],[-0.9625,11.6781],[-0.9623,11.6805],[-1.1298,11.7247],[-1.132,11.7222]]]},"properties":{"pcode":"BF510306","iso3":"BFA","name":"Manga"},"id":"184"},
{"type":"Feature","geometry":{"type":"Polygon","coordinates":[[[-1.3108,11.5476],[-1.1688,11.4162],[-1.0923,11.4021],[-1.0796,11.4519],[-1.079,11.4521],[-1.205,11.6487],[-1.2177,11.7969],[-1.2781,11.7858],[-1.3485,11.5923],[-1.3108,11.5476]]]},"properties":{"pcode":"BF510307","iso3":"BFA","name":"Nobéré"},"id":"185"},
{"type":"Feature","geometry":{"type":"Polygon","coordinates":[[[-0.1588,12.2921],[-0.1096,12.2579],[0.0015,12.3694],[0.1437,12.4095],[0.2396,12.3359],[0.3311,12.3552],[0.3211,12.4117],[0.418,12.4563],[0.4781,12.3554],[0.5829,12.3807],[0.6114,12.3944],[0.2914,12.5955],[0.2769,12.688],[0.4062,12.8063],[0.2724,12.872],[0.2357,12.8706],[0.2288,12.873],[0.22858301564501765,12.872675787103537],[0.22856219855843424,12.872644682704616],[0.22847896937429768,12.872668524397987],[0.1687,12.7832],[0.2462,12.7243],[0.1075,12.7386],[0.0076,12.6104],[-0.2362,12.569],[-0.2664,12.5524],[-0.2657,12.5504],[-0.2568,12.4425],[-0.1439,12.3958],[-0.1588,12.2921]]]},"properties":{"pcode":"BF520101","iso3":"BFA","name":"Bilanga"},"id":"186"},
{"type":"Feature","geometry":{"type":"Polygon","coordinates":[[[-0.2143,12.8122],[-0.1073,12.8332],[-0.0552,12.767],[0.1205,12.9036],[0.22847896937429768,12.872668524397987],[0.22856219855843424,12.872644682704616],[0.22858301564501765,12.872675787103537],[0.2288,12.873],[0.2357,12.8706],[0.2724,12.872],[0.2367,12.9518],[0.1886,13.1011],[0.188,13.1013],[0.0779,12.9867],[-0.1765,13.1184],[-0.2023,13.1136],[-0.3329,12.9092],[-0.326,12.9023],[-0.2888,12.856],[-0.2143,12.8122]]]},"properties":{"pcode":"BF520102","iso3":"BFA","name":"Bogandé"},"id":"187"},
{"type":"Feature","geometry":{"type":"Polygon","coordinates":[[[-0.3178,13.4191],[-0.2809,13.3875],[-0.1098,13.2687],[0.1381,13.2664],[0.1725,13.3433],[0.1788,13.4154],[0.1119,13.5957],[0.1122,13.5965],[-0.0001,13.6053],[-0.073,13.5405],[-0.1424,13.6147],[-0.1998,13.5395],[-0.2,13.539],[-0.3114,13.4262],[-0.3113,13.426],[-0.3178,13.4191]]]},"properties":{"pcode":"BF520103","iso3":"BFA","name":"Koala"},"id":"188"},
{"type":"Feature","geometry":{"type":"Polygon","coordinates":[[[0.2367,12.9518],[0.4928,12.8723],[0.5392,12.9658],[0.5934,12.9678],[0.605,12.9781],[0.3521,13.2198],[0.3521,13.2199],[0.1725,13.3433],[0.1381,13.2664],[0.1407,13.2674],[0.188,13.1013],[0.1886,13.1011],[0.2367,12.9518]]]},"properties":{"pcode":"BF520104","iso3":"BFA","name":"Liptougou"},"id":"189"},
{"type":"Feature","geometry":{"type":"Polygon","coordinates":[[[-0.2887,13.1857],[-0.1765,13.1184],[0.0779,12.9867],[0.188,13.1013],[0.1407,13.2674],[0.1381,13.2664],[-0.1098,13.2687],[-0.2809,13.3875],[-0.3072,13.3551],[-0.3431,13.2727],[-0.2887,13.1857]]]},"properties":{"pcode":"BF520105","iso3":"BFA","name":"Mani"},"id":"190"},
{"type":"Feature","geometry":{"type":"Polygon","coordinates":[[[-0.2362,12.569],[0.0076,12.6104],[0.1075,12.7386],[0.2462,12.7243],[0.1687,12.7832],[0.22847896937429768,12.872668524397987],[0.1205,12.9036],[-0.0552,12.767],[-0.1073,12.8332],[-0.2143,12.8122],[-0.2143,12.8117],[-0.2362,12.569]]]},"properties":{"pcode":"BF520106","iso3":"BFA","name":"Piéla"},"id":"191"},
{"type":"Feature","geometry":{"type":"Polygon","coordinates":[[[-0.3888,12.9933],[-0.3559,13.0385],[-0.3329,12.9092],[-0.2023,13.1136],[-0.1765,13.1184],[-0.2887,13.1857],[-0.3635,13.1252],[-0.3888,12.9933]]]},"properties":{"pcode":"BF520107","iso3":"BFA","name":"Thion"},"id":"192"},
{"type":"Feature","geometry":{"type":"Polygon","coordinates":[[[0.015,11.7491],[0.1185,11.828],[0.1455,11.9139],[0.1028,11.969],[0.0572,12.1264],[0.0556,12.1267],[-0.0212,12.1466],[-0.0135,12.107],[-0.1273,12.0711],[-0.1404,11.9521],[-0.1403,11.9519],[-0.1035,11.8806],[-0.0013,11.8542],[0.015,11.7491]]]},"properties":{"pcode":"BF520201","iso3":"BFA","name":"Diabo"},"id":"193"},
{"type":"Feature","geometry":{"type":"Polygon","coordinates":[[[0.1028,11.969],[0.1591,12.0226],[0.236,11.9793],[0.2514,12.0468],[0.3162,12.0263],[0.2492,12.2029],[0.2027,12.238],[0.1981,12.2404],[0.1197,12.2482],[0.1247,12.1394],[0.0556,12.1267],[0.0572,12.1264],[0.1028,11.969]]]},"properties":{"pcode":"BF520202","iso3":"BFA","name":"Diapangou"},"id":"194"},
{"type":"Feature","geometry":{"type":"Polygon","coordinates":[[[0.393,11.6195],[0.5317,11.5483],[0.5279,11.7044],[0.7302,11.7578],[0.7297,11.85],[0.8776,11.9429],[0.8128,12.131],[0.6669,12.209],[0.6669,12.2091],[0.5268,12.212],[0.415,12.1403],[0.2492,12.2029],[0.3162,12.0263],[0.2514,12.0468],[0.236,11.9793],[0.1591,12.0226],[0.1028,11.969],[0.1455,11.9139],[0.1185,11.828],[0.1182,11.8273],[0.1102,11.7905],[0.2403,11.8042],[0.3757,11.6975],[0.393,11.6195]]]},"properties":{"pcode":"BF520203","iso3":"BFA","name":"Fada-Ngourma"},"id":"195"},
{"type":"Feature","geometry":{"type":"Polygon","coordinates":[[[0.8776,11.9429],[1.1164,11.8473],[1.1561,11.7443],[1.2522,11.7378],[1.2678,11.8379],[1.2508,12.0342],[1.3304,12.1444],[1.1718,12.2155],[1.1829,12.4809],[1.2294,12.5103],[1.2492,12.7543],[1.3988,12.841],[1.4091,12.8664],[1.3467,12.9018],[1.3465,12.9016],[1.258,12.7701],[1.1609,12.7562],[1.1117,12.6437],[0.9728,12.6361],[0.928,12.6868],[0.9257,12.6865],[0.8503,12.7],[0.8822,12.5833],[0.7904,12.4476],[0.8418,12.4177],[0.6467,12.3235],[0.5993,12.291],[0.6669,12.2091],[0.6669,12.209],[0.8128,12.131],[0.8776,11.9429]]]},"properties":{"pcode":"BF520204","iso3":"BFA","name":"Matiakoali"},"id":"196"},
{"type":"Feature","geometry":{"type":"Polygon","coordinates":[[[-0.0212,12.1466],[0.0556,12.1267],[0.1247,12.1394],[0.1197,12.2482],[0.1981,12.2404],[0.2393,12.3357],[0.2396,12.3359],[0.1437,12.4095],[0.0015,12.3694],[-0.1096,12.2579],[-0.1097,12.2572],[-0.0212,12.1466]]]},"properties":{"pcode":"BF520205","iso3":"BFA","name":"Tibga"},"id":"197"},
{"type":"Feature","geometry":{"type":"Polygon","coordinates":[[[0.2396,12.3359],[0.2393,12.3357],[0.1981,12.2404],[0.2027,12.238],[0.2492,12.2029],[0.415,12.1403],[0.5268,12.212],[0.6669,12.2091],[0.5993,12.291],[0.6467,12.3235],[0.6348,12.3474],[0.6114,12.3944],[0.5829,12.3807],[0.4781,12.3554],[0.418,12.4563],[0.3211,12.4117],[0.3311,12.3552],[0.2396,12.3359]]]},"properties":{"pcode":"BF520206","iso3":"BFA","name":"Yamba"},"id":"198"},
{"type":"Feature","geometry":{"type":"Polygon","coordinates":[[[0.5934,12.9678],[0.5941,12.9674],[0.6431,12.8155],[0.8503,12.7],[0.9257,12.6865],[0.928,12.6868],[0.9771,12.8413],[0.8865,13.0423],[0.7689,12.9792],[0.605,12.9781],[0.5934,12.9678]]]},"properties":{"pcode":"BF520301","iso3":"BFA","name":"Bartiébougou"},"id":"199"},
{"type":"Feature","geometry":{"type":"Polygon","coordinates":[[[1.3467,12.9018],[0.9922,13.1031],[0.8865,13.0423],[0.9771,12.8413],[0.928,12.6868],[0.9728,12.6361],[1.1117,12.6437],[1.1609,12.7562],[1.258,12.7701],[1.3465,12.9016],[1.3467,12.9018]]]},"properties":{"pcode":"BF520302","iso3":"BFA","name":"Foutouri"},"id":"200"},
{"type":"Feature","geometry":{"type":"Polygon","coordinates":[[[0.6114,12.3944],[0.6348,12.3474],[0.6467,12.3235],[0.8418,12.4177],[0.7904,12.4476],[0.8822,12.5833],[0.8503,12.7],[0.6431,12.8155],[0.5941,12.9674],[0.5934,12.9678],[0.5392,12.9658],[0.4928,12.8723],[0.2367,12.9518],[0.2724,12.872],[0.4062,12.8063],[0.2769,12.688],[0.2914,12.5955],[0.6114,12.3944]]]},"properties":{"pcode":"BF520303","iso3":"BFA","name":"Gayéri"},"id":"201"},
{"type":"Feature","geometry":{"type":"Polygon","coordinates":[[[0.4234,11.0266],[0.5049,11.0092],[0.5008,10.9334],[0.7847,11.0011],[0.7873,11.0011],[0.7921,11.1241],[0.6887,11.1125],[0.5808,11.1979],[0.5205,11.0681],[0.4548,11.1122],[0.4234,11.0266]]]},"properties":{"pcode":"BF520401","iso3":"BFA","name":"Kompienga"},"id":"202"},
{"type":"Feature","geometry":{"type":"Polygon","coordinates":[[[1.4101,11.459],[1.1865,11.6272],[1.1865,11.6274],[1.1268,11.6219],[1.0947,11.4209],[0.9816,11.3298],[1.0538,11.1388],[1.165,11.1696],[1.1487,11.2809],[1.2625,11.25],[1.2676,11.3267],[1.3515,11.3064],[1.3254,11.3638],[1.4101,11.459]]]},"properties":{"pcode":"BF520402","iso3":"BFA","name":"Madjoari"},"id":"203"},
{"type":"Feature","geometry":{"type":"Polygon","coordinates":[[[0.5808,11.1979],[0.6887,11.1125],[0.7921,11.1241],[0.7873,11.0011],[0.9117,11.001],[0.888,10.9142],[0.9357,10.8978],[0.977,11.0884],[1.1144,11.0319],[1.0538,11.1388],[0.9816,11.3298],[1.0947,11.4209],[1.1268,11.6219],[1.1865,11.6274],[1.2518,11.7368],[1.2522,11.7378],[1.1561,11.7443],[1.1164,11.8473],[0.8776,11.9429],[0.7297,11.85],[0.7302,11.7578],[0.5279,11.7044],[0.5317,11.5483],[0.5317,11.5476],[0.5808,11.1979]]]},"properties":{"pcode":"BF520403","iso3":"BFA","name":"Pama"},"id":"204"},
{"type":"Feature","geometry":{"type":"Polygon","coordinates":[[[1.8017,12.3393],[1.9836,12.2963],[1.9969,12.2155],[2.0455,12.2084],[2.1989,12.1746],[2.0656,12.3573],[2.2618,12.4133],[2.2742,12.4646],[2.162,12.6859],[2.0308,12.7304],[1.9798,12.7369],[1.8686,12.6054],[1.7997,12.6444],[1.7995,12.6443],[1.7458,12.5097],[1.7997,12.4741],[1.8017,12.3393]]]},"properties":{"pcode":"BF520501","iso3":"BFA","name":"Botou"},"id":"205"},
{"type":"Feature","geometry":{"type":"Polygon","coordinates":[[[1.8017,12.3393],[1.6572,12.2471],[1.6263,12.1242],[1.6342,12.1056],[1.7403,11.9391],[1.8002,11.947],[1.9515,12.0125],[2.0216,11.9826],[2.024,11.6748],[2.1276,11.5396],[2.3118,11.681],[2.4074,11.8989],[2.2017,12.1706],[2.1989,12.1746],[2.0455,12.2084],[1.9969,12.2155],[1.9836,12.2963],[1.8017,12.3393]]]},"properties":{"pcode":"BF520502","iso3":"BFA","name":"Diapaga"},"id":"206"},
{"type":"Feature","geometry":{"type":"Polygon","coordinates":[[[1.3304,12.1444],[1.6263,12.1242],[1.6572,12.2471],[1.8017,12.3393],[1.7997,12.4741],[1.7458,12.5097],[1.7995,12.6443],[1.7997,12.6444],[1.4091,12.8664],[1.3988,12.841],[1.2492,12.7543],[1.2294,12.5103],[1.1829,12.4809],[1.1718,12.2155],[1.3304,12.1444]]]},"properties":{"pcode":"BF520503","iso3":"BFA","name":"Kantchari"},"id":"207"},
{"type":"Feature","geometry":{"type":"Polygon","coordinates":[[[1.4101,11.459],[1.5536,11.4783],[1.6242,11.3934],[1.8782,11.453],[1.9971,11.4177],[2.0611,11.4749],[1.9577,11.6817],[1.8165,11.7924],[1.8121,11.7952],[1.5015,11.5992],[1.2522,11.7378],[1.2518,11.7368],[1.1865,11.6274],[1.1865,11.6272],[1.4101,11.459]]]},"properties":{"pcode":"BF520504","iso3":"BFA","name":"Lôgbou"},"id":"208"},
{"type":"Feature","geometry":{"type":"Polygon","coordinates":[[[1.4994,11.7779],[1.7338,11.8663],[1.7294,11.8675],[1.5075,11.8428],[1.4994,11.7779]]]},"properties":{"pcode":"BF520505","iso3":"BFA","name":"Namouno"},"id":"209"},
{"type":"Feature","geometry":{"type":"Polygon","coordinates":[[[1.2678,11.8379],[1.4914,11.7359],[1.4994,11.7779],[1.5075,11.8428],[1.7294,11.8675],[1.7403,11.9391],[1.6342,12.1056],[1.6263,12.1242],[1.3304,12.1444],[1.2508,12.0342],[1.2678,11.8379]]]},"properties":{"pcode":"BF520506","iso3":"BFA","name":"Partiaga"},"id":"210"},
{"type":"Feature","geometry":{"type":"Polygon","coordinates":[[[1.2522,11.7378],[1.5015,11.5992],[1.8121,11.7952],[1.8034,11.9312],[1.8002,11.947],[1.7403,11.9391],[1.7294,11.8675],[1.7338,11.8663],[1.4994,11.7779],[1.4914,11.7359],[1.2678,11.8379],[1.2522,11.7378]]]},"properties":{"pcode":"BF520507","iso3":"BFA","name":"Tambaga"},"id":"211"},
{"type":"Feature","geometry":{"type":"Polygon","coordinates":[[[1.8002,11.947],[1.8034,11.9312],[1.8121,11.7952],[1.8165,11.7924],[1.9577,11.6817],[2.0611,11.4749],[2.1249,11.5357],[2.1276,11.5396],[2.024,11.6748],[2.0216,11.9826],[1.9515,12.0125],[1.8002,11.947]]]},"properties":{"pcode":"BF520508","iso3":"BFA","name":"Tansarga"},"id":"212"},
{"type":"Feature","geometry":{"type":"Polygon","coordinates":[[[-4.155,11.4539],[-4.1881,11.607],[-4.1881,11.6072],[-4.2494,11.5421],[-4.3947,11.6415],[-4.4464,11.6282],[-4.4464,11.628],[-4.4502,11.5514],[-4.5549,11.4887],[-4.6096,11.4176],[-4.6095,11.4177],[-4.6244,11.3156],[-4.5211,11.2818],[-4.2888,11.2822],[-4.2349,11.3487],[-4.2445,11.5147],[-4.155,11.4539]]]},"properties":{"pcode":"BF530101","iso3":"BFA","name":"Bama"},"id":"213"},
{"type":"Feature","geometry":{"type":"Polygon","coordinates":[[[-4.5211,11.2818],[-4.5057,11.1892],[-4.5858,11.1319],[-4.5458,11.0621],[-4.4231,11.0834],[-4.1619,10.9429],[-4.169,11.0237],[-4.0356,11.1322],[-4.0183,11.2002],[-4.1216,11.237],[-4.0372,11.3142],[-4.1305,11.3562],[-4.1551,11.4538],[-4.155,11.4539],[-4.2445,11.5147],[-4.2349,11.3487],[-4.2888,11.2822],[-4.5211,11.2818]]]},"properties":{"pcode":"BF530102","iso3":"BFA","name":"Bobo-Dioulasso"},"id":"214"},
{"type":"Feature","geometry":{"type":"Polygon","coordinates":[[[-4.4464,11.6282],[-4.6005,11.6794],[-4.5549,11.4887],[-4.4502,11.5514],[-4.4464,11.628],[-4.4464,11.6282]]]},"properties":{"pcode":"BF530103","iso3":"BFA","name":"Dandé"},"id":"215"},
{"type":"Feature","geometry":{"type":"Polygon","coordinates":[[[-4.4298,12.0027],[-4.4789,12.0048],[-4.4975,12.1088],[-4.6316,12.0573],[-4.7145,12.0382],[-4.6447,11.9848],[-4.4389,11.9745],[-4.4298,12.0025],[-4.4298,12.0027]]]},"properties":{"pcode":"BF530104","iso3":"BFA","name":"Faramana"},"id":"216"},
{"type":"Feature","geometry":{"type":"Polygon","coordinates":[[[-4.4389,11.9745],[-4.6447,11.9848],[-4.6447,11.9846],[-4.6316,11.7989],[-4.4887,11.798],[-4.4374,11.9687],[-4.4389,11.9745]]]},"properties":{"pcode":"BF530105","iso3":"BFA","name":"Fo"},"id":"217"},
{"type":"Feature","geometry":{"type":"Polygon","coordinates":[[[-4.6096,11.4176],[-4.6571,11.4541],[-4.7216,11.4196],[-4.7709,11.3521],[-4.7708,11.3519],[-4.7412,11.2682],[-4.8024,11.2422],[-4.779,11.2025],[-4.6615,11.1146],[-4.669,11.0277],[-4.6428,11.0372],[-4.5458,11.0621],[-4.5858,11.1319],[-4.5057,11.1892],[-4.5211,11.2818],[-4.6244,11.3156],[-4.6095,11.4177],[-4.6096,11.4176]]]},"properties":{"pcode":"BF530106","iso3":"BFA","name":"Karangasso-Sambla"},"id":"218"},
{"type":"Feature","geometry":{"type":"Polygon","coordinates":[[[-3.7157,10.8394],[-3.6096,10.9913],[-3.6098,10.9915],[-3.7873,11.1665],[-3.8529,11.1509],[-4.0356,11.1322],[-4.169,11.0237],[-4.1619,10.9429],[-4.1617,10.9427],[-4.0895,10.8331],[-4.0803,10.8206],[-3.9251,10.6703],[-3.87,10.6992],[-3.7958,10.8398],[-3.7157,10.8394]]]},"properties":{"pcode":"BF530107","iso3":"BFA","name":"Karangasso-Vigué"},"id":"219"},
{"type":"Feature","geometry":{"type":"Polygon","coordinates":[[[-4.4887,11.798],[-4.6316,11.7989],[-4.6632,11.7048],[-4.6631,11.7047],[-4.6005,11.6794],[-4.4464,11.6282],[-4.3947,11.6415],[-4.3458,11.7257],[-4.4071,11.7506],[-4.4419,11.7077],[-4.4894,11.7971],[-4.4887,11.798]]]},"properties":{"pcode":"BF530108","iso3":"BFA","name":"Koundougou"},"id":"220"},
{"type":"Feature","geometry":{"type":"Polygon","coordinates":[[[-4.0356,11.1322],[-3.8529,11.1509],[-3.8856,11.1995],[-3.836,11.3673],[-3.8359,11.3673],[-3.9057,11.4708],[-4.0372,11.3142],[-4.1216,11.237],[-4.0183,11.2002],[-4.0356,11.1322]]]},"properties":{"pcode":"BF530109","iso3":"BFA","name":"Lèna"},"id":"221"},
{"type":"Feature","geometry":{"type":"Polygon","coordinates":[[[-4.3458,11.7257],[-4.3947,11.6415],[-4.2494,11.5421],[-4.1881,11.6072],[-4.021444822802651,11.83333917865651],[-4.02145151149206,11.833358673739056],[-4.0215,11.8335],[-4.0212,11.8337],[-3.9759,11.9371],[-3.9752,11.9388],[-4.2391,11.9287],[-4.2387,11.7945],[-4.3458,11.7257]]]},"properties":{"pcode":"BF530110","iso3":"BFA","name":"Padéma"},"id":"222"},
{"type":"Feature","geometry":{"type":"Polygon","coordinates":[[[-4.0895,10.8331],[-4.1617,10.9427],[-4.1619,10.9429],[-4.4231,11.0834],[-4.5458,11.0621],[-4.6428,11.0372],[-4.5526,10.9734],[-4.5421,10.8698],[-4.4506,10.8741],[-4.3911,10.7392],[-4.3259,10.7619],[-4.2506,10.6983],[-4.1846,10.7458],[-4.2418,10.7838],[-4.1401,10.7557],[-4.0895,10.8331]]]},"properties":{"pcode":"BF530111","iso3":"BFA","name":"Péni"},"id":"223"},
{"type":"Feature","geometry":{"type":"Polygon","coordinates":[[[-4.021444822802651,11.83333917865651],[-4.1881,11.6072],[-4.1881,11.607],[-4.155,11.4539],[-4.1551,11.4538],[-4.1305,11.3562],[-4.0372,11.3142],[-3.9057,11.4708],[-3.964,11.541],[-3.9244,11.6105],[-3.9793,11.6265],[-3.9482,11.7465],[-4.0133,11.8096],[-4.021444822802651,11.83333917865651]]]},"properties":{"pcode":"BF530112","iso3":"BFA","name":"Satiri"},"id":"224"},
{"type":"Feature","geometry":{"type":"Polygon","coordinates":[[[-4.5793,10.8185],[-4.5423,10.8697],[-4.5421,10.8698],[-4.5526,10.9734],[-4.6428,11.0372],[-4.669,11.0277],[-4.6692,11.0277],[-4.7635,10.8739],[-4.7584,10.8441],[-4.6861,10.7777],[-4.5793,10.8185]]]},"properties":{"pcode":"BF530113","iso3":"BFA","name":"Toussiana"},"id":"225"},
{"type":"Feature","geometry":{"type":"Polygon","coordinates":[[[-4.7709,11.3521],[-4.9193,11.2707],[-4.9201,11.2634],[-4.8024,11.2422],[-4.7412,11.2682],[-4.7708,11.3519],[-4.7709,11.3521]]]},"properties":{"pcode":"BF530201","iso3":"BFA","name":"Banzon"},"id":"226"},
{"type":"Feature","geometry":{"type":"Polygon","coordinates":[[[-4.8024,11.2422],[-4.9201,11.2634],[-4.9193,11.2707],[-4.9906,11.272],[-5.0586,11.1791],[-5.0609,11.1591],[-5.0609,11.1589],[-5.0637,11.1354],[-4.9823,11.1085],[-4.9196,11.1104],[-4.8878,11.0224],[-4.8117,11.065],[-4.779,11.2025],[-4.8024,11.2422]]]},"properties":{"pcode":"BF530202","iso3":"BFA","name":"Djigouèra"},"id":"227"},
{"type":"Feature","geometry":{"type":"Polygon","coordinates":[[[-5.2226,10.864],[-5.1396,10.8432],[-5.2105,10.9079],[-5.0637,11.1354],[-5.0609,11.1589],[-5.0609,11.1591],[-5.2284,11.0917],[-5.2577,11.126],[-5.3896,11.0015],[-5.3892,11.0008],[-5.2604,10.8541],[-5.2226,10.864]]]},"properties":{"pcode":"BF530203","iso3":"BFA","name":"Kangala"},"id":"228"},
{"type":"Feature","geometry":{"type":"Polygon","coordinates":[[[-4.7145,12.0382],[-4.7584,12.004],[-4.7581,12.0038],[-4.8379,11.8295],[-4.7817,11.8374],[-4.8083,11.7482],[-4.7673,11.7048],[-4.6632,11.7048],[-4.6316,11.7989],[-4.6447,11.9846],[-4.6447,11.9848],[-4.7145,12.0382]]]},"properties":{"pcode":"BF530204","iso3":"BFA","name":"Kayan"},"id":"229"},
{"type":"Feature","geometry":{"type":"Polygon","coordinates":[[[-5.3896,11.0015],[-5.2577,11.126],[-5.2284,11.0917],[-5.0609,11.1591],[-5.0586,11.1791],[-5.1514,11.263],[-5.1514,11.2639],[-5.1981,11.4374],[-5.2555,11.2427],[-5.3467,11.1252],[-5.4889,11.0813],[-5.4776,11.0211],[-5.3896,11.0015]]]},"properties":{"pcode":"BF530205","iso3":"BFA","name":"Kôlôkô"},"id":"230"},
{"type":"Feature","geometry":{"type":"Polygon","coordinates":[[[-4.7635,10.8739],[-4.6692,11.0277],[-4.669,11.0277],[-4.6615,11.1146],[-4.779,11.2025],[-4.8117,11.065],[-4.8878,11.0224],[-4.8879,11.0222],[-4.892,10.88],[-4.8918,10.88],[-4.7635,10.8739]]]},"properties":{"pcode":"BF530206","iso3":"BFA","name":"Kourinion"},"id":"231"},
{"type":"Feature","geometry":{"type":"Polygon","coordinates":[[[-4.5549,11.4887],[-4.6005,11.6794],[-4.6631,11.7047],[-4.6632,11.7048],[-4.7673,11.7048],[-4.8071,11.6421],[-4.9223,11.6401],[-4.9224,11.6399],[-4.9605,11.5243],[-4.7216,11.4196],[-4.6571,11.4541],[-4.6096,11.4176],[-4.5549,11.4887]]]},"properties":{"pcode":"BF530207","iso3":"BFA","name":"Kourouma"},"id":"232"},
{"type":"Feature","geometry":{"type":"Polygon","coordinates":[[[-5.0049,11.698],[-4.989,11.874],[-4.9394,11.8697],[-4.9922,11.9839],[-4.9923,11.9847],[-5.1466,11.9494],[-5.2599,11.832],[-5.4016,11.8289],[-5.2609,11.765],[-5.2661,11.7143],[-5.1093,11.6936],[-5.0049,11.698]]]},"properties":{"pcode":"BF530208","iso3":"BFA","name":"Morlaba"},"id":"233"},
{"type":"Feature","geometry":{"type":"Polygon","coordinates":[[[-4.7584,12.004],[-4.9923,11.9847],[-4.9922,11.9839],[-4.9394,11.8697],[-4.989,11.874],[-5.0049,11.698],[-4.9223,11.6401],[-4.8071,11.6421],[-4.7673,11.7048],[-4.8083,11.7482],[-4.7817,11.8374],[-4.8379,11.8295],[-4.7581,12.0038],[-4.7584,12.004]]]},"properties":{"pcode":"BF530209","iso3":"BFA","name":"Ndôrôla"},"id":"234"},
{"type":"Feature","geometry":{"type":"Polygon","coordinates":[[[-4.892,10.88],[-4.8879,11.0222],[-4.8878,11.0224],[-4.9196,11.1104],[-4.9823,11.1085],[-4.9823,11.1083],[-5.0851,10.9209],[-4.9939,10.8577],[-4.892,10.88]]]},"properties":{"pcode":"BF530210","iso3":"BFA","name":"Orodara"},"id":"235"},
{"type":"Feature","geometry":{"type":"Polygon","coordinates":[[[-4.9939,10.8577],[-5.0851,10.9209],[-4.9823,11.1083],[-4.9823,11.1085],[-5.0637,11.1354],[-5.2105,10.9079],[-5.1396,10.8432],[-5.2226,10.864],[-5.2226,10.8639],[-5.1919,10.7892],[-5.0884,10.8264],[-4.9939,10.8577]]]},"properties":{"pcode":"BF530211","iso3":"BFA","name":"Samôgôyiri"},"id":"236"},
{"type":"Feature","geometry":{"type":"Polygon","coordinates":[[[-4.7216,11.4196],[-4.9605,11.5243],[-4.9224,11.6399],[-4.9223,11.6401],[-5.0049,11.698],[-5.1093,11.6936],[-5.1095,11.6936],[-5.0434,11.5465],[-5.1038,11.429],[-5.0834,11.3332],[-5.1514,11.2639],[-5.1514,11.263],[-5.0586,11.1791],[-4.9906,11.272],[-4.9193,11.2707],[-4.7709,11.3521],[-4.7216,11.4196]]]},"properties":{"pcode":"BF530212","iso3":"BFA","name":"Samôgôgouan"},"id":"237"},
{"type":"Feature","geometry":{"type":"Polygon","coordinates":[[[-5.1514,11.2639],[-5.0834,11.3332],[-5.1038,11.429],[-5.0434,11.5465],[-5.1095,11.6936],[-5.1093,11.6936],[-5.2661,11.7143],[-5.2925,11.6185],[-5.2153,11.5785],[-5.1981,11.4374],[-5.1514,11.2639]]]},"properties":{"pcode":"BF530213","iso3":"BFA","name":"Sindo"},"id":"238"},
{"type":"Feature","geometry":{"type":"Polygon","coordinates":[[[-4.0133,11.8096],[-3.9482,11.7465],[-3.9793,11.6265],[-3.9244,11.6105],[-3.964,11.541],[-3.9057,11.4708],[-3.8706,11.5193],[-3.7273,11.7278],[-3.7258,11.7293],[-4.0133,11.8096]]]},"properties":{"pcode":"BF530301","iso3":"BFA","name":"Békui"},"id":"239"},
{"type":"Feature","geometry":{"type":"Polygon","coordinates":[[[-3.5668,11.7734],[-3.6794,11.7803],[-3.7258,11.7293],[-3.7273,11.7278],[-3.8706,11.5193],[-3.6566,11.5434],[-3.5227,11.7347],[-3.567,11.7733],[-3.5668,11.7734]]]},"properties":{"pcode":"BF530302","iso3":"BFA","name":"Béréba"},"id":"240"},
{"type":"Feature","geometry":{"type":"Polygon","coordinates":[[[-3.4209,11.6223],[-3.4658,11.656],[-3.4943,11.6074],[-3.4564,11.3969],[-3.4562,11.3969],[-3.4214,11.3578],[-3.2816,11.4847],[-3.2956,11.5637],[-3.4206,11.6214],[-3.4209,11.6223]]]},"properties":{"pcode":"BF530303","iso3":"BFA","name":"Boni"},"id":"241"},
{"type":"Feature","geometry":{"type":"Polygon","coordinates":[[[-3.0955,11.5439],[-3.2816,11.4847],[-3.4214,11.3578],[-3.446,11.2115],[-3.2914,11.2013],[-3.224,11.3444],[-3.1464,11.3685],[-3.1463,11.3686],[-3.1705,11.4066],[-3.1273,11.3871],[-3.0652,11.4588],[-3.0903,11.551],[-3.0955,11.5439]]]},"properties":{"pcode":"BF530304","iso3":"BFA","name":"Founzan"},"id":"242"},
{"type":"Feature","geometry":{"type":"Polygon","coordinates":[[[-3.4084,11.7112],[-3.5227,11.7347],[-3.6566,11.5434],[-3.8706,11.5193],[-3.9057,11.4708],[-3.8359,11.3673],[-3.6095,11.324],[-3.4564,11.3969],[-3.4943,11.6074],[-3.4658,11.656],[-3.4209,11.6223],[-3.3647,11.69],[-3.4082,11.7113],[-3.4084,11.7112]]]},"properties":{"pcode":"BF530305","iso3":"BFA","name":"Houndé"},"id":"243"},
{"type":"Feature","geometry":{"type":"Polygon","coordinates":[[[-3.0903,11.551],[-3.0652,11.4588],[-3.1273,11.3871],[-3.1705,11.4066],[-3.1463,11.3686],[-2.9602,11.3373],[-2.848,11.2977],[-2.8326,11.5218],[-2.8328,11.522],[-3.0503,11.5837],[-3.0903,11.551]]]},"properties":{"pcode":"BF530306","iso3":"BFA","name":"Koti"},"id":"244"},
{"type":"Feature","geometry":{"type":"Polygon","coordinates":[[[-3.6098,10.9915],[-3.4452,11.1659],[-3.446,11.2115],[-3.4214,11.3578],[-3.4562,11.3969],[-3.4564,11.3969],[-3.6095,11.324],[-3.8359,11.3673],[-3.836,11.3673],[-3.8856,11.1995],[-3.8529,11.1509],[-3.7873,11.1665],[-3.6098,10.9915]]]},"properties":{"pcode":"BF530307","iso3":"BFA","name":"Koumbia"},"id":"245"},
{"type":"Feature","geometry":{"type":"Polygon","coordinates":[[[-2.2493,14.0514],[-2.3207,14.0755],[-2.1907,14.1975],[-2.1907,14.1978],[-2.4741,14.298],[-2.6629,14.1466],[-2.6217,14.1273],[-2.6603,14.076],[-2.5669,14.0289],[-2.5801,13.9714],[-2.5792,13.9712],[-2.5483,13.9657],[-2.5356,13.968],[-2.5106,13.9664],[-2.4301,14.0179],[-2.3219,13.9465],[-2.2484,13.9883],[-2.2493,14.0514]]]},"properties":{"pcode":"BF540101","iso3":"BFA","name":"Bahn"},"id":"246"},
{"type":"Feature","geometry":{"type":"Polygon","coordinates":[[[-1.76,13.7636],[-1.8412,13.8427],[-1.987,13.797],[-2.0549,13.6926],[-2.013,13.612],[-2.0845,13.5923],[-2.0052,13.557],[-1.898,13.5754],[-1.9019,13.6221],[-1.7301,13.7197],[-1.7601,13.7632],[-1.76,13.7636]]]},"properties":{"pcode":"BF540102","iso3":"BFA","name":"Ouindigui"},"id":"247"},
{"type":"Feature","geometry":{"type":"Polygon","coordinates":[[[-2.2493,14.0514],[-2.1772,14.0554],[-2.0945,13.9752],[-2.0838,14.0549],[-2.0244,14.0801],[-2.0968,14.1481],[-2.0967,14.1481],[-2.1907,14.1978],[-2.1907,14.1975],[-2.3207,14.0755],[-2.2493,14.0514]]]},"properties":{"pcode":"BF540103","iso3":"BFA","name":"Sollé"},"id":"248"},
{"type":"Feature","geometry":{"type":"Polygon","coordinates":[[[-2.3219,13.9465],[-2.3219,13.9464],[-2.2822,13.8757],[-2.2823,13.8751],[-2.225,13.7784],[-2.1443,13.5711],[-2.0052,13.557],[-2.0845,13.5923],[-2.013,13.612],[-2.0549,13.6926],[-1.987,13.797],[-1.8412,13.8427],[-1.8988,13.9317],[-1.8598,14.0411],[-1.8596,14.0417],[-1.9033,14.0695],[-1.9481,14.0242],[-2.0244,14.0801],[-2.0838,14.0549],[-2.0945,13.9752],[-2.1772,14.0554],[-2.2493,14.0514],[-2.2484,13.9883],[-2.3219,13.9465]]]},"properties":{"pcode":"BF540104","iso3":"BFA","name":"Titao"},"id":"249"},
{"type":"Feature","geometry":{"type":"Polygon","coordinates":[[[-1.9497,12.6746],[-1.9741,12.7542],[-1.8419,12.8859],[-1.8715,12.928],[-1.873,12.9303],[-2.0718,12.9815],[-2.121,12.957],[-2.121,12.9568],[-2.1498,12.8077],[-2.0724,12.7053],[-2.0723,12.7054],[-1.9497,12.6746]]]},"properties":{"pcode":"BF540201","iso3":"BFA","name":"Arbollé"},"id":"250"},
{"type":"Feature","geometry":{"type":"Polygon","coordinates":[[[-2.6683,12.7781],[-2.641,12.7527],[-2.5488,12.8416],[-2.5194,12.9081],[-2.5193,12.9082],[-2.5656,12.9973],[-2.7022,13],[-2.733,12.9372],[-2.733,12.937],[-2.7299,12.8],[-2.6683,12.7781]]]},"properties":{"pcode":"BF540202","iso3":"BFA","name":"Bagaré"},"id":"251"},
{"type":"Feature","geometry":{"type":"Polygon","coordinates":[[[-1.7443,13.1408],[-1.8003,13.0982],[-1.8822,13.1521],[-1.921,13.0839],[-1.9212,13.0824],[-1.873,12.9303],[-1.8715,12.928],[-1.8419,12.8859],[-1.7254,12.9058],[-1.6186,12.9301],[-1.5545,12.8855],[-1.5371,12.9261],[-1.5531,12.9981],[-1.7441,13.1406],[-1.7443,13.1408]]]},"properties":{"pcode":"BF540204","iso3":"BFA","name":"Boken"},"id":"252"},
{"type":"Feature","geometry":{"type":"Polygon","coordinates":[[[-2.0718,12.9815],[-2.0609,13.0294],[-2.12,13.0682],[-2.1397,13.084],[-2.2241,13.1083],[-2.2636,13.0878],[-2.2502,13.0132],[-2.121,12.957],[-2.0718,12.9815]]]},"properties":{"pcode":"BF540205","iso3":"BFA","name":"Gomponsom"},"id":"253"},
{"type":"Feature","geometry":{"type":"Polygon","coordinates":[[[-1.873,12.9303],[-1.9212,13.0824],[-1.921,13.0839],[-2.0609,13.0294],[-2.0718,12.9815],[-1.873,12.9303]]]},"properties":{"pcode":"BF540206","iso3":"BFA","name":"Kirsi"},"id":"254"},
{"type":"Feature","geometry":{"type":"Polygon","coordinates":[[[-2.4911,12.7758],[-2.343,12.7838],[-2.3429,12.7838],[-2.4469,12.9675],[-2.5193,12.9082],[-2.5194,12.9081],[-2.5488,12.8416],[-2.4911,12.7758]]]},"properties":{"pcode":"BF540207","iso3":"BFA","name":"La-Toden"},"id":"255"},
{"type":"Feature","geometry":{"type":"Polygon","coordinates":[[[-2.0724,12.7053],[-2.1498,12.8077],[-2.2745,12.7635],[-2.2862,12.6722],[-2.1564,12.7305],[-2.0725,12.7051],[-2.0724,12.7053]]]},"properties":{"pcode":"BF540208","iso3":"BFA","name":"Pilimpikou"},"id":"256"},
{"type":"Feature","geometry":{"type":"Polygon","coordinates":[[[-2.2862,12.6722],[-2.2745,12.7635],[-2.3427,12.7838],[-2.3429,12.7838],[-2.343,12.7838],[-2.4911,12.7758],[-2.4913,12.7757],[-2.5288,12.6948],[-2.435,12.7031],[-2.4831,12.6365],[-2.306,12.6471],[-2.2862,12.6722]]]},"properties":{"pcode":"BF540209","iso3":"BFA","name":"Samba"},"id":"257"},
{"type":"Feature","geometry":{"type":"Polygon","coordinates":[[[-2.121,12.957],[-2.2502,13.0132],[-2.2636,13.0878],[-2.3763,13.0438],[-2.4469,12.9675],[-2.3429,12.7838],[-2.3427,12.7838],[-2.2745,12.7635],[-2.1498,12.8077],[-2.121,12.9568],[-2.121,12.957]]]},"properties":{"pcode":"BF540210","iso3":"BFA","name":"Yako"},"id":"258"},
{"type":"Feature","geometry":{"type":"Polygon","coordinates":[[[-2.2822,13.8757],[-2.416,13.7618],[-2.3666,13.7149],[-2.3669,13.7147],[-2.3279,13.6887],[-2.225,13.7784],[-2.2823,13.8751],[-2.2822,13.8757]]]},"properties":{"pcode":"BF540301","iso3":"BFA","name":"Barga"},"id":"259"},
{"type":"Feature","geometry":{"type":"Polygon","coordinates":[[[-2.6629,14.1466],[-2.8397,14.0525],[-2.9052,13.8003],[-2.8228,13.7989],[-2.5805,13.9714],[-2.5801,13.9714],[-2.5669,14.0289],[-2.6603,14.076],[-2.6217,14.1273],[-2.6629,14.1466]]]},"properties":{"pcode":"BF540302","iso3":"BFA","name":"Kaïn"},"id":"260"},
{"type":"Feature","geometry":{"type":"MultiPolygon","coordinates":[[[[-2.2319,13.131],[-2.2248,13.1132],[-2.2246,13.1133],[-2.2319,13.131]]],[[[-1.8822,13.1521],[-1.9019,13.2752],[-1.9022,13.2796],[-1.9571,13.2881],[-2.0731,13.2601],[-2.0731,13.2599],[-2.1397,13.084],[-2.12,13.0682],[-2.0609,13.0294],[-1.921,13.0839],[-1.8822,13.1521]]]]},"properties":{"pcode":"BF540303","iso3":"BFA","name":"Kalsaka"},"id":"261"},
{"type":"Feature","geometry":{"type":"Polygon","coordinates":[[[-1.8513,13.419],[-1.9706,13.3789],[-1.9571,13.2881],[-1.9022,13.2796],[-1.8012,13.2925],[-1.8501,13.4164],[-1.8513,13.419]]]},"properties":{"pcode":"BF540304","iso3":"BFA","name":"Kossouka"},"id":"262"},
{"type":"Feature","geometry":{"type":"MultiPolygon","coordinates":[[[[-2.5106,13.9664],[-2.5436,13.6928],[-2.3666,13.7149],[-2.416,13.7618],[-2.2822,13.8757],[-2.3219,13.9464],[-2.3219,13.9465],[-2.4301,14.0179],[-2.5106,13.9664]]],[[[-2.5483,13.9657],[-2.5358,13.9677],[-2.5356,13.968],[-2.5483,13.9657]]]]},"properties":{"pcode":"BF540305","iso3":"BFA","name":"Koumbri"},"id":"263"},
{"type":"Feature","geometry":{"type":"Polygon","coordinates":[[[-2.225,13.7784],[-2.3279,13.6887],[-2.3481,13.5741],[-2.2896,13.5369],[-2.1985,13.5287],[-2.2032,13.4879],[-2.1312,13.5303],[-2.1443,13.5709],[-2.1443,13.5711],[-2.225,13.7784]]]},"properties":{"pcode":"BF540306","iso3":"BFA","name":"Namissiguima"},"id":"264"},
{"type":"Feature","geometry":{"type":"Polygon","coordinates":[[[-2.3666,13.7149],[-2.5436,13.6928],[-2.5277,13.6399],[-2.5275,13.6397],[-2.4898,13.5591],[-2.5257,13.4607],[-2.5255,13.4606],[-2.4633,13.4328],[-2.4372,13.4367],[-2.371,13.5384],[-2.2896,13.5369],[-2.3481,13.5741],[-2.3279,13.6887],[-2.3669,13.7147],[-2.3666,13.7149]]]},"properties":{"pcode":"BF540307","iso3":"BFA","name":"Ouahigouya"},"id":"265"},
{"type":"Feature","geometry":{"type":"Polygon","coordinates":[[[-2.2896,13.5369],[-2.371,13.5384],[-2.4372,13.4367],[-2.2993,13.3788],[-2.1208,13.3672],[-2.085,13.4523],[-2.1311,13.5303],[-2.1312,13.5303],[-2.2032,13.4879],[-2.1985,13.5287],[-2.2896,13.5369]]]},"properties":{"pcode":"BF540308","iso3":"BFA","name":"Oula"},"id":"266"},
{"type":"Feature","geometry":{"type":"Polygon","coordinates":[[[-1.7319,13.1687],[-1.7365,13.1955],[-1.7363,13.1957],[-1.7608,13.3045],[-1.8012,13.2925],[-1.9022,13.2796],[-1.9019,13.2752],[-1.8822,13.1521],[-1.8003,13.0982],[-1.7443,13.1408],[-1.7319,13.1687]]]},"properties":{"pcode":"BF540309","iso3":"BFA","name":"Rambo"},"id":"267"},
{"type":"Feature","geometry":{"type":"Polygon","coordinates":[[[-1.898,13.5754],[-2.0052,13.557],[-2.1443,13.5711],[-2.1443,13.5709],[-2.1312,13.5303],[-2.1311,13.5303],[-2.085,13.4523],[-2.1208,13.3672],[-2.1206,13.3671],[-2.1037,13.3392],[-2.0731,13.2601],[-1.9571,13.2881],[-1.9706,13.3789],[-1.8513,13.419],[-1.8598,13.5309],[-1.8598,13.531],[-1.898,13.5754]]]},"properties":{"pcode":"BF540310","iso3":"BFA","name":"Senguènèga"},"id":"268"},
{"type":"Feature","geometry":{"type":"Polygon","coordinates":[[[-2.6678,13.446],[-2.5965,13.5028],[-2.5257,13.4607],[-2.4898,13.5591],[-2.5275,13.6397],[-2.5277,13.6399],[-2.6863,13.7021],[-2.6918,13.6085],[-2.8049,13.6026],[-2.7107,13.516],[-2.7108,13.5159],[-2.6678,13.446]]]},"properties":{"pcode":"BF540311","iso3":"BFA","name":"Tangaye"},"id":"269"},
{"type":"Feature","geometry":{"type":"Polygon","coordinates":[[[-2.7107,13.516],[-2.8049,13.6026],[-2.6918,13.6085],[-2.6863,13.7021],[-2.5277,13.6399],[-2.5436,13.6928],[-2.5106,13.9664],[-2.5356,13.968],[-2.5358,13.9677],[-2.5483,13.9657],[-2.5792,13.9712],[-2.5801,13.9714],[-2.5805,13.9714],[-2.8228,13.7989],[-2.9052,13.8003],[-2.8748,13.6527],[-2.951,13.6244],[-2.9507,13.6237],[-2.8859,13.5608],[-2.7107,13.516]]]},"properties":{"pcode":"BF540312","iso3":"BFA","name":"Thiou"},"id":"270"},
{"type":"Feature","geometry":{"type":"Polygon","coordinates":[[[-2.6664,13.4405],[-2.6663,13.44],[-2.6138,13.3206],[-2.4706,13.4092],[-2.4633,13.4328],[-2.5255,13.4606],[-2.5257,13.4607],[-2.5965,13.5028],[-2.6678,13.446],[-2.6664,13.4405]]]},"properties":{"pcode":"BF540313","iso3":"BFA","name":"Zogoré"},"id":"271"},
{"type":"Feature","geometry":{"type":"Polygon","coordinates":[[[-2.2993,13.3788],[-2.2994,13.3786],[-2.3061,13.3269],[-2.2185,13.2257],[-2.1037,13.3392],[-2.1206,13.3671],[-2.1208,13.3672],[-2.2993,13.3788]]]},"properties":{"pcode":"BF540401","iso3":"BFA","name":"Bassi"},"id":"272"},
{"type":"Feature","geometry":{"type":"Polygon","coordinates":[[[-2.6969,13.1231],[-2.7022,13],[-2.5656,12.9973],[-2.5193,12.9082],[-2.4469,12.9675],[-2.3763,13.0438],[-2.5278,13.1768],[-2.528,13.1768],[-2.5281,13.1769],[-2.6409,13.1125],[-2.6969,13.1231]]]},"properties":{"pcode":"BF540402","iso3":"BFA","name":"Boussou"},"id":"273"},
{"type":"Feature","geometry":{"type":"Polygon","coordinates":[[[-2.6095,13.3117],[-2.4446,13.2822],[-2.528,13.1768],[-2.5278,13.1768],[-2.3763,13.0438],[-2.2636,13.0878],[-2.2241,13.1083],[-2.2246,13.1133],[-2.2248,13.1132],[-2.2319,13.131],[-2.2914,13.1701],[-2.1997,13.1804],[-2.2185,13.2257],[-2.3061,13.3269],[-2.4341,13.3055],[-2.4699,13.3507],[-2.4262,13.3971],[-2.4706,13.4091],[-2.4706,13.4092],[-2.6138,13.3206],[-2.6095,13.3117]]]},"properties":{"pcode":"BF540403","iso3":"BFA","name":"Goursi"},"id":"274"},
{"type":"Feature","geometry":{"type":"Polygon","coordinates":[[[-2.4633,13.4328],[-2.4706,13.4092],[-2.4706,13.4091],[-2.4262,13.3971],[-2.4699,13.3507],[-2.4341,13.3055],[-2.3061,13.3269],[-2.2994,13.3786],[-2.2993,13.3788],[-2.4372,13.4367],[-2.4633,13.4328]]]},"properties":{"pcode":"BF540404","iso3":"BFA","name":"Lèba"},"id":"275"},
{"type":"Feature","geometry":{"type":"Polygon","coordinates":[[[-2.1397,13.084],[-2.0731,13.2599],[-2.0731,13.2601],[-2.1037,13.3392],[-2.2185,13.2257],[-2.1997,13.1804],[-2.2914,13.1701],[-2.2319,13.131],[-2.2246,13.1133],[-2.2241,13.1083],[-2.1397,13.084]]]},"properties":{"pcode":"BF540405","iso3":"BFA","name":"Tougo"},"id":"276"},
{"type":"Feature","geometry":{"type":"Polygon","coordinates":[[[-0.556,11.9734],[-0.5796,12.1239],[-0.6426,12.1432],[-0.6933,12.188],[-0.6404,12.2074],[-0.734,12.2592],[-0.7341,12.26],[-0.7732,12.2579],[-0.7764,12.2559],[-0.8637,12.2392],[-0.8393,12.1661],[-0.9806,12.0312],[-0.9756,12.0196],[-0.8948,11.8977],[-0.8946,11.8974],[-0.8273,11.8757],[-0.5822,11.951],[-0.556,11.9734]]]},"properties":{"pcode":"BF550101","iso3":"BFA","name":"Boudri"},"id":"277"},
{"type":"Feature","geometry":{"type":"Polygon","coordinates":[[[-0.6383,12.5435],[-0.6116,12.5858],[-0.6898,12.7032],[-0.6909,12.7033],[-0.8193,12.7079],[-0.771,12.6096],[-0.6703,12.5515],[-0.6383,12.5435]]]},"properties":{"pcode":"BF550102","iso3":"BFA","name":"Kogho"},"id":"278"},
{"type":"Feature","geometry":{"type":"Polygon","coordinates":[[[-0.7678,12.3405],[-0.6241,12.2865],[-0.5557,12.3564],[-0.555,12.3565],[-0.7193,12.5228],[-0.855,12.5061],[-0.7678,12.3405]]]},"properties":{"pcode":"BF550103","iso3":"BFA","name":"Mégué"},"id":"279"},
{"type":"Feature","geometry":{"type":"Polygon","coordinates":[[[-1.0736,12.1846],[-1.0743,12.1839],[-0.9806,12.0312],[-0.8393,12.1661],[-0.8637,12.2392],[-0.7764,12.2559],[-0.7732,12.2579],[-0.8887,12.3051],[-0.9379,12.2404],[-1.0343,12.3563],[-1.1079,12.3473],[-1.0969,12.2673],[-1.0736,12.1846]]]},"properties":{"pcode":"BF550104","iso3":"BFA","name":"Môgtédo"},"id":"280"},
{"type":"Feature","geometry":{"type":"Polygon","coordinates":[[[-0.6703,12.5515],[-0.771,12.6096],[-0.8724,12.5405],[-0.8702,12.5079],[-0.8643,12.5078],[-0.855,12.5061],[-0.7193,12.5228],[-0.555,12.3565],[-0.5316,12.3531],[-0.5512,12.4722],[-0.6705,12.5507],[-0.6703,12.5515]]]},"properties":{"pcode":"BF550105","iso3":"BFA","name":"Saolgo"},"id":"281"},
{"type":"Feature","geometry":{"type":"Polygon","coordinates":[[[-0.7341,12.26],[-0.7678,12.3405],[-0.855,12.5061],[-0.8643,12.5078],[-0.8702,12.5079],[-0.9112,12.4781],[-0.9893,12.5521],[-1.0675,12.5143],[-1.0935,12.5048],[-1.0845,12.4949],[-1.056,12.4376],[-1.1079,12.3473],[-1.0343,12.3563],[-0.9379,12.2404],[-0.8887,12.3051],[-0.7732,12.2579],[-0.7341,12.26]]]},"properties":{"pcode":"BF550106","iso3":"BFA","name":"Zam"},"id":"282"},
{"type":"Feature","geometry":{"type":"Polygon","coordinates":[[[-0.5316,12.3531],[-0.555,12.3565],[-0.5557,12.3564],[-0.6241,12.2865],[-0.7678,12.3405],[-0.7341,12.26],[-0.734,12.2592],[-0.6404,12.2074],[-0.6933,12.188],[-0.6426,12.1432],[-0.5459,12.2011],[-0.4314,12.1123],[-0.418,12.1551],[-0.4924,12.2455],[-0.5332,12.3454],[-0.5316,12.3531]]]},"properties":{"pcode":"BF550107","iso3":"BFA","name":"Zôrgho"},"id":"283"},
{"type":"Feature","geometry":{"type":"Polygon","coordinates":[[[-0.5127,11.9946],[-0.4375,12.039],[-0.4311,12.112],[-0.4314,12.1123],[-0.5459,12.2011],[-0.6426,12.1432],[-0.5796,12.1239],[-0.556,11.9734],[-0.5127,11.9946]]]},"properties":{"pcode":"BF550108","iso3":"BFA","name":"Zoungou"},"id":"284"},
{"type":"Feature","geometry":{"type":"Polygon","coordinates":[[[-1.6051,12.6725],[-1.6443,12.7428],[-1.6886,12.7462],[-1.6533,12.7056],[-1.6731,12.6904],[-1.7739,12.7062],[-1.7782,12.7567],[-1.7771,12.7588],[-1.827,12.8117],[-1.826,12.7131],[-1.9237,12.678],[-1.9396,12.6519],[-1.8453,12.6135],[-1.7296,12.577],[-1.6254,12.6116],[-1.6051,12.6725]]]},"properties":{"pcode":"BF550201","iso3":"BFA","name":"Boussé"},"id":"285"},
{"type":"Feature","geometry":{"type":"Polygon","coordinates":[[[-1.7296,12.577],[-1.8453,12.6135],[-1.8463,12.609],[-1.7863,12.4892],[-1.7166,12.4956],[-1.7293,12.5751],[-1.7296,12.577]]]},"properties":{"pcode":"BF550202","iso3":"BFA","name":"Laye"},"id":"286"},
{"type":"Feature","geometry":{"type":"MultiPolygon","coordinates":[[[[-1.9237,12.678],[-1.826,12.7131],[-1.827,12.8117],[-1.7771,12.7588],[-1.691,12.8714],[-1.6895,12.8759],[-1.7254,12.9058],[-1.8419,12.8859],[-1.9741,12.7542],[-1.9497,12.6746],[-1.9237,12.678]]],[[[-1.6438,12.8452],[-1.6439,12.8451],[-1.6464,12.838],[-1.6463,12.8379],[-1.6438,12.8452]]]]},"properties":{"pcode":"BF550203","iso3":"BFA","name":"Niou"},"id":"287"},
{"type":"Feature","geometry":{"type":"Polygon","coordinates":[[[-1.7166,12.4956],[-1.7863,12.4892],[-1.8666,12.4478],[-1.9511,12.4803],[-1.9512,12.4803],[-2.0827,12.3299],[-2.0387,12.2984],[-1.8145,12.3716],[-1.6839,12.4238],[-1.6827,12.4245],[-1.7166,12.4956]]]},"properties":{"pcode":"BF550204","iso3":"BFA","name":"Sourgoubila"},"id":"288"},
{"type":"Feature","geometry":{"type":"Polygon","coordinates":[[[-1.6443,12.7428],[-1.6463,12.8379],[-1.6464,12.838],[-1.6439,12.8451],[-1.6438,12.8452],[-1.6895,12.8759],[-1.691,12.8714],[-1.7771,12.7588],[-1.7782,12.7567],[-1.7739,12.7062],[-1.6731,12.6904],[-1.6533,12.7056],[-1.6886,12.7462],[-1.6443,12.7428]]]},"properties":{"pcode":"BF550205","iso3":"BFA","name":"Toèguen"},"id":"289"},
{"type":"Feature","geometry":{"type":"Polygon","coordinates":[[[-1.0867,12.6901],[-1.0675,12.5143],[-0.9893,12.5521],[-0.9112,12.4781],[-0.8702,12.5079],[-0.8724,12.5405],[-0.9968,12.679],[-0.9969,12.6794],[-1.0867,12.6901]]]},"properties":{"pcode":"BF550301","iso3":"BFA","name":"Ambsouya"},"id":"290"},
{"type":"Feature","geometry":{"type":"Polygon","coordinates":[[[-1.4868,12.5739],[-1.4568,12.645],[-1.4207,12.6287],[-1.3944,12.6791],[-1.52,12.7178],[-1.6146,12.893],[-1.6186,12.9301],[-1.7254,12.9058],[-1.6895,12.8759],[-1.6438,12.8452],[-1.6463,12.8379],[-1.6443,12.7428],[-1.6051,12.6725],[-1.5596,12.6581],[-1.5734,12.5681],[-1.4868,12.5739]]]},"properties":{"pcode":"BF550302","iso3":"BFA","name":"Dapeolgo"},"id":"291"},
{"type":"Feature","geometry":{"type":"Polygon","coordinates":[[[-1.4505,12.4657],[-1.3176,12.51],[-1.4218,12.6247],[-1.4207,12.6287],[-1.4568,12.645],[-1.4868,12.5739],[-1.4846,12.5714],[-1.4618,12.5005],[-1.4574,12.4998],[-1.4505,12.4657]]]},"properties":{"pcode":"BF550303","iso3":"BFA","name":"Loumbila"},"id":"292"},
{"type":"Feature","geometry":{"type":"Polygon","coordinates":[[[-1.0969,12.2673],[-1.1079,12.3473],[-1.056,12.4376],[-1.0845,12.4949],[-1.0935,12.5048],[-1.217,12.5562],[-1.2543,12.4979],[-1.2503,12.4883],[-1.1831,12.3727],[-1.2166,12.3316],[-1.2159,12.3314],[-1.0969,12.2673]]]},"properties":{"pcode":"BF550304","iso3":"BFA","name":"Nagréongo"},"id":"293"},
{"type":"Feature","geometry":{"type":"Polygon","coordinates":[[[-1.5371,12.9261],[-1.5545,12.8855],[-1.6186,12.9301],[-1.6146,12.893],[-1.52,12.7178],[-1.4026,12.7273],[-1.3818,12.8272],[-1.5283,12.9224],[-1.5371,12.9261]]]},"properties":{"pcode":"BF550305","iso3":"BFA","name":"Ourgou-Manéga"},"id":"294"},
{"type":"Feature","geometry":{"type":"Polygon","coordinates":[[[-1.2543,12.4979],[-1.217,12.5562],[-1.0935,12.5048],[-1.0675,12.5143],[-1.0867,12.6901],[-1.1442,12.6881],[-1.1447,12.6871],[-1.2138,12.6177],[-1.398,12.7221],[-1.4026,12.7273],[-1.52,12.7178],[-1.3944,12.6791],[-1.4207,12.6287],[-1.4218,12.6247],[-1.3176,12.51],[-1.2543,12.4979]]]},"properties":{"pcode":"BF550306","iso3":"BFA","name":"Ziniaré"},"id":"295"},
{"type":"Feature","geometry":{"type":"Polygon","coordinates":[[[-1.3406,12.8466],[-1.3818,12.8272],[-1.4026,12.7273],[-1.398,12.7221],[-1.2138,12.6177],[-1.1447,12.6871],[-1.1442,12.6881],[-1.2472,12.8265],[-1.3406,12.8466]]]},"properties":{"pcode":"BF550307","iso3":"BFA","name":"Zitenga"},"id":"296"},
{"type":"Feature","geometry":{"type":"Polygon","coordinates":[[[-0.4621,14.4928],[-0.6162,14.672],[-0.6042,14.7702],[-0.5011,14.8588],[-0.501,14.8594],[-0.6273,14.899],[-0.6285,14.9965],[-0.7889,14.8899],[-0.9248,14.9102],[-1.0494,14.8044],[-0.9168,14.745],[-0.9297,14.6978],[-0.8171,14.5914],[-0.8462,14.5395],[-0.7665,14.4856],[-0.6326,14.3649],[-0.4621,14.4928]]]},"properties":{"pcode":"BF560101","iso3":"BFA","name":"Déou"},"id":"297"},
{"type":"Feature","geometry":{"type":"Polygon","coordinates":[[[-0.6326,14.3649],[-0.6324,14.3645],[-0.5867,14.1715],[-0.3961,14.1646],[-0.3086,14.1605],[-0.2734,14.2199],[-0.0018,14.1755],[0.0418,14.3127],[0.072,14.2803],[0.1028,14.4507],[-0.0492,14.4665],[-0.0787,14.6031],[-0.1885,14.619],[-0.1886,14.6627],[-0.0925,14.6459],[-0.1229,14.6712],[-0.0317,14.7318],[-0.0511,14.7834],[-0.056,14.7923],[-0.1058,14.8055],[-0.1425,14.7339],[-0.2472,14.7584],[-0.2479,14.7582],[-0.24,14.657],[-0.3962,14.5852],[-0.4621,14.4928],[-0.6326,14.3649]]]},"properties":{"pcode":"BF560102","iso3":"BFA","name":"Gorom-Gorom"},"id":"298"},
{"type":"Feature","geometry":{"type":"Polygon","coordinates":[[[0.1028,14.4507],[0.1898,14.4701],[0.1712,14.6318],[0.236,14.7514],[0.1884,14.8571],[0.1903,14.859],[0.179,14.857],[0.0506,14.8614],[-0.056,14.7923],[-0.0511,14.7834],[-0.0317,14.7318],[-0.1229,14.6712],[-0.0925,14.6459],[-0.1886,14.6627],[-0.1885,14.619],[-0.0787,14.6031],[-0.0492,14.4665],[0.1028,14.4507]]]},"properties":{"pcode":"BF560103","iso3":"BFA","name":"Markoye"},"id":"299"},
{"type":"Feature","geometry":{"type":"Polygon","coordinates":[[[-0.4621,14.4928],[-0.3962,14.5852],[-0.24,14.657],[-0.2479,14.7582],[-0.2472,14.7584],[-0.501,14.8594],[-0.5011,14.8588],[-0.6042,14.7702],[-0.6162,14.672],[-0.4621,14.4928]]]},"properties":{"pcode":"BF560104","iso3":"BFA","name":"Oursi"},"id":"300"},
{"type":"Feature","geometry":{"type":"Polygon","coordinates":[[[-0.501,14.8594],[-0.2472,14.7584],[-0.1425,14.7339],[-0.1058,14.8055],[-0.056,14.7923],[0.0506,14.8614],[0.179,14.857],[0.1903,14.859],[0.2435,14.9128],[-0.2462,15.0778],[-0.4152,15.0064],[-0.4437,15.0828],[-0.7253,15.0828],[-0.9248,14.9102],[-0.7889,14.8899],[-0.6285,14.9965],[-0.6273,14.899],[-0.501,14.8594]]]},"properties":{"pcode":"BF560105","iso3":"BFA","name":"Tin-Akoff"},"id":"301"},
{"type":"Feature","geometry":{"type":"Polygon","coordinates":[[[-0.4475,13.7308],[-0.4053,13.742],[-0.3958,13.6569],[-0.2814,13.6243],[-0.2421,13.6663],[-0.1998,13.5395],[-0.1424,13.6147],[-0.073,13.5405],[-0.0001,13.6053],[0.1122,13.5965],[0.1556,13.6453],[0.0839,13.7464],[0.0781,13.7548],[-0.0411,13.836],[-0.2751,13.8738],[-0.4627,13.8113],[-0.4648,13.8077],[-0.4475,13.7308]]]},"properties":{"pcode":"BF560201","iso3":"BFA","name":"Bani"},"id":"302"},
{"type":"Feature","geometry":{"type":"Polygon","coordinates":[[[-0.3961,14.1646],[-0.3961,14.1643],[-0.4024,14.0652],[-0.2827,13.9649],[-0.2751,13.8738],[-0.0411,13.836],[0.0781,13.7548],[0.2346,13.875],[0.2656,14.0716],[0.2061,14.1663],[0.0733,14.1955],[0.073,14.2798],[0.072,14.2803],[0.0418,14.3127],[-0.0018,14.1755],[-0.2734,14.2199],[-0.3086,14.1605],[-0.3961,14.1646]]]},"properties":{"pcode":"BF560202","iso3":"BFA","name":"Dori"},"id":"303"},
{"type":"Feature","geometry":{"type":"Polygon","coordinates":[[[0.072,14.2803],[0.073,14.2798],[0.0733,14.1955],[0.2061,14.1663],[0.2916,14.2455],[0.2916,14.2463],[0.1898,14.4701],[0.1028,14.4507],[0.072,14.2803]]]},"properties":{"pcode":"BF560203","iso3":"BFA","name":"Falagountou"},"id":"304"},
{"type":"Feature","geometry":{"type":"Polygon","coordinates":[[[-0.4627,13.8113],[-0.2751,13.8738],[-0.2827,13.9649],[-0.4024,14.0652],[-0.3961,14.1643],[-0.3961,14.1646],[-0.5867,14.1715],[-0.5438,14.0926],[-0.6083,13.9998],[-0.6249,13.9397],[-0.4627,13.8113]]]},"properties":{"pcode":"BF560204","iso3":"BFA","name":"Gorgadji"},"id":"305"},
{"type":"Feature","geometry":{"type":"Polygon","coordinates":[[[0.1556,13.6453],[0.2744,13.7459],[0.4109,13.7243],[0.4224,13.7786],[0.5132,13.7881],[0.512,13.824],[0.3856,13.7998],[0.2346,13.875],[0.0781,13.7548],[0.0839,13.7464],[0.1556,13.6453]]]},"properties":{"pcode":"BF560205","iso3":"BFA","name":"Sampelga"},"id":"306"},
{"type":"Feature","geometry":{"type":"Polygon","coordinates":[[[0.2346,13.875],[0.3856,13.7998],[0.512,13.824],[0.532,13.8484],[0.5347,13.8481],[0.2916,14.2463],[0.2916,14.2455],[0.2061,14.1663],[0.2656,14.0716],[0.2346,13.875]]]},"properties":{"pcode":"BF560206","iso3":"BFA","name":"Seytenga"},"id":"307"},
{"type":"Feature","geometry":{"type":"Polygon","coordinates":[[[-0.6083,13.9998],[-0.5438,14.0926],[-0.5867,14.1715],[-0.6324,14.3645],[-0.6326,14.3649],[-0.7665,14.4856],[-0.7669,14.4851],[-0.8751,14.4571],[-0.8752,14.381],[-0.9349,14.357],[-1.137,14.3547],[-1.1348,14.3529],[-1.0503,13.9875],[-0.9769,13.9197],[-1.0404,13.9121],[-1.0408,13.9119],[-1.0789,13.8773],[-1.0219,13.8681],[-0.8537,13.8659],[-0.6992,13.9506],[-0.6083,13.9998]]]},"properties":{"pcode":"BF560301","iso3":"BFA","name":"Arbinda"},"id":"308"},
{"type":"Feature","geometry":{"type":"Polygon","coordinates":[[[-2.0244,14.0801],[-1.9481,14.0242],[-1.9033,14.0695],[-1.8596,14.0417],[-1.8377,14.0388],[-1.693,14.1932],[-1.7329,14.2933],[-1.7315,14.303],[-1.9899,14.3139],[-1.9974,14.1912],[-2.0967,14.1481],[-2.0968,14.1481],[-2.0244,14.0801]]]},"properties":{"pcode":"BF560302","iso3":"BFA","name":"Baraboulé"},"id":"309"},
{"type":"Feature","geometry":{"type":"Polygon","coordinates":[[[-1.7315,14.303],[-1.7345,14.3268],[-1.7452,14.487],[-1.7454,14.4873],[-1.9808,14.4747],[-1.9899,14.3139],[-1.7315,14.303]]]},"properties":{"pcode":"BF560303","iso3":"BFA","name":"Diguel"},"id":"310"},
{"type":"Feature","geometry":{"type":"Polygon","coordinates":[[[-1.5496,13.8919],[-1.4954,13.9876],[-1.5782,13.9467],[-1.555,14.1861],[-1.5,14.2378],[-1.4015,14.2153],[-1.3702,14.2961],[-1.3704,14.2964],[-1.554,14.2678],[-1.5937,14.3167],[-1.6674,14.2691],[-1.7345,14.3268],[-1.7315,14.303],[-1.7329,14.2933],[-1.693,14.1932],[-1.8377,14.0388],[-1.837,14.0363],[-1.6001,13.9553],[-1.6243,13.8783],[-1.5496,13.8919]]]},"properties":{"pcode":"BF560304","iso3":"BFA","name":"Djibo"},"id":"311"},
{"type":"Feature","geometry":{"type":"Polygon","coordinates":[[[-1.0219,13.8681],[-1.0789,13.8773],[-1.0408,13.9119],[-1.0404,13.9121],[-1.2522,13.9613],[-1.3318,13.7546],[-1.0799,13.7822],[-1.0219,13.8681]]]},"properties":{"pcode":"BF560305","iso3":"BFA","name":"Kelbo"},"id":"312"},
{"type":"Feature","geometry":{"type":"Polygon","coordinates":[[[-1.0494,14.8044],[-1.256,14.7445],[-1.2249,14.4685],[-1.2681,14.4214],[-1.137,14.3547],[-0.9349,14.357],[-0.8752,14.381],[-0.8751,14.4571],[-0.7669,14.4851],[-0.7665,14.4856],[-0.8462,14.5395],[-0.8171,14.5914],[-0.9297,14.6978],[-0.9168,14.745],[-1.0494,14.8044]]]},"properties":{"pcode":"BF560306","iso3":"BFA","name":"Koutougou"},"id":"313"},
{"type":"Feature","geometry":{"type":"Polygon","coordinates":[[[-1.7345,14.3268],[-1.6674,14.2691],[-1.5937,14.3167],[-1.554,14.2678],[-1.3704,14.2964],[-1.2732,14.4133],[-1.2681,14.4214],[-1.2249,14.4685],[-1.256,14.7445],[-1.7454,14.4873],[-1.7452,14.487],[-1.7345,14.3268]]]},"properties":{"pcode":"BF560307","iso3":"BFA","name":"Nassoumbou"},"id":"314"},
{"type":"Feature","geometry":{"type":"Polygon","coordinates":[[[-1.6243,13.8783],[-1.6001,13.9553],[-1.837,14.0363],[-1.8377,14.0388],[-1.8596,14.0417],[-1.8598,14.0411],[-1.8988,13.9317],[-1.8412,13.8427],[-1.76,13.7636],[-1.679,13.8874],[-1.6243,13.8783]]]},"properties":{"pcode":"BF560308","iso3":"BFA","name":"Pobé-Mengao"},"id":"315"},
{"type":"Feature","geometry":{"type":"Polygon","coordinates":[[[-1.3496,13.7599],[-1.3318,13.7546],[-1.2522,13.9613],[-1.0404,13.9121],[-0.9769,13.9197],[-1.0503,13.9875],[-1.1348,14.3529],[-1.137,14.3547],[-1.2681,14.4214],[-1.2732,14.4133],[-1.3704,14.2964],[-1.3702,14.2961],[-1.4015,14.2153],[-1.5,14.2378],[-1.555,14.1861],[-1.5782,13.9467],[-1.4954,13.9876],[-1.5496,13.8919],[-1.474,13.7737],[-1.3496,13.7599]]]},"properties":{"pcode":"BF560309","iso3":"BFA","name":"Tongomayel"},"id":"316"},
{"type":"Feature","geometry":{"type":"Polygon","coordinates":[[[0.8396,13.3136],[0.8399,13.3138],[0.8477,13.1234],[0.9915,13.1925],[0.992,13.1925],[0.992,13.3747],[1.1751,13.3215],[1.2117,13.3803],[1.2851,13.3545],[1.0102,13.4894],[0.9942,13.5764],[0.9129,13.6144],[0.9124,13.6134],[0.7998,13.4524],[0.8002,13.4524],[0.8482,13.4129],[0.8396,13.3136]]]},"properties":{"pcode":"BF560401","iso3":"BFA","name":"Boundoré"},"id":"317"},
{"type":"Feature","geometry":{"type":"Polygon","coordinates":[[[0.605,12.9781],[0.7689,12.9792],[0.8865,13.0423],[0.9922,13.1031],[0.992,13.1925],[0.9915,13.1925],[0.8477,13.1234],[0.8399,13.3138],[0.8396,13.3136],[0.7262,13.2922],[0.6926,13.2232],[0.5925,13.319],[0.5455,13.2841],[0.3521,13.2199],[0.3521,13.2198],[0.605,12.9781]]]},"properties":{"pcode":"BF560402","iso3":"BFA","name":"Mansila"},"id":"318"},
{"type":"Feature","geometry":{"type":"Polygon","coordinates":[[[0.7998,13.4524],[0.6765,13.4232],[0.5458,13.6352],[0.4031,13.532],[0.3498,13.6273],[0.2954,13.5787],[0.2958,13.5783],[0.3602,13.4485],[0.5289,13.3716],[0.5455,13.2841],[0.5925,13.319],[0.6926,13.2232],[0.7262,13.2922],[0.8396,13.3136],[0.8482,13.4129],[0.8002,13.4524],[0.7998,13.4524]]]},"properties":{"pcode":"BF560403","iso3":"BFA","name":"Sebba"},"id":"319"},
{"type":"Feature","geometry":{"type":"Polygon","coordinates":[[[0.1725,13.3433],[0.3521,13.2199],[0.5455,13.2841],[0.5289,13.3716],[0.3602,13.4485],[0.2958,13.5783],[0.2954,13.5787],[0.193,13.4969],[0.1788,13.4154],[0.1725,13.3433]]]},"properties":{"pcode":"BF560404","iso3":"BFA","name":"Solhan"},"id":"320"},
{"type":"Feature","geometry":{"type":"Polygon","coordinates":[[[0.9129,13.6144],[0.7964,13.6313],[0.7726,13.6896],[0.6458,13.6825],[0.6086,13.7398],[0.5458,13.6352],[0.6765,13.4232],[0.7998,13.4524],[0.9124,13.6134],[0.9129,13.6144]]]},"properties":{"pcode":"BF560405","iso3":"BFA","name":"Tankougounadié"},"id":"321"},
{"type":"Feature","geometry":{"type":"Polygon","coordinates":[[[0.1788,13.4154],[0.193,13.4969],[0.2954,13.5787],[0.3498,13.6273],[0.4031,13.532],[0.5458,13.6352],[0.6086,13.7398],[0.5385,13.8456],[0.5347,13.8481],[0.532,13.8484],[0.512,13.824],[0.5132,13.7881],[0.4224,13.7786],[0.4109,13.7243],[0.2744,13.7459],[0.1556,13.6453],[0.1122,13.5965],[0.1119,13.5957],[0.1788,13.4154]]]},"properties":{"pcode":"BF560406","iso3":"BFA","name":"Titabè"},"id":"322"},
{"type":"Feature","geometry":{"type":"Polygon","coordinates":[[[-3.6731,10.7681],[-3.4981,10.8407],[-3.3905,10.9631],[-3.3827,11.0715],[-3.3826,11.0716],[-3.4452,11.1659],[-3.6098,10.9915],[-3.6096,10.9913],[-3.7157,10.8394],[-3.7155,10.8386],[-3.6731,10.7681]]]},"properties":{"pcode":"BF570101","iso3":"BFA","name":"Gbondjigui"},"id":"323"},
{"type":"Feature","geometry":{"type":"Polygon","coordinates":[[[-3.3905,10.9631],[-3.3031,10.8351],[-3.303,10.8351],[-3.0788,10.7681],[-3.1765,10.8198],[-3.1521,10.9797],[-3.1522,10.9799],[-3.3826,11.0716],[-3.3827,11.0715],[-3.3905,10.9631]]]},"properties":{"pcode":"BF570102","iso3":"BFA","name":"Diébougou"},"id":"324"},
{"type":"Feature","geometry":{"type":"Polygon","coordinates":[[[-3.4981,10.8407],[-3.498,10.8407],[-3.3511,10.8197],[-3.3033,10.8352],[-3.3031,10.8351],[-3.3905,10.9631],[-3.4981,10.8407]]]},"properties":{"pcode":"BF570103","iso3":"BFA","name":"Dolo"},"id":"325"},
{"type":"Feature","geometry":{"type":"Polygon","coordinates":[[[-3.7049,10.6517],[-3.3253,10.6624],[-3.3732,10.7361],[-3.3511,10.8197],[-3.498,10.8407],[-3.4981,10.8407],[-3.6731,10.7681],[-3.793,10.7274],[-3.7049,10.6517]]]},"properties":{"pcode":"BF570104","iso3":"BFA","name":"Iôlôniôrô"},"id":"326"},
{"type":"Feature","geometry":{"type":"Polygon","coordinates":[[[-3.3031,10.8351],[-3.3033,10.8352],[-3.3511,10.8197],[-3.3732,10.7361],[-3.3253,10.6624],[-3.3253,10.6615],[-3.3174,10.6252],[-3.2835,10.612],[-3.0368,10.7454],[-3.0788,10.7681],[-3.303,10.8351],[-3.3031,10.8351]]]},"properties":{"pcode":"BF570105","iso3":"BFA","name":"Tiankoura"},"id":"327"},
{"type":"Feature","geometry":{"type":"Polygon","coordinates":[[[-2.848,11.2977],[-2.9602,11.3373],[-2.9602,11.3371],[-3.1064,11.2021],[-3.1064,11.2019],[-3.134,10.9892],[-2.9534,10.9987],[-2.9869,11.1281],[-2.8583,11.2446],[-2.8481,11.2976],[-2.848,11.2977]]]},"properties":{"pcode":"BF570201","iso3":"BFA","name":"Dano"},"id":"328"},
{"type":"Feature","geometry":{"type":"Polygon","coordinates":[[[-3.134,10.9892],[-3.1433,10.9824],[-2.9844,10.8472],[-2.864,10.8573],[-2.8408,10.9703],[-2.8407,10.9711],[-2.9534,10.9987],[-3.134,10.9892]]]},"properties":{"pcode":"BF570202","iso3":"BFA","name":"Dissihn"},"id":"329"},
{"type":"Feature","geometry":{"type":"Polygon","coordinates":[[[-3.446,11.2115],[-3.4452,11.1659],[-3.3826,11.0716],[-3.1522,10.9799],[-3.1433,10.9824],[-3.134,10.9892],[-3.1064,11.2019],[-3.1064,11.2021],[-3.2914,11.2013],[-3.446,11.2115]]]},"properties":{"pcode":"BF570203","iso3":"BFA","name":"Guéguéré"},"id":"330"},
{"type":"Feature","geometry":{"type":"Polygon","coordinates":[[[-2.8583,11.2446],[-2.9869,11.1281],[-2.9534,10.9987],[-2.8407,10.9711],[-2.8332,11.008],[-2.7864,11.1399],[-2.8066,11.2396],[-2.8068,11.2397],[-2.8583,11.2446]]]},"properties":{"pcode":"BF570204","iso3":"BFA","name":"Koper"},"id":"331"},
{"type":"Feature","geometry":{"type":"Polygon","coordinates":[[[-2.7367,11.1932],[-2.73,11.1623],[-2.6783,11.0546],[-2.6783,11.0544],[-2.622,11.0589],[-2.6125,11.1589],[-2.6995,11.2244],[-2.7367,11.1932]]]},"properties":{"pcode":"BF570205","iso3":"BFA","name":"Niégo"},"id":"332"},
{"type":"Feature","geometry":{"type":"Polygon","coordinates":[[[-3.2914,11.2013],[-3.1064,11.2021],[-2.9602,11.3371],[-2.9602,11.3373],[-3.1463,11.3686],[-3.1464,11.3685],[-3.224,11.3444],[-3.2914,11.2013]]]},"properties":{"pcode":"BF570206","iso3":"BFA","name":"Oronkua"},"id":"333"},
{"type":"Feature","geometry":{"type":"Polygon","coordinates":[[[-2.6783,11.0544],[-2.6783,11.0546],[-2.73,11.1623],[-2.7864,11.1399],[-2.8332,11.008],[-2.7161,11.0042],[-2.6784,11.0544],[-2.6783,11.0544]]]},"properties":{"pcode":"BF570207","iso3":"BFA","name":"Ouéssa"},"id":"334"},
{"type":"Feature","geometry":{"type":"Polygon","coordinates":[[[-3.0788,10.7681],[-3.0368,10.7454],[-2.996,10.7697],[-2.9385,10.7078],[-2.8641,10.8568],[-2.864,10.8573],[-2.9844,10.8472],[-3.1433,10.9824],[-3.1522,10.9799],[-3.1521,10.9797],[-3.1765,10.8198],[-3.0788,10.7681]]]},"properties":{"pcode":"BF570208","iso3":"BFA","name":"Zambo"},"id":"335"},
{"type":"Feature","geometry":{"type":"Polygon","coordinates":[[[-2.784,9.7287],[-2.7264,9.8295],[-2.788,10.0598],[-2.788,10.0603],[-2.8636,10.1037],[-2.8877,10.0184],[-2.9664,10.0428],[-3.0678,10.0905],[-3.0679,10.0904],[-3.0898,9.9331],[-3.0894,9.9329],[-3.016,9.7782],[-2.9403,9.7381],[-2.9831,9.6883],[-2.9438,9.6111],[-2.8521,9.7527],[-2.784,9.7287]]]},"properties":{"pcode":"BF570301","iso3":"BFA","name":"Batié"},"id":"336"},
{"type":"Feature","geometry":{"type":"Polygon","coordinates":[[[-3.0898,9.9331],[-3.1905,9.8762],[-2.9831,9.6883],[-2.9403,9.7381],[-3.016,9.7782],[-3.0894,9.9329],[-3.0898,9.9331]]]},"properties":{"pcode":"BF570302","iso3":"BFA","name":"Boussou-Koula"},"id":"337"},
{"type":"Feature","geometry":{"type":"Polygon","coordinates":[[[-2.9438,9.6111],[-2.7612,9.416],[-2.6887,9.4937],[-2.7706,9.5738],[-2.7836,9.7282],[-2.784,9.7287],[-2.8521,9.7527],[-2.9438,9.6111]]]},"properties":{"pcode":"BF570303","iso3":"BFA","name":"Kpuéré"},"id":"338"},
{"type":"Feature","geometry":{"type":"Polygon","coordinates":[[[-2.788,10.0603],[-2.7957,10.1775],[-2.7959,10.1782],[-2.9258,10.1945],[-2.9664,10.0428],[-2.8877,10.0184],[-2.8636,10.1037],[-2.788,10.0603]]]},"properties":{"pcode":"BF570304","iso3":"BFA","name":"Legmoin"},"id":"339"},
{"type":"Feature","geometry":{"type":"Polygon","coordinates":[[[-3.0678,10.0905],[-3.1306,10.1828],[-3.2655,10.1752],[-3.2656,10.175],[-3.2467,10.1238],[-3.2916,9.9793],[-3.1982,9.9325],[-3.1905,9.8762],[-3.0898,9.9331],[-3.0679,10.0904],[-3.0678,10.0905]]]},"properties":{"pcode":"BF570305","iso3":"BFA","name":"Midebdo"},"id":"340"},
{"type":"Feature","geometry":{"type":"MultiPolygon","coordinates":[[[[-3.0903,10.4839],[-3.0571,10.5096],[-3.0571,10.5097],[-3.0903,10.4839]]],[[[-3.3174,10.6252],[-3.3368,10.4223],[-3.1513,10.5111],[-3.2845,10.6113],[-3.2835,10.612],[-3.3174,10.6252]]]]},"properties":{"pcode":"BF570401","iso3":"BFA","name":"Bouroum-Bouroum"},"id":"341"},
{"type":"Feature","geometry":{"type":"Polygon","coordinates":[[[-2.8401,10.3016],[-2.7733,10.4227],[-2.8729,10.4697],[-2.8729,10.47],[-2.9182,10.4552],[-2.9183,10.4551],[-2.9595,10.3931],[-3.0542,10.44],[-3.1074,10.3212],[-3.0371,10.2706],[-2.8401,10.3016]]]},"properties":{"pcode":"BF570402","iso3":"BFA","name":"Bousséra"},"id":"342"},
{"type":"Feature","geometry":{"type":"Polygon","coordinates":[[[-3.9677,9.8721],[-3.6346,9.9578],[-3.6812,9.9965],[-3.6367,10.0063],[-3.6469,10.0983],[-3.647,10.0984],[-3.725,10.0908],[-3.7847,10.1802],[-3.8712,10.1029],[-3.9771,10.1069],[-4.0012,10.0411],[-3.9218,9.98],[-4.0431,9.9317],[-3.9677,9.8721]]]},"properties":{"pcode":"BF570403","iso3":"BFA","name":"Djigouè"},"id":"343"},
{"type":"Feature","geometry":{"type":"Polygon","coordinates":[[[-3.1306,10.1828],[-3.1074,10.3212],[-3.0542,10.44],[-3.0896,10.4709],[-3.0904,10.4712],[-3.1148,10.5466],[-3.1513,10.5111],[-3.3368,10.4223],[-3.3411,10.3184],[-3.2804,10.2817],[-3.2655,10.1752],[-3.1306,10.1828]]]},"properties":{"pcode":"BF570404","iso3":"BFA","name":"Gaoua"},"id":"344"},
{"type":"Feature","geometry":{"type":"Polygon","coordinates":[[[-2.9664,10.0428],[-2.9258,10.1945],[-2.7959,10.1782],[-2.7591,10.2577],[-2.8397,10.3011],[-2.8401,10.3016],[-3.0371,10.2706],[-3.1074,10.3212],[-3.1306,10.1828],[-3.0678,10.0905],[-2.9664,10.0428]]]},"properties":{"pcode":"BF570405","iso3":"BFA","name":"Gbomblora"},"id":"345"},
{"type":"Feature","geometry":{"type":"Polygon","coordinates":[[[-3.2467,10.1238],[-3.3142,10.0822],[-3.4535,10.2233],[-3.4199,10.2551],[-3.4097,10.2705],[-3.5061,10.2855],[-3.6215,10.2145],[-3.647,10.0984],[-3.6469,10.0983],[-3.6367,10.0063],[-3.6812,9.9965],[-3.6346,9.9578],[-3.3107,9.9105],[-3.2718,9.8458],[-3.1982,9.9325],[-3.2916,9.9793],[-3.2467,10.1238]]]},"properties":{"pcode":"BF570406","iso3":"BFA","name":"Kampti"},"id":"346"},
{"type":"Feature","geometry":{"type":"Polygon","coordinates":[[[-3.7847,10.1802],[-3.725,10.0908],[-3.647,10.0984],[-3.6215,10.2145],[-3.5061,10.2855],[-3.4097,10.2705],[-3.3411,10.3184],[-3.3368,10.4223],[-3.3174,10.6252],[-3.3253,10.6615],[-3.3253,10.6624],[-3.7049,10.6517],[-3.6945,10.4765],[-3.7831,10.3469],[-3.7401,10.254],[-3.8254,10.1994],[-3.7847,10.1802]]]},"properties":{"pcode":"BF570407","iso3":"BFA","name":"Loropéni"},"id":"347"},
{"type":"Feature","geometry":{"type":"Polygon","coordinates":[[[-3.0903,10.4839],[-3.0904,10.4712],[-3.0896,10.4709],[-3.0542,10.44],[-2.9595,10.3931],[-2.9183,10.4551],[-2.9182,10.4552],[-2.9394,10.5376],[-3.0571,10.5097],[-3.0571,10.5096],[-3.0903,10.4839]]]},"properties":{"pcode":"BF570408","iso3":"BFA","name":"Malba"},"id":"348"},
{"type":"Feature","geometry":{"type":"Polygon","coordinates":[[[-3.2835,10.612],[-3.2845,10.6113],[-3.1513,10.5111],[-3.1148,10.5466],[-3.0904,10.4712],[-3.0903,10.4839],[-3.0571,10.5097],[-2.9394,10.5376],[-2.9182,10.4552],[-2.8729,10.47],[-2.9381,10.7077],[-2.9385,10.7078],[-2.996,10.7697],[-3.0368,10.7454],[-3.2835,10.612]]]},"properties":{"pcode":"BF570409","iso3":"BFA","name":"Nako"},"id":"349"},
{"type":"Feature","geometry":{"type":"Polygon","coordinates":[[[-3.2655,10.1752],[-3.2804,10.2817],[-3.3411,10.3184],[-3.4097,10.2705],[-3.4199,10.2551],[-3.4535,10.2233],[-3.3142,10.0822],[-3.2467,10.1238],[-3.2656,10.175],[-3.2655,10.1752]]]},"properties":{"pcode":"BF570410","iso3":"BFA","name":"Périgban"},"id":"350"},
{"type":"Feature","geometry":{"type":"Polygon","coordinates":[[[15.2964,-4.3277],[15.279,-4.3235],[15.2725,-4.3335],[15.2794,-4.3595],[15.2876,-4.3603],[15.2923,-4.3484],[15.2964,-4.3373],[15.2964,-4.3277]],[[15.2891,-4.3305],[15.295,-4.3367],[15.2855,-4.3399],[15.2797,-4.3362],[15.2891,-4.3305]]]},"properties":{"pcode":"CD1000ZS01","iso3":"COD","name":"Bandalungwa"},"id":"351"},
{"type":"Feature","geometry":{"type":"MultiPolygon","coordinates":[[[[15.3151,-4.3115],[15.329,-4.3216],[15.329058960176992,-4.321603628318584],[15.3151,-4.3115]]],[[[15.3361,-4.3267],[15.329,-4.3216],[15.31793752101688,-4.320913363373461],[15.3214,-4.3324],[15.3254,-4.3316],[15.3361,-4.3267]]]]},"properties":{"pcode":"CD1000ZS02","iso3":"COD","name":"Barumbu"},"id":"352"},
{"type":"Feature","geometry":{"type":"Polygon","coordinates":[[[15.279,-4.3235],[15.2646,-4.3175],[15.2534,-4.3273],[15.2473,-4.3522],[15.2112,-4.3507],[15.2538,-4.4437],[15.2574,-4.4401],[15.2794,-4.3595],[15.2725,-4.3335],[15.279,-4.3235]]]},"properties":{"pcode":"CD1000ZS03","iso3":"COD","name":"Binza Meteo"},"id":"353"},
{"type":"Feature","geometry":{"type":"Polygon","coordinates":[[[15.2534,-4.3273],[15.1854,-4.3392],[15.1884,-4.3401],[15.2112,-4.3507],[15.2473,-4.3522],[15.2534,-4.3273]]]},"properties":{"pcode":"CD1000ZS04","iso3":"COD","name":"Binza Ozone"},"id":"354"},
{"type":"Feature","geometry":{"type":"Polygon","coordinates":[[[15.4163,-4.4281],[15.4092,-4.4222],[15.388,-4.4239],[15.3878,-4.4247],[15.3558,-4.4849],[15.406,-4.5531],[15.423,-4.545],[15.435,-4.545],[15.4163,-4.4281]]]},"properties":{"pcode":"CD1000ZS05","iso3":"COD","name":"Biyela"},"id":"355"},
{"type":"Feature","geometry":{"type":"Polygon","coordinates":[[[15.3055,-4.3657],[15.2876,-4.3603],[15.3011,-4.3844],[15.3055,-4.3657]]]},"properties":{"pcode":"CD1000ZS06","iso3":"COD","name":"Bumbu"},"id":"356"},
{"type":"Feature","geometry":{"type":"MultiPolygon","coordinates":[[[[15.329058960176992,-4.321603628318584],[15.329,-4.3216],[15.3361,-4.3267],[15.3367,-4.326],[15.341,-4.3239],[15.342,-4.3224],[15.329058960176992,-4.321603628318584]]],[[[15.2964,-4.3277],[15.3,-4.3198],[15.299972968071398,-4.319798243688255],[15.2646,-4.3175],[15.279,-4.3235],[15.2964,-4.3277]]],[[[15.31793752101688,-4.320913363373461],[15.329,-4.3216],[15.3151,-4.3115],[15.3028,-4.3136],[15.302450951949229,-4.314372892112421],[15.301629629629629,-4.3161915343915345],[15.301619402985075,-4.316214179104478],[15.3,-4.3198],[15.30389986399184,-4.320042060523631],[15.31793752101688,-4.320913363373461]]]]},"properties":{"pcode":"CD1000ZS07","iso3":"COD","name":"Gombe"},"id":"357"},
{"type":"Feature","geometry":{"type":"Polygon","coordinates":[[[15.3248,-4.351],[15.3118,-4.3469],[15.3105,-4.3507],[15.3055,-4.3657],[15.3198,-4.3697],[15.3248,-4.351]]]},"properties":{"pcode":"CD1000ZS08","iso3":"COD","name":"Kalamu I"},"id":"358"},
{"type":"Feature","geometry":{"type":"Polygon","coordinates":[[[15.3214,-4.3324],[15.3145,-4.3315],[15.3118,-4.3469],[15.3248,-4.351],[15.3254,-4.3316],[15.3214,-4.3324]]]},"properties":{"pcode":"CD1000ZS09","iso3":"COD","name":"Kalamu II"},"id":"359"},
{"type":"Feature","geometry":{"type":"Polygon","coordinates":[[[15.2923,-4.3484],[15.3105,-4.3507],[15.3118,-4.3469],[15.3145,-4.3315],[15.3063,-4.3341],[15.2964,-4.3373],[15.2923,-4.3484]]]},"properties":{"pcode":"CD1000ZS10","iso3":"COD","name":"Kasa-Vubu"},"id":"360"},
{"type":"Feature","geometry":{"type":"Polygon","coordinates":[[[15.435,-4.545],[15.4767,-4.6079],[15.5347,-4.593],[15.4291,-4.4055],[15.4266,-4.4038],[15.4234,-4.4055],[15.4163,-4.4281],[15.435,-4.545]]]},"properties":{"pcode":"CD1000ZS11","iso3":"COD","name":"Kikimi"},"id":"361"},
{"type":"Feature","geometry":{"type":"Polygon","coordinates":[[[15.388,-4.4239],[15.3886,-4.4041],[15.3598,-4.4213],[15.3573,-4.426],[15.3596,-4.4403],[15.3558,-4.4849],[15.3878,-4.4247],[15.388,-4.4239]]]},"properties":{"pcode":"CD1000ZS12","iso3":"COD","name":"Kimbanseke"},"id":"362"},
{"type":"Feature","geometry":{"type":"Polygon","coordinates":[[[15.3367,-4.326],[15.3529,-4.3823],[15.3666,-4.3872],[15.3756,-4.3271],[15.3716,-4.3241],[15.341,-4.3239],[15.3367,-4.326]]]},"properties":{"pcode":"CD1000ZS13","iso3":"COD","name":"Kingabwa"},"id":"363"},
{"type":"Feature","geometry":{"type":"Polygon","coordinates":[[[15.4163,-4.4281],[15.4234,-4.4055],[15.4012,-4.4009],[15.3898,-4.3964],[15.3886,-4.4041],[15.388,-4.4239],[15.4092,-4.4222],[15.4163,-4.4281]]]},"properties":{"pcode":"CD1000ZS14","iso3":"COD","name":"Kingasani"},"id":"364"},
{"type":"Feature","geometry":{"type":"Polygon","coordinates":[[[15.31793752101688,-4.320913363373461],[15.30389986399184,-4.320042060523631],[15.3063,-4.3341],[15.3145,-4.3315],[15.3214,-4.3324],[15.31793752101688,-4.320913363373461]]]},"properties":{"pcode":"CD1000ZS15","iso3":"COD","name":"Kinshasa"},"id":"365"},
{"type":"Feature","geometry":{"type":"Polygon","coordinates":[[[15.3598,-4.4213],[15.3666,-4.3957],[15.3445,-4.3968],[15.3346,-4.3947],[15.316,-4.4269],[15.3596,-4.4403],[15.3573,-4.426],[15.3598,-4.4213]]]},"properties":{"pcode":"CD1000ZS17","iso3":"COD","name":"Kisenso"},"id":"367"},
{"type":"Feature","geometry":{"type":"Polygon","coordinates":[[[15.2891,-4.3305],[15.2797,-4.3362],[15.2855,-4.3399],[15.295,-4.3367],[15.2891,-4.3305]]]},"properties":{"pcode":"CD1000ZS18","iso3":"COD","name":"Kokolo"},"id":"368"},
{"type":"Feature","geometry":{"type":"Polygon","coordinates":[[[15.3346,-4.3947],[15.3479,-4.3785],[15.333,-4.3733],[15.3143,-4.3891],[15.3076,-4.3949],[15.316,-4.4269],[15.3346,-4.3947]]]},"properties":{"pcode":"CD1000ZS19","iso3":"COD","name":"Lemba"},"id":"369"},
{"type":"Feature","geometry":{"type":"Polygon","coordinates":[[[15.3254,-4.3316],[15.3248,-4.351],[15.3198,-4.3697],[15.333,-4.3733],[15.3479,-4.3785],[15.3529,-4.3823],[15.3367,-4.326],[15.3361,-4.3267],[15.3254,-4.3316]]]},"properties":{"pcode":"CD1000ZS20","iso3":"COD","name":"Limete"},"id":"370"},
{"type":"Feature","geometry":{"type":"MultiPolygon","coordinates":[[[[15.2964,-4.3373],[15.3063,-4.3341],[15.30389986399184,-4.320042060523631],[15.3,-4.3198],[15.2964,-4.3277],[15.2964,-4.3373]]],[[[15.301629629629629,-4.3161915343915345],[15.3016,-4.3162],[15.301589537223341,-4.316223138832998],[15.299972968071398,-4.319798243688255],[15.3,-4.3198],[15.301619402985075,-4.316214179104478],[15.301629629629629,-4.3161915343915345]]]]},"properties":{"pcode":"CD1000ZS21","iso3":"COD","name":"Lingwala"},"id":"371"},
{"type":"Feature","geometry":{"type":"Polygon","coordinates":[[[15.3011,-4.3844],[15.2967,-4.4023],[15.3076,-4.3949],[15.3143,-4.3891],[15.3198,-4.3697],[15.3055,-4.3657],[15.3011,-4.3844]]]},"properties":{"pcode":"CD1000ZS22","iso3":"COD","name":"Makala"},"id":"372"},
{"type":"Feature","geometry":{"type":"Polygon","coordinates":[[[16.4834,-4.223],[16.232,-4.0256],[15.9507,-3.9307],[15.9056,-3.9494],[15.907,-3.9558],[15.9528,-3.9979],[15.8972,-4.1949],[15.9878,-4.2961],[16.0002,-4.4192],[15.9263,-4.5836],[15.8575,-4.8589],[15.8793,-4.8665],[15.9167,-4.9572],[16.0389,-4.9586],[16.2462,-4.9702],[16.2571,-4.97],[16.2634,-4.9094],[16.2624,-4.7478],[16.4041,-4.4686],[16.4943,-4.4834],[16.5325,-4.3582],[16.4834,-4.223]]]},"properties":{"pcode":"CD1000ZS23","iso3":"COD","name":"Maluku I"},"id":"373"},
{"type":"Feature","geometry":{"type":"Polygon","coordinates":[[[15.9056,-3.9494],[15.9022,-3.9486],[15.5563,-4.0482],[15.5038,-4.1456],[15.5492,-4.2467],[15.5576,-4.2533],[15.7049,-4.3309],[15.6795,-4.4488],[15.6703,-4.5718],[15.7509,-4.6475],[15.6163,-4.878],[15.7544,-5.0183],[15.8331,-5.025],[15.8575,-4.8589],[15.9263,-4.5836],[16.0002,-4.4192],[15.9878,-4.2961],[15.8972,-4.1949],[15.9528,-3.9979],[15.907,-3.9558],[15.9056,-3.9494]]]},"properties":{"pcode":"CD1000ZS24","iso3":"COD","name":"Maluku II"},"id":"374"},
{"type":"Feature","geometry":{"type":"Polygon","coordinates":[[[15.4266,-4.4038],[15.436,-4.3373],[15.4285,-4.3373],[15.4184,-4.3358],[15.4012,-4.4009],[15.4234,-4.4055],[15.4266,-4.4038]]]},"properties":{"pcode":"CD1000ZS25","iso3":"COD","name":"Masina I"},"id":"375"},
{"type":"Feature","geometry":{"type":"Polygon","coordinates":[[[15.3666,-4.3872],[15.3689,-4.388],[15.3898,-4.3964],[15.4012,-4.4009],[15.4184,-4.3358],[15.405,-4.3326],[15.3716,-4.3241],[15.3756,-4.3271],[15.3666,-4.3872]]]},"properties":{"pcode":"CD1000ZS26","iso3":"COD","name":"Masina II"},"id":"376"},
{"type":"Feature","geometry":{"type":"Polygon","coordinates":[[[15.3529,-4.3823],[15.3479,-4.3785],[15.3346,-4.3947],[15.3445,-4.3968],[15.3666,-4.3957],[15.3666,-4.3872],[15.3529,-4.3823]]]},"properties":{"pcode":"CD1000ZS27","iso3":"COD","name":"Matete"},"id":"377"},
{"type":"Feature","geometry":{"type":"Polygon","coordinates":[[[15.2538,-4.4437],[15.1724,-4.5267],[15.3477,-4.6476],[15.406,-4.5531],[15.3558,-4.4849],[15.3596,-4.4403],[15.316,-4.4269],[15.3076,-4.3949],[15.2967,-4.4023],[15.2574,-4.4401],[15.2538,-4.4437]]]},"properties":{"pcode":"CD1000ZS28","iso3":"COD","name":"Mont Ngafula I"},"id":"378"},
{"type":"Feature","geometry":{"type":"Polygon","coordinates":[[[15.2112,-4.3507],[15.1884,-4.3401],[15.1854,-4.3392],[15.1268,-4.4437],[15.1298,-4.4446],[15.1724,-4.5267],[15.2538,-4.4437],[15.2112,-4.3507]]]},"properties":{"pcode":"CD1000ZS29","iso3":"COD","name":"Mont Ngafula II"},"id":"379"},
{"type":"Feature","geometry":{"type":"Polygon","coordinates":[[[15.3886,-4.4041],[15.3898,-4.3964],[15.3689,-4.388],[15.3666,-4.3872],[15.3666,-4.3957],[15.3598,-4.4213],[15.3886,-4.4041]]]},"properties":{"pcode":"CD1000ZS30","iso3":"COD","name":"Ndjili"},"id":"380"},
{"type":"Feature","geometry":{"type":"Polygon","coordinates":[[[15.333,-4.3733],[15.3198,-4.3697],[15.3143,-4.3891],[15.333,-4.3733]]]},"properties":{"pcode":"CD1000ZS31","iso3":"COD","name":"Ngaba"},"id":"381"},
{"type":"Feature","geometry":{"type":"Polygon","coordinates":[[[15.2876,-4.3603],[15.3055,-4.3657],[15.3105,-4.3507],[15.2923,-4.3484],[15.2876,-4.3603]]]},"properties":{"pcode":"CD1000ZS32","iso3":"COD","name":"Ngiri-Ngiri"},"id":"382"},
{"type":"Feature","geometry":{"type":"Polygon","coordinates":[[[15.5347,-4.593],[15.6703,-4.5718],[15.6795,-4.4488],[15.7049,-4.3309],[15.5576,-4.2533],[15.5492,-4.2467],[15.436,-4.3373],[15.4266,-4.4038],[15.4291,-4.4055],[15.5347,-4.593]]]},"properties":{"pcode":"CD1000ZS33","iso3":"COD","name":"Nsele"},"id":"383"},
{"type":"Feature","geometry":{"type":"Polygon","coordinates":[[[15.302450951949229,-4.314372892112421],[15.2986,-4.3155],[15.299,-4.317],[15.301589537223341,-4.316223138832998],[15.3016,-4.3162],[15.301629629629629,-4.3161915343915345],[15.302450951949229,-4.314372892112421]]]},"properties":{"pcode":"CD1000ZS34","iso3":"COD","name":"Police"},"id":"384"},
{"type":"Feature","geometry":{"type":"Polygon","coordinates":[[[15.2794,-4.3595],[15.2574,-4.4401],[15.2967,-4.4023],[15.3011,-4.3844],[15.2876,-4.3603],[15.2794,-4.3595]]]},"properties":{"pcode":"CD1000ZS35","iso3":"COD","name":"Selembao"},"id":"385"},
{"type":"Feature","geometry":{"type":"Polygon","coordinates":[[[13.4777,-5.8077],[13.4393,-5.7934],[13.4364,-5.7945],[13.4261,-5.8619],[13.5512,-5.8947],[13.4777,-5.8077]]]},"properties":{"pcode":"CD2001ZS01","iso3":"COD","name":"Matadi"},"id":"386"},
{"type":"Feature","geometry":{"type":"Polygon","coordinates":[[[13.4393,-5.7934],[13.3895,-5.7971],[13.3749,-5.8666],[13.4261,-5.8619],[13.4364,-5.7945],[13.4393,-5.7934]]]},"properties":{"pcode":"CD2001ZS02","iso3":"COD","name":"Nzanza"},"id":"387"},
{"type":"Feature","geometry":{"type":"Polygon","coordinates":[[[13.1005,-5.8785],[13.106,-5.8762],[13.1091,-5.7597],[12.9979,-5.7674],[12.9847,-5.857],[13.1005,-5.8785]]]},"properties":{"pcode":"CD2002ZS01","iso3":"COD","name":"Boma"},"id":"388"},
{"type":"Feature","geometry":{"type":"Polygon","coordinates":[[[13.3895,-5.7971],[13.3625,-5.6405],[13.2821,-5.6644],[13.2836,-5.609],[13.205,-5.6124],[13.162,-5.6546],[13.0426,-5.6026],[12.957,-5.6324],[12.9538,-5.5226],[12.9036,-5.4902],[12.8854,-5.4542],[12.8619,-5.499],[12.8241,-5.4717],[12.823,-5.5348],[12.751,-5.5145],[12.7252,-5.6551],[12.6711,-5.67],[12.6774,-5.7288],[12.6163,-5.7514],[12.7093,-5.9274],[12.6713,-6.0022],[12.9847,-5.857],[12.9979,-5.7674],[13.1091,-5.7597],[13.106,-5.8762],[13.1005,-5.8785],[13.3583,-5.9043],[13.3749,-5.8666],[13.3895,-5.7971]]]},"properties":{"pcode":"CD2003ZS01","iso3":"COD","name":"Boma Bungu"},"id":"389"},
{"type":"Feature","geometry":{"type":"Polygon","coordinates":[[[12.4373,-6.0574],[12.5067,-5.9887],[12.4811,-5.9229],[12.4328,-5.8736],[12.3969,-6.0039],[12.4373,-6.0574]]]},"properties":{"pcode":"CD2003ZS02","iso3":"COD","name":"Kitona"},"id":"390"},
{"type":"Feature","geometry":{"type":"Polygon","coordinates":[[[12.6711,-5.67],[12.6322,-5.6728],[12.5092,-5.6642],[12.5078,-5.7542],[12.2057,-5.7775],[12.3969,-6.0039],[12.4328,-5.8736],[12.4811,-5.9229],[12.5067,-5.9887],[12.4373,-6.0574],[12.6713,-6.0022],[12.7093,-5.9274],[12.6163,-5.7514],[12.6774,-5.7288],[12.6711,-5.67]]]},"properties":{"pcode":"CD2003ZS03","iso3":"COD","name":"Moanda"},"id":"391"},
{"type":"Feature","geometry":{"type":"Polygon","coordinates":[[[13.1761,-5.3241],[13.1265,-5.2341],[13.0184,-5.2371],[12.8862,-5.1531],[12.835,-5.1881],[12.8063,-5.1393],[12.796,-5.0985],[12.5216,-5.1335],[12.4732,-5.1514],[12.5086,-5.2638],[12.5265,-5.2697],[12.6908,-5.2879],[12.8594,-5.3932],[13.0071,-5.3516],[13.0959,-5.3911],[13.1797,-5.3333],[13.1761,-5.3241]]]},"properties":{"pcode":"CD2005ZS01","iso3":"COD","name":"Kangu"},"id":"392"},
{"type":"Feature","geometry":{"type":"Polygon","coordinates":[[[13.205,-5.6124],[13.2323,-5.4832],[13.1797,-5.3333],[13.0959,-5.3911],[13.0071,-5.3516],[12.8594,-5.3932],[12.6908,-5.2879],[12.5265,-5.2697],[12.5086,-5.2638],[12.5092,-5.6642],[12.6322,-5.6728],[12.6711,-5.67],[12.7252,-5.6551],[12.751,-5.5145],[12.823,-5.5348],[12.8241,-5.4717],[12.8619,-5.499],[12.8854,-5.4542],[12.9036,-5.4902],[12.9538,-5.5226],[12.957,-5.6324],[13.0426,-5.6026],[13.162,-5.6546],[13.205,-5.6124]]]},"properties":{"pcode":"CD2005ZS02","iso3":"COD","name":"Lukula"},"id":"393"},
{"type":"Feature","geometry":{"type":"Polygon","coordinates":[[[13.4158,-4.8928],[13.1881,-4.6431],[12.9372,-4.7252],[13.0436,-4.8563],[13.043,-4.858],[13.09,-4.9403],[13.0951,-4.9441],[13.1091,-5.0007],[13.3562,-4.9184],[13.3761,-4.9258],[13.4158,-4.8928]]]},"properties":{"pcode":"CD2007ZS01","iso3":"COD","name":"Kinkonzi"},"id":"394"},
{"type":"Feature","geometry":{"type":"Polygon","coordinates":[[[13.0436,-4.8563],[12.9173,-4.8704],[12.8314,-4.9874],[12.8896,-5.0241],[13.09,-4.9403],[13.043,-4.858],[13.0436,-4.8563]]]},"properties":{"pcode":"CD2007ZS02","iso3":"COD","name":"Kizu"},"id":"395"},
{"type":"Feature","geometry":{"type":"Polygon","coordinates":[[[12.796,-5.0985],[12.8896,-5.0241],[12.8314,-4.9874],[12.7681,-4.8719],[12.7078,-4.9523],[12.6343,-4.9552],[12.6289,-5.022],[12.4794,-5.0693],[12.5216,-5.1335],[12.796,-5.0985]]]},"properties":{"pcode":"CD2007ZS03","iso3":"COD","name":"Kuimba"},"id":"396"},
{"type":"Feature","geometry":{"type":"Polygon","coordinates":[[[12.9372,-4.7252],[12.8394,-4.7552],[12.7681,-4.8719],[12.8314,-4.9874],[12.9173,-4.8704],[13.0436,-4.8563],[12.9372,-4.7252]]]},"properties":{"pcode":"CD2007ZS04","iso3":"COD","name":"Tshela"},"id":"397"},
{"type":"Feature","geometry":{"type":"Polygon","coordinates":[[[13.1761,-5.3241],[13.1881,-5.1857],[13.1091,-5.0007],[13.0951,-4.9441],[13.09,-4.9403],[12.8896,-5.0241],[12.796,-5.0985],[12.8063,-5.1393],[12.835,-5.1881],[12.8862,-5.1531],[13.0184,-5.2371],[13.1265,-5.2341],[13.1761,-5.3241]]]},"properties":{"pcode":"CD2007ZS05","iso3":"COD","name":"Vaku"},"id":"398"},
{"type":"Feature","geometry":{"type":"Polygon","coordinates":[[[13.4777,-5.8077],[13.5963,-5.6966],[13.5692,-5.5484],[13.6651,-5.5369],[13.5472,-5.39],[13.6439,-5.2868],[13.5102,-5.1051],[13.434,-5.1198],[13.3572,-5.1857],[13.3625,-5.6405],[13.3895,-5.7971],[13.4393,-5.7934],[13.4777,-5.8077]]]},"properties":{"pcode":"CD2009ZS01","iso3":"COD","name":"Inga"},"id":"399"},
{"type":"Feature","geometry":{"type":"Polygon","coordinates":[[[13.3625,-5.6405],[13.3572,-5.1857],[13.434,-5.1198],[13.5102,-5.1051],[13.3761,-4.9258],[13.3562,-4.9184],[13.1091,-5.0007],[13.1881,-5.1857],[13.1761,-5.3241],[13.1797,-5.3333],[13.2323,-5.4832],[13.205,-5.6124],[13.2836,-5.609],[13.2821,-5.6644],[13.3625,-5.6405]]]},"properties":{"pcode":"CD2009ZS02","iso3":"COD","name":"Seke-Banza"},"id":"400"},
{"type":"Feature","geometry":{"type":"Polygon","coordinates":[[[13.3761,-4.9258],[13.5102,-5.1051],[13.6439,-5.2868],[13.7294,-5.3395],[13.7758,-5.2747],[13.8589,-5.3359],[13.9294,-5.241],[13.8213,-4.9454],[13.6668,-4.7804],[13.6523,-4.752],[13.6001,-4.8218],[13.5275,-4.7766],[13.4158,-4.8928],[13.3761,-4.9258]]]},"properties":{"pcode":"CD2010ZS01","iso3":"COD","name":"Kibunzi"},"id":"401"},
{"type":"Feature","geometry":{"type":"Polygon","coordinates":[[[13.9294,-5.241],[13.9707,-5.2205],[13.9884,-5.0537],[14.1863,-4.9546],[14.1882,-4.9495],[14.1634,-4.8243],[14.2401,-4.7567],[13.9305,-4.516],[13.8356,-4.4486],[13.7359,-4.4578],[13.7317,-4.6962],[13.6901,-4.7717],[13.6523,-4.752],[13.6668,-4.7804],[13.8213,-4.9454],[13.9294,-5.241]]]},"properties":{"pcode":"CD2010ZS02","iso3":"COD","name":"Luozi"},"id":"402"},
{"type":"Feature","geometry":{"type":"Polygon","coordinates":[[[14.1882,-4.9495],[14.4159,-4.8936],[14.395,-4.5476],[14.4804,-4.4364],[14.3994,-4.3718],[14.4128,-4.3147],[14.027,-4.4279],[13.9305,-4.516],[14.2401,-4.7567],[14.1634,-4.8243],[14.1882,-4.9495]]]},"properties":{"pcode":"CD2010ZS03","iso3":"COD","name":"Mangembo"},"id":"403"},
{"type":"Feature","geometry":{"type":"Polygon","coordinates":[[[13.9707,-5.2205],[13.9735,-5.225],[14.1853,-5.393],[14.2317,-5.8689],[14.6114,-5.9109],[14.66,-5.8476],[14.6271,-5.7039],[14.5201,-5.7218],[14.4567,-5.6109],[14.5287,-5.3832],[14.4071,-5.4128],[14.3924,-5.2593],[14.323,-5.0401],[14.1863,-4.9546],[13.9884,-5.0537],[13.9707,-5.2205]]]},"properties":{"pcode":"CD2011ZS01","iso3":"COD","name":"Kimpese"},"id":"404"},
{"type":"Feature","geometry":{"type":"Polygon","coordinates":[[[13.5512,-5.8947],[14.0083,-5.8339],[14.2317,-5.8689],[14.1853,-5.393],[13.9735,-5.225],[13.9707,-5.2205],[13.9294,-5.241],[13.8589,-5.3359],[13.7758,-5.2747],[13.7294,-5.3395],[13.6439,-5.2868],[13.5472,-5.39],[13.6651,-5.5369],[13.5692,-5.5484],[13.5963,-5.6966],[13.4777,-5.8077],[13.5512,-5.8947]]]},"properties":{"pcode":"CD2011ZS02","iso3":"COD","name":"Nsona-Mpangu"},"id":"405"},
{"type":"Feature","geometry":{"type":"Polygon","coordinates":[[[15.0597,-5.0668],[15.0561,-5.0674],[14.9062,-5.1333],[14.8622,-5.2638],[14.7526,-5.316],[14.7511,-5.4363],[14.9575,-5.5243],[14.9957,-5.5723],[15.0131,-5.6361],[15.0723,-5.5787],[15.1315,-5.5988],[15.2406,-5.4913],[15.2536,-5.384],[15.1745,-5.2294],[15.0731,-5.1734],[15.0597,-5.0668]]]},"properties":{"pcode":"CD2013ZS01","iso3":"COD","name":"Boko-Kivulu"},"id":"406"},
{"type":"Feature","geometry":{"type":"Polygon","coordinates":[[[14.1863,-4.9546],[14.323,-5.0401],[14.3924,-5.2593],[14.6227,-5.2617],[14.7075,-5.1996],[14.7169,-5.1977],[14.7826,-5.0928],[14.9436,-5.0761],[14.9062,-5.1333],[15.0561,-5.0674],[15.0597,-5.0668],[15.0987,-4.9983],[15.0649,-4.9348],[14.8962,-4.7729],[14.8672,-4.767],[14.6875,-4.9098],[14.4959,-4.842],[14.4159,-4.8936],[14.1882,-4.9495],[14.1863,-4.9546]]]},"properties":{"pcode":"CD2013ZS02","iso3":"COD","name":"Gombe-Matadi"},"id":"407"},
{"type":"Feature","geometry":{"type":"Polygon","coordinates":[[[14.6114,-5.9109],[14.7763,-5.8597],[15.2954,-5.8798],[15.0916,-5.7154],[15.1315,-5.5988],[15.0723,-5.5787],[15.0131,-5.6361],[14.9957,-5.5723],[14.9575,-5.5243],[14.867,-5.5889],[14.8762,-5.6646],[14.7474,-5.6403],[14.7784,-5.7227],[14.6271,-5.7039],[14.66,-5.8476],[14.6114,-5.9109]]]},"properties":{"pcode":"CD2013ZS03","iso3":"COD","name":"Kimpangu"},"id":"408"},
{"type":"Feature","geometry":{"type":"Polygon","coordinates":[[[14.6271,-5.7039],[14.7784,-5.7227],[14.7474,-5.6403],[14.8762,-5.6646],[14.867,-5.5889],[14.9575,-5.5243],[14.7511,-5.4363],[14.7526,-5.316],[14.6831,-5.257],[14.7169,-5.1977],[14.7075,-5.1996],[14.6227,-5.2617],[14.3924,-5.2593],[14.4071,-5.4128],[14.5287,-5.3832],[14.4567,-5.6109],[14.5201,-5.7218],[14.6271,-5.7039]]]},"properties":{"pcode":"CD2013ZS04","iso3":"COD","name":"Kwilu-Ngongo"},"id":"409"},
{"type":"Feature","geometry":{"type":"Polygon","coordinates":[[[14.9062,-5.1333],[14.9436,-5.0761],[14.7826,-5.0928],[14.7169,-5.1977],[14.6831,-5.257],[14.7526,-5.316],[14.8622,-5.2638],[14.9062,-5.1333]]]},"properties":{"pcode":"CD2013ZS05","iso3":"COD","name":"Mbanza-Ngungu"},"id":"410"},
{"type":"Feature","geometry":{"type":"Polygon","coordinates":[[[15.1724,-4.5267],[15.1298,-4.4446],[15.1268,-4.4437],[14.9684,-4.625],[15.2009,-4.7145],[15.3477,-4.6476],[15.1724,-4.5267]]]},"properties":{"pcode":"CD2015ZS01","iso3":"COD","name":"Masa"},"id":"411"},
{"type":"Feature","geometry":{"type":"Polygon","coordinates":[[[15.406,-4.5531],[15.3477,-4.6476],[15.2009,-4.7145],[14.9684,-4.625],[14.8672,-4.767],[14.8962,-4.7729],[15.0649,-4.9348],[15.3477,-4.997],[15.4201,-4.9126],[15.5498,-4.8883],[15.5397,-4.9079],[15.533,-5.0461],[15.6065,-5.0505],[15.6186,-5.1578],[15.6992,-5.1636],[15.7408,-5.042],[15.8331,-5.025],[15.7544,-5.0183],[15.6163,-4.878],[15.7509,-4.6475],[15.6703,-4.5718],[15.5347,-4.593],[15.4767,-4.6079],[15.435,-4.545],[15.423,-4.545],[15.406,-4.5531]]]},"properties":{"pcode":"CD2015ZS02","iso3":"COD","name":"Sona-Bata"},"id":"412"},
{"type":"Feature","geometry":{"type":"Polygon","coordinates":[[[15.2536,-5.384],[15.4138,-5.3512],[15.4501,-5.0026],[15.5397,-4.9079],[15.5498,-4.8883],[15.4201,-4.9126],[15.3477,-4.997],[15.0649,-4.9348],[15.0987,-4.9983],[15.0597,-5.0668],[15.0731,-5.1734],[15.1745,-5.2294],[15.2536,-5.384]]]},"properties":{"pcode":"CD2017ZS01","iso3":"COD","name":"Kisantu"},"id":"413"},
{"type":"Feature","geometry":{"type":"Polygon","coordinates":[[[15.1315,-5.5988],[15.0916,-5.7154],[15.2954,-5.8798],[15.7807,-5.8783],[15.7509,-5.7583],[15.8581,-5.6493],[15.8697,-5.4518],[15.7912,-5.4495],[15.5246,-5.4559],[15.5154,-5.6292],[15.3328,-5.6207],[15.2406,-5.4913],[15.1315,-5.5988]]]},"properties":{"pcode":"CD2017ZS02","iso3":"COD","name":"Ngidinga"},"id":"414"},
{"type":"Feature","geometry":{"type":"Polygon","coordinates":[[[15.8575,-4.8589],[15.8331,-5.025],[15.7408,-5.042],[15.6992,-5.1636],[15.6186,-5.1578],[15.6065,-5.0505],[15.533,-5.0461],[15.5397,-4.9079],[15.4501,-5.0026],[15.4138,-5.3512],[15.2536,-5.384],[15.2406,-5.4913],[15.3328,-5.6207],[15.5154,-5.6292],[15.5246,-5.4559],[15.7912,-5.4495],[15.8697,-5.4518],[15.8529,-5.2474],[15.9257,-5.2467],[15.9564,-5.07],[16.0389,-4.9586],[15.9167,-4.9572],[15.8793,-4.8665],[15.8575,-4.8589]]]},"properties":{"pcode":"CD2017ZS03","iso3":"COD","name":"Nselo"},"id":"415"},
{"type":"Feature","geometry":{"type":"Polygon","coordinates":[[[16.0389,-4.9586],[15.9564,-5.07],[15.9257,-5.2467],[15.8529,-5.2474],[15.8697,-5.4518],[15.8581,-5.6493],[15.7509,-5.7583],[15.7807,-5.8783],[16.1394,-5.8585],[16.2108,-5.774],[16.2576,-5.0213],[16.2571,-4.97],[16.2462,-4.9702],[16.0389,-4.9586]]]},"properties":{"pcode":"CD2019ZS01","iso3":"COD","name":"Kimvula"},"id":"416"},
{"type":"Feature","geometry":{"type":"Polygon","coordinates":[[[16.2571,-4.97],[16.2576,-5.0213],[16.2995,-5.1395],[16.4444,-4.8974],[16.5332,-4.8932],[16.4971,-5.1904],[16.5571,-5.5478],[16.6711,-5.5751],[16.8006,-5.702],[16.8688,-5.6678],[16.9362,-5.8224],[16.9914,-5.6561],[17.0583,-5.5105],[16.9914,-5.2649],[16.9357,-5.2555],[16.9796,-5.1907],[17.0738,-4.9505],[16.9983,-4.8699],[17.1498,-4.6088],[17.2082,-4.6047],[17.1603,-4.564],[17.0243,-4.4791],[16.9509,-4.5009],[16.9718,-4.4053],[16.8831,-4.3203],[16.8562,-4.2944],[16.8444,-4.3518],[16.7537,-4.3823],[16.7027,-4.3224],[16.6165,-4.3729],[16.6073,-4.5559],[16.4943,-4.4834],[16.4041,-4.4686],[16.2624,-4.7478],[16.2634,-4.9094],[16.2571,-4.97]]]},"properties":{"pcode":"CD3102ZS01","iso3":"COD","name":"Boko"},"id":"417"},
{"type":"Feature","geometry":{"type":"Polygon","coordinates":[[[16.9796,-5.1907],[17.5226,-5.1045],[17.4997,-4.8898],[17.57,-4.7245],[17.696,-4.5371],[17.663,-4.4484],[17.8257,-4.317],[17.7938,-4.2752],[17.6382,-4.3414],[17.6122,-4.2332],[17.256,-4.3891],[17.1603,-4.564],[17.2082,-4.6047],[17.1498,-4.6088],[16.9983,-4.8699],[17.0738,-4.9505],[16.9796,-5.1907]]]},"properties":{"pcode":"CD3102ZS02","iso3":"COD","name":"Kenge"},"id":"418"},
{"type":"Feature","geometry":{"type":"Polygon","coordinates":[[[16.9914,-5.6561],[16.9912,-5.903],[17.0434,-5.8986],[17.1076,-5.7777],[17.1402,-5.8934],[17.285,-5.9728],[17.3505,-5.9504],[17.2816,-5.7958],[17.3534,-5.7815],[17.3423,-5.7359],[17.4666,-5.7551],[17.5402,-5.7079],[17.4701,-5.4312],[17.4941,-5.2107],[17.535,-5.1128],[17.5226,-5.1045],[16.9796,-5.1907],[16.9357,-5.2555],[16.9914,-5.2649],[17.0583,-5.5105],[16.9914,-5.6561]]]},"properties":{"pcode":"CD3102ZS03","iso3":"COD","name":"Kimbau"},"id":"419"},
{"type":"Feature","geometry":{"type":"Polygon","coordinates":[[[18.5712,-5.8565],[18.5351,-5.8866],[18.3968,-5.7802],[18.303,-5.8666],[18.2444,-5.8472],[18.2234,-5.7696],[18.1393,-5.8687],[18.0247,-6.3551],[18.0952,-6.4022],[18.0538,-6.4728],[18.1955,-6.8649],[18.3689,-6.8479],[18.4086,-6.8911],[18.421,-6.8108],[18.5398,-6.8199],[18.5977,-6.7385],[18.7072,-6.7306],[18.7442,-6.566],[18.6376,-6.3521],[18.7364,-6.1284],[18.7257,-6.0922],[18.7052,-5.9813],[18.5328,-5.9913],[18.5712,-5.8565]]]},"properties":{"pcode":"CD3103ZS01","iso3":"COD","name":"Feshi"},"id":"420"},
{"type":"Feature","geometry":{"type":"Polygon","coordinates":[[[18.7072,-6.7306],[18.7177,-6.74],[18.7096,-6.8152],[18.8712,-6.7523],[18.9814,-6.9203],[19.1105,-6.8984],[19.2815,-6.7525],[19.3304,-6.3836],[19.3055,-6.2171],[19.3957,-6.1323],[19.2878,-6.1273],[19.2171,-6.0932],[19.1785,-6.1822],[19.1063,-6.1766],[19.0553,-6.2702],[18.9554,-6.312],[18.9234,-6.228],[18.8345,-6.2009],[18.8687,-6.1201],[18.7364,-6.1284],[18.6376,-6.3521],[18.7442,-6.566],[18.7072,-6.7306]]]},"properties":{"pcode":"CD3103ZS02","iso3":"COD","name":"Kisanji"},"id":"421"},
{"type":"Feature","geometry":{"type":"Polygon","coordinates":[[[17.3505,-5.9504],[17.5837,-6.4922],[17.6842,-6.4817],[17.6529,-6.5423],[17.7808,-6.6212],[17.9254,-6.5276],[17.9737,-6.5527],[18.0184,-6.6346],[18.0729,-6.6169],[18.0469,-6.7221],[18.2283,-6.983],[18.1955,-6.8649],[18.0538,-6.4728],[18.0952,-6.4022],[18.0247,-6.3551],[18.1393,-5.8687],[18.0969,-5.8649],[18.1397,-5.8197],[18.0927,-5.7235],[17.9703,-5.7064],[17.8496,-5.6286],[17.789,-5.7163],[17.5402,-5.7079],[17.4666,-5.7551],[17.3423,-5.7359],[17.3534,-5.7815],[17.2816,-5.7958],[17.3505,-5.9504]]]},"properties":{"pcode":"CD3103ZS03","iso3":"COD","name":"Mwela Lembwa"},"id":"422"},
{"type":"Feature","geometry":{"type":"Polygon","coordinates":[[[18.7096,-6.8152],[18.6627,-6.8295],[18.7005,-6.9899],[18.9085,-7.3639],[18.9004,-7.5315],[18.7841,-7.7858],[18.8359,-7.8869],[18.7633,-7.923],[18.8,-8.0001],[19.4356,-7.9986],[19.343,-7.902],[19.4089,-7.701],[19.369,-7.5831],[19.474,-7.5669],[19.55,-7.472],[19.487,-7.3131],[19.5439,-6.999],[19.9557,-6.9995],[19.9305,-6.8581],[19.7095,-6.5809],[19.6877,-6.337],[19.4515,-6.2824],[19.3907,-6.3826],[19.3304,-6.3836],[19.2815,-6.7525],[19.1105,-6.8984],[18.9814,-6.9203],[18.8712,-6.7523],[18.7096,-6.8152]]]},"properties":{"pcode":"CD3105ZS01","iso3":"COD","name":"Kahemba"},"id":"423"},
{"type":"Feature","geometry":{"type":"Polygon","coordinates":[[[18.4086,-6.8911],[18.6336,-7.4219],[18.5723,-7.5086],[18.5104,-7.4745],[18.4249,-7.5347],[18.3584,-7.514],[18.3043,-7.6973],[18.1787,-7.8102],[18.0507,-7.7903],[17.9134,-7.8782],[17.8849,-8.079],[18.1,-8.0989],[18.0979,-8.04],[18.2169,-7.989],[18.376,-8.027],[18.5269,-8.0001],[18.5582,-7.9336],[18.7633,-7.923],[18.8359,-7.8869],[18.7841,-7.7858],[18.9004,-7.5315],[18.9085,-7.3639],[18.7005,-6.9899],[18.6627,-6.8295],[18.7096,-6.8152],[18.7177,-6.74],[18.7072,-6.7306],[18.5977,-6.7385],[18.5398,-6.8199],[18.421,-6.8108],[18.4086,-6.8911]]]},"properties":{"pcode":"CD3105ZS02","iso3":"COD","name":"Kajiji"},"id":"424"},
{"type":"Feature","geometry":{"type":"Polygon","coordinates":[[[17.0256,-6.0785],[17.0197,-6.0762],[16.9192,-6.1263],[16.7603,-6.0845],[16.6885,-6.1393],[16.7307,-6.1939],[16.6906,-6.4056],[16.9454,-6.9383],[16.9867,-6.9438],[17.0871,-6.7238],[17.0669,-6.6295],[17.1374,-6.579],[17.0161,-6.2977],[17.0256,-6.0785]]]},"properties":{"pcode":"CD3106ZS01","iso3":"COD","name":"Kasongo Lunda"},"id":"425"},
{"type":"Feature","geometry":{"type":"MultiPolygon","coordinates":[[[[17.7772,-7.3997],[17.7766,-7.4001],[17.7759,-7.4008],[17.7772,-7.3997]]],[[[17.7803,-7.3975],[17.7787,-7.398],[17.7785,-7.3982],[17.7803,-7.3975]]],[[[16.9454,-6.9383],[16.9536,-7.2033],[17.1116,-7.3538],[17.11,-7.4227],[17.1853,-7.4321],[17.1563,-7.475],[17.2995,-7.6694],[17.6933,-7.5135],[17.7751,-7.4014],[17.5123,-6.8607],[17.362,-6.8071],[17.1473,-6.9639],[16.9867,-6.9438],[16.9454,-6.9383]]]]},"properties":{"pcode":"CD3106ZS02","iso3":"COD","name":"Kitenda"},"id":"426"},
{"type":"Feature","geometry":{"type":"Polygon","coordinates":[[[18.1955,-6.8649],[18.2283,-6.983],[18.0469,-6.7221],[18.0729,-6.6169],[18.0184,-6.6346],[17.9737,-6.5527],[17.9254,-6.5276],[17.7808,-6.6212],[17.7109,-6.685],[17.7684,-6.8069],[17.6391,-6.8176],[17.5205,-6.7562],[17.5123,-6.8607],[17.7751,-7.4014],[17.7759,-7.4008],[17.7766,-7.4001],[17.7772,-7.3997],[17.7785,-7.3982],[17.7787,-7.398],[17.7803,-7.3975],[17.8824,-7.5479],[18.0507,-7.7903],[18.1787,-7.8102],[18.3043,-7.6973],[18.3584,-7.514],[18.4249,-7.5347],[18.5104,-7.4745],[18.5723,-7.5086],[18.6336,-7.4219],[18.4086,-6.8911],[18.3689,-6.8479],[18.1955,-6.8649]]]},"properties":{"pcode":"CD3106ZS03","iso3":"COD","name":"Panzi"},"id":"427"},
{"type":"Feature","geometry":{"type":"Polygon","coordinates":[[[18.0507,-7.7903],[17.8824,-7.5479],[17.7803,-7.3975],[17.7785,-7.3982],[17.7772,-7.3997],[17.7759,-7.4008],[17.7751,-7.4014],[17.6933,-7.5135],[17.2995,-7.6694],[17.5602,-8.1274],[17.8849,-8.079],[17.9134,-7.8782],[18.0507,-7.7903]]]},"properties":{"pcode":"CD3106ZS04","iso3":"COD","name":"Tembo"},"id":"428"},
{"type":"Feature","geometry":{"type":"Polygon","coordinates":[[[17.1402,-5.8934],[17.1379,-5.8941],[17.1207,-5.9612],[17.1903,-6.0418],[17.1112,-6.1073],[17.0256,-6.0785],[17.0161,-6.2977],[17.1374,-6.579],[17.0669,-6.6295],[17.0871,-6.7238],[16.9867,-6.9438],[17.1473,-6.9639],[17.362,-6.8071],[17.5123,-6.8607],[17.5205,-6.7562],[17.6391,-6.8176],[17.7684,-6.8069],[17.7109,-6.685],[17.7808,-6.6212],[17.6529,-6.5423],[17.6842,-6.4817],[17.5837,-6.4922],[17.3505,-5.9504],[17.285,-5.9728],[17.1402,-5.8934]]]},"properties":{"pcode":"CD3106ZS05","iso3":"COD","name":"Wamba Lwadi"},"id":"429"},
{"type":"Feature","geometry":{"type":"Polygon","coordinates":[[[16.1394,-5.8585],[16.5873,-5.8753],[16.6068,-6.0856],[16.6885,-6.1393],[16.7603,-6.0845],[16.9192,-6.1263],[17.0197,-6.0762],[17.0256,-6.0785],[17.1112,-6.1073],[17.1903,-6.0418],[17.1207,-5.9612],[17.1379,-5.8941],[17.1402,-5.8934],[17.1076,-5.7777],[17.0434,-5.8986],[16.9912,-5.903],[16.9914,-5.6561],[16.9362,-5.8224],[16.8688,-5.6678],[16.8006,-5.702],[16.6711,-5.5751],[16.5571,-5.5478],[16.4971,-5.1904],[16.5332,-4.8932],[16.4444,-4.8974],[16.2995,-5.1395],[16.2576,-5.0213],[16.2108,-5.774],[16.1394,-5.8585]]]},"properties":{"pcode":"CD3108ZS01","iso3":"COD","name":"Popokabaka"},"id":"430"},
{"type":"Feature","geometry":{"type":"Polygon","coordinates":[[[17.5572,-3.2936],[17.3975,-3.198],[17.3538,-3.1984],[17.358,-3.3588],[17.484,-3.437],[17.5572,-3.2936]]]},"properties":{"pcode":"CD3201ZS01","iso3":"COD","name":"Bandundu"},"id":"431"},
{"type":"Feature","geometry":{"type":"Polygon","coordinates":[[[17.358,-3.3588],[17.2743,-3.4786],[17.2894,-3.5782],[17.297,-3.5784],[17.4603,-3.6806],[17.4737,-4.1051],[17.7218,-4.1136],[17.7115,-4.1881],[17.8521,-4.2107],[17.9724,-4.0674],[18.0163,-4.139],[18.1208,-4.1949],[18.2312,-4.1712],[18.26,-4.0667],[18.2501,-4.0104],[18.1739,-3.9906],[18.4378,-3.5665],[18.2434,-3.4002],[18.1607,-3.4445],[18.0434,-3.3774],[17.8446,-3.4245],[17.7191,-3.323],[17.5854,-3.3055],[17.5572,-3.2936],[17.484,-3.437],[17.358,-3.3588]]]},"properties":{"pcode":"CD3202ZS01","iso3":"COD","name":"Bagata"},"id":"432"},
{"type":"Feature","geometry":{"type":"Polygon","coordinates":[[[16.4943,-4.4834],[16.6073,-4.5559],[16.6165,-4.3729],[16.7027,-4.3224],[16.7537,-4.3823],[16.8444,-4.3518],[16.8562,-4.2944],[16.8831,-4.3203],[16.9718,-4.4053],[16.9509,-4.5009],[17.0243,-4.4791],[17.1603,-4.564],[17.256,-4.3891],[17.6122,-4.2332],[17.6382,-4.3414],[17.7938,-4.2752],[17.8257,-4.317],[18.0163,-4.139],[17.9724,-4.0674],[17.8521,-4.2107],[17.7115,-4.1881],[17.7218,-4.1136],[17.4737,-4.1051],[17.4603,-3.6806],[17.297,-3.5784],[17.2894,-3.5782],[17.332,-3.6533],[17.1267,-4.0111],[16.9324,-3.9868],[16.8274,-4.0946],[16.5856,-4.143],[16.4834,-4.223],[16.5325,-4.3582],[16.4943,-4.4834]]]},"properties":{"pcode":"CD3202ZS02","iso3":"COD","name":"Kikongo"},"id":"433"},
{"type":"Feature","geometry":{"type":"Polygon","coordinates":[[[18.26,-4.0667],[18.2986,-3.9863],[18.4552,-4.0426],[18.563,-4.0017],[18.6728,-4.0234],[18.8594,-3.7904],[18.8611,-3.6599],[18.4541,-3.5641],[18.4378,-3.5665],[18.1739,-3.9906],[18.2501,-4.0104],[18.26,-4.0667]]]},"properties":{"pcode":"CD3202ZS03","iso3":"COD","name":"Sia"},"id":"434"},
{"type":"Feature","geometry":{"type":"Polygon","coordinates":[[[18.8573,-5.0661],[18.8869,-4.9987],[18.8103,-4.9853],[18.7658,-5.006],[18.7635,-5.0405],[18.783,-5.0606],[18.8573,-5.0661]]]},"properties":{"pcode":"CD3203ZS01","iso3":"COD","name":"Kikwit-Nord"},"id":"435"},
{"type":"Feature","geometry":{"type":"Polygon","coordinates":[[[18.7635,-5.0405],[18.7971,-5.1154],[18.8573,-5.0661],[18.783,-5.0606],[18.7635,-5.0405]]]},"properties":{"pcode":"CD3203ZS02","iso3":"COD","name":"Kikwit-Sud"},"id":"436"},
{"type":"Feature","geometry":{"type":"Polygon","coordinates":[[[19.2473,-4.5783],[19.2131,-4.3354],[19.1214,-4.3339],[19.0401,-4.2123],[19.0282,-4.2217],[18.9757,-4.3271],[18.8332,-4.3859],[18.8183,-4.4879],[18.6863,-4.5627],[18.6961,-4.5139],[18.6025,-4.5318],[18.4652,-4.667],[18.4728,-4.7604],[18.3741,-4.8047],[18.3727,-4.8384],[18.5395,-4.8721],[18.5798,-4.7552],[18.6814,-4.8853],[18.7717,-4.8122],[18.7648,-4.735],[18.8105,-4.7627],[19.2473,-4.5783]]]},"properties":{"pcode":"CD3204ZS01","iso3":"COD","name":"Bulungu"},"id":"437"},
{"type":"Feature","geometry":{"type":"Polygon","coordinates":[[[18.26,-4.0667],[18.4629,-4.4906],[18.6025,-4.5318],[18.6961,-4.5139],[18.6863,-4.5627],[18.8183,-4.4879],[18.8332,-4.3859],[18.9757,-4.3271],[19.0282,-4.2217],[18.8852,-4.2143],[18.8529,-4.2618],[18.8009,-4.1836],[18.8162,-4.0836],[18.6728,-4.0234],[18.563,-4.0017],[18.4552,-4.0426],[18.2986,-3.9863],[18.26,-4.0667]]]},"properties":{"pcode":"CD3204ZS02","iso3":"COD","name":"Djuma"},"id":"438"},
{"type":"Feature","geometry":{"type":"Polygon","coordinates":[[[18.6814,-4.8853],[18.6008,-5.2167],[18.6604,-5.2286],[18.629,-5.306],[18.8183,-5.399],[18.9425,-5.3934],[18.9543,-5.3175],[19.0714,-5.3544],[19.118,-5.2759],[19.07,-5.0589],[19.1976,-4.661],[19.2473,-4.5783],[18.8105,-4.7627],[18.7648,-4.735],[18.7717,-4.8122],[18.6814,-4.8853]],[[18.8573,-5.0661],[18.7971,-5.1154],[18.7635,-5.0405],[18.7658,-5.006],[18.8103,-4.9853],[18.8869,-4.9987],[18.8573,-5.0661]]]},"properties":{"pcode":"CD3204ZS03","iso3":"COD","name":"Lusanga"},"id":"439"},
{"type":"Feature","geometry":{"type":"Polygon","coordinates":[[[18.3727,-4.8384],[18.303,-4.8866],[18.3548,-5.1265],[18.3087,-5.1843],[18.6008,-5.2167],[18.6814,-4.8853],[18.5798,-4.7552],[18.5395,-4.8721],[18.3727,-4.8384]]]},"properties":{"pcode":"CD3204ZS04","iso3":"COD","name":"Pay Kongila"},"id":"440"},
{"type":"Feature","geometry":{"type":"Polygon","coordinates":[[[18.1208,-4.1949],[18.1888,-4.584],[18.1873,-4.6209],[18.3741,-4.8047],[18.4728,-4.7604],[18.4652,-4.667],[18.6025,-4.5318],[18.4629,-4.4906],[18.26,-4.0667],[18.2312,-4.1712],[18.1208,-4.1949]]]},"properties":{"pcode":"CD3204ZS05","iso3":"COD","name":"Vanga"},"id":"441"},
{"type":"Feature","geometry":{"type":"Polygon","coordinates":[[[19.118,-5.2759],[19.262,-5.1444],[19.3264,-5.2717],[19.2733,-5.3373],[19.4333,-5.5806],[19.4887,-5.7544],[19.55,-5.6401],[19.6079,-5.225],[19.8136,-5.0111],[19.7903,-4.6712],[19.6113,-4.6712],[19.6276,-4.5401],[19.449,-4.5073],[19.4402,-4.6023],[19.1976,-4.661],[19.07,-5.0589],[19.118,-5.2759]]]},"properties":{"pcode":"CD3206ZS01","iso3":"COD","name":"Idiofa"},"id":"442"},
{"type":"Feature","geometry":{"type":"Polygon","coordinates":[[[19.7903,-4.6712],[19.8942,-4.6529],[19.8862,-4.274],[19.9916,-4.2047],[19.856,-4.0921],[19.6048,-4.0418],[19.4517,-3.9469],[19.3976,-3.9077],[19.3865,-3.9987],[19.4098,-4.0569],[19.5458,-4.2204],[19.6276,-4.5401],[19.6113,-4.6712],[19.7903,-4.6712]]]},"properties":{"pcode":"CD3206ZS02","iso3":"COD","name":"Ipamu"},"id":"443"},
{"type":"Feature","geometry":{"type":"Polygon","coordinates":[[[19.2473,-4.5783],[19.1976,-4.661],[19.4402,-4.6023],[19.449,-4.5073],[19.6276,-4.5401],[19.5458,-4.2204],[19.4098,-4.0569],[19.3865,-3.9987],[19.0189,-4.12],[19.0401,-4.2123],[19.1214,-4.3339],[19.2131,-4.3354],[19.2473,-4.5783]]]},"properties":{"pcode":"CD3206ZS03","iso3":"COD","name":"Kimputu"},"id":"444"},
{"type":"Feature","geometry":{"type":"Polygon","coordinates":[[[19.55,-5.6401],[19.6276,-5.6636],[19.6747,-5.5909],[19.8132,-5.5717],[19.8728,-5.5292],[19.8745,-5.4367],[19.971,-5.4602],[20.0397,-5.3938],[20.0258,-5.293],[20.1906,-5.1456],[20.0558,-4.7823],[20.0563,-4.6183],[20.1247,-4.5],[20.038,-4.2859],[20.0306,-4.2697],[19.9916,-4.2047],[19.8862,-4.274],[19.8942,-4.6529],[19.7903,-4.6712],[19.8136,-5.0111],[19.6079,-5.225],[19.55,-5.6401]]]},"properties":{"pcode":"CD3206ZS04","iso3":"COD","name":"Koshibanda"},"id":"445"},
{"type":"Feature","geometry":{"type":"Polygon","coordinates":[[[18.6728,-4.0234],[18.8162,-4.0836],[18.8009,-4.1836],[18.8529,-4.2618],[18.8852,-4.2143],[19.0282,-4.2217],[19.0401,-4.2123],[19.0189,-4.12],[19.3865,-3.9987],[19.3976,-3.9077],[19.3644,-3.8878],[18.9883,-3.7102],[18.9039,-3.6705],[18.8611,-3.6599],[18.8594,-3.7904],[18.6728,-4.0234]]]},"properties":{"pcode":"CD3206ZS05","iso3":"COD","name":"Mokala"},"id":"446"},
{"type":"Feature","geometry":{"type":"Polygon","coordinates":[[[18.8183,-5.399],[18.8009,-5.5706],[18.8792,-5.6195],[18.8091,-5.8058],[18.9491,-5.8457],[19.2589,-5.5655],[19.4333,-5.5806],[19.2733,-5.3373],[19.3264,-5.2717],[19.262,-5.1444],[19.118,-5.2759],[19.0714,-5.3544],[18.9543,-5.3175],[18.9425,-5.3934],[18.8183,-5.399]]]},"properties":{"pcode":"CD3206ZS06","iso3":"COD","name":"Mungindu"},"id":"447"},
{"type":"Feature","geometry":{"type":"Polygon","coordinates":[[[18.7364,-6.1284],[18.8687,-6.1201],[18.8345,-6.2009],[18.9234,-6.228],[18.9554,-6.312],[19.0553,-6.2702],[19.1063,-6.1766],[19.1785,-6.1822],[19.2171,-6.0932],[19.2878,-6.1273],[19.3957,-6.1323],[19.3055,-6.2171],[19.3304,-6.3836],[19.3907,-6.3826],[19.4515,-6.2824],[19.6877,-6.337],[19.7414,-6.1158],[19.6509,-5.9086],[19.5527,-5.9205],[19.55,-5.6401],[19.4887,-5.7544],[19.4333,-5.5806],[19.2589,-5.5655],[18.9491,-5.8457],[18.8091,-5.8058],[18.7257,-6.0922],[18.7364,-6.1284]]]},"properties":{"pcode":"CD3210ZS01","iso3":"COD","name":"Gungu"},"id":"448"},
{"type":"Feature","geometry":{"type":"Polygon","coordinates":[[[18.7257,-6.0922],[18.8091,-5.8058],[18.8792,-5.6195],[18.8009,-5.5706],[18.8183,-5.399],[18.629,-5.306],[18.616,-5.3015],[18.546,-5.3465],[18.4822,-5.5124],[18.3687,-5.5115],[18.2986,-5.6728],[18.3702,-5.7457],[18.5706,-5.6985],[18.5712,-5.8565],[18.5328,-5.9913],[18.7052,-5.9813],[18.7257,-6.0922]]]},"properties":{"pcode":"CD3210ZS02","iso3":"COD","name":"Kingandu"},"id":"449"},
{"type":"Feature","geometry":{"type":"Polygon","coordinates":[[[19.55,-5.6401],[19.5527,-5.9205],[19.6509,-5.9086],[19.7414,-6.1158],[19.9809,-5.9711],[20.1241,-5.7875],[20.186,-5.631],[20.14,-5.4132],[20.1998,-5.2783],[20.1906,-5.1456],[20.0258,-5.293],[20.0397,-5.3938],[19.971,-5.4602],[19.8745,-5.4367],[19.8728,-5.5292],[19.8132,-5.5717],[19.6747,-5.5909],[19.6276,-5.6636],[19.55,-5.6401]]]},"properties":{"pcode":"CD3210ZS03","iso3":"COD","name":"Mukedi"},"id":"450"},
{"type":"Feature","geometry":{"type":"Polygon","coordinates":[[[17.5226,-5.1045],[17.535,-5.1128],[17.4941,-5.2107],[18.1888,-5.2397],[18.1855,-5.1555],[18.0983,-4.926],[17.9833,-4.8073],[17.9882,-4.7207],[17.9879,-4.7184],[17.8803,-4.7207],[17.8175,-4.8143],[17.57,-4.7245],[17.4997,-4.8898],[17.5226,-5.1045]]]},"properties":{"pcode":"CD3212ZS01","iso3":"COD","name":"Masi-Manimba"},"id":"451"},
{"type":"Feature","geometry":{"type":"Polygon","coordinates":[[[17.5402,-5.7079],[17.789,-5.7163],[17.8496,-5.6286],[17.9703,-5.7064],[18.0927,-5.7235],[18.1397,-5.8197],[18.0969,-5.8649],[18.1393,-5.8687],[18.2234,-5.7696],[18.2444,-5.8472],[18.303,-5.8666],[18.3968,-5.7802],[18.5351,-5.8866],[18.5712,-5.8565],[18.5706,-5.6985],[18.3702,-5.7457],[18.2986,-5.6728],[18.3687,-5.5115],[18.4822,-5.5124],[18.546,-5.3465],[18.616,-5.3015],[18.629,-5.306],[18.6604,-5.2286],[18.6008,-5.2167],[18.3087,-5.1843],[18.2969,-5.1851],[18.1855,-5.1555],[18.1888,-5.2397],[17.4941,-5.2107],[17.4701,-5.4312],[17.5402,-5.7079]]]},"properties":{"pcode":"CD3212ZS02","iso3":"COD","name":"Moanza"},"id":"452"},
{"type":"Feature","geometry":{"type":"Polygon","coordinates":[[[18.3741,-4.8047],[18.1873,-4.6209],[18.1888,-4.584],[18.0014,-4.6556],[17.9879,-4.7184],[17.9882,-4.7207],[17.9833,-4.8073],[18.0983,-4.926],[18.1855,-5.1555],[18.2969,-5.1851],[18.3087,-5.1843],[18.3548,-5.1265],[18.303,-4.8866],[18.3727,-4.8384],[18.3741,-4.8047]]]},"properties":{"pcode":"CD3212ZS03","iso3":"COD","name":"Mosango"},"id":"453"},
{"type":"Feature","geometry":{"type":"Polygon","coordinates":[[[17.57,-4.7245],[17.8175,-4.8143],[17.8803,-4.7207],[17.9879,-4.7184],[18.0014,-4.6556],[18.1888,-4.584],[18.1208,-4.1949],[18.0163,-4.139],[17.8257,-4.317],[17.663,-4.4484],[17.696,-4.5371],[17.57,-4.7245]]]},"properties":{"pcode":"CD3212ZS04","iso3":"COD","name":"Yasa-Bonga"},"id":"454"},
{"type":"Feature","geometry":{"type":"Polygon","coordinates":[[[17.6912,-1.4327],[17.67,-1.4382],[17.6697,-1.4383],[17.6639,-1.4397],[17.5064,-1.4798],[17.468,-1.5144],[17.433,-1.5413],[17.3232,-1.6255],[17.2986,-1.6444],[17.2932,-1.6485],[17.2934,-1.6487],[17.2936,-1.6493],[17.5083,-2.0897],[17.9502,-2.0014],[17.8601,-2.3264],[18.0104,-2.2792],[18.0981,-2.3232],[18.1517,-2.3551],[18.295,-2.1801],[18.2967,-2.1093],[18.1716,-2.0297],[18.1664,-1.8223],[18.0324,-1.795],[17.9105,-1.554],[17.6912,-1.4327]]]},"properties":{"pcode":"CD3302ZS01","iso3":"COD","name":"Banjow Moke"},"id":"455"},
{"type":"Feature","geometry":{"type":"Polygon","coordinates":[[[18.1517,-2.3551],[18.2083,-2.5453],[18.4105,-2.588],[18.4592,-2.6756],[18.7562,-2.4432],[18.8691,-2.4296],[19.0074,-2.4925],[19.0416,-2.5662],[19.2603,-2.7586],[19.2693,-2.7594],[19.2821,-2.7119],[19.262,-2.2212],[19.1161,-1.9647],[18.855,-1.8165],[18.7694,-1.825],[18.6426,-1.7082],[18.3897,-1.7346],[18.5207,-1.5683],[18.6877,-1.528],[18.7049,-1.5692],[18.8305,-1.3783],[18.761,-1.2363],[18.5223,-1.2609],[18.3284,-1.1229],[18.2006,-1.1065],[18.1561,-1.1035],[18.1275,-1.2044],[17.9103,-1.3762],[17.6912,-1.4327],[17.9105,-1.554],[18.0324,-1.795],[18.1664,-1.8223],[18.1716,-2.0297],[18.2967,-2.1093],[18.295,-2.1801],[18.1517,-2.3551]]]},"properties":{"pcode":"CD3302ZS02","iso3":"COD","name":"Inongo"},"id":"456"},
{"type":"Feature","geometry":{"type":"Polygon","coordinates":[[[17.2932,-1.6485],[17.0701,-1.8029],[16.8111,-1.7685],[16.794,-1.8363],[16.9425,-1.8662],[16.945,-2.0012],[16.637,-1.9982],[16.6547,-2.1219],[16.6918,-2.195],[16.8224,-2.1965],[16.9227,-2.2745],[17.1345,-2.1457],[17.2237,-2.1991],[17.332,-2.114],[17.5083,-2.0897],[17.2936,-1.6493],[17.2934,-1.6487],[17.2932,-1.6485]]]},"properties":{"pcode":"CD3302ZS03","iso3":"COD","name":"Ntandembelo"},"id":"457"},
{"type":"Feature","geometry":{"type":"Polygon","coordinates":[[[19.2821,-2.7119],[19.3264,-2.6986],[19.3819,-2.4528],[19.2998,-2.2767],[19.4081,-2.2909],[19.7487,-2.1402],[19.9498,-1.9758],[19.9276,-1.8973],[19.8396,-1.6634],[19.7322,-1.5784],[19.6342,-1.7775],[19.5025,-1.7743],[19.4681,-1.5174],[19.3113,-1.5543],[19.1281,-1.4498],[18.9094,-1.4649],[18.8634,-1.3783],[18.8305,-1.3783],[18.7049,-1.5692],[18.6877,-1.528],[18.5207,-1.5683],[18.3897,-1.7346],[18.6426,-1.7082],[18.7694,-1.825],[18.855,-1.8165],[19.1161,-1.9647],[19.262,-2.2212],[19.2821,-2.7119]]]},"properties":{"pcode":"CD3303ZS01","iso3":"COD","name":"Kiri"},"id":"458"},
{"type":"Feature","geometry":{"type":"Polygon","coordinates":[[[18.8305,-1.3783],[18.8634,-1.3783],[18.9094,-1.4649],[19.1281,-1.4498],[19.3113,-1.5543],[19.4681,-1.5174],[19.4568,-1.3751],[19.2652,-0.996],[19.1598,-0.9146],[19.144,-0.68],[19.1361,-0.6798],[18.8949,-0.8546],[18.8093,-0.7992],[18.7429,-1.012],[18.8179,-1.038],[18.871,-1.1658],[18.745,-1.118],[18.761,-1.2363],[18.8305,-1.3783]]]},"properties":{"pcode":"CD3303ZS02","iso3":"COD","name":"Penjwa"},"id":"459"},
{"type":"Feature","geometry":{"type":"Polygon","coordinates":[[[19.3644,-3.8878],[19.4085,-3.8222],[19.4511,-3.1624],[19.588,-2.9334],[19.5088,-2.8752],[19.3479,-2.8944],[19.2693,-2.7594],[19.2603,-2.7586],[19.0416,-2.5662],[19.0467,-2.9481],[18.8456,-3.1773],[18.9965,-3.2411],[18.8582,-3.4313],[18.927,-3.5458],[18.9039,-3.6705],[18.9883,-3.7102],[19.3644,-3.8878]]]},"properties":{"pcode":"CD3304ZS01","iso3":"COD","name":"Bosobe"},"id":"460"},
{"type":"Feature","geometry":{"type":"Polygon","coordinates":[[[19.2693,-2.7594],[19.3479,-2.8944],[19.5088,-2.8752],[19.588,-2.9334],[19.907,-3.1795],[20.6584,-3.2089],[20.962,-2.4897],[21.0163,-2.4944],[21.0117,-2.3837],[20.6574,-1.9605],[20.3977,-2.1195],[20.1339,-1.9165],[19.9276,-1.8973],[19.9498,-1.9758],[19.7487,-2.1402],[19.4081,-2.2909],[19.2998,-2.2767],[19.3819,-2.4528],[19.3264,-2.6986],[19.2821,-2.7119],[19.2693,-2.7594]]]},"properties":{"pcode":"CD3304ZS02","iso3":"COD","name":"Mimia"},"id":"461"},
{"type":"Feature","geometry":{"type":"Polygon","coordinates":[[[19.9916,-4.2047],[20.0306,-4.2697],[20.038,-4.2859],[20.055,-4.2902],[20.3524,-4.3987],[20.4116,-4.2891],[20.606,-4.2215],[20.6511,-4.155],[20.6584,-3.2089],[19.907,-3.1795],[19.588,-2.9334],[19.4511,-3.1624],[19.4085,-3.8222],[19.3644,-3.8878],[19.3976,-3.9077],[19.4517,-3.9469],[19.6048,-4.0418],[19.856,-4.0921],[19.9916,-4.2047]]]},"properties":{"pcode":"CD3304ZS03","iso3":"COD","name":"Oshwe"},"id":"462"},
{"type":"Feature","geometry":{"type":"Polygon","coordinates":[[[18.4378,-3.5665],[18.4541,-3.5641],[18.8611,-3.6599],[18.9039,-3.6705],[18.927,-3.5458],[18.8582,-3.4313],[18.9965,-3.2411],[18.8456,-3.1773],[19.0467,-2.9481],[19.0416,-2.5662],[19.0074,-2.4925],[18.8691,-2.4296],[18.7562,-2.4432],[18.4592,-2.6756],[18.3962,-2.7428],[18.2276,-2.7664],[18.222,-2.9475],[18.1139,-3.1833],[18.1607,-3.4445],[18.2434,-3.4002],[18.4378,-3.5665]]]},"properties":{"pcode":"CD3306ZS01","iso3":"COD","name":"Bokoro"},"id":"463"},
{"type":"Feature","geometry":{"type":"Polygon","coordinates":[[[17.5572,-3.2936],[17.5854,-3.3055],[17.7191,-3.323],[17.8446,-3.4245],[18.0434,-3.3774],[18.1607,-3.4445],[18.1139,-3.1833],[18.222,-2.9475],[18.2276,-2.7664],[18.3962,-2.7428],[18.4592,-2.6756],[18.4105,-2.588],[18.2083,-2.5453],[18.1517,-2.3551],[18.0981,-2.3232],[18.0104,-2.2792],[17.8601,-2.3264],[17.7235,-2.6471],[17.5969,-2.6942],[17.5711,-2.8085],[17.341,-2.8865],[17.2508,-3.0031],[16.963,-3.0172],[16.9985,-3.0298],[17.1288,-3.1317],[17.3538,-3.1984],[17.3975,-3.198],[17.5572,-3.2936]]]},"properties":{"pcode":"CD3306ZS02","iso3":"COD","name":"Nioki"},"id":"464"},
{"type":"Feature","geometry":{"type":"Polygon","coordinates":[[[16.4834,-4.223],[16.5856,-4.143],[16.8274,-4.0946],[16.9324,-3.9868],[17.1267,-4.0111],[17.332,-3.6533],[17.2894,-3.5782],[17.2743,-3.4786],[17.358,-3.3588],[17.3538,-3.1984],[17.1288,-3.1317],[16.9985,-3.0298],[16.963,-3.0172],[16.7137,-3.0185],[16.3283,-3.0859],[16.191,-3.179],[16.2112,-3.3396],[15.9022,-3.9486],[15.9056,-3.9494],[15.9507,-3.9307],[16.232,-4.0256],[16.4834,-4.223]]]},"properties":{"pcode":"CD3307ZS01","iso3":"COD","name":"Kwamouth"},"id":"465"},
{"type":"Feature","geometry":{"type":"Polygon","coordinates":[[[16.7137,-3.0185],[16.5921,-2.7168],[16.4954,-2.6511],[16.5544,-2.5735],[16.5315,-2.4276],[16.44,-2.4123],[16.4339,-2.22],[16.4003,-2.1451],[16.292,-2.1246],[16.242,-2.1229],[16.1849,-2.32],[16.237,-2.6251],[16.1799,-2.875],[16.191,-3.179],[16.3283,-3.0859],[16.7137,-3.0185]]]},"properties":{"pcode":"CD3308ZS01","iso3":"COD","name":"Bolobo"},"id":"466"},
{"type":"Feature","geometry":{"type":"Polygon","coordinates":[[[16.637,-1.9982],[16.5602,-1.863],[16.504,-1.8741],[16.242,-2.1229],[16.292,-2.1246],[16.4003,-2.1451],[16.4339,-2.22],[16.6341,-2.3306],[16.6918,-2.195],[16.6547,-2.1219],[16.637,-1.9982]]]},"properties":{"pcode":"CD3310ZS01","iso3":"COD","name":"Yumbi"},"id":"467"},
{"type":"Feature","geometry":{"type":"Polygon","coordinates":[[[17.5083,-2.0897],[17.332,-2.114],[17.2237,-2.1991],[17.1345,-2.1457],[16.9227,-2.2745],[16.8224,-2.1965],[16.6918,-2.195],[16.6341,-2.3306],[16.4339,-2.22],[16.44,-2.4123],[16.5315,-2.4276],[16.5544,-2.5735],[16.4954,-2.6511],[16.5921,-2.7168],[16.7137,-3.0185],[16.963,-3.0172],[17.2508,-3.0031],[17.341,-2.8865],[17.5711,-2.8085],[17.5969,-2.6942],[17.7235,-2.6471],[17.8601,-2.3264],[17.9502,-2.0014],[17.5083,-2.0897]]]},"properties":{"pcode":"CD3311ZS01","iso3":"COD","name":"Mushie"},"id":"468"},
{"type":"Feature","geometry":{"type":"Polygon","coordinates":[[[18.2446,0.0015],[18.2266,0.0119],[18.1922,0.033],[17.8194,-0.3361],[17.9017,-0.4534],[18.1472,-0.1631],[18.3022,-0.1599],[18.3603,-0.0858],[18.2331,-0.1024],[18.2446,0.0015]]]},"properties":{"pcode":"CD4101ZS01","iso3":"COD","name":"Bolenge"},"id":"469"},
{"type":"Feature","geometry":{"type":"Polygon","coordinates":[[[18.3603,-0.0858],[18.3773,-0.0474],[18.3939,0.1531],[18.5517,0.2516],[18.5631,0.4075],[18.5651,0.4947],[18.4522,0.5092],[18.3691,0.3043],[18.3148,0.2978],[18.2184,0.1168],[18.2446,0.0015],[18.2331,-0.1024],[18.3603,-0.0858]]]},"properties":{"pcode":"CD4101ZS02","iso3":"COD","name":"Mbandaka"},"id":"470"},
{"type":"Feature","geometry":{"type":"Polygon","coordinates":[[[18.2446,0.0015],[18.2184,0.1168],[18.1922,0.033],[18.2266,0.0119],[18.2446,0.0015]]]},"properties":{"pcode":"CD4101ZS03","iso3":"COD","name":"Wangata"},"id":"471"},
{"type":"Feature","geometry":{"type":"Polygon","coordinates":[[[17.9017,-0.4534],[17.8406,-0.5376],[17.7992,-0.7425],[18.0939,-0.8107],[18.1918,-0.7672],[18.4398,-0.793],[18.4781,-0.7124],[18.4396,-0.6344],[18.4938,-0.5709],[18.5843,-0.2401],[18.5649,-0.0932],[18.4493,-0.0457],[18.3773,-0.0474],[18.3603,-0.0858],[18.3022,-0.1599],[18.1472,-0.1631],[17.9017,-0.4534]]]},"properties":{"pcode":"CD4102ZS01","iso3":"COD","name":"Bikoro"},"id":"472"},
{"type":"Feature","geometry":{"type":"Polygon","coordinates":[[[18.761,-1.2363],[18.745,-1.118],[18.871,-1.1658],[18.8179,-1.038],[18.7429,-1.012],[18.8093,-0.7992],[18.5614,-0.7161],[18.4938,-0.5709],[18.4396,-0.6344],[18.4781,-0.7124],[18.4398,-0.793],[18.1861,-1.0173],[18.2006,-1.1065],[18.3284,-1.1229],[18.5223,-1.2609],[18.761,-1.2363]]]},"properties":{"pcode":"CD4102ZS02","iso3":"COD","name":"Iboko"},"id":"473"},
{"type":"Feature","geometry":{"type":"Polygon","coordinates":[[[17.6639,-1.4397],[17.67,-1.4382],[17.6912,-1.4327],[17.9103,-1.3762],[18.1275,-1.2044],[18.1561,-1.1035],[18.2006,-1.1065],[18.1861,-1.0173],[18.4398,-0.793],[18.1918,-0.7672],[18.0939,-0.8107],[17.7992,-0.7425],[17.7224,-1.005],[17.557,-1.2225],[17.5064,-1.4798],[17.6639,-1.4397]]]},"properties":{"pcode":"CD4102ZS03","iso3":"COD","name":"Ntondo"},"id":"474"},
{"type":"Feature","geometry":{"type":"Polygon","coordinates":[[[17.8406,-0.5376],[17.7031,-0.5591],[17.4212,-0.9105],[17.4451,-0.931],[17.7224,-1.005],[17.7992,-0.7425],[17.8406,-0.5376]]]},"properties":{"pcode":"CD4103ZS01","iso3":"COD","name":"Irebu"},"id":"475"},
{"type":"Feature","geometry":{"type":"MultiPolygon","coordinates":[[[[17.5064,-1.4798],[17.557,-1.2225],[17.7224,-1.005],[17.4451,-0.931],[17.4212,-0.9105],[16.8459,-1.264],[16.504,-1.8741],[16.5602,-1.863],[16.637,-1.9982],[16.945,-2.0012],[16.9425,-1.8662],[16.794,-1.8363],[16.8111,-1.7685],[17.0701,-1.8029],[17.2932,-1.6485],[17.2986,-1.6444],[17.3232,-1.6255],[17.433,-1.5413],[17.468,-1.5144],[17.5064,-1.4798]]],[[[17.67,-1.4382],[17.6639,-1.4397],[17.6697,-1.4383],[17.67,-1.4382]]]]},"properties":{"pcode":"CD4103ZS02","iso3":"COD","name":"Lukolela"},"id":"476"},
{"type":"Feature","geometry":{"type":"Polygon","coordinates":[[[19.4497,2.0395],[19.1254,2.1263],[18.9581,2.0139],[18.7627,1.9723],[18.7087,1.903],[18.5906,1.977],[18.086,1.984],[18.0679,1.5211],[17.9277,1.251],[17.8595,0.8943],[18.0857,0.9047],[17.9355,0.7443],[18.2045,0.726],[18.6311,1.4444],[19.4497,2.0395]]]},"properties":{"pcode":"CD4104ZS01","iso3":"COD","name":"Bomongo"},"id":"477"},
{"type":"Feature","geometry":{"type":"Polygon","coordinates":[[[18.1922,0.033],[18.2184,0.1168],[18.3148,0.2978],[18.3668,0.6467],[18.171,0.4893],[18.2045,0.726],[17.9355,0.7443],[18.0857,0.9047],[17.8595,0.8943],[17.8759,0.594],[17.963,0.4079],[17.7749,0.1079],[17.714,-0.1278],[17.7031,-0.5591],[17.8406,-0.5376],[17.9017,-0.4534],[17.8194,-0.3361],[18.1922,0.033]]]},"properties":{"pcode":"CD4104ZS02","iso3":"COD","name":"Lilanga Bobangi"},"id":"478"},
{"type":"Feature","geometry":{"type":"Polygon","coordinates":[[[18.2045,0.726],[18.171,0.4893],[18.3668,0.6467],[18.3848,0.7565],[18.6848,1.0373],[19.2129,1.3499],[19.2106,1.5936],[19.2624,1.67],[19.4767,1.7791],[19.8245,1.8502],[19.9051,2.0069],[19.6724,2.0043],[19.5796,2.0092],[19.4497,2.0395],[18.6311,1.4444],[18.2045,0.726]]]},"properties":{"pcode":"CD4105ZS01","iso3":"COD","name":"Makanza"},"id":"479"},
{"type":"Feature","geometry":{"type":"Polygon","coordinates":[[[20.4511,1.0746],[20.0753,1.203],[19.8995,1.3073],[19.9295,1.4275],[19.8441,1.6514],[19.7059,1.6288],[19.4467,1.458],[19.4473,1.2633],[19.3565,1.1915],[19.2712,1.1264],[19.3065,0.9974],[19.3556,0.983],[19.3416,0.8911],[19.4242,0.9433],[19.4939,0.6808],[19.6039,0.6559],[19.5861,0.4119],[19.9406,0.3524],[20.2949,0.3752],[20.4286,0.6674],[20.3999,0.8586],[20.4511,1.0746]]]},"properties":{"pcode":"CD4107ZS01","iso3":"COD","name":"Basankusu"},"id":"480"},
{"type":"Feature","geometry":{"type":"Polygon","coordinates":[[[20.4511,1.0746],[20.5558,1.2358],[20.6908,1.1825],[20.7139,1.2693],[20.6374,1.4169],[20.683,1.5919],[20.6891,1.7084],[20.3967,1.6687],[20.1906,1.7489],[19.8441,1.6514],[19.9295,1.4275],[19.8995,1.3073],[20.0753,1.203],[20.4511,1.0746]]]},"properties":{"pcode":"CD4107ZS02","iso3":"COD","name":"Djombo"},"id":"481"},
{"type":"Feature","geometry":{"type":"Polygon","coordinates":[[[18.3773,-0.0474],[18.4493,-0.0457],[18.5649,-0.0932],[18.7725,-0.1094],[19.0064,-0.3416],[19.4824,-0.1889],[19.5934,0.1955],[19.5861,0.4119],[19.6039,0.6559],[19.4939,0.6808],[19.4242,0.9433],[19.3416,0.8911],[19.3556,0.983],[19.3065,0.9974],[19.2712,1.1264],[19.216,1.1184],[19.1491,1.109],[18.7769,0.5565],[18.5631,0.4075],[18.5517,0.2516],[18.3939,0.1531],[18.3773,-0.0474]]]},"properties":{"pcode":"CD4108ZS01","iso3":"COD","name":"Bolomba"},"id":"482"},
{"type":"Feature","geometry":{"type":"Polygon","coordinates":[[[18.5631,0.4075],[18.7769,0.5565],[19.1491,1.109],[19.216,1.1184],[19.2712,1.1264],[19.3565,1.1915],[19.4473,1.2633],[19.4467,1.458],[19.2129,1.3499],[18.6848,1.0373],[18.3848,0.7565],[18.3668,0.6467],[18.3148,0.2978],[18.3691,0.3043],[18.4522,0.5092],[18.5651,0.4947],[18.5631,0.4075]]]},"properties":{"pcode":"CD4108ZS02","iso3":"COD","name":"Lolanga Mampoko"},"id":"483"},
{"type":"Feature","geometry":{"type":"Polygon","coordinates":[[[19.5861,0.4119],[19.5934,0.1955],[19.4824,-0.1889],[19.5754,-0.1924],[19.6276,-0.2632],[19.9018,-0.2872],[19.9826,-0.1975],[20.1511,-0.2791],[20.1392,-0.2373],[20.2091,-0.2169],[20.3736,-0.2602],[20.6282,-0.0369],[20.4681,0.0093],[20.5747,0.1381],[20.2949,0.3752],[19.9406,0.3524],[19.5861,0.4119]]]},"properties":{"pcode":"CD4108ZS03","iso3":"COD","name":"Monieka"},"id":"484"},
{"type":"Feature","geometry":{"type":"Polygon","coordinates":[[[19.144,-0.68],[19.1621,-0.6314],[19.203,-0.4704],[19.0064,-0.3416],[18.7725,-0.1094],[18.5649,-0.0932],[18.5843,-0.2401],[18.4938,-0.5709],[18.5614,-0.7161],[18.8093,-0.7992],[18.8949,-0.8546],[19.1361,-0.6798],[19.144,-0.68]]]},"properties":{"pcode":"CD4109ZS01","iso3":"COD","name":"Ingende"},"id":"485"},
{"type":"Feature","geometry":{"type":"Polygon","coordinates":[[[19.4568,-1.3751],[19.6186,-1.1045],[19.6119,-0.9888],[19.6906,-1.002],[19.7171,-1.167],[19.8463,-1.1666],[20.0852,-1.0617],[20.1568,-1.0184],[20.1431,-0.9523],[20.2863,-0.6679],[20.173,-0.5969],[20.1056,-0.4224],[19.9018,-0.2872],[19.6276,-0.2632],[19.5754,-0.1924],[19.4824,-0.1889],[19.0064,-0.3416],[19.203,-0.4704],[19.1621,-0.6314],[19.144,-0.68],[19.1598,-0.9146],[19.2652,-0.996],[19.4568,-1.3751]]]},"properties":{"pcode":"CD4109ZS02","iso3":"COD","name":"Lotumbe"},"id":"486"},
{"type":"Feature","geometry":{"type":"Polygon","coordinates":[[[19.919,4.0577],[19.8119,4.0833],[19.5118,4.06],[19.418,3.8963],[19.352,3.8502],[19.3554,3.7391],[19.2664,3.7428],[19.2729,3.6272],[19.401,3.6954],[19.4769,3.6739],[19.5571,3.654],[19.6654,3.4664],[19.9026,3.5479],[20.1371,3.7108],[20.183,3.756],[20.2026,3.7973],[19.8936,3.9632],[19.919,4.0577]]]},"properties":{"pcode":"CD4202ZS01","iso3":"COD","name":"Bogosenubia"},"id":"487"},
{"type":"Feature","geometry":{"type":"Polygon","coordinates":[[[19.9026,3.5479],[19.9058,3.5257],[20.0248,2.8965],[20.209,2.9508],[20.2097,2.9587],[20.1746,3.0351],[20.2844,3.189],[20.2821,3.2952],[20.2112,3.383],[20.2172,3.4683],[20.1117,3.5615],[20.1371,3.7108],[19.9026,3.5479]]]},"properties":{"pcode":"CD4202ZS02","iso3":"COD","name":"Bominenge"},"id":"488"},
{"type":"Feature","geometry":{"type":"Polygon","coordinates":[[[19.2729,3.6272],[19.2574,3.5208],[19.0762,3.3436],[19.0846,3.1954],[19.0855,3.1803],[19.1548,3.0672],[19.2761,3.0527],[19.7068,3.195],[19.6654,3.4664],[19.5571,3.654],[19.4769,3.6739],[19.401,3.6954],[19.2729,3.6272]]]},"properties":{"pcode":"CD4202ZS03","iso3":"COD","name":"Bwamanda"},"id":"489"},
{"type":"Feature","geometry":{"type":"Polygon","coordinates":[[[19.6654,3.4664],[19.7068,3.195],[19.7114,3.1632],[19.8545,2.9146],[19.8808,2.9129],[20.0248,2.8965],[19.9058,3.5257],[19.9026,3.5479],[19.6654,3.4664]]]},"properties":{"pcode":"CD4202ZS04","iso3":"COD","name":"Gemena"},"id":"490"},
{"type":"Feature","geometry":{"type":"Polygon","coordinates":[[[19.2761,3.0527],[19.3128,2.9638],[19.2259,2.9024],[19.2964,2.7852],[19.5141,2.8553],[19.6957,2.8137],[19.7487,2.9088],[19.8545,2.9146],[19.7114,3.1632],[19.7068,3.195],[19.2761,3.0527]]]},"properties":{"pcode":"CD4202ZS05","iso3":"COD","name":"Tandala"},"id":"491"},
{"type":"Feature","geometry":{"type":"Polygon","coordinates":[[[19.4497,2.0395],[19.5796,2.0092],[19.6255,2.0796],[19.635,2.1299],[19.6388,2.1651],[19.6426,2.1738],[19.6239,2.2075],[19.6228,2.2086],[19.5737,2.1922],[19.6004,2.2659],[19.5913,2.2894],[19.579,2.3092],[19.5731,2.3278],[19.5735,2.3282],[19.5758,2.3306],[19.576,2.3527],[19.5762,2.3527],[19.4581,2.6084],[19.2874,2.5852],[19.2131,2.58],[19.182,2.4719],[19.2633,2.3124],[19.1825,2.1992],[19.1825,2.199],[19.1254,2.1263],[19.4497,2.0395]]]},"properties":{"pcode":"CD4203ZS01","iso3":"COD","name":"Bangabola"},"id":"492"},
{"type":"Feature","geometry":{"type":"Polygon","coordinates":[[[19.9051,2.0069],[20.0607,2.2527],[19.8503,2.6758],[19.8134,2.8195],[19.8845,2.8412],[19.8545,2.9146],[19.7487,2.9088],[19.6957,2.8137],[19.5141,2.8553],[19.2964,2.7852],[19.3329,2.7408],[19.2131,2.58],[19.2874,2.5852],[19.4581,2.6084],[19.5762,2.3527],[19.576,2.3527],[19.5758,2.3306],[19.5735,2.3282],[19.5731,2.3278],[19.579,2.3092],[19.5913,2.2894],[19.6004,2.2659],[19.5737,2.1922],[19.6228,2.2086],[19.6239,2.2075],[19.6426,2.1738],[19.6388,2.1651],[19.635,2.1299],[19.6255,2.0796],[19.5796,2.0092],[19.6724,2.0043],[19.9051,2.0069]]]},"properties":{"pcode":"CD4203ZS02","iso3":"COD","name":"Budjala"},"id":"493"},
{"type":"Feature","geometry":{"type":"Polygon","coordinates":[[[19.8545,2.9146],[19.8845,2.8412],[19.8134,2.8195],[19.8503,2.6758],[20.0607,2.2527],[20.0976,2.3369],[20.258,2.4116],[20.2355,2.5702],[20.1028,2.6798],[20.0248,2.8965],[19.8808,2.9129],[19.8545,2.9146]]]},"properties":{"pcode":"CD4203ZS03","iso3":"COD","name":"Bulu"},"id":"494"},
{"type":"Feature","geometry":{"type":"Polygon","coordinates":[[[20.0248,2.8965],[20.1028,2.6798],[20.2355,2.5702],[20.258,2.4116],[20.3831,2.4235],[20.3982,2.4289],[20.5667,2.4208],[20.6819,2.5736],[20.577,2.8461],[20.5226,2.9692],[20.3822,2.8167],[20.209,2.9508],[20.0248,2.8965]]]},"properties":{"pcode":"CD4203ZS04","iso3":"COD","name":"Mbaya"},"id":"495"},
{"type":"Feature","geometry":{"type":"Polygon","coordinates":[[[20.5667,2.4208],[20.7743,2.416],[20.8881,2.531],[20.9091,2.6067],[20.7346,2.8828],[20.713,3.0801],[20.7334,3.1882],[20.5226,2.9692],[20.577,2.8461],[20.6819,2.5736],[20.5667,2.4208]]]},"properties":{"pcode":"CD4203ZS05","iso3":"COD","name":"Ndage"},"id":"496"},
{"type":"Feature","geometry":{"type":"Polygon","coordinates":[[[19.1254,2.1263],[19.1825,2.199],[18.7702,2.5099],[18.5448,2.5598],[18.4659,2.7779],[18.4209,2.7519],[18.1059,2.267],[18.086,1.984],[18.5906,1.977],[18.7087,1.903],[18.7627,1.9723],[18.9581,2.0139],[19.1254,2.1263]]]},"properties":{"pcode":"CD4204ZS01","iso3":"COD","name":"Bokonzi"},"id":"497"},
{"type":"Feature","geometry":{"type":"Polygon","coordinates":[[[19.0846,3.1954],[19.0288,3.1144],[18.8002,3.0869],[18.7629,3.0131],[18.6447,2.9745],[18.5922,2.8144],[18.6393,2.7751],[18.7301,2.8707],[19.2005,2.9412],[19.2259,2.9024],[19.3128,2.9638],[19.2761,3.0527],[19.1548,3.0672],[19.0855,3.1803],[19.0846,3.1954]]]},"properties":{"pcode":"CD4204ZS02","iso3":"COD","name":"Boto"},"id":"498"},
{"type":"Feature","geometry":{"type":"Polygon","coordinates":[[[19.2259,2.9024],[19.2005,2.9412],[18.7301,2.8707],[18.6393,2.7751],[18.5922,2.8144],[18.4659,2.7779],[18.5448,2.5598],[18.7702,2.5099],[19.1825,2.199],[19.1825,2.1992],[19.2633,2.3124],[19.182,2.4719],[19.2131,2.58],[19.3329,2.7408],[19.2964,2.7852],[19.2259,2.9024]]]},"properties":{"pcode":"CD4204ZS03","iso3":"COD","name":"Kungu"},"id":"499"},
{"type":"Feature","geometry":{"type":"Polygon","coordinates":[[[19.418,3.8963],[19.2681,4.0733],[19.5185,4.5873],[19.4585,4.6775],[19.3798,4.6251],[19.3195,4.6618],[19.0721,4.7769],[19.0139,4.768],[18.7331,4.3867],[18.7497,4.35],[18.868,4.2483],[18.652,3.978],[18.587,3.7509],[18.6376,3.4589],[18.7643,3.5099],[18.8519,3.6688],[18.9635,3.6003],[19.2574,3.5208],[19.2729,3.6272],[19.2664,3.7428],[19.3554,3.7391],[19.352,3.8502],[19.418,3.8963]]]},"properties":{"pcode":"CD4205ZS01","iso3":"COD","name":"Libenge"},"id":"500"},
{"type":"Feature","geometry":{"type":"Polygon","coordinates":[[[19.2574,3.5208],[18.9635,3.6003],[18.8519,3.6688],[18.7643,3.5099],[18.6376,3.4589],[18.642,3.2091],[18.4529,2.927],[18.4209,2.7519],[18.4659,2.7779],[18.5922,2.8144],[18.6447,2.9745],[18.7629,3.0131],[18.8002,3.0869],[19.0288,3.1144],[19.0846,3.1954],[19.0762,3.3436],[19.2574,3.5208]]]},"properties":{"pcode":"CD4205ZS02","iso3":"COD","name":"Mawuya"},"id":"501"},
{"type":"Feature","geometry":{"type":"Polygon","coordinates":[[[18.7331,4.3867],[18.546,4.308],[18.652,3.978],[18.868,4.2483],[18.7497,4.35],[18.7331,4.3867]]]},"properties":{"pcode":"CD4206ZS01","iso3":"COD","name":"Zongo"},"id":"502"},
{"type":"Feature","geometry":{"type":"Polygon","coordinates":[[[21.087,4.381],[20.8648,4.446],[20.624,4.4019],[20.7403,4.2895],[20.7957,4.079],[20.8606,4.0624],[21.0423,4.2076],[21.087,4.381]]]},"properties":{"pcode":"CD4301ZS01","iso3":"COD","name":"Gbadolite"},"id":"503"},
{"type":"Feature","geometry":{"type":"Polygon","coordinates":[[[20.624,4.4019],[20.4779,4.485],[20.4049,4.6771],[20.3614,3.9654],[20.6492,3.7796],[20.8114,3.5835],[21.0595,3.8622],[21.2461,3.879],[21.3328,3.8174],[21.4743,3.8513],[21.5262,3.9771],[21.8479,3.9773],[21.9652,4.2251],[21.7348,4.304],[21.5648,4.2471],[21.282,4.3381],[21.2109,4.2871],[21.087,4.381],[21.0423,4.2076],[20.8606,4.0624],[20.7957,4.079],[20.7403,4.2895],[20.624,4.4019]]]},"properties":{"pcode":"CD4302ZS01","iso3":"COD","name":"Mobayi Mbongo"},"id":"504"},
{"type":"Feature","geometry":{"type":"Polygon","coordinates":[[[22.6936,3.5568],[22.3175,3.6278],[22.1162,3.5784],[21.9113,3.6626],[21.3536,3.3973],[21.5471,3.3268],[21.5723,3.2334],[21.7659,3.3845],[21.8215,3.3122],[22.0414,3.2525],[22.1166,2.9444],[22.3548,3.0319],[22.4866,2.9786],[22.6161,3.3334],[22.8233,3.5349],[22.6936,3.5568]]]},"properties":{"pcode":"CD4304ZS01","iso3":"COD","name":"Abuzi"},"id":"505"},
{"type":"Feature","geometry":{"type":"Polygon","coordinates":[[[22.8233,3.5349],[23.0237,3.5907],[23.2465,3.7713],[23.4074,3.6884],[23.5306,3.7765],[23.5292,3.8185],[23.2995,3.833],[23.1516,3.8651],[22.8621,3.8472],[22.8567,3.7244],[22.7175,3.7634],[22.6336,3.6666],[22.6222,3.6069],[22.6936,3.5568],[22.8233,3.5349]]]},"properties":{"pcode":"CD4304ZS02","iso3":"COD","name":"Wapinda"},"id":"506"},
{"type":"Feature","geometry":{"type":"Polygon","coordinates":[[[21.4743,3.8513],[21.4365,3.662],[21.2569,3.456],[21.3536,3.3973],[21.9113,3.6626],[22.1162,3.5784],[22.3175,3.6278],[22.6936,3.5568],[22.6222,3.6069],[22.6336,3.6666],[22.7175,3.7634],[22.8567,3.7244],[22.8621,3.8472],[22.7822,3.8858],[22.8369,3.9875],[22.7204,4.0878],[22.6888,4.0867],[22.6241,4.0151],[22.3315,3.9733],[22.2211,3.8182],[21.8479,3.9773],[21.5262,3.9771],[21.4743,3.8513]]]},"properties":{"pcode":"CD4304ZS03","iso3":"COD","name":"Wasolo"},"id":"507"},
{"type":"Feature","geometry":{"type":"Polygon","coordinates":[[[21.8479,3.9773],[22.2211,3.8182],[22.3315,3.9733],[22.6241,4.0151],[22.6888,4.0867],[22.4453,4.1244],[22.2192,4.1259],[21.993,4.24],[21.9652,4.2251],[21.8479,3.9773]]]},"properties":{"pcode":"CD4304ZS04","iso3":"COD","name":"Yakoma"},"id":"508"},
{"type":"Feature","geometry":{"type":"Polygon","coordinates":[[[21.3536,3.3973],[21.2569,3.456],[21.0501,3.4492],[20.6557,3.5331],[20.6435,3.3012],[20.7344,3.1909],[20.7353,3.1901],[20.8121,3.2297],[21.1446,2.9225],[21.1702,3.1632],[21.4712,2.9478],[21.647,2.9205],[21.947,2.8963],[22.1166,2.9444],[22.0414,3.2525],[21.8215,3.3122],[21.7659,3.3845],[21.5723,3.2334],[21.5471,3.3268],[21.3536,3.3973]]]},"properties":{"pcode":"CD4305ZS01","iso3":"COD","name":"Businga"},"id":"509"},
{"type":"Feature","geometry":{"type":"Polygon","coordinates":[[[20.1371,3.7108],[20.1117,3.5615],[20.2172,3.4683],[20.2112,3.383],[20.2821,3.2952],[20.2844,3.189],[20.1746,3.0351],[20.2097,2.9587],[20.209,2.9508],[20.3822,2.8167],[20.5226,2.9692],[20.7334,3.1882],[20.7353,3.1901],[20.7344,3.1909],[20.6435,3.3012],[20.6557,3.5331],[20.183,3.756],[20.1371,3.7108]]]},"properties":{"pcode":"CD4305ZS02","iso3":"COD","name":"Karawa"},"id":"510"},
{"type":"Feature","geometry":{"type":"Polygon","coordinates":[[[20.183,3.756],[20.6557,3.5331],[21.0501,3.4492],[21.2569,3.456],[21.4365,3.662],[21.4743,3.8513],[21.3328,3.8174],[21.2461,3.879],[21.0595,3.8622],[20.8114,3.5835],[20.6492,3.7796],[20.3614,3.9654],[20.0348,4.0641],[19.919,4.0577],[19.8936,3.9632],[20.2026,3.7973],[20.183,3.756]]]},"properties":{"pcode":"CD4305ZS03","iso3":"COD","name":"Loko"},"id":"511"},
{"type":"Feature","geometry":{"type":"Polygon","coordinates":[[[19.3195,4.6618],[19.3552,4.6861],[19.3646,4.7063],[19.3651,4.7066],[19.458,4.7678],[19.8592,4.7259],[19.8638,4.5799],[19.7466,4.4023],[19.766,4.3876],[19.7909,4.3888],[19.8837,4.417],[19.9141,4.3494],[20.0222,4.3492],[20.2053,4.408],[20.2428,4.6036],[20.1001,4.9023],[19.915,4.9801],[19.8249,5.0929],[19.555,5.146],[19.403,5.1209],[19.202,4.942],[19.106,4.929],[19.0139,4.768],[19.0721,4.7769],[19.3195,4.6618]],[[19.7909,4.3888],[19.7907,4.3888],[19.7907,4.389],[19.7909,4.3888]]]},"properties":{"pcode":"CD4306ZS01","iso3":"COD","name":"Bili"},"id":"512"},
{"type":"Feature","geometry":{"type":"MultiPolygon","coordinates":[[[[19.7909,4.3888],[19.7907,4.389],[19.7907,4.3888],[19.7909,4.3888]]],[[[19.3195,4.6618],[19.3798,4.6251],[19.4585,4.6775],[19.5185,4.5873],[19.2681,4.0733],[19.418,3.8963],[19.5118,4.06],[19.8119,4.0833],[19.919,4.0577],[20.0348,4.0641],[20.3614,3.9654],[20.4049,4.6771],[20.1001,4.9023],[20.2428,4.6036],[20.2053,4.408],[20.0222,4.3492],[19.9141,4.3494],[19.8837,4.417],[19.7909,4.3888],[19.766,4.3876],[19.7466,4.4023],[19.8638,4.5799],[19.8592,4.7259],[19.458,4.7678],[19.3651,4.7066],[19.3646,4.7063],[19.3552,4.6861],[19.3195,4.6618]]]]},"properties":{"pcode":"CD4306ZS02","iso3":"COD","name":"Bosobolo"},"id":"513"},
{"type":"Feature","geometry":{"type":"Polygon","coordinates":[[[19.8245,1.8502],[19.9167,1.9331],[20.4339,1.9563],[20.9025,1.98],[20.9044,2.199],[20.8345,2.3903],[20.7149,2.3141],[20.6559,2.3623],[20.5098,2.3387],[20.3982,2.4289],[20.3831,2.4235],[20.258,2.4116],[20.0976,2.3369],[20.0607,2.2527],[19.9051,2.0069],[19.8245,1.8502]]]},"properties":{"pcode":"CD4402ZS01","iso3":"COD","name":"Binga"},"id":"514"},
{"type":"Feature","geometry":{"type":"Polygon","coordinates":[[[20.8881,2.531],[20.9414,2.4666],[21.1767,2.5747],[21.4562,2.5242],[21.7172,2.4837],[21.6546,2.6785],[21.7247,2.8195],[21.647,2.9205],[21.4712,2.9478],[21.1702,3.1632],[21.1446,2.9225],[20.8121,3.2297],[20.7353,3.1901],[20.7334,3.1882],[20.713,3.0801],[20.7346,2.8828],[20.9091,2.6067],[20.8881,2.531]]]},"properties":{"pcode":"CD4402ZS02","iso3":"COD","name":"Boso Manzi"},"id":"515"},
{"type":"Feature","geometry":{"type":"Polygon","coordinates":[[[20.3982,2.4289],[20.5098,2.3387],[20.6559,2.3623],[20.7149,2.3141],[20.8345,2.3903],[20.9044,2.199],[20.9025,1.98],[21.2048,1.9578],[21.4984,2.1073],[21.8064,2.1804],[21.7172,2.4408],[21.7172,2.4837],[21.4562,2.5242],[21.1767,2.5747],[20.9414,2.4666],[20.8881,2.531],[20.7743,2.416],[20.5667,2.4208],[20.3982,2.4289]]]},"properties":{"pcode":"CD4402ZS03","iso3":"COD","name":"Lisala"},"id":"516"},
{"type":"Feature","geometry":{"type":"Polygon","coordinates":[[[22.9182,2.3994],[22.9167,2.4015],[22.83,2.4544],[22.6921,2.3634],[22.5068,2.4137],[22.4759,2.3856],[22.5504,2.2661],[22.491,2.1327],[22.681,2.0499],[22.8483,2.0465],[22.8367,2.2395],[22.9182,2.3994]]]},"properties":{"pcode":"CD4404ZS01","iso3":"COD","name":"Bumba"},"id":"517"},
{"type":"Feature","geometry":{"type":"Polygon","coordinates":[[[22.8483,2.0465],[23.021,2.219],[23.1881,2.093],[23.3126,2.0898],[23.3291,2.2821],[23.4849,2.1851],[23.5798,2.1932],[23.5726,2.3962],[23.3739,2.5451],[23.2939,2.4502],[23.106,2.5625],[23.1085,2.5598],[23.098,2.4918],[22.9182,2.3994],[22.8367,2.2395],[22.8483,2.0465]]]},"properties":{"pcode":"CD4404ZS02","iso3":"COD","name":"Lolo"},"id":"518"},
{"type":"Feature","geometry":{"type":"Polygon","coordinates":[[[21.8064,2.1804],[22.1344,2.2156],[22.3546,2.1619],[22.491,2.1327],[22.5504,2.2661],[22.4759,2.3856],[22.5068,2.4137],[22.465,2.4589],[22.515,2.6159],[22.4936,2.6755],[22.2003,2.7549],[21.7172,2.4408],[21.8064,2.1804]]]},"properties":{"pcode":"CD4404ZS03","iso3":"COD","name":"Yamaluka"},"id":"519"},
{"type":"Feature","geometry":{"type":"Polygon","coordinates":[[[22.1166,2.9444],[21.947,2.8963],[21.647,2.9205],[21.7247,2.8195],[21.6546,2.6785],[21.7172,2.4837],[21.7172,2.4408],[22.2003,2.7549],[22.4936,2.6755],[22.515,2.6159],[22.5744,2.7101],[22.7939,2.7359],[22.9404,2.6819],[22.885,2.7947],[22.9486,2.7745],[23.0598,3.0334],[22.924,3.0807],[22.8279,3.0189],[22.7817,3.0852],[22.5775,3.1609],[22.6061,3.2229],[22.6529,3.2926],[22.6161,3.3334],[22.4866,2.9786],[22.3548,3.0319],[22.1166,2.9444]]]},"properties":{"pcode":"CD4404ZS04","iso3":"COD","name":"Yambuku"},"id":"520"},
{"type":"Feature","geometry":{"type":"Polygon","coordinates":[[[22.9182,2.3994],[23.098,2.4918],[23.1085,2.5598],[23.106,2.5625],[22.9587,2.6628],[22.9404,2.6819],[22.7939,2.7359],[22.5744,2.7101],[22.515,2.6159],[22.465,2.4589],[22.5068,2.4137],[22.6921,2.3634],[22.83,2.4544],[22.9167,2.4015],[22.9182,2.3994]]]},"properties":{"pcode":"CD4404ZS05","iso3":"COD","name":"Yamongili"},"id":"521"},
{"type":"Feature","geometry":{"type":"Polygon","coordinates":[[[20.6908,1.1825],[21.0054,1.1911],[21.0109,0.958],[21.6338,0.7256],[21.6598,0.8863],[21.7957,0.8582],[21.9673,0.9512],[22.1059,0.9281],[21.8632,1.3322],[21.8729,1.6115],[21.6431,1.6749],[20.683,1.5919],[20.6374,1.4169],[20.7139,1.2693],[20.6908,1.1825]]]},"properties":{"pcode":"CD4405ZS01","iso3":"COD","name":"Bongandanga"},"id":"522"},
{"type":"Feature","geometry":{"type":"Polygon","coordinates":[[[19.2129,1.3499],[19.4467,1.458],[19.7059,1.6288],[19.8441,1.6514],[20.1906,1.7489],[20.3967,1.6687],[20.4339,1.9563],[19.9167,1.9331],[19.8245,1.8502],[19.4767,1.7791],[19.2624,1.67],[19.2106,1.5936],[19.2129,1.3499]]]},"properties":{"pcode":"CD4405ZS02","iso3":"COD","name":"Boso Mondanda"},"id":"523"},
{"type":"Feature","geometry":{"type":"Polygon","coordinates":[[[21.4984,2.1073],[21.6252,1.955],[21.6538,1.8875],[21.8542,1.8192],[21.9384,1.7201],[22.2507,1.7433],[22.3725,1.7107],[22.3577,1.7843],[22.4913,1.9239],[22.3682,2.0644],[22.3546,2.1619],[22.1344,2.2156],[21.8064,2.1804],[21.4984,2.1073]]]},"properties":{"pcode":"CD4405ZS03","iso3":"COD","name":"Bosondjo"},"id":"524"},
{"type":"Feature","geometry":{"type":"Polygon","coordinates":[[[20.683,1.5919],[21.6431,1.6749],[21.8729,1.6115],[21.8758,1.7013],[21.9384,1.7201],[21.8542,1.8192],[21.6538,1.8875],[21.6252,1.955],[21.4984,2.1073],[21.2048,1.9578],[20.9025,1.98],[20.4339,1.9563],[20.3967,1.6687],[20.6891,1.7084],[20.683,1.5919]]]},"properties":{"pcode":"CD4405ZS04","iso3":"COD","name":"Pimu"},"id":"525"},
{"type":"Feature","geometry":{"type":"Polygon","coordinates":[[[19.9018,-0.2872],[20.1056,-0.4224],[20.173,-0.5969],[20.2863,-0.6679],[20.2936,-0.6687],[20.7529,-0.9525],[20.9072,-0.722],[20.8713,-0.6308],[20.9183,-0.5312],[21.196,-0.3073],[21.3677,-0.2934],[21.5606,-0.1401],[21.6489,0.0853],[21.4155,0.0868],[21.3066,0.0746],[21.1294,0.2326],[20.8146,-0.0365],[20.6282,-0.0369],[20.3736,-0.2602],[20.2091,-0.2169],[20.1392,-0.2373],[20.1511,-0.2791],[19.9826,-0.1975],[19.9018,-0.2872]]]},"properties":{"pcode":"CD4502ZS01","iso3":"COD","name":"Boende"},"id":"526"},
{"type":"Feature","geometry":{"type":"Polygon","coordinates":[[[20.7529,-0.9525],[20.9758,-0.9713],[21.4265,-1.2005],[21.565,-1.1698],[21.7234,-1.0062],[21.6468,-0.986],[21.5902,-0.8736],[21.8217,-0.806],[21.9461,-0.6907],[21.8626,-0.528],[21.599,-0.3749],[21.3738,-0.3546],[21.3677,-0.2934],[21.196,-0.3073],[20.9183,-0.5312],[20.8713,-0.6308],[20.9072,-0.722],[20.7529,-0.9525]]]},"properties":{"pcode":"CD4502ZS02","iso3":"COD","name":"Wema"},"id":"527"},
{"type":"Feature","geometry":{"type":"Polygon","coordinates":[[[20.2949,0.3752],[20.5747,0.1381],[20.4681,0.0093],[20.6282,-0.0369],[20.8146,-0.0365],[21.1294,0.2326],[21.3066,0.0746],[21.4155,0.0868],[21.4879,0.6495],[21.5644,0.6586],[21.6338,0.7256],[21.0109,0.958],[21.0054,1.1911],[20.6908,1.1825],[20.5558,1.2358],[20.4511,1.0746],[20.3999,0.8586],[20.4286,0.6674],[20.2949,0.3752]]]},"properties":{"pcode":"CD4503ZS01","iso3":"COD","name":"Befale"},"id":"528"},
{"type":"Feature","geometry":{"type":"Polygon","coordinates":[[[21.6489,0.0853],[21.9487,0.0042],[22.1775,0.0803],[22.2734,0.2763],[22.1617,0.5431],[22.0708,0.5567],[21.5652,0.655],[21.5644,0.6586],[21.4879,0.6495],[21.4155,0.0868],[21.6489,0.0853]]]},"properties":{"pcode":"CD4503ZS02","iso3":"COD","name":"Mompono"},"id":"529"},
{"type":"Feature","geometry":{"type":"Polygon","coordinates":[[[22.1775,0.0803],[22.3397,0.1145],[22.652,-0.041],[22.6783,-0.1386],[22.7985,-0.2073],[22.9436,-0.4035],[22.9853,-0.3544],[23.0848,-0.2772],[23.2758,-0.2953],[23.3566,-0.1877],[23.0936,0.0531],[22.9413,0.3079],[22.9467,0.5684],[22.8462,0.6989],[22.8256,0.9765],[22.7593,1.0987],[22.7589,1.0994],[22.6531,1.0083],[22.6138,1.0563],[22.3972,1.0804],[22.4151,0.9697],[22.2541,0.9107],[22.3871,0.7205],[22.0744,0.63],[22.0708,0.5567],[22.1617,0.5431],[22.2734,0.2763],[22.1775,0.0803]]]},"properties":{"pcode":"CD4504ZS01","iso3":"COD","name":"Djolu"},"id":"530"},
{"type":"Feature","geometry":{"type":"Polygon","coordinates":[[[21.6338,0.7256],[21.5644,0.6586],[21.5652,0.655],[22.0708,0.5567],[22.0744,0.63],[22.3871,0.7205],[22.2541,0.9107],[22.4151,0.9697],[22.3972,1.0804],[22.6138,1.0563],[22.6531,1.0083],[22.7589,1.0994],[22.5571,1.4286],[22.2513,1.512],[22.2849,1.6719],[22.3725,1.7107],[22.2507,1.7433],[21.9384,1.7201],[21.8758,1.7013],[21.8729,1.6115],[21.8632,1.3322],[22.1059,0.9281],[21.9673,0.9512],[21.7957,0.8582],[21.6598,0.8863],[21.6338,0.7256]]]},"properties":{"pcode":"CD4504ZS02","iso3":"COD","name":"Lingomo"},"id":"531"},
{"type":"Feature","geometry":{"type":"Polygon","coordinates":[[[24.4441,-1.7154],[24.36,-1.3248],[24.072,-1.3075],[23.9345,-1.3788],[23.8001,-1.1881],[23.6511,-1.1491],[23.6387,-1.0107],[23.5097,-0.9858],[23.2907,-0.7864],[23.2886,-0.7854],[23.0777,-0.9276],[23.1749,-1.0257],[23.1881,-1.1598],[22.9902,-1.0915],[22.8015,-1.2252],[22.7878,-1.2975],[22.8758,-1.3777],[22.9776,-1.3419],[23.0387,-1.4197],[22.5897,-1.7508],[22.6094,-1.7764],[22.8686,-1.885],[23.1468,-1.9449],[23.2725,-2.0775],[23.2744,-2.0797],[23.424,-1.9975],[23.5856,-1.9905],[23.5625,-1.7933],[23.6782,-1.8216],[23.9991,-1.7031],[24.4441,-1.7154]]]},"properties":{"pcode":"CD4505ZS01","iso3":"COD","name":"Ikela"},"id":"532"},
{"type":"Feature","geometry":{"type":"Polygon","coordinates":[[[22.3397,0.1145],[22.3435,0.1006],[22.583,-0.4033],[22.5311,-0.7016],[22.7055,-0.8231],[22.6715,-0.9039],[22.7016,-1.2346],[22.7538,-1.3389],[22.7878,-1.2975],[22.8015,-1.2252],[22.9902,-1.0915],[23.1881,-1.1598],[23.1749,-1.0257],[23.0777,-0.9276],[23.2886,-0.7854],[23.257,-0.7512],[23.3132,-0.7566],[23.3365,-0.6881],[23.5344,-0.6128],[23.4114,-0.4092],[23.101,-0.5595],[23.1352,-0.412],[22.9436,-0.4035],[22.7985,-0.2073],[22.6783,-0.1386],[22.652,-0.041],[22.3397,0.1145]]]},"properties":{"pcode":"CD4505ZS02","iso3":"COD","name":"Mondombe"},"id":"533"},
{"type":"Feature","geometry":{"type":"Polygon","coordinates":[[[21.3677,-0.2934],[21.3738,-0.3546],[21.599,-0.3749],[21.8626,-0.528],[22.0035,-0.5534],[22.2782,-0.6323],[22.2824,-0.6847],[22.3422,-0.6956],[22.6715,-0.9039],[22.7055,-0.8231],[22.5311,-0.7016],[22.583,-0.4033],[22.3435,0.1006],[22.3397,0.1145],[22.1775,0.0803],[21.9487,0.0042],[21.6489,0.0853],[21.5606,-0.1401],[21.3677,-0.2934]]]},"properties":{"pcode":"CD4506ZS01","iso3":"COD","name":"Bokungu"},"id":"534"},
{"type":"Feature","geometry":{"type":"Polygon","coordinates":[[[21.7234,-1.0062],[21.8246,-1.061],[21.7617,-1.212],[21.8674,-1.3016],[21.9581,-1.5116],[22.0312,-1.251],[22.3065,-1.1233],[22.1942,-0.9608],[22.2824,-0.6847],[22.2782,-0.6323],[22.0035,-0.5534],[21.8626,-0.528],[21.9461,-0.6907],[21.8217,-0.806],[21.5902,-0.8736],[21.6468,-0.986],[21.7234,-1.0062]]]},"properties":{"pcode":"CD4506ZS02","iso3":"COD","name":"Bosanga"},"id":"535"},
{"type":"Feature","geometry":{"type":"Polygon","coordinates":[[[22.7878,-1.2975],[22.7538,-1.3389],[22.7016,-1.2346],[22.6715,-0.9039],[22.3422,-0.6956],[22.2824,-0.6847],[22.1942,-0.9608],[22.3065,-1.1233],[22.0312,-1.251],[21.9581,-1.5116],[22.1955,-1.8108],[22.4929,-1.9169],[22.5897,-1.7508],[23.0387,-1.4197],[22.9776,-1.3419],[22.8758,-1.3777],[22.7878,-1.2975]]]},"properties":{"pcode":"CD4506ZS03","iso3":"COD","name":"Yalifafo"},"id":"536"},
{"type":"Feature","geometry":{"type":"Polygon","coordinates":[[[19.9276,-1.8973],[20.1339,-1.9165],[20.3977,-2.1195],[20.6574,-1.9605],[21.0117,-2.3837],[21.0163,-2.4944],[21.4432,-2.4976],[21.4099,-2.3097],[21.5729,-2.4016],[21.8311,-2.5306],[22.0612,-2.3008],[22.1487,-2.4487],[22.2234,-2.4069],[22.1336,-1.8773],[22.1955,-1.8108],[21.9581,-1.5116],[21.8674,-1.3016],[21.7617,-1.212],[21.8246,-1.061],[21.7234,-1.0062],[21.565,-1.1698],[21.4265,-1.2005],[20.9758,-0.9713],[20.7529,-0.9525],[20.2936,-0.6687],[20.2863,-0.6679],[20.1431,-0.9523],[20.1568,-1.0184],[20.0852,-1.0617],[19.8463,-1.1666],[19.7171,-1.167],[19.6906,-1.002],[19.6119,-0.9888],[19.6186,-1.1045],[19.4568,-1.3751],[19.4681,-1.5174],[19.5025,-1.7743],[19.6342,-1.7775],[19.7322,-1.5784],[19.8396,-1.6634],[19.9276,-1.8973]]]},"properties":{"pcode":"CD4507ZS01","iso3":"COD","name":"Monkoto"},"id":"537"},
{"type":"Feature","geometry":{"type":"Polygon","coordinates":[[[25.519,0.6983],[25.4317,0.7122],[25.3878,0.7051],[25.295,0.571],[25.4331,0.5659],[25.519,0.6983]]]},"properties":{"pcode":"CD5101ZS01","iso3":"COD","name":"Kabondo"},"id":"538"},
{"type":"Feature","geometry":{"type":"Polygon","coordinates":[[[25.3567,0.3725],[24.9947,0.5465],[24.9892,0.5509],[24.8733,0.5403],[24.8643,0.4891],[24.9943,0.4209],[25.0205,0.1238],[25.1878,0.4081],[25.3078,0.3004],[25.4256,0.332],[25.3567,0.3725]]]},"properties":{"pcode":"CD5101ZS02","iso3":"COD","name":"Lubunga"},"id":"539"},
{"type":"Feature","geometry":{"type":"Polygon","coordinates":[[[25.295,0.571],[25.2751,0.5968],[25.171,0.588],[25.0438,0.5857],[24.9892,0.5509],[24.9947,0.5465],[25.3567,0.3725],[25.3223,0.4558],[25.4331,0.5659],[25.295,0.571]]]},"properties":{"pcode":"CD5101ZS03","iso3":"COD","name":"Makiso-Kisangani"},"id":"540"},
{"type":"Feature","geometry":{"type":"Polygon","coordinates":[[[25.171,0.588],[25.1613,0.6394],[25.1596,0.6478],[25.0073,0.6279],[25.0438,0.5857],[25.171,0.588]]]},"properties":{"pcode":"CD5101ZS04","iso3":"COD","name":"Mangobo"},"id":"541"},
{"type":"Feature","geometry":{"type":"Polygon","coordinates":[[[25.3878,0.7051],[25.3712,0.8475],[25.3593,0.9633],[25.2279,0.6878],[25.1596,0.6478],[25.1613,0.6394],[25.171,0.588],[25.2751,0.5968],[25.295,0.571],[25.3878,0.7051]]]},"properties":{"pcode":"CD5101ZS05","iso3":"COD","name":"Tshopo"},"id":"542"},
{"type":"Feature","geometry":{"type":"Polygon","coordinates":[[[26.2473,-0.8858],[26.271,-0.4964],[26.2238,-0.4625],[25.9652,-0.5532],[25.9495,-0.6344],[25.8844,-0.6493],[25.8347,-0.6118],[25.7509,-0.6555],[25.6491,-0.5651],[25.6359,-0.6668],[25.5196,-0.7254],[25.3773,-0.8082],[25.2973,-0.7337],[25.146,-0.8295],[25.1475,-1.3528],[25.0081,-1.4348],[25.0482,-1.5319],[25.0245,-1.9686],[25.1972,-1.983],[25.176,-2.0777],[25.2402,-2.1119],[25.4227,-2.0547],[25.7134,-1.8246],[25.8435,-1.8329],[25.8521,-1.766],[25.8611,-1.4116],[25.9994,-1.5007],[26.0821,-1.2815],[26.0803,-1.1553],[26.1411,-1.1329],[26.083,-1.0907],[26.0737,-0.9625],[26.2473,-0.8858]]]},"properties":{"pcode":"CD5102ZS01","iso3":"COD","name":"Lowa"},"id":"543"},
{"type":"Feature","geometry":{"type":"Polygon","coordinates":[[[25.0205,0.1238],[24.7711,-0.3276],[24.3706,-0.29],[24.649,-0.8144],[25.0658,-1.1734],[25.1475,-1.3528],[25.146,-0.8295],[25.2973,-0.7337],[25.3773,-0.8082],[25.5196,-0.7254],[25.4699,-0.4668],[25.5387,-0.4403],[25.4835,-0.3749],[25.6015,-0.1175],[25.5364,0.249],[25.4554,0.3539],[25.4256,0.332],[25.3078,0.3004],[25.1878,0.4081],[25.0205,0.1238]]]},"properties":{"pcode":"CD5102ZS02","iso3":"COD","name":"Ubundu"},"id":"544"},
{"type":"Feature","geometry":{"type":"Polygon","coordinates":[[[25.4331,0.5659],[25.3223,0.4558],[25.3567,0.3725],[25.4256,0.332],[25.4554,0.3539],[25.5364,0.249],[25.6015,-0.1175],[25.4835,-0.3749],[25.5387,-0.4403],[25.4699,-0.4668],[25.5196,-0.7254],[25.6359,-0.6668],[25.6491,-0.5651],[25.7509,-0.6555],[25.8347,-0.6118],[25.8844,-0.6493],[25.9495,-0.6344],[25.9652,-0.5532],[26.2238,-0.4625],[26.1092,-0.3727],[26.1709,-0.2841],[26.0651,-0.1612],[26.0672,-0.035],[26.3013,-0.1921],[26.4574,-0.3819],[26.6148,-0.3521],[26.6033,-0.235],[26.7305,-0.1179],[26.7578,0.1688],[26.5745,0.0379],[26.4335,0.2249],[26.398,0.1966],[26.2475,0.284],[26.2648,0.3799],[26.1382,0.3812],[26.0809,0.4433],[26.1281,0.4639],[26.1317,0.591],[26.147,0.7168],[26.0448,0.7247],[26.0901,0.7446],[26.0395,0.7657],[26.0246,0.8768],[25.9816,0.9215],[25.7944,0.7878],[25.5723,0.7239],[25.5555,0.6695],[25.519,0.6983],[25.4331,0.5659]]]},"properties":{"pcode":"CD5102ZS03","iso3":"COD","name":"Wanierukula"},"id":"545"},
{"type":"Feature","geometry":{"type":"Polygon","coordinates":[[[24.4441,-1.7154],[24.5984,-1.9809],[25.0245,-1.9686],[25.0482,-1.5319],[25.0081,-1.4348],[24.9582,-1.2483],[24.8675,-1.2069],[24.8173,-1.1041],[24.7753,-1.1327],[24.7455,-1.0223],[24.4563,-0.7856],[24.455,-0.6674],[24.3801,-0.6148],[24.433,-0.5822],[24.3251,-0.5966],[24.3587,-0.4824],[24.2991,-0.5058],[24.284,-0.4267],[24.3348,-0.3826],[24.2388,-0.36],[24.2888,-0.3058],[24.2244,-0.2738],[24.1715,-0.1209],[24.022,-0.1772],[24.0478,-0.2563],[23.8295,-0.2883],[23.6883,-0.3896],[23.4114,-0.4092],[23.5344,-0.6128],[23.3365,-0.6881],[23.3132,-0.7566],[23.257,-0.7512],[23.2886,-0.7854],[23.2907,-0.7864],[23.5097,-0.9858],[23.6387,-1.0107],[23.6511,-1.1491],[23.8001,-1.1881],[23.9345,-1.3788],[24.072,-1.3075],[24.36,-1.3248],[24.4441,-1.7154]]]},"properties":{"pcode":"CD5103ZS01","iso3":"COD","name":"Opala"},"id":"546"},
{"type":"Feature","geometry":{"type":"Polygon","coordinates":[[[24.8643,0.4891],[24.7296,0.5533],[24.5432,0.346],[24.4964,0.3608],[24.6238,0.4539],[24.6066,0.5397],[24.4575,0.4791],[24.4143,0.2998],[24.3411,0.3821],[24.3339,0.3388],[24.3049,0.1735],[24.2573,0.191],[24.1696,0.1049],[24.2728,-0.041],[24.1715,-0.1209],[24.2244,-0.2738],[24.2888,-0.3058],[24.2388,-0.36],[24.3348,-0.3826],[24.284,-0.4267],[24.2991,-0.5058],[24.3587,-0.4824],[24.3251,-0.5966],[24.433,-0.5822],[24.3801,-0.6148],[24.455,-0.6674],[24.4563,-0.7856],[24.7455,-1.0223],[24.7753,-1.1327],[24.8173,-1.1041],[24.8675,-1.2069],[24.9582,-1.2483],[25.0081,-1.4348],[25.1475,-1.3528],[25.0658,-1.1734],[24.649,-0.8144],[24.3706,-0.29],[24.7711,-0.3276],[25.0205,0.1238],[24.9943,0.4209],[24.8643,0.4891]]]},"properties":{"pcode":"CD5103ZS02","iso3":"COD","name":"Yaleko"},"id":"547"},
{"type":"Feature","geometry":{"type":"Polygon","coordinates":[[[24.2078,0.6443],[24.5209,0.7139],[24.7033,1.0358],[24.7247,1.0716],[24.3022,1.0898],[24.1242,0.9716],[24.1066,0.8789],[24.2391,0.7655],[24.1572,0.6787],[24.2078,0.6443]]]},"properties":{"pcode":"CD5105ZS01","iso3":"COD","name":"Isangi"},"id":"548"},
{"type":"Feature","geometry":{"type":"Polygon","coordinates":[[[24.3339,0.3388],[24.2972,0.4503],[24.1841,0.5175],[24.2078,0.6443],[24.1572,0.6787],[24.2391,0.7655],[24.1066,0.8789],[24.1242,0.9716],[24.017,1.0056],[23.7101,1.1036],[23.7059,1.0904],[23.7586,0.9949],[23.7361,0.9548],[23.6937,0.9904],[23.6303,0.7394],[23.7928,0.6279],[23.7712,0.2951],[23.7718,0.2947],[24.0434,0.1949],[24.1689,0.2665],[24.2573,0.191],[24.3049,0.1735],[24.3339,0.3388]]]},"properties":{"pcode":"CD5105ZS02","iso3":"COD","name":"Yabaondo"},"id":"549"},
{"type":"Feature","geometry":{"type":"Polygon","coordinates":[[[24.1715,-0.1209],[24.2728,-0.041],[24.1696,0.1049],[24.2573,0.191],[24.1689,0.2665],[24.0434,0.1949],[23.7718,0.2947],[23.7712,0.2951],[23.5762,-0.0437],[23.7229,-0.0226],[23.673,-0.1431],[23.7544,-0.2015],[23.662,-0.2587],[23.7212,-0.2659],[23.6883,-0.3896],[23.8295,-0.2883],[24.0478,-0.2563],[24.022,-0.1772],[24.1715,-0.1209]]]},"properties":{"pcode":"CD5105ZS03","iso3":"COD","name":"Yahisuli"},"id":"550"},
{"type":"Feature","geometry":{"type":"Polygon","coordinates":[[[24.9892,0.5509],[25.0438,0.5857],[25.0073,0.6279],[24.8987,0.983],[24.9006,1.0638],[24.7247,1.0716],[24.7033,1.0358],[24.5209,0.7139],[24.2078,0.6443],[24.1841,0.5175],[24.2972,0.4503],[24.3339,0.3388],[24.3411,0.3821],[24.4143,0.2998],[24.4575,0.4791],[24.6066,0.5397],[24.6238,0.4539],[24.4964,0.3608],[24.5432,0.346],[24.7296,0.5533],[24.8643,0.4891],[24.8733,0.5403],[24.9892,0.5509]]]},"properties":{"pcode":"CD5105ZS04","iso3":"COD","name":"Yakusu"},"id":"551"},
{"type":"Feature","geometry":{"type":"Polygon","coordinates":[[[22.491,2.1327],[22.3546,2.1619],[22.3682,2.0644],[22.4913,1.9239],[22.3577,1.7843],[22.3725,1.7107],[22.2849,1.6719],[22.2513,1.512],[22.5571,1.4286],[22.7589,1.0994],[22.7593,1.0987],[22.8256,0.9765],[22.8462,0.6989],[22.9467,0.5684],[22.9413,0.3079],[23.0936,0.0531],[23.3566,-0.1877],[23.2758,-0.2953],[23.0848,-0.2772],[22.9853,-0.3544],[22.9436,-0.4035],[23.1352,-0.412],[23.101,-0.5595],[23.4114,-0.4092],[23.6883,-0.3896],[23.7212,-0.2659],[23.662,-0.2587],[23.7544,-0.2015],[23.673,-0.1431],[23.7229,-0.0226],[23.5762,-0.0437],[23.7712,0.2951],[23.7928,0.6279],[23.6303,0.7394],[23.6937,0.9904],[23.7361,0.9548],[23.7586,0.9949],[23.7059,1.0904],[23.6738,1.0429],[23.5369,1.0795],[23.4387,1.271],[23.3262,1.3437],[23.2158,1.3098],[23.1277,1.5105],[23.1841,1.6043],[23.0565,1.8084],[22.7318,1.9598],[22.681,2.0499],[22.491,2.1327]]]},"properties":{"pcode":"CD5107ZS01","iso3":"COD","name":"Yahuma"},"id":"552"},
{"type":"Feature","geometry":{"type":"Polygon","coordinates":[[[24.3022,1.0898],[24.4403,1.3169],[24.4103,1.3527],[24.7015,1.7348],[25.1639,1.8958],[25.1576,2.192],[25.112,2.2111],[24.8784,2.2653],[24.8668,2.2826],[24.3648,2.2397],[24.3104,2.2809],[24.0581,2.1968],[24.0581,2.1954],[24.0592,2.1951],[24.1799,2.1485],[23.8936,1.732],[23.9353,1.6644],[23.8558,1.6045],[23.9259,1.5992],[23.8195,1.2966],[23.8384,1.2233],[23.9213,1.245],[23.9966,1.1919],[24.017,1.0056],[24.1242,0.9716],[24.3022,1.0898]]]},"properties":{"pcode":"CD5109ZS01","iso3":"COD","name":"Basali"},"id":"553"},
{"type":"Feature","geometry":{"type":"Polygon","coordinates":[[[24.017,1.0056],[23.9966,1.1919],[23.9213,1.245],[23.8384,1.2233],[23.8195,1.2966],[23.9259,1.5992],[23.8558,1.6045],[23.7475,1.3749],[23.6402,1.2936],[23.6108,1.3361],[23.4387,1.271],[23.5369,1.0795],[23.6738,1.0429],[23.7059,1.0904],[23.7101,1.1036],[24.017,1.0056]]]},"properties":{"pcode":"CD5109ZS02","iso3":"COD","name":"Basoko"},"id":"554"},
{"type":"Feature","geometry":{"type":"Polygon","coordinates":[[[22.681,2.0499],[22.7318,1.9598],[23.0565,1.8084],[23.1841,1.6043],[23.1277,1.5105],[23.2158,1.3098],[23.3262,1.3437],[23.4387,1.271],[23.6108,1.3361],[23.6402,1.2936],[23.7475,1.3749],[23.8558,1.6045],[23.9353,1.6644],[23.8936,1.732],[24.1799,2.1485],[24.0592,2.1951],[24.0858,2.1542],[23.9464,2.0757],[23.6007,2.2052],[23.5726,2.3962],[23.5798,2.1932],[23.4849,2.1851],[23.3291,2.2821],[23.3126,2.0898],[23.1881,2.093],[23.021,2.219],[22.8483,2.0465],[22.681,2.0499]]]},"properties":{"pcode":"CD5109ZS03","iso3":"COD","name":"Yalimbongo"},"id":"555"},
{"type":"Feature","geometry":{"type":"Polygon","coordinates":[[[24.4403,1.3169],[24.5656,1.2734],[24.8372,1.3693],[24.9325,1.4744],[25.1086,1.4631],[25.3517,1.454],[25.5173,1.2936],[25.55,1.0493],[25.9858,1.0209],[25.8235,1.1126],[25.7801,1.3328],[25.7919,1.461],[25.8515,1.5009],[26.0135,1.4395],[26.3871,1.6414],[26.4515,1.6269],[26.6262,1.9666],[26.5647,2.0001],[26.5764,2.0521],[26.4956,2.0512],[26.4753,2.1156],[26.3561,2.0685],[26.317,2.3644],[26.3168,2.3644],[25.9906,2.2702],[25.9583,2.203],[25.8941,2.2555],[25.807,2.2783],[25.7406,2.2267],[25.5276,2.1738],[25.2115,2.3082],[25.112,2.2111],[25.1576,2.192],[25.1639,1.8958],[24.7015,1.7348],[24.4103,1.3527],[24.4403,1.3169]]]},"properties":{"pcode":"CD5110ZS01","iso3":"COD","name":"Banalia"},"id":"556"},
{"type":"Feature","geometry":{"type":"Polygon","coordinates":[[[25.1596,0.6478],[25.2279,0.6878],[25.3593,0.9633],[25.4409,1.0612],[25.55,1.0493],[25.5173,1.2936],[25.3517,1.454],[25.1086,1.4631],[24.9325,1.4744],[24.8372,1.3693],[24.5656,1.2734],[24.4403,1.3169],[24.3022,1.0898],[24.7247,1.0716],[24.9006,1.0638],[24.8987,0.983],[25.0073,0.6279],[25.1596,0.6478]]]},"properties":{"pcode":"CD5110ZS02","iso3":"COD","name":"Bengamisa"},"id":"557"},
{"type":"Feature","geometry":{"type":"Polygon","coordinates":[[[25.7801,1.3328],[25.8892,1.3026],[25.8901,1.3418],[25.9902,1.3424],[26.1184,1.2467],[26.3657,1.3668],[26.6012,1.2678],[26.8875,1.2537],[27.0071,1.1683],[27.0359,1.3627],[26.9946,1.4606],[27.2691,1.4175],[27.2689,1.5875],[27.1948,1.6036],[27.2853,1.6326],[27.372,1.7902],[27.3499,1.876],[27.4099,1.8853],[27.3138,2.0365],[27.2288,2.0239],[27.2103,1.9113],[27.0441,1.9412],[26.9421,1.9981],[26.8818,2.17],[26.8008,2.1293],[26.7456,2.1932],[26.5764,2.0521],[26.5647,2.0001],[26.6262,1.9666],[26.4515,1.6269],[26.3871,1.6414],[26.0135,1.4395],[25.8515,1.5009],[25.7919,1.461],[25.7801,1.3328]]]},"properties":{"pcode":"CD5111ZS01","iso3":"COD","name":"Bafwagbogbo"},"id":"558"},
{"type":"Feature","geometry":{"type":"Polygon","coordinates":[[[25.519,0.6983],[25.5555,0.6695],[25.5723,0.7239],[25.7944,0.7878],[25.9816,0.9215],[26.0246,0.8768],[26.0395,0.7657],[26.0901,0.7446],[26.0448,0.7247],[26.147,0.7168],[26.1317,0.591],[26.2131,0.5448],[26.2247,0.6825],[26.1629,0.8072],[26.3187,0.8151],[26.5097,0.68],[26.568,0.4784],[27.2053,0.475],[27.4038,0.6237],[27.3768,0.7847],[27.466,0.925],[27.4349,0.9879],[27.7409,1.0684],[27.7827,1.3015],[27.5724,1.3399],[27.4471,1.5546],[27.3703,1.5832],[27.2689,1.5875],[27.2691,1.4175],[26.9946,1.4606],[27.0359,1.3627],[27.0071,1.1683],[26.8875,1.2537],[26.6012,1.2678],[26.3657,1.3668],[26.1184,1.2467],[25.9902,1.3424],[25.8901,1.3418],[25.8892,1.3026],[25.7801,1.3328],[25.8235,1.1126],[25.9858,1.0209],[25.55,1.0493],[25.4409,1.0612],[25.3593,0.9633],[25.3712,0.8475],[25.3878,0.7051],[25.4317,0.7122],[25.519,0.6983]]]},"properties":{"pcode":"CD5111ZS02","iso3":"COD","name":"Bafwasende"},"id":"559"},
{"type":"Feature","geometry":{"type":"Polygon","coordinates":[[[26.6148,-0.3521],[26.8409,-0.2593],[26.846,-0.2058],[27.0095,-0.274],[27.1358,-0.4237],[27.3004,-0.4527],[27.3587,-0.5158],[27.4882,-0.4907],[27.6605,-0.5954],[27.8411,-0.596],[27.9708,-0.5387],[27.9723,-0.5355],[27.9777,-0.5237],[27.942,-0.4065],[28.0094,-0.3169],[28.1532,-0.2655],[28.1276,-0.17],[28.0913,-0.0051],[28.154,0.1509],[28.0568,0.3179],[28.0268,0.4633],[27.7966,0.5298],[28.018,0.6362],[27.9345,0.749],[28.0008,0.9331],[27.8862,0.9314],[27.9334,1.0427],[27.7571,1.0734],[27.7409,1.0684],[27.4349,0.9879],[27.466,0.925],[27.3768,0.7847],[27.4038,0.6237],[27.2053,0.475],[26.568,0.4784],[26.5097,0.68],[26.3187,0.8151],[26.1629,0.8072],[26.2247,0.6825],[26.2131,0.5448],[26.1317,0.591],[26.1281,0.4639],[26.0809,0.4433],[26.1382,0.3812],[26.2648,0.3799],[26.2475,0.284],[26.398,0.1966],[26.4335,0.2249],[26.5745,0.0379],[26.7578,0.1688],[26.7305,-0.1179],[26.6033,-0.235],[26.6148,-0.3521]]]},"properties":{"pcode":"CD5111ZS03","iso3":"COD","name":"Opienge"},"id":"560"},
{"type":"Feature","geometry":{"type":"Polygon","coordinates":[[[25.112,2.2111],[25.2115,2.3082],[25.5276,2.1738],[25.7406,2.2267],[25.4711,2.5952],[25.5064,2.6841],[25.3983,2.9297],[25.2086,2.9577],[25.0094,2.8758],[25.0664,3.0385],[24.9134,3.2621],[24.9598,3.289],[24.9086,3.4703],[24.8012,3.5024],[24.5793,3.4634],[24.5967,3.4481],[24.6991,3.3515],[24.7191,3.1568],[24.6924,3.1913],[24.666,3.1334],[24.497,3.0732],[24.513,2.8141],[24.4428,2.7706],[24.4164,2.8423],[24.2052,2.8602],[24.1868,2.7133],[24.5423,2.6412],[24.8668,2.2826],[24.8784,2.2653],[25.112,2.2111]]]},"properties":{"pcode":"CD5202ZS01","iso3":"COD","name":"Buta"},"id":"561"},
{"type":"Feature","geometry":{"type":"Polygon","coordinates":[[[25.8941,2.2555],[25.7656,2.6517],[25.8093,2.7768],[25.7662,2.8449],[25.9211,2.9962],[25.8481,3.0451],[25.8878,3.1312],[25.8443,3.2133],[25.718,3.3562],[25.6921,3.2568],[25.5931,3.2628],[25.4115,3.376],[25.1897,3.3348],[25.1217,3.415],[25.0027,3.3937],[24.981,3.4536],[24.9086,3.4703],[24.9598,3.289],[24.9134,3.2621],[25.0664,3.0385],[25.0094,2.8758],[25.2086,2.9577],[25.3983,2.9297],[25.5064,2.6841],[25.4711,2.5952],[25.7406,2.2267],[25.807,2.2783],[25.8941,2.2555]]]},"properties":{"pcode":"CD5202ZS02","iso3":"COD","name":"Titule"},"id":"562"},
{"type":"Feature","geometry":{"type":"Polygon","coordinates":[[[23.5726,2.3962],[23.6007,2.2052],[23.9464,2.0757],[24.0858,2.1542],[24.0592,2.1951],[24.0581,2.1954],[24.0581,2.1968],[24.3104,2.2809],[24.3648,2.2397],[24.8668,2.2826],[24.5423,2.6412],[24.1868,2.7133],[24.2052,2.8602],[24.1249,2.8496],[24.1026,2.9741],[23.9257,3.0101],[23.8696,3.0907],[23.7857,3.0711],[23.4454,3.1736],[23.4681,3.2568],[23.4202,3.285],[23.0586,3.1873],[22.8222,3.0378],[22.7817,3.0852],[22.8279,3.0189],[22.924,3.0807],[23.0598,3.0334],[22.9486,2.7745],[22.885,2.7947],[22.9404,2.6819],[22.9587,2.6628],[23.106,2.5625],[23.2939,2.4502],[23.3739,2.5451],[23.5726,2.3962]]]},"properties":{"pcode":"CD5204ZS01","iso3":"COD","name":"Aketi"},"id":"563"},
{"type":"Feature","geometry":{"type":"Polygon","coordinates":[[[22.6161,3.3334],[22.6529,3.2926],[22.6061,3.2229],[22.5775,3.1609],[22.7817,3.0852],[22.8222,3.0378],[23.0586,3.1873],[23.4202,3.285],[23.4681,3.2568],[23.4454,3.1736],[23.7857,3.0711],[23.8696,3.0907],[23.9257,3.0101],[24.1026,2.9741],[24.1249,2.8496],[24.2052,2.8602],[24.4164,2.8423],[24.4428,2.7706],[24.513,2.8141],[24.497,3.0732],[24.666,3.1334],[24.6924,3.1913],[24.7191,3.1568],[24.6991,3.3515],[24.5967,3.4481],[24.5793,3.4634],[24.3608,3.5538],[24.2581,3.6669],[23.954,3.724],[23.8572,3.5901],[23.6406,3.5769],[23.5974,3.5091],[23.3682,3.5334],[23.2401,3.733],[23.2465,3.7713],[23.0237,3.5907],[22.8233,3.5349],[22.6161,3.3334]]]},"properties":{"pcode":"CD5204ZS02","iso3":"COD","name":"Likati"},"id":"564"},
{"type":"Feature","geometry":{"type":"Polygon","coordinates":[[[24.9086,3.4703],[24.981,3.4536],[25.0027,3.3937],[25.1217,3.415],[25.2562,3.5506],[25.3118,3.5818],[25.2908,3.6523],[25.3845,3.6549],[25.545,3.8641],[25.3905,3.9752],[25.4422,4.0754],[25.4063,4.2078],[25.3064,4.3099],[25.3196,4.4854],[25.1548,4.4349],[24.8595,4.6057],[24.6931,4.9211],[24.6141,5.03],[24.4674,5.1046],[24.4361,5.0594],[24.4082,5.1091],[24.3574,5.0599],[24.4112,5.0321],[24.2991,5.004],[24.2802,4.9392],[23.9723,4.8814],[23.959,4.8081],[23.8732,4.8211],[24.0187,4.4392],[23.6152,4.1355],[23.7152,4.059],[24.3543,4.0575],[24.2485,3.7948],[24.2581,3.6669],[24.3608,3.5538],[24.5793,3.4634],[24.8012,3.5024],[24.9086,3.4703]]]},"properties":{"pcode":"CD5206ZS01","iso3":"COD","name":"Bili"},"id":"565"},
{"type":"Feature","geometry":{"type":"Polygon","coordinates":[[[23.2465,3.7713],[23.2401,3.733],[23.3682,3.5334],[23.5974,3.5091],[23.6406,3.5769],[23.8572,3.5901],[23.954,3.724],[24.2581,3.6669],[24.2485,3.7948],[24.3543,4.0575],[23.7152,4.059],[23.6152,4.1355],[24.0187,4.4392],[23.8732,4.8211],[23.8342,4.8292],[23.4574,4.6695],[23.4072,4.6004],[23.5281,4.4121],[23.2863,4.1006],[23.2737,4.0424],[23.3823,4.0142],[23.3963,3.9187],[23.2893,3.9165],[23.2995,3.833],[23.5292,3.8185],[23.5306,3.7765],[23.4074,3.6884],[23.2465,3.7713]]]},"properties":{"pcode":"CD5206ZS02","iso3":"COD","name":"Bondo"},"id":"566"},
{"type":"Feature","geometry":{"type":"Polygon","coordinates":[[[23.2995,3.833],[23.2893,3.9165],[23.3963,3.9187],[23.3823,4.0142],[23.2737,4.0424],[23.2863,4.1006],[23.5281,4.4121],[23.4072,4.6004],[23.1883,4.7358],[23.1134,4.708],[22.9749,4.8469],[22.9068,4.8178],[22.8659,4.7078],[22.7834,4.7044],[22.6992,4.4716],[22.5993,4.4716],[22.6195,4.3505],[22.4453,4.1244],[22.6888,4.0867],[22.7204,4.0878],[22.8369,3.9875],[22.7822,3.8858],[22.8621,3.8472],[23.1516,3.8651],[23.2995,3.833]]]},"properties":{"pcode":"CD5206ZS03","iso3":"COD","name":"Monga"},"id":"567"},
{"type":"Feature","geometry":{"type":"Polygon","coordinates":[[[25.2562,3.5506],[25.3074,3.5044],[25.4134,3.5417],[25.5032,3.5063],[25.7091,3.6059],[25.8128,3.5308],[25.8563,3.6927],[26.0357,3.7353],[26.1382,3.6553],[26.1418,3.6541],[26.4041,3.7733],[26.6356,4.0236],[26.7282,4.0001],[26.8604,3.7543],[27.1371,3.8338],[27.1965,3.8234],[27.2546,3.8566],[27.1912,4.079],[27.2941,4.4622],[26.9601,4.51],[27.0279,4.6931],[26.9775,4.7848],[27.047,4.8383],[26.9293,5.0108],[26.9702,5.152],[26.8722,5.0338],[26.75,5.1034],[26.4881,5.0464],[26.1609,5.2586],[26.0679,5.194],[25.9852,5.2398],[25.964,5.1916],[25.8359,5.1867],[25.7925,5.2727],[25.7494,5.2368],[25.5551,5.3765],[25.3677,5.3157],[25.3181,5.0362],[25.1542,5.0283],[25.0885,4.9379],[24.9835,4.9931],[24.7415,4.9078],[24.6931,4.9211],[24.8595,4.6057],[25.1548,4.4349],[25.3196,4.4854],[25.3064,4.3099],[25.4063,4.2078],[25.4422,4.0754],[25.3905,3.9752],[25.545,3.8641],[25.3845,3.6549],[25.2908,3.6523],[25.3118,3.5818],[25.2562,3.5506]]]},"properties":{"pcode":"CD5207ZS01","iso3":"COD","name":"Ango"},"id":"568"},
{"type":"Feature","geometry":{"type":"Polygon","coordinates":[[[26.5764,2.0521],[26.7456,2.1932],[26.8008,2.1293],[26.8818,2.17],[26.9421,1.9981],[27.0441,1.9412],[27.0558,2.122],[27.1885,2.328],[27.1371,2.4067],[27.1442,2.5632],[26.8932,2.535],[27.1635,2.896],[27.1967,2.8719],[27.2152,3.1093],[27.0699,3.2321],[27.1291,3.3982],[27.0514,3.6327],[27.0963,3.7054],[27.1725,3.7055],[27.1371,3.8338],[26.8604,3.7543],[26.7282,4.0001],[26.6356,4.0236],[26.4041,3.7733],[26.1418,3.6541],[26.1527,3.5632],[26.393,3.4142],[26.3758,3.243],[26.4612,3.185],[26.4998,3.0005],[26.5554,2.9813],[26.4272,2.8568],[26.308,2.896],[26.198,2.8577],[26.2085,2.7342],[26.1283,2.7227],[26.1247,2.4694],[26.3168,2.3644],[26.317,2.3644],[26.3561,2.0685],[26.4753,2.1156],[26.4956,2.0512],[26.5764,2.0521]]]},"properties":{"pcode":"CD5208ZS01","iso3":"COD","name":"Poko"},"id":"569"},
{"type":"Feature","geometry":{"type":"Polygon","coordinates":[[[27.1371,3.8338],[27.1725,3.7055],[27.0963,3.7054],[27.0514,3.6327],[27.1291,3.3982],[27.0699,3.2321],[27.2152,3.1093],[27.1967,2.8719],[27.3732,2.7363],[27.6028,2.8545],[27.661,2.9129],[27.5459,2.9898],[27.6736,3.0133],[27.7057,3.0798],[27.6478,3.0779],[27.6578,3.3027],[27.4624,3.3065],[27.3329,3.2218],[27.2464,3.2775],[27.3741,3.5485],[27.3226,3.7946],[27.2546,3.8566],[27.1965,3.8234],[27.1371,3.8338]]]},"properties":{"pcode":"CD5208ZS02","iso3":"COD","name":"Viadana"},"id":"570"},
{"type":"Feature","geometry":{"type":"Polygon","coordinates":[[[26.3168,2.3644],[26.1247,2.4694],[26.1283,2.7227],[26.2085,2.7342],[26.198,2.8577],[26.308,2.896],[26.4272,2.8568],[26.5554,2.9813],[26.4998,3.0005],[26.4612,3.185],[26.3758,3.243],[26.393,3.4142],[26.1527,3.5632],[26.1418,3.6541],[26.1382,3.6553],[26.0357,3.7353],[25.8563,3.6927],[25.8128,3.5308],[25.7091,3.6059],[25.5032,3.5063],[25.4134,3.5417],[25.3074,3.5044],[25.2562,3.5506],[25.1217,3.415],[25.1897,3.3348],[25.4115,3.376],[25.5931,3.2628],[25.6921,3.2568],[25.718,3.3562],[25.8443,3.2133],[25.8878,3.1312],[25.8481,3.0451],[25.9211,2.9962],[25.7662,2.8449],[25.8093,2.7768],[25.7656,2.6517],[25.8941,2.2555],[25.9583,2.203],[25.9906,2.2702],[26.3168,2.3644]]]},"properties":{"pcode":"CD5209ZS01","iso3":"COD","name":"Ganga"},"id":"571"},
{"type":"Feature","geometry":{"type":"Polygon","coordinates":[[[27.3138,2.0365],[27.3482,2.0888],[27.4131,2.2209],[27.3808,2.2971],[27.5033,2.3514],[27.5088,2.4419],[27.6268,2.5975],[27.6618,2.5608],[27.7076,2.606],[27.6072,2.7069],[27.7074,2.7689],[27.6941,2.8485],[27.6028,2.8545],[27.3732,2.7363],[27.1967,2.8719],[27.1635,2.896],[26.8932,2.535],[27.1442,2.5632],[27.1371,2.4067],[27.1885,2.328],[27.0558,2.122],[27.0441,1.9412],[27.2103,1.9113],[27.2288,2.0239],[27.3138,2.0365]]]},"properties":{"pcode":"CD5302ZS01","iso3":"COD","name":"Isiro"},"id":"572"},
{"type":"Feature","geometry":{"type":"Polygon","coordinates":[[[27.6028,2.8545],[27.6941,2.8485],[27.7074,2.7689],[27.6072,2.7069],[27.7076,2.606],[27.764,2.6839],[27.857,2.4704],[27.8576,2.4668],[27.8837,2.3595],[28.1074,2.4898],[28.1821,2.6257],[28.1442,2.7003],[28.2707,2.7476],[28.3557,2.6419],[28.4401,2.7545],[28.5024,2.7553],[28.5029,2.825],[28.3308,2.9457],[28.2554,2.9504],[28.2269,3.0146],[28.1297,2.9882],[27.9227,3.1867],[27.8486,3.1931],[27.8274,3.2815],[27.6702,3.3095],[27.6578,3.3027],[27.6478,3.0779],[27.7057,3.0798],[27.6736,3.0133],[27.5459,2.9898],[27.661,2.9129],[27.6028,2.8545]]]},"properties":{"pcode":"CD5302ZS02","iso3":"COD","name":"Rungu"},"id":"573"},
{"type":"Feature","geometry":{"type":"Polygon","coordinates":[[[27.6578,3.3027],[27.6702,3.3095],[27.8274,3.2815],[27.8486,3.1931],[27.9227,3.1867],[28.1297,2.9882],[28.2269,3.0146],[28.2554,2.9504],[28.3308,2.9457],[28.29,3.0677],[28.3681,3.3231],[28.5283,3.3231],[28.4724,3.3854],[28.5419,3.6129],[28.3671,3.6662],[28.2793,3.5912],[28.1853,3.7189],[28.0457,3.7468],[28.1523,3.7826],[28.0508,3.8438],[27.9586,4.0549],[27.8283,4.0611],[27.7863,3.9767],[27.6108,3.9302],[27.4658,3.7745],[27.3226,3.7946],[27.3741,3.5485],[27.2464,3.2775],[27.3329,3.2218],[27.4624,3.3065],[27.6578,3.3027]]]},"properties":{"pcode":"CD5303ZS01","iso3":"COD","name":"Niangara"},"id":"574"},
{"type":"Feature","geometry":{"type":"Polygon","coordinates":[[[27.2546,3.8566],[27.3226,3.7946],[27.4658,3.7745],[27.6108,3.9302],[27.7863,3.9767],[27.8283,4.0611],[27.9586,4.0549],[28.0508,3.8438],[28.1523,3.7826],[28.5022,3.9272],[28.7329,4.2163],[28.4936,4.3198],[28.4145,4.2829],[28.3536,4.3377],[28.2386,4.3296],[28.039,4.4669],[28.0146,4.5462],[27.7972,4.5703],[27.7882,4.7562],[27.7109,4.7735],[27.6843,4.8712],[27.5669,4.8735],[27.4316,5.0776],[27.1581,5.1991],[26.9702,5.152],[26.9293,5.0108],[27.047,4.8383],[26.9775,4.7848],[27.0279,4.6931],[26.9601,4.51],[27.2941,4.4622],[27.1912,4.079],[27.2546,3.8566]]]},"properties":{"pcode":"CD5305ZS01","iso3":"COD","name":"Doruma"},"id":"575"},
{"type":"Feature","geometry":{"type":"Polygon","coordinates":[[[28.5029,2.825],[28.5474,2.8877],[28.566,2.8007],[28.6003,2.8587],[28.7037,2.851],[28.756,3.0461],[28.8769,3.0702],[29.1254,3.3767],[29.1216,3.4502],[29.18,3.4686],[29.2129,3.4338],[29.2658,3.4451],[29.3481,3.3835],[29.468,3.5641],[29.431,3.6524],[29.6065,3.6852],[29.698,3.773],[29.6227,3.8588],[29.6416,3.9391],[29.5555,3.9939],[29.659,4.0327],[29.6907,4.2342],[29.8103,4.3874],[29.8409,4.569],[29.5376,4.6784],[29.4755,4.6675],[29.413,4.5072],[29.2407,4.36],[29.0347,4.4889],[28.8303,4.4893],[28.7869,4.5714],[28.4936,4.3198],[28.7329,4.2163],[28.5022,3.9272],[28.1523,3.7826],[28.0457,3.7468],[28.1853,3.7189],[28.2793,3.5912],[28.3671,3.6662],[28.5419,3.6129],[28.4724,3.3854],[28.5283,3.3231],[28.3681,3.3231],[28.29,3.0677],[28.3308,2.9457],[28.5029,2.825]]]},"properties":{"pcode":"CD5305ZS02","iso3":"COD","name":"Dungu"},"id":"576"},
{"type":"Feature","geometry":{"type":"Polygon","coordinates":[[[30.541,3.595],[30.5558,3.8274],[30.453,3.8312],[30.2662,3.9568],[30.2022,3.9274],[30.1921,4.0091],[30.0985,3.9183],[30.1518,3.8398],[30.0983,3.6572],[30.1976,3.3227],[30.346,3.2935],[30.3669,3.4074],[30.4232,3.4327],[30.3722,3.5404],[30.541,3.595]]]},"properties":{"pcode":"CD5307ZS01","iso3":"COD","name":"Aba"},"id":"577"},
{"type":"Feature","geometry":{"type":"Polygon","coordinates":[[[29.3481,3.3835],[29.5618,3.3525],[29.6327,3.2636],[29.7127,3.3009],[30.0473,3.3911],[30.1976,3.3227],[30.0983,3.6572],[30.1518,3.8398],[30.0985,3.9183],[30.1921,4.0091],[30.1692,4.1072],[29.9698,4.233],[29.9791,4.3078],[29.8162,4.3797],[29.8103,4.3874],[29.6907,4.2342],[29.659,4.0327],[29.5555,3.9939],[29.6416,3.9391],[29.6227,3.8588],[29.698,3.773],[29.6065,3.6852],[29.431,3.6524],[29.468,3.5641],[29.3481,3.3835]]]},"properties":{"pcode":"CD5307ZS02","iso3":"COD","name":"Faradje"},"id":"578"},
{"type":"Feature","geometry":{"type":"Polygon","coordinates":[[[30.1976,3.3227],[30.0473,3.3911],[29.7127,3.3009],[29.7463,3.2312],[29.6611,3.1592],[29.9698,2.9739],[29.6827,3.0762],[29.7578,2.864],[29.9608,2.8666],[29.9406,2.7841],[30.0636,2.6267],[30.1846,2.5843],[30.2087,2.6692],[30.1486,2.8024],[30.2137,2.8244],[30.2106,2.877],[30.1119,2.882],[30.1915,2.9344],[30.1396,3.0253],[30.359,3.2297],[30.346,3.2935],[30.1976,3.3227]]]},"properties":{"pcode":"CD5307ZS03","iso3":"COD","name":"Makoro"},"id":"579"},
{"type":"Feature","geometry":{"type":"Polygon","coordinates":[[[28.3557,2.6419],[28.3116,2.5873],[28.3738,2.5568],[28.3335,2.4627],[28.3637,2.3408],[28.3223,2.3352],[28.3996,2.2517],[28.5807,2.334],[28.6361,2.2416],[28.7648,2.1817],[28.7094,2.3363],[28.7457,2.3129],[28.981,2.2984],[28.9697,2.4291],[29.0316,2.3949],[29.1271,2.4568],[29.1752,2.4013],[29.2087,2.538],[29.3103,2.418],[29.6329,2.4819],[29.7465,2.6331],[29.3775,2.6841],[29.3909,2.8284],[29.315,3.012],[29.3701,3.0984],[29.5003,3.0683],[29.5074,3.2702],[29.4719,3.33],[29.3005,3.2995],[29.2129,3.4338],[29.18,3.4686],[29.1216,3.4502],[29.1254,3.3767],[28.8769,3.0702],[28.756,3.0461],[28.7037,2.851],[28.6003,2.8587],[28.566,2.8007],[28.5474,2.8877],[28.5029,2.825],[28.5024,2.7553],[28.4401,2.7545],[28.3557,2.6419]]]},"properties":{"pcode":"CD5309ZS01","iso3":"COD","name":"Gombari"},"id":"580"},
{"type":"Feature","geometry":{"type":"Polygon","coordinates":[[[29.2129,3.4338],[29.3005,3.2995],[29.4719,3.33],[29.5074,3.2702],[29.5003,3.0683],[29.3701,3.0984],[29.315,3.012],[29.3909,2.8284],[29.3775,2.6841],[29.7465,2.6331],[29.6329,2.4819],[29.6651,2.2862],[29.6075,2.2838],[29.6229,2.1873],[29.8974,2.0904],[29.8707,2.1838],[30.0273,2.283],[30.0573,2.3689],[30.1256,2.3698],[30.1453,2.5071],[30.1846,2.5843],[30.0636,2.6267],[29.9406,2.7841],[29.9608,2.8666],[29.7578,2.864],[29.6827,3.0762],[29.9698,2.9739],[29.6611,3.1592],[29.7463,3.2312],[29.7127,3.3009],[29.6327,3.2636],[29.5618,3.3525],[29.3481,3.3835],[29.2658,3.4451],[29.2129,3.4338]]]},"properties":{"pcode":"CD5309ZS02","iso3":"COD","name":"Watsa"},"id":"581"},
{"type":"Feature","geometry":{"type":"Polygon","coordinates":[[[27.857,2.4704],[27.8526,2.4685],[27.6272,2.4022],[27.6123,2.092],[27.6282,2.031],[27.7538,1.9939],[27.869,2.0653],[27.9128,2.1576],[27.8837,2.3595],[27.8576,2.4668],[27.857,2.4704]]]},"properties":{"pcode":"CD5311ZS01","iso3":"COD","name":"Boma-Mangbetu"},"id":"582"},
{"type":"Feature","geometry":{"type":"Polygon","coordinates":[[[27.3482,2.0888],[27.4255,2.0388],[27.4612,2.0811],[27.513,1.9971],[27.6123,2.092],[27.6272,2.4022],[27.8526,2.4685],[27.857,2.4704],[27.764,2.6839],[27.7076,2.606],[27.6618,2.5608],[27.6268,2.5975],[27.5088,2.4419],[27.5033,2.3514],[27.3808,2.2971],[27.4131,2.2209],[27.3482,2.0888]]]},"properties":{"pcode":"CD5311ZS02","iso3":"COD","name":"Pawa"},"id":"583"},
{"type":"Feature","geometry":{"type":"Polygon","coordinates":[[[27.2689,1.5875],[27.3703,1.5832],[27.4471,1.5546],[27.5516,1.5548],[27.6077,1.4535],[27.7735,1.4431],[27.8066,1.5446],[27.7563,1.612],[27.6415,1.5717],[27.5533,1.7732],[27.585,1.8474],[27.8039,1.8284],[27.9384,1.7211],[27.9817,1.7557],[28.2092,1.683],[28.1907,1.796],[28.2986,1.8742],[28.3223,2.3352],[28.3637,2.3408],[28.3335,2.4627],[28.3738,2.5568],[28.3116,2.5873],[28.3557,2.6419],[28.2707,2.7476],[28.1442,2.7003],[28.1821,2.6257],[28.1074,2.4898],[27.8837,2.3595],[27.9128,2.1576],[27.869,2.0653],[27.7538,1.9939],[27.6282,2.031],[27.6123,2.092],[27.513,1.9971],[27.4612,2.0811],[27.4255,2.0388],[27.3482,2.0888],[27.3138,2.0365],[27.4099,1.8853],[27.3499,1.876],[27.372,1.7902],[27.2853,1.6326],[27.1948,1.6036],[27.2689,1.5875]]]},"properties":{"pcode":"CD5311ZS03","iso3":"COD","name":"Wamba"},"id":"584"},
{"type":"Feature","geometry":{"type":"Polygon","coordinates":[[[30.2712,1.1194],[30.1274,1.0459],[29.9597,1.125],[29.9083,1.1651],[29.8485,1.1228],[29.8489,0.9851],[29.7326,0.8716],[29.8626,0.9405],[29.9058,0.8171],[29.9868,0.8373],[30.1489,0.8893],[30.2712,1.1194]]]},"properties":{"pcode":"CD5402ZS01","iso3":"COD","name":"Boga"},"id":"585"},
{"type":"Feature","geometry":{"type":"Polygon","coordinates":[[[30.27,1.6712],[30.169,1.686],[30.106,1.5665],[30.1661,1.5083],[30.2777,1.5117],[30.3195,1.6568],[30.27,1.6712]]]},"properties":{"pcode":"CD5402ZS02","iso3":"COD","name":"Bunia"},"id":"586"},
{"type":"Feature","geometry":{"type":"Polygon","coordinates":[[[30.2712,1.1194],[30.363,1.2006],[30.5109,1.2081],[30.6001,1.3484],[30.5252,1.3783],[30.3516,1.4484],[30.296,1.4132],[30.2544,1.4107],[30.1539,1.4614],[30.0903,1.3459],[29.9868,1.3587],[29.9711,1.3188],[29.9083,1.1651],[29.9597,1.125],[30.1274,1.0459],[30.2712,1.1194]]]},"properties":{"pcode":"CD5402ZS03","iso3":"COD","name":"Gethy"},"id":"587"},
{"type":"Feature","geometry":{"type":"Polygon","coordinates":[[[29.9083,1.1651],[29.9711,1.3188],[29.7912,1.4546],[29.7249,1.4365],[29.6204,1.4497],[29.3118,0.9891],[29.3827,0.8256],[29.4581,0.8603],[29.5368,0.7887],[29.5229,0.8612],[29.6231,0.8535],[29.6592,0.9077],[29.7326,0.8716],[29.8489,0.9851],[29.8485,1.1228],[29.9083,1.1651]]]},"properties":{"pcode":"CD5402ZS04","iso3":"COD","name":"Komanda"},"id":"588"},
{"type":"Feature","geometry":{"type":"Polygon","coordinates":[[[30.1539,1.4614],[29.9467,1.622],[29.936,1.6529],[29.902,1.5821],[29.7687,1.5648],[29.7249,1.4365],[29.7912,1.4546],[29.9711,1.3188],[29.9868,1.3587],[30.0903,1.3459],[30.1539,1.4614]]]},"properties":{"pcode":"CD5402ZS05","iso3":"COD","name":"Nyakunde"},"id":"589"},
{"type":"Feature","geometry":{"type":"Polygon","coordinates":[[[30.169,1.686],[30.1274,1.7028],[30.0809,1.6397],[29.991,1.6644],[30.0382,1.7218],[30,1.745],[29.936,1.6529],[29.9467,1.622],[30.1539,1.4614],[30.2544,1.4107],[30.296,1.4132],[30.2777,1.5117],[30.1661,1.5083],[30.106,1.5665],[30.169,1.686]]]},"properties":{"pcode":"CD5402ZS06","iso3":"COD","name":"Rwampara"},"id":"590"},
{"type":"Feature","geometry":{"type":"Polygon","coordinates":[[[28.981,2.2984],[29.1361,2.1246],[29.2495,1.648],[29.2245,1.4794],[29.0853,1.3819],[29.1464,1.2361],[29.3118,0.9891],[29.6204,1.4497],[29.7249,1.4365],[29.7687,1.5648],[29.902,1.5821],[29.936,1.6529],[30,1.745],[29.9893,1.7789],[29.7286,1.9617],[29.6229,2.1873],[29.6075,2.2838],[29.6651,2.2862],[29.6329,2.4819],[29.3103,2.418],[29.2087,2.538],[29.1752,2.4013],[29.1271,2.4568],[29.0316,2.3949],[28.9697,2.4291],[28.981,2.2984]]]},"properties":{"pcode":"CD5403ZS01","iso3":"COD","name":"Lolwa"},"id":"591"},
{"type":"Feature","geometry":{"type":"Polygon","coordinates":[[[28.3223,2.3352],[28.2986,1.8742],[28.1907,1.796],[28.2092,1.683],[28.171,1.5525],[28.4317,1.1066],[28.3694,1.0177],[28.2426,0.9911],[28.166,0.8637],[28.18,0.6846],[28.3473,0.6906],[28.5551,0.5198],[28.6603,0.5814],[28.9915,0.5605],[29.0622,0.6081],[29.104,0.6537],[29.0345,0.9137],[29.0585,1.0849],[29.0096,1.1303],[29.1002,1.2335],[29.0853,1.3819],[29.2245,1.4794],[29.2495,1.648],[29.1361,2.1246],[28.981,2.2984],[28.7457,2.3129],[28.7094,2.3363],[28.7648,2.1817],[28.6361,2.2416],[28.5807,2.334],[28.3996,2.2517],[28.3223,2.3352]]]},"properties":{"pcode":"CD5403ZS02","iso3":"COD","name":"Mambasa"},"id":"592"},
{"type":"Feature","geometry":{"type":"Polygon","coordinates":[[[29.3118,0.9891],[29.1464,1.2361],[29.0853,1.3819],[29.1002,1.2335],[29.0096,1.1303],[29.0585,1.0849],[29.0345,0.9137],[29.104,0.6537],[29.1628,0.6768],[29.2906,0.5866],[29.3254,0.6868],[29.334,0.6241],[29.474,0.6252],[29.3469,0.7098],[29.3827,0.8256],[29.3118,0.9891]]]},"properties":{"pcode":"CD5403ZS03","iso3":"COD","name":"Mandima"},"id":"593"},
{"type":"Feature","geometry":{"type":"Polygon","coordinates":[[[27.7409,1.0684],[27.7571,1.0734],[27.9334,1.0427],[27.8862,0.9314],[28.0008,0.9331],[27.9345,0.749],[28.018,0.6362],[28.18,0.6846],[28.166,0.8637],[28.2426,0.9911],[28.3694,1.0177],[28.4317,1.1066],[28.171,1.5525],[28.2092,1.683],[27.9817,1.7557],[27.9384,1.7211],[27.8039,1.8284],[27.585,1.8474],[27.5533,1.7732],[27.6415,1.5717],[27.7563,1.612],[27.8066,1.5446],[27.7735,1.4431],[27.6077,1.4535],[27.5516,1.5548],[27.4471,1.5546],[27.5724,1.3399],[27.7827,1.3015],[27.7409,1.0684]]]},"properties":{"pcode":"CD5403ZS04","iso3":"COD","name":"Nia-Nia"},"id":"594"},
{"type":"Feature","geometry":{"type":"Polygon","coordinates":[[[30.27,1.6712],[30.2528,1.8212],[30.2421,1.9096],[30.2971,1.9047],[30.3237,1.9838],[30.2475,2.0282],[30.1633,1.9939],[30.1487,1.8789],[30.1682,1.8305],[30.1274,1.7028],[30.169,1.686],[30.27,1.6712]]]},"properties":{"pcode":"CD5405ZS01","iso3":"COD","name":"Bambu"},"id":"595"},
{"type":"Feature","geometry":{"type":"Polygon","coordinates":[[[29.8974,2.0904],[30.0448,2.0905],[30.1633,1.9939],[30.2475,2.0282],[30.3237,1.9838],[30.4633,2.1531],[30.398,2.1839],[30.4423,2.2244],[30.3957,2.2807],[30.2748,2.3022],[30.2349,2.3815],[30.1852,2.4163],[30.1256,2.3698],[30.0573,2.3689],[30.0273,2.283],[29.8707,2.1838],[29.8974,2.0904]]]},"properties":{"pcode":"CD5405ZS02","iso3":"COD","name":"Damas"},"id":"596"},
{"type":"Feature","geometry":{"type":"Polygon","coordinates":[[[30.5909,1.8644],[30.5892,1.8644],[30.5113,1.8988],[30.4931,1.815],[30.4509,1.8329],[30.3942,1.7642],[30.4045,1.7487],[30.4887,1.5938],[30.7007,1.7152],[30.5909,1.8644]]]},"properties":{"pcode":"CD5405ZS03","iso3":"COD","name":"Drodro"},"id":"597"},
{"type":"Feature","geometry":{"type":"Polygon","coordinates":[[[30.5909,1.8644],[30.7202,1.9331],[30.5974,2.0131],[30.5787,2.025],[30.546,2.0361],[30.3646,1.7953],[30.3942,1.7642],[30.4509,1.8329],[30.4931,1.815],[30.5113,1.8988],[30.5892,1.8644],[30.5909,1.8644]]]},"properties":{"pcode":"CD5405ZS04","iso3":"COD","name":"Fataki"},"id":"598"},
{"type":"Feature","geometry":{"type":"Polygon","coordinates":[[[30.7007,1.7152],[30.8189,1.5851],[30.987,1.7188],[30.7336,1.8915],[30.7202,1.9331],[30.5909,1.8644],[30.7007,1.7152]]]},"properties":{"pcode":"CD5405ZS05","iso3":"COD","name":"Jiba"},"id":"599"},
{"type":"Feature","geometry":{"type":"Polygon","coordinates":[[[30.1274,1.7028],[30.1682,1.8305],[30.1487,1.8789],[29.9893,1.7789],[30,1.745],[30.0382,1.7218],[29.991,1.6644],[30.0809,1.6397],[30.1274,1.7028]]]},"properties":{"pcode":"CD5405ZS06","iso3":"COD","name":"Kilo"},"id":"600"},
{"type":"Feature","geometry":{"type":"Polygon","coordinates":[[[30.7202,1.9331],[30.7336,1.8915],[30.987,1.7188],[31.035,1.7589],[30.9144,1.9256],[30.7458,2.0614],[30.5974,2.0131],[30.7202,1.9331]]]},"properties":{"pcode":"CD5405ZS07","iso3":"COD","name":"Linga"},"id":"601"},
{"type":"Feature","geometry":{"type":"Polygon","coordinates":[[[30.2777,1.5117],[30.296,1.4132],[30.3516,1.4484],[30.4887,1.5938],[30.4045,1.7487],[30.3195,1.6568],[30.2777,1.5117]]]},"properties":{"pcode":"CD5405ZS08","iso3":"COD","name":"Lita"},"id":"602"},
{"type":"Feature","geometry":{"type":"Polygon","coordinates":[[[30.2528,1.8212],[30.3439,1.8371],[30.3646,1.7953],[30.546,2.0361],[30.4979,2.1485],[30.4633,2.1531],[30.3237,1.9838],[30.2971,1.9047],[30.2421,1.9096],[30.2528,1.8212]]]},"properties":{"pcode":"CD5405ZS09","iso3":"COD","name":"Mangala"},"id":"603"},
{"type":"Feature","geometry":{"type":"Polygon","coordinates":[[[29.6229,2.1873],[29.7286,1.9617],[29.9893,1.7789],[30.1487,1.8789],[30.1633,1.9939],[30.0448,2.0905],[29.8974,2.0904],[29.6229,2.1873]]]},"properties":{"pcode":"CD5405ZS10","iso3":"COD","name":"Mongbalu"},"id":"604"},
{"type":"Feature","geometry":{"type":"Polygon","coordinates":[[[30.3195,1.6568],[30.4045,1.7487],[30.3942,1.7642],[30.3646,1.7953],[30.3439,1.8371],[30.2528,1.8212],[30.27,1.6712],[30.3195,1.6568]]]},"properties":{"pcode":"CD5405ZS11","iso3":"COD","name":"Nizi"},"id":"605"},
{"type":"Feature","geometry":{"type":"Polygon","coordinates":[[[30.5974,2.0131],[30.7458,2.0614],[30.9144,1.9256],[30.9461,2.0333],[30.912,2.1408],[30.8354,2.1288],[30.6501,2.1372],[30.5397,2.1924],[30.4979,2.1485],[30.546,2.0361],[30.5787,2.025],[30.5974,2.0131]]]},"properties":{"pcode":"CD5405ZS12","iso3":"COD","name":"Rethy"},"id":"606"},
{"type":"Feature","geometry":{"type":"Polygon","coordinates":[[[30.6001,1.3484],[30.8189,1.5851],[30.7007,1.7152],[30.4887,1.5938],[30.3516,1.4484],[30.5252,1.3783],[30.6001,1.3484]]]},"properties":{"pcode":"CD5405ZS13","iso3":"COD","name":"Tchomia"},"id":"607"},
{"type":"Feature","geometry":{"type":"Polygon","coordinates":[[[31.035,1.7589],[31.2491,2.0246],[31.1031,2.1022],[31.0264,2.0751],[31.0002,2.1178],[30.9626,2.0781],[30.9461,2.0333],[30.9144,1.9256],[31.035,1.7589]]]},"properties":{"pcode":"CD5407ZS01","iso3":"COD","name":"Angumu"},"id":"608"},
{"type":"Feature","geometry":{"type":"Polygon","coordinates":[[[30.5817,2.7585],[30.5624,2.7126],[30.4815,2.7269],[30.3745,2.8732],[30.3224,2.8745],[30.3867,2.8222],[30.4427,2.5988],[30.3932,2.4749],[30.6505,2.4335],[30.7536,2.3365],[30.7611,2.437],[30.8004,2.6852],[30.6793,2.7491],[30.6069,2.6739],[30.6423,2.7591],[30.5817,2.7585]]]},"properties":{"pcode":"CD5407ZS02","iso3":"COD","name":"Aungba"},"id":"609"},
{"type":"Feature","geometry":{"type":"Polygon","coordinates":[[[30.1256,2.3698],[30.1852,2.4163],[30.2349,2.3815],[30.2748,2.3022],[30.3957,2.2807],[30.4423,2.2244],[30.398,2.1839],[30.4633,2.1531],[30.4979,2.1485],[30.5397,2.1924],[30.6501,2.1372],[30.6606,2.2613],[30.7783,2.3139],[30.7536,2.3365],[30.6505,2.4335],[30.3932,2.4749],[30.3846,2.3943],[30.3094,2.3805],[30.2918,2.4685],[30.2546,2.431],[30.1726,2.4617],[30.1453,2.5071],[30.1256,2.3698]]]},"properties":{"pcode":"CD5407ZS03","iso3":"COD","name":"Kambala"},"id":"610"},
{"type":"Feature","geometry":{"type":"Polygon","coordinates":[[[30.9461,2.0333],[30.9626,2.0781],[30.9933,2.1627],[30.9693,2.2435],[30.8703,2.2783],[30.8354,2.1288],[30.912,2.1408],[30.9461,2.0333]]]},"properties":{"pcode":"CD5407ZS04","iso3":"COD","name":"Logo"},"id":"611"},
{"type":"Feature","geometry":{"type":"Polygon","coordinates":[[[30.7536,2.3365],[30.7783,2.3139],[30.8703,2.2783],[30.9693,2.2435],[30.9933,2.1627],[31.0569,2.1713],[31.1012,2.2854],[30.9843,2.4088],[30.924,2.3372],[30.7611,2.437],[30.7536,2.3365]]]},"properties":{"pcode":"CD5407ZS05","iso3":"COD","name":"Mahagi"},"id":"612"},
{"type":"Feature","geometry":{"type":"Polygon","coordinates":[[[31.2491,2.0246],[31.305,2.1568],[31.203,2.2241],[31.1994,2.2886],[31.1012,2.2854],[31.0569,2.1713],[30.9933,2.1627],[30.9626,2.0781],[31.0002,2.1178],[31.0264,2.0751],[31.1031,2.1022],[31.2491,2.0246]]]},"properties":{"pcode":"CD5407ZS06","iso3":"COD","name":"Nyarambe"},"id":"613"},
{"type":"Feature","geometry":{"type":"Polygon","coordinates":[[[30.8354,2.1288],[30.8703,2.2783],[30.7783,2.3139],[30.6606,2.2613],[30.6501,2.1372],[30.8354,2.1288]]]},"properties":{"pcode":"CD5407ZS07","iso3":"COD","name":"Rimba"},"id":"614"},
{"type":"Feature","geometry":{"type":"Polygon","coordinates":[[[30.903,3.356],[30.929,3.496],[30.8541,3.486],[30.8619,3.563],[30.771,3.675],[30.5985,3.5971],[30.558,3.4084],[30.7166,3.2909],[30.8969,3.3848],[30.903,3.356]]]},"properties":{"pcode":"CD5409ZS01","iso3":"COD","name":"Adi"},"id":"615"},
{"type":"Feature","geometry":{"type":"Polygon","coordinates":[[[30.1915,2.9344],[30.2106,2.9728],[30.3978,2.9574],[30.3728,2.9148],[30.6102,2.927],[30.6914,2.9882],[30.5989,3.0937],[30.5172,3.08],[30.4436,3.1679],[30.359,3.2297],[30.1396,3.0253],[30.1915,2.9344]]]},"properties":{"pcode":"CD5409ZS02","iso3":"COD","name":"Adja"},"id":"616"},
{"type":"Feature","geometry":{"type":"Polygon","coordinates":[[[30.7166,3.2909],[30.6197,3.205],[30.5989,3.0937],[30.6914,2.9882],[30.7702,3.0302],[30.903,3.356],[30.8969,3.3848],[30.7166,3.2909]]]},"properties":{"pcode":"CD5409ZS03","iso3":"COD","name":"Ariwara"},"id":"617"},
{"type":"Feature","geometry":{"type":"Polygon","coordinates":[[[30.8004,2.6852],[30.8904,2.8715],[30.7702,3.0302],[30.6914,2.9882],[30.6102,2.927],[30.5817,2.7585],[30.6423,2.7591],[30.6069,2.6739],[30.6793,2.7491],[30.8004,2.6852]]]},"properties":{"pcode":"CD5409ZS04","iso3":"COD","name":"Aru"},"id":"618"},
{"type":"Feature","geometry":{"type":"Polygon","coordinates":[[[30.1846,2.5843],[30.1453,2.5071],[30.1726,2.4617],[30.2546,2.431],[30.2918,2.4685],[30.3094,2.3805],[30.3846,2.3943],[30.3932,2.4749],[30.4427,2.5988],[30.3867,2.8222],[30.3224,2.8745],[30.3745,2.8732],[30.4815,2.7269],[30.5624,2.7126],[30.5817,2.7585],[30.6102,2.927],[30.3728,2.9148],[30.3978,2.9574],[30.2106,2.9728],[30.1915,2.9344],[30.1119,2.882],[30.2106,2.877],[30.2137,2.8244],[30.1486,2.8024],[30.2087,2.6692],[30.1846,2.5843]]]},"properties":{"pcode":"CD5409ZS05","iso3":"COD","name":"Biringi"},"id":"619"},
{"type":"Feature","geometry":{"type":"Polygon","coordinates":[[[30.346,3.2935],[30.359,3.2297],[30.4436,3.1679],[30.5172,3.08],[30.5989,3.0937],[30.6197,3.205],[30.7166,3.2909],[30.558,3.4084],[30.5985,3.5971],[30.541,3.595],[30.3722,3.5404],[30.4232,3.4327],[30.3669,3.4074],[30.346,3.2935]]]},"properties":{"pcode":"CD5409ZS06","iso3":"COD","name":"Laybo"},"id":"620"},
{"type":"Feature","geometry":{"type":"Polygon","coordinates":[[[29.1323,-1.6082],[29.1311,-1.6287],[29.2425,-1.7001],[29.2469,-1.6833],[29.1323,-1.6082]]]},"properties":{"pcode":"CD6101ZS01","iso3":"COD","name":"Goma"},"id":"621"},
{"type":"Feature","geometry":{"type":"Polygon","coordinates":[[[29.2469,-1.6833],[29.2914,-1.6306],[29.1372,-1.5815],[29.1323,-1.6082],[29.2469,-1.6833]]]},"properties":{"pcode":"CD6101ZS02","iso3":"COD","name":"Karisimbi"},"id":"622"},
{"type":"Feature","geometry":{"type":"Polygon","coordinates":[[[29.2914,-1.6306],[29.3998,-1.5291],[29.3158,-1.4688],[29.2106,-1.4351],[29.1372,-1.5815],[29.2914,-1.6306]]]},"properties":{"pcode":"CD6102ZS01","iso3":"COD","name":"Nyiragongo"},"id":"623"},
{"type":"Feature","geometry":{"type":"Polygon","coordinates":[[[28.8628,-1.7071],[28.9042,-1.6378],[28.8773,-1.4204],[28.8842,-1.3982],[28.8064,-1.4543],[28.7581,-1.6054],[28.7044,-1.5847],[28.6985,-1.6581],[28.5755,-1.6884],[28.6676,-1.7517],[28.6993,-1.7632],[28.7165,-1.7801],[28.8628,-1.7071]]]},"properties":{"pcode":"CD6103ZS01","iso3":"COD","name":"Katoyi"},"id":"624"},
{"type":"Feature","geometry":{"type":"Polygon","coordinates":[[[29.1323,-1.6082],[29.1372,-1.5815],[29.2106,-1.4351],[29.2108,-1.4319],[29.2027,-1.3839],[29.01,-1.4596],[28.9191,-1.3977],[28.9119,-1.3788],[28.8842,-1.3982],[28.8773,-1.4204],[28.9042,-1.6378],[28.8628,-1.7071],[28.9692,-1.7417],[29.0941,-1.6214],[29.0973,-1.6206],[29.1311,-1.6287],[29.1323,-1.6082]]]},"properties":{"pcode":"CD6103ZS02","iso3":"COD","name":"Kirotshe"},"id":"625"},
{"type":"Feature","geometry":{"type":"Polygon","coordinates":[[[28.8842,-1.3982],[28.9119,-1.3788],[28.9224,-1.302],[28.8049,-1.2536],[28.637,-1.3495],[28.6634,-1.4412],[28.5839,-1.4634],[28.5663,-1.6856],[28.5755,-1.6884],[28.6985,-1.6581],[28.7044,-1.5847],[28.7581,-1.6054],[28.8064,-1.4543],[28.8842,-1.3982]]]},"properties":{"pcode":"CD6103ZS03","iso3":"COD","name":"Masisi"},"id":"626"},
{"type":"Feature","geometry":{"type":"Polygon","coordinates":[[[29.2027,-1.3839],[29.0828,-1.3649],[29.0352,-1.1122],[28.9357,-1.0235],[28.8192,-0.9551],[28.6953,-0.9809],[28.671,-1.0638],[28.8049,-1.2536],[28.9224,-1.302],[28.9119,-1.3788],[28.9191,-1.3977],[29.01,-1.4596],[29.2027,-1.3839]]]},"properties":{"pcode":"CD6103ZS04","iso3":"COD","name":"Mweso"},"id":"627"},
{"type":"Feature","geometry":{"type":"Polygon","coordinates":[[[28.5755,-1.6884],[28.5663,-1.6856],[28.4451,-1.5186],[28.264,-1.6007],[28.0975,-1.5054],[27.9999,-1.5178],[27.9084,-1.4201],[27.7623,-1.5839],[27.5608,-1.637],[27.7468,-1.7894],[27.7397,-2.0007],[27.8385,-2.0338],[27.962,-2.0163],[28.095,-2.0251],[28.0997,-2.0658],[28.1672,-2.046],[28.1717,-1.9939],[28.3744,-1.9933],[28.354,-1.94],[28.4498,-1.8653],[28.641,-1.8911],[28.7004,-1.8285],[28.6676,-1.7517],[28.5755,-1.6884]]]},"properties":{"pcode":"CD6104ZS01","iso3":"COD","name":"Itebero"},"id":"628"},
{"type":"Feature","geometry":{"type":"Polygon","coordinates":[[[28.8049,-1.2536],[28.671,-1.0638],[28.6953,-0.9809],[28.5207,-0.9529],[28.2197,-1.0235],[28.1844,-0.9598],[28.0869,-0.9408],[28.0113,-0.9487],[28.0665,-0.9766],[28.0799,-1.0894],[28.2608,-1.1967],[28.2478,-1.2882],[28.2988,-1.3269],[28.0932,-1.3233],[28.0975,-1.5054],[28.264,-1.6007],[28.4451,-1.5186],[28.5663,-1.6856],[28.5839,-1.4634],[28.6634,-1.4412],[28.637,-1.3495],[28.8049,-1.2536]]]},"properties":{"pcode":"CD6104ZS02","iso3":"COD","name":"Kibua"},"id":"629"},
{"type":"Feature","geometry":{"type":"Polygon","coordinates":[[[27.9723,-0.5355],[27.979,-0.5391],[28.1379,-0.673],[28.1626,-0.7837],[28.098,-0.7787],[28.0491,-0.8519],[28.0869,-0.9408],[28.1844,-0.9598],[28.2197,-1.0235],[28.5207,-0.9529],[28.6953,-0.9809],[28.8192,-0.9551],[28.9357,-1.0235],[29.0194,-0.9391],[28.8954,-0.8986],[29.0635,-0.8259],[28.9814,-0.7668],[28.9611,-0.5949],[28.7197,-0.5376],[28.6324,-0.3879],[28.5795,-0.3924],[28.6,-0.287],[28.4791,-0.241],[28.4999,-0.1924],[28.4554,-0.0845],[28.4538,-0.0804],[28.1276,-0.17],[28.1532,-0.2655],[28.0094,-0.3169],[27.942,-0.4065],[27.9777,-0.5237],[27.9723,-0.5355]]]},"properties":{"pcode":"CD6104ZS03","iso3":"COD","name":"Pinga"},"id":"630"},
{"type":"Feature","geometry":{"type":"Polygon","coordinates":[[[27.8411,-0.596],[27.7665,-0.8858],[27.3419,-0.9442],[27.2745,-0.9802],[27.2727,-1.0587],[27.3381,-1.1819],[27.2273,-1.205],[27.3648,-1.3067],[27.3915,-1.45],[27.4494,-1.4592],[27.5608,-1.637],[27.7623,-1.5839],[27.9084,-1.4201],[27.9999,-1.5178],[28.0975,-1.5054],[28.0932,-1.3233],[28.2988,-1.3269],[28.2478,-1.2882],[28.2608,-1.1967],[28.0799,-1.0894],[28.0665,-0.9766],[28.0113,-0.9487],[28.0869,-0.9408],[28.0491,-0.8519],[28.098,-0.7787],[28.1626,-0.7837],[28.1379,-0.673],[27.979,-0.5391],[27.9723,-0.5355],[27.9708,-0.5387],[27.8411,-0.596]]]},"properties":{"pcode":"CD6104ZS04","iso3":"COD","name":"Walikale"},"id":"631"},
{"type":"Feature","geometry":{"type":"Polygon","coordinates":[[[28.4999,-0.1924],[28.6326,-0.1454],[28.7394,-0.2175],[28.7642,-0.3084],[28.8964,-0.2796],[28.9535,-0.36],[29.1567,-0.3685],[29.4474,-0.6005],[29.448,-0.6009],[29.4875,-0.6474],[29.5855,-0.5845],[29.3395,-0.4352],[29.3032,-0.2879],[29.3406,-0.1868],[29.1244,-0.2747],[29.1414,-0.1798],[28.892,-0.16],[28.8687,-0.0804],[28.7889,-0.1043],[28.7581,-0.0457],[28.6053,-0.009],[28.4538,-0.0804],[28.4554,-0.0845],[28.4999,-0.1924]]]},"properties":{"pcode":"CD6105ZS01","iso3":"COD","name":"Alimbongo"},"id":"632"},
{"type":"Feature","geometry":{"type":"Polygon","coordinates":[[[29.0018,0.4019],[28.9871,0.3983],[28.8492,0.3413],[28.7707,0.1883],[28.9352,0.1413],[28.9764,0.0654],[28.9913,0.1115],[29.075,0.0872],[29.1636,0.1415],[29.1705,0.1934],[29.177,0.2162],[29.1687,0.2245],[29.1523,0.2286],[29.1481,0.2271],[29.1445,0.229],[29.138,0.2303],[29.1284,0.2318],[29.1204,0.2352],[29.1187,0.2367],[29.1158,0.2394],[29.1025,0.2435],[29.1021,0.2447],[29.1013,0.2452],[29.1006,0.2463],[29.099,0.2463],[29.0985,0.2448],[29.0922,0.2447],[29.0895,0.2452],[29.0876,0.2462],[29.0847,0.2458],[29.0817,0.2456],[29.0753,0.2477],[29.0752,0.2494],[29.0738,0.2501],[29.0729,0.2497],[29.0713,0.2503],[29.0715,0.2486],[29.0702,0.248],[29.0692,0.2473],[29.0662,0.2471],[29.0635,0.248],[29.0626,0.2486],[29.0612,0.2505],[29.0582,0.2522],[29.0566,0.2531],[29.0536,0.2543],[29.0515,0.2541],[29.0488,0.2544],[29.0456,0.2576],[29.044,0.2588],[29.0427,0.258],[29.0412,0.2576],[29.0402,0.2567],[29.0387,0.2569],[29.0362,0.2599],[29.0356,0.2607],[29.0345,0.2603],[29.0331,0.2599],[29.0316,0.2601],[29.0308,0.2603],[29.0307,0.2616],[29.0293,0.2624],[29.0286,0.2625],[29.0244,0.2637],[29.0219,0.2646],[29.0215,0.2652],[29.0207,0.2663],[29.0201,0.2665],[29.0198,0.2678],[29.0203,0.268],[29.0203,0.2699],[29.0201,0.272],[29.0194,0.2742],[29.0188,0.2767],[29.0182,0.2786],[29.0177,0.2797],[29.0175,0.2804],[29.0154,0.2823],[29.014,0.2834],[29.0127,0.2827],[29.0117,0.2827],[29.01,0.2836],[29.0079,0.2857],[29.0075,0.2876],[29.0066,0.2882],[29.0022,0.2891],[29.0009,0.2906],[29.0014,0.2915],[29.0024,0.2915],[29.002,0.2938],[29.0001,0.2942],[28.9991,0.3019],[28.9997,0.3042],[28.9972,0.3059],[28.9957,0.3068],[28.99504324324324,0.3072378378378393],[28.9915,0.3119],[28.9919,0.3128],[28.9938,0.3162],[28.9957,0.3219],[28.9949,0.326],[28.9946,0.3298],[28.9995,0.333],[29.002,0.4008],[29.0018,0.4019]]]},"properties":{"pcode":"CD6105ZS02","iso3":"COD","name":"Biena"},"id":"633"},
{"type":"Feature","geometry":{"type":"Polygon","coordinates":[[[29.0635,-0.8259],[29.1898,-0.6638],[29.2383,-0.7022],[29.3351,-0.6438],[29.371,-0.7047],[29.4474,-0.6005],[29.1567,-0.3685],[28.9535,-0.36],[28.8964,-0.2796],[28.7642,-0.3084],[28.7394,-0.2175],[28.6326,-0.1454],[28.4999,-0.1924],[28.4791,-0.241],[28.6,-0.287],[28.5795,-0.3924],[28.6324,-0.3879],[28.7197,-0.5376],[28.9611,-0.5949],[28.9814,-0.7668],[29.0635,-0.8259]]]},"properties":{"pcode":"CD6105ZS03","iso3":"COD","name":"Kayna"},"id":"634"},
{"type":"Feature","geometry":{"type":"Polygon","coordinates":[[[29.5855,-0.5845],[29.6804,-0.4457],[29.6934,-0.3898],[29.4814,-0.1953],[29.2627,-0.1017],[29.1019,-0.1032],[29.0001,-0.041],[28.8687,-0.0804],[28.892,-0.16],[29.1414,-0.1798],[29.1244,-0.2747],[29.3406,-0.1868],[29.3032,-0.2879],[29.3395,-0.4352],[29.5855,-0.5845]]]},"properties":{"pcode":"CD6105ZS04","iso3":"COD","name":"Lubero"},"id":"635"},
{"type":"Feature","geometry":{"type":"Polygon","coordinates":[[[28.0568,0.3179],[28.0659,0.3042],[28.2185,0.074],[28.331,0.1294],[28.7407,0.0524],[28.7707,0.1883],[28.8492,0.3413],[28.9871,0.3983],[29.0018,0.4019],[29.0622,0.6081],[28.9915,0.5605],[28.6603,0.5814],[28.5551,0.5198],[28.3473,0.6906],[28.18,0.6846],[28.018,0.6362],[27.7966,0.5298],[28.0268,0.4633],[28.0568,0.3179]]]},"properties":{"pcode":"CD6105ZS05","iso3":"COD","name":"Manguredjipa"},"id":"636"},
{"type":"Feature","geometry":{"type":"Polygon","coordinates":[[[29.6934,-0.3898],[29.7578,-0.0672],[29.5991,-0.1376],[29.4102,-0.1359],[29.2977,-0.0704],[29.2971,0.0175],[29.2583,0.0202],[29.2192,-0.038],[29.2627,-0.1017],[29.4814,-0.1953],[29.6934,-0.3898]]]},"properties":{"pcode":"CD6105ZS06","iso3":"COD","name":"Masereka"},"id":"637"},
{"type":"Feature","geometry":{"type":"Polygon","coordinates":[[[28.1276,-0.17],[28.4538,-0.0804],[28.6053,-0.009],[28.7581,-0.0457],[28.7889,-0.1043],[28.8687,-0.0804],[29.0001,-0.041],[29.1019,-0.1032],[29.2627,-0.1017],[29.2192,-0.038],[29.2583,0.0202],[29.2971,0.0175],[29.2648,0.0819],[29.2654,0.0995],[29.2597,0.0946],[29.2587,0.0953],[29.2547,0.0953],[29.252,0.0929],[29.2463,0.0921],[29.2343,0.098],[29.2295,0.0966],[29.2287,0.0963],[29.2259,0.0953],[29.2241,0.0972],[29.2236,0.0998],[29.222,0.1027],[29.2207,0.1047],[29.2207,0.1085],[29.2209,0.1093],[29.2224,0.11],[29.2236,0.1115],[29.2241,0.113],[29.2236,0.1151],[29.2239,0.1162],[29.2236,0.1174],[29.2215,0.1185],[29.222,0.1206],[29.2226,0.1236],[29.2251,0.1264],[29.2217,0.1271],[29.218,0.1279],[29.2161,0.1281],[29.2108,0.1313],[29.2079,0.1343],[29.2062,0.1383],[29.2054,0.1411],[29.2073,0.1437],[29.2102,0.1479],[29.2113,0.1482],[29.2153,0.1503],[29.2197,0.1512],[29.2297,0.1512],[29.2287,0.1578],[29.2205,0.1605],[29.2029,0.1659],[29.1926,0.1665],[29.1735,0.1797],[29.1705,0.1934],[29.1636,0.1415],[29.075,0.0872],[28.9913,0.1115],[28.9764,0.0654],[28.9352,0.1413],[28.7707,0.1883],[28.7407,0.0524],[28.331,0.1294],[28.2185,0.074],[28.0659,0.3042],[28.0568,0.3179],[28.154,0.1509],[28.0913,-0.0051],[28.1276,-0.17]]]},"properties":{"pcode":"CD6105ZS07","iso3":"COD","name":"Musienene"},"id":"638"},
{"type":"Feature","geometry":{"type":"Polygon","coordinates":[[[29.7291,0.7183],[29.5343,0.5768],[29.3981,0.555],[29.3443,0.5996],[29.3418,0.5898],[29.2732,0.5058],[29.4814,0.3848],[29.4084,0.255],[29.4065,0.256],[29.405,0.2524],[29.4035,0.2501],[29.3962,0.2426],[29.388,0.2273],[29.388,0.2222],[29.3878,0.2166],[29.3888,0.2134],[29.3905,0.2119],[29.3934,0.2109],[29.3928,0.2087],[29.3951,0.2055],[29.3941,0.2036],[29.3935,0.1983],[29.3932,0.1951],[29.393,0.1927],[29.3932,0.1912],[29.3943,0.1893],[29.3955,0.1887],[29.3964,0.1885],[29.397,0.1876],[29.3981,0.187],[29.3997,0.187],[29.3987,0.188],[29.4031,0.1906],[29.4054,0.1891],[29.4079,0.1885],[29.4098,0.1895],[29.4134,0.1902],[29.4159,0.1906],[29.4191,0.1906],[29.4205,0.1906],[29.4233,0.1902],[29.427,0.1904],[29.431,0.1902],[29.4338,0.1904],[29.4388,0.1895],[29.4409,0.1857],[29.4409,0.1842],[29.4411,0.1829],[29.4422,0.1806],[29.444,0.1801],[29.4465,0.1782],[29.4505,0.1778],[29.452,0.1776],[29.4575,0.1763],[29.46,0.1765],[29.465,0.1755],[29.4669,0.1746],[29.4671,0.1706],[29.4701,0.1663],[29.4722,0.1609],[29.4751,0.1556],[29.4759,0.1531],[29.4759,0.1518],[29.6325,0.1968],[29.6338,0.1959],[29.5007,0.3501],[29.6743,0.5671],[29.7291,0.7183]]]},"properties":{"pcode":"CD6107ZS01","iso3":"COD","name":"Kalunguta"},"id":"639"},
{"type":"Feature","geometry":{"type":"Polygon","coordinates":[[[29.9058,0.8171],[29.7291,0.7183],[29.6743,0.5671],[29.7494,0.5269],[29.834,0.6162],[29.9602,0.6089],[29.9108,0.6544],[29.9717,0.8143],[29.9868,0.8373],[29.9058,0.8171]]]},"properties":{"pcode":"CD6107ZS02","iso3":"COD","name":"Kamango"},"id":"640"},
{"type":"Feature","geometry":{"type":"Polygon","coordinates":[[[29.5991,-0.1376],[29.6338,0.1959],[29.6325,0.1968],[29.4759,0.1518],[29.4755,0.1512],[29.4755,0.1511],[29.474,0.1501],[29.4728,0.1507],[29.4719,0.1501],[29.4726,0.1492],[29.4711,0.1494],[29.4705,0.1482],[29.4696,0.1484],[29.4688,0.1486],[29.4669,0.1477],[29.4665,0.1475],[29.4657,0.1469],[29.4656,0.1467],[29.4667,0.1432],[29.4675,0.1433],[29.4667,0.1411],[29.4657,0.1394],[29.4659,0.1386],[29.4659,0.1384],[29.4661,0.1371],[29.4661,0.1366],[29.4654,0.1356],[29.4642,0.1356],[29.4627,0.1356],[29.4627,0.1337],[29.4625,0.132],[29.4623,0.1315],[29.4617,0.1309],[29.4621,0.1302],[29.4621,0.1298],[29.4604,0.1294],[29.4592,0.1288],[29.4583,0.1283],[29.4573,0.1275],[29.4566,0.1273],[29.456,0.1264],[29.4524,0.1232],[29.452,0.123],[29.451,0.1221],[29.4503,0.1217],[29.4495,0.1219],[29.4478,0.1206],[29.4476,0.1194],[29.4465,0.1177],[29.4447,0.1158],[29.443,0.1157],[29.4417,0.1157],[29.4413,0.1168],[29.4403,0.1181],[29.4394,0.1185],[29.4392,0.1187],[29.4384,0.1189],[29.4346,0.1181],[29.4337,0.1179],[29.4333,0.1177],[29.4329,0.117],[29.4327,0.1164],[29.4323,0.116],[29.4317,0.1162],[29.4306,0.1164],[29.43,0.1168],[29.4287,0.117],[29.4281,0.1168],[29.4262,0.1174],[29.4249,0.1168],[29.4245,0.117],[29.4241,0.1174],[29.4233,0.1174],[29.4232,0.1172],[29.4216,0.1158],[29.4195,0.1158],[29.4176,0.1158],[29.4161,0.1153],[29.4159,0.1151],[29.4155,0.1147],[29.4151,0.1143],[29.414,0.1141],[29.4111,0.1149],[29.4098,0.1143],[29.4088,0.114],[29.4079,0.113],[29.4069,0.1104],[29.4067,0.11],[29.4071,0.1074],[29.4077,0.1061],[29.4077,0.104],[29.4079,0.1034],[29.4079,0.1023],[29.4083,0.1006],[29.4083,0.0995],[29.4077,0.0981],[29.409,0.0946],[29.4088,0.0931],[29.4083,0.0919],[29.4079,0.091],[29.4075,0.0902],[29.4075,0.0899],[29.4069,0.0891],[29.4052,0.0874],[29.4029,0.085],[29.4023,0.0844],[29.4021,0.0835],[29.4027,0.0821],[29.4023,0.0818],[29.4025,0.0812],[29.4018,0.0803],[29.4012,0.0801],[29.401,0.0795],[29.4004,0.0793],[29.4008,0.0784],[29.4012,0.0774],[29.4008,0.0765],[29.4,0.0757],[29.3989,0.075],[29.3981,0.0748],[29.3979,0.074],[29.3966,0.0718],[29.3955,0.0718],[29.3945,0.071],[29.3939,0.0723],[29.3928,0.0716],[29.3926,0.0714],[29.392,0.0701],[29.3916,0.0697],[29.3909,0.0693],[29.3914,0.0684],[29.3905,0.0678],[29.3905,0.0673],[29.3897,0.0648],[29.3897,0.0639],[29.389,0.0627],[29.3888,0.0624],[29.3874,0.0614],[29.3871,0.0612],[29.3853,0.0603],[29.3844,0.0601],[29.3842,0.0599],[29.3836,0.0573],[29.383,0.0556],[29.3829,0.055],[29.383,0.0543],[29.3823,0.0539],[29.3821,0.0531],[29.3817,0.0528],[29.3806,0.0524],[29.3802,0.0522],[29.3796,0.0516],[29.3765,0.0511],[29.3756,0.0509],[29.3744,0.0503],[29.3693,0.0507],[29.3691,0.0509],[29.3643,0.0524],[29.3607,0.0533],[29.3605,0.0533],[29.3565,0.055],[29.3552,0.0554],[29.351,0.0584],[29.349,0.059],[29.3468,0.059],[29.3452,0.0588],[29.3414,0.0605],[29.3355,0.0605],[29.3338,0.0571],[29.3213,0.0578],[29.3185,0.0605],[29.3112,0.062],[29.3023,0.0612],[29.3013,0.0646],[29.2971,0.0688],[29.2921,0.0705],[29.2872,0.0746],[29.2847,0.0795],[29.2847,0.0836],[29.2879,0.087],[29.283,0.0963],[29.2788,0.1029],[29.2795,0.1062],[29.273,0.1145],[29.2688,0.107],[29.2663,0.1045],[29.2654,0.0995],[29.2648,0.0819],[29.2971,0.0175],[29.2977,-0.0704],[29.4102,-0.1359],[29.5991,-0.1376]]]},"properties":{"pcode":"CD6107ZS03","iso3":"COD","name":"Kyondo"},"id":"641"},
{"type":"Feature","geometry":{"type":"Polygon","coordinates":[[[29.0622,0.6081],[29.0018,0.4019],[29.002,0.4008],[28.9995,0.333],[29.0041,0.3315],[29.0054,0.3305],[29.0075,0.332],[29.0093,0.3322],[29.0096,0.333],[29.0102,0.335],[29.0108,0.3369],[29.0152,0.3384],[29.02,0.3394],[29.0224,0.3392],[29.0253,0.3375],[29.0265,0.3356],[29.0266,0.3347],[29.0286,0.3347],[29.0316,0.3354],[29.0324,0.3369],[29.0354,0.3407],[29.0415,0.3399],[29.0442,0.3382],[29.0517,0.3367],[29.0536,0.3347],[29.0555,0.3347],[29.0568,0.3364],[29.0582,0.3388],[29.0612,0.3411],[29.0648,0.3413],[29.0715,0.3418],[29.074,0.342],[29.0763,0.342],[29.0795,0.3403],[29.0818,0.3375],[29.0843,0.3381],[29.0859,0.3384],[29.0868,0.3396],[29.0881,0.3403],[29.0939,0.3407],[29.0962,0.3407],[29.0996,0.3398],[29.1004,0.3384],[29.103,0.3367],[29.1042,0.3369],[29.1078,0.3318],[29.1099,0.3303],[29.1105,0.3296],[29.1153,0.3281],[29.1164,0.3281],[29.1202,0.3273],[29.1229,0.3277],[29.125,0.33],[29.1256,0.3324],[29.1267,0.3335],[29.13,0.3352],[29.1353,0.3341],[29.1393,0.3328],[29.1424,0.3362],[29.1453,0.3354],[29.1462,0.336],[29.1466,0.3349],[29.1493,0.3341],[29.1506,0.3349],[29.154,0.3349],[29.1552,0.3349],[29.1567,0.3354],[29.159,0.3345],[29.1621,0.3341],[29.1642,0.3354],[29.1647,0.336],[29.1691,0.3364],[29.1716,0.3371],[29.1743,0.3375],[29.1768,0.3375],[29.1815,0.3377],[29.1846,0.3373],[29.1898,0.3371],[29.1907,0.3377],[29.1951,0.3379],[29.1962,0.3375],[29.198,0.3375],[29.1991,0.3381],[29.201,0.3392],[29.2035,0.3399],[29.2043,0.3405],[29.205,0.3414],[29.2081,0.3435],[29.2089,0.3454],[29.21,0.3463],[29.2117,0.3477],[29.2132,0.3482],[29.2174,0.3503],[29.2184,0.3539],[29.2205,0.3582],[29.2249,0.358],[29.2293,0.3582],[29.2316,0.3584],[29.2331,0.3578],[29.2341,0.358],[29.2388,0.3584],[29.2413,0.3593],[29.2442,0.3607],[29.245,0.3631],[29.2476,0.3631],[29.2472,0.3648],[29.2476,0.3678],[29.2478,0.3689],[29.2488,0.3729],[29.249,0.3738],[29.2497,0.3757],[29.249,0.3789],[29.2495,0.3808],[29.2493,0.3831],[29.2503,0.3848],[29.2488,0.3846],[29.2474,0.3865],[29.2459,0.3887],[29.2484,0.3889],[29.2467,0.3938],[29.2486,0.394],[29.2488,0.3961],[29.2495,0.3981],[29.2503,0.3993],[29.2516,0.3983],[29.2532,0.3972],[29.2545,0.3966],[29.2549,0.3995],[29.2555,0.3987],[29.256,0.3964],[29.2558,0.3959],[29.2618,0.3953],[29.2627,0.3962],[29.2635,0.3964],[29.2652,0.3962],[29.2654,0.3968],[29.2675,0.3978],[29.2683,0.3985],[29.2692,0.3983],[29.2707,0.3985],[29.2734,0.3976],[29.2763,0.393],[29.2788,0.3925],[29.2807,0.391],[29.2824,0.3895],[29.2824,0.3882],[29.2816,0.3868],[29.282,0.3849],[29.282,0.3836],[29.2812,0.3821],[29.2807,0.3816],[29.282,0.3793],[29.283,0.3787],[29.2839,0.3772],[29.2845,0.3753],[29.2874,0.3744],[29.2885,0.3737],[29.2916,0.3721],[29.2921,0.3721],[29.2917,0.3708],[29.2917,0.368],[29.2923,0.3674],[29.2919,0.3644],[29.2933,0.3625],[29.2944,0.3622],[29.2946,0.3595],[29.2931,0.3571],[29.2952,0.3578],[29.2982,0.3556],[29.298,0.3544],[29.2986,0.3533],[29.2996,0.3509],[29.3017,0.3497],[29.3026,0.3499],[29.3032,0.3505],[29.3042,0.3509],[29.3049,0.3505],[29.3051,0.3492],[29.3057,0.3479],[29.3045,0.3467],[29.3038,0.3445],[29.3068,0.3428],[29.3086,0.3401],[29.311,0.3392],[29.3105,0.3381],[29.311,0.3373],[29.3114,0.3362],[29.3126,0.3352],[29.3135,0.3334],[29.3147,0.3326],[29.3154,0.3315],[29.3183,0.3296],[29.3191,0.3298],[29.3198,0.3292],[29.3213,0.3288],[29.3221,0.3286],[29.3233,0.3277],[29.324,0.3271],[29.3248,0.3269],[29.3252,0.326],[29.3252,0.3239],[29.3296,0.3209],[29.3311,0.3207],[29.3338,0.3192],[29.3362,0.3207],[29.338,0.32],[29.3374,0.3194],[29.3368,0.3185],[29.3368,0.3177],[29.3374,0.3168],[29.3393,0.3158],[29.3401,0.3158],[29.3414,0.3156],[29.342,0.3164],[29.3443,0.3177],[29.3454,0.3204],[29.3471,0.3211],[29.3485,0.3236],[29.3485,0.3258],[29.3483,0.3268],[29.3498,0.3277],[29.3511,0.3283],[29.3523,0.3288],[29.3544,0.3292],[29.3546,0.3301],[29.3546,0.3311],[29.3552,0.3315],[29.3586,0.3373],[29.3597,0.3396],[29.3624,0.3424],[29.3622,0.3443],[29.3624,0.345],[29.363,0.3465],[29.3643,0.3497],[29.3678,0.3546],[29.3699,0.3573],[29.3718,0.3586],[29.3733,0.358],[29.3744,0.359],[29.3739,0.361],[29.3762,0.3629],[29.3811,0.3642],[29.3821,0.3654],[29.3857,0.3661],[29.3855,0.365],[29.3867,0.3631],[29.3867,0.3618],[29.3871,0.3601],[29.3871,0.3592],[29.3888,0.3597],[29.3907,0.3607],[29.3907,0.3582],[29.3901,0.3518],[29.3893,0.3505],[29.3892,0.3479],[29.3884,0.3452],[29.3884,0.3446],[29.3886,0.3437],[29.3892,0.3386],[29.3893,0.3358],[29.389,0.3341],[29.3882,0.3328],[29.3878,0.332],[29.3874,0.3305],[29.3869,0.3294],[29.3871,0.3279],[29.3888,0.3275],[29.3895,0.3273],[29.3909,0.3262],[29.3901,0.3249],[29.3892,0.3236],[29.3882,0.3209],[29.3878,0.3194],[29.3871,0.3175],[29.3867,0.3162],[29.3874,0.3124],[29.3878,0.3119],[29.3878,0.3085],[29.3901,0.3045],[29.3905,0.3013],[29.3901,0.2979],[29.3895,0.2959],[29.3897,0.2931],[29.3905,0.2876],[29.3928,0.2814],[29.3949,0.2776],[29.3956,0.2759],[29.3977,0.2718],[29.3987,0.2703],[29.4008,0.2669],[29.405,0.2584],[29.4065,0.256],[29.4084,0.255],[29.4814,0.3848],[29.2732,0.5058],[29.3418,0.5898],[29.3443,0.5996],[29.334,0.6241],[29.3254,0.6868],[29.2906,0.5866],[29.1628,0.6768],[29.104,0.6537],[29.0622,0.6081]]]},"properties":{"pcode":"CD6107ZS04","iso3":"COD","name":"Mabalako"},"id":"642"},
{"type":"Feature","geometry":{"type":"Polygon","coordinates":[[[29.7578,-0.0672],[29.748,0.1068],[29.8395,0.184],[29.8831,0.3855],[29.9923,0.4819],[29.9602,0.6089],[29.834,0.6162],[29.7494,0.5269],[29.6743,0.5671],[29.5007,0.3501],[29.6338,0.1959],[29.5991,-0.1376],[29.7578,-0.0672]]]},"properties":{"pcode":"CD6107ZS05","iso3":"COD","name":"Mutwanga"},"id":"643"},
{"type":"Feature","geometry":{"type":"Polygon","coordinates":[[[29.7326,0.8716],[29.6592,0.9077],[29.6231,0.8535],[29.5229,0.8612],[29.5368,0.7887],[29.4581,0.8603],[29.3827,0.8256],[29.3469,0.7098],[29.474,0.6252],[29.334,0.6241],[29.3443,0.5996],[29.3981,0.555],[29.5343,0.5768],[29.7291,0.7183],[29.9058,0.8171],[29.8626,0.9405],[29.7326,0.8716]]]},"properties":{"pcode":"CD6107ZS06","iso3":"COD","name":"Oicha"},"id":"644"},
{"type":"Feature","geometry":{"type":"Polygon","coordinates":[[[29.1705,0.1934],[29.1735,0.1797],[29.1926,0.1665],[29.2029,0.1659],[29.2205,0.1605],[29.2287,0.1578],[29.2327,0.1629],[29.2343,0.1673],[29.2343,0.168],[29.231,0.1706],[29.2318,0.1748],[29.2379,0.178],[29.245,0.1759],[29.2455,0.1782],[29.2461,0.1787],[29.2465,0.1761],[29.2471,0.174],[29.252,0.1718],[29.2551,0.1733],[29.2572,0.174],[29.2585,0.1754],[29.2598,0.1761],[29.261,0.1767],[29.2637,0.1769],[29.2809,0.1795],[29.2889,0.188],[29.2925,0.1934],[29.2954,0.1964],[29.3013,0.1938],[29.3038,0.1955],[29.3055,0.1938],[29.307,0.1955],[29.3105,0.1963],[29.3112,0.203],[29.3129,0.2064],[29.316,0.2087],[29.3204,0.2123],[29.3221,0.2181],[29.3196,0.2205],[29.3187,0.2247],[29.3206,0.2228],[29.3223,0.2202],[29.3244,0.216],[29.3319,0.204],[29.3336,0.1957],[29.334,0.1872],[29.3313,0.1821],[29.3345,0.1797],[29.3345,0.1738],[29.337,0.1663],[29.3404,0.1556],[29.341,0.1546],[29.3454,0.1462],[29.3454,0.1345],[29.3546,0.1204],[29.3588,0.1104],[29.3645,0.1062],[29.3712,0.1012],[29.3729,0.0987],[29.3655,0.0844],[29.3622,0.0712],[29.3603,0.0708],[29.3534,0.0712],[29.3511,0.0712],[29.3464,0.0626],[29.3468,0.059],[29.349,0.059],[29.351,0.0584],[29.3552,0.0554],[29.3565,0.055],[29.3605,0.0533],[29.3607,0.0533],[29.3643,0.0524],[29.3691,0.0509],[29.3693,0.0507],[29.3744,0.0503],[29.3756,0.0509],[29.3765,0.0511],[29.3796,0.0516],[29.3802,0.0522],[29.3806,0.0524],[29.3817,0.0528],[29.3821,0.0531],[29.3823,0.0539],[29.383,0.0543],[29.3829,0.055],[29.383,0.0556],[29.3836,0.0573],[29.3842,0.0599],[29.3844,0.0601],[29.3853,0.0603],[29.3871,0.0612],[29.3874,0.0614],[29.3888,0.0624],[29.389,0.0627],[29.3897,0.0639],[29.3897,0.0648],[29.3905,0.0673],[29.3905,0.0678],[29.3914,0.0684],[29.3909,0.0693],[29.3916,0.0697],[29.392,0.0701],[29.3926,0.0714],[29.3928,0.0716],[29.3939,0.0723],[29.3945,0.071],[29.3955,0.0718],[29.3966,0.0718],[29.3979,0.074],[29.3981,0.0748],[29.3989,0.075],[29.4,0.0757],[29.4008,0.0765],[29.4012,0.0774],[29.4008,0.0784],[29.4004,0.0793],[29.401,0.0795],[29.4012,0.0801],[29.4018,0.0803],[29.4025,0.0812],[29.4023,0.0818],[29.4027,0.0821],[29.4021,0.0835],[29.4023,0.0844],[29.4029,0.085],[29.4052,0.0874],[29.4069,0.0891],[29.4075,0.0899],[29.4075,0.0902],[29.4079,0.091],[29.4083,0.0919],[29.4088,0.0931],[29.409,0.0946],[29.4077,0.0981],[29.4083,0.0995],[29.4083,0.1006],[29.4079,0.1023],[29.4079,0.1034],[29.4077,0.104],[29.4077,0.1061],[29.4071,0.1074],[29.4067,0.11],[29.4069,0.1104],[29.4079,0.113],[29.4088,0.114],[29.4098,0.1143],[29.4111,0.1149],[29.414,0.1141],[29.4151,0.1143],[29.4155,0.1147],[29.4159,0.1151],[29.4161,0.1153],[29.4176,0.1158],[29.4195,0.1158],[29.4216,0.1158],[29.4232,0.1172],[29.4233,0.1174],[29.4241,0.1174],[29.4245,0.117],[29.4249,0.1168],[29.4262,0.1174],[29.4281,0.1168],[29.4287,0.117],[29.43,0.1168],[29.4306,0.1164],[29.4317,0.1162],[29.4323,0.116],[29.4327,0.1164],[29.4329,0.117],[29.4333,0.1177],[29.4337,0.1179],[29.4346,0.1181],[29.4384,0.1189],[29.4392,0.1187],[29.4394,0.1185],[29.4403,0.1181],[29.4413,0.1168],[29.4417,0.1157],[29.443,0.1157],[29.4447,0.1158],[29.4465,0.1177],[29.4476,0.1194],[29.4478,0.1206],[29.4495,0.1219],[29.4503,0.1217],[29.451,0.1221],[29.452,0.123],[29.4524,0.1232],[29.456,0.1264],[29.4566,0.1273],[29.4573,0.1275],[29.4583,0.1283],[29.4592,0.1288],[29.4604,0.1294],[29.4621,0.1298],[29.4621,0.1302],[29.4617,0.1309],[29.4623,0.1315],[29.4625,0.132],[29.4627,0.1337],[29.4627,0.1356],[29.4642,0.1356],[29.4654,0.1356],[29.4661,0.1366],[29.4661,0.1371],[29.4659,0.1384],[29.4659,0.1386],[29.4657,0.1394],[29.4667,0.1411],[29.4675,0.1433],[29.4667,0.1432],[29.4656,0.1467],[29.4657,0.1469],[29.4665,0.1475],[29.4669,0.1477],[29.4688,0.1486],[29.4696,0.1484],[29.4705,0.1482],[29.4711,0.1494],[29.4726,0.1492],[29.4719,0.1501],[29.4728,0.1507],[29.474,0.1501],[29.4755,0.1511],[29.4755,0.1512],[29.4759,0.1518],[29.4759,0.1531],[29.4751,0.1556],[29.4722,0.1609],[29.4701,0.1663],[29.4671,0.1706],[29.4669,0.1746],[29.465,0.1755],[29.46,0.1765],[29.4575,0.1763],[29.452,0.1776],[29.4505,0.1778],[29.4465,0.1782],[29.444,0.1801],[29.4422,0.1806],[29.4411,0.1829],[29.4409,0.1842],[29.4409,0.1857],[29.4388,0.1895],[29.4338,0.1904],[29.431,0.1902],[29.427,0.1904],[29.4233,0.1902],[29.4205,0.1906],[29.4191,0.1906],[29.4159,0.1906],[29.4134,0.1902],[29.4098,0.1895],[29.4079,0.1885],[29.4054,0.1891],[29.4031,0.1906],[29.3987,0.188],[29.3997,0.187],[29.3981,0.187],[29.397,0.1876],[29.3964,0.1885],[29.3955,0.1887],[29.3943,0.1893],[29.3932,0.1912],[29.393,0.1927],[29.3932,0.1951],[29.3935,0.1983],[29.3941,0.2036],[29.3951,0.2055],[29.3928,0.2087],[29.3934,0.2109],[29.3905,0.2119],[29.3888,0.2134],[29.3878,0.2166],[29.388,0.2222],[29.388,0.2273],[29.3962,0.2426],[29.4035,0.2501],[29.405,0.2524],[29.4065,0.256],[29.405,0.2584],[29.4008,0.2669],[29.3987,0.2703],[29.3977,0.2718],[29.3956,0.2759],[29.3949,0.2776],[29.3928,0.2814],[29.3905,0.2876],[29.3897,0.2931],[29.3895,0.2959],[29.3901,0.2979],[29.3905,0.3013],[29.3901,0.3045],[29.3878,0.3085],[29.3878,0.3119],[29.3874,0.3124],[29.3867,0.3162],[29.3871,0.3175],[29.3878,0.3194],[29.3882,0.3209],[29.3892,0.3236],[29.3901,0.3249],[29.3909,0.3262],[29.3895,0.3273],[29.3888,0.3275],[29.3871,0.3279],[29.3869,0.3294],[29.3874,0.3305],[29.3878,0.332],[29.3882,0.3328],[29.389,0.3341],[29.3893,0.3358],[29.3892,0.3386],[29.3886,0.3437],[29.3884,0.3446],[29.3884,0.3452],[29.3892,0.3479],[29.3893,0.3505],[29.3901,0.3518],[29.3907,0.3582],[29.3907,0.3607],[29.3888,0.3597],[29.3871,0.3592],[29.3871,0.3601],[29.3867,0.3618],[29.3867,0.3631],[29.3855,0.365],[29.3857,0.3661],[29.3821,0.3654],[29.3811,0.3642],[29.3762,0.3629],[29.3739,0.361],[29.3744,0.359],[29.3733,0.358],[29.3718,0.3586],[29.3699,0.3573],[29.3678,0.3546],[29.3643,0.3497],[29.363,0.3465],[29.3624,0.345],[29.3622,0.3443],[29.3624,0.3424],[29.3597,0.3396],[29.3586,0.3373],[29.3552,0.3315],[29.3546,0.3311],[29.3546,0.3301],[29.3544,0.3292],[29.3523,0.3288],[29.3511,0.3283],[29.3498,0.3277],[29.3483,0.3268],[29.3485,0.3258],[29.3485,0.3236],[29.3471,0.3211],[29.3454,0.3204],[29.3443,0.3177],[29.342,0.3164],[29.3414,0.3156],[29.3401,0.3158],[29.3393,0.3158],[29.3374,0.3168],[29.3368,0.3177],[29.3368,0.3185],[29.3374,0.3194],[29.338,0.32],[29.3362,0.3207],[29.3338,0.3192],[29.3311,0.3207],[29.3296,0.3209],[29.3252,0.3239],[29.3252,0.326],[29.3248,0.3269],[29.324,0.3271],[29.3233,0.3277],[29.3221,0.3286],[29.3213,0.3288],[29.3198,0.3292],[29.3191,0.3298],[29.3183,0.3296],[29.3154,0.3315],[29.3147,0.3326],[29.3135,0.3334],[29.3126,0.3352],[29.3114,0.3362],[29.311,0.3373],[29.3105,0.3381],[29.311,0.3392],[29.3086,0.3401],[29.3068,0.3428],[29.3038,0.3445],[29.3045,0.3467],[29.3057,0.3479],[29.3051,0.3492],[29.3049,0.3505],[29.3042,0.3509],[29.3032,0.3505],[29.3026,0.3499],[29.3017,0.3497],[29.2996,0.3509],[29.2986,0.3533],[29.298,0.3544],[29.2982,0.3556],[29.2952,0.3578],[29.2931,0.3571],[29.2946,0.3595],[29.2944,0.3622],[29.2933,0.3625],[29.2919,0.3644],[29.2923,0.3674],[29.2917,0.368],[29.2917,0.3708],[29.2921,0.3721],[29.2916,0.3721],[29.2885,0.3737],[29.2874,0.3744],[29.2845,0.3753],[29.2839,0.3772],[29.283,0.3787],[29.282,0.3793],[29.2807,0.3816],[29.2812,0.3821],[29.282,0.3836],[29.282,0.3849],[29.2816,0.3868],[29.2824,0.3882],[29.2824,0.3895],[29.2807,0.391],[29.2788,0.3925],[29.2763,0.393],[29.2734,0.3976],[29.2707,0.3985],[29.2692,0.3983],[29.2683,0.3985],[29.2675,0.3978],[29.2654,0.3968],[29.2652,0.3962],[29.2635,0.3964],[29.2627,0.3962],[29.2618,0.3953],[29.2558,0.3959],[29.256,0.3964],[29.2555,0.3987],[29.2549,0.3995],[29.2545,0.3966],[29.2532,0.3972],[29.2516,0.3983],[29.2503,0.3993],[29.2495,0.3981],[29.2488,0.3961],[29.2486,0.394],[29.2467,0.3938],[29.2484,0.3889],[29.2459,0.3887],[29.2474,0.3865],[29.2488,0.3846],[29.2503,0.3848],[29.2493,0.3831],[29.2495,0.3808],[29.249,0.3789],[29.2497,0.3757],[29.249,0.3738],[29.2488,0.3729],[29.2478,0.3689],[29.2476,0.3678],[29.2472,0.3648],[29.2476,0.3631],[29.245,0.3631],[29.2442,0.3607],[29.2413,0.3593],[29.2388,0.3584],[29.2341,0.358],[29.2331,0.3578],[29.2316,0.3584],[29.2293,0.3582],[29.2249,0.358],[29.2205,0.3582],[29.2184,0.3539],[29.2174,0.3503],[29.2132,0.3482],[29.2117,0.3477],[29.21,0.3463],[29.2089,0.3454],[29.2081,0.3435],[29.205,0.3414],[29.2043,0.3405],[29.2035,0.3399],[29.201,0.3392],[29.1991,0.3381],[29.198,0.3375],[29.1962,0.3375],[29.1951,0.3379],[29.1907,0.3377],[29.1898,0.3371],[29.1846,0.3373],[29.1815,0.3377],[29.1768,0.3375],[29.1743,0.3375],[29.1716,0.3371],[29.1691,0.3364],[29.1647,0.336],[29.1642,0.3354],[29.1621,0.3341],[29.159,0.3345],[29.1567,0.3354],[29.1552,0.3349],[29.154,0.3349],[29.1506,0.3349],[29.1493,0.3341],[29.1466,0.3349],[29.1462,0.336],[29.1453,0.3354],[29.1424,0.3362],[29.1393,0.3328],[29.1353,0.3341],[29.13,0.3352],[29.1267,0.3335],[29.1256,0.3324],[29.125,0.33],[29.1229,0.3277],[29.1202,0.3273],[29.1164,0.3281],[29.1153,0.3281],[29.1105,0.3296],[29.1099,0.3303],[29.1078,0.3318],[29.1042,0.3369],[29.103,0.3367],[29.1004,0.3384],[29.0996,0.3398],[29.0962,0.3407],[29.0939,0.3407],[29.0881,0.3403],[29.0868,0.3396],[29.0859,0.3384],[29.0843,0.3381],[29.0818,0.3375],[29.0795,0.3403],[29.0763,0.342],[29.074,0.342],[29.0715,0.3418],[29.0648,0.3413],[29.0612,0.3411],[29.0582,0.3388],[29.0568,0.3364],[29.0555,0.3347],[29.0536,0.3347],[29.0517,0.3367],[29.0442,0.3382],[29.0415,0.3399],[29.0354,0.3407],[29.0324,0.3369],[29.0316,0.3354],[29.0286,0.3347],[29.0266,0.3347],[29.0265,0.3356],[29.0253,0.3375],[29.0224,0.3392],[29.02,0.3394],[29.0152,0.3384],[29.0108,0.3369],[29.0102,0.335],[29.0096,0.333],[29.0093,0.3322],[29.0075,0.332],[29.0054,0.3305],[29.0041,0.3315],[28.9995,0.333],[28.9946,0.3298],[28.9949,0.326],[28.9957,0.3219],[28.9938,0.3162],[28.9919,0.3128],[28.9915,0.3119],[28.99504324324324,0.3072378378378393],[28.9957,0.3068],[28.9972,0.3059],[28.9997,0.3042],[28.9991,0.3019],[29.0001,0.2942],[29.002,0.2938],[29.0024,0.2915],[29.0014,0.2915],[29.0009,0.2906],[29.0022,0.2891],[29.0066,0.2882],[29.0075,0.2876],[29.0079,0.2857],[29.01,0.2836],[29.0117,0.2827],[29.0127,0.2827],[29.014,0.2834],[29.0154,0.2823],[29.0175,0.2804],[29.0177,0.2797],[29.0182,0.2786],[29.0188,0.2767],[29.0194,0.2742],[29.0201,0.272],[29.0203,0.2699],[29.0203,0.268],[29.0198,0.2678],[29.0201,0.2665],[29.0207,0.2663],[29.0215,0.2652],[29.0219,0.2646],[29.0244,0.2637],[29.0286,0.2625],[29.0293,0.2624],[29.0307,0.2616],[29.0308,0.2603],[29.0316,0.2601],[29.0331,0.2599],[29.0345,0.2603],[29.0356,0.2607],[29.0362,0.2599],[29.0387,0.2569],[29.0402,0.2567],[29.0412,0.2576],[29.0427,0.258],[29.044,0.2588],[29.0456,0.2576],[29.0488,0.2544],[29.0515,0.2541],[29.0536,0.2543],[29.0566,0.2531],[29.0582,0.2522],[29.0612,0.2505],[29.0626,0.2486],[29.0635,0.248],[29.0662,0.2471],[29.0692,0.2473],[29.0702,0.248],[29.0715,0.2486],[29.0713,0.2503],[29.0729,0.2497],[29.0738,0.2501],[29.0752,0.2494],[29.0753,0.2477],[29.0817,0.2456],[29.0847,0.2458],[29.0876,0.2462],[29.0895,0.2452],[29.0922,0.2447],[29.0985,0.2448],[29.099,0.2463],[29.1006,0.2463],[29.1013,0.2452],[29.1021,0.2447],[29.1025,0.2435],[29.1158,0.2394],[29.1187,0.2367],[29.1204,0.2352],[29.1284,0.2318],[29.138,0.2303],[29.1445,0.229],[29.1481,0.2271],[29.1523,0.2286],[29.1687,0.2245],[29.177,0.2162],[29.1705,0.1934]]]},"properties":{"pcode":"CD6107ZS07","iso3":"COD","name":"Vuhovi"},"id":"645"},
{"type":"Feature","geometry":{"type":"Polygon","coordinates":[[[29.2654,0.0995],[29.2663,0.1045],[29.2688,0.107],[29.273,0.1145],[29.2795,0.1062],[29.2788,0.1029],[29.283,0.0963],[29.2832,0.0963],[29.2835,0.0963],[29.2835,0.0964],[29.2839,0.0966],[29.2843,0.0966],[29.2849,0.0966],[29.2854,0.0966],[29.2858,0.0963],[29.2862,0.0955],[29.2862,0.0953],[29.2864,0.0948],[29.2866,0.0944],[29.287,0.0942],[29.2883,0.0942],[29.2902,0.0936],[29.2929,0.0949],[29.2929,0.0955],[29.2927,0.0959],[29.2921,0.0963],[29.2912,0.097],[29.29,0.0981],[29.29,0.0983],[29.29,0.0991],[29.2916,0.0998],[29.2954,0.1019],[29.2942,0.1051],[29.2944,0.1062],[29.2959,0.1068],[29.2965,0.107],[29.2965,0.1074],[29.2959,0.1079],[29.2956,0.1085],[29.2954,0.1091],[29.2944,0.1104],[29.294,0.1109],[29.2946,0.1128],[29.2952,0.1138],[29.2954,0.1141],[29.2954,0.1147],[29.2946,0.117],[29.2942,0.1175],[29.2938,0.1181],[29.2937,0.1187],[29.2937,0.1192],[29.2937,0.1196],[29.2933,0.1204],[29.2927,0.1206],[29.2925,0.1209],[29.2923,0.1215],[29.2925,0.1217],[29.2931,0.1221],[29.2937,0.1228],[29.2938,0.1238],[29.2937,0.1243],[29.2929,0.126],[29.2929,0.1288],[29.2923,0.1375],[29.2931,0.142],[29.2944,0.1456],[29.2944,0.1469],[29.2942,0.1479],[29.2937,0.1507],[29.2933,0.1533],[29.2937,0.1586],[29.2942,0.1597],[29.2942,0.1607],[29.294,0.161],[29.2938,0.1622],[29.2942,0.1629],[29.2952,0.1635],[29.2956,0.1641],[29.2958,0.1646],[29.2963,0.165],[29.2965,0.1654],[29.2975,0.1665],[29.2979,0.1671],[29.2984,0.1674],[29.2996,0.1682],[29.3003,0.1684],[29.3017,0.1697],[29.3026,0.1708],[29.3026,0.1712],[29.307,0.1755],[29.307,0.1772],[29.3122,0.1831],[29.3055,0.1889],[29.3055,0.1938],[29.3038,0.1955],[29.3013,0.1938],[29.2954,0.1964],[29.2925,0.1934],[29.2889,0.188],[29.2809,0.1795],[29.2637,0.1769],[29.261,0.1767],[29.2598,0.1761],[29.2585,0.1754],[29.2572,0.174],[29.2551,0.1733],[29.252,0.1718],[29.2471,0.174],[29.2465,0.1761],[29.2461,0.1787],[29.2455,0.1782],[29.245,0.1759],[29.2379,0.178],[29.2318,0.1748],[29.231,0.1706],[29.2343,0.168],[29.2343,0.1673],[29.2327,0.1629],[29.2287,0.1578],[29.2297,0.1512],[29.2197,0.1512],[29.2153,0.1503],[29.2113,0.1482],[29.2102,0.1479],[29.2073,0.1437],[29.2054,0.1411],[29.2062,0.1383],[29.2079,0.1343],[29.2108,0.1313],[29.2161,0.1281],[29.218,0.1279],[29.2217,0.1271],[29.2251,0.1264],[29.2226,0.1236],[29.222,0.1206],[29.2215,0.1185],[29.2236,0.1174],[29.2239,0.1162],[29.2236,0.1151],[29.2241,0.113],[29.2236,0.1115],[29.2224,0.11],[29.2209,0.1093],[29.2207,0.1085],[29.2207,0.1047],[29.222,0.1027],[29.2236,0.0998],[29.2241,0.0972],[29.2259,0.0953],[29.2287,0.0963],[29.2295,0.0966],[29.2343,0.098],[29.2463,0.0921],[29.252,0.0929],[29.2547,0.0953],[29.2587,0.0953],[29.2597,0.0946],[29.2654,0.0995]]]},"properties":{"pcode":"CD6110ZS01","iso3":"COD","name":"Butembo"},"id":"647"},
{"type":"Feature","geometry":{"type":"Polygon","coordinates":[[[29.3468,0.059],[29.3464,0.0626],[29.3511,0.0712],[29.3534,0.0712],[29.3603,0.0708],[29.3622,0.0712],[29.3655,0.0844],[29.3729,0.0987],[29.3712,0.1012],[29.3645,0.1062],[29.3588,0.1104],[29.3546,0.1204],[29.3454,0.1345],[29.3454,0.1462],[29.341,0.1546],[29.3404,0.1556],[29.337,0.1663],[29.3345,0.1738],[29.3345,0.1797],[29.3313,0.1821],[29.334,0.1872],[29.3336,0.1957],[29.3319,0.204],[29.3244,0.216],[29.3223,0.2202],[29.3206,0.2228],[29.3187,0.2247],[29.3196,0.2205],[29.3221,0.2181],[29.3204,0.2123],[29.316,0.2087],[29.3129,0.2064],[29.3112,0.203],[29.3105,0.1963],[29.307,0.1955],[29.3055,0.1938],[29.3055,0.1889],[29.3122,0.1831],[29.307,0.1772],[29.307,0.1755],[29.3026,0.1712],[29.3026,0.1708],[29.3017,0.1697],[29.3003,0.1684],[29.2996,0.1682],[29.2984,0.1674],[29.2979,0.1671],[29.2975,0.1665],[29.2965,0.1654],[29.2963,0.165],[29.2958,0.1646],[29.2956,0.1641],[29.2952,0.1635],[29.2942,0.1629],[29.2938,0.1622],[29.294,0.161],[29.2942,0.1607],[29.2942,0.1597],[29.2937,0.1586],[29.2933,0.1533],[29.2937,0.1507],[29.2942,0.1479],[29.2944,0.1469],[29.2944,0.1456],[29.2931,0.142],[29.2923,0.1375],[29.2929,0.1288],[29.2929,0.126],[29.2937,0.1243],[29.2938,0.1238],[29.2937,0.1228],[29.2931,0.1221],[29.2925,0.1217],[29.2923,0.1215],[29.2925,0.1209],[29.2927,0.1206],[29.2933,0.1204],[29.2937,0.1196],[29.2937,0.1192],[29.2937,0.1187],[29.2938,0.1181],[29.2942,0.1175],[29.2946,0.117],[29.2954,0.1147],[29.2954,0.1141],[29.2952,0.1138],[29.2946,0.1128],[29.294,0.1109],[29.2944,0.1104],[29.2954,0.1091],[29.2956,0.1085],[29.2959,0.1079],[29.2965,0.1074],[29.2965,0.107],[29.2959,0.1068],[29.2944,0.1062],[29.2942,0.1051],[29.2954,0.1019],[29.2916,0.0998],[29.29,0.0991],[29.29,0.0983],[29.29,0.0981],[29.2912,0.097],[29.2921,0.0963],[29.2927,0.0959],[29.2929,0.0955],[29.2929,0.0949],[29.2902,0.0936],[29.2883,0.0942],[29.287,0.0942],[29.2866,0.0944],[29.2864,0.0948],[29.2862,0.0953],[29.2862,0.0955],[29.2858,0.0963],[29.2854,0.0966],[29.2849,0.0966],[29.2843,0.0966],[29.2839,0.0966],[29.2835,0.0964],[29.2835,0.0963],[29.2832,0.0963],[29.283,0.0963],[29.2879,0.087],[29.2847,0.0836],[29.2847,0.0795],[29.2872,0.0746],[29.2921,0.0705],[29.2971,0.0688],[29.3013,0.0646],[29.3023,0.0612],[29.3112,0.062],[29.3185,0.0605],[29.3213,0.0578],[29.3338,0.0571],[29.3355,0.0605],[29.3414,0.0605],[29.3452,0.0588],[29.3468,0.059]]]},"properties":{"pcode":"CD6110ZS02","iso3":"COD","name":"Katwa"},"id":"648"},
{"type":"Feature","geometry":{"type":"Polygon","coordinates":[[[29.2108,-1.4319],[29.283,-1.3704],[29.3595,-1.0022],[29.2816,-0.8617],[29.1878,-1.0841],[29.1346,-1.2532],[29.2027,-1.3839],[29.2108,-1.4319]]]},"properties":{"pcode":"CD6111ZS01","iso3":"COD","name":"Bambo"},"id":"649"},
{"type":"Feature","geometry":{"type":"Polygon","coordinates":[[[29.448,-0.6009],[29.3595,-1.0022],[29.3643,-1.0037],[29.4104,-1.0276],[29.5937,-1.0504],[29.6804,-0.4457],[29.5855,-0.5845],[29.4875,-0.6474],[29.448,-0.6009]]]},"properties":{"pcode":"CD6111ZS02","iso3":"COD","name":"Binza"},"id":"650"},
{"type":"Feature","geometry":{"type":"Polygon","coordinates":[[[29.2027,-1.3839],[29.1346,-1.2532],[29.1878,-1.0841],[29.0352,-1.1122],[29.0828,-1.3649],[29.2027,-1.3839]]]},"properties":{"pcode":"CD6111ZS03","iso3":"COD","name":"Birambizo"},"id":"651"},
{"type":"Feature","geometry":{"type":"Polygon","coordinates":[[[29.0352,-1.1122],[29.1878,-1.0841],[29.2816,-0.8617],[29.3595,-1.0022],[29.448,-0.6009],[29.4474,-0.6005],[29.371,-0.7047],[29.3351,-0.6438],[29.2383,-0.7022],[29.1898,-0.6638],[29.0635,-0.8259],[28.8954,-0.8986],[29.0194,-0.9391],[28.9357,-1.0235],[29.0352,-1.1122]]]},"properties":{"pcode":"CD6111ZS04","iso3":"COD","name":"Kibirizi"},"id":"652"},
{"type":"Feature","geometry":{"type":"Polygon","coordinates":[[[29.3998,-1.5291],[29.5303,-1.4208],[29.4486,-1.2822],[29.5062,-1.2594],[29.4896,-1.1022],[29.4104,-1.0276],[29.3643,-1.0037],[29.3595,-1.0022],[29.283,-1.3704],[29.2108,-1.4319],[29.2106,-1.4351],[29.3158,-1.4688],[29.3998,-1.5291]]]},"properties":{"pcode":"CD6111ZS05","iso3":"COD","name":"Rutshuru"},"id":"653"},
{"type":"Feature","geometry":{"type":"Polygon","coordinates":[[[29.4104,-1.0276],[29.4896,-1.1022],[29.5062,-1.2594],[29.4486,-1.2822],[29.5303,-1.4208],[29.609,-1.3672],[29.5937,-1.0504],[29.4104,-1.0276]]]},"properties":{"pcode":"CD6111ZS06","iso3":"COD","name":"Rwanguba"},"id":"654"},
{"type":"Feature","geometry":{"type":"Polygon","coordinates":[[[28.8208,-2.5244],[28.8696,-2.4613],[28.8729,-2.459],[28.8045,-2.4711],[28.8208,-2.5244]]]},"properties":{"pcode":"CD6201ZS01","iso3":"COD","name":"Bagira"},"id":"655"},
{"type":"Feature","geometry":{"type":"Polygon","coordinates":[[[28.8857,-2.5552],[28.8834,-2.5541],[28.8769,-2.5504],[28.8903,-2.4788],[28.8805,-2.4662],[28.862,-2.4811],[28.842,-2.5375],[28.8857,-2.5552]]]},"properties":{"pcode":"CD6201ZS02","iso3":"COD","name":"Ibanda"},"id":"656"},
{"type":"Feature","geometry":{"type":"Polygon","coordinates":[[[28.8208,-2.5244],[28.8238,-2.5334],[28.836,-2.5327],[28.842,-2.5375],[28.862,-2.4811],[28.8805,-2.4662],[28.874,-2.4598],[28.8729,-2.459],[28.8696,-2.4613],[28.8208,-2.5244]]]},"properties":{"pcode":"CD6201ZS03","iso3":"COD","name":"Kadutu"},"id":"657"},
{"type":"Feature","geometry":{"type":"Polygon","coordinates":[[[28.8729,-2.459],[28.874,-2.4598],[28.8717,-2.4372],[28.8123,-2.4296],[28.7774,-2.3227],[28.6792,-2.2502],[28.6443,-2.2963],[28.6649,-2.3959],[28.5711,-2.485],[28.5992,-2.5677],[28.7543,-2.5509],[28.823,-2.5752],[28.8238,-2.5334],[28.8208,-2.5244],[28.8045,-2.4711],[28.8729,-2.459]]]},"properties":{"pcode":"CD6202ZS01","iso3":"COD","name":"Kabare"},"id":"658"},
{"type":"Feature","geometry":{"type":"Polygon","coordinates":[[[28.5711,-2.485],[28.3425,-2.3841],[28.3354,-2.3833],[28.268,-2.4246],[28.2732,-2.5174],[28.2103,-2.5121],[28.263,-2.5801],[28.2057,-2.6445],[28.2905,-2.607],[28.3589,-2.6524],[28.4336,-2.6991],[28.5087,-2.6564],[28.5992,-2.5677],[28.5711,-2.485]]]},"properties":{"pcode":"CD6202ZS02","iso3":"COD","name":"Kaniola"},"id":"659"},
{"type":"Feature","geometry":{"type":"Polygon","coordinates":[[[28.7774,-2.3227],[28.87,-2.2464],[28.8687,-2.1709],[28.8847,-2.1835],[28.9168,-2.1581],[28.8582,-2.1436],[28.8309,-2.1528],[28.7692,-2.1453],[28.6792,-2.2502],[28.7774,-2.3227]]]},"properties":{"pcode":"CD6202ZS03","iso3":"COD","name":"Katana"},"id":"660"},
{"type":"Feature","geometry":{"type":"Polygon","coordinates":[[[28.8717,-2.4372],[28.9054,-2.3733],[28.9802,-2.2553],[28.8964,-2.3392],[28.9388,-2.2366],[28.87,-2.2464],[28.7774,-2.3227],[28.8123,-2.4296],[28.8717,-2.4372]]]},"properties":{"pcode":"CD6202ZS04","iso3":"COD","name":"Miti-Murhesa"},"id":"661"},
{"type":"Feature","geometry":{"type":"Polygon","coordinates":[[[28.842,-2.5375],[28.836,-2.5327],[28.8238,-2.5334],[28.823,-2.5752],[28.8685,-2.6387],[28.8954,-2.6528],[28.8857,-2.5552],[28.842,-2.5375]]]},"properties":{"pcode":"CD6202ZS05","iso3":"COD","name":"Nyantende"},"id":"662"},
{"type":"Feature","geometry":{"type":"Polygon","coordinates":[[[27.6074,-3.1697],[27.5382,-3.1468],[27.4246,-3.1473],[27.3423,-3.2447],[27.1163,-3.2368],[27.0943,-3.333],[27.1352,-3.5388],[27.088,-3.7143],[27.1413,-3.8204],[27.1451,-3.8187],[27.1887,-3.8895],[27.4517,-3.9966],[27.8379,-4.0224],[27.9811,-3.9652],[28.0774,-3.829],[28.2035,-3.8279],[28.0251,-3.6207],[27.9871,-3.4321],[27.7009,-3.5049],[27.8157,-3.152],[27.6074,-3.1697]]]},"properties":{"pcode":"CD6203ZS01","iso3":"COD","name":"Kalole"},"id":"663"},
{"type":"Feature","geometry":{"type":"Polygon","coordinates":[[[27.7397,-2.0007],[27.381,-1.9912],[27.4723,-2.034],[27.4526,-2.1304],[27.2376,-2.2715],[26.9769,-2.1238],[26.9373,-2.1822],[26.868,-2.1588],[26.8615,-2.3229],[26.8107,-2.3398],[26.8598,-2.6021],[26.952,-2.5801],[27.0844,-2.623],[27.0808,-2.6633],[27.0945,-2.6581],[27.1047,-2.6449],[27.1056,-2.6072],[27.1864,-2.5647],[27.5848,-2.5944],[27.5972,-2.4155],[27.9328,-2.1377],[27.962,-2.0163],[27.8385,-2.0338],[27.7397,-2.0007]]]},"properties":{"pcode":"CD6203ZS02","iso3":"COD","name":"Lulingu"},"id":"664"},
{"type":"Feature","geometry":{"type":"Polygon","coordinates":[[[27.962,-2.0163],[27.9328,-2.1377],[27.5972,-2.4155],[27.5848,-2.5944],[27.6517,-2.73],[27.6074,-3.1697],[27.8157,-3.152],[27.8157,-3.1469],[27.8155,-3.1368],[27.8159,-3.1364],[27.8167,-3.1349],[27.8197,-3.1287],[27.8257,-3.1202],[27.8268,-3.1189],[27.8337,-3.1113],[27.8457,-3.0978],[27.8467,-3.0967],[27.8497,-3.0931],[27.8635,-3.0776],[27.8673,-3.0735],[27.8677,-3.0727],[27.8812,-3.0453],[27.877,-2.9663],[27.9666,-2.9953],[28.0459,-2.8839],[28.1706,-2.9033],[28.2239,-2.8358],[28.3177,-2.8281],[28.3589,-2.6524],[28.2905,-2.607],[28.2057,-2.6445],[28.263,-2.5801],[28.2103,-2.5121],[28.2732,-2.5174],[28.268,-2.4246],[28.3354,-2.3833],[28.2634,-2.275],[28.2915,-2.2087],[28.1905,-2.1451],[28.1672,-2.046],[28.0997,-2.0658],[28.095,-2.0251],[27.962,-2.0163]]]},"properties":{"pcode":"CD6203ZS03","iso3":"COD","name":"Mulungu"},"id":"665"},
{"type":"Feature","geometry":{"type":"Polygon","coordinates":[[[27.6074,-3.1697],[27.6517,-2.73],[27.5848,-2.5944],[27.1864,-2.5647],[27.1056,-2.6072],[27.1047,-2.6449],[27.0945,-2.6581],[27.0808,-2.6633],[27.0844,-2.623],[26.952,-2.5801],[26.8598,-2.6021],[26.9431,-2.7123],[26.9152,-2.8042],[26.9985,-2.9456],[27.1199,-3.0767],[27.1163,-3.2368],[27.3423,-3.2447],[27.4246,-3.1473],[27.5382,-3.1468],[27.6074,-3.1697]]]},"properties":{"pcode":"CD6203ZS04","iso3":"COD","name":"Shabunda"},"id":"666"},
{"type":"Feature","geometry":{"type":"Polygon","coordinates":[[[28.6676,-1.7517],[28.7004,-1.8285],[28.641,-1.8911],[28.4498,-1.8653],[28.354,-1.94],[28.3744,-1.9933],[28.1717,-1.9939],[28.1672,-2.046],[28.1905,-2.1451],[28.2915,-2.2087],[28.536,-2.2178],[28.5698,-2.2415],[28.5404,-2.0293],[28.7932,-1.8291],[28.7165,-1.7801],[28.6993,-1.7632],[28.6676,-1.7517]]]},"properties":{"pcode":"CD6205ZS01","iso3":"COD","name":"Bunyakiri"},"id":"667"},
{"type":"Feature","geometry":{"type":"Polygon","coordinates":[[[28.6792,-2.2502],[28.7692,-2.1453],[28.8309,-2.1528],[28.8582,-2.1436],[28.9764,-2.06],[28.9428,-1.9958],[28.9191,-2.0541],[28.9027,-2.0543],[28.9289,-1.9747],[28.9103,-1.9585],[28.7932,-1.8291],[28.5404,-2.0293],[28.5698,-2.2415],[28.6443,-2.2963],[28.6792,-2.2502]]]},"properties":{"pcode":"CD6205ZS02","iso3":"COD","name":"Kalehe"},"id":"668"},
{"type":"Feature","geometry":{"type":"Polygon","coordinates":[[[28.6443,-2.2963],[28.5698,-2.2415],[28.536,-2.2178],[28.2915,-2.2087],[28.2634,-2.275],[28.3354,-2.3833],[28.3425,-2.3841],[28.5711,-2.485],[28.6649,-2.3959],[28.6443,-2.2963]]]},"properties":{"pcode":"CD6205ZS03","iso3":"COD","name":"Kalonge"},"id":"669"},
{"type":"Feature","geometry":{"type":"Polygon","coordinates":[[[28.7165,-1.7801],[28.7932,-1.8291],[28.9103,-1.9585],[28.9289,-1.9747],[29.0918,-1.643],[29.0941,-1.6214],[28.9692,-1.7417],[28.8628,-1.7071],[28.7165,-1.7801]]]},"properties":{"pcode":"CD6205ZS04","iso3":"COD","name":"Minova"},"id":"670"},
{"type":"Feature","geometry":{"type":"Polygon","coordinates":[[[29.1311,-1.6287],[29.0973,-1.6206],[29.0941,-1.6214],[29.0918,-1.643],[28.9289,-1.9747],[28.9027,-2.0543],[28.9191,-2.0541],[28.9428,-1.9958],[28.9764,-2.06],[28.8582,-2.1436],[28.9168,-2.1581],[28.8847,-2.1835],[28.8687,-2.1709],[28.87,-2.2464],[28.9388,-2.2366],[28.8964,-2.3392],[28.9802,-2.2553],[28.9054,-2.3733],[29.0994,-2.2839],[29.1487,-2.1967],[29.167,-1.8862],[29.2425,-1.7001],[29.1311,-1.6287]]]},"properties":{"pcode":"CD6206ZS01","iso3":"COD","name":"Idjwi"},"id":"671"},
{"type":"Feature","geometry":{"type":"Polygon","coordinates":[[[28.8672,-2.7697],[28.8656,-2.7692],[28.7484,-2.7959],[28.7434,-2.7982],[28.8043,-2.988],[28.8737,-2.8227],[28.8672,-2.7697]]]},"properties":{"pcode":"CD6207ZS01","iso3":"COD","name":"Kaziba"},"id":"672"},
{"type":"Feature","geometry":{"type":"Polygon","coordinates":[[[28.3589,-2.6524],[28.3177,-2.8281],[28.3224,-2.8293],[28.4134,-2.7831],[28.5599,-2.8643],[28.5599,-2.865],[28.6532,-2.8417],[28.6813,-2.7777],[28.7434,-2.7982],[28.7484,-2.7959],[28.8719,-2.6626],[28.6454,-2.7321],[28.5087,-2.6564],[28.4336,-2.6991],[28.3589,-2.6524]]]},"properties":{"pcode":"CD6207ZS02","iso3":"COD","name":"Mubumbano"},"id":"673"},
{"type":"Feature","geometry":{"type":"Polygon","coordinates":[[[28.8685,-2.6387],[28.8719,-2.6626],[28.7484,-2.7959],[28.8656,-2.7692],[28.8672,-2.7697],[28.9178,-2.739],[29.0043,-2.7809],[29.0347,-2.734],[28.8971,-2.6611],[28.8954,-2.6528],[28.8685,-2.6387]]]},"properties":{"pcode":"CD6207ZS03","iso3":"COD","name":"Nyangezi"},"id":"674"},
{"type":"Feature","geometry":{"type":"Polygon","coordinates":[[[28.5992,-2.5677],[28.5087,-2.6564],[28.6454,-2.7321],[28.8719,-2.6626],[28.8685,-2.6387],[28.823,-2.5752],[28.7543,-2.5509],[28.5992,-2.5677]]]},"properties":{"pcode":"CD6207ZS04","iso3":"COD","name":"Walungu"},"id":"675"},
{"type":"Feature","geometry":{"type":"Polygon","coordinates":[[[28.8043,-2.988],[28.8087,-3.0087],[28.7824,-3.1411],[28.8406,-3.2665],[28.8922,-3.3189],[28.8282,-3.5974],[28.993,-3.6565],[29.0717,-3.5437],[29.0293,-3.5339],[29.0293,-3.298],[28.9898,-2.9129],[28.8737,-2.8227],[28.8043,-2.988]]]},"properties":{"pcode":"CD6208ZS01","iso3":"COD","name":"Hauts-Plateaux"},"id":"676"},
{"type":"Feature","geometry":{"type":"Polygon","coordinates":[[[28.8737,-2.8227],[28.9898,-2.9129],[29.0293,-3.298],[29.1347,-3.2886],[29.0597,-3.0211],[29.1143,-2.952],[29.1315,-2.9338],[29.0043,-2.7809],[28.9178,-2.739],[28.8672,-2.7697],[28.8737,-2.8227]]]},"properties":{"pcode":"CD6208ZS02","iso3":"COD","name":"Lemera"},"id":"677"},
{"type":"Feature","geometry":{"type":"Polygon","coordinates":[[[29.1347,-3.2886],[29.1919,-3.3226],[29.2239,-3.3251],[29.2543,-3.053],[29.1336,-2.9368],[29.1315,-2.9338],[29.1143,-2.952],[29.0597,-3.0211],[29.1347,-3.2886]]]},"properties":{"pcode":"CD6208ZS03","iso3":"COD","name":"Ruzizi"},"id":"678"},
{"type":"Feature","geometry":{"type":"Polygon","coordinates":[[[29.0717,-3.5437],[29.1439,-3.5505],[29.2354,-3.5611],[29.2239,-3.3251],[29.1919,-3.3226],[29.1347,-3.2886],[29.0293,-3.298],[29.0293,-3.5339],[29.0717,-3.5437]]]},"properties":{"pcode":"CD6208ZS04","iso3":"COD","name":"Uvira"},"id":"679"},
{"type":"Feature","geometry":{"type":"Polygon","coordinates":[[[29.2255,-3.8544],[28.9493,-3.8738],[28.8614,-3.9456],[28.8229,-3.9546],[28.7279,-3.9887],[28.7275,-3.9882],[28.6981,-4.0582],[28.6578,-4.1919],[28.6131,-4.3096],[28.6131,-4.3098],[28.659,-4.359],[28.9716,-5.0092],[29.3722,-5.0079],[29.379,-4.2019],[29.2255,-3.8544]]]},"properties":{"pcode":"CD6210ZS01","iso3":"COD","name":"Fizi"},"id":"680"},
{"type":"Feature","geometry":{"type":"Polygon","coordinates":[[[27.8379,-4.0224],[27.8343,-4.0898],[27.9305,-4.1266],[28.023,-4.1209],[28.0178,-4.1908],[28.1196,-4.2273],[28.1983,-4.1213],[28.494,-4.4546],[28.5532,-4.4601],[28.6074,-4.6766],[28.8036,-5.0103],[28.9716,-5.0092],[28.659,-4.359],[28.6131,-4.3098],[28.6131,-4.3096],[28.5822,-4.2772],[28.5069,-4.2171],[28.4752,-4.1904],[28.4153,-4.1173],[28.426,-4.0158],[28.3822,-4.0149],[28.4143,-3.8763],[28.3738,-3.856],[28.2035,-3.8279],[28.0774,-3.829],[27.9811,-3.9652],[27.8379,-4.0224]]]},"properties":{"pcode":"CD6210ZS02","iso3":"COD","name":"Kimbi Lulenge"},"id":"681"},
{"type":"Feature","geometry":{"type":"Polygon","coordinates":[[[28.7279,-3.9887],[28.7119,-3.781],[28.4808,-3.9085],[28.4512,-3.7964],[28.4376,-3.8522],[28.3738,-3.856],[28.4143,-3.8763],[28.3822,-4.0149],[28.426,-4.0158],[28.4153,-4.1173],[28.4752,-4.1904],[28.5069,-4.2171],[28.5822,-4.2772],[28.6131,-4.3096],[28.6578,-4.1919],[28.6981,-4.0582],[28.7275,-3.9882],[28.7279,-3.9887]]]},"properties":{"pcode":"CD6210ZS03","iso3":"COD","name":"Minembwe"},"id":"682"},
{"type":"Feature","geometry":{"type":"Polygon","coordinates":[[[28.8282,-3.5974],[28.6977,-3.6622],[28.8544,-3.8209],[28.8229,-3.9546],[28.8614,-3.9456],[28.9493,-3.8738],[29.2255,-3.8544],[29.2354,-3.5611],[29.1439,-3.5505],[29.0717,-3.5437],[28.993,-3.6565],[28.8282,-3.5974]]]},"properties":{"pcode":"CD6210ZS04","iso3":"COD","name":"Nundu"},"id":"683"},
{"type":"Feature","geometry":{"type":"Polygon","coordinates":[[[28.8406,-3.2665],[28.752,-3.2897],[28.6892,-3.2187],[28.5574,-3.359],[28.3946,-3.2422],[28.3308,-3.2712],[28.3171,-3.2692],[28.2655,-3.2562],[28.2117,-3.3353],[28.3448,-3.4123],[28.365,-3.5541],[28.4512,-3.7964],[28.4808,-3.9085],[28.7119,-3.781],[28.7279,-3.9887],[28.8229,-3.9546],[28.8544,-3.8209],[28.6977,-3.6622],[28.8282,-3.5974],[28.8922,-3.3189],[28.8406,-3.2665]]]},"properties":{"pcode":"CD6212ZS01","iso3":"COD","name":"Itombwe"},"id":"684"},
{"type":"Feature","geometry":{"type":"Polygon","coordinates":[[[27.8812,-3.0453],[27.9129,-3.0861],[28.064,-3.2661],[28.1402,-3.2733],[28.1026,-3.4145],[28.2245,-3.5383],[28.365,-3.5541],[28.3448,-3.4123],[28.2117,-3.3353],[28.2655,-3.2562],[28.3171,-3.2692],[28.3308,-3.2712],[28.2583,-2.9752],[28.3354,-2.9483],[28.3228,-2.8449],[28.3224,-2.8293],[28.3177,-2.8281],[28.2239,-2.8358],[28.1706,-2.9033],[28.0459,-2.8839],[27.9666,-2.9953],[27.877,-2.9663],[27.8812,-3.0453]]]},"properties":{"pcode":"CD6212ZS02","iso3":"COD","name":"Kamituga"},"id":"685"},
{"type":"Feature","geometry":{"type":"Polygon","coordinates":[[[28.2035,-3.8279],[28.3738,-3.856],[28.4376,-3.8522],[28.4512,-3.7964],[28.365,-3.5541],[28.2245,-3.5383],[28.1026,-3.4145],[28.1402,-3.2733],[28.064,-3.2661],[27.9129,-3.0861],[27.8812,-3.0453],[27.8677,-3.0727],[27.8673,-3.0735],[27.8635,-3.0776],[27.8497,-3.0931],[27.8467,-3.0967],[27.8457,-3.0978],[27.8337,-3.1113],[27.8268,-3.1189],[27.8257,-3.1202],[27.8197,-3.1287],[27.8167,-3.1349],[27.8159,-3.1364],[27.8155,-3.1368],[27.8157,-3.1469],[27.8157,-3.152],[27.7009,-3.5049],[27.9871,-3.4321],[28.0251,-3.6207],[28.2035,-3.8279]]]},"properties":{"pcode":"CD6212ZS03","iso3":"COD","name":"Kitutu"},"id":"686"},
{"type":"Feature","geometry":{"type":"Polygon","coordinates":[[[28.7434,-2.7982],[28.6813,-2.7777],[28.6532,-2.8417],[28.5599,-2.865],[28.7096,-3.0443],[28.8087,-3.0087],[28.8043,-2.988],[28.7434,-2.7982]]]},"properties":{"pcode":"CD6212ZS04","iso3":"COD","name":"Mwana"},"id":"687"},
{"type":"Feature","geometry":{"type":"Polygon","coordinates":[[[28.3224,-2.8293],[28.3228,-2.8449],[28.3354,-2.9483],[28.2583,-2.9752],[28.3308,-3.2712],[28.3946,-3.2422],[28.5574,-3.359],[28.6892,-3.2187],[28.752,-3.2897],[28.8406,-3.2665],[28.7824,-3.1411],[28.8087,-3.0087],[28.7096,-3.0443],[28.5599,-2.865],[28.5599,-2.8643],[28.4134,-2.7831],[28.3224,-2.8293]]]},"properties":{"pcode":"CD6212ZS05","iso3":"COD","name":"Mwenga"},"id":"688"},
{"type":"Feature","geometry":{"type":"Polygon","coordinates":[[[25.9375,-3.0121],[25.9407,-3.0106],[25.9963,-2.9375],[25.9497,-2.8658],[25.9375,-3.0121]]]},"properties":{"pcode":"CD6301ZS01","iso3":"COD","name":"Alunguli"},"id":"689"},
{"type":"Feature","geometry":{"type":"Polygon","coordinates":[[[25.9497,-2.8658],[25.8347,-2.8528],[25.8363,-3.0121],[25.8964,-3.0221],[25.9375,-3.0121],[25.9497,-2.8658]]]},"properties":{"pcode":"CD6301ZS02","iso3":"COD","name":"Kindu"},"id":"690"},
{"type":"Feature","geometry":{"type":"Polygon","coordinates":[[[25.0245,-1.9686],[24.5984,-1.9809],[24.7044,-2.3679],[24.7441,-2.3667],[25.0484,-2.4119],[25.0018,-2.5455],[25.0744,-2.6008],[25.1124,-2.7743],[24.9586,-3.2339],[25.0765,-3.3004],[25.1265,-3.2328],[25.2936,-3.2419],[25.3777,-3.2599],[25.4086,-3.2],[25.6752,-3.2684],[25.7707,-3.2243],[25.7732,-3.1646],[25.8498,-3.1656],[25.88,-3.3531],[25.9354,-3.1925],[26.1252,-3.1601],[26.0889,-3.0605],[26.0595,-2.9579],[26.1907,-2.8449],[26.2194,-2.8334],[26.2303,-2.7294],[26.4984,-2.5922],[26.525,-2.4617],[26.6109,-2.4362],[26.6218,-2.4882],[26.6696,-2.3743],[26.7658,-2.3487],[26.8107,-2.3398],[26.8615,-2.3229],[26.868,-2.1588],[26.7947,-2.0153],[26.6478,-2.0234],[26.592,-2.0502],[26.614,-2.1061],[26.5519,-2.0749],[26.4946,-2.1568],[26.3565,-2.0136],[26.1279,-2.0494],[25.9268,-1.9733],[25.8193,-2.0255],[25.9073,-1.9338],[25.9104,-1.84],[25.8521,-1.766],[25.8435,-1.8329],[25.7134,-1.8246],[25.4227,-2.0547],[25.2402,-2.1119],[25.176,-2.0777],[25.1972,-1.983],[25.0245,-1.9686]],[[25.9375,-3.0121],[25.8964,-3.0221],[25.8363,-3.0121],[25.8347,-2.8528],[25.9497,-2.8658],[25.9963,-2.9375],[25.9407,-3.0106],[25.9375,-3.0121]]]},"properties":{"pcode":"CD6302ZS01","iso3":"COD","name":"Kailo"},"id":"691"},
{"type":"Feature","geometry":{"type":"Polygon","coordinates":[[[25.8521,-1.766],[25.9104,-1.84],[25.9073,-1.9338],[25.8193,-2.0255],[25.9268,-1.9733],[26.1279,-2.0494],[26.3565,-2.0136],[26.4946,-2.1568],[26.5519,-2.0749],[26.614,-2.1061],[26.592,-2.0502],[26.6478,-2.0234],[26.5978,-1.8809],[26.4364,-1.8698],[26.3584,-1.8035],[26.193,-1.4278],[26.1978,-1.2728],[26.1932,-1.2431],[26.0821,-1.2815],[25.9994,-1.5007],[25.8611,-1.4116],[25.8521,-1.766]]]},"properties":{"pcode":"CD6303ZS01","iso3":"COD","name":"Ferekeni"},"id":"692"},
{"type":"Feature","geometry":{"type":"Polygon","coordinates":[[[27.5608,-1.637],[27.4494,-1.4592],[27.3915,-1.45],[27.3648,-1.3067],[27.2273,-1.205],[27.1394,-1.1674],[26.9855,-1.1758],[26.88,-1.2284],[26.8371,-1.3289],[26.5792,-1.4174],[26.4591,-1.3999],[26.3351,-1.2777],[26.1978,-1.2728],[26.193,-1.4278],[26.3584,-1.8035],[26.4364,-1.8698],[26.5978,-1.8809],[26.6478,-2.0234],[26.7947,-2.0153],[26.868,-2.1588],[26.9373,-2.1822],[26.9769,-2.1238],[27.2376,-2.2715],[27.4526,-2.1304],[27.4723,-2.034],[27.381,-1.9912],[27.7397,-2.0007],[27.7468,-1.7894],[27.5608,-1.637]]]},"properties":{"pcode":"CD6303ZS02","iso3":"COD","name":"Punia"},"id":"693"},
{"type":"Feature","geometry":{"type":"Polygon","coordinates":[[[26.2473,-0.8858],[26.3363,-0.8969],[26.5573,-0.7745],[26.7886,-0.8853],[27.2727,-1.0587],[27.2745,-0.9802],[27.3419,-0.9442],[27.7665,-0.8858],[27.8411,-0.596],[27.6605,-0.5954],[27.4882,-0.4907],[27.3587,-0.5158],[27.3004,-0.4527],[27.1358,-0.4237],[27.0095,-0.274],[26.846,-0.2058],[26.8409,-0.2593],[26.6148,-0.3521],[26.4574,-0.3819],[26.3013,-0.1921],[26.0672,-0.035],[26.0651,-0.1612],[26.1709,-0.2841],[26.1092,-0.3727],[26.2238,-0.4625],[26.271,-0.4964],[26.2473,-0.8858]]]},"properties":{"pcode":"CD6305ZS01","iso3":"COD","name":"Lubutu"},"id":"694"},
{"type":"Feature","geometry":{"type":"Polygon","coordinates":[[[26.0821,-1.2815],[26.1932,-1.2431],[26.1978,-1.2728],[26.3351,-1.2777],[26.4591,-1.3999],[26.5792,-1.4174],[26.8371,-1.3289],[26.88,-1.2284],[26.9855,-1.1758],[27.1394,-1.1674],[27.2273,-1.205],[27.3381,-1.1819],[27.2727,-1.0587],[26.7886,-0.8853],[26.5573,-0.7745],[26.3363,-0.8969],[26.2473,-0.8858],[26.0737,-0.9625],[26.083,-1.0907],[26.1411,-1.1329],[26.0803,-1.1553],[26.0821,-1.2815]]]},"properties":{"pcode":"CD6305ZS02","iso3":"COD","name":"Obokote"},"id":"695"},
{"type":"Feature","geometry":{"type":"Polygon","coordinates":[[[26.8107,-2.3398],[26.7658,-2.3487],[26.6696,-2.3743],[26.6218,-2.4882],[26.6109,-2.4362],[26.525,-2.4617],[26.4984,-2.5922],[26.2303,-2.7294],[26.2194,-2.8334],[26.5353,-2.9377],[26.7244,-3.0688],[26.8774,-3.0577],[26.9945,-2.9727],[26.9985,-2.9456],[26.9152,-2.8042],[26.9431,-2.7123],[26.8598,-2.6021],[26.8107,-2.3398]]]},"properties":{"pcode":"CD6307ZS01","iso3":"COD","name":"Kalima"},"id":"696"},
{"type":"Feature","geometry":{"type":"Polygon","coordinates":[[[27.0943,-3.333],[27.0315,-3.3251],[26.9568,-3.3002],[26.8558,-3.3503],[26.8121,-3.443],[26.5951,-3.3663],[26.6018,-3.4563],[26.5278,-3.3767],[26.3023,-3.352],[26.3481,-3.25],[26.1762,-3.3204],[26.2849,-3.1121],[26.2624,-3.0347],[26.0889,-3.0605],[26.1252,-3.1601],[25.9354,-3.1925],[25.88,-3.3531],[25.9337,-3.398],[26.0181,-3.3859],[26.058,-3.6317],[26.159,-3.6239],[26.1648,-3.7996],[26.326,-3.797],[26.3819,-3.9326],[26.5044,-3.9109],[26.6174,-3.6174],[26.7836,-3.6678],[26.8243,-3.6991],[27.088,-3.7143],[27.1352,-3.5388],[27.0943,-3.333]]]},"properties":{"pcode":"CD6307ZS02","iso3":"COD","name":"Kampene"},"id":"697"},
{"type":"Feature","geometry":{"type":"Polygon","coordinates":[[[27.1163,-3.2368],[27.1199,-3.0767],[26.9985,-2.9456],[26.9945,-2.9727],[26.8774,-3.0577],[26.7244,-3.0688],[26.5353,-2.9377],[26.2194,-2.8334],[26.1907,-2.8449],[26.0595,-2.9579],[26.0889,-3.0605],[26.2624,-3.0347],[26.2849,-3.1121],[26.1762,-3.3204],[26.3481,-3.25],[26.3023,-3.352],[26.5278,-3.3767],[26.6018,-3.4563],[26.5951,-3.3663],[26.8121,-3.443],[26.8558,-3.3503],[26.9568,-3.3002],[27.0315,-3.3251],[27.0943,-3.333],[27.1163,-3.2368]]]},"properties":{"pcode":"CD6307ZS03","iso3":"COD","name":"Pangi"},"id":"698"},
{"type":"Feature","geometry":{"type":"Polygon","coordinates":[[[27.9305,-4.1266],[27.826,-4.2367],[27.7426,-4.2279],[27.6471,-4.4299],[27.6394,-4.5062],[27.5648,-4.5401],[27.5008,-4.5516],[27.5012,-4.6026],[27.5734,-4.6318],[27.5737,-4.7535],[27.645,-4.7439],[27.5858,-4.7894],[27.4341,-4.7343],[27.3847,-4.7874],[27.4251,-4.8459],[27.4179,-5.0115],[27.6736,-5.01],[28.4071,-5.0198],[28.8015,-5.0103],[28.802,-5.0103],[28.8036,-5.0103],[28.6074,-4.6766],[28.5532,-4.4601],[28.494,-4.4546],[28.1983,-4.1213],[28.1196,-4.2273],[28.0178,-4.1908],[28.023,-4.1209],[27.9305,-4.1266]]]},"properties":{"pcode":"CD6309ZS01","iso3":"COD","name":"Kabambare"},"id":"699"},
{"type":"Feature","geometry":{"type":"Polygon","coordinates":[[[27.6471,-4.4299],[27.5554,-4.4234],[27.5067,-4.4446],[27.5054,-4.4019],[27.4515,-4.4782],[27.3126,-4.3036],[27.2332,-4.2836],[27.2739,-4.3586],[27.0464,-4.3761],[27.0542,-4.4433],[26.9236,-4.5369],[26.9419,-4.8299],[26.9685,-4.9996],[27.0317,-5.0013],[27.4179,-5.0115],[27.4251,-4.8459],[27.3847,-4.7874],[27.4341,-4.7343],[27.5858,-4.7894],[27.645,-4.7439],[27.5737,-4.7535],[27.5734,-4.6318],[27.5012,-4.6026],[27.5008,-4.5516],[27.5648,-4.5401],[27.6394,-4.5062],[27.6471,-4.4299]]]},"properties":{"pcode":"CD6309ZS02","iso3":"COD","name":"Lusangi"},"id":"700"},
{"type":"Feature","geometry":{"type":"Polygon","coordinates":[[[27.1413,-3.8204],[27.0611,-3.8315],[26.8997,-4.0092],[27.0086,-4.0296],[27.0464,-4.3761],[27.2739,-4.3586],[27.2332,-4.2836],[27.3126,-4.3036],[27.4515,-4.4782],[27.5054,-4.4019],[27.5067,-4.4446],[27.5554,-4.4234],[27.6471,-4.4299],[27.7426,-4.2279],[27.826,-4.2367],[27.9305,-4.1266],[27.8343,-4.0898],[27.8379,-4.0224],[27.4517,-3.9966],[27.1887,-3.8895],[27.1451,-3.8187],[27.1413,-3.8204]]]},"properties":{"pcode":"CD6309ZS03","iso3":"COD","name":"Saramabila"},"id":"701"},
{"type":"Feature","geometry":{"type":"Polygon","coordinates":[[[27.088,-3.7143],[26.8243,-3.6991],[26.7836,-3.6678],[26.6782,-3.7467],[26.5957,-3.9693],[26.5957,-3.9695],[26.5899,-4.1861],[26.3015,-4.1912],[26.2125,-4.2593],[26.2421,-4.3375],[26.4725,-4.403],[26.5865,-4.5337],[26.8185,-4.6324],[26.9419,-4.8299],[26.9236,-4.5369],[27.0542,-4.4433],[27.0464,-4.3761],[27.0086,-4.0296],[26.8997,-4.0092],[27.0611,-3.8315],[27.1413,-3.8204],[27.088,-3.7143]]]},"properties":{"pcode":"CD6311ZS01","iso3":"COD","name":"Kasongo"},"id":"702"},
{"type":"Feature","geometry":{"type":"Polygon","coordinates":[[[25.88,-3.3531],[26.0452,-3.7164],[25.9757,-4.039],[26.079,-4.1972],[26.2125,-4.2593],[26.3015,-4.1912],[26.5899,-4.1861],[26.5957,-3.9695],[26.5957,-3.9693],[26.6782,-3.7467],[26.7836,-3.6678],[26.6174,-3.6174],[26.5044,-3.9109],[26.3819,-3.9326],[26.326,-3.797],[26.1648,-3.7996],[26.159,-3.6239],[26.058,-3.6317],[26.0181,-3.3859],[25.9337,-3.398],[25.88,-3.3531]]]},"properties":{"pcode":"CD6311ZS02","iso3":"COD","name":"Kunda"},"id":"703"},
{"type":"Feature","geometry":{"type":"Polygon","coordinates":[[[26.9419,-4.8299],[26.8185,-4.6324],[26.5865,-4.5337],[26.4725,-4.403],[26.2421,-4.3375],[26.2125,-4.2593],[26.079,-4.1972],[26.1077,-4.2738],[25.9854,-4.3966],[26.0511,-4.4719],[25.7352,-4.8277],[25.8269,-4.8962],[25.7218,-4.9512],[25.671,-4.9188],[25.6586,-4.9989],[26.2706,-5],[26.9347,-4.9996],[26.9685,-4.9996],[26.9419,-4.8299]]]},"properties":{"pcode":"CD6311ZS03","iso3":"COD","name":"Samba"},"id":"704"},
{"type":"Feature","geometry":{"type":"Polygon","coordinates":[[[25.2936,-3.2419],[25.2646,-3.4108],[25.3521,-3.5991],[25.3219,-3.714],[25.4972,-4.055],[25.4709,-4.4586],[25.4012,-4.5844],[25.2503,-4.797],[25.2102,-4.9896],[25.3691,-4.993],[25.6579,-4.9989],[25.6586,-4.9989],[25.671,-4.9188],[25.7218,-4.9512],[25.8269,-4.8962],[25.7352,-4.8277],[26.0511,-4.4719],[25.9854,-4.3966],[26.1077,-4.2738],[26.079,-4.1972],[25.9757,-4.039],[26.0452,-3.7164],[25.88,-3.3531],[25.8498,-3.1656],[25.7732,-3.1646],[25.7707,-3.2243],[25.6752,-3.2684],[25.4086,-3.2],[25.3777,-3.2599],[25.2936,-3.2419]],[[25.4012,-4.5844],[25.4014,-4.5846],[25.4012,-4.5846],[25.4012,-4.5844]]]},"properties":{"pcode":"CD6313ZS01","iso3":"COD","name":"Kibombo"},"id":"705"},
{"type":"Feature","geometry":{"type":"MultiPolygon","coordinates":[[[[25.4012,-4.5844],[25.4012,-4.5846],[25.4014,-4.5846],[25.4012,-4.5844]]],[[[24.9586,-3.2339],[24.8983,-3.282],[24.9032,-3.3712],[24.7745,-3.4846],[24.8076,-3.6665],[24.743,-3.7819],[24.921,-4.0441],[24.9817,-4.0507],[25.0155,-4.2848],[25.0001,-4.4659],[24.8591,-4.6339],[24.9838,-4.8352],[24.9985,-4.8608],[25.0614,-4.9866],[25.2102,-4.9896],[25.2503,-4.797],[25.4012,-4.5844],[25.4709,-4.4586],[25.4972,-4.055],[25.3219,-3.714],[25.3521,-3.5991],[25.2646,-3.4108],[25.2936,-3.2419],[25.1265,-3.2328],[25.0765,-3.3004],[24.9586,-3.2339]]]]},"properties":{"pcode":"CD6313ZS02","iso3":"COD","name":"Tunda"},"id":"706"},
{"type":"Feature","geometry":{"type":"Polygon","coordinates":[[[27.6608,-11.8118],[27.6641,-11.806],[27.7976,-11.7937],[27.7399,-11.6836],[27.6244,-11.7642],[27.627,-11.8205],[27.6608,-11.8118]]]},"properties":{"pcode":"CD7101ZS01","iso3":"COD","name":"Kamalondo"},"id":"707"},
{"type":"Feature","geometry":{"type":"Polygon","coordinates":[[[27.7976,-11.7937],[27.8923,-11.9591],[27.9756,-11.9073],[28.0105,-11.7932],[27.8772,-11.6318],[27.6763,-11.5734],[27.7017,-11.6176],[27.7399,-11.6836],[27.7976,-11.7937]]]},"properties":{"pcode":"CD7101ZS02","iso3":"COD","name":"Kampemba"},"id":"708"},
{"type":"Feature","geometry":{"type":"Polygon","coordinates":[[[27.627,-11.8205],[27.5791,-11.854],[27.5779,-11.8587],[27.6561,-11.9879],[27.7019,-11.9858],[27.6608,-11.8118],[27.627,-11.8205]]]},"properties":{"pcode":"CD7101ZS03","iso3":"COD","name":"Katuba"},"id":"709"},
{"type":"Feature","geometry":{"type":"Polygon","coordinates":[[[27.6608,-11.8118],[27.7019,-11.9858],[27.7164,-11.9852],[27.7867,-11.9822],[27.8923,-11.9591],[27.7976,-11.7937],[27.6641,-11.806],[27.6608,-11.8118]]]},"properties":{"pcode":"CD7101ZS04","iso3":"COD","name":"Kenya"},"id":"710"},
{"type":"Feature","geometry":{"type":"Polygon","coordinates":[[[27.5791,-11.854],[27.4517,-11.8858],[27.6561,-11.9879],[27.5779,-11.8587],[27.5791,-11.854]]]},"properties":{"pcode":"CD7101ZS05","iso3":"COD","name":"Kisanga"},"id":"711"},
{"type":"Feature","geometry":{"type":"Polygon","coordinates":[[[27.7399,-11.6836],[27.7017,-11.6176],[27.6198,-11.7529],[27.5359,-11.6465],[27.5439,-11.5713],[27.5483,-11.541],[27.3973,-11.6651],[27.4261,-11.8581],[27.5394,-11.7647],[27.6244,-11.7642],[27.7399,-11.6836]]]},"properties":{"pcode":"CD7101ZS07","iso3":"COD","name":"Lubumbashi"},"id":"713"},
{"type":"Feature","geometry":{"type":"Polygon","coordinates":[[[27.6244,-11.7642],[27.5394,-11.7647],[27.4261,-11.8581],[27.4517,-11.8858],[27.5791,-11.854],[27.627,-11.8205],[27.6244,-11.7642]]]},"properties":{"pcode":"CD7101ZS08","iso3":"COD","name":"Mumbunda"},"id":"714"},
{"type":"Feature","geometry":{"type":"Polygon","coordinates":[[[28.0105,-11.7932],[28.0264,-11.7545],[28.1001,-11.6706],[28.0856,-11.6135],[28.1446,-11.6342],[28.1824,-11.5532],[28.0604,-11.5785],[27.9072,-11.4845],[27.5483,-11.541],[27.5439,-11.5713],[27.6753,-11.573],[27.6763,-11.5734],[27.8772,-11.6318],[28.0105,-11.7932]]]},"properties":{"pcode":"CD7101ZS09","iso3":"COD","name":"Rwashi"},"id":"715"},
{"type":"Feature","geometry":{"type":"Polygon","coordinates":[[[27.6763,-11.5734],[27.6753,-11.573],[27.5439,-11.5713],[27.5359,-11.6465],[27.6198,-11.7529],[27.7017,-11.6176],[27.6763,-11.5734]]]},"properties":{"pcode":"CD7101ZS10","iso3":"COD","name":"Tshamilemba"},"id":"716"},
{"type":"Feature","geometry":{"type":"Polygon","coordinates":[[[28.0264,-11.7545],[28.3305,-11.7566],[28.4281,-11.9604],[28.4848,-11.9615],[28.5096,-11.8835],[28.4363,-11.8274],[28.3832,-11.5828],[28.5102,-10.9764],[28.5236,-10.9638],[28.3501,-11.0339],[28.3998,-11.0841],[28.1771,-11.3681],[28.1213,-11.25],[28.0218,-11.2231],[28.009,-11.2956],[27.8304,-11.2581],[27.7254,-11.3064],[27.5411,-11.2273],[27.4357,-11.2723],[27.5483,-11.541],[27.9072,-11.4845],[28.0604,-11.5785],[28.1824,-11.5532],[28.1446,-11.6342],[28.0856,-11.6135],[28.1001,-11.6706],[28.0264,-11.7545]]]},"properties":{"pcode":"CD7102ZS01","iso3":"COD","name":"Kafubu"},"id":"718"},
{"type":"Feature","geometry":{"type":"Polygon","coordinates":[[[27.6561,-11.9879],[27.4517,-11.8858],[27.4261,-11.8581],[27.3973,-11.6651],[27.5483,-11.541],[27.4357,-11.2723],[27.2609,-11.4299],[27.2061,-11.5679],[27.232,-11.7869],[27.463,-11.928],[27.5151,-12.157],[27.6731,-12.2832],[27.7237,-12.2093],[27.6872,-12.1301],[27.7867,-11.9822],[27.7164,-11.9852],[27.7019,-11.9858],[27.6561,-11.9879]]]},"properties":{"pcode":"CD7102ZS02","iso3":"COD","name":"Kipushi"},"id":"719"},
{"type":"Feature","geometry":{"type":"Polygon","coordinates":[[[27.8923,-11.9591],[27.7867,-11.9822],[27.6872,-12.1301],[27.7237,-12.2093],[27.6731,-12.2832],[27.9181,-12.2398],[27.955,-12.354],[28.0761,-12.353],[28.129,-12.4361],[28.174,-12.383],[28.315,-12.4189],[28.442,-12.5159],[28.523,-12.6321],[28.4651,-12.734],[28.573,-12.8929],[28.6531,-12.8189],[28.79,-12.9458],[29.0041,-13.4161],[29.122,-13.3701],[29.1831,-13.443],[29.5811,-13.2129],[29.6779,-13.2359],[29.6111,-13.4091],[29.809,-13.4551],[29.8071,-12.156],[29.485,-12.2429],[29.456,-12.3331],[29.537,-12.4071],[29.499,-12.47],[29.2669,-12.3641],[29.0589,-12.389],[28.7591,-11.9901],[28.5096,-11.8835],[28.4848,-11.9615],[28.4281,-11.9604],[28.3305,-11.7566],[28.0264,-11.7545],[28.0105,-11.7932],[27.9756,-11.9073],[27.8923,-11.9591]]]},"properties":{"pcode":"CD7104ZS01","iso3":"COD","name":"Sakania"},"id":"720"},
{"type":"Feature","geometry":{"type":"Polygon","coordinates":[[[27.102,-10.5467],[26.9389,-10.6073],[26.8816,-10.4892],[26.691,-10.4672],[26.5571,-10.4757],[26.4539,-10.5015],[26.5664,-10.6005],[26.5103,-10.6744],[26.6052,-10.7333],[26.566,-10.8815],[26.419,-10.918],[26.3657,-11.0015],[26.4505,-11.0753],[26.6243,-11.2015],[26.7114,-11.0312],[26.6308,-10.9664],[26.6719,-10.8796],[26.7794,-10.9499],[26.8797,-11.0226],[26.9503,-11.0308],[27.0013,-10.8875],[27.2766,-10.8535],[27.102,-10.5467]]]},"properties":{"pcode":"CD7105ZS01","iso3":"COD","name":"Kambove"},"id":"721"},
{"type":"Feature","geometry":{"type":"Polygon","coordinates":[[[27.5411,-11.2273],[27.2989,-10.8653],[27.2937,-10.8491],[27.2766,-10.8535],[27.0013,-10.8875],[26.9503,-11.0308],[26.8797,-11.0226],[26.7114,-11.0312],[26.6243,-11.2015],[26.6717,-11.2666],[26.6719,-11.2666],[26.6734,-11.2661],[26.7912,-11.228],[26.8357,-11.3975],[26.9234,-11.5715],[27.0441,-11.603],[27.2061,-11.5679],[27.2609,-11.4299],[27.4357,-11.2723],[27.5411,-11.2273]]]},"properties":{"pcode":"CD7105ZS02","iso3":"COD","name":"Kapolowe"},"id":"722"},
{"type":"Feature","geometry":{"type":"Polygon","coordinates":[[[26.3657,-11.0015],[26.3605,-11.2286],[26.359,-11.2372],[26.3844,-11.6544],[26.5193,-11.7542],[26.4568,-11.9176],[26.708,-12.009],[26.775,-11.963],[26.8841,-11.9851],[27.008,-11.847],[27.0441,-11.603],[26.9234,-11.5715],[26.8357,-11.3975],[26.8138,-11.4894],[26.7049,-11.5523],[26.6243,-11.6847],[26.5036,-11.5468],[26.5985,-11.4772],[26.6734,-11.2661],[26.6719,-11.2666],[26.6717,-11.2666],[26.6243,-11.2015],[26.4505,-11.0753],[26.3657,-11.0015]]]},"properties":{"pcode":"CD7105ZS03","iso3":"COD","name":"Kilela Balanda"},"id":"723"},
{"type":"Feature","geometry":{"type":"Polygon","coordinates":[[[26.3605,-11.2286],[26.3092,-11.2049],[26.3309,-11.0612],[26.2339,-10.9352],[26.2049,-10.8817],[26.0653,-10.9794],[25.9474,-10.9519],[25.7937,-11.1325],[25.7749,-11.4581],[25.6745,-11.6323],[25.5081,-11.7299],[25.497,-11.7851],[25.65,-11.7289],[25.719,-11.8159],[25.88,-11.7999],[25.99,-11.941],[26.33,-11.966],[26.4568,-11.9176],[26.5193,-11.7542],[26.3844,-11.6544],[26.359,-11.2372],[26.3605,-11.2286]]]},"properties":{"pcode":"CD7105ZS04","iso3":"COD","name":"Manika"},"id":"724"},
{"type":"Feature","geometry":{"type":"Polygon","coordinates":[[[26.6734,-11.2661],[26.5985,-11.4772],[26.5036,-11.5468],[26.6243,-11.6847],[26.7049,-11.5523],[26.8138,-11.4894],[26.8357,-11.3975],[26.7912,-11.228],[26.6734,-11.2661]]]},"properties":{"pcode":"CD7105ZS05","iso3":"COD","name":"Panda"},"id":"725"},
{"type":"Feature","geometry":{"type":"Polygon","coordinates":[[[26.7114,-11.0312],[26.8797,-11.0226],[26.7794,-10.9499],[26.6719,-10.8796],[26.6308,-10.9664],[26.7114,-11.0312]]]},"properties":{"pcode":"CD7106ZS01","iso3":"COD","name":"Likasi"},"id":"726"},
{"type":"Feature","geometry":{"type":"Polygon","coordinates":[[[28.5236,-10.9638],[28.5576,-10.8341],[28.6968,-10.6627],[28.5872,-10.2463],[28.5314,-10.2384],[28.3774,-10.2365],[28.1324,-10.3312],[28.0285,-10.4555],[27.9208,-10.4695],[27.8197,-10.5806],[27.9038,-10.6358],[27.8912,-10.7589],[28.0606,-10.8866],[28.0149,-11.1165],[28.1213,-11.25],[28.1771,-11.3681],[28.3998,-11.0841],[28.3501,-11.0339],[28.5236,-10.9638]]]},"properties":{"pcode":"CD7107ZS01","iso3":"COD","name":"Kasenga"},"id":"727"},
{"type":"Feature","geometry":{"type":"Polygon","coordinates":[[[27.2766,-10.8535],[27.2937,-10.8491],[27.2989,-10.8653],[27.5642,-11.0448],[27.5054,-10.8367],[27.4389,-10.4198],[27.2233,-10.0636],[27.0483,-10.0981],[26.9822,-10.2258],[27.1879,-10.4295],[27.102,-10.5467],[27.2766,-10.8535]]]},"properties":{"pcode":"CD7107ZS02","iso3":"COD","name":"Kikula"},"id":"728"},
{"type":"Feature","geometry":{"type":"Polygon","coordinates":[[[28.1213,-11.25],[28.0149,-11.1165],[28.0606,-10.8866],[27.8912,-10.7589],[27.9038,-10.6358],[27.8197,-10.5806],[27.9208,-10.4695],[27.7376,-10.0893],[27.734,-10.0915],[27.5978,-10.1495],[27.5275,-10.1021],[27.5671,-10.0102],[27.4962,-9.9838],[27.3079,-9.9966],[27.2275,-10.0636],[27.2233,-10.0636],[27.4389,-10.4198],[27.5054,-10.8367],[27.5642,-11.0448],[27.2989,-10.8653],[27.5411,-11.2273],[27.7254,-11.3064],[27.8304,-11.2581],[28.009,-11.2956],[28.0218,-11.2231],[28.1213,-11.25]]]},"properties":{"pcode":"CD7107ZS03","iso3":"COD","name":"Lukafu"},"id":"729"},
{"type":"Feature","geometry":{"type":"Polygon","coordinates":[[[28.5872,-10.2463],[28.697,-9.8062],[28.5788,-9.4143],[28.5165,-9.445],[28.5085,-9.3904],[28.4779,-9.4644],[28.5688,-9.4968],[28.5283,-9.5136],[28.5579,-9.52],[28.5467,-9.5857],[28.5383,-9.5288],[28.437,-9.5251],[28.4111,-9.6311],[28.1221,-9.6356],[28.1498,-9.6934],[28.0902,-9.6927],[28.0726,-9.7731],[28.0008,-9.6979],[27.9238,-9.736],[27.8497,-9.6326],[27.759,-9.7582],[27.8079,-9.8902],[27.734,-10.0915],[27.7376,-10.0893],[27.9208,-10.4695],[28.0285,-10.4555],[28.1324,-10.3312],[28.3774,-10.2365],[28.5314,-10.2384],[28.5872,-10.2463]]]},"properties":{"pcode":"CD7107ZS04","iso3":"COD","name":"Kashobwe"},"id":"730"},
{"type":"Feature","geometry":{"type":"Polygon","coordinates":[[[27.8375,-8.1445],[27.8184,-8.1515],[27.6988,-8.1995],[27.6417,-8.0784],[27.2263,-8.207],[27.0155,-8.4871],[27.0065,-8.5328],[27.0852,-8.5605],[26.8497,-8.7812],[26.818,-8.671],[26.7549,-8.6686],[26.7532,-8.6695],[26.6734,-9.007],[26.5162,-9.1509],[27.0145,-9.4173],[27.6603,-9.404],[27.7456,-9.4831],[27.802,-9.3109],[27.6375,-9.1556],[27.7947,-8.9413],[27.7592,-8.869],[27.6131,-8.8368],[27.6826,-8.7183],[27.6452,-8.6164],[27.9844,-8.3611],[27.9859,-8.2285],[27.9603,-8.2724],[27.8339,-8.2464],[27.8408,-8.1812],[27.7437,-8.2816],[27.7307,-8.2325],[27.8375,-8.1445]]]},"properties":{"pcode":"CD7108ZS01","iso3":"COD","name":"Mitwaba"},"id":"731"},
{"type":"Feature","geometry":{"type":"Polygon","coordinates":[[[27.2233,-10.0636],[27.2275,-10.0636],[27.3079,-9.9966],[27.4962,-9.9838],[27.5671,-10.0102],[27.5275,-10.1021],[27.5978,-10.1495],[27.734,-10.0915],[27.8079,-9.8902],[27.759,-9.7582],[27.7053,-9.6501],[27.7456,-9.4831],[27.6603,-9.404],[27.0145,-9.4173],[26.5162,-9.1509],[26.4646,-9.2174],[26.5023,-9.2641],[26.4652,-9.3748],[26.4652,-9.375],[26.4801,-9.4405],[26.3327,-9.6413],[26.2755,-9.8778],[26.7735,-9.913],[26.7471,-10.0056],[27.0751,-9.9217],[27.0995,-10.0335],[27.0483,-10.0981],[27.2233,-10.0636]]]},"properties":{"pcode":"CD7108ZS02","iso3":"COD","name":"Mufunga Sampwe"},"id":"732"},
{"type":"Feature","geometry":{"type":"Polygon","coordinates":[[[28.5788,-9.4143],[28.4815,-9.2422],[28.7858,-8.9441],[28.9363,-8.7048],[28.5505,-8.4592],[28.5094,-8.4134],[28.5322,-8.2835],[28.4569,-8.2454],[28.4405,-8.1535],[28.3032,-8.2805],[28.2319,-8.249],[28.0663,-8.3437],[28.0894,-8.404],[27.9844,-8.3611],[27.6452,-8.6164],[27.6826,-8.7183],[27.6131,-8.8368],[27.7592,-8.869],[27.7947,-8.9413],[27.6375,-9.1556],[27.802,-9.3109],[27.7456,-9.4831],[27.7053,-9.6501],[27.759,-9.7582],[27.8497,-9.6326],[27.9238,-9.736],[28.0008,-9.6979],[28.0726,-9.7731],[28.0902,-9.6927],[28.1498,-9.6934],[28.1221,-9.6356],[28.4111,-9.6311],[28.437,-9.5251],[28.5383,-9.5288],[28.5467,-9.5857],[28.5579,-9.52],[28.5283,-9.5136],[28.5688,-9.4968],[28.4779,-9.4644],[28.5085,-9.3904],[28.5165,-9.445],[28.5788,-9.4143]]]},"properties":{"pcode":"CD7109ZS01","iso3":"COD","name":"Kilwa"},"id":"733"},
{"type":"Feature","geometry":{"type":"Polygon","coordinates":[[[28.9363,-8.7048],[28.9096,-8.4833],[29.6285,-8.3955],[29.5628,-8.3451],[29.5202,-8.1871],[29.6395,-8.0914],[29.6623,-7.9326],[29.5668,-7.8202],[29.4974,-7.8739],[29.4474,-7.7873],[29.4388,-7.7296],[29.2631,-7.7293],[29.2068,-7.7818],[29.1428,-7.7402],[29.0967,-7.7602],[29.1086,-7.869],[29.0245,-7.8935],[28.9033,-7.8225],[28.854,-7.9584],[28.7906,-7.978],[28.6565,-7.8925],[28.6872,-7.8455],[28.6328,-7.6848],[28.5482,-7.6227],[28.4716,-7.6556],[28.472,-7.66],[28.4724,-7.6603],[28.4758,-7.6649],[28.3559,-7.7756],[28.5301,-7.8914],[28.4294,-8.0481],[28.4405,-8.1535],[28.4569,-8.2454],[28.5322,-8.2835],[28.5094,-8.4134],[28.5505,-8.4592],[28.9363,-8.7048]]]},"properties":{"pcode":"CD7109ZS02","iso3":"COD","name":"Pweto"},"id":"734"},
{"type":"Feature","geometry":{"type":"Polygon","coordinates":[[[25.3345,-10.8589],[25.4033,-10.5156],[25.5744,-10.47],[25.6909,-10.3162],[25.6861,-10.2461],[25.6474,-10.2695],[25.6445,-10.1815],[25.541,-10.2401],[25.4239,-10.1629],[25.4558,-10.2919],[25.4143,-10.3442],[25.2992,-10.345],[25.0241,-10.419],[24.9229,-10.5105],[24.8675,-10.6851],[24.9894,-10.8721],[25.2594,-10.9469],[25.3345,-10.8589]]]},"properties":{"pcode":"CD7202ZS01","iso3":"COD","name":"Dilala"},"id":"735"},
{"type":"Feature","geometry":{"type":"Polygon","coordinates":[[[25.9474,-10.9519],[25.9037,-10.7354],[25.7793,-10.2235],[25.7064,-10.2292],[25.7008,-10.2273],[25.6861,-10.2461],[25.6909,-10.3162],[25.5744,-10.47],[25.4033,-10.5156],[25.3345,-10.8589],[25.3347,-10.8587],[25.2971,-11.1896],[25.3504,-11.1928],[25.3355,-11.2291],[25.291,-11.39],[25.32,-11.5636],[25.5081,-11.7299],[25.6745,-11.6323],[25.7749,-11.4581],[25.7937,-11.1325],[25.9474,-10.9519]]]},"properties":{"pcode":"CD7202ZS02","iso3":"COD","name":"Lualaba"},"id":"736"},
{"type":"Feature","geometry":{"type":"Polygon","coordinates":[[[25.2992,-10.345],[25.1764,-10.3009],[25.0562,-10.0734],[24.9304,-10.1299],[24.8429,-10.0241],[24.8146,-10.0827],[24.7121,-9.9928],[24.5827,-10.0983],[24.53,-10.0318],[24.463,-9.9815],[24.4147,-10.1085],[24.3597,-9.9834],[24.2921,-10.0452],[24.2269,-9.993],[24.1333,-10.0119],[24.1194,-10.2623],[24.2913,-10.384],[24.4055,-10.8649],[24.2644,-10.8924],[24.1763,-11.0229],[24.3853,-11.0826],[24.4063,-11.263],[24.2955,-11.3866],[24.4565,-11.4574],[24.5944,-11.444],[24.7545,-11.3069],[25.3355,-11.2291],[25.3504,-11.1928],[25.2971,-11.1896],[25.3347,-10.8587],[25.3345,-10.8589],[25.2594,-10.9469],[24.9894,-10.8721],[24.8675,-10.6851],[24.9229,-10.5105],[25.0241,-10.419],[25.2992,-10.345]]]},"properties":{"pcode":"CD7202ZS03","iso3":"COD","name":"Mutshatsha"},"id":"737"},
{"type":"Feature","geometry":{"type":"Polygon","coordinates":[[[27.102,-10.5467],[27.1879,-10.4295],[26.9822,-10.2258],[27.0483,-10.0981],[27.0995,-10.0335],[27.0751,-9.9217],[26.7471,-10.0056],[26.3819,-10.2949],[26.5492,-10.4732],[26.5571,-10.4757],[26.691,-10.4672],[26.8816,-10.4892],[26.9389,-10.6073],[27.102,-10.5467]]]},"properties":{"pcode":"CD7203ZS01","iso3":"COD","name":"Bunkeya"},"id":"738"},
{"type":"Feature","geometry":{"type":"Polygon","coordinates":[[[26.5571,-10.4757],[26.5492,-10.4732],[26.3819,-10.2949],[25.9037,-10.7354],[25.9474,-10.9519],[26.0653,-10.9794],[26.2049,-10.8817],[26.2339,-10.9352],[26.3309,-11.0612],[26.3092,-11.2049],[26.3605,-11.2286],[26.3657,-11.0015],[26.419,-10.918],[26.566,-10.8815],[26.6052,-10.7333],[26.5103,-10.6744],[26.5664,-10.6005],[26.4539,-10.5015],[26.5571,-10.4757]]]},"properties":{"pcode":"CD7203ZS02","iso3":"COD","name":"Fungurume"},"id":"739"},
{"type":"Feature","geometry":{"type":"Polygon","coordinates":[[[25.6861,-10.2461],[25.7008,-10.2273],[25.7064,-10.2292],[25.7549,-10.0013],[25.5903,-9.517],[25.5664,-9.5104],[25.5167,-9.5074],[25.5016,-9.4872],[25.5417,-9.794],[24.9833,-10.0164],[25.0562,-10.0734],[25.1764,-10.3009],[25.2992,-10.345],[25.4143,-10.3442],[25.4558,-10.2919],[25.4239,-10.1629],[25.541,-10.2401],[25.6445,-10.1815],[25.6474,-10.2695],[25.6861,-10.2461]]]},"properties":{"pcode":"CD7203ZS03","iso3":"COD","name":"Kanzenze"},"id":"740"},
{"type":"Feature","geometry":{"type":"Polygon","coordinates":[[[26.3327,-9.6413],[26.2202,-9.7107],[26.0378,-9.7226],[26.0336,-9.6767],[25.9148,-9.6991],[25.8009,-9.6228],[25.6409,-9.4897],[25.5903,-9.517],[25.7549,-10.0013],[25.7064,-10.2292],[25.7793,-10.2235],[25.9037,-10.7354],[26.3819,-10.2949],[26.7471,-10.0056],[26.7735,-9.913],[26.2755,-9.8778],[26.3327,-9.6413]]]},"properties":{"pcode":"CD7203ZS04","iso3":"COD","name":"Lubudi"},"id":"741"},
{"type":"Feature","geometry":{"type":"Polygon","coordinates":[[[23.007,-10.0559],[22.7375,-10.0158],[22.618,-9.8733],[22.5561,-9.8904],[22.5137,-10.029],[22.2196,-10.0817],[22.2408,-10.29],[22.329,-10.399],[22.278,-10.516],[22.3342,-10.758],[22.1741,-10.8749],[22.2721,-11.2459],[22.4371,-11.1749],[22.5101,-11.042],[22.7461,-11.1141],[22.867,-11.0621],[23.084,-11.1241],[23.203,-11.102],[23.4291,-10.9401],[23.5061,-10.9461],[23.4822,-10.909],[23.2282,-10.9544],[23.1745,-10.8806],[22.8961,-10.8693],[22.809,-10.8002],[22.8027,-10.7335],[22.9161,-10.7013],[22.8548,-10.6439],[22.8798,-10.4749],[22.8199,-10.3296],[23.007,-10.0559]]]},"properties":{"pcode":"CD7205ZS01","iso3":"COD","name":"Dilolo"},"id":"742"},
{"type":"Feature","geometry":{"type":"Polygon","coordinates":[[[24.1333,-10.0119],[24.013,-9.8356],[23.9886,-9.8363],[23.9406,-9.8591],[23.9828,-9.9919],[23.911,-9.8719],[23.9385,-10.0154],[23.8077,-9.99],[23.7819,-10.0712],[23.6933,-9.9734],[23.6161,-10],[23.593,-9.9107],[23.5004,-10.0919],[23.1474,-10.0919],[23.038,-9.9736],[23.007,-10.0559],[22.8199,-10.3296],[22.8798,-10.4749],[22.8548,-10.6439],[22.9161,-10.7013],[22.8027,-10.7335],[22.809,-10.8002],[22.8961,-10.8693],[23.1745,-10.8806],[23.2282,-10.9544],[23.4822,-10.909],[23.5061,-10.9461],[23.852,-11.028],[23.987,-10.8919],[24.059,-10.8889],[24.1301,-10.919],[24.1331,-11.029],[24.1763,-11.0229],[24.2644,-10.8924],[24.4055,-10.8649],[24.2913,-10.384],[24.1194,-10.2623],[24.1333,-10.0119]]]},"properties":{"pcode":"CD7205ZS02","iso3":"COD","name":"Kasaji"},"id":"743"},
{"type":"Feature","geometry":{"type":"Polygon","coordinates":[[[24.013,-9.8356],[24.132,-9.6431],[24.1482,-9.3388],[24.3071,-9.2695],[24.5736,-9.291],[24.4741,-9.204],[24.3236,-9.1132],[24.2456,-8.9763],[24.098,-8.9381],[23.9731,-8.7784],[23.7718,-8.7771],[23.729,-8.7812],[23.6543,-8.8906],[23.7023,-9.1111],[23.4543,-9.0578],[23.4051,-9.1102],[23.416,-9.3087],[23.3208,-9.3411],[23.1339,-9.6301],[23.2924,-9.642],[23.3338,-9.7407],[23.4853,-9.7787],[23.593,-9.9107],[23.6161,-10],[23.6933,-9.9734],[23.7819,-10.0712],[23.8077,-9.99],[23.9385,-10.0154],[23.911,-9.8719],[23.9828,-9.9919],[23.9406,-9.8591],[23.9886,-9.8363],[24.013,-9.8356]]]},"properties":{"pcode":"CD7206ZS01","iso3":"COD","name":"Kafakumba"},"id":"744"},
{"type":"Feature","geometry":{"type":"Polygon","coordinates":[[[23.007,-10.0559],[23.038,-9.9736],[23.1474,-10.0919],[23.5004,-10.0919],[23.593,-9.9107],[23.4853,-9.7787],[23.3338,-9.7407],[23.2924,-9.642],[23.1339,-9.6301],[23.3208,-9.3411],[23.2448,-9.1682],[23.2651,-9.0019],[22.8705,-9.0123],[22.6483,-8.9665],[22.4763,-9.0302],[22.3531,-8.952],[22.3038,-8.8445],[22.2715,-8.9036],[22.2106,-8.8774],[22.0887,-8.7823],[22.0488,-8.6686],[21.999,-8.6686],[21.9174,-8.6682],[21.7942,-9.4209],[21.8804,-9.6509],[22.0246,-9.8337],[22.1867,-9.9196],[22.2196,-10.0817],[22.5137,-10.029],[22.5561,-9.8904],[22.618,-9.8733],[22.7375,-10.0158],[23.007,-10.0559]]]},"properties":{"pcode":"CD7206ZS02","iso3":"COD","name":"Sandoa"},"id":"745"},
{"type":"Feature","geometry":{"type":"Polygon","coordinates":[[[23.729,-8.7812],[23.7231,-8.7671],[23.6402,-8.4816],[23.7015,-8.2761],[23.686,-7.994],[23.5791,-7.94],[23.5027,-7.9835],[23.2099,-7.9586],[23.1898,-7.7854],[23.1894,-7.7688],[23.084,-7.8748],[22.7578,-7.8251],[22.8378,-8.2029],[22.8275,-8.517],[22.9232,-8.6786],[22.8705,-9.0123],[23.2651,-9.0019],[23.2448,-9.1682],[23.3208,-9.3411],[23.416,-9.3087],[23.4051,-9.1102],[23.4543,-9.0578],[23.7023,-9.1111],[23.6543,-8.8906],[23.729,-8.7812]]]},"properties":{"pcode":"CD7207ZS01","iso3":"COD","name":"Kalamba"},"id":"746"},
{"type":"Feature","geometry":{"type":"Polygon","coordinates":[[[22.8705,-9.0123],[22.9232,-8.6786],[22.8275,-8.517],[22.8378,-8.2029],[22.7578,-7.8251],[22.6611,-7.8959],[22.6096,-7.7327],[22.4967,-7.8449],[22.4214,-7.8044],[22.3487,-7.8511],[22.1651,-7.8812],[22.0335,-7.6826],[21.9648,-7.7006],[21.8294,-7.6374],[21.7447,-7.933],[21.9348,-8.3198],[21.9174,-8.6682],[21.999,-8.6686],[22.0488,-8.6686],[22.0887,-8.7823],[22.2106,-8.8774],[22.2715,-8.9036],[22.3038,-8.8445],[22.3531,-8.952],[22.4763,-9.0302],[22.6483,-8.9665],[22.8705,-9.0123]]]},"properties":{"pcode":"CD7207ZS02","iso3":"COD","name":"Kapanga"},"id":"747"},
{"type":"Feature","geometry":{"type":"Polygon","coordinates":[[[24.4741,-9.204],[24.6966,-9.0755],[24.8169,-8.9375],[25.094,-8.8846],[25.0801,-8.8221],[24.6849,-8.4498],[24.599,-8.1637],[24.4888,-8.0089],[24.4873,-8.0078],[24.3434,-8.5108],[24.2025,-8.4196],[24.0558,-8.5388],[24.0373,-8.6089],[24.1001,-8.678],[23.9731,-8.7784],[24.098,-8.9381],[24.2456,-8.9763],[24.3236,-9.1132],[24.4741,-9.204]]]},"properties":{"pcode":"CD7302ZS01","iso3":"COD","name":"Baka"},"id":"748"},
{"type":"Feature","geometry":{"type":"Polygon","coordinates":[[[25.2478,-8.6204],[25.1844,-8.6283],[25.154,-8.6889],[25.2894,-8.684],[25.2923,-8.623],[25.2478,-8.6204]]]},"properties":{"pcode":"CD7302ZS02","iso3":"COD","name":"Kamina"},"id":"749"},
{"type":"Feature","geometry":{"type":"Polygon","coordinates":[[[25.0562,-10.0734],[24.9833,-10.0164],[25.5417,-9.794],[25.5016,-9.4872],[25.5769,-9.2042],[25.6581,-9.1934],[25.5725,-9.0302],[25.482,-8.7187],[25.4424,-8.7132],[25.0801,-8.8221],[25.094,-8.8846],[24.8169,-8.9375],[24.6966,-9.0755],[24.4741,-9.204],[24.5736,-9.291],[24.3071,-9.2695],[24.1482,-9.3388],[24.132,-9.6431],[24.013,-9.8356],[24.1333,-10.0119],[24.2269,-9.993],[24.2921,-10.0452],[24.3597,-9.9834],[24.4147,-10.1085],[24.463,-9.9815],[24.53,-10.0318],[24.5827,-10.0983],[24.7121,-9.9928],[24.8146,-10.0827],[24.8429,-10.0241],[24.9304,-10.1299],[25.0562,-10.0734]]]},"properties":{"pcode":"CD7302ZS03","iso3":"COD","name":"Kinda"},"id":"750"},
{"type":"Feature","geometry":{"type":"MultiPolygon","coordinates":[[[[25.0801,-8.8221],[25.4424,-8.7132],[25.482,-8.7187],[25.5719,-8.7213],[25.5639,-8.6441],[25.6697,-8.6181],[25.7165,-8.495],[25.6758,-8.3485],[25.8512,-8.2748],[25.8542,-8.0993],[25.9342,-8.0193],[25.777,-7.8822],[25.6074,-7.8289],[25.3807,-7.6176],[25.2363,-7.6238],[25.1471,-7.6624],[25.1307,-7.4858],[25.0578,-7.4458],[25.0446,-7.3583],[25.1225,-7.2336],[24.8526,-7.2477],[24.7885,-7.2997],[24.7667,-7.2323],[24.6624,-7.2564],[24.5934,-7.1432],[24.5877,-7.1404],[24.551,-7.2131],[24.6129,-7.3726],[24.586,-7.5421],[24.6433,-7.57],[24.6666,-7.7072],[24.4873,-8.0078],[24.4888,-8.0089],[24.599,-8.1637],[24.6849,-8.4498],[25.0801,-8.8221]],[[25.2478,-8.6204],[25.2923,-8.623],[25.2894,-8.684],[25.154,-8.6889],[25.1844,-8.6283],[25.2478,-8.6204]]],[[[24.8454,-7.2513],[24.8454,-7.2515],[24.8456,-7.2513],[24.8454,-7.2513]]]]},"properties":{"pcode":"CD7302ZS04","iso3":"COD","name":"Songa"},"id":"751"},
{"type":"Feature","geometry":{"type":"Polygon","coordinates":[[[23.9731,-8.7784],[24.1001,-8.678],[24.0373,-8.6089],[24.0558,-8.5388],[24.2025,-8.4196],[24.3434,-8.5108],[24.4873,-8.0078],[24.6666,-7.7072],[24.6433,-7.57],[24.586,-7.5421],[24.6129,-7.3726],[24.551,-7.2131],[24.5877,-7.1404],[24.5934,-7.1432],[24.6441,-6.9803],[24.3452,-7.0587],[24.2256,-7.0171],[24.2172,-6.9506],[24.1475,-6.9046],[24.1412,-7.0506],[24.0667,-7.0679],[23.9733,-7.198],[23.9618,-7.3266],[24.0101,-7.3698],[23.9215,-7.566],[23.9549,-7.8332],[23.8243,-7.8865],[23.7659,-7.9812],[23.7368,-7.8588],[23.686,-7.994],[23.7015,-8.2761],[23.6402,-8.4816],[23.7231,-8.7671],[23.729,-8.7812],[23.7718,-8.7771],[23.9731,-8.7784]]]},"properties":{"pcode":"CD7303ZS01","iso3":"COD","name":"Kaniama"},"id":"752"},
{"type":"Feature","geometry":{"type":"Polygon","coordinates":[[[25.9342,-8.0193],[25.9451,-8.0334],[26.0253,-8.0343],[25.9961,-7.8325],[26.1036,-7.4419],[26.3582,-7.3393],[26.4856,-7.0619],[26.2349,-7.0308],[26.2169,-6.943],[26.1015,-6.96],[26.1134,-6.9157],[26.0381,-6.8792],[26.1348,-6.8139],[26.0855,-6.7638],[25.9719,-6.8472],[25.5543,-6.8353],[25.5503,-6.8487],[25.5664,-6.8815],[25.5994,-7.0282],[25.5578,-7.0775],[25.3223,-7.1999],[25.2127,-7.4234],[25.2545,-7.5152],[25.2363,-7.6238],[25.3807,-7.6176],[25.6074,-7.8289],[25.777,-7.8822],[25.9342,-8.0193]]]},"properties":{"pcode":"CD7304ZS01","iso3":"COD","name":"Kabongo"},"id":"753"},
{"type":"Feature","geometry":{"type":"Polygon","coordinates":[[[25.2363,-7.6238],[25.2545,-7.5152],[25.2127,-7.4234],[25.3223,-7.1999],[25.5578,-7.0775],[25.5994,-7.0282],[25.5664,-6.8815],[25.5503,-6.8487],[25.5543,-6.8353],[25.4483,-6.724],[25.4474,-6.7246],[25.3103,-6.8086],[25.1953,-6.6805],[25.1095,-6.6837],[24.9579,-6.6988],[24.6441,-6.9803],[24.5934,-7.1432],[24.6624,-7.2564],[24.7667,-7.2323],[24.7885,-7.2997],[24.8526,-7.2477],[25.1225,-7.2336],[25.0446,-7.3583],[25.0578,-7.4458],[25.1307,-7.4858],[25.1471,-7.6624],[25.2363,-7.6238]],[[24.8454,-7.2513],[24.8456,-7.2513],[24.8454,-7.2515],[24.8454,-7.2513]]]},"properties":{"pcode":"CD7304ZS02","iso3":"COD","name":"Kayamba"},"id":"754"},
{"type":"Feature","geometry":{"type":"Polygon","coordinates":[[[26.0855,-6.7638],[26.0118,-6.6828],[25.9344,-6.602],[25.9438,-6.4658],[26.0513,-6.4176],[26.1166,-6.2956],[26.028,-6.2627],[26.0166,-6.2043],[25.9772,-6.2732],[25.9489,-6.2342],[25.8292,-6.144],[25.5427,-6.2982],[25.4121,-6.3171],[25.2959,-6.3276],[25.2724,-6.4416],[25.4583,-6.5935],[25.4483,-6.724],[25.5543,-6.8353],[25.9719,-6.8472],[26.0855,-6.7638]]]},"properties":{"pcode":"CD7304ZS03","iso3":"COD","name":"Kitenge"},"id":"755"},
{"type":"Feature","geometry":{"type":"Polygon","coordinates":[[[26.0253,-8.0343],[26.1275,-8.1255],[26.3038,-8.1426],[26.278,-8.0168],[26.3804,-7.952],[26.3886,-7.8837],[26.7137,-7.7118],[26.8078,-7.7127],[26.8172,-7.627],[26.8262,-7.5762],[26.7754,-7.5334],[26.6612,-7.5528],[26.5212,-7.4148],[26.4715,-7.4329],[26.444,-7.362],[26.4241,-7.4189],[26.3632,-7.3509],[26.3582,-7.3393],[26.1036,-7.4419],[25.9961,-7.8325],[26.0253,-8.0343]]]},"properties":{"pcode":"CD7305ZS01","iso3":"COD","name":"Kinkondja"},"id":"756"},
{"type":"Feature","geometry":{"type":"Polygon","coordinates":[[[26.3804,-7.952],[26.3907,-7.9438],[26.3932,-8.0106],[26.469,-8.0068],[26.5191,-8.0946],[26.6847,-8.1519],[26.7886,-8.0976],[26.9713,-7.8812],[26.8078,-7.7127],[26.7137,-7.7118],[26.3886,-7.8837],[26.3804,-7.952]]]},"properties":{"pcode":"CD7305ZS02","iso3":"COD","name":"Lwamba"},"id":"757"},
{"type":"Feature","geometry":{"type":"Polygon","coordinates":[[[27.8375,-8.1445],[27.7088,-8.1349],[27.8482,-7.8882],[27.6633,-7.8332],[27.6415,-7.8319],[27.4502,-7.8327],[27.1442,-7.9334],[26.9713,-7.8812],[26.7886,-8.0976],[26.8132,-8.2051],[26.661,-8.2754],[26.5683,-8.4682],[26.5624,-8.4867],[26.7137,-8.4782],[26.7633,-8.5377],[26.7532,-8.6695],[26.7549,-8.6686],[26.818,-8.671],[26.8497,-8.7812],[27.0852,-8.5605],[27.0065,-8.5328],[27.0155,-8.4871],[27.2263,-8.207],[27.6417,-8.0784],[27.6988,-8.1995],[27.8184,-8.1515],[27.8375,-8.1445]]]},"properties":{"pcode":"CD7305ZS03","iso3":"COD","name":"Mukanga"},"id":"758"},
{"type":"Feature","geometry":{"type":"Polygon","coordinates":[[[26.8078,-7.7127],[26.9713,-7.8812],[27.1442,-7.9334],[27.4502,-7.8327],[27.6415,-7.8319],[27.6633,-7.8332],[27.6268,-7.7349],[27.6736,-7.673],[27.5976,-7.5317],[27.5107,-7.4818],[27.4429,-7.534],[27.4395,-7.4724],[27.3541,-7.5389],[27.234,-7.486],[27.2151,-7.6146],[26.8172,-7.627],[26.8078,-7.7127]]]},"properties":{"pcode":"CD7305ZS04","iso3":"COD","name":"Mulongo"},"id":"759"},
{"type":"Feature","geometry":{"type":"Polygon","coordinates":[[[26.4652,-9.375],[26.2834,-9.2897],[25.8802,-8.9611],[25.5725,-9.0302],[25.6581,-9.1934],[25.5769,-9.2042],[25.5016,-9.4872],[25.5167,-9.5074],[25.5664,-9.5104],[25.5903,-9.517],[25.6409,-9.4897],[25.8009,-9.6228],[25.9148,-9.6991],[26.0336,-9.6767],[26.0378,-9.7226],[26.2202,-9.7107],[26.3327,-9.6413],[26.4801,-9.4405],[26.4652,-9.375]]]},"properties":{"pcode":"CD7306ZS01","iso3":"COD","name":"Bukama"},"id":"760"},
{"type":"Feature","geometry":{"type":"Polygon","coordinates":[[[26.7532,-8.6695],[26.7633,-8.5377],[26.7137,-8.4782],[26.5624,-8.4867],[26.3678,-8.5358],[26.3221,-8.6147],[26.0284,-8.7439],[25.8802,-8.9611],[26.2834,-9.2897],[26.4652,-9.375],[26.4652,-9.3748],[26.5023,-9.2641],[26.4646,-9.2174],[26.5162,-9.1509],[26.6734,-9.007],[26.7532,-8.6695]]]},"properties":{"pcode":"CD7306ZS02","iso3":"COD","name":"Butumba"},"id":"761"},
{"type":"Feature","geometry":{"type":"Polygon","coordinates":[[[25.5725,-9.0302],[25.8802,-8.9611],[26.0284,-8.7439],[26.3221,-8.6147],[26.3678,-8.5358],[26.5624,-8.4867],[26.5683,-8.4682],[26.4696,-8.3727],[26.4291,-8.4375],[26.3479,-8.288],[26.3475,-8.1383],[26.3038,-8.1426],[26.1275,-8.1255],[26.0253,-8.0343],[25.9451,-8.0334],[25.9342,-8.0193],[25.8542,-8.0993],[25.8512,-8.2748],[25.6758,-8.3485],[25.7165,-8.495],[25.6697,-8.6181],[25.5639,-8.6441],[25.5719,-8.7213],[25.482,-8.7187],[25.5725,-9.0302]]]},"properties":{"pcode":"CD7306ZS03","iso3":"COD","name":"Kabondo Dianda"},"id":"762"},
{"type":"Feature","geometry":{"type":"Polygon","coordinates":[[[26.3038,-8.1426],[26.3475,-8.1383],[26.3479,-8.288],[26.4291,-8.4375],[26.4696,-8.3727],[26.5683,-8.4682],[26.661,-8.2754],[26.8132,-8.2051],[26.7886,-8.0976],[26.6847,-8.1519],[26.5191,-8.0946],[26.469,-8.0068],[26.3932,-8.0106],[26.3907,-7.9438],[26.3804,-7.952],[26.278,-8.0168],[26.3038,-8.1426]]]},"properties":{"pcode":"CD7306ZS04","iso3":"COD","name":"Malemba"},"id":"763"},
{"type":"Feature","geometry":{"type":"Polygon","coordinates":[[[28.5692,-5.8069],[28.3011,-5.7557],[28.1899,-5.6324],[28.0323,-5.6715],[28.1515,-5.8636],[28.1114,-6.0122],[28.2608,-6.1192],[28.3983,-6.1256],[28.2858,-6.2327],[28.2923,-6.3866],[28.3971,-6.4139],[28.3574,-6.5626],[28.3584,-6.563],[28.6867,-6.5747],[28.5818,-6.7214],[28.5641,-6.902],[28.6246,-6.9327],[28.6603,-7.1297],[28.9331,-7.1212],[28.9739,-6.9897],[28.9348,-6.9078],[29.0778,-6.9494],[29.4209,-6.5233],[29.6714,-6.4378],[29.595,-6.2521],[29.578,-5.9937],[28.7283,-5.8574],[28.4332,-5.9523],[28.4128,-5.9067],[28.5692,-5.8069]]]},"properties":{"pcode":"CD7402ZS01","iso3":"COD","name":"Kalemie"},"id":"764"},
{"type":"Feature","geometry":{"type":"Polygon","coordinates":[[[28.9716,-5.0092],[28.8036,-5.0103],[28.802,-5.0103],[28.8015,-5.0103],[28.4071,-5.0198],[28.4563,-5.0789],[28.3975,-5.1416],[28.4009,-5.1874],[28.561,-5.2269],[28.5205,-5.3137],[28.6137,-5.3164],[28.4577,-5.5237],[28.6086,-5.803],[28.5692,-5.8069],[28.4128,-5.9067],[28.4332,-5.9523],[28.7283,-5.8574],[29.578,-5.9937],[29.5991,-5.664],[29.3722,-5.0079],[28.9716,-5.0092]]]},"properties":{"pcode":"CD7402ZS02","iso3":"COD","name":"Nyemba"},"id":"765"},
{"type":"Feature","geometry":{"type":"MultiPolygon","coordinates":[[[[28.472,-7.66],[28.4758,-7.6649],[28.4724,-7.6603],[28.472,-7.66]]],[[[29.4474,-7.7873],[29.4337,-6.967],[29.5223,-6.7769],[29.7706,-6.5828],[29.7087,-6.4971],[29.6714,-6.4378],[29.4209,-6.5233],[29.0778,-6.9494],[28.9348,-6.9078],[28.9739,-6.9897],[28.9331,-7.1212],[28.6603,-7.1297],[28.7766,-7.1818],[28.6391,-7.1976],[28.744,-7.2986],[28.6458,-7.3703],[28.6794,-7.5118],[28.4223,-7.5266],[28.399,-7.6033],[28.4716,-7.6556],[28.5482,-7.6227],[28.6328,-7.6848],[28.6872,-7.8455],[28.6565,-7.8925],[28.7906,-7.978],[28.854,-7.9584],[28.9033,-7.8225],[29.0245,-7.8935],[29.1086,-7.869],[29.0967,-7.7602],[29.1428,-7.7402],[29.2068,-7.7818],[29.2631,-7.7293],[29.4388,-7.7296],[29.4474,-7.7873]]]]},"properties":{"pcode":"CD7404ZS01","iso3":"COD","name":"Kansimba"},"id":"766"},
{"type":"Feature","geometry":{"type":"Polygon","coordinates":[[[29.6285,-8.3955],[30.7932,-8.2716],[30.2761,-7.1025],[30.1358,-6.8911],[29.906,-6.708],[29.7706,-6.5828],[29.5223,-6.7769],[29.4337,-6.967],[29.4474,-7.7873],[29.4974,-7.8739],[29.5668,-7.8202],[29.6623,-7.9326],[29.6395,-8.0914],[29.5202,-8.1871],[29.5628,-8.3451],[29.6285,-8.3955]]]},"properties":{"pcode":"CD7404ZS02","iso3":"COD","name":"Moba"},"id":"767"},
{"type":"Feature","geometry":{"type":"Polygon","coordinates":[[[26.3582,-7.3393],[26.3632,-7.3509],[26.4241,-7.4189],[26.444,-7.362],[26.4715,-7.4329],[26.5212,-7.4148],[26.6612,-7.5528],[26.7754,-7.5334],[26.8262,-7.5762],[26.8644,-7.4617],[26.953,-7.4455],[27.0756,-7.0886],[27.0157,-6.8355],[26.9522,-6.7688],[26.9698,-6.64],[26.9998,-6.4517],[26.9444,-6.4306],[26.7421,-6.4706],[26.5746,-6.6792],[26.4419,-6.582],[26.015,-6.6817],[26.0118,-6.6828],[26.0855,-6.7638],[26.1348,-6.8139],[26.0381,-6.8792],[26.1134,-6.9157],[26.1015,-6.96],[26.2169,-6.943],[26.2349,-7.0308],[26.4856,-7.0619],[26.3582,-7.3393]]]},"properties":{"pcode":"CD7406ZS01","iso3":"COD","name":"Ankoro"},"id":"768"},
{"type":"Feature","geometry":{"type":"Polygon","coordinates":[[[27.9844,-8.3611],[28.0894,-8.404],[28.0663,-8.3437],[28.2319,-8.249],[28.3032,-8.2805],[28.4405,-8.1535],[28.4294,-8.0481],[28.5301,-7.8914],[28.3559,-7.7756],[28.4758,-7.6649],[28.472,-7.66],[28.4716,-7.6556],[28.399,-7.6033],[28.4223,-7.5266],[28.6794,-7.5118],[28.6458,-7.3703],[28.744,-7.2986],[28.6391,-7.1976],[28.7766,-7.1818],[28.6603,-7.1297],[28.6246,-6.9327],[28.5641,-6.902],[28.5818,-6.7214],[28.6867,-6.5747],[28.3584,-6.563],[28.3887,-6.6481],[28.3108,-6.7093],[28.2273,-6.6129],[28.0539,-6.5962],[28.0218,-6.5086],[27.9181,-6.5557],[27.6494,-6.5506],[27.5199,-6.6911],[27.522,-6.6922],[27.857,-6.953],[27.9506,-7.1152],[27.7867,-7.5916],[27.5976,-7.5317],[27.6736,-7.673],[27.6268,-7.7349],[27.6633,-7.8332],[27.8482,-7.8882],[27.7088,-8.1349],[27.8375,-8.1445],[27.7307,-8.2325],[27.7437,-8.2816],[27.8408,-8.1812],[27.8339,-8.2464],[27.9603,-8.2724],[27.9859,-8.2285],[27.9844,-8.3611]]]},"properties":{"pcode":"CD7406ZS02","iso3":"COD","name":"Kiyambi"},"id":"769"},
{"type":"Feature","geometry":{"type":"Polygon","coordinates":[[[26.8172,-7.627],[27.2151,-7.6146],[27.234,-7.486],[27.3541,-7.5389],[27.4395,-7.4724],[27.4429,-7.534],[27.5107,-7.4818],[27.5976,-7.5317],[27.7867,-7.5916],[27.9506,-7.1152],[27.857,-6.953],[27.522,-6.6922],[27.5199,-6.6911],[27.2353,-6.6423],[26.9698,-6.64],[26.9522,-6.7688],[27.0157,-6.8355],[27.0756,-7.0886],[26.953,-7.4455],[26.8644,-7.4617],[26.8262,-7.5762],[26.8172,-7.627]]]},"properties":{"pcode":"CD7406ZS03","iso3":"COD","name":"Manono"},"id":"770"},
{"type":"Feature","geometry":{"type":"Polygon","coordinates":[[[26.0118,-6.6828],[26.015,-6.6817],[26.4419,-6.582],[26.5746,-6.6792],[26.7421,-6.4706],[26.9444,-6.4306],[26.9998,-6.4517],[26.9698,-6.64],[27.2353,-6.6423],[27.5199,-6.6911],[27.6494,-6.5506],[27.9181,-6.5557],[28.0218,-6.5086],[27.9699,-6.4404],[27.878,-6.4378],[27.6887,-6.1144],[27.4635,-6.1241],[27.4383,-6.0346],[27.1717,-5.9913],[27.1845,-5.8738],[27.0487,-5.7538],[26.9226,-5.6711],[26.91,-5.6563],[26.8972,-5.7824],[26.8163,-5.8145],[26.7922,-5.7165],[26.7675,-5.7913],[26.6172,-5.8591],[26.5189,-5.8525],[26.5313,-5.7849],[26.1842,-5.7617],[26.1842,-5.7674],[26.1825,-6.0148],[26.2551,-6.0355],[26.1877,-6.0849],[26.2179,-6.1542],[26.1166,-6.2956],[26.0513,-6.4176],[25.9438,-6.4658],[25.9344,-6.602],[26.0118,-6.6828]]]},"properties":{"pcode":"CD7407ZS01","iso3":"COD","name":"Kabalo"},"id":"771"},
{"type":"Feature","geometry":{"type":"Polygon","coordinates":[[[27.4179,-5.0115],[27.0317,-5.0013],[26.9685,-4.9996],[26.9347,-4.9996],[26.9345,-4.9998],[26.9343,-5],[26.9343,-5.0002],[26.9331,-5.0011],[26.9328,-5.0015],[27.0086,-5.3655],[26.91,-5.6563],[26.9226,-5.6711],[27.0487,-5.7538],[27.3266,-5.5789],[27.5837,-5.5062],[27.7321,-5.264],[27.6736,-5.01],[27.4179,-5.0115]]]},"properties":{"pcode":"CD7409ZS01","iso3":"COD","name":"Kongolo"},"id":"772"},
{"type":"Feature","geometry":{"type":"Polygon","coordinates":[[[26.2706,-5],[26.1088,-5.3487],[26.1757,-5.5585],[26.1036,-5.6598],[26.1842,-5.7617],[26.5313,-5.7849],[26.5189,-5.8525],[26.6172,-5.8591],[26.7675,-5.7913],[26.7922,-5.7165],[26.8163,-5.8145],[26.8972,-5.7824],[26.91,-5.6563],[27.0086,-5.3655],[26.9328,-5.0015],[26.9331,-5.0011],[26.9343,-5.0002],[26.9343,-5],[26.9345,-4.9998],[26.9347,-4.9996],[26.2706,-5]]]},"properties":{"pcode":"CD7409ZS02","iso3":"COD","name":"Mbulula"},"id":"773"},
{"type":"Feature","geometry":{"type":"Polygon","coordinates":[[[27.6736,-5.01],[27.7321,-5.264],[27.5837,-5.5062],[27.3266,-5.5789],[27.0487,-5.7538],[27.1845,-5.8738],[27.1717,-5.9913],[27.4383,-6.0346],[27.4635,-6.1241],[27.6887,-6.1144],[27.878,-6.4378],[27.9699,-6.4404],[28.0218,-6.5086],[28.0539,-6.5962],[28.2273,-6.6129],[28.3108,-6.7093],[28.3887,-6.6481],[28.3584,-6.563],[28.3574,-6.5626],[28.3971,-6.4139],[28.2923,-6.3866],[28.2858,-6.2327],[28.3983,-6.1256],[28.2608,-6.1192],[28.1114,-6.0122],[28.1515,-5.8636],[28.0323,-5.6715],[28.1899,-5.6324],[28.3011,-5.7557],[28.5692,-5.8069],[28.6086,-5.803],[28.4577,-5.5237],[28.6137,-5.3164],[28.5205,-5.3137],[28.561,-5.2269],[28.4009,-5.1874],[28.3975,-5.1416],[28.4563,-5.0789],[28.4071,-5.0198],[27.6736,-5.01]]]},"properties":{"pcode":"CD7410ZS01","iso3":"COD","name":"Nyunzu"},"id":"774"},
{"type":"Feature","geometry":{"type":"Polygon","coordinates":[[[24.1874,-5.7986],[24.174,-5.7977],[23.9521,-5.8312],[23.9347,-5.9226],[24.0153,-5.9523],[23.9897,-6.0256],[24.1748,-6.103],[24.1079,-6.1924],[24.008,-6.2175],[24.0042,-6.2965],[24.094,-6.357],[24.12,-6.3536],[24.0892,-6.4031],[24.1479,-6.4668],[24.3018,-6.4448],[24.3753,-6.5666],[24.6483,-6.6291],[24.6693,-6.6995],[24.7453,-6.664],[24.7938,-6.5922],[24.7671,-6.4037],[24.8639,-6.3041],[24.916,-6.041],[24.7976,-6.0193],[24.7287,-6.0768],[24.5346,-6.0419],[24.4393,-6.0892],[24.2013,-5.9322],[24.1874,-5.7986]]]},"properties":{"pcode":"CD8102ZS01","iso3":"COD","name":"Kabinda"},"id":"775"},
{"type":"Feature","geometry":{"type":"Polygon","coordinates":[[[25.4483,-6.724],[25.4583,-6.5935],[25.2724,-6.4416],[25.2959,-6.3276],[25.4121,-6.3171],[25.4153,-6.3131],[25.2923,-6.1578],[25.113,-6.0517],[24.9735,-6.0625],[24.9632,-6.0086],[24.9623,-6.0086],[24.916,-6.041],[24.8639,-6.3041],[24.7671,-6.4037],[24.7938,-6.5922],[24.7453,-6.664],[24.8824,-6.6466],[24.9579,-6.6988],[25.1095,-6.6837],[25.1953,-6.6805],[25.3103,-6.8086],[25.4474,-6.7246],[25.4483,-6.724]]]},"properties":{"pcode":"CD8102ZS02","iso3":"COD","name":"Kalonda Est"},"id":"776"},
{"type":"Feature","geometry":{"type":"Polygon","coordinates":[[[24.916,-6.041],[24.9623,-6.0086],[24.9632,-6.0086],[24.8933,-5.9743],[24.798,-5.713],[24.9877,-5.5551],[24.6572,-5.5904],[24.7061,-5.3934],[24.5388,-5.36],[24.4554,-5.3781],[24.4363,-5.342],[24.3054,-5.4105],[24.1253,-5.3866],[24.1085,-5.4222],[24.0665,-5.3853],[24.0464,-5.4806],[24.0661,-5.5921],[24.1704,-5.6604],[24.1874,-5.7986],[24.2013,-5.9322],[24.4393,-6.0892],[24.5346,-6.0419],[24.7287,-6.0768],[24.7976,-6.0193],[24.916,-6.041]]]},"properties":{"pcode":"CD8102ZS03","iso3":"COD","name":"Ludimbi Lukula"},"id":"777"},
{"type":"Feature","geometry":{"type":"Polygon","coordinates":[[[23.4717,-7.0615],[23.4043,-6.9645],[23.3728,-6.9862],[23.3844,-7.0562],[23.4717,-7.0615]]]},"properties":{"pcode":"CD8103ZS01","iso3":"COD","name":"Makota"},"id":"778"},
{"type":"Feature","geometry":{"type":"Polygon","coordinates":[[[23.4717,-7.0615],[23.594,-6.9886],[23.5382,-6.9903],[23.4249,-6.8402],[23.3,-6.84],[23.2851,-6.9172],[23.2853,-6.9197],[23.3728,-6.9862],[23.4043,-6.9645],[23.4717,-7.0615]]]},"properties":{"pcode":"CD8103ZS02","iso3":"COD","name":"Mwene Ditu"},"id":"779"},
{"type":"Feature","geometry":{"type":"Polygon","coordinates":[[[23.5791,-7.94],[23.6505,-7.7564],[23.6417,-7.5449],[23.6931,-7.3282],[23.6003,-7.1899],[23.6073,-7.0541],[23.594,-6.9886],[23.4717,-7.0615],[23.3844,-7.0562],[23.3728,-6.9862],[23.2853,-6.9197],[23.2836,-6.9191],[23.2744,-6.9404],[23.2154,-7.1604],[23.2632,-7.3639],[23.2221,-7.7042],[23.2225,-7.7042],[23.3674,-7.7276],[23.5027,-7.9835],[23.5791,-7.94]]]},"properties":{"pcode":"CD8104ZS01","iso3":"COD","name":"Kalenda"},"id":"780"},
{"type":"Feature","geometry":{"type":"Polygon","coordinates":[[[24.1475,-6.9046],[24.1366,-6.9069],[23.9261,-6.9065],[23.8705,-6.7931],[23.737,-6.728],[23.5991,-6.7704],[23.458,-6.6566],[23.4412,-6.647],[23.3,-6.84],[23.4249,-6.8402],[23.5382,-6.9903],[23.594,-6.9886],[23.6073,-7.0541],[23.7659,-7.0526],[23.8715,-7.0536],[23.8468,-7.1265],[23.9733,-7.198],[24.0667,-7.0679],[24.1412,-7.0506],[24.1475,-6.9046]]]},"properties":{"pcode":"CD8104ZS02","iso3":"COD","name":"Kanda Kanda"},"id":"781"},
{"type":"Feature","geometry":{"type":"Polygon","coordinates":[[[23.686,-7.994],[23.7368,-7.8588],[23.7659,-7.9812],[23.8243,-7.8865],[23.9549,-7.8332],[23.9215,-7.566],[24.0101,-7.3698],[23.9618,-7.3266],[23.9733,-7.198],[23.8468,-7.1265],[23.8715,-7.0536],[23.7659,-7.0526],[23.6073,-7.0541],[23.6003,-7.1899],[23.6931,-7.3282],[23.6417,-7.5449],[23.6505,-7.7564],[23.5791,-7.94],[23.686,-7.994]]]},"properties":{"pcode":"CD8104ZS03","iso3":"COD","name":"Luputa"},"id":"782"},
{"type":"Feature","geometry":{"type":"Polygon","coordinates":[[[23.5027,-7.9835],[23.3674,-7.7276],[23.2225,-7.7042],[23.2221,-7.7042],[23.1894,-7.7688],[23.1898,-7.7854],[23.2099,-7.9586],[23.5027,-7.9835]]]},"properties":{"pcode":"CD8104ZS04","iso3":"COD","name":"Wikong"},"id":"783"},
{"type":"Feature","geometry":{"type":"Polygon","coordinates":[[[23.3,-6.84],[23.4412,-6.647],[23.4473,-6.5389],[23.1822,-6.5988],[23.1564,-6.466],[23.1451,-6.466],[23.0187,-6.7711],[23.1192,-6.8982],[23.1558,-6.9146],[23.2744,-6.9404],[23.2836,-6.9191],[23.2853,-6.9197],[23.2851,-6.9172],[23.3,-6.84]]]},"properties":{"pcode":"CD8105ZS01","iso3":"COD","name":"Kamiji"},"id":"784"},
{"type":"Feature","geometry":{"type":"Polygon","coordinates":[[[24.6441,-6.9803],[24.9579,-6.6988],[24.8824,-6.6466],[24.7453,-6.664],[24.6693,-6.6995],[24.6483,-6.6291],[24.3753,-6.5666],[24.3018,-6.4448],[24.1479,-6.4668],[24.0892,-6.4031],[24.12,-6.3536],[24.094,-6.357],[24.047,-6.3873],[23.9095,-6.4071],[24.0279,-6.5954],[24.0588,-6.596],[24.1998,-6.6604],[24.1366,-6.9069],[24.1475,-6.9046],[24.2172,-6.9506],[24.2256,-7.0171],[24.3452,-7.0587],[24.6441,-6.9803]]]},"properties":{"pcode":"CD8106ZS01","iso3":"COD","name":"Kalambayi Kabanga"},"id":"785"},
{"type":"Feature","geometry":{"type":"Polygon","coordinates":[[[23.8705,-6.7931],[24.0279,-6.5954],[23.9095,-6.4071],[23.8453,-6.366],[23.7979,-6.4078],[23.7445,-6.6385],[23.7911,-6.6737],[23.737,-6.728],[23.8705,-6.7931]]]},"properties":{"pcode":"CD8106ZS02","iso3":"COD","name":"Mulumba"},"id":"786"},
{"type":"Feature","geometry":{"type":"Polygon","coordinates":[[[24.1366,-6.9069],[24.1998,-6.6604],[24.0588,-6.596],[24.0279,-6.5954],[23.8705,-6.7931],[23.9261,-6.9065],[24.1366,-6.9069]]]},"properties":{"pcode":"CD8106ZS03","iso3":"COD","name":"Ngandajika"},"id":"787"},
{"type":"Feature","geometry":{"type":"Polygon","coordinates":[[[25.5427,-6.2982],[25.5723,-6.1192],[25.914,-6.0065],[25.9766,-6.0352],[25.9999,-5.9109],[25.9709,-5.832],[25.8626,-5.7856],[25.8613,-5.6307],[25.6267,-5.4681],[25.6458,-5.4128],[25.5624,-5.3435],[25.5616,-5.342],[25.3985,-5.4766],[25.1447,-5.4764],[24.9877,-5.5551],[24.798,-5.713],[24.8933,-5.9743],[24.9632,-6.0086],[24.9735,-6.0625],[25.113,-6.0517],[25.2923,-6.1578],[25.4153,-6.3131],[25.4121,-6.3171],[25.5427,-6.2982]]]},"properties":{"pcode":"CD8108ZS01","iso3":"COD","name":"Kamana"},"id":"788"},
{"type":"Feature","geometry":{"type":"Polygon","coordinates":[[[25.6586,-4.9989],[25.6579,-4.9989],[25.3691,-4.993],[25.3488,-5.1288],[25.5616,-5.342],[25.5624,-5.3435],[25.6458,-5.4128],[25.6267,-5.4681],[25.8613,-5.6307],[25.8626,-5.7856],[25.9709,-5.832],[25.9999,-5.9109],[25.9766,-6.0352],[25.914,-6.0065],[25.5723,-6.1192],[25.5427,-6.2982],[25.8292,-6.144],[25.9489,-6.2342],[25.9772,-6.2732],[26.0166,-6.2043],[26.028,-6.2627],[26.1166,-6.2956],[26.2179,-6.1542],[26.1877,-6.0849],[26.2551,-6.0355],[26.1825,-6.0148],[26.1842,-5.7674],[26.1842,-5.7617],[26.1036,-5.6598],[26.1757,-5.5585],[26.1088,-5.3487],[26.2706,-5],[25.6586,-4.9989]]]},"properties":{"pcode":"CD8108ZS02","iso3":"COD","name":"Lubao"},"id":"789"},
{"type":"Feature","geometry":{"type":"Polygon","coordinates":[[[25.2102,-4.9896],[25.0614,-4.9866],[24.9985,-4.8608],[24.9838,-4.8352],[24.8412,-4.861],[24.8444,-4.955],[24.7644,-4.9282],[24.5801,-5.0395],[24.5612,-5.1723],[24.5165,-5.1727],[24.5388,-5.36],[24.7061,-5.3934],[24.6572,-5.5904],[24.9877,-5.5551],[25.1447,-5.4764],[25.3985,-5.4766],[25.5616,-5.342],[25.3488,-5.1288],[25.3691,-4.993],[25.2102,-4.9896]]]},"properties":{"pcode":"CD8108ZS03","iso3":"COD","name":"Tshofa"},"id":"790"},
{"type":"Feature","geometry":{"type":"Polygon","coordinates":[[[23.5947,-6.083],[23.5709,-6.066],[23.5617,-6.0576],[23.5584,-6.1073],[23.5743,-6.1244],[23.5793,-6.1146],[23.5947,-6.083]]]},"properties":{"pcode":"CD8201ZS01","iso3":"COD","name":"Bipemba"},"id":"791"},
{"type":"Feature","geometry":{"type":"Polygon","coordinates":[[[23.5743,-6.1244],[23.5709,-6.1604],[23.6429,-6.1751],[23.6744,-6.1615],[23.6419,-6.148],[23.6327,-6.1493],[23.6253,-6.1442],[23.6252,-6.1441],[23.5924,-6.1216],[23.5915,-6.121],[23.5793,-6.1146],[23.5743,-6.1244]]]},"properties":{"pcode":"CD8201ZS02","iso3":"COD","name":"Bonzola"},"id":"792"},
{"type":"Feature","geometry":{"type":"Polygon","coordinates":[[[23.6253,-6.1442],[23.62530023829258,-6.144169498549523],[23.6255,-6.1186],[23.6253,-6.1184],[23.6047,-6.1197],[23.6252,-6.1441],[23.625238170429334,-6.144126464831006],[23.6253,-6.1442]]]},"properties":{"pcode":"CD8201ZS03","iso3":"COD","name":"Dibindi"},"id":"793"},
{"type":"Feature","geometry":{"type":"Polygon","coordinates":[[[23.5793,-6.1146],[23.5915,-6.121],[23.611,-6.1067],[23.6192,-6.0922],[23.6047,-6.0877],[23.5947,-6.083],[23.5793,-6.1146]]]},"properties":{"pcode":"CD8201ZS04","iso3":"COD","name":"Diulu"},"id":"794"},
{"type":"Feature","geometry":{"type":"Polygon","coordinates":[[[23.5924,-6.1216],[23.6047,-6.1197],[23.6253,-6.1184],[23.6282,-6.1169],[23.6171,-6.1086],[23.611,-6.1067],[23.5915,-6.121],[23.5924,-6.1216]]]},"properties":{"pcode":"CD8201ZS05","iso3":"COD","name":"Kansele"},"id":"795"},
{"type":"Feature","geometry":{"type":"MultiPolygon","coordinates":[[[[23.6252,-6.1441],[23.6253,-6.1442],[23.625238170429334,-6.144126464831006],[23.6252,-6.1441]]],[[[23.5924,-6.1216],[23.6252,-6.1441],[23.6047,-6.1197],[23.5924,-6.1216]]]]},"properties":{"pcode":"CD8201ZS06","iso3":"COD","name":"Lubilanji"},"id":"796"},
{"type":"Feature","geometry":{"type":"Polygon","coordinates":[[[23.6419,-6.148],[23.669,-6.0969],[23.6604,-6.087],[23.657,-6.0875],[23.6282,-6.1169],[23.6253,-6.1184],[23.6255,-6.1186],[23.62530023829258,-6.144169498549523],[23.6253,-6.1442],[23.6327,-6.1493],[23.6419,-6.148]]]},"properties":{"pcode":"CD8201ZS07","iso3":"COD","name":"Lukelenge"},"id":"797"},
{"type":"Feature","geometry":{"type":"Polygon","coordinates":[[[23.5617,-6.0576],[23.5596,-6.0566],[23.5244,-6.0743],[23.5283,-6.1112],[23.5584,-6.1073],[23.5617,-6.0576]]]},"properties":{"pcode":"CD8201ZS08","iso3":"COD","name":"Mpokolo"},"id":"798"},
{"type":"Feature","geometry":{"type":"Polygon","coordinates":[[[23.611,-6.1067],[23.6171,-6.1086],[23.6282,-6.1169],[23.657,-6.0875],[23.6192,-6.0922],[23.611,-6.1067]]]},"properties":{"pcode":"CD8201ZS09","iso3":"COD","name":"Muya"},"id":"799"},
{"type":"Feature","geometry":{"type":"Polygon","coordinates":[[[23.5584,-6.1073],[23.5283,-6.1112],[23.5709,-6.1604],[23.5743,-6.1244],[23.5584,-6.1073]]]},"properties":{"pcode":"CD8201ZS10","iso3":"COD","name":"Nzaba"},"id":"800"},
{"type":"Feature","geometry":{"type":"Polygon","coordinates":[[[23.737,-6.728],[23.7911,-6.6737],[23.7445,-6.6385],[23.7979,-6.4078],[23.6973,-6.4097],[23.5783,-6.3252],[23.5197,-6.4069],[23.5244,-6.4515],[23.4662,-6.4259],[23.4473,-6.5389],[23.4412,-6.647],[23.458,-6.6566],[23.5991,-6.7704],[23.737,-6.728]]]},"properties":{"pcode":"CD8202ZS01","iso3":"COD","name":"Kasansa"},"id":"801"},
{"type":"Feature","geometry":{"type":"Polygon","coordinates":[[[23.8453,-6.366],[23.8035,-6.3011],[23.8455,-6.2482],[23.7913,-6.2227],[23.6744,-6.1615],[23.6429,-6.1751],[23.5783,-6.3252],[23.6973,-6.4097],[23.7979,-6.4078],[23.8453,-6.366]]]},"properties":{"pcode":"CD8202ZS02","iso3":"COD","name":"Tshilenge"},"id":"802"},
{"type":"Feature","geometry":{"type":"Polygon","coordinates":[[[23.4473,-6.5389],[23.4662,-6.4259],[23.5244,-6.4515],[23.5197,-6.4069],[23.4438,-6.2933],[23.3002,-6.3099],[23.322,-6.2274],[23.2372,-6.0973],[23.2192,-6.0824],[23.1637,-6.2905],[23.1566,-6.3103],[23.1457,-6.3621],[23.1451,-6.466],[23.1564,-6.466],[23.1822,-6.5988],[23.4473,-6.5389]]]},"properties":{"pcode":"CD8205ZS01","iso3":"COD","name":"Cilundu"},"id":"803"},
{"type":"Feature","geometry":{"type":"Polygon","coordinates":[[[23.4438,-6.2933],[23.3472,-6.0229],[23.3451,-6.0154],[23.291,-5.9804],[23.2372,-6.0973],[23.322,-6.2274],[23.3002,-6.3099],[23.4438,-6.2933]]]},"properties":{"pcode":"CD8205ZS02","iso3":"COD","name":"Miabi"},"id":"804"},
{"type":"Feature","geometry":{"type":"MultiPolygon","coordinates":[[[[23.2372,-6.0973],[23.291,-5.9804],[23.3451,-6.0154],[23.3472,-6.0229],[23.4154,-5.986],[23.3946,-5.7832],[23.4167,-5.7118],[23.0756,-5.7406],[23.0749,-5.7412],[23.0733,-5.7457],[23.0731,-5.7459],[23.0575,-5.7574],[23.0557,-5.7566],[22.9503,-5.8412],[22.9879,-5.8864],[22.956,-6.0651],[23.0882,-6.1949],[23.0552,-6.2608],[23.0552,-6.2623],[23.0743,-6.3513],[23.1457,-6.3621],[23.1566,-6.3103],[23.1637,-6.2905],[23.2192,-6.0824],[23.2372,-6.0973]]],[[[23.074864521955075,-5.741190495541259],[23.074846273932252,-5.741243092783505],[23.0749,-5.7412],[23.074911882176735,-5.741152471293062],[23.074864521955075,-5.741190495541259]]]]},"properties":{"pcode":"CD8207ZS01","iso3":"COD","name":"Kabeya Kamuanga"},"id":"805"},
{"type":"Feature","geometry":{"type":"Polygon","coordinates":[[[23.5947,-6.083],[23.6047,-6.0877],[23.6192,-6.0922],[23.657,-6.0875],[23.6604,-6.087],[23.669,-6.0969],[23.747,-6.035],[23.7237,-5.7721],[23.7298,-5.6911],[23.7458,-5.634],[23.5046,-5.6838],[23.3946,-5.7832],[23.4154,-5.986],[23.4202,-5.9926],[23.5244,-6.0743],[23.5596,-6.0566],[23.5617,-6.0576],[23.5709,-6.066],[23.5947,-6.083]]]},"properties":{"pcode":"CD8208ZS01","iso3":"COD","name":"Mukumbi"},"id":"806"},
{"type":"Feature","geometry":{"type":"Polygon","coordinates":[[[23.5709,-6.1604],[23.5283,-6.1112],[23.5244,-6.0743],[23.4202,-5.9926],[23.4154,-5.986],[23.3472,-6.0229],[23.4438,-6.2933],[23.5197,-6.4069],[23.5783,-6.3252],[23.6429,-6.1751],[23.5709,-6.1604]]]},"properties":{"pcode":"CD8208ZS02","iso3":"COD","name":"Tshishimbi"},"id":"807"},
{"type":"Feature","geometry":{"type":"Polygon","coordinates":[[[23.9521,-5.8312],[23.903,-5.8553],[23.8289,-5.7446],[23.7237,-5.7721],[23.747,-6.035],[23.7997,-6.0902],[23.7628,-6.1146],[23.8149,-6.1111],[23.7808,-6.15],[23.8285,-6.1504],[23.7913,-6.2227],[23.8455,-6.2482],[23.8035,-6.3011],[23.8453,-6.366],[23.9095,-6.4071],[24.047,-6.3873],[24.094,-6.357],[24.0042,-6.2965],[24.008,-6.2175],[24.1079,-6.1924],[24.1748,-6.103],[23.9897,-6.0256],[24.0153,-5.9523],[23.9347,-5.9226],[23.9521,-5.8312]]]},"properties":{"pcode":"CD8209ZS01","iso3":"COD","name":"Bibanga"},"id":"808"},
{"type":"Feature","geometry":{"type":"Polygon","coordinates":[[[23.6744,-6.1615],[23.7913,-6.2227],[23.8285,-6.1504],[23.7808,-6.15],[23.8149,-6.1111],[23.7628,-6.1146],[23.7997,-6.0902],[23.747,-6.035],[23.669,-6.0969],[23.6419,-6.148],[23.6744,-6.1615]]]},"properties":{"pcode":"CD8209ZS02","iso3":"COD","name":"Tshitenge"},"id":"809"},
{"type":"Feature","geometry":{"type":"Polygon","coordinates":[[[23.2076,-4.5004],[23.1375,-4.5004],[23.0613,-4.5207],[23.1889,-4.7682],[23.0817,-4.8205],[22.9425,-4.8751],[22.9259,-4.9196],[22.9748,-4.9318],[22.9052,-5.0297],[23.0871,-5.1779],[23.1852,-5.3094],[23.4228,-5.2578],[23.4358,-5.3071],[23.6473,-5.3508],[23.6473,-5.3491],[23.6471,-5.3482],[23.6199,-5.2719],[23.7911,-5.0397],[23.708,-4.9318],[23.5764,-4.9467],[23.445,-4.9838],[23.3161,-4.9392],[23.2076,-4.5004]]]},"properties":{"pcode":"CD8302ZS01","iso3":"COD","name":"Lusambo"},"id":"810"},
{"type":"Feature","geometry":{"type":"Polygon","coordinates":[[[23.5764,-4.9467],[23.6131,-4.6823],[23.5031,-4.4068],[23.5922,-4.4365],[23.7364,-4.5145],[23.6247,-4.1797],[23.5592,-4.1635],[23.4181,-4.204],[23.4091,-4.2738],[23.3157,-4.3322],[23.3176,-4.4799],[23.2076,-4.5004],[23.3161,-4.9392],[23.445,-4.9838],[23.5764,-4.9467]]]},"properties":{"pcode":"CD8302ZS02","iso3":"COD","name":"Ototo"},"id":"811"},
{"type":"Feature","geometry":{"type":"Polygon","coordinates":[[[24.1874,-5.7986],[24.1704,-5.6604],[24.0661,-5.5921],[24.0464,-5.4806],[24.0665,-5.3853],[24.1085,-5.4222],[24.1253,-5.3866],[24.0376,-5.3019],[24.0657,-5.2258],[24.0344,-5.2568],[23.8593,-5.1139],[23.894,-4.9917],[24.0468,-4.8192],[23.7979,-4.8166],[23.7334,-4.6712],[23.7838,-4.5488],[23.7364,-4.5145],[23.5922,-4.4365],[23.5031,-4.4068],[23.6131,-4.6823],[23.5764,-4.9467],[23.708,-4.9318],[23.7911,-5.0397],[23.6199,-5.2719],[23.6471,-5.3482],[23.6473,-5.3491],[23.6473,-5.3508],[23.7047,-5.3591],[23.7458,-5.634],[23.7298,-5.6911],[23.7237,-5.7721],[23.8289,-5.7446],[23.903,-5.8553],[23.9521,-5.8312],[24.174,-5.7977],[24.1874,-5.7986]]]},"properties":{"pcode":"CD8302ZS03","iso3":"COD","name":"Pania Mutombo"},"id":"812"},
{"type":"Feature","geometry":{"type":"Polygon","coordinates":[[[23.7611,-3.2857],[23.716,-3.3904],[23.6413,-3.3985],[23.4014,-3.1554],[23.3355,-3.1189],[23.3101,-3.1805],[23.2206,-3.156],[23.1745,-3.2121],[23.0918,-3.1466],[23.0424,-3.2355],[23.1371,-3.4515],[23.0796,-3.5776],[23.2723,-3.5469],[23.2423,-3.4477],[23.3025,-3.4183],[23.5244,-3.5806],[23.644,-3.5635],[23.7217,-3.7047],[23.8497,-3.6392],[23.9485,-3.6612],[24.0312,-3.6545],[24.0279,-3.4908],[23.9506,-3.5174],[23.7611,-3.2857]]]},"properties":{"pcode":"CD8303ZS01","iso3":"COD","name":"Lodja"},"id":"813"},
{"type":"Feature","geometry":{"type":"Polygon","coordinates":[[[23.7611,-3.2857],[23.7084,-3.1323],[23.6033,-3.1287],[23.5288,-2.9959],[23.467,-2.9961],[23.5265,-2.9108],[23.2181,-2.8206],[23.1297,-2.8089],[23.0865,-3.0362],[23.0918,-3.1466],[23.1745,-3.2121],[23.2206,-3.156],[23.3101,-3.1805],[23.3355,-3.1189],[23.4014,-3.1554],[23.6413,-3.3985],[23.716,-3.3904],[23.7611,-3.2857]]]},"properties":{"pcode":"CD8303ZS02","iso3":"COD","name":"Omendjadi"},"id":"814"},
{"type":"Feature","geometry":{"type":"Polygon","coordinates":[[[23.6247,-4.1797],[23.6352,-4.1742],[23.6931,-4.2026],[23.8938,-3.8661],[23.9485,-3.6612],[23.8497,-3.6392],[23.7217,-3.7047],[23.644,-3.5635],[23.5244,-3.5806],[23.3025,-3.4183],[23.2423,-3.4477],[23.2723,-3.5469],[23.0796,-3.5776],[23.0321,-3.6311],[23.1197,-4.1315],[23.4181,-4.204],[23.5592,-4.1635],[23.6247,-4.1797]]]},"properties":{"pcode":"CD8303ZS03","iso3":"COD","name":"Vanga Kete"},"id":"815"},
{"type":"Feature","geometry":{"type":"Polygon","coordinates":[[[23.2076,-4.5004],[23.3176,-4.4799],[23.3157,-4.3322],[23.4091,-4.2738],[23.4181,-4.204],[23.1197,-4.1315],[23.0321,-3.6311],[23.0796,-3.5776],[23.1371,-3.4515],[23.0424,-3.2355],[23.0918,-3.1466],[23.0865,-3.0362],[23.0009,-3.0613],[22.7309,-2.9643],[22.5951,-3.0567],[22.4587,-3.066],[22.4172,-2.9413],[22.16,-3.0168],[21.9963,-3.3375],[22.2839,-3.4697],[22.2606,-3.362],[22.3225,-3.2935],[22.4854,-3.4277],[22.4474,-3.5411],[22.499,-3.5835],[22.4476,-3.6268],[22.6417,-3.7268],[22.4602,-3.8222],[22.5127,-3.9286],[22.4306,-4.0023],[22.3641,-3.9426],[22.2688,-3.9978],[22.4335,-4.1529],[22.525,-4.1987],[22.6629,-4.2695],[22.8277,-4.4731],[23.0613,-4.5207],[23.1375,-4.5004],[23.2076,-4.5004]]]},"properties":{"pcode":"CD8306ZS01","iso3":"COD","name":"Bena Dibele"},"id":"816"},
{"type":"Feature","geometry":{"type":"Polygon","coordinates":[[[21.9963,-3.3375],[21.9398,-3.5746],[22.1225,-3.5705],[22.1563,-3.8038],[21.9684,-3.9752],[22.1869,-4.029],[22.2688,-3.9978],[22.3641,-3.9426],[22.4306,-4.0023],[22.5127,-3.9286],[22.4602,-3.8222],[22.6417,-3.7268],[22.4476,-3.6268],[22.499,-3.5835],[22.4474,-3.5411],[22.4854,-3.4277],[22.3225,-3.2935],[22.2606,-3.362],[22.2839,-3.4697],[21.9963,-3.3375]]]},"properties":{"pcode":"CD8306ZS02","iso3":"COD","name":"Kole"},"id":"817"},
{"type":"Feature","geometry":{"type":"Polygon","coordinates":[[[22.8686,-1.885],[23.2341,-2.2664],[23.1952,-2.5852],[23.0739,-2.5713],[23.2181,-2.8206],[23.5265,-2.9108],[23.6478,-2.9025],[23.7181,-2.7773],[23.5302,-2.5739],[23.7347,-2.5618],[23.9036,-2.617],[23.9735,-2.5549],[24.1555,-2.549],[24.3956,-2.2816],[24.5056,-2.4257],[24.7044,-2.3679],[24.5984,-1.9809],[24.4441,-1.7154],[23.9991,-1.7031],[23.6782,-1.8216],[23.5625,-1.7933],[23.5856,-1.9905],[23.424,-1.9975],[23.2744,-2.0797],[23.2725,-2.0775],[23.1468,-1.9449],[22.8686,-1.885]]]},"properties":{"pcode":"CD8307ZS01","iso3":"COD","name":"Lomela"},"id":"818"},
{"type":"Feature","geometry":{"type":"Polygon","coordinates":[[[22.5897,-1.7508],[22.4929,-1.9169],[22.1955,-1.8108],[22.1336,-1.8773],[22.2234,-2.4069],[22.1487,-2.4487],[22.0612,-2.3008],[21.8311,-2.5306],[22.2215,-2.9289],[22.16,-3.0168],[22.4172,-2.9413],[22.4587,-3.066],[22.5951,-3.0567],[22.7309,-2.9643],[23.0009,-3.0613],[23.0865,-3.0362],[23.1297,-2.8089],[23.2181,-2.8206],[23.0739,-2.5713],[23.1952,-2.5852],[23.2341,-2.2664],[22.8686,-1.885],[22.6094,-1.7764],[22.5897,-1.7508]]]},"properties":{"pcode":"CD8307ZS02","iso3":"COD","name":"Tshudi Loto"},"id":"819"},
{"type":"Feature","geometry":{"type":"Polygon","coordinates":[[[23.9485,-3.6612],[23.8938,-3.8661],[23.6931,-4.2026],[23.9091,-4.2855],[23.9685,-4.3126],[24.0988,-4.1467],[24.1362,-4.2117],[24.1624,-4.0128],[24.2204,-4.0607],[24.2821,-3.9872],[24.4028,-4.0044],[24.4617,-3.9697],[24.3675,-3.8887],[24.4279,-3.7737],[24.3482,-3.6535],[24.3325,-3.4516],[24.5747,-3.2081],[24.6339,-2.9872],[24.5056,-2.4257],[24.3956,-2.2816],[24.1555,-2.549],[23.9735,-2.5549],[23.9036,-2.617],[23.7347,-2.5618],[23.5302,-2.5739],[23.7181,-2.7773],[23.6478,-2.9025],[23.5265,-2.9108],[23.467,-2.9961],[23.5288,-2.9959],[23.6033,-3.1287],[23.7084,-3.1323],[23.7611,-3.2857],[23.9506,-3.5174],[24.0279,-3.4908],[24.0312,-3.6545],[23.9485,-3.6612]]]},"properties":{"pcode":"CD8308ZS01","iso3":"COD","name":"Djalo Djeka"},"id":"820"},
{"type":"Feature","geometry":{"type":"Polygon","coordinates":[[[24.7044,-2.3679],[24.5056,-2.4257],[24.6339,-2.9872],[24.5747,-3.2081],[24.3325,-3.4516],[24.3482,-3.6535],[24.4279,-3.7737],[24.5566,-3.7902],[24.6611,-3.7394],[24.7745,-3.4846],[24.9032,-3.3712],[24.8983,-3.282],[24.9586,-3.2339],[25.1124,-2.7743],[25.0744,-2.6008],[25.0018,-2.5455],[25.0484,-2.4119],[24.7441,-2.3667],[24.7044,-2.3679]]]},"properties":{"pcode":"CD8308ZS02","iso3":"COD","name":"Katako Kombe"},"id":"821"},
{"type":"Feature","geometry":{"type":"Polygon","coordinates":[[[24.7745,-3.4846],[24.6611,-3.7394],[24.5566,-3.7902],[24.4279,-3.7737],[24.3675,-3.8887],[24.4617,-3.9697],[24.4028,-4.0044],[24.3956,-4.2367],[24.4827,-4.2362],[24.4275,-4.3267],[24.696,-4.3925],[24.9829,-4.2817],[25.0155,-4.2848],[24.9817,-4.0507],[24.921,-4.0441],[24.743,-3.7819],[24.8076,-3.6665],[24.7745,-3.4846]]]},"properties":{"pcode":"CD8308ZS03","iso3":"COD","name":"Wembo Nyama"},"id":"822"},
{"type":"Feature","geometry":{"type":"Polygon","coordinates":[[[23.9091,-4.2855],[23.9391,-4.5371],[24.1364,-4.5429],[24.1885,-4.4185],[24.2519,-4.4896],[24.4042,-4.3993],[24.5732,-4.545],[24.6078,-4.4258],[24.696,-4.3925],[24.4275,-4.3267],[24.4827,-4.2362],[24.3956,-4.2367],[24.4028,-4.0044],[24.2821,-3.9872],[24.2204,-4.0607],[24.1624,-4.0128],[24.1362,-4.2117],[24.0988,-4.1467],[23.9685,-4.3126],[23.9091,-4.2855]]]},"properties":{"pcode":"CD8309ZS01","iso3":"COD","name":"Dikungu"},"id":"823"},
{"type":"Feature","geometry":{"type":"Polygon","coordinates":[[[24.5388,-5.36],[24.5165,-5.1727],[24.4223,-5.151],[24.4567,-4.7589],[24.2519,-4.4896],[24.1885,-4.4185],[24.1364,-4.5429],[23.9391,-4.5371],[23.9091,-4.2855],[23.6931,-4.2026],[23.6352,-4.1742],[23.6247,-4.1797],[23.7364,-4.5145],[23.7838,-4.5488],[23.7334,-4.6712],[23.7979,-4.8166],[24.0468,-4.8192],[23.894,-4.9917],[23.8593,-5.1139],[24.0344,-5.2568],[24.0657,-5.2258],[24.0376,-5.3019],[24.1253,-5.3866],[24.3054,-5.4105],[24.4363,-5.342],[24.4554,-5.3781],[24.5388,-5.36]]]},"properties":{"pcode":"CD8309ZS02","iso3":"COD","name":"Minga"},"id":"824"},
{"type":"Feature","geometry":{"type":"Polygon","coordinates":[[[25.0155,-4.2848],[24.9829,-4.2817],[24.696,-4.3925],[24.6078,-4.4258],[24.5732,-4.545],[24.4042,-4.3993],[24.2519,-4.4896],[24.4567,-4.7589],[24.4223,-5.151],[24.5165,-5.1727],[24.5612,-5.1723],[24.5801,-5.0395],[24.7644,-4.9282],[24.8444,-4.955],[24.8412,-4.861],[24.9838,-4.8352],[24.8591,-4.6339],[25.0001,-4.4659],[25.0155,-4.2848]]]},"properties":{"pcode":"CD8309ZS03","iso3":"COD","name":"Tshumbe"},"id":"825"},
{"type":"Feature","geometry":{"type":"Polygon","coordinates":[[[22.3678,-5.9344],[22.3462,-5.9544],[22.3939,-6.0067],[22.4383,-5.9472],[22.3678,-5.9344]]]},"properties":{"pcode":"CD9101ZS01","iso3":"COD","name":"Bobozo"},"id":"826"},
{"type":"Feature","geometry":{"type":"Polygon","coordinates":[[[22.4383,-5.9472],[22.4831,-5.9495],[22.4833,-5.9491],[22.4312,-5.9075],[22.3678,-5.9344],[22.4383,-5.9472]]]},"properties":{"pcode":"CD9101ZS02","iso3":"COD","name":"Kananga"},"id":"827"},
{"type":"Feature","geometry":{"type":"Polygon","coordinates":[[[22.3678,-5.9344],[22.4312,-5.9075],[22.413,-5.8968],[22.3269,-5.8056],[22.3259,-5.8022],[22.2486,-5.8683],[22.3462,-5.9544],[22.3678,-5.9344]]]},"properties":{"pcode":"CD9101ZS03","iso3":"COD","name":"Katoka"},"id":"828"},
{"type":"Feature","geometry":{"type":"Polygon","coordinates":[[[22.4833,-5.9491],[22.4929,-5.8209],[22.4892,-5.796],[22.4728,-5.7898],[22.413,-5.8968],[22.4312,-5.9075],[22.4833,-5.9491]]]},"properties":{"pcode":"CD9101ZS04","iso3":"COD","name":"Lukonga"},"id":"829"},
{"type":"Feature","geometry":{"type":"Polygon","coordinates":[[[22.413,-5.8968],[22.4728,-5.7898],[22.4659,-5.7813],[22.4283,-5.7694],[22.3259,-5.8022],[22.3269,-5.8056],[22.413,-5.8968]]]},"properties":{"pcode":"CD9101ZS05","iso3":"COD","name":"Ndesha"},"id":"830"},
{"type":"Feature","geometry":{"type":"Polygon","coordinates":[[[22.3939,-6.0067],[22.3972,-6.0107],[22.5599,-5.993],[22.4831,-5.9495],[22.4383,-5.9472],[22.3939,-6.0067]]]},"properties":{"pcode":"CD9101ZS06","iso3":"COD","name":"Tshikaji"},"id":"831"},
{"type":"Feature","geometry":{"type":"Polygon","coordinates":[[[22.8197,-6.2937],[22.6067,-6.0819],[22.4516,-6.147],[22.4849,-6.2798],[22.4213,-6.3755],[22.4549,-6.5451],[22.4913,-6.6316],[22.4936,-6.6967],[22.5477,-6.7041],[22.5975,-6.5502],[22.6902,-6.4933],[22.7549,-6.357],[22.8197,-6.2937]]]},"properties":{"pcode":"CD9102ZS01","iso3":"COD","name":"Bunkonde"},"id":"832"},
{"type":"Feature","geometry":{"type":"Polygon","coordinates":[[[23.1451,-6.466],[23.1457,-6.3621],[23.0743,-6.3513],[23.0552,-6.2623],[23.0552,-6.2608],[22.8197,-6.2937],[22.7549,-6.357],[22.8432,-6.5348],[23.0187,-6.7711],[23.1451,-6.466]]]},"properties":{"pcode":"CD9102ZS02","iso3":"COD","name":"Dibaya"},"id":"833"},
{"type":"Feature","geometry":{"type":"Polygon","coordinates":[[[23.0187,-6.7711],[22.8432,-6.5348],[22.7549,-6.357],[22.6902,-6.4933],[22.5975,-6.5502],[22.5477,-6.7041],[22.5639,-6.7813],[22.7933,-6.9095],[22.982,-6.9562],[23.1192,-6.8982],[23.0187,-6.7711]]]},"properties":{"pcode":"CD9102ZS03","iso3":"COD","name":"Lubondaie"},"id":"834"},
{"type":"Feature","geometry":{"type":"Polygon","coordinates":[[[22.9503,-5.8412],[22.6791,-5.7981],[22.6684,-5.7826],[22.6375,-5.7455],[22.4929,-5.8209],[22.4833,-5.9491],[22.4831,-5.9495],[22.5599,-5.993],[22.3972,-6.0107],[22.4516,-6.147],[22.6067,-6.0819],[22.8197,-6.2937],[23.0552,-6.2608],[23.0882,-6.1949],[22.956,-6.0651],[22.9879,-5.8864],[22.9503,-5.8412]]]},"properties":{"pcode":"CD9102ZS04","iso3":"COD","name":"Tshikula"},"id":"835"},
{"type":"Feature","geometry":{"type":"Polygon","coordinates":[[[22.3487,-7.8511],[22.2946,-7.6336],[22.3151,-7.3217],[22.1791,-7.0775],[21.9518,-7.0547],[21.6582,-7.0775],[21.7797,-7.2747],[21.8536,-7.4265],[21.8294,-7.6374],[21.9648,-7.7006],[22.0335,-7.6826],[22.1651,-7.8812],[22.3487,-7.8511]]]},"properties":{"pcode":"CD9104ZS01","iso3":"COD","name":"Luambo"},"id":"836"},
{"type":"Feature","geometry":{"type":"Polygon","coordinates":[[[22.4549,-6.5451],[22.3556,-6.757],[22.3882,-6.8372],[22.1791,-7.0775],[22.3151,-7.3217],[22.4277,-7.3069],[22.4574,-7.4071],[22.7146,-7.2856],[22.6764,-7.124],[22.8065,-7.0551],[22.7933,-6.9095],[22.5639,-6.7813],[22.5477,-6.7041],[22.4936,-6.6967],[22.4913,-6.6316],[22.4549,-6.5451]]]},"properties":{"pcode":"CD9104ZS02","iso3":"COD","name":"Luiza"},"id":"837"},
{"type":"Feature","geometry":{"type":"Polygon","coordinates":[[[22.7578,-7.8251],[22.6556,-7.5268],[22.7001,-7.3607],[22.7146,-7.2856],[22.4574,-7.4071],[22.4277,-7.3069],[22.3151,-7.3217],[22.2946,-7.6336],[22.3487,-7.8511],[22.4214,-7.8044],[22.4967,-7.8449],[22.6096,-7.7327],[22.6611,-7.8959],[22.7578,-7.8251]]]},"properties":{"pcode":"CD9104ZS03","iso3":"COD","name":"Masuika"},"id":"838"},
{"type":"Feature","geometry":{"type":"Polygon","coordinates":[[[23.1894,-7.7688],[23.2221,-7.7042],[23.2632,-7.3639],[23.2154,-7.1604],[23.2744,-6.9404],[23.1558,-6.9146],[23.1192,-6.8982],[22.982,-6.9562],[22.7933,-6.9095],[22.8065,-7.0551],[22.6764,-7.124],[22.7146,-7.2856],[22.7001,-7.3607],[22.6556,-7.5268],[22.7578,-7.8251],[23.084,-7.8748],[23.1894,-7.7688]]]},"properties":{"pcode":"CD9104ZS04","iso3":"COD","name":"Yangala"},"id":"839"},
{"type":"Feature","geometry":{"type":"Polygon","coordinates":[[[22.4213,-6.3755],[22.2511,-6.3728],[22.1472,-6.3608],[22.1544,-6.4594],[22.0416,-6.5843],[22.1928,-6.6641],[22.1907,-6.7464],[22.3556,-6.757],[22.4549,-6.5451],[22.4213,-6.3755]]]},"properties":{"pcode":"CD9105ZS01","iso3":"COD","name":"Bilomba"},"id":"840"},
{"type":"Feature","geometry":{"type":"Polygon","coordinates":[[[21.6422,-7.0632],[21.6424,-7.063],[21.6657,-6.9118],[21.7805,-6.7525],[21.8826,-6.802],[21.955,-6.7704],[21.8731,-6.6638],[21.853,-6.6368],[21.7826,-6.5532],[21.6999,-6.6474],[21.6124,-6.6802],[21.5988,-6.7583],[21.4046,-6.825],[21.6422,-7.0632]]]},"properties":{"pcode":"CD9105ZS02","iso3":"COD","name":"Kalomba"},"id":"841"},
{"type":"Feature","geometry":{"type":"Polygon","coordinates":[[[22.3462,-5.9544],[22.2486,-5.8683],[22.1222,-5.732],[21.9447,-5.7382],[21.8624,-5.8625],[21.7434,-5.7698],[21.6542,-5.906],[21.7314,-5.9299],[21.8639,-6.1421],[21.9795,-6.1208],[22.184,-6.1947],[22.3641,-6.1593],[22.16,-6.2932],[22.1472,-6.3608],[22.2511,-6.3728],[22.4213,-6.3755],[22.4849,-6.2798],[22.4516,-6.147],[22.3972,-6.0107],[22.3939,-6.0067],[22.3462,-5.9544]]]},"properties":{"pcode":"CD9105ZS03","iso3":"COD","name":"Mikalayi"},"id":"842"},
{"type":"Feature","geometry":{"type":"Polygon","coordinates":[[[22.1472,-6.3608],[22.16,-6.2932],[22.3641,-6.1593],[22.184,-6.1947],[21.9795,-6.1208],[21.8639,-6.1421],[21.7314,-5.9299],[21.6542,-5.906],[21.5826,-5.9777],[21.5881,-6.1387],[21.621,-6.3568],[21.6053,-6.4722],[21.5398,-6.4858],[21.5484,-6.5768],[21.6082,-6.5393],[21.6999,-6.6474],[21.7826,-6.5532],[21.853,-6.6368],[21.9653,-6.6344],[22.099,-6.664],[22.0947,-6.7395],[22.1907,-6.7464],[22.1928,-6.6641],[22.0416,-6.5843],[22.1544,-6.4594],[22.1472,-6.3608]]]},"properties":{"pcode":"CD9105ZS04","iso3":"COD","name":"Ndekesha"},"id":"843"},
{"type":"Feature","geometry":{"type":"Polygon","coordinates":[[[22.1791,-7.0775],[22.3882,-6.8372],[22.3556,-6.757],[22.1907,-6.7464],[22.0947,-6.7395],[22.099,-6.664],[21.9653,-6.6344],[21.853,-6.6368],[21.8731,-6.6638],[21.955,-6.7704],[21.8826,-6.802],[21.7805,-6.7525],[21.6657,-6.9118],[21.6424,-7.063],[21.6422,-7.0632],[21.6582,-7.0775],[21.9518,-7.0547],[22.1791,-7.0775]]]},"properties":{"pcode":"CD9105ZS05","iso3":"COD","name":"Tshibala"},"id":"844"},
{"type":"Feature","geometry":{"type":"Polygon","coordinates":[[[22.4476,-5.1022],[22.4994,-4.9416],[22.3619,-4.8838],[22.4711,-4.6994],[22.4304,-4.6145],[22.427,-4.6107],[22.2862,-4.6264],[22.202,-4.7218],[22.2234,-4.7825],[22.0824,-4.8953],[22.1273,-4.9787],[22.1008,-5.0555],[22.0349,-5.1382],[22.0202,-5.07],[21.9315,-5.0785],[21.88,-5.0177],[21.802,-5.0834],[21.6897,-5.0548],[21.6366,-5.2431],[21.6586,-5.3928],[21.7667,-5.4681],[21.8471,-5.4218],[22.011,-5.4868],[22.1138,-5.3504],[22.3913,-5.2538],[22.4136,-5.0985],[22.4476,-5.1022]]]},"properties":{"pcode":"CD9106ZS01","iso3":"COD","name":"Bena Leka"},"id":"845"},
{"type":"Feature","geometry":{"type":"Polygon","coordinates":[[[22.3259,-5.8022],[22.4283,-5.7694],[22.4659,-5.7813],[22.4839,-5.6932],[22.4081,-5.5881],[22.5737,-5.5305],[22.7183,-5.387],[22.5874,-5.2282],[22.4476,-5.1022],[22.4136,-5.0985],[22.3913,-5.2538],[22.1138,-5.3504],[22.011,-5.4868],[21.8471,-5.4218],[21.9745,-5.6043],[21.9447,-5.7382],[22.1222,-5.732],[22.2486,-5.8683],[22.3259,-5.8022]]]},"properties":{"pcode":"CD9106ZS02","iso3":"COD","name":"Demba"},"id":"846"},
{"type":"Feature","geometry":{"type":"Polygon","coordinates":[[[22.4929,-5.8209],[22.6375,-5.7455],[22.6684,-5.7826],[22.8092,-5.7252],[22.8472,-5.6356],[22.7412,-5.4209],[22.7183,-5.387],[22.5737,-5.5305],[22.4081,-5.5881],[22.4839,-5.6932],[22.4659,-5.7813],[22.4728,-5.7898],[22.4892,-5.796],[22.4929,-5.8209]]]},"properties":{"pcode":"CD9106ZS03","iso3":"COD","name":"Mutoto"},"id":"847"},
{"type":"Feature","geometry":{"type":"Polygon","coordinates":[[[23.0613,-4.5207],[22.8277,-4.4731],[22.6629,-4.2695],[22.525,-4.1987],[22.525,-4.1989],[22.5244,-4.2034],[22.5059,-4.4778],[22.5809,-4.6085],[23.0817,-4.8205],[23.1889,-4.7682],[23.0613,-4.5207]]]},"properties":{"pcode":"CD9107ZS01","iso3":"COD","name":"Bena Tshiadi"},"id":"848"},
{"type":"Feature","geometry":{"type":"MultiPolygon","coordinates":[[[[23.0749,-5.7412],[23.074846273932252,-5.741243092783505],[23.0557,-5.7566],[23.0575,-5.7574],[23.0731,-5.7459],[23.0733,-5.7457],[23.0749,-5.7412]]],[[[23.074911882176735,-5.741152471293062],[23.0749,-5.7412],[23.0756,-5.7406],[23.075,-5.7408],[23.074911882176735,-5.741152471293062]]],[[[22.9503,-5.8412],[23.0557,-5.7566],[23.05568170055453,-5.756591866913124],[23.0359,-5.7478],[23.148,-5.5587],[23.1852,-5.3094],[23.0871,-5.1779],[22.966,-5.2105],[22.8283,-5.1363],[22.5874,-5.2282],[22.7183,-5.387],[22.7412,-5.4209],[22.8472,-5.6356],[22.8092,-5.7252],[22.6684,-5.7826],[22.6791,-5.7981],[22.9503,-5.8412]]]]},"properties":{"pcode":"CD9107ZS02","iso3":"COD","name":"Katende"},"id":"849"},
{"type":"Feature","geometry":{"type":"Polygon","coordinates":[[[23.0557,-5.7566],[23.074846273932252,-5.741243092783505],[23.074864521955075,-5.741190495541259],[23.074911882176735,-5.741152471293062],[23.075,-5.7408],[23.0756,-5.7406],[23.4167,-5.7118],[23.3946,-5.7832],[23.5046,-5.6838],[23.7458,-5.634],[23.7047,-5.3591],[23.6473,-5.3508],[23.4358,-5.3071],[23.4228,-5.2578],[23.1852,-5.3094],[23.148,-5.5587],[23.0359,-5.7478],[23.05568170055453,-5.756591866913124],[23.0557,-5.7566]]]},"properties":{"pcode":"CD9107ZS03","iso3":"COD","name":"Lubunga"},"id":"850"},
{"type":"Feature","geometry":{"type":"Polygon","coordinates":[[[23.0817,-4.8205],[22.5809,-4.6085],[22.5059,-4.4778],[22.427,-4.6107],[22.4304,-4.6145],[22.4711,-4.6994],[22.3619,-4.8838],[22.4994,-4.9416],[22.4476,-5.1022],[22.5874,-5.2282],[22.8283,-5.1363],[22.966,-5.2105],[23.0871,-5.1779],[22.9052,-5.0297],[22.9748,-4.9318],[22.9259,-4.9196],[22.9425,-4.8751],[23.0817,-4.8205]]]},"properties":{"pcode":"CD9107ZS04","iso3":"COD","name":"Muetshi"},"id":"851"},
{"type":"Feature","geometry":{"type":"Polygon","coordinates":[[[21.0677,-5.9664],[20.8532,-5.744],[20.8339,-5.734],[20.6423,-5.8862],[20.5791,-6.0306],[20.7747,-6.3762],[20.797,-6.4122],[20.9332,-6.5495],[21.0146,-6.3832],[21.0677,-5.9664]]]},"properties":{"pcode":"CD9202ZS01","iso3":"COD","name":"Kalonda Ouest"},"id":"852"},
{"type":"Feature","geometry":{"type":"Polygon","coordinates":[[[21.073,-6.6173],[20.9359,-6.5528],[20.7189,-6.5866],[20.7264,-6.7037],[20.6219,-6.9321],[20.5428,-7.299],[21.311,-7.2886],[21.2186,-7.0165],[21.0724,-6.8732],[21.073,-6.6173]]]},"properties":{"pcode":"CD9202ZS02","iso3":"COD","name":"Kamonia"},"id":"853"},
{"type":"Feature","geometry":{"type":"Polygon","coordinates":[[[21.6999,-6.6474],[21.6082,-6.5393],[21.5484,-6.5768],[21.5398,-6.4858],[21.6053,-6.4722],[21.621,-6.3568],[21.5881,-6.1387],[21.2564,-6.1026],[21.2317,-6.1137],[21.0677,-5.9664],[21.0146,-6.3832],[20.9332,-6.5495],[20.9359,-6.5528],[21.073,-6.6173],[21.0871,-6.634],[21.4046,-6.825],[21.5988,-6.7583],[21.6124,-6.6802],[21.6999,-6.6474]]]},"properties":{"pcode":"CD9202ZS03","iso3":"COD","name":"Kamwesha"},"id":"854"},
{"type":"Feature","geometry":{"type":"Polygon","coordinates":[[[20.797,-6.4122],[20.7189,-6.5866],[20.9359,-6.5528],[20.9332,-6.5495],[20.797,-6.4122]]]},"properties":{"pcode":"CD9202ZS04","iso3":"COD","name":"Kanzala"},"id":"855"},
{"type":"Feature","geometry":{"type":"Polygon","coordinates":[[[19.9557,-6.9995],[20.297,-7.0101],[20.3188,-6.9278],[20.4231,-6.4706],[20.6001,-6.364],[20.5197,-6.2304],[20.3635,-6.1676],[20.2983,-6.0749],[20.1503,-6.1011],[20.0176,-6.0465],[19.9809,-5.9711],[19.7414,-6.1158],[19.6877,-6.337],[19.7095,-6.5809],[19.9305,-6.8581],[19.9557,-6.9995]]]},"properties":{"pcode":"CD9202ZS05","iso3":"COD","name":"Kitangwa"},"id":"856"},
{"type":"Feature","geometry":{"type":"Polygon","coordinates":[[[21.6582,-7.0775],[21.6422,-7.0632],[21.4046,-6.825],[21.0871,-6.634],[21.073,-6.6173],[21.0724,-6.8732],[21.2186,-7.0165],[21.311,-7.2886],[21.7797,-7.2747],[21.6582,-7.0775]]]},"properties":{"pcode":"CD9202ZS06","iso3":"COD","name":"Mutena"},"id":"857"},
{"type":"Feature","geometry":{"type":"Polygon","coordinates":[[[19.9809,-5.9711],[20.0176,-6.0465],[20.1503,-6.1011],[20.2983,-6.0749],[20.3635,-6.1676],[20.5197,-6.2304],[20.6001,-6.364],[20.6055,-6.3745],[20.7747,-6.3762],[20.5791,-6.0306],[20.6423,-5.8862],[20.5398,-5.8416],[20.3547,-5.9045],[20.1807,-5.8069],[20.1241,-5.7875],[19.9809,-5.9711]]]},"properties":{"pcode":"CD9202ZS07","iso3":"COD","name":"Nyanga"},"id":"858"},
{"type":"Feature","geometry":{"type":"Polygon","coordinates":[[[20.7747,-6.3762],[20.6055,-6.3745],[20.6001,-6.364],[20.4231,-6.4706],[20.3188,-6.9278],[20.6219,-6.9321],[20.7264,-6.7037],[20.7189,-6.5866],[20.797,-6.4122],[20.7747,-6.3762]]]},"properties":{"pcode":"CD9202ZS08","iso3":"COD","name":"Tshikapa"},"id":"859"},
{"type":"Feature","geometry":{"type":"Polygon","coordinates":[[[21.9447,-5.7382],[21.9745,-5.6043],[21.8471,-5.4218],[21.7667,-5.4681],[21.6586,-5.3928],[21.6366,-5.2431],[21.3589,-5.2277],[21.197,-5.0697],[21.1299,-5.0367],[21.1114,-5.0407],[21.073,-5.3081],[21.15,-5.39],[21.2271,-5.531],[21.1868,-5.6728],[21.2953,-5.7246],[21.2632,-5.8521],[21.3114,-6.0649],[21.2564,-6.1026],[21.5881,-6.1387],[21.5826,-5.9777],[21.6542,-5.906],[21.7434,-5.7698],[21.8624,-5.8625],[21.9447,-5.7382]]]},"properties":{"pcode":"CD9204ZS01","iso3":"COD","name":"Luebo"},"id":"860"},
{"type":"Feature","geometry":{"type":"Polygon","coordinates":[[[21.0677,-5.9664],[21.2317,-6.1137],[21.2564,-6.1026],[21.3114,-6.0649],[21.2632,-5.8521],[21.2953,-5.7246],[21.1868,-5.6728],[21.2271,-5.531],[21.15,-5.39],[21.073,-5.3081],[20.8501,-5.4578],[20.7991,-5.5367],[20.8685,-5.6653],[20.8339,-5.734],[20.8532,-5.744],[21.0677,-5.9664]]]},"properties":{"pcode":"CD9204ZS02","iso3":"COD","name":"Ndjoko-Mpunda"},"id":"861"},
{"type":"Feature","geometry":{"type":"Polygon","coordinates":[[[20.1241,-5.7875],[20.1807,-5.8069],[20.3547,-5.9045],[20.5398,-5.8416],[20.6423,-5.8862],[20.8339,-5.734],[20.8685,-5.6653],[20.7991,-5.5367],[20.8501,-5.4578],[20.5594,-5.306],[20.3816,-5.381],[20.353,-5.5342],[20.186,-5.631],[20.1241,-5.7875]]]},"properties":{"pcode":"CD9205ZS01","iso3":"COD","name":"Banga Lubaka"},"id":"862"},
{"type":"Feature","geometry":{"type":"Polygon","coordinates":[[[20.4116,-4.2891],[20.4989,-4.3495],[20.5667,-4.3307],[20.6992,-4.5015],[20.8261,-4.5064],[20.9004,-4.4546],[20.9296,-4.2908],[20.8658,-4.1237],[20.6511,-4.155],[20.606,-4.2215],[20.4116,-4.2891]]]},"properties":{"pcode":"CD9205ZS02","iso3":"COD","name":"Ilebo"},"id":"863"},
{"type":"Feature","geometry":{"type":"Polygon","coordinates":[[[20.1906,-5.1456],[20.1998,-5.2783],[20.14,-5.4132],[20.186,-5.631],[20.353,-5.5342],[20.3816,-5.381],[20.5594,-5.306],[20.8501,-5.4578],[21.073,-5.3081],[21.1114,-5.0407],[21.0589,-4.6512],[20.8671,-4.5913],[20.8261,-4.5064],[20.6992,-4.5015],[20.5667,-4.3307],[20.4989,-4.3495],[20.4116,-4.2891],[20.3524,-4.3987],[20.055,-4.2902],[20.038,-4.2859],[20.1247,-4.5],[20.0563,-4.6183],[20.0558,-4.7823],[20.1906,-5.1456]]]},"properties":{"pcode":"CD9205ZS03","iso3":"COD","name":"Mikope"},"id":"864"},
{"type":"Feature","geometry":{"type":"Polygon","coordinates":[[[21.9684,-3.9752],[21.8311,-3.9599],[21.6095,-4.0469],[21.6357,-4.1746],[21.4414,-4.6149],[21.4816,-4.7785],[21.5219,-4.842],[21.7182,-4.8678],[21.7612,-4.8051],[21.8842,-4.3149],[21.8473,-4.2554],[22.0683,-4.2488],[22.1539,-4.1672],[22.1869,-4.029],[21.9684,-3.9752]]]},"properties":{"pcode":"CD9207ZS01","iso3":"COD","name":"Bulape"},"id":"865"},
{"type":"Feature","geometry":{"type":"Polygon","coordinates":[[[22.2688,-3.9978],[22.1869,-4.029],[22.1539,-4.1672],[22.0683,-4.2488],[21.8473,-4.2554],[21.8842,-4.3149],[21.7612,-4.8051],[22.0824,-4.8953],[22.2234,-4.7825],[22.202,-4.7218],[22.2862,-4.6264],[22.427,-4.6107],[22.5059,-4.4778],[22.5244,-4.2034],[22.525,-4.1989],[22.525,-4.1987],[22.4335,-4.1529],[22.2688,-3.9978]]]},"properties":{"pcode":"CD9207ZS02","iso3":"COD","name":"Kakenge"},"id":"866"},
{"type":"Feature","geometry":{"type":"Polygon","coordinates":[[[21.1299,-5.0367],[21.3385,-4.8375],[21.4816,-4.7785],[21.4414,-4.6149],[21.6357,-4.1746],[21.6095,-4.0469],[21.4477,-4.0757],[21.1744,-3.9665],[20.8658,-4.1237],[20.9296,-4.2908],[20.9004,-4.4546],[20.8261,-4.5064],[20.8671,-4.5913],[21.0589,-4.6512],[21.1114,-5.0407],[21.1299,-5.0367]]]},"properties":{"pcode":"CD9207ZS03","iso3":"COD","name":"Mushenge"},"id":"867"},
{"type":"Feature","geometry":{"type":"Polygon","coordinates":[[[22.0824,-4.8953],[21.7612,-4.8051],[21.7182,-4.8678],[21.5219,-4.842],[21.4816,-4.7785],[21.3385,-4.8375],[21.1299,-5.0367],[21.197,-5.0697],[21.3589,-5.2277],[21.6366,-5.2431],[21.6897,-5.0548],[21.802,-5.0834],[21.88,-5.0177],[21.9315,-5.0785],[22.0202,-5.07],[22.0349,-5.1382],[22.1008,-5.0555],[22.1273,-4.9787],[22.0824,-4.8953]]]},"properties":{"pcode":"CD9207ZS04","iso3":"COD","name":"Mweka"},"id":"868"},
{"type":"Feature","geometry":{"type":"Polygon","coordinates":[[[20.6584,-3.2089],[20.6511,-4.155],[20.8658,-4.1237],[21.1744,-3.9665],[21.4477,-4.0757],[21.6095,-4.0469],[21.8311,-3.9599],[21.9684,-3.9752],[22.1563,-3.8038],[22.1225,-3.5705],[21.9398,-3.5746],[21.9963,-3.3375],[22.16,-3.0168],[22.2215,-2.9289],[21.8311,-2.5306],[21.5729,-2.4016],[21.4099,-2.3097],[21.4432,-2.4976],[21.0163,-2.4944],[20.962,-2.4897],[20.6584,-3.2089]]]},"properties":{"pcode":"CD9208ZS01","iso3":"COD","name":"Dekese"},"id":"869"},
{"type":"Feature","geometry":{"type":"Polygon","coordinates":[[[97.5359,25.9729],[97.5063,26.0686],[97.3844,26.0338],[97.2912,26.1715],[97.2225,26.1851],[97.2079,26.1878],[97.1156,26.0771],[97.1468,26.0033],[97.0579,25.8823],[97.0499,25.7192],[97.162,25.6638],[97.1973,25.5743],[97.1732,25.3677],[97.1103,25.2966],[97.1469,25.1592],[97.0881,25.0712],[96.9821,25.0319],[96.942,25.0656],[96.9162,25.0156],[96.8375,25.044],[96.7925,24.9691],[96.7518,24.8404],[96.6734,24.8238],[96.6858,24.7616],[96.7576,24.771],[96.9304,24.6617],[96.9187,24.6019],[97.0782,24.5703],[97.1183,24.5644],[97.1019,24.6588],[97.1549,24.704],[97.1721,24.7101],[97.1979,24.9023],[97.2155,24.8864],[97.3796,24.8406],[97.4651,25.1344],[97.3521,25.2252],[97.2556,25.1849],[97.2657,25.2977],[97.3146,25.3645],[97.4225,25.3433],[97.5329,25.6679],[97.5019,25.7109],[97.5359,25.9729]]]},"properties":{"pcode":"MMR001001","iso3":"MMR","name":"Myitkyina"},"id":"870"},
{"type":"Feature","geometry":{"type":"Polygon","coordinates":[[[97.3796,24.8406],[97.514,24.8641],[97.5068,24.7279],[97.5508,24.7432],[97.702,24.8461],[97.8006,24.849],[97.731,24.9118],[97.7216,25.0841],[97.8376,25.2695],[97.9363,25.2198],[98.1403,25.3904],[98.1682,25.6259],[97.945,25.7139],[97.9432,25.7254],[97.8008,25.5856],[97.6866,25.7095],[97.5019,25.7109],[97.5329,25.6679],[97.4225,25.3433],[97.3146,25.3645],[97.2657,25.2977],[97.2556,25.1849],[97.3521,25.2252],[97.4651,25.1344],[97.3796,24.8406]]]},"properties":{"pcode":"MMR001002","iso3":"MMR","name":"Waingmaw"},"id":"871"},
{"type":"Feature","geometry":{"type":"Polygon","coordinates":[[[97.5019,25.7109],[97.6866,25.7095],[97.8008,25.5856],[97.9432,25.7254],[98.084,25.8391],[98.0167,25.9261],[98.1433,26.1148],[98.2713,26.7171],[98.2892,26.7608],[98.2722,26.7958],[98.0859,26.5835],[97.9184,26.4863],[97.7612,26.4704],[97.7548,26.3285],[97.6913,26.3208],[97.7494,26.1813],[97.6566,26.1428],[97.5359,25.9729],[97.5019,25.7109]]]},"properties":{"pcode":"MMR001003","iso3":"MMR","name":"Injangyang"},"id":"872"},
{"type":"Feature","geometry":{"type":"Polygon","coordinates":[[[97.2079,26.1878],[97.1712,26.2413],[97.2323,26.3563],[97.2254,26.5016],[97.1752,26.6603],[97.2591,26.6963],[97.2254,26.7888],[97.2655,26.8002],[97.1384,27.0922],[97.1086,27.1034],[97.0666,27.0926],[96.9859,27.0238],[96.251,26.9827],[96.317,26.9396],[96.2315,26.8698],[96.2483,26.8013],[96.0744,26.6853],[96.1762,26.505],[96.0079,26.4854],[95.9939,26.4021],[96.1091,26.3283],[96.0751,26.24],[96.1596,26.118],[96.2533,26.1248],[96.3216,26.0849],[96.3008,25.995],[96.3952,25.8947],[96.4606,25.9174],[96.5178,26.0974],[96.6473,26.0192],[96.8093,26.0262],[96.7862,25.9924],[96.918,25.8834],[96.8912,25.7328],[96.961,25.739],[97.0499,25.7192],[97.0579,25.8823],[97.1468,26.0033],[97.1156,26.0771],[97.2079,26.1878]]]},"properties":{"pcode":"MMR001004","iso3":"MMR","name":"Tanai"},"id":"873"},
{"type":"Feature","geometry":{"type":"Polygon","coordinates":[[[98.1682,25.6259],[98.3137,25.548],[98.403,25.5955],[98.4214,25.674],[98.5329,25.8454],[98.6394,25.8007],[98.7052,25.852],[98.5729,26.1208],[98.7163,26.1255],[98.7251,26.211],[98.672,26.2419],[98.7512,26.4765],[98.7482,26.51],[98.5661,26.3872],[98.5112,26.1832],[98.3649,26.0275],[98.2439,26.0357],[98.1895,26.0614],[98.2106,26.1221],[98.1433,26.1148],[98.0167,25.9261],[98.084,25.8391],[97.9432,25.7254],[97.945,25.7139],[98.1682,25.6259]]]},"properties":{"pcode":"MMR001005","iso3":"MMR","name":"Chipwi"},"id":"874"},
{"type":"Feature","geometry":{"type":"Polygon","coordinates":[[[98.1433,26.1148],[98.2106,26.1221],[98.1895,26.0614],[98.2439,26.0357],[98.3649,26.0275],[98.5112,26.1832],[98.5661,26.3872],[98.7482,26.51],[98.7622,26.8],[98.7335,26.8507],[98.4958,26.7184],[98.2892,26.7608],[98.2713,26.7171],[98.1433,26.1148]]]},"properties":{"pcode":"MMR001006","iso3":"MMR","name":"Tsawlaw"},"id":"875"},
{"type":"Feature","geometry":{"type":"Polygon","coordinates":[[[96.7925,24.9691],[96.6631,24.9925],[96.5535,25.1021],[96.5332,25.1952],[96.5789,25.1821],[96.656,25.3393],[96.5639,25.4161],[96.5203,25.369],[96.3709,25.4156],[96.1136,25.3308],[96.0642,25.2479],[95.9721,25.3157],[96.0705,24.998],[96.0079,24.954],[96.0473,25.0569],[96.0126,25.0921],[95.9931,25.005],[95.8062,24.96],[95.8097,24.9575],[95.8803,24.8828],[95.912,24.7058],[96.027,24.6632],[96.0652,24.6813],[96.1152,24.5699],[96.204,24.5502],[96.1848,24.4797],[96.3146,24.5073],[96.4323,24.5412],[96.5521,24.4852],[96.5589,24.5955],[96.6185,24.5472],[96.6916,24.6409],[96.6858,24.7616],[96.6734,24.8238],[96.7518,24.8404],[96.7925,24.9691]]]},"properties":{"pcode":"MMR001007","iso3":"MMR","name":"Mohnyin"},"id":"876"},
{"type":"Feature","geometry":{"type":"Polygon","coordinates":[[[97.0499,25.7192],[96.961,25.739],[96.8912,25.7328],[96.9088,25.5468],[96.8583,25.4676],[96.8068,25.527],[96.7447,25.5115],[96.772,25.4628],[96.656,25.3393],[96.5789,25.1821],[96.5332,25.1952],[96.5535,25.1021],[96.6631,24.9925],[96.7925,24.9691],[96.8375,25.044],[96.9162,25.0156],[96.942,25.0656],[96.9821,25.0319],[97.0881,25.0712],[97.1469,25.1592],[97.1103,25.2966],[97.1732,25.3677],[97.1973,25.5743],[97.162,25.6638],[97.0499,25.7192]]]},"properties":{"pcode":"MMR001008","iso3":"MMR","name":"Mogaung"},"id":"877"},
{"type":"Feature","geometry":{"type":"Polygon","coordinates":[[[96.1596,26.118],[96.1806,26.0234],[96.0851,25.8976],[96.2164,25.6685],[96.0611,25.5699],[95.9707,25.6303],[95.9632,25.4663],[95.9721,25.3157],[96.0642,25.2479],[96.1136,25.3308],[96.3709,25.4156],[96.5203,25.369],[96.5639,25.4161],[96.656,25.3393],[96.772,25.4628],[96.7447,25.5115],[96.8068,25.527],[96.8583,25.4676],[96.9088,25.5468],[96.8912,25.7328],[96.918,25.8834],[96.7862,25.9924],[96.8093,26.0262],[96.6473,26.0192],[96.5178,26.0974],[96.4606,25.9174],[96.3952,25.8947],[96.3008,25.995],[96.3216,26.0849],[96.2533,26.1248],[96.1596,26.118]]]},"properties":{"pcode":"MMR001009","iso3":"MMR","name":"Hpakant"},"id":"878"},
{"type":"Feature","geometry":{"type":"Polygon","coordinates":[[[97.0782,24.5703],[97.0614,24.2349],[96.8584,24.0054],[96.8828,23.8306],[96.7779,23.7496],[96.9746,23.7163],[97.0355,23.8117],[97.0073,24.0207],[97.1322,24.0243],[97.1685,24.1125],[97.2972,24.1759],[97.3949,24.3719],[97.3224,24.3722],[97.213,24.509],[97.2335,24.635],[97.1721,24.7101],[97.1549,24.704],[97.1019,24.6588],[97.1183,24.5644],[97.0782,24.5703]]]},"properties":{"pcode":"MMR001010","iso3":"MMR","name":"Bhamo"},"id":"879"},
{"type":"Feature","geometry":{"type":"Polygon","coordinates":[[[96.6858,24.7616],[96.6916,24.6409],[96.6185,24.5472],[96.5589,24.5955],[96.5521,24.4852],[96.6454,24.4299],[96.5822,24.3959],[96.5675,24.2423],[96.6631,24.1577],[96.6678,24.1456],[96.679,23.9999],[96.8584,24.0054],[97.0614,24.2349],[97.0782,24.5703],[96.9187,24.6019],[96.9304,24.6617],[96.7576,24.771],[96.6858,24.7616]]]},"properties":{"pcode":"MMR001011","iso3":"MMR","name":"Shwegu"},"id":"880"},
{"type":"Feature","geometry":{"type":"Polygon","coordinates":[[[97.1721,24.7101],[97.2335,24.635],[97.213,24.509],[97.3224,24.3722],[97.3949,24.3719],[97.2972,24.1759],[97.392,24.1887],[97.7332,24.1861],[97.7696,24.2627],[97.6675,24.2992],[97.7164,24.3605],[97.6756,24.4504],[97.5313,24.4371],[97.5508,24.7432],[97.5068,24.7279],[97.514,24.8641],[97.3796,24.8406],[97.2155,24.8864],[97.1979,24.9023],[97.1721,24.7101]]]},"properties":{"pcode":"MMR001012","iso3":"MMR","name":"Momauk"},"id":"881"},
{"type":"Feature","geometry":{"type":"Polygon","coordinates":[[[96.9746,23.7163],[97.0842,23.6333],[97.14,23.6851],[97.3376,23.6969],[97.3443,23.6944],[97.4756,23.8187],[97.6383,23.8632],[97.5291,23.9436],[97.7286,24.1148],[97.7332,24.1861],[97.392,24.1887],[97.2972,24.1759],[97.1685,24.1125],[97.1322,24.0243],[97.0073,24.0207],[97.0355,23.8117],[96.9746,23.7163]]]},"properties":{"pcode":"MMR001013","iso3":"MMR","name":"Mansi"},"id":"882"},
{"type":"Feature","geometry":{"type":"Polygon","coordinates":[[[97.2655,26.8002],[97.4225,26.7877],[97.5772,26.7105],[97.6853,26.7177],[97.7483,26.7937],[97.7059,26.9207],[97.7414,27.1706],[97.585,27.2555],[97.5779,27.3397],[97.3782,27.5726],[97.3765,27.6592],[97.4806,27.7568],[97.4851,27.8667],[97.3774,27.9812],[97.3652,27.873],[97.2469,27.8993],[96.8895,27.6125],[96.9051,27.4515],[97.1621,27.1424],[97.1384,27.0922],[97.2655,26.8002]]]},"properties":{"pcode":"MMR001014","iso3":"MMR","name":"Puta-O"},"id":"883"},
{"type":"Feature","geometry":{"type":"Polygon","coordinates":[[[97.5359,25.9729],[97.6566,26.1428],[97.7494,26.1813],[97.6913,26.3208],[97.7548,26.3285],[97.7612,26.4704],[97.9184,26.4863],[98.0859,26.5835],[98.2722,26.7958],[98.0986,26.7076],[97.9274,26.7373],[97.765,26.7436],[97.7483,26.7937],[97.6853,26.7177],[97.5772,26.7105],[97.4225,26.7877],[97.2655,26.8002],[97.2254,26.7888],[97.2591,26.6963],[97.1752,26.6603],[97.2254,26.5016],[97.2323,26.3563],[97.1712,26.2413],[97.2079,26.1878],[97.2225,26.1851],[97.2912,26.1715],[97.3844,26.0338],[97.5063,26.0686],[97.5359,25.9729]]]},"properties":{"pcode":"MMR001015","iso3":"MMR","name":"Sumprabum"},"id":"884"},
{"type":"Feature","geometry":{"type":"Polygon","coordinates":[[[97.7483,26.7937],[97.765,26.7436],[97.9274,26.7373],[97.9858,26.9473],[98.0978,26.9723],[98.0783,27.0317],[98.1684,27.118],[98.0912,27.2143],[98.143,27.2638],[98.1127,27.3253],[97.8861,27.3104],[97.5944,27.4929],[97.5478,27.5735],[97.5612,27.7564],[97.5009,27.7459],[97.4806,27.7568],[97.3765,27.6592],[97.3782,27.5726],[97.5779,27.3397],[97.585,27.2555],[97.7414,27.1706],[97.7059,26.9207],[97.7483,26.7937]]]},"properties":{"pcode":"MMR001016","iso3":"MMR","name":"Machanbaw"},"id":"885"},
{"type":"Feature","geometry":{"type":"Polygon","coordinates":[[[97.4806,27.7568],[97.5009,27.7459],[97.5612,27.7564],[97.5478,27.5735],[97.5944,27.4929],[97.8861,27.3104],[98.1127,27.3253],[98.3501,27.4091],[98.373,27.509],[98.3178,27.5226],[98.1699,27.8524],[98.2039,27.8917],[98.1371,27.963],[98.1363,28.1475],[98.0113,28.2086],[97.9085,28.3681],[97.7944,28.3338],[97.6878,28.5236],[97.5925,28.5207],[97.5007,28.4942],[97.4804,28.2793],[97.35,28.2392],[97.3127,28.0629],[97.3774,27.9812],[97.4851,27.8667],[97.4806,27.7568]]]},"properties":{"pcode":"MMR001017","iso3":"MMR","name":"Nawngmun"},"id":"886"},
{"type":"Feature","geometry":{"type":"Polygon","coordinates":[[[98.2892,26.7608],[98.4958,26.7184],[98.7335,26.8507],[98.7659,27.0533],[98.7144,27.0769],[98.6935,27.2003],[98.741,27.3266],[98.6872,27.4243],[98.7049,27.5588],[98.5875,27.5682],[98.5582,27.6463],[98.4788,27.6361],[98.4315,27.6636],[98.4294,27.5527],[98.373,27.509],[98.3501,27.4091],[98.1127,27.3253],[98.143,27.2638],[98.0912,27.2143],[98.1684,27.118],[98.0783,27.0317],[98.0978,26.9723],[97.9858,26.9473],[97.9274,26.7373],[98.0986,26.7076],[98.2722,26.7958],[98.2892,26.7608]]]},"properties":{"pcode":"MMR001018","iso3":"MMR","name":"Khaunglanhpu"},"id":"887"},
{"type":"Feature","geometry":{"type":"Polygon","coordinates":[[[97.3882,19.9623],[97.259,19.8917],[97.1778,19.9924],[97.1471,19.9926],[97.1474,19.9761],[97.1281,19.715],[97.1351,19.7056],[97.4032,19.4254],[97.4105,19.2426],[97.5221,19.3463],[97.5248,19.453],[97.3973,19.5438],[97.4428,19.8796],[97.3882,19.9623]]]},"properties":{"pcode":"MMR002001","iso3":"MMR","name":"Loikaw"},"id":"888"},
{"type":"Feature","geometry":{"type":"Polygon","coordinates":[[[97.1281,19.715],[97.0153,19.6908],[96.876,19.5224],[96.9634,19.4224],[97.0404,19.3785],[97.1497,19.5308],[97.2727,19.3777],[97.3123,19.2922],[97.3735,19.2001],[97.4105,19.2426],[97.4032,19.4254],[97.1351,19.7056],[97.1281,19.715]]]},"properties":{"pcode":"MMR002002","iso3":"MMR","name":"Demoso"},"id":"889"},
{"type":"Feature","geometry":{"type":"Polygon","coordinates":[[[96.9634,19.4224],[96.8662,19.2994],[96.8342,19.3327],[96.8493,19.1751],[96.9174,19.1361],[96.9532,19.0196],[97.1549,19.1006],[97.2249,19.0811],[97.2197,19.2705],[97.3123,19.2922],[97.2727,19.3777],[97.1497,19.5308],[97.0404,19.3785],[96.9634,19.4224]]]},"properties":{"pcode":"MMR002003","iso3":"MMR","name":"Hpruso"},"id":"890"},
{"type":"Feature","geometry":{"type":"Polygon","coordinates":[[[97.5221,19.3463],[97.5297,19.3323],[97.6668,19.1641],[97.8409,19.223],[97.7828,19.2638],[97.8438,19.2916],[97.787,19.3965],[97.8888,19.5007],[97.8632,19.5748],[97.8308,19.6556],[97.6443,19.6749],[97.5626,19.7288],[97.5925,19.831],[97.5089,19.898],[97.4428,19.8796],[97.3973,19.5438],[97.5248,19.453],[97.5221,19.3463]]]},"properties":{"pcode":"MMR002004","iso3":"MMR","name":"Shadaw"},"id":"891"},
{"type":"Feature","geometry":{"type":"Polygon","coordinates":[[[97.4105,19.2426],[97.3735,19.2001],[97.3123,19.2922],[97.2197,19.2705],[97.2249,19.0811],[97.3222,18.907],[97.4361,18.8342],[97.477,18.9769],[97.5664,18.9952],[97.6781,18.9487],[97.8392,19.0962],[97.8409,19.223],[97.6668,19.1641],[97.5297,19.3323],[97.5221,19.3463],[97.4105,19.2426]]]},"properties":{"pcode":"MMR002005","iso3":"MMR","name":"Bawlake"},"id":"892"},
{"type":"Feature","geometry":{"type":"Polygon","coordinates":[[[96.9532,19.0196],[97.0364,18.8102],[97.0782,18.7428],[97.1015,18.6868],[97.3088,18.6836],[97.3595,18.5989],[97.3206,18.7852],[97.4361,18.8342],[97.3222,18.907],[97.2249,19.0811],[97.1549,19.1006],[96.9532,19.0196]]]},"properties":{"pcode":"MMR002006","iso3":"MMR","name":"Hpasawng"},"id":"893"},
{"type":"Feature","geometry":{"type":"Polygon","coordinates":[[[97.4361,18.8342],[97.3206,18.7852],[97.3595,18.5989],[97.3593,18.5975],[97.4505,18.4916],[97.7689,18.5784],[97.7419,18.8817],[97.6781,18.9487],[97.5664,18.9952],[97.477,18.9769],[97.4361,18.8342]]]},"properties":{"pcode":"MMR002007","iso3":"MMR","name":"Mese"},"id":"894"},
{"type":"Feature","geometry":{"type":"MultiPolygon","coordinates":[[[[97.8116,16.5236],[97.8055,16.5183],[97.809,16.5192],[97.8151,16.5238],[97.8116,16.5236]]],[[[97.6457,17.328],[97.591,17.4464],[97.5042,17.4672],[97.4978,17.5953],[97.42,17.6798],[97.407,17.7054],[97.4021,17.6978],[97.3594,17.6367],[97.4393,17.5325],[97.4953,17.2073],[97.5152,17.1276],[97.438,16.9926],[97.5377,16.7894],[97.6122,16.6534],[97.6316,16.6227],[97.646,16.6184],[97.6463,16.6112],[97.6463,16.6095],[97.6485,16.6074],[97.6509,16.6017],[97.6535,16.593],[97.6993,16.6019],[97.6979,16.5735],[97.70716257498464,16.56776695358846],[97.70989835745361,16.566073648228713],[97.72561717864478,16.55634452521776],[97.78770823474105,16.51791342944449],[97.7929,16.5147],[97.8435,16.5446],[97.9094,16.6271],[97.9871,16.5843],[98.0023,16.6793],[97.9182,16.8582],[97.6032,17.0576],[97.6496,17.1197],[97.6457,17.328]]]]},"properties":{"pcode":"MMR003001","iso3":"MMR","name":"Hpa-An"},"id":"895"},
{"type":"Feature","geometry":{"type":"Polygon","coordinates":[[[98.0023,16.6793],[98.0739,16.8015],[98.2089,16.8569],[98.1635,17.0192],[98.3047,17.0913],[98.2437,17.2277],[98.1351,17.2934],[98.1101,17.3853],[97.7062,17.8168],[97.6935,17.8318],[97.7612,17.4131],[97.6457,17.328],[97.6496,17.1197],[97.6032,17.0576],[97.9182,16.8582],[98.0023,16.6793]]]},"properties":{"pcode":"MMR003002","iso3":"MMR","name":"Hlaingbwe"},"id":"896"},
{"type":"Feature","geometry":{"type":"Polygon","coordinates":[[[97.0364,18.8102],[96.933,18.65],[96.983,18.5521],[96.9561,18.4305],[97.0553,18.2924],[97.1074,18.3301],[97.1246,18.2101],[97.1935,18.1554],[97.1157,17.9598],[97.1948,17.8062],[97.1558,17.7251],[97.2189,17.5433],[97.407,17.7054],[97.42,17.6798],[97.4978,17.5953],[97.5042,17.4672],[97.591,17.4464],[97.6457,17.328],[97.7612,17.4131],[97.6935,17.8318],[97.7372,17.9844],[97.6141,18.2262],[97.6405,18.2875],[97.5728,18.3393],[97.5084,18.2657],[97.4621,18.3085],[97.3593,18.5975],[97.3595,18.5989],[97.3088,18.6836],[97.1015,18.6868],[97.0782,18.7428],[97.0364,18.8102]]]},"properties":{"pcode":"MMR003003","iso3":"MMR","name":"Hpapun"},"id":"897"},
{"type":"Feature","geometry":{"type":"Polygon","coordinates":[[[96.8342,19.3327],[96.6868,19.4691],[96.6679,19.5092],[96.6122,19.4275],[96.4879,19.4831],[96.3916,19.474],[96.4947,19.2099],[96.5544,19.1736],[96.4925,19.1469],[96.5842,18.9371],[96.6746,18.9245],[96.6033,18.8955],[96.6547,18.7973],[96.5731,18.7848],[96.6526,18.6454],[96.6874,18.5991],[96.8154,18.5991],[96.9158,18.6481],[96.933,18.65],[97.0364,18.8102],[96.9532,19.0196],[96.9174,19.1361],[96.8493,19.1751],[96.8342,19.3327]]]},"properties":{"pcode":"MMR003004","iso3":"MMR","name":"Thandaunggyi"},"id":"898"},
{"type":"Feature","geometry":{"type":"Polygon","coordinates":[[[98.2089,16.8569],[98.2335,16.8505],[98.29,16.8094],[98.3205,16.6522],[98.4358,16.5474],[98.4296,16.4288],[98.5627,16.0419],[98.6306,16.0448],[98.665,16.1271],[98.848,16.1288],[98.9217,16.3915],[98.831,16.4222],[98.6749,16.2725],[98.6509,16.4725],[98.4639,16.7298],[98.5485,16.814],[98.4956,16.8408],[98.5374,16.8966],[98.4536,17.0253],[98.3121,17.0822],[98.3047,17.0913],[98.1635,17.0192],[98.2089,16.8569]]]},"properties":{"pcode":"MMR003005","iso3":"MMR","name":"Myawaddy"},"id":"899"},
{"type":"Feature","geometry":{"type":"Polygon","coordinates":[[[97.8435,16.5446],[97.8455,16.545],[97.9159,16.4273],[97.9803,16.435],[97.9948,16.3344],[98.1281,16.1972],[98.2273,16.3056],[98.2927,16.292],[98.2606,16.4222],[98.384,16.4356],[98.4296,16.4288],[98.4358,16.5474],[98.3205,16.6522],[98.29,16.8094],[98.2335,16.8505],[98.2089,16.8569],[98.0739,16.8015],[98.0023,16.6793],[97.9871,16.5843],[97.9094,16.6271],[97.8435,16.5446]]]},"properties":{"pcode":"MMR003006","iso3":"MMR","name":"Kawkareik"},"id":"900"},
{"type":"Feature","geometry":{"type":"Polygon","coordinates":[[[98.4296,16.4288],[98.384,16.4356],[98.2606,16.4222],[98.2927,16.292],[98.2273,16.3056],[98.1281,16.1972],[98.0767,16.1221],[97.9519,16.1588],[97.8132,16.1248],[97.8659,16.0347],[97.8336,15.9748],[97.8678,15.6787],[97.8778,15.6706],[97.9478,15.6456],[98.2026,15.2357],[98.2635,15.2387],[98.3002,15.3134],[98.4158,15.2616],[98.4161,15.3643],[98.4837,15.3902],[98.5614,15.3361],[98.5473,15.6831],[98.6104,15.8743],[98.5627,16.0419],[98.4296,16.4288]]]},"properties":{"pcode":"MMR003007","iso3":"MMR","name":"Kyainseikgyi"},"id":"901"},
{"type":"Feature","geometry":{"type":"Polygon","coordinates":[[[93.9462,23.1798],[93.7806,23.1237],[93.6637,23.1961],[93.49,23.2022],[93.5127,23.2841],[93.4005,23.3679],[93.3887,23.3686],[93.3398,23.0728],[93.3521,23.0699],[93.4467,22.9827],[93.4678,22.8204],[93.5083,22.8142],[93.5896,22.7905],[93.9921,22.8087],[94.0255,22.9513],[93.9462,23.1798]]]},"properties":{"pcode":"MMR004001","iso3":"MMR","name":"Falam"},"id":"902"},
{"type":"Feature","geometry":{"type":"Polygon","coordinates":[[[93.5083,22.8142],[93.4609,22.5544],[93.5359,22.1515],[93.6722,22.2078],[93.7386,22.0397],[93.8154,22.0862],[93.9056,22.0058],[94.0064,22.0809],[94.0579,22.4367],[94.0177,22.4398],[94.0489,22.6057],[94.0079,22.7372],[93.9921,22.8087],[93.5896,22.7905],[93.5083,22.8142]]]},"properties":{"pcode":"MMR004002","iso3":"MMR","name":"Hakha"},"id":"903"},
{"type":"Feature","geometry":{"type":"Polygon","coordinates":[[[93.3398,23.0728],[93.292,23.0073],[93.1254,23.0415],[93.1636,22.9114],[93.092,22.7114],[93.1394,22.5915],[93.1075,22.5272],[93.1854,22.4256],[93.1579,22.1868],[93.2768,22.0887],[93.3436,22.117],[93.3609,22.2258],[93.4259,22.1199],[93.5359,22.1515],[93.4609,22.5544],[93.5083,22.8142],[93.4678,22.8204],[93.4467,22.9827],[93.3521,23.0699],[93.3398,23.0728]]]},"properties":{"pcode":"MMR004003","iso3":"MMR","name":"Thantlang"},"id":"904"},
{"type":"Feature","geometry":{"type":"Polygon","coordinates":[[[93.9462,23.1798],[94.0105,23.2905],[93.955,23.4008],[94.0295,23.3847],[94.0097,23.5438],[93.7989,23.4873],[93.6287,23.6089],[93.5515,23.5951],[93.4703,23.5236],[93.4244,23.5818],[93.3887,23.3686],[93.4005,23.3679],[93.5127,23.2841],[93.49,23.2022],[93.6637,23.1961],[93.7806,23.1237],[93.9462,23.1798]]]},"properties":{"pcode":"MMR004004","iso3":"MMR","name":"Tedim"},"id":"905"},
{"type":"Feature","geometry":{"type":"Polygon","coordinates":[[[94.0097,23.5438],[94.04,23.5735],[94.0896,23.5132],[94.1321,23.6515],[94.1421,23.8348],[93.9315,23.9513],[93.8105,23.9267],[93.7544,24.0047],[93.6203,24.0096],[93.5061,23.9471],[93.381,24.0873],[93.3408,24.1051],[93.3259,24.047],[93.3933,23.9205],[93.4244,23.5818],[93.4703,23.5236],[93.5515,23.5951],[93.6287,23.6089],[93.7989,23.4873],[94.0097,23.5438]]]},"properties":{"pcode":"MMR004005","iso3":"MMR","name":"Tonzang"},"id":"906"},
{"type":"Feature","geometry":{"type":"Polygon","coordinates":[[[94.0098,21.7165],[93.8278,21.6832],[93.7636,21.7928],[93.6827,21.7896],[93.5384,21.7689],[93.6071,21.5994],[93.5775,21.4943],[93.4757,21.4727],[93.5081,21.2495],[93.522,21.1668],[93.6446,21.083],[93.7254,21.1136],[93.7239,21.2084],[93.8181,21.2576],[93.9019,21.2339],[93.9703,21.2994],[94.006,21.2996],[94.0577,21.331],[94.1177,21.5731],[94.0098,21.7165]]]},"properties":{"pcode":"MMR004006","iso3":"MMR","name":"Mindat"},"id":"907"},
{"type":"Feature","geometry":{"type":"Polygon","coordinates":[[[93.5359,22.1515],[93.4259,22.1199],[93.3609,22.2258],[93.3436,22.117],[93.2768,22.0887],[93.1579,22.1868],[93.0431,22.1999],[93.0566,22.0977],[93.0288,21.6865],[93.1401,21.7071],[93.2127,21.6598],[93.3153,21.2988],[93.3664,21.2408],[93.5081,21.2495],[93.4757,21.4727],[93.5775,21.4943],[93.6071,21.5994],[93.5384,21.7689],[93.6827,21.7896],[93.7636,21.7928],[93.8278,21.6832],[94.0098,21.7165],[93.9817,21.9195],[94.0064,22.0809],[93.9056,22.0058],[93.8154,22.0862],[93.7386,22.0397],[93.6722,22.2078],[93.5359,22.1515]]]},"properties":{"pcode":"MMR004007","iso3":"MMR","name":"Matupi"},"id":"908"},
{"type":"Feature","geometry":{"type":"Polygon","coordinates":[[[93.522,21.1668],[93.4959,21.1242],[93.6266,21.009],[93.6435,20.9239],[93.6712,20.921],[93.763,20.7648],[93.8231,20.7746],[93.8635,20.6501],[94.0454,20.6884],[94.0837,20.7496],[94.0035,20.9602],[94.12,21.1679],[94.1045,21.2731],[94.006,21.2996],[93.9703,21.2994],[93.9019,21.2339],[93.8181,21.2576],[93.7239,21.2084],[93.7254,21.1136],[93.6446,21.083],[93.522,21.1668]]]},"properties":{"pcode":"MMR004008","iso3":"MMR","name":"Kanpetlet"},"id":"909"},
{"type":"Feature","geometry":{"type":"Polygon","coordinates":[[[93.5081,21.2495],[93.3664,21.2408],[93.3153,21.2988],[93.2127,21.6598],[93.1401,21.7071],[93.0288,21.6865],[93.0566,22.0977],[93.0048,22.1068],[93.0049,21.9882],[92.952,22.0315],[92.9058,21.9411],[92.8636,22.0605],[92.7036,22.1505],[92.6806,22.0122],[92.6054,21.9716],[92.6088,21.5913],[92.6791,21.2862],[92.7329,21.2114],[92.7382,21.1984],[92.8692,21.0658],[92.9192,21.1138],[93.0469,21.0614],[93.1298,21.0883],[93.1632,20.8408],[93.2539,20.8435],[93.4054,20.7317],[93.6309,20.7224],[93.5989,20.8469],[93.6435,20.9239],[93.6266,21.009],[93.4959,21.1242],[93.522,21.1668],[93.5081,21.2495]]]},"properties":{"pcode":"MMR004009","iso3":"MMR","name":"Paletwa"},"id":"910"},
{"type":"Feature","geometry":{"type":"Polygon","coordinates":[[[95.9914,22.1931],[95.8112,22.1747],[95.7249,22.2358],[95.621,22.2042],[95.6446,22.1617],[95.6515,22.1568],[95.632,22.0586],[95.6866,21.9937],[95.6283,21.9218],[95.7351,21.9195],[95.8109,21.9116],[95.8276,21.9055],[95.9875,21.8679],[96.0127,21.9212],[96.0188,22.019],[95.9914,22.1931]]]},"properties":{"pcode":"MMR005001","iso3":"MMR","name":"Sagaing"},"id":"911"},
{"type":"Feature","geometry":{"type":"Polygon","coordinates":[[[95.6446,22.1617],[95.5025,22.1513],[95.4777,22.0875],[95.3568,22.1161],[95.3699,22.0368],[95.3531,21.9829],[95.4207,21.925],[95.3514,21.8546],[95.3953,21.8403],[95.4316,21.8505],[95.4438,21.8435],[95.4736,21.8628],[95.6283,21.9218],[95.6866,21.9937],[95.632,22.0586],[95.6515,22.1568],[95.6446,22.1617]]]},"properties":{"pcode":"MMR005002","iso3":"MMR","name":"Myinmu"},"id":"912"},
{"type":"Feature","geometry":{"type":"Polygon","coordinates":[[[95.3514,21.8546],[95.177,21.7915],[95.342,21.5758],[95.4159,21.7438],[95.4736,21.8628],[95.4438,21.8435],[95.4316,21.8505],[95.3953,21.8403],[95.3514,21.8546]]]},"properties":{"pcode":"MMR005003","iso3":"MMR","name":"Myaung"},"id":"913"},
{"type":"Feature","geometry":{"type":"Polygon","coordinates":[[[95.9034,22.6999],[95.7222,22.659],[95.5874,22.7146],[95.4264,22.6715],[95.4238,22.6726],[95.544,22.454],[95.9454,22.519],[95.9738,22.5009],[95.9034,22.6999]]]},"properties":{"pcode":"MMR005004","iso3":"MMR","name":"Shwebo"},"id":"914"},
{"type":"Feature","geometry":{"type":"Polygon","coordinates":[[[95.9034,22.6999],[95.9667,22.7759],[95.9653,22.8785],[95.6381,22.8425],[95.6143,22.9023],[95.4825,22.8471],[95.4264,22.6715],[95.5874,22.7146],[95.7222,22.659],[95.9034,22.6999]]]},"properties":{"pcode":"MMR005005","iso3":"MMR","name":"Khin-U"},"id":"915"},
{"type":"Feature","geometry":{"type":"Polygon","coordinates":[[[95.9914,22.1931],[96.0098,22.2964],[95.9738,22.5009],[95.9454,22.519],[95.544,22.454],[95.5267,22.447],[95.621,22.2042],[95.7249,22.2358],[95.8112,22.1747],[95.9914,22.1931]]]},"properties":{"pcode":"MMR005006","iso3":"MMR","name":"Wetlet"},"id":"916"},
{"type":"Feature","geometry":{"type":"Polygon","coordinates":[[[95.9653,22.8785],[95.994,23.1212],[95.9029,23.377],[95.97,23.5328],[95.9725,23.5347],[95.7929,23.5083],[95.7111,23.7241],[95.5807,23.6796],[95.5885,23.5799],[95.4322,23.4901],[95.5609,23.433],[95.5233,23.3473],[95.6225,23.3043],[95.3748,23.2462],[95.329,23.1681],[95.3921,23.1549],[95.4801,22.9091],[95.4825,22.8471],[95.6143,22.9023],[95.6381,22.8425],[95.9653,22.8785]]]},"properties":{"pcode":"MMR005007","iso3":"MMR","name":"Kanbalu"},"id":"917"},
{"type":"Feature","geometry":{"type":"Polygon","coordinates":[[[95.4322,23.4901],[95.3403,23.5075],[95.4116,23.5535],[95.3524,23.5567],[95.3631,23.6369],[95.2932,23.7016],[95.1096,23.7824],[95.1017,23.8423],[95.0546,23.8344],[95.0128,23.7606],[94.9473,23.5264],[94.8858,23.4526],[94.9378,23.3688],[94.8632,23.3121],[94.8704,23.2616],[95.0263,23.2837],[95.3748,23.2462],[95.6225,23.3043],[95.5233,23.3473],[95.5609,23.433],[95.4322,23.4901]]]},"properties":{"pcode":"MMR005008","iso3":"MMR","name":"Kyunhla"},"id":"918"},
{"type":"Feature","geometry":{"type":"Polygon","coordinates":[[[95.4264,22.6715],[95.4825,22.8471],[95.4801,22.9091],[95.2454,22.8632],[95.1457,22.9176],[95.1725,22.9935],[95.1256,23.0005],[95.1034,23.0408],[94.933,23.026],[94.7671,22.8299],[94.7627,22.7723],[94.8221,22.7538],[94.9165,22.8232],[94.98,22.803],[95.2292,22.7665],[95.4238,22.6726],[95.4264,22.6715]]]},"properties":{"pcode":"MMR005009","iso3":"MMR","name":"Ye-U"},"id":"919"},
{"type":"Feature","geometry":{"type":"Polygon","coordinates":[[[95.4238,22.6726],[95.2292,22.7665],[94.98,22.803],[94.9165,22.8232],[94.8221,22.7538],[94.8494,22.6615],[94.9034,22.6957],[94.9573,22.6151],[95.1632,22.6163],[95.2564,22.489],[95.3425,22.5124],[95.5267,22.447],[95.544,22.454],[95.4238,22.6726]]]},"properties":{"pcode":"MMR005010","iso3":"MMR","name":"Tabayin"},"id":"920"},
{"type":"Feature","geometry":{"type":"Polygon","coordinates":[[[95.3748,23.2462],[95.0263,23.2837],[94.8704,23.2616],[94.9376,23.1851],[94.8717,23.1072],[94.933,23.026],[95.1034,23.0408],[95.1256,23.0005],[95.1725,22.9935],[95.1457,22.9176],[95.2454,22.8632],[95.4801,22.9091],[95.3921,23.1549],[95.329,23.1681],[95.3748,23.2462]]]},"properties":{"pcode":"MMR005011","iso3":"MMR","name":"Taze"},"id":"921"},
{"type":"Feature","geometry":{"type":"Polygon","coordinates":[[[95.3568,22.1161],[95.2666,22.198],[95.2698,22.2981],[95.0492,22.2438],[95.0874,22.1482],[95.1458,22.0733],[95.1424,21.9354],[95.2103,22.0171],[95.3631,22.0402],[95.3699,22.0368],[95.3568,22.1161]]]},"properties":{"pcode":"MMR005012","iso3":"MMR","name":"Monywa"},"id":"922"},
{"type":"Feature","geometry":{"type":"Polygon","coordinates":[[[94.9573,22.6151],[94.9353,22.4513],[95.0395,22.2548],[95.0492,22.2438],[95.2698,22.2981],[95.2699,22.2981],[95.2564,22.489],[95.1632,22.6163],[94.9573,22.6151]]]},"properties":{"pcode":"MMR005013","iso3":"MMR","name":"Budalin"},"id":"923"},
{"type":"Feature","geometry":{"type":"Polygon","coordinates":[[[95.621,22.2042],[95.5267,22.447],[95.3425,22.5124],[95.2564,22.489],[95.2699,22.2981],[95.2698,22.2981],[95.2666,22.198],[95.3568,22.1161],[95.4777,22.0875],[95.5025,22.1513],[95.6446,22.1617],[95.621,22.2042]]]},"properties":{"pcode":"MMR005014","iso3":"MMR","name":"Ayadaw"},"id":"924"},
{"type":"Feature","geometry":{"type":"Polygon","coordinates":[[[95.3699,22.0368],[95.3631,22.0402],[95.2103,22.0171],[95.1424,21.9354],[95.1636,21.8346],[95.177,21.7915],[95.3514,21.8546],[95.4207,21.925],[95.3531,21.9829],[95.3699,22.0368]]]},"properties":{"pcode":"MMR005015","iso3":"MMR","name":"Chaung-U"},"id":"925"},
{"type":"Feature","geometry":{"type":"Polygon","coordinates":[[[95.0492,22.2438],[95.0395,22.2548],[94.835,22.2281],[94.7956,22.2661],[94.7708,22.2241],[94.6621,22.3172],[94.6155,22.2392],[94.5969,22.1494],[94.6847,22.1428],[94.7034,22.0478],[94.8118,22.0737],[94.9102,21.9914],[95.0584,22.1492],[95.0874,22.1482],[95.0492,22.2438]]]},"properties":{"pcode":"MMR005016","iso3":"MMR","name":"Yinmarbin"},"id":"926"},
{"type":"Feature","geometry":{"type":"Polygon","coordinates":[[[94.7671,22.8299],[94.7561,22.8338],[94.6472,22.8268],[94.6217,22.6938],[94.4196,22.6155],[94.4174,22.4174],[94.3263,22.2635],[94.2676,22.3149],[94.2976,22.1367],[94.4167,22.1367],[94.4571,22.229],[94.5341,22.1859],[94.6075,22.2389],[94.6155,22.2392],[94.6621,22.3172],[94.7708,22.2241],[94.7956,22.2661],[94.835,22.2281],[95.0395,22.2548],[94.9353,22.4513],[94.9573,22.6151],[94.9034,22.6957],[94.8494,22.6615],[94.8221,22.7538],[94.7627,22.7723],[94.7671,22.8299]]]},"properties":{"pcode":"MMR005017","iso3":"MMR","name":"Kani"},"id":"927"},
{"type":"Feature","geometry":{"type":"Polygon","coordinates":[[[95.0874,22.1482],[95.0584,22.1492],[94.9102,21.9914],[94.8728,21.8584],[94.9787,21.8312],[95.0461,21.834],[95.1267,21.8527],[95.1636,21.8346],[95.1424,21.9354],[95.1458,22.0733],[95.0874,22.1482]]]},"properties":{"pcode":"MMR005018","iso3":"MMR","name":"Salingyi"},"id":"928"},
{"type":"Feature","geometry":{"type":"Polygon","coordinates":[[[94.6155,22.2392],[94.6075,22.2389],[94.5341,22.1859],[94.4571,22.229],[94.4167,22.1367],[94.4117,21.8357],[94.4351,21.823],[94.5443,21.7932],[94.5488,21.8454],[94.6607,21.8724],[94.7545,21.8276],[94.8728,21.8584],[94.9102,21.9914],[94.8118,22.0737],[94.7034,22.0478],[94.6847,22.1428],[94.5969,22.1494],[94.6155,22.2392]]]},"properties":{"pcode":"MMR005019","iso3":"MMR","name":"Pale"},"id":"929"},
{"type":"Feature","geometry":{"type":"Polygon","coordinates":[[[96.3146,24.5073],[96.1883,24.0563],[96.1648,23.9125],[96.5307,23.8656],[96.4629,23.7697],[96.4907,23.7288],[96.5605,23.8251],[96.5087,24.0033],[96.3901,24.0279],[96.5583,24.1549],[96.6631,24.1577],[96.5675,24.2423],[96.5822,24.3959],[96.6454,24.4299],[96.5521,24.4852],[96.4323,24.5412],[96.3146,24.5073]]]},"properties":{"pcode":"MMR005020","iso3":"MMR","name":"Katha"},"id":"930"},
{"type":"Feature","geometry":{"type":"Polygon","coordinates":[[[96.027,24.6632],[95.9608,24.5168],[95.9503,24.1579],[96.0019,23.9642],[96.046,23.9704],[96.062,23.9038],[96.1224,24.082],[96.1647,24.058],[96.1883,24.0563],[96.3146,24.5073],[96.1848,24.4797],[96.204,24.5502],[96.1152,24.5699],[96.0652,24.6813],[96.027,24.6632]]]},"properties":{"pcode":"MMR005021","iso3":"MMR","name":"Indaw"},"id":"931"},
{"type":"Feature","geometry":{"type":"Polygon","coordinates":[[[95.97,23.5328],[96.01,23.5118],[96.109,23.6819],[96.1376,23.5975],[96.2506,23.5758],[96.3155,23.642],[96.3925,23.5697],[96.4907,23.7288],[96.4629,23.7697],[96.5307,23.8656],[96.1648,23.9125],[96.1883,24.0563],[96.1647,24.058],[96.1224,24.082],[96.062,23.9038],[96.046,23.9704],[96.0019,23.9642],[95.9979,23.9059],[95.9725,23.5347],[95.97,23.5328]]]},"properties":{"pcode":"MMR005022","iso3":"MMR","name":"Tigyaing"},"id":"932"},
{"type":"Feature","geometry":{"type":"Polygon","coordinates":[[[95.8062,24.96],[95.675,24.8989],[95.5368,24.5957],[95.3603,24.4288],[95.2848,24.3713],[95.2901,24.3529],[95.3732,24.2757],[95.5173,24.3696],[95.5092,24.2686],[95.7037,24.3403],[95.772,24.2555],[95.7388,24.2001],[95.8272,24.1999],[95.9503,24.1579],[95.9608,24.5168],[96.027,24.6632],[95.912,24.7058],[95.8803,24.8828],[95.8097,24.9575],[95.8062,24.96]]]},"properties":{"pcode":"MMR005023","iso3":"MMR","name":"Banmauk"},"id":"933"},
{"type":"Feature","geometry":{"type":"Polygon","coordinates":[[[95.9725,23.5347],[95.9979,23.9059],[95.9374,23.8978],[95.8388,23.8974],[95.8236,23.8242],[95.5627,23.8147],[95.4616,23.8145],[95.4621,23.8562],[95.2932,23.7016],[95.3631,23.6369],[95.3524,23.5567],[95.4116,23.5535],[95.3403,23.5075],[95.4322,23.4901],[95.5885,23.5799],[95.5807,23.6796],[95.7111,23.7241],[95.7929,23.5083],[95.9725,23.5347]]]},"properties":{"pcode":"MMR005024","iso3":"MMR","name":"Kawlin"},"id":"934"},
{"type":"Feature","geometry":{"type":"Polygon","coordinates":[[[95.9503,24.1579],[95.8272,24.1999],[95.7388,24.2001],[95.6042,24.0624],[95.5627,23.8147],[95.8236,23.8242],[95.8388,23.8974],[95.9374,23.8978],[95.9979,23.9059],[96.0019,23.9642],[95.9503,24.1579]]]},"properties":{"pcode":"MMR005025","iso3":"MMR","name":"Wuntho"},"id":"935"},
{"type":"Feature","geometry":{"type":"Polygon","coordinates":[[[95.2932,23.7016],[95.4621,23.8562],[95.4616,23.8145],[95.5627,23.8147],[95.6042,24.0624],[95.7388,24.2001],[95.772,24.2555],[95.7037,24.3403],[95.5092,24.2686],[95.5173,24.3696],[95.3732,24.2757],[95.2901,24.3529],[95.2848,24.3713],[95.1521,24.2201],[95.1788,24.1433],[95.0188,23.985],[95.0546,23.8344],[95.1017,23.8423],[95.1096,23.7824],[95.2932,23.7016]]]},"properties":{"pcode":"MMR005026","iso3":"MMR","name":"Pinlebu"},"id":"936"},
{"type":"Feature","geometry":{"type":"Polygon","coordinates":[[[93.9921,22.8087],[94.0079,22.7372],[94.1174,22.7574],[94.2325,22.5832],[94.2718,22.7449],[94.1956,22.9789],[94.2789,23.5784],[94.1876,23.645],[94.1782,23.649],[94.1321,23.6515],[94.0896,23.5132],[94.04,23.5735],[94.0097,23.5438],[94.0295,23.3847],[93.955,23.4008],[94.0105,23.2905],[93.9462,23.1798],[94.0255,22.9513],[93.9921,22.8087]]]},"properties":{"pcode":"MMR005027","iso3":"MMR","name":"Kale"},"id":"937"},
{"type":"Feature","geometry":{"type":"Polygon","coordinates":[[[94.9473,23.5264],[94.6747,23.4901],[94.6607,23.3359],[94.6063,23.3111],[94.5127,23.4897],[94.3589,23.4479],[94.4295,23.5756],[94.2789,23.5784],[94.1956,22.9789],[94.3751,23.1424],[94.4665,23.1726],[94.5615,23.1325],[94.7889,23.2521],[94.8335,23.3302],[94.8632,23.3121],[94.9378,23.3688],[94.8858,23.4526],[94.9473,23.5264]]]},"properties":{"pcode":"MMR005028","iso3":"MMR","name":"Kalewa"},"id":"938"},
{"type":"Feature","geometry":{"type":"Polygon","coordinates":[[[94.8632,23.3121],[94.8335,23.3302],[94.7889,23.2521],[94.5615,23.1325],[94.4665,23.1726],[94.3751,23.1424],[94.1956,22.9789],[94.2718,22.7449],[94.2325,22.5832],[94.2676,22.3149],[94.3263,22.2635],[94.4174,22.4174],[94.4196,22.6155],[94.6217,22.6938],[94.6472,22.8268],[94.7561,22.8338],[94.7671,22.8299],[94.933,23.026],[94.8717,23.1072],[94.9376,23.1851],[94.8704,23.2616],[94.8632,23.3121]]]},"properties":{"pcode":"MMR005029","iso3":"MMR","name":"Mingin"},"id":"939"},
{"type":"Feature","geometry":{"type":"Polygon","coordinates":[[[94.1321,23.6515],[94.1782,23.649],[94.1876,23.645],[94.3671,23.9977],[94.424,24.0005],[94.498,23.9432],[94.5048,24.1927],[94.5882,24.334],[94.5348,24.3766],[94.6377,24.7249],[94.6104,24.7273],[94.3942,24.4833],[94.1421,23.8348],[94.1321,23.6515]]]},"properties":{"pcode":"MMR005030","iso3":"MMR","name":"Tamu"},"id":"940"},
{"type":"Feature","geometry":{"type":"Polygon","coordinates":[[[95.0128,23.7606],[94.8889,23.866],[94.7169,23.8872],[94.6665,23.9638],[94.498,23.9432],[94.424,24.0005],[94.3671,23.9977],[94.1876,23.645],[94.2789,23.5784],[94.4295,23.5756],[94.3589,23.4479],[94.5127,23.4897],[94.6063,23.3111],[94.6607,23.3359],[94.6747,23.4901],[94.9473,23.5264],[95.0128,23.7606]]]},"properties":{"pcode":"MMR005031","iso3":"MMR","name":"Mawlaik"},"id":"941"},
{"type":"Feature","geometry":{"type":"Polygon","coordinates":[[[95.0546,23.8344],[95.0188,23.985],[95.1788,24.1433],[95.1521,24.2201],[95.2848,24.3713],[95.3603,24.4288],[95.2775,24.4067],[94.9199,24.5697],[94.772,24.5408],[94.7169,24.579],[94.6829,24.558],[94.7734,24.3764],[94.703,24.3747],[94.6516,24.2958],[94.5882,24.334],[94.5048,24.1927],[94.498,23.9432],[94.6665,23.9638],[94.7169,23.8872],[94.8889,23.866],[95.0128,23.7606],[95.0546,23.8344]]]},"properties":{"pcode":"MMR005032","iso3":"MMR","name":"Paungbyin"},"id":"942"},
{"type":"Feature","geometry":{"type":"Polygon","coordinates":[[[96.0079,26.4854],[96.0043,26.4884],[95.9022,26.4893],[95.8252,26.4767],[95.7996,26.3728],[95.6588,26.3034],[95.6394,26.1755],[95.5197,26.0915],[95.487,25.9969],[95.1495,25.9036],[95.0466,25.7574],[95.0376,25.7406],[95.0389,25.7336],[95.2151,25.6795],[95.1647,25.5234],[95.2603,25.4785],[95.3382,25.5317],[95.4855,25.4468],[95.4698,25.3329],[95.5171,25.3168],[95.7425,25.3397],[95.8195,25.4903],[95.9632,25.4663],[95.9707,25.6303],[96.0611,25.5699],[96.2164,25.6685],[96.0851,25.8976],[96.1806,26.0234],[96.1596,26.118],[96.0751,26.24],[96.1091,26.3283],[95.9939,26.4021],[96.0079,26.4854]]]},"properties":{"pcode":"MMR005033","iso3":"MMR","name":"Hkamti"},"id":"943"},
{"type":"Feature","geometry":{"type":"Polygon","coordinates":[[[95.9721,25.3157],[95.9632,25.4663],[95.8195,25.4903],[95.7425,25.3397],[95.5171,25.3168],[95.4698,25.3329],[95.4855,25.4468],[95.3382,25.5317],[95.2603,25.4785],[95.1647,25.5234],[95.2311,25.3779],[95.1066,25.4121],[95.0103,25.372],[95.0361,25.3015],[94.9873,25.3028],[94.9571,25.2457],[94.9955,25.2109],[94.9056,25.1255],[94.9364,25.0538],[94.8351,24.9174],[94.6715,24.8745],[94.6104,24.7273],[94.6377,24.7249],[94.5348,24.3766],[94.5882,24.334],[94.6516,24.2958],[94.703,24.3747],[94.7734,24.3764],[94.6829,24.558],[94.7169,24.579],[94.772,24.5408],[94.9199,24.5697],[95.2775,24.4067],[95.3603,24.4288],[95.5368,24.5957],[95.675,24.8989],[95.8062,24.96],[95.9931,25.005],[96.0126,25.0921],[96.0473,25.0569],[96.0079,24.954],[96.0705,24.998],[95.9721,25.3157]]]},"properties":{"pcode":"MMR005034","iso3":"MMR","name":"Homalin"},"id":"944"},
{"type":"Feature","geometry":{"type":"Polygon","coordinates":[[[95.0376,25.7406],[94.8972,25.5678],[94.6353,25.3932],[94.5777,25.2137],[94.7368,25.1341],[94.7452,25.0811],[94.6715,24.8745],[94.8351,24.9174],[94.9364,25.0538],[94.9056,25.1255],[94.9955,25.2109],[94.9571,25.2457],[94.9873,25.3028],[95.0361,25.3015],[95.0103,25.372],[95.1066,25.4121],[95.2311,25.3779],[95.1647,25.5234],[95.2151,25.6795],[95.0389,25.7336],[95.0376,25.7406]]]},"properties":{"pcode":"MMR005035","iso3":"MMR","name":"Layshi"},"id":"945"},
{"type":"Feature","geometry":{"type":"Polygon","coordinates":[[[95.9022,26.4893],[95.5045,26.4634],[95.4449,26.6931],[95.4327,26.7014],[95.3026,26.6526],[95.2342,26.6813],[95.0655,26.4583],[95.13,26.3817],[95.1193,26.1004],[95.1852,26.0741],[95.0117,25.897],[95.0466,25.7574],[95.1495,25.9036],[95.487,25.9969],[95.5197,26.0915],[95.6394,26.1755],[95.6588,26.3034],[95.7996,26.3728],[95.8252,26.4767],[95.9022,26.4893]]]},"properties":{"pcode":"MMR005036","iso3":"MMR","name":"Lahe"},"id":"946"},
{"type":"Feature","geometry":{"type":"Polygon","coordinates":[[[97.0666,27.0926],[96.8591,27.1902],[96.8841,27.2585],[96.746,27.3573],[96.0898,27.223],[95.946,27.0508],[95.8002,27.0135],[95.7421,26.8959],[95.6684,26.9025],[95.607,26.8124],[95.5422,26.8342],[95.4327,26.7014],[95.4449,26.6931],[95.5045,26.4634],[95.9022,26.4893],[96.0043,26.4884],[96.0079,26.4854],[96.1762,26.505],[96.0744,26.6853],[96.2483,26.8013],[96.2315,26.8698],[96.317,26.9396],[96.251,26.9827],[96.9859,27.0238],[97.0666,27.0926]]]},"properties":{"pcode":"MMR005037","iso3":"MMR","name":"Nanyun"},"id":"947"},
{"type":"Feature","geometry":{"type":"Polygon","coordinates":[[[99.1885,13.292],[99.2059,13.4816],[99.1093,13.8923],[99.0211,13.9455],[98.9549,14.1029],[98.605,14.3187],[98.4511,14.586],[98.4392,14.6036],[98.3283,14.5232],[98.4047,14.2444],[98.3076,14.2831],[98.3086,14.2347],[98.1911,14.1747],[98.1871,14.0414],[98.1899,14.0414],[98.2013,14.0145],[98.20192413711021,14.014145227326832],[98.2203,14.0037],[98.2957,14.0346],[98.4687,13.9466],[98.61,13.7625],[98.6567,13.5287],[98.6669,13.5238],[98.8156,13.4534],[98.821,13.4456],[98.9752,13.3685],[98.9813,13.3091],[99.0964,13.3397],[99.1885,13.292]]]},"properties":{"pcode":"MMR006001","iso3":"MMR","name":"Dawei"},"id":"948"},
{"type":"Feature","geometry":{"type":"MultiPolygon","coordinates":[[[[98.1279,13.5334],[98.1306,13.5295],[98.1326,13.5334],[98.1309,13.5346],[98.1279,13.5334]]],[[[98.1996,13.6],[98.2001,13.5976],[98.2064,13.6004],[98.2045,13.6148],[98.1996,13.6]]],[[[98.1929,13.6498],[98.1795,13.6337],[98.1887,13.6121],[98.1949,13.6189],[98.1937,13.6331],[98.1929,13.6498]]],[[[98.1843,13.6677],[98.1884,13.6575],[98.192,13.6564],[98.1947,13.6683],[98.1843,13.6677]]],[[[98.06,13.8108],[98.0602,13.8026],[98.0669,13.8079],[98.0637,13.8113],[98.06,13.8108]]],[[[97.9269,13.8204],[97.9156,13.8739],[97.9009,13.8253],[97.9103,13.7871],[97.9269,13.8204]]],[[[98.1913,13.8249],[98.1958,13.8319],[98.2049,13.8528],[98.2057,13.8571],[98.1913,13.8249]]],[[[98.1911,14.1747],[98.1237,14.2109],[98.0833,14.2192],[98.0663,13.7614],[98.168,13.5359],[98.1871,14.0414],[98.1911,14.1747]]],[[[97.9114,13.8889],[97.9061,13.8953],[97.9129,13.8806],[97.9137,13.8844],[97.9114,13.8889]]],[[[97.9098,13.9453],[97.9173,13.8904],[97.9197,13.9146],[97.9173,13.9288],[97.9098,13.9453]]],[[[98.2201,13.771],[98.2223,13.7648],[98.22859258553127,13.779171954608456],[98.2269685969028,13.796039157800207],[98.2201,13.771]]],[[[98.1853,13.7848],[98.198,13.7517],[98.22300599557104,13.837195851054538],[98.2202164969978,13.86616836872674],[98.2196,13.8679],[98.1853,13.7848]]],[[[98.2079,13.8671],[98.2054,13.8582],[98.2085,13.8615],[98.2107,13.8694],[98.2079,13.8671]]],[[[98.21350452509043,13.935880798970482],[98.2102315833503,13.969874493505943],[98.2098,13.9706],[98.2033,13.9632],[98.21350452509043,13.935880798970482]]],[[[98.20192413711021,14.014145227326832],[98.2071,14.0024],[98.2203,14.0037],[98.20192413711021,14.014145227326832]]]]},"properties":{"pcode":"MMR006002","iso3":"MMR","name":"Launglon"},"id":"949"},
{"type":"Feature","geometry":{"type":"Polygon","coordinates":[[[98.2203,14.0037],[98.2071,14.0024],[98.2102315833503,13.969874493505943],[98.21350452509043,13.935880798970482],[98.2202164969978,13.86616836872674],[98.22300599557104,13.837195851054538],[98.2269685969028,13.796039157800207],[98.22859258553127,13.779171954608456],[98.2348,13.7147],[98.3677,13.5981],[98.4912,13.2947],[98.5919,13.366],[98.6567,13.5287],[98.61,13.7625],[98.4687,13.9466],[98.2957,14.0346],[98.2203,14.0037]]]},"properties":{"pcode":"MMR006003","iso3":"MMR","name":"Thayetchaung"},"id":"950"},
{"type":"Feature","geometry":{"type":"MultiPolygon","coordinates":[[[[97.7908,14.2018],[97.7906,14.2067],[97.7854,14.2043],[97.7851,14.1974],[97.7908,14.2018]]],[[[97.785,14.3083],[97.7863,14.3075],[97.7876,14.3092],[97.7867,14.3109],[97.785,14.3083]]],[[[97.7878,14.3159],[97.7884,14.3153],[97.7907,14.3197],[97.7887,14.3248],[97.7878,14.3159]]],[[[97.7877,14.3291],[97.7893,14.3276],[97.791,14.3301],[97.7896,14.3338],[97.7877,14.3291]]],[[[97.78,14.3917],[97.7834,14.4112],[97.7745,14.4182],[97.7679,14.3938],[97.78,14.3917]]],[[[97.7795,14.4316],[97.7819,14.422],[97.7839,14.4286],[97.7808,14.4326],[97.7795,14.4316]]],[[[97.7736,14.4366],[97.7742,14.4417],[97.7703,14.4449],[97.7635,14.435],[97.7736,14.4366]]],[[[97.7771,14.4576],[97.7749,14.46],[97.7721,14.4606],[97.7702,14.4542],[97.7771,14.4576]]],[[[97.8217,14.1256],[97.8073,14.1365],[97.7971,14.1267],[97.8019,14.1085],[97.8217,14.1256]]],[[[97.8173,14.1494],[97.8181,14.1484],[97.823,14.1532],[97.8227,14.1562],[97.8173,14.1494]]],[[[97.8089,14.1564],[97.8246,14.1884],[97.7888,14.1823],[97.7861,14.1394],[97.8089,14.1564]]],[[[97.7991,14.2782],[97.8068,14.2663],[97.8157,14.2765],[97.8051,14.2864],[97.7991,14.2782]]],[[[97.8152,14.2867],[97.8192,14.2837],[97.8193,14.2881],[97.816,14.2903],[97.8152,14.2867]]],[[[97.814,14.2952],[97.8172,14.2932],[97.8176,14.2937],[97.8149,14.2973],[97.814,14.2952]]],[[[98.4392,14.6036],[98.2551,14.8128],[98.2081,14.982],[98.0985,14.9909],[98.0272,15.0921],[97.8826,15.0801],[97.8676,14.9368],[97.798,14.8876],[97.8372,14.7118],[97.8997,14.7374],[97.8855,14.7735],[97.8955,14.8363],[97.9138,14.8195],[97.8971,14.7688],[97.9237,14.7387],[97.9384,14.8106],[97.9991,14.65],[97.9351,14.7251],[97.8718,14.6711],[97.9822,14.46],[97.997,14.2949],[98.0786,14.18],[98.0833,14.2192],[98.1237,14.2109],[98.1911,14.1747],[98.3086,14.2347],[98.3076,14.2831],[98.4047,14.2444],[98.3283,14.5232],[98.4392,14.6036]]]]},"properties":{"pcode":"MMR006004","iso3":"MMR","name":"Yebyu"},"id":"951"},
{"type":"Feature","geometry":{"type":"MultiPolygon","coordinates":[[[[98.8665,12.2224],[98.9191,12.2945],[98.8841,12.4615],[98.9245,12.51],[98.8698,12.7183],[98.8075,12.7279],[98.7953,12.7408],[98.6944,12.7088],[98.6156,12.5578],[98.7181,12.4926],[98.6421,12.5028],[98.5934,12.4332],[98.7074,12.3511],[98.8665,12.2224]]],[[[98.6445,12.6458],[98.6418,12.6488],[98.6382,12.649],[98.638,12.6456],[98.6445,12.6458]]]]},"properties":{"pcode":"MMR006005","iso3":"MMR","name":"Myeik"},"id":"952"},
{"type":"Feature","geometry":{"type":"MultiPolygon","coordinates":[[[[98.0101,11.4566],[98.0129,11.4712],[97.969,11.4485],[98.0054,11.4402],[98.0101,11.4566]]],[[[97.9283,11.5103],[97.9286,11.5149],[97.9274,11.5162],[97.9259,11.5109],[97.9283,11.5103]]],[[[97.9034,11.5147],[97.9078,11.5147],[97.9076,11.516],[97.9034,11.5147]]],[[[97.9325,11.5173],[97.9332,11.5198],[97.9319,11.5215],[97.9314,11.5183],[97.9325,11.5173]]],[[[97.5185,11.6507],[97.5219,11.6507],[97.5253,11.6575],[97.5256,11.6609],[97.5185,11.6507]]],[[[97.4827,11.7879],[97.4496,11.8004],[97.4416,11.782],[97.4846,11.7644],[97.4827,11.7879]]],[[[97.4865,11.8134],[97.4842,11.7879],[97.5195,11.783],[97.5221,11.813],[97.4865,11.8134]]],[[[97.6606,11.8019],[97.6639,11.8178],[97.6591,11.8231],[97.6386,11.8157],[97.6606,11.8019]]],[[[97.4689,11.8174],[97.4675,11.8265],[97.4645,11.8251],[97.4645,11.8164],[97.4689,11.8174]]],[[[97.6842,11.8709],[97.6748,11.8961],[97.6345,11.8688],[97.6727,11.8274],[97.6842,11.8709]]],[[[97.9988,11.9649],[97.9629,11.9585],[98.0028,11.9318],[98.0094,11.9585],[97.9988,11.9649]]],[[[97.9807,11.9719],[97.9829,11.9763],[97.9832,11.9789],[97.9779,11.9769],[97.9807,11.9719]]],[[[97.9123,11.9827],[97.9221,11.9842],[97.9209,11.9967],[97.9126,12.0001],[97.9123,11.9827]]],[[[97.7537,12.0013],[97.7456,12.0126],[97.7362,12.0111],[97.7458,11.9918],[97.7537,12.0013]]],[[[97.9944,12.0117],[97.9856,12.023],[97.9699,12.0183],[97.9933,12.0068],[97.9944,12.0117]]],[[[97.6561,12.0266],[97.6947,12.0487],[97.6731,12.059],[97.6503,12.0172],[97.6558,12.0175],[97.6561,12.0266]]],[[[97.7887,12.047],[97.7663,12.0508],[97.7584,12.044],[97.7638,12.0376],[97.7887,12.047]]],[[[97.9413,12.055],[97.9401,12.0489],[97.9408,12.0474],[97.943,12.0491],[97.9413,12.055]]],[[[97.9828,12.062],[97.9673,12.0735],[97.9619,12.0671],[97.9595,12.0302],[97.9828,12.062]]],[[[97.6554,12.0646],[97.6429,12.0662],[97.6356,12.0501],[97.652,12.0436],[97.6554,12.0646]]],[[[97.9786,12.1017],[97.9759,12.1083],[97.9719,12.089],[97.9761,12.089],[97.9786,12.1017]]],[[[97.9906,12.115],[97.9826,12.1125],[97.9963,12.0959],[98.0022,12.103],[97.9906,12.115]]],[[[97.9674,12.1184],[97.9729,12.1195],[97.9641,12.1199],[97.9678,12.1078],[97.9674,12.1184]]],[[[97.9707,12.1246],[97.9755,12.1229],[97.9756,12.1244],[97.9739,12.1269],[97.9707,12.1246]]],[[[97.7449,12.1303],[97.7328,12.1469],[97.7153,12.1443],[97.7189,12.1068],[97.7449,12.1303]]],[[[97.9785,12.1297],[97.9727,12.1394],[97.9807,12.1172],[97.9817,12.1199],[97.9785,12.1297]]],[[[98.0025,12.1331],[97.9952,12.1469],[97.9927,12.1307],[98.0116,12.125],[98.0025,12.1331]]],[[[97.944,12.2258],[97.943,12.2309],[97.9407,12.2461],[97.9402,12.2124],[97.944,12.2258]]],[[[97.8762,12.2383],[97.8777,12.2364],[97.882,12.2421],[97.8804,12.244],[97.8762,12.2383]]],[[[97.773,12.2856],[97.7726,12.2635],[97.7965,12.2814],[97.8003,12.3043],[97.773,12.2856]]],[[[97.8903,12.2926],[97.8838,12.2901],[97.8654,12.2865],[97.8867,12.2828],[97.8903,12.2926]]],[[[97.9578,12.3022],[97.9425,12.2905],[97.9494,12.2797],[97.9614,12.2992],[97.9578,12.3022]]],[[[97.9653,12.3011],[98.0099,12.2697],[98.0397,12.3048],[98.041,12.3043],[98.0477,12.3119],[98.0461,12.3123],[98.0806,12.3528],[98.0771,12.3399],[98.0786,12.3352],[98.0842,12.3482],[98.0829,12.3556],[98.1231,12.4029],[98.0949,12.4341],[98.037,12.3552],[97.9906,12.3497],[98.0293,12.4173],[97.9536,12.3862],[97.9422,12.3174],[97.9647,12.3015],[97.964,12.3002],[97.9676,12.2905],[97.9651,12.3007],[97.9653,12.3011]]],[[[98.009,12.4286],[98.0043,12.4193],[98.0121,12.4201],[98.0119,12.4281],[98.009,12.4286]]],[[[97.8222,12.4292],[97.8341,12.4368],[97.8343,12.4547],[97.8212,12.4735],[97.8222,12.4292]]],[[[97.7951,12.4969],[97.7988,12.4946],[97.804,12.5043],[97.7901,12.5092],[97.7951,12.4969]]],[[[97.8548,12.5896],[97.8232,12.5815],[97.8557,12.5395],[97.8808,12.5656],[97.8548,12.5896]]],[[[97.8488,12.6078],[97.8572,12.6012],[97.8643,12.6093],[97.8544,12.6167],[97.8488,12.6078]]],[[[97.8615,12.6169],[97.8785,12.622],[97.8651,12.6284],[97.8578,12.6201],[97.8615,12.6169]]],[[[97.8793,12.7911],[97.8597,12.814],[97.8367,12.778],[97.8816,12.7741],[97.8793,12.7911]]],[[[98.0114,11.4313],[98.0147,11.4262],[98.0165,11.4292],[98.0152,11.4335],[98.0114,11.4313]]],[[[98.1323,11.4648],[98.1205,11.4581],[98.1288,11.4349],[98.1458,11.447],[98.1323,11.4648]]],[[[98.0394,11.6339],[98.0405,11.636],[98.0388,11.6392],[98.0362,11.6392],[98.0394,11.6339]]],[[[98.0294,11.6509],[98.0285,11.65],[98.0299,11.6407],[98.0325,11.646],[98.0294,11.6509]]],[[[98.037,11.664],[98.0311,11.6564],[98.0394,11.6481],[98.0432,11.6624],[98.037,11.664]]],[[[98.0113,11.6935],[98.0863,11.6252],[98.0899,11.65],[98.0564,11.6681],[98.072,11.6857],[98.0486,11.6933],[98.0879,11.7402],[98.0533,11.7256],[98.0121,11.8564],[98.0113,11.6935]]],[[[98.1055,11.7568],[98.11,11.7572],[98.1187,11.762],[98.1194,11.7652],[98.1055,11.7568]]],[[[98.0706,11.824],[98.0791,11.8308],[98.0465,11.8055],[98.0637,11.7847],[98.0706,11.824]]],[[[98.1107,11.8198],[98.1179,11.8206],[98.123,11.8244],[98.1153,11.8263],[98.1107,11.8198]]],[[[98.1429,11.9979],[98.1457,12.0024],[98.1446,12.0056],[98.1363,12.0045],[98.1429,11.9979]]],[[[98.0229,12.0749],[98.0044,12.0749],[97.9951,12.0699],[98.0192,12.0593],[98.0229,12.0749]]],[[[98.1369,12.1358],[98.1301,12.1335],[98.1341,12.1252],[98.1387,12.1343],[98.1369,12.1358]]],[[[98.0613,12.1348],[98.0667,12.1278],[98.0688,12.1295],[98.0649,12.1401],[98.0613,12.1348]]],[[[98.0575,12.1486],[98.0549,12.1443],[98.0564,12.1428],[98.0583,12.1471],[98.0575,12.1486]]],[[[98.0234,12.1683],[98.0234,12.167],[98.0276,12.1696],[98.0278,12.1706],[98.0234,12.1683]]],[[[98.155,12.1696],[98.1528,12.184],[98.1422,12.1763],[98.15,12.1634],[98.155,12.1696]]],[[[98.0515,12.1944],[98.041,12.1952],[98.0379,12.1859],[98.0533,12.1867],[98.0515,12.1944]]],[[[98.1526,12.1967],[98.1572,12.1927],[98.1564,12.1963],[98.1533,12.1986],[98.1526,12.1967]]],[[[98.1584,12.2035],[98.1614,12.206],[98.1619,12.2094],[98.1556,12.2086],[98.1584,12.2035]]],[[[98.1536,12.2114],[98.1421,12.2137],[98.1272,12.2116],[98.1534,12.2018],[98.1536,12.2114]]],[[[98.1363,12.2845],[98.0818,12.2943],[98.0459,12.2041],[98.1488,12.1373],[98.1035,12.2003],[98.1363,12.2845]]],[[[98.1601,12.285],[98.1629,12.29],[98.16,12.2943],[98.1542,12.2881],[98.1601,12.285]]],[[[98.0539,12.2924],[98.0572,12.292],[98.0589,12.2941],[98.0576,12.2964],[98.0539,12.2924]]],[[[98.0612,12.3092],[98.0585,12.3024],[98.0629,12.3024],[98.0606,12.3047],[98.0612,12.3092]]],[[[98.0669,12.3064],[98.0679,12.3036],[98.0708,12.3075],[98.0691,12.3098],[98.0669,12.3064]]],[[[98.0873,12.306],[98.085,12.3092],[98.0812,12.3079],[98.0851,12.3051],[98.0873,12.306]]],[[[98.0762,12.3145],[98.0797,12.3132],[98.078,12.3166],[98.0762,12.3164],[98.0762,12.3145]]],[[[98.0745,12.3331],[98.0634,12.3157],[98.0642,12.3127],[98.0759,12.3285],[98.0745,12.3331]]],[[[98.1617,12.3363],[98.1331,12.3711],[98.0993,12.3624],[98.0985,12.3321],[98.1617,12.3363]]],[[[98.1757,12.3518],[98.1772,12.3579],[98.1728,12.3645],[98.1649,12.3584],[98.1757,12.3518]]],[[[98.0182,12.3719],[98.0121,12.3787],[98.0048,12.3743],[98.0153,12.3647],[98.0182,12.3719]]],[[[98.1426,12.3804],[98.144,12.3845],[98.1334,12.38],[98.1371,12.3783],[98.1426,12.3804]]],[[[98.1638,12.4245],[98.1403,12.4294],[98.1197,12.419],[98.1681,12.4091],[98.1638,12.4245]]],[[[98.021,12.4299],[98.0299,12.4409],[98.0274,12.4455],[98.0139,12.4369],[98.021,12.4299]]],[[[98.0951,12.4543],[98.0899,12.4553],[98.0842,12.4593],[98.0921,12.4511],[98.0951,12.4543]]],[[[98.175,12.4827],[98.1711,12.482],[98.1719,12.4752],[98.1739,12.4763],[98.175,12.4827]]],[[[98.151,12.4693],[98.1544,12.4859],[98.1557,12.4994],[98.1442,12.4693],[98.151,12.4693]]],[[[98.3171,11.5264],[98.3191,11.5253],[98.3209,11.5295],[98.3196,11.5313],[98.3171,11.5264]]],[[[98.3115,11.5223],[98.3136,11.5251],[98.3094,11.5408],[98.3041,11.5245],[98.3115,11.5223]]],[[[98.3131,11.5599],[98.3155,11.5735],[98.3114,11.5737],[98.3102,11.5595],[98.3131,11.5599]]],[[[98.3061,11.5785],[98.3067,11.5749],[98.3092,11.5796],[98.309,11.5824],[98.3061,11.5785]]],[[[98.2954,11.8032],[98.2576,11.7911],[98.1626,11.4368],[98.274,11.4682],[98.2954,11.8032]]],[[[98.3087,11.7714],[98.3046,11.776],[98.3008,11.7729],[98.3062,11.7654],[98.3087,11.7714]]],[[[98.21,11.7816],[98.2137,11.7807],[98.2145,11.7862],[98.2133,11.7877],[98.21,11.7816]]],[[[98.2552,11.8072],[98.2847,11.811],[98.29,11.8495],[98.2561,11.8378],[98.2552,11.8072]]],[[[98.2024,11.8503],[98.1907,11.8545],[98.1931,11.8395],[98.2096,11.8386],[98.2024,11.8503]]],[[[98.2098,11.8707],[98.1877,11.8705],[98.2064,11.8526],[98.2154,11.855],[98.2098,11.8707]]],[[[98.2156,11.887],[98.2141,11.8881],[98.2073,11.8826],[98.2164,11.8806],[98.2156,11.887]]],[[[98.2691,11.9209],[98.2493,11.9114],[98.2588,11.8509],[98.295,11.8949],[98.2691,11.9209]]],[[[98.2613,11.9281],[98.2747,11.9472],[98.2514,11.9907],[98.2241,11.9519],[98.2613,11.9281]]],[[[98.3951,12.0573],[98.4033,12.0624],[98.3996,12.065],[98.3907,12.0633],[98.3951,12.0573]]],[[[98.3836,12.1187],[98.3882,12.1112],[98.3908,12.1199],[98.3815,12.1273],[98.3836,12.1187]]],[[[98.4017,12.145],[98.4023,12.1732],[98.3839,12.1702],[98.3869,12.1413],[98.4017,12.145]]],[[[98.1831,12.1967],[98.1902,12.2071],[98.1912,12.212],[98.1849,12.2099],[98.1831,12.1967]]],[[[98.2475,12.2114],[98.2464,12.2234],[98.2443,12.2035],[98.2514,12.2026],[98.2475,12.2114]]],[[[98.2091,12.2235],[98.2196,12.2245],[98.2151,12.227],[98.207,12.2241],[98.2091,12.2235]]],[[[98.3348,12.2839],[98.3371,12.2865],[98.3336,12.2917],[98.3328,12.2901],[98.3348,12.2839]]],[[[98.3839,12.2907],[98.3961,12.317],[98.3694,12.3142],[98.3859,12.2652],[98.3839,12.2907]]],[[[98.351,12.3038],[98.3577,12.2907],[98.3646,12.3004],[98.3572,12.3104],[98.351,12.3038]]],[[[98.2574,12.3085],[98.2588,12.3132],[98.2517,12.3354],[98.2445,12.3501],[98.2515,12.2886],[98.2567,12.3061],[98.2587,12.3036],[98.2615,12.3045],[98.2622,12.3104],[98.2574,12.3085]]],[[[98.3904,12.3285],[98.3927,12.3284],[98.3924,12.331],[98.3874,12.327],[98.3904,12.3285]]],[[[98.403,12.335],[98.3988,12.3471],[98.3934,12.3486],[98.3999,12.3357],[98.403,12.335]]],[[[98.1813,12.3639],[98.1812,12.3681],[98.173,12.3713],[98.1751,12.3668],[98.1813,12.3639]]],[[[98.2317,12.3781],[98.2238,12.3705],[98.2086,12.369],[98.2342,12.3594],[98.2317,12.3781]]],[[[98.216,12.4428],[98.2181,12.4379],[98.2183,12.4415],[98.2171,12.4438],[98.216,12.4428]]],[[[98.2197,12.4475],[98.2206,12.4511],[98.2175,12.4551],[98.2166,12.4532],[98.2197,12.4475]]],[[[98.2139,12.4549],[98.2106,12.4551],[98.2139,12.4494],[98.2143,12.4515],[98.2139,12.4549]]],[[[98.4761,12.546],[98.4837,12.5486],[98.4825,12.5537],[98.4777,12.554],[98.4801,12.5663],[98.4379,12.6064],[98.4285,12.5207],[98.4064,12.6316],[98.3223,12.6702],[98.3381,12.3125],[98.4572,12.4509],[98.4761,12.546]]],[[[98.2908,12.5134],[98.2544,12.5656],[98.2216,12.5262],[98.2371,12.4899],[98.2908,12.5134]]],[[[98.2883,12.5359],[98.2854,12.5342],[98.2869,12.5313],[98.289,12.5321],[98.2883,12.5359]]],[[[98.2702,12.5539],[98.2821,12.5518],[98.2752,12.5622],[98.2701,12.5629],[98.2702,12.5539]]],[[[98.2995,12.5737],[98.3017,12.575],[98.2998,12.5764],[98.2983,12.5749],[98.2995,12.5737]]],[[[98.2173,12.6439],[98.2112,12.6475],[98.2101,12.6358],[98.2237,12.6371],[98.2173,12.6439]]],[[[98.1847,12.653],[98.1903,12.6498],[98.1966,12.6543],[98.1953,12.6585],[98.1847,12.653]]],[[[98.2074,12.6666],[98.2079,12.6609],[98.2164,12.6585],[98.2181,12.6602],[98.2074,12.6666]]],[[[98.3566,12.708],[98.3582,12.7292],[98.3325,12.7837],[98.3409,12.7247],[98.3566,12.708]]],[[[98.4062,11.7612],[98.3832,11.7133],[98.4332,11.7249],[98.3695,11.6857],[98.4237,11.5637],[98.5222,11.5128],[98.548,11.6117],[98.5311,11.7943],[98.3646,11.7737],[98.4062,11.7612]]],[[[98.4556,11.8312],[98.469,11.8285],[98.4673,11.8456],[98.4566,11.8516],[98.4556,11.8312]]],[[[98.4766,11.8291],[98.4987,11.842],[98.4862,11.8564],[98.4727,11.8545],[98.4766,11.8291]]],[[[98.4407,11.849],[98.4129,11.8647],[98.4066,11.842],[98.4217,11.8214],[98.4407,11.849]]],[[[98.6786,11.9778],[98.6098,11.9931],[98.6164,11.9695],[98.6855,11.9481],[98.6786,11.9778]]],[[[98.5465,11.8955],[98.7273,11.8711],[98.5968,11.8467],[98.6678,11.7708],[98.6461,11.7744],[98.627,11.7903],[98.617,11.7894],[98.6043,11.7196],[98.6901,11.6717],[98.6941,11.7472],[98.8146,11.8461],[98.8104,11.789],[98.7828,11.7502],[98.844,11.7258],[98.9326,11.8654],[98.8652,12.04],[98.7549,12.1023],[98.8093,12.22],[98.8665,12.2224],[98.7074,12.3511],[98.5793,12.419],[98.5377,12.3454],[98.6778,12.3208],[98.5636,12.3011],[98.5391,12.2181],[98.6863,12.2421],[98.737,12.1848],[98.6411,12.1674],[98.6964,12.1573],[98.7303,12.1072],[98.7037,12.1059],[98.6909,12.1545],[98.6461,12.1556],[98.6385,12.0682],[98.7369,12.0745],[98.7776,12.0183],[98.7112,12.0599],[98.7115,11.9256],[98.5622,11.8996],[98.6644,11.9264],[98.5105,11.9954],[98.438,12.1012],[98.4736,11.8764],[98.5465,11.8955]]],[[[98.5503,12.019],[98.5538,12.0336],[98.532,12.0257],[98.5401,12.0094],[98.5503,12.019]]],[[[98.6468,12.1615],[98.6464,12.1587],[98.6509,12.1566],[98.6511,12.1609],[98.6468,12.1615]]],[[[98.6629,12.1874],[98.6747,12.1901],[98.6889,12.201],[98.6707,12.1999],[98.6629,12.1874]]],[[[98.4069,12.2097],[98.4014,12.2201],[98.4093,12.1732],[98.4271,12.1827],[98.4069,12.2097]]],[[[98.6084,12.1967],[98.6161,12.2012],[98.6188,12.2118],[98.6073,12.205],[98.6084,12.1967]]],[[[98.6869,12.2058],[98.6976,12.2031],[98.6999,12.2037],[98.7078,12.208],[98.6869,12.2058]]],[[[98.6351,12.1903],[98.6455,12.1857],[98.6864,12.2107],[98.66,12.2298],[98.6351,12.1903]]],[[[98.6952,12.2122],[98.6997,12.2105],[98.7032,12.2114],[98.7004,12.2162],[98.6952,12.2122]]],[[[98.4307,12.2109],[98.4285,12.2188],[98.4253,12.219],[98.4249,12.2171],[98.4307,12.2109]]],[[[98.6898,12.2116],[98.6989,12.2162],[98.699,12.2173],[98.6947,12.2198],[98.6898,12.2116]]],[[[98.4692,12.2239],[98.4571,12.234],[98.4458,12.2296],[98.4581,12.2124],[98.4692,12.2239]]],[[[98.4227,12.2294],[98.4187,12.2283],[98.413,12.2277],[98.4211,12.2222],[98.4227,12.2294]]],[[[98.436,12.2502],[98.4433,12.2442],[98.4468,12.2457],[98.4352,12.2525],[98.436,12.2502]]],[[[98.4921,12.2654],[98.4955,12.2784],[98.4791,12.271],[98.4806,12.269],[98.4921,12.2654]]],[[[98.4284,12.2727],[98.4339,12.2725],[98.4341,12.2782],[98.4275,12.2782],[98.4284,12.2727]]],[[[98.5068,12.2845],[98.5119,12.2767],[98.5279,12.2761],[98.5385,12.293],[98.5068,12.2845]]],[[[98.458,12.2958],[98.4584,12.2952],[98.4661,12.296],[98.4672,12.303],[98.458,12.2958]]],[[[98.6182,12.3127],[98.6246,12.3134],[98.6288,12.317],[98.614,12.3204],[98.6182,12.3127]]],[[[98.6079,12.3193],[98.5784,12.3232],[98.5736,12.321],[98.6164,12.313],[98.6079,12.3193]]],[[[98.5294,12.3172],[98.5476,12.3289],[98.5399,12.3399],[98.5211,12.3274],[98.5294,12.3172]]],[[[98.5089,12.3475],[98.4969,12.3437],[98.5006,12.3323],[98.5058,12.3361],[98.5089,12.3475]]],[[[98.4675,12.3248],[98.4833,12.3431],[98.4704,12.3974],[98.4236,12.3268],[98.4675,12.3248]]],[[[98.4354,12.3792],[98.4364,12.3931],[98.4266,12.3611],[98.4314,12.3662],[98.4354,12.3792]]],[[[98.4113,12.3815],[98.4119,12.3749],[98.416,12.3804],[98.4157,12.3859],[98.4113,12.3815]]],[[[98.4234,12.3938],[98.4235,12.3984],[98.4183,12.3953],[98.4185,12.391],[98.4234,12.3938]]],[[[98.5116,12.4376],[98.5009,12.5147],[98.4634,12.4163],[98.4877,12.3902],[98.4915,12.3933],[98.4891,12.3879],[98.5019,12.3715],[98.5247,12.4086],[98.5131,12.4409],[98.5116,12.4376]]],[[[98.4344,12.4069],[98.437,12.4114],[98.4367,12.4178],[98.4313,12.4072],[98.4344,12.4069]]],[[[98.447,12.4178],[98.4545,12.4324],[98.4568,12.4405],[98.4443,12.4313],[98.447,12.4178]]],[[[98.5733,12.4451],[98.5873,12.4316],[98.5867,12.4521],[98.5732,12.4621],[98.5733,12.4451]]],[[[98.5239,12.4733],[98.5268,12.4674],[98.5278,12.4699],[98.5254,12.4767],[98.5239,12.4733]]]]},"properties":{"pcode":"MMR006006","iso3":"MMR","name":"Kyunsu"},"id":"953"},
{"type":"Feature","geometry":{"type":"MultiPolygon","coordinates":[[[[98.5174,12.7987],[98.5143,12.7852],[98.5167,12.7816],[98.5184,12.7911],[98.5174,12.7987]]],[[[98.2195,12.813],[98.2251,12.8195],[98.2181,12.8248],[98.2139,12.8208],[98.2195,12.813]]],[[[98.3248,12.8371],[98.3218,12.8465],[98.32,12.8469],[98.3239,12.838],[98.3248,12.8371]]],[[[98.3152,12.887],[98.3068,12.9103],[98.3059,12.8978],[98.3141,12.869],[98.3152,12.887]]],[[[98.1847,12.9421],[98.1761,12.926],[98.1929,12.9091],[98.1976,12.9262],[98.1847,12.9421]]],[[[98.5467,12.9332],[98.5392,12.9354],[98.5482,12.9207],[98.5513,12.9299],[98.5467,12.9332]]],[[[98.3197,13.0283],[98.3121,13.0319],[98.3144,13.0136],[98.3226,13.0175],[98.3197,13.0283]]],[[[98.3123,13.0478],[98.3153,13.052],[98.3068,13.0537],[98.3091,13.0493],[98.3123,13.0478]]],[[[98.3067,13.1267],[98.3129,13.1261],[98.3096,13.1346],[98.3035,13.1324],[98.2579,13.2124],[98.3058,12.9123],[98.2917,13.0453],[98.3332,13.0802],[98.3104,13.1202],[98.3104,13.122],[98.3091,13.1225],[98.3067,13.1267]]],[[[98.5211,13.1651],[98.5267,13.1235],[98.5354,13.1392],[98.5383,13.1558],[98.5211,13.1651]]],[[[98.5332,13.167],[98.5316,13.1751],[98.5236,13.1681],[98.526,13.1666],[98.5332,13.167]]],[[[98.4897,13.2152],[98.4976,13.1715],[98.5365,13.2063],[98.505,13.2436],[98.4897,13.2152]]],[[[98.6214,12.7099],[98.6179,12.712],[98.6186,12.7086],[98.6199,12.7078],[98.6214,12.7099]]],[[[98.6247,12.7173],[98.6268,12.7224],[98.6239,12.726],[98.6215,12.7207],[98.6247,12.7173]]],[[[98.5986,12.7336],[98.6011,12.7372],[98.6005,12.7398],[98.5981,12.7387],[98.5986,12.7336]]],[[[98.6869,12.7183],[98.6719,12.7498],[98.6286,12.7445],[98.6178,12.7595],[98.6269,12.7262],[98.6869,12.7183]]],[[[98.6326,12.7563],[98.6295,12.7546],[98.6358,12.7534],[98.6354,12.7559],[98.6326,12.7563]]],[[[98.6662,12.7567],[98.6691,12.7576],[98.6701,12.7602],[98.6666,12.7589],[98.6662,12.7567]]],[[[98.6871,12.7874],[98.7132,12.7987],[98.6944,12.7088],[98.7953,12.7408],[98.7916,12.8274],[98.8446,12.8068],[98.8866,12.9663],[98.8407,13.0565],[98.8635,13.1973],[98.7737,13.3058],[98.8156,13.4534],[98.6669,13.5238],[98.6567,13.5287],[98.5919,13.366],[98.4912,13.2947],[98.5413,13.2035],[98.5769,13.2463],[98.5906,12.9693],[98.635,12.9782],[98.6134,12.9538],[98.597,12.9559],[98.5894,12.9324],[98.6458,12.7697],[98.6721,12.781],[98.6458,12.7568],[98.6589,12.757],[98.6933,12.7812],[98.6871,12.7874]]],[[[98.6479,12.7646],[98.6376,12.782],[98.6088,12.7884],[98.6158,12.7642],[98.6479,12.7646]]],[[[98.6072,12.8189],[98.6081,12.8212],[98.605,12.8238],[98.6036,12.8189],[98.6072,12.8189]]],[[[98.5579,12.9035],[98.5577,12.9086],[98.553,12.9163],[98.5521,12.9082],[98.5579,12.9035]]],[[[98.5593,13.1929],[98.5325,13.1776],[98.5684,13.1509],[98.5771,13.1683],[98.5593,13.1929]]],[[[98.5635,13.1874],[98.5685,13.1876],[98.5716,13.1889],[98.563,13.1916],[98.5635,13.1874]]]]},"properties":{"pcode":"MMR006007","iso3":"MMR","name":"Palaw"},"id":"954"},
{"type":"Feature","geometry":{"type":"Polygon","coordinates":[[[98.8156,13.4534],[98.7737,13.3058],[98.8635,13.1973],[98.8407,13.0565],[98.8866,12.9663],[98.8446,12.8068],[98.7916,12.8274],[98.7953,12.7408],[98.8075,12.7279],[98.8698,12.7183],[98.9245,12.51],[98.8841,12.4615],[98.9191,12.2945],[98.8665,12.2224],[98.8093,12.22],[98.7549,12.1023],[98.8652,12.04],[98.9326,11.8654],[98.9614,11.8762],[99.1588,11.6193],[99.1123,11.5245],[99.1574,11.3851],[99.3126,11.3164],[99.4027,11.3889],[99.475,11.6237],[99.5652,11.6257],[99.6653,11.8225],[99.5713,11.8658],[99.5637,12.1509],[99.4741,12.1305],[99.4861,12.2724],[99.399,12.4581],[99.4357,12.5872],[99.2395,12.7249],[99.1623,12.9273],[99.1956,12.9897],[99.0999,13.0724],[99.1237,13.1929],[99.2093,13.2007],[99.1885,13.292],[99.0964,13.3397],[98.9813,13.3091],[98.9752,13.3685],[98.821,13.4456],[98.8156,13.4534]]]},"properties":{"pcode":"MMR006008","iso3":"MMR","name":"Tanintharyi"},"id":"955"},
{"type":"Feature","geometry":{"type":"MultiPolygon","coordinates":[[[[97.9733,9.6059],[97.9792,9.6235],[97.9737,9.638],[97.951,9.6352],[97.9733,9.6059]]],[[[98.0172,9.7671],[98.0291,9.7642],[98.0294,9.768],[98.0283,9.7769],[98.0172,9.7671]]],[[[98.0495,9.7888],[98.0579,9.8312],[98.018,9.8458],[98.0084,9.8],[98.0495,9.7888]]],[[[97.9913,10.0576],[97.9876,10.0493],[97.9898,10.0349],[97.9944,10.0467],[97.9913,10.0576]]],[[[97.9781,10.086],[97.9784,10.0724],[97.9894,10.0646],[97.9932,10.0798],[97.9847,10.0762],[97.9781,10.086]]],[[[97.9587,10.1301],[97.98,10.1382],[97.9869,10.1545],[97.9796,10.1808],[97.9587,10.1301]]],[[[97.9282,10.1679],[97.9086,10.1617],[97.9147,10.1579],[97.9283,10.1613],[97.9282,10.1679]]],[[[98.0286,10.1923],[98.0254,10.1976],[98.0345,10.1503],[98.0333,10.1708],[98.0286,10.1923]]],[[[97.9722,10.2001],[97.9727,10.1939],[97.9742,10.191],[97.9762,10.194],[97.9722,10.2001]]],[[[97.8696,10.195],[97.8806,10.2005],[97.8738,10.2065],[97.8674,10.206],[97.8696,10.195]]],[[[97.9659,10.2099],[97.9641,10.2056],[97.9657,10.2012],[97.9712,10.2035],[97.9659,10.2099]]],[[[97.9666,10.2173],[97.9692,10.2143],[97.9721,10.2177],[97.9731,10.2203],[97.9666,10.2173]]],[[[97.9741,10.2275],[97.9729,10.2266],[97.9746,10.2222],[97.976,10.2253],[97.9741,10.2275]]],[[[97.9949,10.3675],[97.9841,10.324],[97.9975,10.3416],[97.9998,10.3539],[97.9949,10.3675]]],[[[97.9675,10.3677],[97.9647,10.3575],[97.9661,10.3507],[97.97,10.3582],[97.9675,10.3677]]],[[[97.9369,10.3547],[97.9422,10.3579],[97.9417,10.3685],[97.9461,10.37],[97.9501,10.3777],[97.9409,10.3707],[97.9369,10.3547]]],[[[97.9461,10.4069],[97.9414,10.4137],[97.947,10.3959],[97.9456,10.401],[97.9461,10.4069]]],[[[97.9604,10.412],[97.9637,10.4175],[97.9621,10.4269],[97.9577,10.4407],[97.9604,10.412]]],[[[97.8956,10.3993],[97.9464,10.4402],[97.9071,10.4882],[97.8934,10.4882],[97.8956,10.3993]]],[[[97.6886,10.4678],[97.6871,10.4682],[97.6818,10.4663],[97.6851,10.4604],[97.6886,10.4678]]],[[[97.8927,10.5001],[97.9154,10.5111],[97.9178,10.5209],[97.8898,10.509],[97.8927,10.5001]]],[[[97.939,10.5592],[97.9984,10.5385],[98.0236,10.5872],[97.9959,10.5639],[97.939,10.5592]]],[[[98.0738,9.6502],[98.0944,9.6382],[98.0948,9.6494],[98.0887,9.656],[98.0738,9.6502]]],[[[98.0379,9.656],[98.0364,9.6528],[98.0387,9.6396],[98.0425,9.6477],[98.0379,9.656]]],[[[98.1095,9.7275],[98.0797,9.705],[98.0968,9.6969],[98.1083,9.7027],[98.1095,9.7275]]],[[[98.1484,9.7616],[98.157,9.7544],[98.1592,9.7586],[98.1587,9.7671],[98.1484,9.7616]]],[[[98.1154,9.7795],[98.1166,9.7975],[98.1138,9.8041],[98.1023,9.7979],[98.1154,9.7795]]],[[[98.1135,9.8323],[98.1089,9.8244],[98.1135,9.8219],[98.1159,9.827],[98.1135,9.8323]]],[[[98.2283,9.9386],[98.2298,9.9282],[98.2344,9.9248],[98.2299,9.9377],[98.2283,9.9386]]],[[[98.116,9.8478],[98.3034,10.0192],[98.264,10.0609],[98.1257,9.9634],[98.116,9.8478]]],[[[98.2084,10.0512],[98.2213,10.0467],[98.2232,10.0559],[98.2162,10.0575],[98.2084,10.0512]]],[[[98.1673,10.1435],[98.1796,10.0363],[98.2394,10.1687],[98.2068,10.1946],[98.1673,10.1435]]],[[[98.16,10.1668],[98.1361,10.1562],[98.1424,10.1407],[98.1586,10.1492],[98.16,10.1668]]],[[[98.2376,10.2586],[98.2442,10.2332],[98.2464,10.2347],[98.2519,10.254],[98.2376,10.2586]]],[[[98.2144,10.4332],[98.2256,10.4646],[98.2211,10.4655],[98.2124,10.4606],[98.2144,10.4332]]],[[[98.1644,10.4574],[98.1621,10.4464],[98.1667,10.4498],[98.1672,10.4545],[98.1644,10.4574]]],[[[98.2398,10.4659],[98.2378,10.4627],[98.2484,10.4468],[98.2502,10.457],[98.2398,10.4659]]],[[[98.1784,10.4587],[98.1966,10.4632],[98.1872,10.4661],[98.1818,10.4676],[98.1784,10.4587]]],[[[98.1599,10.4689],[98.1722,10.474],[98.1681,10.4759],[98.1603,10.4801],[98.1599,10.4689]]],[[[98.1921,10.4829],[98.236,10.4903],[98.2348,10.5332],[98.1964,10.5257],[98.1921,10.4829]]],[[[98.2201,10.5508],[98.2294,10.5459],[98.2346,10.5609],[98.228,10.5641],[98.2201,10.5508]]],[[[98.0984,10.5679],[98.0877,10.5813],[98.0865,10.5781],[98.0962,10.5563],[98.0984,10.5679]]],[[[98.0439,10.5906],[98.0382,10.58],[98.0447,10.573],[98.0515,10.5809],[98.0439,10.5906]]],[[[98.234,10.6276],[98.2268,10.6229],[98.2319,10.6169],[98.2361,10.621],[98.234,10.6276]]],[[[98.5205,9.9271],[98.5475,9.9477],[98.5269,9.9578],[98.5154,9.9587],[98.5205,9.9271]]],[[[98.4961,9.9806],[98.4894,9.9774],[98.4926,9.9725],[98.4968,9.9725],[98.4961,9.9806]]],[[[98.5566,9.9801],[98.5566,9.9769],[98.5576,9.9761],[98.5584,9.9791],[98.5566,9.9801]]],[[[98.5606,9.9912],[98.6228,10.1105],[98.6208,10.1029],[98.6274,10.1013],[98.6283,10.1042],[98.6325,10.1053],[98.6333,10.1072],[98.6293,10.1074],[98.6341,10.1223],[98.63,10.1196],[98.6311,10.1223],[98.6292,10.1223],[98.6287,10.1218],[98.8088,10.467],[98.7812,10.6774],[98.9252,10.8244],[98.8699,10.9071],[98.7956,10.9078],[98.7209,10.7754],[98.6409,10.7521],[98.6235,10.5703],[98.5313,10.5794],[98.4623,10.6931],[98.5408,10.3662],[98.4796,10.201],[98.5517,9.9742],[98.5594,9.9889],[98.56,9.9835],[98.5629,9.9861],[98.561,9.9916],[98.5606,9.9912]]],[[[98.4699,9.9969],[98.4736,9.9818],[98.4967,9.9886],[98.4832,9.9971],[98.4699,9.9969]]],[[[98.5049,10.0086],[98.5199,10.0134],[98.5135,10.0242],[98.5024,10.0329],[98.5049,10.0086]]],[[[98.3181,10.1047],[98.3212,10.101],[98.3231,10.1053],[98.322,10.1059],[98.3181,10.1047]]],[[[98.3108,10.0881],[98.313,10.1222],[98.2789,10.139],[98.2868,10.0853],[98.3108,10.0881]]],[[[98.3344,10.1276],[98.3319,10.1418],[98.325,10.1369],[98.3164,10.1397],[98.3344,10.1276]]],[[[98.3067,10.142],[98.3043,10.1341],[98.314,10.129],[98.312,10.1399],[98.3067,10.142]]],[[[98.6569,10.1753],[98.6607,10.1719],[98.664,10.1746],[98.6637,10.1772],[98.6569,10.1753]]],[[[98.2854,10.3448],[98.2859,10.3348],[98.297,10.3376],[98.2961,10.3439],[98.2854,10.3448]]],[[[98.2811,10.4351],[98.2833,10.4407],[98.2759,10.4328],[98.2765,10.4324],[98.2811,10.4351]]],[[[98.3431,10.5904],[98.3455,10.5959],[98.3434,10.5962],[98.3406,10.5896],[98.3431,10.5904]]],[[[98.2451,10.6178],[98.2573,10.6123],[98.2603,10.6182],[98.2606,10.6331],[98.2451,10.6178]]],[[[98.2636,10.6469],[98.2572,10.6437],[98.2591,10.6397],[98.2643,10.6452],[98.2636,10.6469]]],[[[98.3497,10.6333],[98.3602,10.639],[98.3589,10.6536],[98.3539,10.6452],[98.3497,10.6333]]],[[[98.2446,10.6825],[98.2366,10.6524],[98.2612,10.6503],[98.2698,10.6787],[98.2446,10.6825]]]]},"properties":{"pcode":"MMR006009","iso3":"MMR","name":"Kawthoung"},"id":"956"},
{"type":"Feature","geometry":{"type":"MultiPolygon","coordinates":[[[[98.2062,10.797],[98.2038,10.8002],[98.1998,10.796],[98.2046,10.7941],[98.2062,10.797]]],[[[98.1953,10.8312],[98.1958,10.8155],[98.2003,10.8111],[98.1984,10.8293],[98.1953,10.8312]]],[[[98.2057,10.8348],[98.2037,10.8306],[98.2068,10.8251],[98.2099,10.8321],[98.2057,10.8348]]],[[[98.3029,10.7856],[98.1776,10.9875],[98.0828,10.8717],[98.1548,10.9264],[98.2228,10.8787],[98.2601,10.6878],[98.3029,10.7856]]],[[[98.1939,10.8436],[98.1954,10.8579],[98.176,10.8588],[98.1892,10.824],[98.192,10.8257],[98.1936,10.8408],[98.1963,10.8321],[98.2049,10.8388],[98.2052,10.8427],[98.1939,10.8436]]],[[[98.0734,10.8804],[98.0406,10.8724],[98.0281,10.8562],[98.0803,10.8314],[98.0734,10.8804]]],[[[98.0199,10.8688],[98.0038,10.8847],[98.0131,10.8929],[97.9968,10.8828],[98.0199,10.8688]]],[[[97.8802,10.8424],[97.9489,10.9018],[97.9225,10.9309],[97.8896,10.9071],[97.8802,10.8424]]],[[[98.1852,10.9871],[98.1962,10.9822],[98.1956,10.9878],[98.1912,10.9903],[98.1852,10.9871]]],[[[97.9256,11.2856],[97.9197,11.2784],[97.9242,11.2737],[97.9275,11.2837],[97.9256,11.2856]]],[[[98.2077,11.268],[98.2741,11.2907],[98.275,11.3282],[98.2197,11.2928],[98.2077,11.268]]],[[[98.0008,11.321],[98.0226,11.3162],[98.0135,11.3204],[98.0116,11.324],[98.0008,11.321]]],[[[98.002,11.3492],[97.9978,11.3478],[98,11.3248],[98.0085,11.342],[98.002,11.3492]]],[[[98.016,11.3529],[98.0151,11.3594],[98.0101,11.3611],[98.002,11.3584],[98.016,11.3529]]],[[[98.138,11.3632],[98.1457,11.4108],[98.1094,11.4133],[98.0947,11.4059],[98.138,11.3632]]],[[[98.2196,11.3883],[98.2282,11.3802],[98.2254,11.3914],[98.219,11.3972],[98.2196,11.3883]]],[[[98.0121,11.3825],[98.0154,11.3879],[97.9967,11.4158],[97.9929,11.3881],[98.0121,11.3825]]],[[[98.3476,10.6887],[98.3385,10.6889],[98.3372,10.6819],[98.3404,10.6857],[98.3476,10.6887]]],[[[98.5406,10.764],[98.5457,10.7565],[98.5476,10.7631],[98.5423,10.7674],[98.5406,10.764]]],[[[98.5092,10.7752],[98.5616,10.8562],[98.501,10.8832],[98.4923,10.7937],[98.5092,10.7752]]],[[[98.5367,10.8959],[98.5308,10.8806],[98.541,10.8762],[98.5415,10.8915],[98.5367,10.8959]]],[[[98.4691,10.8804],[98.4856,10.8982],[98.4814,10.898],[98.4671,10.8936],[98.4691,10.8804]]],[[[98.2504,10.9106],[98.2518,10.9194],[98.249,10.9203],[98.247,10.9214],[98.2504,10.9106]]],[[[98.4361,10.9356],[98.4313,10.9326],[98.4346,10.9271],[98.4382,10.9318],[98.4361,10.9356]]],[[[98.4404,10.9596],[98.4657,10.9901],[98.4655,11.0049],[98.4349,11.0024],[98.4404,10.9596]]],[[[98.5211,10.9907],[98.542,10.9532],[98.5347,11.0694],[98.4689,10.9909],[98.5051,10.9392],[98.5211,10.9907]]],[[[98.2996,11.0085],[98.3191,11.0111],[98.3107,11.0378],[98.2942,11.0249],[98.2996,11.0085]]],[[[98.5267,11.125],[98.5251,11.1239],[98.5266,11.1114],[98.5301,11.114],[98.5267,11.125]]],[[[98.2622,11.1787],[98.2545,11.1853],[98.2548,11.1679],[98.2619,11.1725],[98.2622,11.1787]]],[[[98.2452,11.1938],[98.2927,11.2258],[98.2544,11.2601],[98.2071,11.2417],[98.2452,11.1938]]],[[[98.5461,11.262],[98.5532,11.2803],[98.5441,11.3066],[98.5245,11.3234],[98.5461,11.262]]],[[[98.2516,11.3522],[98.2613,11.3777],[98.2361,11.3635],[98.2408,11.3416],[98.2516,11.3522]]],[[[98.2819,11.3949],[98.2743,11.4018],[98.2615,11.3993],[98.2678,11.39],[98.2819,11.3949]]],[[[98.2743,11.415],[98.2711,11.4112],[98.2747,11.4059],[98.2794,11.4095],[98.2743,11.415]]],[[[98.484,11.4059],[98.5262,11.418],[98.5118,11.44],[98.5017,11.4638],[98.484,11.4059]]],[[[98.5441,10.7896],[98.5455,10.783],[98.5502,10.7864],[98.5546,10.8058],[98.5441,10.7896]]],[[[98.6134,10.8474],[98.5934,10.8477],[98.562,10.7118],[98.5141,10.7464],[98.5518,10.6664],[98.4884,10.7461],[98.4623,10.6931],[98.5313,10.5794],[98.6235,10.5703],[98.6409,10.7521],[98.7209,10.7754],[98.7956,10.9078],[98.8699,10.9071],[98.9252,10.8244],[99.008,10.8514],[99.0209,10.9674],[99.0692,10.9383],[99.2295,11.1144],[99.3126,11.3164],[99.1574,11.3851],[99.1123,11.5245],[99.1588,11.6193],[98.9614,11.8762],[98.9326,11.8654],[98.844,11.7258],[98.8386,11.7002],[98.8335,11.7143],[98.8237,11.7148],[98.8051,11.6925],[98.8371,11.6932],[98.8241,11.6316],[98.7872,11.685],[98.7259,11.6585],[98.7115,11.52],[98.7486,11.5342],[98.8049,11.411],[98.7131,11.4504],[98.6886,11.3946],[98.7594,11.2737],[98.7371,11.1759],[98.6495,11.1312],[98.6909,11.0866],[98.6868,11.0815],[98.6919,11.0794],[98.6949,11.0819],[98.6949,11.0822],[98.7428,11.0304],[98.6792,10.9984],[98.7815,10.9945],[98.7693,10.9746],[98.7124,10.9901],[98.7302,10.9148],[98.6642,10.9171],[98.7278,10.887],[98.6937,10.8541],[98.6419,10.9222],[98.662,10.8755],[98.5734,10.876],[98.6268,10.8664],[98.6395,10.8284],[98.6307,10.8293],[98.6264,10.8473],[98.6151,10.8474],[98.627,10.8571],[98.6161,10.8658],[98.6016,10.8567],[98.6134,10.8474]]],[[[98.6671,10.9339],[98.7035,10.9324],[98.6942,10.9411],[98.691,10.9441],[98.6671,10.9339]]],[[[98.5561,10.9536],[98.5582,10.9498],[98.5602,10.9517],[98.5577,10.9561],[98.5561,10.9536]]],[[[98.6882,10.9752],[98.7016,10.9687],[98.7104,10.9905],[98.6934,10.9945],[98.6882,10.9752]]],[[[98.669,10.9778],[98.6817,10.9871],[98.6723,10.9875],[98.6637,10.9839],[98.669,10.9778]]],[[[98.6784,11.0105],[98.6761,11.0603],[98.6529,11.061],[98.6399,11.0226],[98.6784,11.0105]]],[[[98.6136,11.0136],[98.6252,11.0327],[98.6117,11.0643],[98.5972,11.0296],[98.6136,11.0136]]],[[[98.7004,11.065],[98.6991,11.0633],[98.7009,11.0614],[98.7043,11.0622],[98.7004,11.065]]],[[[98.6144,11.0662],[98.6222,11.0735],[98.6123,11.0732],[98.6118,11.0703],[98.6144,11.0662]]],[[[98.6751,11.0724],[98.6675,11.0722],[98.6702,11.0699],[98.6747,11.0711],[98.6751,11.0724]]],[[[98.6731,11.0758],[98.6737,11.0771],[98.6717,11.079],[98.6669,11.0781],[98.6731,11.0758]]],[[[98.6787,11.5143],[98.6791,11.5062],[98.6851,11.4975],[98.6851,11.5073],[98.6787,11.5143]]]]},"properties":{"pcode":"MMR006010","iso3":"MMR","name":"Bokpyin"},"id":"957"},
{"type":"Feature","geometry":{"type":"Polygon","coordinates":[[[96.2002,17.9867],[96.1244,17.9615],[96.1115,18.0041],[96.0665,17.9867],[96.1027,17.9089],[96.0432,17.9159],[96.084,17.7915],[96.1281,17.6411],[96.151,17.6059],[96.2782,17.4473],[96.2969,17.2112],[96.4015,17.048],[96.4877,17.1717],[96.5796,17.3766],[96.615,17.5904],[96.4652,17.6187],[96.322,17.9],[96.3289,17.943],[96.2002,17.9867]]]},"properties":{"pcode":"MMR007001","iso3":"MMR","name":"Bago"},"id":"958"},
{"type":"Feature","geometry":{"type":"Polygon","coordinates":[[[96.4877,17.1717],[96.6867,17.1823],[96.817,17.1269],[96.8351,17.1282],[96.8651,17.1341],[96.8636,17.3543],[96.836,17.3554],[96.8185,17.3927],[96.5796,17.3766],[96.4877,17.1717]]]},"properties":{"pcode":"MMR007002","iso3":"MMR","name":"Thanatpin"},"id":"959"},
{"type":"Feature","geometry":{"type":"MultiPolygon","coordinates":[[[[96.4015,17.048],[96.4041,16.9804],[96.6802,16.9827],[96.8266,16.8291],[96.817,17.1269],[96.6867,17.1823],[96.4877,17.1717],[96.4015,17.048]]],[[[96.8351,17.1282],[96.8645,17.1276],[96.8651,17.1341],[96.8351,17.1282]]]]},"properties":{"pcode":"MMR007003","iso3":"MMR","name":"Kawa"},"id":"960"},
{"type":"Feature","geometry":{"type":"Polygon","coordinates":[[[96.5796,17.3766],[96.8185,17.3927],[96.836,17.3554],[96.8636,17.3543],[96.8955,17.3838],[96.8762,17.6036],[96.9026,17.6825],[96.8639,17.6638],[96.8613,17.7169],[96.8673,17.7381],[96.8472,17.7226],[96.7531,17.614],[96.615,17.5904],[96.5796,17.3766]]]},"properties":{"pcode":"MMR007004","iso3":"MMR","name":"Waw"},"id":"961"},
{"type":"Feature","geometry":{"type":"Polygon","coordinates":[[[96.8673,17.7381],[96.8554,17.9394],[96.7415,18.0807],[96.7041,18.0947],[96.5629,18.0096],[96.5982,17.9417],[96.6237,17.9436],[96.6378,17.8429],[96.7186,17.8537],[96.7603,17.7514],[96.7882,17.7879],[96.8472,17.7226],[96.8673,17.7381]]]},"properties":{"pcode":"MMR007005","iso3":"MMR","name":"Nyaunglebin"},"id":"962"},
{"type":"Feature","geometry":{"type":"MultiPolygon","coordinates":[[[[96.322,17.9],[96.5982,17.9417],[96.5629,18.0096],[96.7041,18.0947],[96.7415,18.0807],[96.7406,18.1282],[96.675,18.2476],[96.4951,18.3077],[96.3916,18.4188],[96.1024,18.4082],[95.9086,18.4861],[95.9167,18.4489],[95.9195,18.439],[96.0432,18.2884],[96.1276,18.124],[96.196,18.0915],[96.2002,17.9867],[96.3289,17.943],[96.322,17.9]]],[[[95.9086,18.4861],[95.90859128012642,18.486139428993617],[95.9063,18.4965],[95.9067,18.4869],[95.90856945932782,18.486112859230396],[95.9086,18.4861]]]]},"properties":{"pcode":"MMR007006","iso3":"MMR","name":"Kyauktaga"},"id":"963"},
{"type":"Feature","geometry":{"type":"Polygon","coordinates":[[[96.615,17.5904],[96.7531,17.614],[96.8472,17.7226],[96.7882,17.7879],[96.7603,17.7514],[96.7186,17.8537],[96.6378,17.8429],[96.6237,17.9436],[96.5982,17.9417],[96.322,17.9],[96.4652,17.6187],[96.615,17.5904]]]},"properties":{"pcode":"MMR007007","iso3":"MMR","name":"Daik-U"},"id":"964"},
{"type":"Feature","geometry":{"type":"Polygon","coordinates":[[[97.1246,18.2101],[96.9712,18.15],[96.9157,18.1812],[96.9052,18.2279],[96.8622,18.1787],[96.8137,18.2069],[96.7406,18.1282],[96.7415,18.0807],[96.8554,17.9394],[96.8673,17.7381],[96.8613,17.7169],[96.8639,17.6638],[96.9026,17.6825],[96.8762,17.6036],[96.9679,17.6095],[97.1348,17.4997],[97.2189,17.5433],[97.1558,17.7251],[97.1948,17.8062],[97.1157,17.9598],[97.1935,18.1554],[97.1246,18.2101]]]},"properties":{"pcode":"MMR007008","iso3":"MMR","name":"Shwegyin"},"id":"965"},
{"type":"Feature","geometry":{"type":"Polygon","coordinates":[[[96.4925,19.1469],[96.3604,19.0915],[96.1695,19.1388],[95.9969,19.062],[95.8698,19.1492],[95.835,19.1551],[95.8582,18.9142],[95.8905,18.9504],[96.1878,18.8569],[96.3117,18.9343],[96.4954,18.8845],[96.5369,18.9137],[96.6033,18.8955],[96.6746,18.9245],[96.5842,18.9371],[96.4925,19.1469]]]},"properties":{"pcode":"MMR007009","iso3":"MMR","name":"Taungoo"},"id":"966"},
{"type":"Feature","geometry":{"type":"Polygon","coordinates":[[[96.3916,19.474],[96.1821,19.4926],[96.1271,19.4169],[95.9452,19.4816],[95.8915,19.4366],[95.7949,19.4596],[95.8586,19.306],[95.8271,19.1596],[95.835,19.1551],[95.8698,19.1492],[95.9969,19.062],[96.1695,19.1388],[96.3604,19.0915],[96.4925,19.1469],[96.5544,19.1736],[96.4947,19.2099],[96.3916,19.474]]]},"properties":{"pcode":"MMR007010","iso3":"MMR","name":"Yedashe"},"id":"967"},
{"type":"Feature","geometry":{"type":"Polygon","coordinates":[[[96.933,18.65],[96.9158,18.6481],[96.8154,18.5991],[96.6874,18.5991],[96.6526,18.6454],[96.5901,18.5582],[96.675,18.2476],[96.7406,18.1282],[96.8137,18.2069],[96.8622,18.1787],[96.9052,18.2279],[96.9157,18.1812],[96.9712,18.15],[97.1246,18.2101],[97.1074,18.3301],[97.0553,18.2924],[96.9561,18.4305],[96.983,18.5521],[96.933,18.65]]]},"properties":{"pcode":"MMR007011","iso3":"MMR","name":"Kyaukkyi"},"id":"968"},
{"type":"Feature","geometry":{"type":"Polygon","coordinates":[[[96.675,18.2476],[96.5901,18.5582],[96.5038,18.6091],[96.399,18.5815],[96.3198,18.7423],[96.2772,18.6704],[96.1304,18.7355],[96.0607,18.6863],[95.8549,18.8066],[95.8375,18.8151],[95.849,18.7928],[95.8521,18.7922],[95.9628,18.6358],[95.9658,18.5361],[95.9063,18.4965],[95.90859128012642,18.486139428993617],[95.9086,18.4861],[96.1024,18.4082],[96.3916,18.4188],[96.4951,18.3077],[96.675,18.2476]]]},"properties":{"pcode":"MMR007012","iso3":"MMR","name":"Phyu"},"id":"969"},
{"type":"Feature","geometry":{"type":"Polygon","coordinates":[[[95.8582,18.9142],[95.8375,18.8151],[95.8549,18.8066],[96.0607,18.6863],[96.1304,18.7355],[96.2772,18.6704],[96.3198,18.7423],[96.399,18.5815],[96.5038,18.6091],[96.437,18.6768],[96.4331,18.8229],[96.5143,18.848],[96.4954,18.8845],[96.3117,18.9343],[96.1878,18.8569],[95.8905,18.9504],[95.8582,18.9142]]]},"properties":{"pcode":"MMR007013","iso3":"MMR","name":"Oktwin"},"id":"970"},
{"type":"Feature","geometry":{"type":"Polygon","coordinates":[[[96.6033,18.8955],[96.5369,18.9137],[96.4954,18.8845],[96.5143,18.848],[96.4331,18.8229],[96.437,18.6768],[96.5038,18.6091],[96.5901,18.5582],[96.6526,18.6454],[96.5731,18.7848],[96.6547,18.7973],[96.6033,18.8955]]]},"properties":{"pcode":"MMR007014","iso3":"MMR","name":"Htantabin"},"id":"971"},
{"type":"Feature","geometry":{"type":"Polygon","coordinates":[[[95.3567,19.0887],[95.3358,19.0974],[95.2727,19.0682],[95.2819,18.9967],[95.1496,18.9309],[95.2153,18.7718],[95.2465,18.7273],[95.2832,18.7478],[95.4079,18.7731],[95.3913,18.9175],[95.4781,19.0438],[95.3567,19.0887]]]},"properties":{"pcode":"MMR008001","iso3":"MMR","name":"Pyay"},"id":"972"},
{"type":"Feature","geometry":{"type":"Polygon","coordinates":[[[95.835,19.1551],[95.8271,19.1596],[95.7107,19.1906],[95.4407,19.1838],[95.3567,19.0887],[95.4781,19.0438],[95.3913,18.9175],[95.4079,18.7731],[95.4479,18.7784],[95.5364,18.7411],[95.776,18.8467],[95.818,18.7812],[95.849,18.7928],[95.8375,18.8151],[95.8582,18.9142],[95.835,19.1551]]]},"properties":{"pcode":"MMR008002","iso3":"MMR","name":"Paukkhaung"},"id":"973"},
{"type":"Feature","geometry":{"type":"Polygon","coordinates":[[[95.1496,18.9309],[95.1448,18.9307],[95.1626,18.884],[95.0573,18.8321],[94.9872,18.925],[94.8573,18.9706],[94.6972,18.9596],[94.762,18.8594],[94.6855,18.8026],[94.7472,18.6829],[94.69,18.6261],[94.7655,18.5644],[94.734,18.468],[94.8233,18.3596],[94.935,18.453],[95.0778,18.3789],[95.1074,18.5109],[95.0644,18.5743],[95.2153,18.7718],[95.1496,18.9309]]]},"properties":{"pcode":"MMR008003","iso3":"MMR","name":"Padaung"},"id":"974"},
{"type":"Feature","geometry":{"type":"Polygon","coordinates":[[[95.5364,18.7411],[95.5377,18.6484],[95.5653,18.6155],[95.5665,18.6121],[95.5662,18.608],[95.4933,18.5972],[95.3721,18.4335],[95.4792,18.4203],[95.6594,18.5083],[95.818,18.7812],[95.776,18.8467],[95.5364,18.7411]]]},"properties":{"pcode":"MMR008004","iso3":"MMR","name":"Paungde"},"id":"975"},
{"type":"Feature","geometry":{"type":"Polygon","coordinates":[[[95.2832,18.7478],[95.267,18.5444],[95.3383,18.4316],[95.3721,18.4335],[95.4933,18.5972],[95.5662,18.608],[95.5665,18.6121],[95.5653,18.6155],[95.5377,18.6484],[95.5364,18.7411],[95.4479,18.7784],[95.4079,18.7731],[95.2832,18.7478]]]},"properties":{"pcode":"MMR008005","iso3":"MMR","name":"Thegon"},"id":"976"},
{"type":"Feature","geometry":{"type":"Polygon","coordinates":[[[95.2153,18.7718],[95.0644,18.5743],[95.1074,18.5109],[95.1297,18.5039],[95.2637,18.3584],[95.3319,18.3596],[95.3395,18.3567],[95.3383,18.4316],[95.267,18.5444],[95.2832,18.7478],[95.2465,18.7273],[95.2153,18.7718]]]},"properties":{"pcode":"MMR008006","iso3":"MMR","name":"Shwedaung"},"id":"977"},
{"type":"Feature","geometry":{"type":"Polygon","coordinates":[[[96.0432,17.9159],[96.0376,17.9167],[95.9414,17.8978],[95.9106,17.7669],[95.7226,17.7182],[95.6728,17.7852],[95.5899,17.7084],[95.6245,17.6246],[95.6283,17.6231],[95.7361,17.478],[95.7828,17.4649],[96.072,17.7837],[96.084,17.7915],[96.0432,17.9159]]]},"properties":{"pcode":"MMR008007","iso3":"MMR","name":"Thayarwady"},"id":"978"},
{"type":"Feature","geometry":{"type":"Polygon","coordinates":[[[96.2002,17.9867],[96.196,18.0915],[96.1276,18.124],[96.1232,18.1259],[95.9828,18.103],[95.8611,18.0168],[95.8916,17.9341],[95.7975,17.865],[95.5624,17.8908],[95.5288,17.8155],[95.4765,17.8429],[95.4875,17.8049],[95.4321,17.7207],[95.5822,17.6078],[95.6245,17.6246],[95.5899,17.7084],[95.6728,17.7852],[95.7226,17.7182],[95.9106,17.7669],[95.9414,17.8978],[96.0376,17.9167],[96.0432,17.9159],[96.1027,17.9089],[96.0665,17.9867],[96.1115,18.0041],[96.1244,17.9615],[96.2002,17.9867]]]},"properties":{"pcode":"MMR008008","iso3":"MMR","name":"Letpadan"},"id":"979"},
{"type":"Feature","geometry":{"type":"Polygon","coordinates":[[[95.9828,18.103],[95.9623,18.1144],[95.7324,18.0236],[95.5649,18.0351],[95.5624,17.8908],[95.7975,17.865],[95.8916,17.9341],[95.8611,18.0168],[95.9828,18.103]]]},"properties":{"pcode":"MMR008009","iso3":"MMR","name":"Minhla"},"id":"980"},
{"type":"Feature","geometry":{"type":"Polygon","coordinates":[[[96.0432,18.2884],[95.9599,18.2557],[95.8836,18.3287],[95.5595,18.0991],[95.5649,18.0351],[95.7324,18.0236],[95.9623,18.1144],[95.9828,18.103],[96.1232,18.1259],[96.1276,18.124],[96.0432,18.2884]]]},"properties":{"pcode":"MMR008010","iso3":"MMR","name":"Okpho"},"id":"981"},
{"type":"Feature","geometry":{"type":"Polygon","coordinates":[[[95.5022,18.2833],[95.6971,18.3015],[95.7999,18.4192],[95.8009,18.436],[95.6015,18.3874],[95.5022,18.2833]]]},"properties":{"pcode":"MMR008011","iso3":"MMR","name":"Zigon"},"id":"982"},
{"type":"Feature","geometry":{"type":"Polygon","coordinates":[[[95.9063,18.4965],[95.9658,18.5361],[95.9628,18.6358],[95.8521,18.7922],[95.849,18.7928],[95.818,18.7812],[95.6594,18.5083],[95.4792,18.4203],[95.3721,18.4335],[95.3383,18.4316],[95.3395,18.3567],[95.4559,18.2415],[95.5022,18.2833],[95.6015,18.3874],[95.8009,18.436],[95.9167,18.4489],[95.9086,18.4861],[95.90856945932782,18.486112859230396],[95.9067,18.4869],[95.9063,18.4965]]]},"properties":{"pcode":"MMR008012","iso3":"MMR","name":"Nattalin"},"id":"983"},
{"type":"Feature","geometry":{"type":"Polygon","coordinates":[[[95.2637,18.3584],[95.2723,18.3244],[95.2841,18.3191],[95.4184,18.2198],[95.4613,17.9494],[95.4765,17.8429],[95.5288,17.8155],[95.5624,17.8908],[95.5649,18.0351],[95.5595,18.0991],[95.4559,18.2415],[95.3395,18.3567],[95.3319,18.3596],[95.2637,18.3584]]]},"properties":{"pcode":"MMR008013","iso3":"MMR","name":"Monyo"},"id":"984"},
{"type":"Feature","geometry":{"type":"Polygon","coordinates":[[[95.9167,18.4489],[95.8009,18.436],[95.7999,18.4192],[95.6971,18.3015],[95.5022,18.2833],[95.4559,18.2415],[95.5595,18.0991],[95.8836,18.3287],[95.9599,18.2557],[96.0432,18.2884],[95.9195,18.439],[95.9167,18.4489]]]},"properties":{"pcode":"MMR008014","iso3":"MMR","name":"Gyobingauk"},"id":"985"},
{"type":"Feature","geometry":{"type":"Polygon","coordinates":[[[95.1688,20.3592],[95.1481,20.3546],[94.9196,20.2937],[94.8968,20.2922],[94.8955,20.1452],[95.0075,19.9997],[95.0464,19.9727],[95.0434,19.9112],[95.1458,19.848],[95.1538,19.8304],[95.1614,19.7818],[95.3047,19.8098],[95.2864,19.8577],[95.4141,19.9311],[95.316,20.0147],[95.1831,20.1327],[95.2966,20.279],[95.2682,20.335],[95.1836,20.3047],[95.1688,20.3592]]]},"properties":{"pcode":"MMR009001","iso3":"MMR","name":"Magway"},"id":"986"},
{"type":"Feature","geometry":{"type":"Polygon","coordinates":[[[95.1688,20.3592],[95.2027,20.5175],[95.1117,20.6193],[95.0291,20.5427],[94.9988,20.6254],[94.9729,20.6293],[94.9396,20.5607],[94.7997,20.5294],[94.78,20.4804],[94.9196,20.2937],[95.1481,20.3546],[95.1688,20.3592]]]},"properties":{"pcode":"MMR009002","iso3":"MMR","name":"Yenangyaung"},"id":"987"},
{"type":"Feature","geometry":{"type":"Polygon","coordinates":[[[94.9988,20.6254],[95.0224,20.8647],[94.8517,20.9076],[94.8313,20.9405],[94.8109,20.8991],[94.7074,20.837],[94.7997,20.5294],[94.9396,20.5607],[94.9729,20.6293],[94.9988,20.6254]]]},"properties":{"pcode":"MMR009003","iso3":"MMR","name":"Chauk"},"id":"988"},
{"type":"Feature","geometry":{"type":"Polygon","coordinates":[[[95.3047,19.8098],[95.5059,19.6817],[95.6082,19.6942],[95.7127,19.6284],[95.7128,19.6301],[95.8175,19.8166],[95.7965,19.9405],[95.7814,20.0491],[95.7821,20.0561],[95.6923,20.1148],[95.316,20.0147],[95.4141,19.9311],[95.2864,19.8577],[95.3047,19.8098]]]},"properties":{"pcode":"MMR009004","iso3":"MMR","name":"Taungdwingyi"},"id":"989"},
{"type":"Feature","geometry":{"type":"Polygon","coordinates":[[[95.316,20.0147],[95.6923,20.1148],[95.7821,20.0561],[95.8342,20.1441],[95.7369,20.3109],[95.7291,20.338],[95.7238,20.3488],[95.2966,20.279],[95.1831,20.1327],[95.316,20.0147]]]},"properties":{"pcode":"MMR009005","iso3":"MMR","name":"Myothit"},"id":"990"},
{"type":"Feature","geometry":{"type":"Polygon","coordinates":[[[95.2966,20.279],[95.7238,20.3488],[95.7488,20.3961],[95.701,20.5274],[95.576,20.5866],[95.5985,20.6986],[95.5493,20.7493],[95.5446,20.772],[95.1117,20.6193],[95.2027,20.5175],[95.1688,20.3592],[95.1836,20.3047],[95.2682,20.335],[95.2966,20.279]]]},"properties":{"pcode":"MMR009006","iso3":"MMR","name":"Natmauk"},"id":"991"},
{"type":"Feature","geometry":{"type":"Polygon","coordinates":[[[94.8968,20.2922],[94.8028,20.3079],[94.59,20.2481],[94.4698,20.1348],[94.6433,19.894],[94.8246,19.8845],[95.0075,19.9997],[94.8955,20.1452],[94.8968,20.2922]]]},"properties":{"pcode":"MMR009007","iso3":"MMR","name":"Minbu"},"id":"992"},
{"type":"Feature","geometry":{"type":"Polygon","coordinates":[[[94.9196,20.2937],[94.78,20.4804],[94.719,20.4859],[94.6523,20.415],[94.5297,20.4888],[94.3797,20.4593],[94.4134,20.1976],[94.4358,20.1653],[94.4698,20.1348],[94.59,20.2481],[94.8028,20.3079],[94.8968,20.2922],[94.9196,20.2937]]]},"properties":{"pcode":"MMR009008","iso3":"MMR","name":"Pwintbyu"},"id":"993"},
{"type":"Feature","geometry":{"type":"Polygon","coordinates":[[[94.4698,20.1348],[94.4358,20.1653],[94.4134,20.1976],[94.2124,20.1057],[94.3216,19.722],[94.6433,19.894],[94.4698,20.1348]]]},"properties":{"pcode":"MMR009009","iso3":"MMR","name":"Ngape"},"id":"994"},
{"type":"Feature","geometry":{"type":"Polygon","coordinates":[[[94.7997,20.5294],[94.7074,20.837],[94.706,20.9129],[94.6247,20.9791],[94.5055,20.9793],[94.3317,20.8671],[94.2462,20.8348],[94.3205,20.5504],[94.3926,20.5652],[94.3797,20.4593],[94.5297,20.4888],[94.6523,20.415],[94.719,20.4859],[94.78,20.4804],[94.7997,20.5294]]]},"properties":{"pcode":"MMR009010","iso3":"MMR","name":"Salin"},"id":"995"},
{"type":"Feature","geometry":{"type":"Polygon","coordinates":[[[93.8635,20.6501],[93.8474,20.5563],[93.9696,20.5249],[94.2124,20.1057],[94.4134,20.1976],[94.3797,20.4593],[94.3926,20.5652],[94.3205,20.5504],[94.2462,20.8348],[94.2249,20.9123],[94.0462,20.9379],[94.0035,20.9602],[94.0837,20.7496],[94.0454,20.6884],[93.8635,20.6501]]]},"properties":{"pcode":"MMR009011","iso3":"MMR","name":"Sidoktaya"},"id":"996"},
{"type":"Feature","geometry":{"type":"Polygon","coordinates":[[[95.1637,19.4818],[95.1731,19.5733],[95.0289,19.5735],[95.0199,19.5801],[94.8847,19.5605],[94.9761,19.3446],[94.9026,19.3159],[94.9208,19.1927],[94.9765,19.1931],[95.1746,19.1779],[95.208,19.3522],[95.1637,19.4818]]]},"properties":{"pcode":"MMR009012","iso3":"MMR","name":"Thayet"},"id":"997"},
{"type":"Feature","geometry":{"type":"Polygon","coordinates":[[[95.0075,19.9997],[94.8246,19.8845],[94.6433,19.894],[94.3216,19.722],[94.3517,19.5841],[94.5427,19.6333],[94.6836,19.6081],[94.7196,19.5391],[94.8607,19.6157],[94.8847,19.5605],[95.0199,19.5801],[95.0874,19.6452],[94.9678,19.6846],[95.041,19.7379],[95.0348,19.8104],[95.1458,19.848],[95.0434,19.9112],[95.0464,19.9727],[95.0075,19.9997]]]},"properties":{"pcode":"MMR009013","iso3":"MMR","name":"Minhla"},"id":"998"},
{"type":"Feature","geometry":{"type":"Polygon","coordinates":[[[94.8847,19.5605],[94.8607,19.6157],[94.7196,19.5391],[94.6836,19.6081],[94.5427,19.6333],[94.3517,19.5841],[94.3637,19.5383],[94.3691,19.5366],[94.5273,19.3406],[94.4789,19.2655],[94.5048,19.1861],[94.6702,19.0521],[94.9208,19.1927],[94.9026,19.3159],[94.9761,19.3446],[94.8847,19.5605]]]},"properties":{"pcode":"MMR009014","iso3":"MMR","name":"Mindon"},"id":"999"},
{"type":"Feature","geometry":{"type":"Polygon","coordinates":[[[95.1448,18.9307],[95.1109,19.0092],[95.1746,19.1779],[94.9765,19.1931],[94.9208,19.1927],[94.6702,19.0521],[94.6972,18.9596],[94.8573,18.9706],[94.9872,18.925],[95.0573,18.8321],[95.1626,18.884],[95.1448,18.9307]]]},"properties":{"pcode":"MMR009015","iso3":"MMR","name":"Kamma"},"id":"1000"},
{"type":"Feature","geometry":{"type":"Polygon","coordinates":[[[95.7949,19.4596],[95.7833,19.4638],[95.2203,19.482],[95.1637,19.4818],[95.208,19.3522],[95.1746,19.1779],[95.1109,19.0092],[95.1448,18.9307],[95.1496,18.9309],[95.2819,18.9967],[95.2727,19.0682],[95.3358,19.0974],[95.3567,19.0887],[95.4407,19.1838],[95.7107,19.1906],[95.8271,19.1596],[95.8586,19.306],[95.7949,19.4596]]]},"properties":{"pcode":"MMR009016","iso3":"MMR","name":"Aunglan"},"id":"1001"},
{"type":"Feature","geometry":{"type":"Polygon","coordinates":[[[95.1458,19.848],[95.0348,19.8104],[95.041,19.7379],[94.9678,19.6846],[95.0874,19.6452],[95.0199,19.5801],[95.0289,19.5735],[95.1731,19.5733],[95.1637,19.4818],[95.2203,19.482],[95.7833,19.4638],[95.7127,19.6284],[95.6082,19.6942],[95.5059,19.6817],[95.3047,19.8098],[95.1614,19.7818],[95.1538,19.8304],[95.1458,19.848]]]},"properties":{"pcode":"MMR009017","iso3":"MMR","name":"Sinbaungwe"},"id":"1002"},
{"type":"Feature","geometry":{"type":"Polygon","coordinates":[[[94.8313,20.9405],[94.8539,21.198],[95.1043,21.3138],[95.2279,21.3819],[95.0788,21.4314],[95.0648,21.4814],[94.9135,21.3834],[94.7331,21.4507],[94.6733,21.2667],[94.6804,21.2502],[94.8109,20.8991],[94.8313,20.9405]]]},"properties":{"pcode":"MMR009018","iso3":"MMR","name":"Pakokku"},"id":"1003"},
{"type":"Feature","geometry":{"type":"Polygon","coordinates":[[[95.177,21.7915],[95.1636,21.8346],[95.1267,21.8527],[95.0461,21.834],[95.1479,21.7527],[95.0032,21.6832],[95.1218,21.5625],[95.0648,21.4814],[95.0788,21.4314],[95.2279,21.3819],[95.2478,21.4004],[95.319,21.4543],[95.342,21.5758],[95.177,21.7915]]]},"properties":{"pcode":"MMR009019","iso3":"MMR","name":"Yesagyo"},"id":"1004"},
{"type":"Feature","geometry":{"type":"Polygon","coordinates":[[[94.8728,21.8584],[94.7545,21.8276],[94.6607,21.8724],[94.5488,21.8454],[94.5443,21.7932],[94.7013,21.5983],[94.7331,21.4507],[94.9135,21.3834],[95.0648,21.4814],[95.1218,21.5625],[95.0032,21.6832],[95.1479,21.7527],[95.0461,21.834],[94.9787,21.8312],[94.8728,21.8584]]]},"properties":{"pcode":"MMR009020","iso3":"MMR","name":"Myaing"},"id":"1005"},
{"type":"Feature","geometry":{"type":"Polygon","coordinates":[[[94.4117,21.8357],[94.3168,21.7945],[94.2874,21.4907],[94.3133,21.334],[94.2646,21.278],[94.3084,21.2069],[94.4778,21.1728],[94.5144,21.2343],[94.6733,21.2667],[94.7331,21.4507],[94.7013,21.5983],[94.5443,21.7932],[94.4351,21.823],[94.4117,21.8357]]]},"properties":{"pcode":"MMR009021","iso3":"MMR","name":"Pauk"},"id":"1006"},
{"type":"Feature","geometry":{"type":"Polygon","coordinates":[[[94.8109,20.8991],[94.6804,21.2502],[94.6733,21.2667],[94.5144,21.2343],[94.4778,21.1728],[94.3084,21.2069],[94.3317,20.8671],[94.5055,20.9793],[94.6247,20.9791],[94.706,20.9129],[94.7074,20.837],[94.8109,20.8991]]]},"properties":{"pcode":"MMR009022","iso3":"MMR","name":"Seikphyu"},"id":"1007"},
{"type":"Feature","geometry":{"type":"Polygon","coordinates":[[[94.0064,22.0809],[93.9817,21.9195],[94.0151,21.9664],[94.0608,21.922],[94.2001,21.9419],[94.3159,21.9672],[94.3168,21.7945],[94.4117,21.8357],[94.4167,22.1367],[94.2976,22.1367],[94.2676,22.3149],[94.2325,22.5832],[94.1174,22.7574],[94.0079,22.7372],[94.0489,22.6057],[94.0177,22.4398],[94.0579,22.4367],[94.0064,22.0809]]]},"properties":{"pcode":"MMR009023","iso3":"MMR","name":"Gangaw"},"id":"1008"},
{"type":"Feature","geometry":{"type":"Polygon","coordinates":[[[94.1177,21.5731],[94.2167,21.6017],[94.2874,21.4907],[94.3168,21.7945],[94.3159,21.9672],[94.2001,21.9419],[94.0608,21.922],[94.0151,21.9664],[93.9817,21.9195],[94.0098,21.7165],[94.1177,21.5731]]]},"properties":{"pcode":"MMR009024","iso3":"MMR","name":"Tilin"},"id":"1009"},
{"type":"Feature","geometry":{"type":"Polygon","coordinates":[[[94.006,21.2996],[94.1045,21.2731],[94.12,21.1679],[94.0035,20.9602],[94.0462,20.9379],[94.2249,20.9123],[94.2462,20.8348],[94.3317,20.8671],[94.3084,21.2069],[94.2646,21.278],[94.3133,21.334],[94.2874,21.4907],[94.2167,21.6017],[94.1177,21.5731],[94.0577,21.331],[94.006,21.2996]]]},"properties":{"pcode":"MMR009025","iso3":"MMR","name":"Saw"},"id":"1010"},
{"type":"Feature","geometry":{"type":"Polygon","coordinates":[[[96.1287,21.9814],[96.1283,22.0181],[96.0595,21.9844],[96.0602,21.9844],[96.1287,21.9814]]]},"properties":{"pcode":"MMR010001","iso3":"MMR","name":"Aungmyaythazan"},"id":"1011"},
{"type":"Feature","geometry":{"type":"Polygon","coordinates":[[[96.0595,21.9844],[96.0562,21.9716],[96.1316,21.9668],[96.1287,21.9814],[96.0602,21.9844],[96.0595,21.9844]]]},"properties":{"pcode":"MMR010002","iso3":"MMR","name":"Chanayethazan"},"id":"1012"},
{"type":"Feature","geometry":{"type":"Polygon","coordinates":[[[96.0562,21.9716],[96.0496,21.9536],[96.0546,21.9481],[96.1292,21.9502],[96.1313,21.9647],[96.1316,21.9668],[96.0562,21.9716]]]},"properties":{"pcode":"MMR010003","iso3":"MMR","name":"Mahaaungmyay"},"id":"1013"},
{"type":"Feature","geometry":{"type":"Polygon","coordinates":[[[96.0546,21.9481],[96.0626,21.925],[96.0777,21.9258],[96.0885,21.9305],[96.1381,21.9103],[96.1292,21.9498],[96.1292,21.9502],[96.0546,21.9481]]]},"properties":{"pcode":"MMR010004","iso3":"MMR","name":"Chanmyathazi"},"id":"1014"},
{"type":"Feature","geometry":{"type":"Polygon","coordinates":[[[96.0777,21.9258],[96.1364,21.872],[96.1381,21.9103],[96.0885,21.9305],[96.0777,21.9258]]]},"properties":{"pcode":"MMR010005","iso3":"MMR","name":"Pyigyitagon"},"id":"1015"},
{"type":"Feature","geometry":{"type":"Polygon","coordinates":[[[95.9875,21.8679],[95.9949,21.8283],[96.0696,21.8215],[96.1442,21.7723],[96.2014,21.8299],[96.209,21.8811],[96.1364,21.872],[96.0777,21.9258],[96.0626,21.925],[96.0546,21.9481],[96.0496,21.9536],[96.0127,21.9212],[95.9875,21.8679]]]},"properties":{"pcode":"MMR010006","iso3":"MMR","name":"Amarapura"},"id":"1016"},
{"type":"Feature","geometry":{"type":"Polygon","coordinates":[[[96.0127,21.9212],[96.0496,21.9536],[96.0562,21.9716],[96.0595,21.9844],[96.1283,22.0181],[96.1287,21.9814],[96.1316,21.9668],[96.1313,21.9647],[96.1292,21.9502],[96.1292,21.9498],[96.1381,21.9103],[96.1364,21.872],[96.209,21.8811],[96.2014,21.8299],[96.2574,21.8106],[96.2421,21.8739],[96.3655,22.0798],[96.2401,22.1006],[96.2332,22.1532],[96.1782,22.1674],[96.1261,22.0644],[96.0188,22.019],[96.0127,21.9212]]]},"properties":{"pcode":"MMR010007","iso3":"MMR","name":"Patheingyi"},"id":"1017"},
{"type":"Feature","geometry":{"type":"Polygon","coordinates":[[[96.2574,21.8106],[96.2655,21.7988],[96.3532,21.6995],[96.4648,21.6687],[96.5029,21.7949],[96.7635,21.932],[96.7565,22.0181],[96.7305,22.0856],[96.4947,22.1429],[96.4476,22.3111],[96.3562,22.3681],[96.3655,22.0798],[96.2421,21.8739],[96.2574,21.8106]]]},"properties":{"pcode":"MMR010008","iso3":"MMR","name":"Pyinoolwin"},"id":"1018"},
{"type":"Feature","geometry":{"type":"Polygon","coordinates":[[[96.0188,22.019],[96.1261,22.0644],[96.1782,22.1674],[96.2332,22.1532],[96.2401,22.1006],[96.3655,22.0798],[96.3562,22.3681],[96.3294,22.3681],[96.152,22.3546],[96.0676,22.4006],[96.0098,22.2964],[95.9914,22.1931],[96.0188,22.019]]]},"properties":{"pcode":"MMR010009","iso3":"MMR","name":"Madaya"},"id":"1019"},
{"type":"Feature","geometry":{"type":"Polygon","coordinates":[[[95.9738,22.5009],[96.0098,22.2964],[96.0676,22.4006],[96.152,22.3546],[96.3294,22.3681],[96.3315,22.5039],[96.2065,22.7485],[96.1491,22.793],[96.081,22.6986],[95.9667,22.7759],[95.9034,22.6999],[95.9738,22.5009]]]},"properties":{"pcode":"MMR010010","iso3":"MMR","name":"Singu"},"id":"1020"},
{"type":"Feature","geometry":{"type":"Polygon","coordinates":[[[96.7163,22.9439],[96.544,23.0202],[96.2238,23.0194],[96.1798,22.8838],[96.2311,22.7633],[96.3923,22.7918],[96.6402,22.824],[96.7163,22.9439]]]},"properties":{"pcode":"MMR010011","iso3":"MMR","name":"Mogoke"},"id":"1021"},
{"type":"Feature","geometry":{"type":"Polygon","coordinates":[[[95.9667,22.7759],[96.081,22.6986],[96.1491,22.793],[96.2065,22.7485],[96.2311,22.7633],[96.1798,22.8838],[96.2238,23.0194],[96.1526,23.1242],[96.1887,23.2496],[96.1702,23.3457],[96.2337,23.3397],[96.3925,23.5697],[96.3155,23.642],[96.2506,23.5758],[96.1376,23.5975],[96.109,23.6819],[96.01,23.5118],[95.97,23.5328],[95.9029,23.377],[95.994,23.1212],[95.9653,22.8785],[95.9667,22.7759]]]},"properties":{"pcode":"MMR010012","iso3":"MMR","name":"Thabeikkyin"},"id":"1022"},
{"type":"Feature","geometry":{"type":"Polygon","coordinates":[[[96.2655,21.7988],[96.2586,21.6558],[96.0136,21.6844],[96.0029,21.5474],[96.2263,21.4265],[96.2905,21.4543],[96.3329,21.5467],[96.5809,21.5953],[96.6831,21.7114],[96.7849,21.7345],[96.807,21.7744],[96.896,21.7428],[96.8142,21.9171],[96.7814,21.9821],[96.7565,22.0181],[96.7635,21.932],[96.5029,21.7949],[96.4648,21.6687],[96.3532,21.6995],[96.2655,21.7988]]]},"properties":{"pcode":"MMR010013","iso3":"MMR","name":"Kyaukse"},"id":"1023"},
{"type":"Feature","geometry":{"type":"Polygon","coordinates":[[[95.9949,21.8283],[96.0136,21.6844],[96.2586,21.6558],[96.2655,21.7988],[96.2574,21.8106],[96.2014,21.8299],[96.1442,21.7723],[96.0696,21.8215],[95.9949,21.8283]]]},"properties":{"pcode":"MMR010014","iso3":"MMR","name":"Sintgaing"},"id":"1024"},
{"type":"Feature","geometry":{"type":"Polygon","coordinates":[[[96.0029,21.5474],[96.0005,21.5448],[95.9726,21.5054],[95.9361,21.44],[95.9788,21.3514],[96.1005,21.3883],[96.1173,21.2283],[96.1801,21.2546],[96.2188,21.1344],[96.3774,21.1757],[96.2905,21.4543],[96.2263,21.4265],[96.0029,21.5474]]]},"properties":{"pcode":"MMR010015","iso3":"MMR","name":"Myittha"},"id":"1025"},
{"type":"Feature","geometry":{"type":"Polygon","coordinates":[[[95.8109,21.9116],[95.7472,21.7347],[95.8076,21.6759],[95.7839,21.608],[95.8672,21.4757],[95.9726,21.5054],[96.0005,21.5448],[96.0029,21.5474],[96.0136,21.6844],[95.9949,21.8283],[95.9875,21.8679],[95.8276,21.9055],[95.8109,21.9116]]]},"properties":{"pcode":"MMR010016","iso3":"MMR","name":"Tada-U"},"id":"1026"},
{"type":"Feature","geometry":{"type":"Polygon","coordinates":[[[95.342,21.5758],[95.319,21.4543],[95.2478,21.4004],[95.2589,21.3845],[95.4617,21.338],[95.514,21.4784],[95.6252,21.5031],[95.6307,21.6153],[95.5492,21.7438],[95.449,21.7593],[95.4159,21.7438],[95.342,21.5758]]]},"properties":{"pcode":"MMR010017","iso3":"MMR","name":"Myingyan"},"id":"1027"},
{"type":"Feature","geometry":{"type":"Polygon","coordinates":[[[95.1043,21.3138],[95.1719,21.2667],[95.2265,21.2627],[95.2207,21.0985],[95.2564,21.1013],[95.4624,21.0101],[95.5269,21.0408],[95.5122,21.1416],[95.6202,21.1694],[95.6316,21.2899],[95.4617,21.338],[95.2589,21.3845],[95.2478,21.4004],[95.2279,21.3819],[95.1043,21.3138]]]},"properties":{"pcode":"MMR010018","iso3":"MMR","name":"Taungtha"},"id":"1028"},
{"type":"Feature","geometry":{"type":"Polygon","coordinates":[[[95.9726,21.5054],[95.8672,21.4757],[95.7839,21.608],[95.7647,21.6282],[95.6307,21.6153],[95.6252,21.5031],[95.514,21.4784],[95.4617,21.338],[95.6316,21.2899],[95.7083,21.3149],[95.8121,21.2826],[95.9788,21.3514],[95.9361,21.44],[95.9726,21.5054]]]},"properties":{"pcode":"MMR010019","iso3":"MMR","name":"Natogyi"},"id":"1029"},
{"type":"Feature","geometry":{"type":"Polygon","coordinates":[[[95.1117,20.6193],[95.5446,20.772],[95.5124,20.9097],[95.4624,21.0101],[95.2564,21.1013],[95.2207,21.0985],[95.0224,20.8647],[94.9988,20.6254],[95.0291,20.5427],[95.1117,20.6193]]]},"properties":{"pcode":"MMR010020","iso3":"MMR","name":"Kyaukpadaung"},"id":"1030"},
{"type":"Feature","geometry":{"type":"Polygon","coordinates":[[[95.6283,21.9218],[95.4736,21.8628],[95.4159,21.7438],[95.449,21.7593],[95.5492,21.7438],[95.6307,21.6153],[95.7647,21.6282],[95.7839,21.608],[95.8076,21.6759],[95.7472,21.7347],[95.8109,21.9116],[95.7351,21.9195],[95.6283,21.9218]]]},"properties":{"pcode":"MMR010021","iso3":"MMR","name":"Ngazun"},"id":"1031"},
{"type":"Feature","geometry":{"type":"Polygon","coordinates":[[[95.0224,20.8647],[95.2207,21.0985],[95.2265,21.2627],[95.1719,21.2667],[95.1043,21.3138],[94.8539,21.198],[94.8313,20.9405],[94.8517,20.9076],[95.0224,20.8647]]]},"properties":{"pcode":"MMR010022","iso3":"MMR","name":"Nyaung-U"},"id":"1032"},
{"type":"Feature","geometry":{"type":"Polygon","coordinates":[[[95.7369,20.3109],[95.9441,20.2129],[95.9832,20.2983],[96.178,20.2504],[96.3207,20.3147],[96.5047,20.1931],[96.5467,20.2218],[96.4613,20.4267],[96.4952,20.4799],[96.5001,20.5103],[96.4806,20.587],[96.3434,20.5554],[95.8115,20.4878],[95.7488,20.3961],[95.7238,20.3488],[95.7291,20.338],[95.7369,20.3109]]]},"properties":{"pcode":"MMR010023","iso3":"MMR","name":"Yamethin"},"id":"1033"},
{"type":"Feature","geometry":{"type":"Polygon","coordinates":[[[95.7488,20.3961],[95.8115,20.4878],[96.3434,20.5554],[96.3404,20.7167],[96.1478,20.6882],[96.1012,20.7332],[96.0136,20.6863],[95.9996,20.7636],[95.8886,20.7712],[95.7664,20.6569],[95.5985,20.6986],[95.576,20.5866],[95.701,20.5274],[95.7488,20.3961]]]},"properties":{"pcode":"MMR010024","iso3":"MMR","name":"Pyawbwe"},"id":"1034"},
{"type":"Feature","geometry":{"type":"Polygon","coordinates":[[[95.5985,20.6986],[95.7664,20.6569],[95.8886,20.7712],[95.9996,20.7636],[95.9298,20.914],[95.9725,20.9903],[95.8945,20.9996],[95.7965,20.9905],[95.6575,20.8947],[95.5124,20.9097],[95.5446,20.772],[95.5493,20.7493],[95.5985,20.6986]]]},"properties":{"pcode":"MMR010028","iso3":"MMR","name":"Meiktila"},"id":"1035"},
{"type":"Feature","geometry":{"type":"Polygon","coordinates":[[[95.4624,21.0101],[95.5124,20.9097],[95.6575,20.8947],[95.7965,20.9905],[95.8377,21.1042],[95.786,21.1204],[95.8121,21.2826],[95.7083,21.3149],[95.6316,21.2899],[95.6202,21.1694],[95.5122,21.1416],[95.5269,21.0408],[95.4624,21.0101]]]},"properties":{"pcode":"MMR010029","iso3":"MMR","name":"Mahlaing"},"id":"1036"},
{"type":"Feature","geometry":{"type":"Polygon","coordinates":[[[96.5001,20.5103],[96.5436,20.5126],[96.5528,20.5974],[96.517,20.5792],[96.4399,20.6967],[96.4787,20.7691],[96.564,20.7826],[96.5641,20.7831],[96.5742,20.838],[96.5075,20.9212],[96.2458,20.9804],[96.2152,21.0523],[96.2152,21.0567],[96.1256,21.0419],[96.1345,21.0016],[95.9958,21.0484],[95.9725,20.9903],[95.9298,20.914],[95.9996,20.7636],[96.0136,20.6863],[96.1012,20.7332],[96.1478,20.6882],[96.3404,20.7167],[96.3434,20.5554],[96.4806,20.587],[96.5001,20.5103]]]},"properties":{"pcode":"MMR010030","iso3":"MMR","name":"Thazi"},"id":"1037"},
{"type":"Feature","geometry":{"type":"Polygon","coordinates":[[[95.9788,21.3514],[95.8121,21.2826],[95.786,21.1204],[95.8377,21.1042],[95.7965,20.9905],[95.8945,20.9996],[95.9725,20.9903],[95.9958,21.0484],[96.1345,21.0016],[96.1256,21.0419],[96.2152,21.0567],[96.2188,21.1344],[96.1801,21.2546],[96.1173,21.2283],[96.1005,21.3883],[95.9788,21.3514]]]},"properties":{"pcode":"MMR010031","iso3":"MMR","name":"Wundwin"},"id":"1038"},
{"type":"Feature","geometry":{"type":"MultiPolygon","coordinates":[[[[97.6173,16.3961],[97.6146,16.3912],[97.6151,16.3826],[97.6187,16.387],[97.6173,16.3961]]],[[[97.604,16.3724],[97.609,16.3883],[97.6049,16.4093],[97.6018,16.3968],[97.604,16.3724]]],[[[97.6217,16.3908],[97.6222,16.394],[97.6203,16.3995],[97.62,16.3936],[97.6217,16.3908]]],[[[97.6113,16.4089],[97.6098,16.405],[97.6124,16.3925],[97.6147,16.4023],[97.6113,16.4089]]],[[[97.6097,16.4097],[97.6094,16.4114],[97.6066,16.4154],[97.6089,16.4072],[97.6097,16.4097]]],[[[97.6329,16.5136],[97.6303,16.512],[97.6354,16.5092],[97.6395,16.5103],[97.6329,16.5136]]],[[[97.642,16.5194],[97.6373,16.5194],[97.6335,16.5164],[97.6384,16.5147],[97.642,16.5194]]],[[[97.6469,16.5243],[97.6363,16.5259],[97.6303,16.5204],[97.6429,16.5211],[97.6469,16.5243]]],[[[97.6295,16.5238],[97.635,16.5285],[97.6354,16.5302],[97.6309,16.5281],[97.6295,16.5238]]],[[[97.6218,16.5406],[97.6291,16.5696],[97.6172,16.5714],[97.61391652103714,16.56472538702632],[97.61413064845024,16.553788417618257],[97.6218,16.5406]]],[[[97.6527,16.5701],[97.6515,16.5906],[97.6501,16.5989],[97.6267,16.5311],[97.6527,16.5701]]],[[[97.636,16.6004],[97.61349892823773,16.586055566751558],[97.6135,16.586],[97.61353819213777,16.584049263117155],[97.6262,16.5754],[97.636,16.6004]]],[[[97.6295,16.3929],[97.6675,16.3482],[97.6999,16.3609],[97.6752,16.5194],[97.6604,16.5196],[97.6218,16.4678],[97.6181,16.4464],[97.6182,16.4464],[97.6182,16.4462],[97.6181,16.4462],[97.6295,16.3929]]],[[[97.6398,16.5073],[97.6549,16.5207],[97.6544,16.5249],[97.6474,16.5187],[97.6398,16.5073]]],[[[97.6441,16.5262],[97.6495,16.5325],[97.633,16.5251],[97.6377,16.5266],[97.6441,16.5262]]],[[[97.651,16.5304],[97.6507,16.5323],[97.6503,16.5319],[97.6502,16.5294],[97.651,16.5304]]],[[[97.6395,16.5302],[97.6413,16.5304],[97.6432,16.5323],[97.6373,16.5317],[97.6395,16.5302]]],[[[97.6817,16.5639],[97.684,16.565],[97.6844,16.5656],[97.6788,16.565],[97.6817,16.5639]]],[[[97.6863,16.5675],[97.6806,16.5686],[97.677,16.5658],[97.6831,16.5663],[97.6863,16.5675]]],[[[97.6569,16.5661],[97.6557,16.5722],[97.6539,16.5735],[97.6546,16.5688],[97.6569,16.5661]]],[[[97.6552,16.5743],[97.6554,16.5752],[97.6542,16.5777],[97.6541,16.5754],[97.6552,16.5743]]],[[[97.6535,16.593],[97.6979,16.5735],[97.6993,16.6019],[97.6535,16.593]]],[[[97.6425,16.5907],[97.646,16.5985],[97.6432,16.6057],[97.6406,16.597],[97.6425,16.5907]]],[[[97.6463,16.6095],[97.6509,16.6017],[97.6485,16.6074],[97.6463,16.6095]]],[[[97.6463,16.6112],[97.6452,16.6112],[97.6463,16.6095],[97.6463,16.6112]]]]},"properties":{"pcode":"MMR011001","iso3":"MMR","name":"Mawlamyine"},"id":"1039"},
{"type":"Feature","geometry":{"type":"MultiPolygon","coordinates":[[[[97.72561717864478,16.55634452521776],[97.6604,16.5196],[97.6752,16.5194],[97.6999,16.3609],[97.8132,16.1248],[97.9519,16.1588],[98.0767,16.1221],[98.1281,16.1972],[97.9948,16.3344],[97.9803,16.435],[97.9159,16.4273],[97.8455,16.545],[97.8435,16.5446],[97.7929,16.5147],[97.78770823474105,16.51791342944449],[97.72561717864478,16.55634452521776]],[[97.8116,16.5236],[97.8151,16.5238],[97.809,16.5192],[97.8055,16.5183],[97.8116,16.5236]]],[[[97.70716257498464,16.56776695358846],[97.6938,16.5682],[97.6944,16.5663],[97.7073,16.5654],[97.70989835745361,16.566073648228713],[97.70716257498464,16.56776695358846]]]]},"properties":{"pcode":"MMR011002","iso3":"MMR","name":"Kyaikmaraw"},"id":"1040"},
{"type":"Feature","geometry":{"type":"MultiPolygon","coordinates":[[[[97.60554151897291,16.19628958016167],[97.60575511617625,16.19803850763865],[97.6077,16.2735],[97.591,16.3374],[97.571,16.2812],[97.60554151897291,16.19628958016167]]],[[[97.5709,16.2882],[97.5732,16.2926],[97.5723,16.2983],[97.5702,16.2935],[97.5709,16.2882]]],[[[97.6170312237541,16.290366937354985],[97.6185593921125,16.302879533913607],[97.6132,16.3126],[97.6148,16.2937],[97.6170312237541,16.290366937354985]]],[[[97.5905,16.39],[97.5909,16.3891],[97.5917,16.3917],[97.5914,16.3932],[97.6038,16.4403],[97.6042,16.4409],[97.6045,16.4429],[97.6118,16.4702],[97.5245,16.5014],[97.4386,16.4587],[97.5376,16.1904],[97.5905,16.39]]],[[[97.5976,16.355],[97.5999,16.3416],[97.6015,16.3546],[97.6006,16.3628],[97.5976,16.355]]],[[[97.4683,16.5084],[97.47846846883195,16.513163607020374],[97.4651663638121,16.512536149236418],[97.4599,16.5094],[97.4683,16.5084]]]]},"properties":{"pcode":"MMR011003","iso3":"MMR","name":"Chaungzon"},"id":"1041"},
{"type":"Feature","geometry":{"type":"Polygon","coordinates":[[[97.8336,15.9748],[97.6012,16.0854],[97.593,16.0936],[97.5707,16.0096],[97.7156,15.8575],[97.7265,15.611],[97.8678,15.6787],[97.8336,15.9748]]]},"properties":{"pcode":"MMR011004","iso3":"MMR","name":"Thanbyuzayat"},"id":"1042"},
{"type":"Feature","geometry":{"type":"MultiPolygon","coordinates":[[[[97.8132,16.1248],[97.6999,16.3609],[97.6675,16.3482],[97.6295,16.3929],[97.621,16.3235],[97.6172,16.3359],[97.6092,16.3406],[97.6113,16.3225],[97.6203,16.3179],[97.62,16.315],[97.6179,16.3157],[97.6196,16.3114],[97.6185593921125,16.302879533913607],[97.6170312237541,16.290366937354985],[97.60575511617625,16.19803850763865],[97.60554151897291,16.19628958016167],[97.593,16.0936],[97.6012,16.0854],[97.8336,15.9748],[97.8659,16.0347],[97.8132,16.1248]]],[[[97.6117,16.3461],[97.61,16.3467],[97.6098,16.3435],[97.6137,16.3412],[97.6117,16.3461]]]]},"properties":{"pcode":"MMR011005","iso3":"MMR","name":"Mudon"},"id":"1043"},
{"type":"Feature","geometry":{"type":"MultiPolygon","coordinates":[[[[97.74,15.0979],[97.7262,15.0646],[97.7361,15.0622],[97.7421,15.0824],[97.74,15.0979]]],[[[97.7348,15.2101],[97.7294,15.2018],[97.7354,15.1921],[97.7389,15.2035],[97.7348,15.2101]]],[[[97.8678,15.6787],[97.7265,15.611],[97.798,14.8876],[97.8676,14.9368],[97.8826,15.0801],[98.0272,15.0921],[98.0985,14.9909],[98.2081,14.982],[98.2026,15.2357],[97.9478,15.6456],[97.8778,15.6706],[97.8678,15.6787]]],[[[97.7057,15.3043],[97.7017,15.3087],[97.705,15.3004],[97.7126,15.3013],[97.7057,15.3043]]],[[[97.6432,15.5889],[97.655,15.4971],[97.6629,15.5262],[97.6539,15.5781],[97.6432,15.5889]]]]},"properties":{"pcode":"MMR011006","iso3":"MMR","name":"Ye"},"id":"1044"},
{"type":"Feature","geometry":{"type":"Polygon","coordinates":[[[97.4953,17.2073],[97.4928,17.2069],[97.403,17.2029],[97.3527,17.1278],[97.285,17.1626],[97.2521,17.0957],[97.1676,17.1212],[97.1578,16.914],[97.2312,16.7805],[97.2595,16.817],[97.4335,16.8079],[97.4676,16.7531],[97.5377,16.7894],[97.438,16.9926],[97.5152,17.1276],[97.4953,17.2073]]]},"properties":{"pcode":"MMR011007","iso3":"MMR","name":"Thaton"},"id":"1045"},
{"type":"Feature","geometry":{"type":"MultiPolygon","coordinates":[[[[97.5553,16.5056],[97.5594,16.4997],[97.5695,16.4979],[97.5665,16.5011],[97.5553,16.5056]]],[[[97.4326,16.511],[97.4651663638121,16.512536149236418],[97.47846846883195,16.513163607020374],[97.528,16.5155],[97.5548,16.5109],[97.5551,16.5168],[97.5578,16.5169],[97.5828,16.5047],[97.5705,16.5175],[97.5767,16.5178],[97.5845,16.5124],[97.5827,16.5181],[97.5956,16.5187],[97.5984,16.513],[97.6046,16.5107],[97.6079,16.5119],[97.5964,16.5187],[97.5997,16.5189],[97.6094,16.5128],[97.6126,16.5168],[97.607,16.5192],[97.6087,16.5193],[97.6115,16.5185],[97.6111,16.5194],[97.6148,16.5196],[97.61413064845024,16.553788417618257],[97.61391652103714,16.56472538702632],[97.61353819213777,16.584049263117155],[97.6135,16.586],[97.61349892823773,16.586055566751558],[97.6122,16.6534],[97.5377,16.7894],[97.4676,16.7531],[97.4335,16.8079],[97.2595,16.817],[97.2312,16.7805],[97.3598,16.5075],[97.412,16.51],[97.4108,16.4956],[97.4326,16.511]]],[[[97.5736,16.5056],[97.5763,16.505],[97.5724,16.5081],[97.5671,16.509],[97.5694,16.507],[97.5568,16.5111],[97.5594,16.5062],[97.5759,16.4994],[97.5858,16.5016],[97.5736,16.5056]]],[[[97.5561,16.516],[97.557,16.5137],[97.5618,16.5126],[97.559,16.5153],[97.5561,16.516]]],[[[97.5738,16.4982],[97.5788,16.4954],[97.5874,16.4975],[97.5901,16.499],[97.5738,16.4982]]],[[[97.5938,16.5084],[97.587,16.5069],[97.5886,16.505],[97.5929,16.5041],[97.5938,16.5084]]],[[[97.5848,16.5111],[97.5871,16.509],[97.5904,16.5092],[97.5906,16.5124],[97.5848,16.5111]]],[[[97.6316,16.6227],[97.6452,16.6112],[97.6463,16.6112],[97.646,16.6184],[97.6316,16.6227]]]]},"properties":{"pcode":"MMR011008","iso3":"MMR","name":"Paung"},"id":"1046"},
{"type":"Feature","geometry":{"type":"Polygon","coordinates":[[[96.8955,17.3838],[96.93,17.2358],[97.0323,17.2389],[97.0504,17.2949],[97.1282,17.2706],[97.1183,17.3773],[97.2162,17.4536],[97.1348,17.4997],[96.9679,17.6095],[96.8762,17.6036],[96.8955,17.3838]]]},"properties":{"pcode":"MMR011009","iso3":"MMR","name":"Kyaikto"},"id":"1047"},
{"type":"Feature","geometry":{"type":"Polygon","coordinates":[[[97.407,17.7054],[97.2189,17.5433],[97.1348,17.4997],[97.2162,17.4536],[97.1183,17.3773],[97.1282,17.2706],[97.0504,17.2949],[97.0323,17.2389],[96.93,17.2358],[96.9736,17.0501],[96.9986,17.045],[96.9907,17.1293],[97.0645,17.087],[97.0882,16.9878],[97.1676,17.1212],[97.2521,17.0957],[97.285,17.1626],[97.3527,17.1278],[97.403,17.2029],[97.4928,17.2069],[97.4953,17.2073],[97.4393,17.5325],[97.3594,17.6367],[97.4021,17.6978],[97.407,17.7054]]]},"properties":{"pcode":"MMR011010","iso3":"MMR","name":"Bilin"},"id":"1048"},
{"type":"Feature","geometry":{"type":"Polygon","coordinates":[[[92.9197,20.2466],[92.8928,20.2822],[92.8925,20.2981],[92.7618,20.1988],[92.898,20.1127],[92.8788,20.2485],[92.9023,20.2124],[92.9197,20.2466]]]},"properties":{"pcode":"MMR012001","iso3":"MMR","name":"Sittwe"},"id":"1049"},
{"type":"Feature","geometry":{"type":"Polygon","coordinates":[[[92.9197,20.2466],[92.921,20.1967],[92.9373,20.282],[92.9454,20.2729],[92.9442,20.2627],[92.95,20.2542],[92.9504,20.2368],[92.9579,20.2347],[93.013,20.3053],[93.03560425626065,20.38876455673372],[93.05777068612673,20.57093514584439],[93.0602,20.5909],[93.0083,20.6373],[92.8981,20.6274],[92.8446,20.6825],[92.7493,20.9992],[92.7507,21.0113],[92.6958,21.0045],[92.7036,20.7496],[92.7636,20.7512],[92.8667,20.4084],[92.83596198878628,20.39353766490765],[92.8356,20.3936],[92.83568782205988,20.393405100776206],[92.873,20.3106],[92.9268,20.3157],[92.9506,20.411],[92.9483,20.344],[92.9294,20.3126],[92.8925,20.2981],[92.8928,20.2822],[92.9197,20.2466]]]},"properties":{"pcode":"MMR012002","iso3":"MMR","name":"Ponnagyun"},"id":"1050"},
{"type":"Feature","geometry":{"type":"Polygon","coordinates":[[[93.1632,20.8408],[93.1227,20.845],[93.0734,20.8507],[93.0493,20.7852],[93.0602,20.5909],[93.05777068612673,20.57093514584439],[93.03560425626065,20.38876455673372],[93.0318,20.3575],[93.0762,20.3667],[93.0744,20.4112],[93.1102,20.4199],[93.1015,20.492],[93.1147,20.4207],[93.0769,20.4057],[93.1219,20.3826],[93.2227,20.3923],[93.2931,20.4844],[93.2605,20.6036],[93.4054,20.7317],[93.2539,20.8435],[93.1632,20.8408]]]},"properties":{"pcode":"MMR012003","iso3":"MMR","name":"Mrauk-U"},"id":"1051"},
{"type":"Feature","geometry":{"type":"Polygon","coordinates":[[[92.7329,21.2114],[92.7507,21.0113],[92.7493,20.9992],[92.8446,20.6825],[92.8981,20.6274],[93.0083,20.6373],[93.0602,20.5909],[93.0493,20.7852],[93.0734,20.8507],[93.1227,20.845],[93.1632,20.8408],[93.1298,21.0883],[93.0469,21.0614],[92.9192,21.1138],[92.8692,21.0658],[92.7382,21.1984],[92.7329,21.2114]]]},"properties":{"pcode":"MMR012004","iso3":"MMR","name":"Kyauktaw"},"id":"1052"},
{"type":"Feature","geometry":{"type":"Polygon","coordinates":[[[93.2987082121251,20.18177182391556],[93.3103,20.142],[93.31751350654208,20.1410652043358],[93.3566,20.136],[93.3793,20.0888],[93.401,20.1881],[93.4095,20.1772],[93.4721,20.1944],[93.4699,20.2525],[93.5285,20.2182],[93.6655,20.2551],[93.6947,20.2498],[93.6947,20.4859],[93.8185,20.5697],[93.8474,20.5563],[93.8635,20.6501],[93.8231,20.7746],[93.763,20.7648],[93.6712,20.921],[93.6435,20.9239],[93.5989,20.8469],[93.6309,20.7224],[93.4054,20.7317],[93.2605,20.6036],[93.2931,20.4844],[93.2227,20.3923],[93.2231,20.3864],[93.2145,20.2968],[93.1332,20.2228],[93.1039,20.1921],[93.2144,20.2362],[93.1767,20.195],[93.2249,20.1543],[93.2756,20.1774],[93.2987,20.1818],[93.2987082121251,20.18177182391556]]]},"properties":{"pcode":"MMR012005","iso3":"MMR","name":"Minbya"},"id":"1053"},
{"type":"Feature","geometry":{"type":"MultiPolygon","coordinates":[[[[93.5374,19.6528],[93.5437,19.6486],[93.5429,19.6532],[93.5354,19.6573],[93.5374,19.6528]]],[[[93.5719,19.6484],[93.5854,19.6588],[93.5777,19.6708],[93.5607,19.6577],[93.5719,19.6484]]],[[[93.498,19.712],[93.4485,19.7387],[93.4092,19.7417],[93.5016,19.6764],[93.498,19.712]]],[[[93.5524,19.6823],[93.5881,19.7483],[93.5103,19.7196],[93.5191,19.6817],[93.5524,19.6823]]],[[[93.4829,19.7249],[93.5024,19.7175],[93.4929,19.73],[93.4749,19.7389],[93.4607,19.7466],[93.4829,19.7249]]],[[[93.5622,19.8065],[93.5892,19.8145],[93.5751,19.8352],[93.5954,19.8369],[93.6227,19.8722],[93.6616,19.9055],[93.7027,19.9125],[93.7041,19.9723],[93.7533,19.9159],[93.7168,19.9012],[93.7932,19.8692],[93.6748,20.1131],[93.6947,20.2498],[93.6655,20.2551],[93.5285,20.2182],[93.4699,20.2525],[93.4721,20.1944],[93.4095,20.1772],[93.401,20.1881],[93.3793,20.0888],[93.3566,20.136],[93.31751350654208,20.1410652043358],[93.3103,20.142],[93.2987082121251,20.18177182391556],[93.2987,20.1818],[93.2756,20.1774],[93.2249,20.1543],[93.22110920625134,20.13323814594351],[93.2134388573254,20.09062127455679],[93.2026,20.0304],[93.3522,20.0518],[93.3444,20.0718],[93.3758,20.0071],[93.3785,20.0701],[93.4186,19.9744],[93.4562,19.9492],[93.4601,19.9527],[93.4547,19.9411],[93.4623,19.9441],[93.4556,19.939],[93.4724,19.9284],[93.495,19.9345],[93.498,19.9708],[93.4828,19.9594],[93.4765,19.9657],[93.4754,19.966],[93.5246,20.0088],[93.5623,19.8885],[93.5749,19.8907],[93.5698,19.8881],[93.58,19.8796],[93.5889,19.8836],[93.5971,19.8945],[93.6615,19.9055],[93.5408,19.8323],[93.5676,19.8346],[93.5439,19.8198],[93.5465,19.8019],[93.5614,19.8063],[93.5416,19.7854],[93.5542,19.7623],[93.5724,19.7788],[93.5622,19.8065]]],[[[93.4,19.8066],[93.4021,19.7937],[93.4051,19.7983],[93.4033,19.8072],[93.4,19.8066]]],[[[93.5018,19.9187],[93.5102,19.9233],[93.5043,19.9362],[93.4896,19.921],[93.4904,19.9208],[93.448,19.9286],[93.3968,19.9674],[93.4432,19.7867],[93.513,19.7338],[93.5335,19.9129],[93.5018,19.9187]]],[[[93.6881,19.6611],[93.6897,19.657],[93.6949,19.6592],[93.6948,19.6615],[93.6881,19.6611]]],[[[93.5946,19.7058],[93.5926,19.7031],[93.5946,19.7024],[93.5962,19.7033],[93.5946,19.7058]]],[[[93.5891,19.7131],[93.5851,19.7109],[93.5868,19.7069],[93.5908,19.7105],[93.5891,19.7131]]],[[[93.7652,19.7578],[93.7196,19.6815],[93.8043,19.7128],[93.771,19.7538],[93.7652,19.7578]]],[[[93.7313,19.8407],[93.7624,19.8703],[93.7197,19.8832],[93.6391,19.8615],[93.5968,19.7126],[93.6539,19.767],[93.6357,19.7194],[93.6971,19.7145],[93.7142,19.7776],[93.76692992116045,19.763260365674093],[93.7831,19.8143],[93.7835,19.865],[93.7827,19.8686],[93.7405,19.8237],[93.7388,19.8363],[93.7281,19.8287],[93.7313,19.8407]]],[[[93.6065,19.8467],[93.5979,19.8106],[93.612,19.8225],[93.636,19.872],[93.6065,19.8467]]],[[[93.7064,19.8982],[93.7149,19.8881],[93.7285,19.8881],[93.7238,19.8929],[93.7174,19.8938],[93.7064,19.8982]]]]},"properties":{"pcode":"MMR012006","iso3":"MMR","name":"Myebon"},"id":"1054"},
{"type":"Feature","geometry":{"type":"MultiPolygon","coordinates":[[[[93.1206,20.0438],[93.0681,20.1223],[92.9788,20.131],[93.1729,19.7886],[93.1017,19.9453],[93.1229,20.0388],[93.2216,19.8185],[93.248,19.8179],[93.1581,19.991],[93.1369,20.0561],[93.1174,20.051],[93.1206,20.0438]]],[[[92.9422,20.0822],[92.9144,20.0622],[93.0255,19.8151],[93.0199,19.9241],[92.9422,20.0822]]],[[[93.1152,20.055],[93.1295,20.059],[93.1225,20.0745],[93.1116,20.0578],[93.1152,20.055]]],[[[93.1098,20.0616],[93.1259,20.0834],[93.0948,20.1522],[93.0678,20.1259],[93.1098,20.0616]]],[[[93.22110920625134,20.13323814594351],[93.1821,20.1855],[93.083,20.1817],[93.1664,20.0338],[93.2134388573254,20.09062127455679],[93.22110920625134,20.13323814594351]]],[[[93.0644,20.1271],[93.093,20.1526],[93.082,20.1736],[93.0555,20.1344],[93.0644,20.1271]]],[[[92.983,20.2461],[92.9407,20.1999],[92.9684,20.1757],[92.9733,20.1772],[92.983,20.2461]]],[[[93.1219,20.3826],[93.0342,20.3321],[92.9925,20.1411],[93.1332,20.2228],[93.2145,20.2968],[93.2231,20.3864],[93.2227,20.3923],[93.1219,20.3826]]]]},"properties":{"pcode":"MMR012007","iso3":"MMR","name":"Pauktaw"},"id":"1055"},
{"type":"Feature","geometry":{"type":"Polygon","coordinates":[[[92.7435,20.3788],[92.7355,20.5116],[92.7501,20.4829],[92.7689,20.4886],[92.76,20.4477],[92.7618,20.4477],[92.7592,20.4447],[92.7797,20.2822],[92.8616,20.3123],[92.8303,20.3908],[92.83568782205988,20.393405100776206],[92.8356,20.3936],[92.83596198878628,20.39353766490765],[92.8667,20.4084],[92.7636,20.7512],[92.7036,20.7496],[92.7057,20.677],[92.6626,20.7334],[92.6377,20.7033],[92.67744375545307,20.625277246665835],[92.6806,20.6227],[92.67840646150631,20.62338734857431],[92.6439,20.6342],[92.5941,20.5866],[92.6272,20.4475],[92.6637,20.3877],[92.7518,20.2391],[92.746,20.3361],[92.7465,20.3338],[92.758,20.3889],[92.7543,20.4089],[92.7435,20.3788]]]},"properties":{"pcode":"MMR012008","iso3":"MMR","name":"Rathedaung"},"id":"1056"},
{"type":"Feature","geometry":{"type":"MultiPolygon","coordinates":[[[[92.5941,20.5866],[92.3848,20.9933],[92.3485,21.2408],[92.4394,21.3645],[92.3859,21.4744],[92.2692,21.4277],[92.1726,21.1694],[92.2616,21.0724],[92.3828,20.7039],[92.4969,20.6193],[92.6272,20.4475],[92.5941,20.5866]]],[[[92.2563,21.027],[92.2662,21.0092],[92.2648,21.0332],[92.2611,21.0506],[92.2563,21.027]]]]},"properties":{"pcode":"MMR012009","iso3":"MMR","name":"Maungdaw"},"id":"1057"},
{"type":"Feature","geometry":{"type":"Polygon","coordinates":[[[92.6791,21.2862],[92.5985,21.2468],[92.5646,21.37],[92.4394,21.3645],[92.3485,21.2408],[92.3848,20.9933],[92.5941,20.5866],[92.6439,20.6342],[92.67840646150631,20.62338734857431],[92.6806,20.6227],[92.67744375545307,20.625277246665835],[92.6377,20.7033],[92.6626,20.7334],[92.7057,20.677],[92.7036,20.7496],[92.6958,21.0045],[92.7507,21.0113],[92.7329,21.2114],[92.6791,21.2862]]]},"properties":{"pcode":"MMR012010","iso3":"MMR","name":"Buthidaung"},"id":"1058"},
{"type":"Feature","geometry":{"type":"MultiPolygon","coordinates":[[[[93.6419,19.3397],[93.642,19.3401],[93.6416,19.3401],[93.5503,19.4314],[93.4689,19.3669],[93.6634,19.0701],[93.8054,19.2271],[93.7161,19.2977],[93.6507,19.2523],[93.6599,19.3217],[93.6419,19.3397]]],[[[93.6371,19.3734],[93.6391,19.3745],[93.6397,19.3789],[93.6356,19.3773],[93.6371,19.3734]]],[[[93.637,19.4286],[93.6217,19.4318],[93.6342,19.4014],[93.64,19.4101],[93.637,19.4286]]],[[[93.6173,19.4396],[93.6151,19.4528],[93.6007,19.4454],[93.6064,19.4343],[93.6173,19.4396]]],[[[93.6254,19.4905],[93.5941,19.4751],[93.6462,19.4453],[93.6463,19.4636],[93.6254,19.4905]]],[[[93.534,19.477],[93.5298,19.4784],[93.5332,19.4642],[93.5453,19.4712],[93.534,19.477]]],[[[93.5361,19.4857],[93.5176,19.5003],[93.5076,19.5024],[93.522,19.4744],[93.5361,19.4857]]],[[[93.5988,19.4606],[93.5897,19.4748],[93.5426,19.4939],[93.5117,19.5219],[93.5413,19.4861],[93.5988,19.4606]]],[[[93.5319,19.5274],[93.5291,19.534],[93.52,19.5444],[93.5208,19.5408],[93.5319,19.5274]]],[[[93.5087,19.5327],[93.5068,19.5389],[93.5028,19.5425],[93.5032,19.5372],[93.5087,19.5327]]],[[[93.4846,19.5378],[93.485,19.5374],[93.4891,19.5383],[93.4899,19.5414],[93.4846,19.5378]]],[[[93.6239,19.5444],[93.6199,19.5438],[93.6219,19.5397],[93.6249,19.5431],[93.6239,19.5444]]],[[[93.5987,19.5514],[93.5946,19.5546],[93.5862,19.5563],[93.587,19.5556],[93.5987,19.5514]]],[[[93.502,19.545],[93.4984,19.5567],[93.4889,19.5669],[93.4877,19.5648],[93.502,19.545]]],[[[93.6137,19.5574],[93.6169,19.5554],[93.6249,19.5643],[93.6131,19.5663],[93.6137,19.5574]]],[[[93.6005,19.6076],[93.6372,19.6089],[93.6197,19.6263],[93.6063,19.6269],[93.6005,19.6076]]],[[[93.6354,19.6261],[93.6329,19.6358],[93.6296,19.6399],[93.6285,19.6335],[93.6354,19.6261]]],[[[93.8259,19.2546],[93.8333,19.2572],[93.8361,19.2621],[93.8165,19.2608],[93.8259,19.2546]]],[[[93.7487,19.2843],[93.7522,19.2737],[93.7592,19.2792],[93.7534,19.2841],[93.7487,19.2843]]],[[[93.8641,19.2833],[93.8622,19.2979],[93.8442,19.2952],[93.8419,19.2706],[93.8641,19.2833]]],[[[93.8049,19.2667],[93.8269,19.2981],[93.7937,19.3058],[93.7712,19.2964],[93.8049,19.2667]]],[[[93.6516,19.3762],[93.6408,19.3543],[93.6573,19.3336],[93.6878,19.3637],[93.6516,19.3762]]],[[[93.6542,19.3809],[93.6514,19.3811],[93.6634,19.3787],[93.6625,19.3802],[93.6542,19.3809]]],[[[93.6891,19.3956],[93.7666,19.3024],[93.8761,19.3223],[93.8559,19.4625],[93.8196,19.4857],[93.8582,19.4961],[93.8551,19.5066],[93.7826,19.5334],[93.8156,19.4882],[93.7167,19.5512],[93.6683,19.5578],[93.6481,19.4449],[93.6616,19.4286],[93.6492,19.4303],[93.6547,19.4209],[93.666,19.4186],[93.6648,19.4247],[93.6847,19.4008],[93.6596,19.4086],[93.6775,19.3898],[93.6897,19.3921],[93.6891,19.3956]]],[[[93.7519,19.5381],[93.7589,19.5336],[93.7574,19.5421],[93.7532,19.5461],[93.7519,19.5381]]],[[[93.653,19.5711],[93.6264,19.545],[93.6481,19.5257],[93.6696,19.5639],[93.653,19.5711]]],[[[93.6686,19.5741],[93.6611,19.5801],[93.6547,19.5748],[93.675,19.5716],[93.6686,19.5741]]],[[[93.6524,19.5853],[93.6488,19.5858],[93.6529,19.5752],[93.661,19.5822],[93.6524,19.5853]]],[[[93.6923,19.5896],[93.6954,19.5926],[93.6899,19.5958],[93.6891,19.5921],[93.6923,19.5896]]],[[[93.6998,19.6049],[93.7096,19.5921],[93.7196,19.5917],[93.7131,19.5989],[93.6998,19.6049]]],[[[93.6508,19.6403],[93.6502,19.6327],[93.6542,19.629],[93.6579,19.6322],[93.6508,19.6403]]]]},"properties":{"pcode":"MMR012011","iso3":"MMR","name":"Kyaukpyu"},"id":"1059"},
{"type":"Feature","geometry":{"type":"MultiPolygon","coordinates":[[[[93.7842,18.6023],[93.7999,18.6333],[93.7935,18.6681],[93.7719,18.6221],[93.7842,18.6023]]],[[[93.8138,18.7294],[93.8067,18.7186],[93.8109,18.7139],[93.8198,18.7188],[93.8138,18.7294]]],[[[93.7501,18.7317],[93.7437,18.8868],[93.6251,18.8978],[93.4791,18.873],[93.7007,18.6683],[93.7501,18.7317]]]]},"properties":{"pcode":"MMR012012","iso3":"MMR","name":"Munaung"},"id":"1060"},
{"type":"Feature","geometry":{"type":"MultiPolygon","coordinates":[[[[93.9775,18.7421],[94.0089,18.7288],[93.9964,18.7408],[93.9906,18.7504],[93.9775,18.7421]]],[[[93.9783,18.7756],[93.9798,18.7705],[93.986,18.7655],[93.9857,18.7724],[93.9783,18.7756]]],[[[93.9871,18.7799],[93.9904,18.7905],[93.9704,18.8378],[93.9403,18.7969],[93.9871,18.7799]]],[[[94.0172,19.1072],[94.0097,19.114],[93.9941,19.1034],[94.0064,19.0926],[94.0172,19.1072]]],[[[93.6634,19.0701],[93.6673,19.0156],[93.9373,18.8469],[93.9867,18.9663],[93.9692,19.1248],[93.8971,19.202],[93.9376,19.208],[93.9534,19.1437],[94.006,19.1541],[94.0716,19.3768],[94.0527,19.3836],[94.0145,19.377],[93.9010742907378,19.295687164904813],[93.9007,19.2952],[93.90057965811965,19.29533257174623],[93.8054,19.2271],[93.6634,19.0701]]]]},"properties":{"pcode":"MMR012013","iso3":"MMR","name":"Ramree"},"id":"1061"},
{"type":"Feature","geometry":{"type":"MultiPolygon","coordinates":[[[[93.8761,19.3223],[93.90057965811965,19.29533257174623],[93.9007,19.2952],[93.9010742907378,19.295687164904813],[93.9836,19.4031],[93.8756,19.4704],[93.8559,19.4625],[93.8761,19.3223]]],[[[93.9892,19.4536],[93.9841,19.4547],[93.9722,19.4598],[93.9712,19.4462],[93.9892,19.4536]]],[[[93.8766,19.4723],[93.8799,19.4717],[93.8798,19.4748],[93.8759,19.4736],[93.8766,19.4723]]],[[[94.2124,20.1057],[93.9696,20.5249],[93.8474,20.5563],[93.8185,20.5697],[93.6947,20.4859],[93.6947,20.2498],[93.6748,20.1131],[93.7932,19.8692],[93.7827,19.8686],[93.7835,19.865],[93.7831,19.8143],[93.76692992116045,19.763260365674093],[93.7652,19.7578],[93.771,19.7538],[93.8043,19.7128],[93.818,19.6395],[93.7216,19.6202],[93.8171,19.6051],[93.8164,19.5981],[93.7848,19.6036],[93.7724,19.5887],[93.9001,19.4903],[93.9456,19.541],[93.937,19.495],[93.9022,19.4697],[93.9912,19.4591],[94.0145,19.377],[94.0527,19.3836],[94.0716,19.3768],[94.0797,19.369],[94.2127,19.2792],[94.2371,19.3737],[94.188,19.477],[94.3504,19.4337],[94.3637,19.5383],[94.3517,19.5841],[94.3216,19.722],[94.2124,20.1057]]]]},"properties":{"pcode":"MMR012014","iso3":"MMR","name":"Ann"},"id":"1062"},
{"type":"Feature","geometry":{"type":"MultiPolygon","coordinates":[[[[94.69,18.6261],[94.4227,18.7434],[94.4172,18.6666],[94.2377,18.643],[94.2501,18.5786],[94.3331,18.3692],[94.4045,18.317],[94.3243,18.31],[94.3187,18.2495],[94.4131,18.2442],[94.4448,18.1365],[94.4541,18.1395],[94.7209,17.9473],[94.8186,17.9818],[94.8896,18.1727],[94.8843,18.2947],[94.8233,18.3596],[94.734,18.468],[94.7655,18.5644],[94.69,18.6261]]],[[[94.3145,18.3756],[94.3256,18.3726],[94.3223,18.3768],[94.3184,18.3781],[94.3145,18.3756]]],[[[94.2279,18.5383],[94.2392,18.5325],[94.2366,18.5381],[94.2354,18.5404],[94.2279,18.5383]]]]},"properties":{"pcode":"MMR012015","iso3":"MMR","name":"Thandwe"},"id":"1063"},
{"type":"Feature","geometry":{"type":"MultiPolygon","coordinates":[[[[94.18,18.7595],[94.1814,18.7531],[94.2165,18.7846],[94.2085,18.7343],[94.2719,18.7375],[94.2169,18.7237],[94.1389,18.7419],[94.1923,18.6889],[94.2377,18.643],[94.4172,18.6666],[94.4227,18.7434],[94.69,18.6261],[94.7472,18.6829],[94.6855,18.8026],[94.762,18.8594],[94.6972,18.9596],[94.6702,19.0521],[94.5048,19.1861],[94.4789,19.2655],[94.5273,19.3406],[94.3691,19.5366],[94.3637,19.5383],[94.3504,19.4337],[94.188,19.477],[94.2371,19.3737],[94.2127,19.2792],[94.0797,19.369],[94.0356,19.1216],[94.0966,19.1588],[94.0762,19.1265],[94.0334,19.1066],[94.027,19.086],[94.0892,19.0824],[94.0301,18.8985],[94.1052,18.9053],[94.0799,18.8758],[94.0203,18.8616],[94.0701,18.8573],[94.0607,18.8405],[94.1288,18.8155],[94.1247,18.8615],[94.1524,18.89],[94.1773,18.7726],[94.1727,18.7727],[94.1776,18.757],[94.18,18.7595]]],[[[94.0476,19.0238],[94.0619,19.0414],[94.0443,19.0434],[94.0322,19.0219],[94.0476,19.0238]]],[[[94.0216,19.0385],[94.0416,19.0453],[94.0406,19.0686],[94.0178,19.0491],[94.0216,19.0385]]]]},"properties":{"pcode":"MMR012016","iso3":"MMR","name":"Toungup"},"id":"1064"},
{"type":"Feature","geometry":{"type":"MultiPolygon","coordinates":[[[[94.5911,17.5734],[94.6068,17.5427],[94.6065,17.5153],[94.5564,17.5974],[94.5596,17.4753],[94.5679,17.4547],[94.6246,17.3949],[94.6398,17.4122],[94.7321,17.3624],[94.8064,17.4791],[94.7798,17.5743],[94.8789,17.7684],[94.8807,17.9],[94.8186,17.9818],[94.7209,17.9473],[94.4541,18.1395],[94.4448,18.1365],[94.4806,17.7881],[94.5899,17.5757],[94.5882,17.5769],[94.5833,17.5711],[94.5862,17.5601],[94.5911,17.5734]]],[[[94.5194,17.5726],[94.5166,17.5762],[94.5162,17.5705],[94.5179,17.5697],[94.5194,17.5726]]],[[[94.5721,17.5836],[94.573,17.5775],[94.5809,17.5713],[94.5813,17.5756],[94.5721,17.5836]]],[[[94.4849,17.7584],[94.4864,17.7627],[94.4781,17.7582],[94.4811,17.7587],[94.4849,17.7584]]]]},"properties":{"pcode":"MMR012017","iso3":"MMR","name":"Gwa"},"id":"1065"},
{"type":"Feature","geometry":{"type":"Polygon","coordinates":[[[96.1326,16.8895],[96.1086,16.9326],[96.1083,16.9349],[96.1088,16.9419],[96.1087,16.9419],[96.0717,16.9294],[96.0808,16.9127],[96.0822,16.9103],[96.0952,16.862],[96.1326,16.8895]]]},"properties":{"pcode":"MMR013001","iso3":"MMR","name":"Insein"},"id":"1066"},
{"type":"Feature","geometry":{"type":"Polygon","coordinates":[[[96.1326,16.8895],[96.133,16.8896],[96.1504,16.8938],[96.1767,16.9623],[96.1529,17.019],[96.1661,17.0667],[96.1285,17.0807],[96.0955,17.0255],[96.0978,17.0215],[96.1087,16.9419],[96.1088,16.9419],[96.1083,16.9349],[96.1086,16.9326],[96.1326,16.8895]]]},"properties":{"pcode":"MMR013002","iso3":"MMR","name":"Mingaladon"},"id":"1067"},
{"type":"Feature","geometry":{"type":"Polygon","coordinates":[[[96.1661,17.0667],[96.0984,17.2181],[96.0574,17.2317],[95.9965,17.2788],[95.9042,17.2326],[95.9672,17.1515],[95.9475,17.0416],[96.0323,16.9825],[96.0955,17.0255],[96.1285,17.0807],[96.1661,17.0667]]]},"properties":{"pcode":"MMR013003","iso3":"MMR","name":"Hmawbi"},"id":"1068"},
{"type":"Feature","geometry":{"type":"Polygon","coordinates":[[[96.1281,17.6411],[96.0281,17.5474],[96.0984,17.2181],[96.1661,17.0667],[96.1529,17.019],[96.1767,16.9623],[96.1775,16.9619],[96.2139,16.9451],[96.2971,17.0175],[96.3175,17.023],[96.336,16.9534],[96.3432,16.9498],[96.3622,16.9525],[96.395,16.9757],[96.4041,16.9804],[96.4015,17.048],[96.2969,17.2112],[96.2782,17.4473],[96.151,17.6059],[96.1281,17.6411]]]},"properties":{"pcode":"MMR013004","iso3":"MMR","name":"Hlegu"},"id":"1069"},
{"type":"Feature","geometry":{"type":"Polygon","coordinates":[[[96.084,17.7915],[96.072,17.7837],[95.7828,17.4649],[95.7361,17.478],[95.618,17.3482],[95.6974,17.3319],[95.7098,17.2025],[95.7392,17.2008],[95.7832,17.1679],[95.889,17.2442],[95.9042,17.2326],[95.9965,17.2788],[96.0574,17.2317],[96.0984,17.2181],[96.0281,17.5474],[96.1281,17.6411],[96.084,17.7915]]]},"properties":{"pcode":"MMR013005","iso3":"MMR","name":"Taikkyi"},"id":"1070"},
{"type":"Feature","geometry":{"type":"Polygon","coordinates":[[[95.9042,17.2326],[95.889,17.2442],[95.7832,17.1679],[95.8869,16.9543],[95.8487,16.8895],[95.9138,16.9108],[96.0014,16.8662],[96.0634,16.9383],[96.0323,16.9825],[95.9475,17.0416],[95.9672,17.1515],[95.9042,17.2326]]]},"properties":{"pcode":"MMR013006","iso3":"MMR","name":"Htantabin"},"id":"1071"},
{"type":"Feature","geometry":{"type":"Polygon","coordinates":[[[96.1087,16.9419],[96.0978,17.0215],[96.0955,17.0255],[96.0323,16.9825],[96.0634,16.9383],[96.0717,16.9294],[96.1087,16.9419]]]},"properties":{"pcode":"MMR013007","iso3":"MMR","name":"Shwepyithar"},"id":"1072"},
{"type":"Feature","geometry":{"type":"Polygon","coordinates":[[[96.2099,16.8495],[96.2041,16.8497],[96.2022,16.8516],[96.1743,16.8336],[96.1787,16.8217],[96.1877,16.81],[96.1922,16.8102],[96.2203,16.8178],[96.2099,16.8495]]]},"properties":{"pcode":"MMR013009","iso3":"MMR","name":"Thingangyun"},"id":"1073"},
{"type":"Feature","geometry":{"type":"Polygon","coordinates":[[[96.1743,16.8336],[96.1646,16.8518],[96.1642,16.8524],[96.1547,16.8291],[96.1595,16.8253],[96.1666,16.824],[96.1762,16.8238],[96.1787,16.8217],[96.1743,16.8336]]]},"properties":{"pcode":"MMR013010","iso3":"MMR","name":"Yankin"},"id":"1074"},
{"type":"Feature","geometry":{"type":"Polygon","coordinates":[[[96.2022,16.8516],[96.1899,16.8543],[96.1784,16.8651],[96.1642,16.8524],[96.1646,16.8518],[96.1743,16.8336],[96.2022,16.8516]]]},"properties":{"pcode":"MMR013011","iso3":"MMR","name":"South Okkalapa"},"id":"1075"},
{"type":"Feature","geometry":{"type":"Polygon","coordinates":[[[96.1504,16.8938],[96.1615,16.8741],[96.18,16.9229],[96.2139,16.9451],[96.1775,16.9619],[96.1767,16.9623],[96.1504,16.8938]]]},"properties":{"pcode":"MMR013012","iso3":"MMR","name":"North Okkalapa"},"id":"1076"},
{"type":"Feature","geometry":{"type":"Polygon","coordinates":[[[96.1922,16.8102],[96.2024,16.7739],[96.2371,16.803],[96.2322,16.8094],[96.2203,16.8178],[96.1922,16.8102]]]},"properties":{"pcode":"MMR013013","iso3":"MMR","name":"Thaketa"},"id":"1077"},
{"type":"Feature","geometry":{"type":"Polygon","coordinates":[[[96.18627703398559,16.803214521112274],[96.1846,16.7775],[96.2024,16.7739],[96.1922,16.8102],[96.1877,16.81],[96.1856,16.8085],[96.1864,16.8051],[96.18627703398559,16.803214521112274]]]},"properties":{"pcode":"MMR013014","iso3":"MMR","name":"Dawbon"},"id":"1078"},
{"type":"Feature","geometry":{"type":"Polygon","coordinates":[[[96.1787,16.8217],[96.1762,16.8238],[96.1666,16.824],[96.1699,16.793],[96.1856,16.8085],[96.1877,16.81],[96.1787,16.8217]]]},"properties":{"pcode":"MMR013015","iso3":"MMR","name":"Tamwe"},"id":"1079"},
{"type":"Feature","geometry":{"type":"Polygon","coordinates":[[[96.185,16.7748],[96.1788,16.7782],[96.1768,16.7831],[96.1675,16.7807],[96.185,16.7748]]]},"properties":{"pcode":"MMR013016","iso3":"MMR","name":"Pazundaung"},"id":"1080"},
{"type":"Feature","geometry":{"type":"Polygon","coordinates":[[[96.1675,16.7807],[96.1647,16.7792],[96.1642,16.7691],[96.164,16.7671],[96.185,16.7748],[96.1675,16.7807]]]},"properties":{"pcode":"MMR013017","iso3":"MMR","name":"Botahtaung"},"id":"1081"},
{"type":"Feature","geometry":{"type":"Polygon","coordinates":[[[96.2971,17.0175],[96.2995,17.0054],[96.225,16.8715],[96.2099,16.8495],[96.2203,16.8178],[96.2322,16.8094],[96.336,16.9534],[96.3175,17.023],[96.2971,17.0175]]]},"properties":{"pcode":"MMR013018","iso3":"MMR","name":"Dagon Myothit (South)"},"id":"1082"},
{"type":"Feature","geometry":{"type":"Polygon","coordinates":[[[96.2099,16.8495],[96.225,16.8715],[96.2013,16.8847],[96.18,16.9229],[96.1615,16.8741],[96.1784,16.8651],[96.1899,16.8543],[96.2022,16.8516],[96.2041,16.8497],[96.2099,16.8495]]]},"properties":{"pcode":"MMR013019","iso3":"MMR","name":"Dagon Myothit (North)"},"id":"1083"},
{"type":"Feature","geometry":{"type":"Polygon","coordinates":[[[96.2139,16.9451],[96.18,16.9229],[96.2013,16.8847],[96.225,16.8715],[96.2995,17.0054],[96.2971,17.0175],[96.2139,16.9451]]]},"properties":{"pcode":"MMR013020","iso3":"MMR","name":"Dagon Myothit (East)"},"id":"1084"},
{"type":"Feature","geometry":{"type":"MultiPolygon","coordinates":[[[[96.306,16.8696],[96.3043,16.8679],[96.30459257641921,16.867195156808254],[96.30633820224719,16.869046578140956],[96.306,16.8696]]],[[[96.336,16.9534],[96.2322,16.8094],[96.2371,16.803],[96.3425,16.9074],[96.3622,16.9525],[96.3432,16.9498],[96.336,16.9534]]]]},"properties":{"pcode":"MMR013021","iso3":"MMR","name":"Dagon Myothit (Seikkan)"},"id":"1085"},
{"type":"Feature","geometry":{"type":"Polygon","coordinates":[[[96.1856,16.8085],[96.1699,16.793],[96.1565,16.7954],[96.1591,16.7811],[96.159,16.7794],[96.1647,16.7792],[96.1675,16.7807],[96.1768,16.7831],[96.18627703398559,16.803214521112274],[96.1864,16.8051],[96.1856,16.8085]]]},"properties":{"pcode":"MMR013022","iso3":"MMR","name":"Mingalartaungnyunt"},"id":"1086"},
{"type":"Feature","geometry":{"type":"Polygon","coordinates":[[[96.3622,16.9525],[96.3425,16.9074],[96.30633820224719,16.869046578140956],[96.30459257641921,16.867195156808254],[96.2171,16.7744],[96.2428,16.6727],[96.3753,16.726],[96.4008,16.7268],[96.4347,16.8032],[96.3766,16.8811],[96.3937,16.9629],[96.395,16.9757],[96.3622,16.9525]]]},"properties":{"pcode":"MMR013023","iso3":"MMR","name":"Thanlyin"},"id":"1087"},
{"type":"Feature","geometry":{"type":"Polygon","coordinates":[[[96.2428,16.6727],[96.2759,16.5817],[96.2822,16.6013],[96.3312,16.6335],[96.4679,16.6129],[96.2825,16.596],[96.3982,16.4776],[96.5477,16.4969],[96.6482,16.5446],[96.6602,16.6872],[96.5275,16.694],[96.4926,16.6462],[96.4008,16.7268],[96.3753,16.726],[96.2428,16.6727]]]},"properties":{"pcode":"MMR013024","iso3":"MMR","name":"Kyauktan"},"id":"1088"},
{"type":"Feature","geometry":{"type":"Polygon","coordinates":[[[96.4008,16.7268],[96.4926,16.6462],[96.5275,16.694],[96.6602,16.6872],[96.6482,16.5446],[96.7595,16.7487],[96.7852,16.7775],[96.6881,16.8702],[96.6003,16.8323],[96.5157,16.8651],[96.4347,16.8032],[96.4008,16.7268]]]},"properties":{"pcode":"MMR013025","iso3":"MMR","name":"Thongwa"},"id":"1089"},
{"type":"Feature","geometry":{"type":"Polygon","coordinates":[[[96.4041,16.9804],[96.395,16.9757],[96.3937,16.9629],[96.3766,16.8811],[96.4347,16.8032],[96.5157,16.8651],[96.6003,16.8323],[96.6881,16.8702],[96.7852,16.7775],[96.8266,16.8291],[96.6802,16.9827],[96.4041,16.9804]]]},"properties":{"pcode":"MMR013026","iso3":"MMR","name":"Kayan"},"id":"1090"},
{"type":"Feature","geometry":{"type":"Polygon","coordinates":[[[95.8487,16.8895],[95.8372,16.8702],[95.8803,16.7466],[95.8227,16.6153],[95.8803,16.5563],[95.8952,16.6089],[96.0706,16.6641],[96.0932,16.7487],[96.107,16.7829],[96.0878,16.8308],[96.0358,16.8603],[96.0014,16.8662],[95.9138,16.9108],[95.8487,16.8895]]]},"properties":{"pcode":"MMR013027","iso3":"MMR","name":"Twantay"},"id":"1091"},
{"type":"Feature","geometry":{"type":"MultiPolygon","coordinates":[[[[95.8803,16.5563],[95.8354,16.5075],[95.8232,16.4863],[95.819,16.461],[95.8202,16.4612],[95.8319,16.4577],[95.88054604770883,16.422902827127086],[95.88554929250753,16.41932393876131],[95.9708,16.5472],[96.1518,16.4585],[96.2729,16.498],[96.2337,16.6087],[96.1263,16.6051],[96.0683,16.6598],[96.0706,16.6641],[95.8952,16.6089],[95.8803,16.5563]]],[[[96.2718,16.5346],[96.2791,16.5319],[96.2731,16.547],[96.2636,16.5554],[96.2718,16.5346]]]]},"properties":{"pcode":"MMR013028","iso3":"MMR","name":"Kawhmu"},"id":"1092"},
{"type":"Feature","geometry":{"type":"MultiPolygon","coordinates":[[[[96.1304,16.3214],[96.1356,16.3121],[96.15,16.3253],[96.1687,16.3316],[96.1304,16.3214]]],[[[95.88554929250753,16.41932393876131],[95.8872306011162,16.41812127607721],[95.9836,16.415],[96.04509634358347,16.369905796688418],[96.0479,16.369],[96.0528,16.3668],[96.05571386961455,16.362120148800884],[96.1152,16.3185],[96.3111,16.3991],[96.2729,16.498],[96.1518,16.4585],[95.9708,16.5472],[95.88554929250753,16.41932393876131]]]]},"properties":{"pcode":"MMR013029","iso3":"MMR","name":"Kungyangon"},"id":"1093"},
{"type":"Feature","geometry":{"type":"Polygon","coordinates":[[[96.0706,16.6641],[96.0683,16.6598],[96.1263,16.6051],[96.2337,16.6087],[96.1399,16.768],[96.1202,16.7567],[96.0932,16.7487],[96.0706,16.6641]]]},"properties":{"pcode":"MMR013030","iso3":"MMR","name":"Dala"},"id":"1094"},
{"type":"Feature","geometry":{"type":"Polygon","coordinates":[[[96.0932,16.7487],[96.1202,16.7567],[96.1143,16.7816],[96.1069,16.7826],[96.107,16.7829],[96.0932,16.7487]]]},"properties":{"pcode":"MMR013031","iso3":"MMR","name":"Seikgyikanaungto"},"id":"1095"},
{"type":"Feature","geometry":{"type":"MultiPolygon","coordinates":[[[[93.3789,14.1223],[93.3717,14.152],[93.3519,14.1498],[93.3652,14.0457],[93.3789,14.1223]]],[[[93.6363,14.8745],[93.6436,14.9002],[93.6127,14.8751],[93.6115,14.8363],[93.6363,14.8745]]]]},"properties":{"pcode":"MMR013032","iso3":"MMR","name":"Cocokyun"},"id":"1096"},
{"type":"Feature","geometry":{"type":"Polygon","coordinates":[[[96.1647,16.7792],[96.159,16.7794],[96.158,16.7707],[96.1642,16.7691],[96.1647,16.7792]]]},"properties":{"pcode":"MMR013033","iso3":"MMR","name":"Kyauktada"},"id":"1097"},
{"type":"Feature","geometry":{"type":"Polygon","coordinates":[[[96.1591,16.7811],[96.1529,16.7814],[96.1533,16.7718],[96.158,16.7707],[96.159,16.7794],[96.1591,16.7811]]]},"properties":{"pcode":"MMR013034","iso3":"MMR","name":"Pabedan"},"id":"1098"},
{"type":"Feature","geometry":{"type":"Polygon","coordinates":[[[96.1642,16.7691],[96.158,16.7707],[96.1533,16.7718],[96.148,16.7814],[96.148,16.7816],[96.1342,16.7869],[96.1342,16.7865],[96.1355,16.7731],[96.164,16.7671],[96.1642,16.7691]]]},"properties":{"pcode":"MMR013035","iso3":"MMR","name":"Lanmadaw"},"id":"1099"},
{"type":"Feature","geometry":{"type":"Polygon","coordinates":[[[96.1529,16.7814],[96.1516,16.7814],[96.148,16.7816],[96.148,16.7814],[96.1533,16.7718],[96.1529,16.7814]]]},"properties":{"pcode":"MMR013036","iso3":"MMR","name":"Latha"},"id":"1100"},
{"type":"Feature","geometry":{"type":"Polygon","coordinates":[[[96.1342,16.7869],[96.1314,16.7968],[96.1276,16.7979],[96.1283,16.7943],[96.1203,16.7941],[96.1355,16.7731],[96.1342,16.7865],[96.1342,16.7869]]]},"properties":{"pcode":"MMR013037","iso3":"MMR","name":"Ahlone"},"id":"1101"},
{"type":"Feature","geometry":{"type":"MultiPolygon","coordinates":[[[[96.107,16.7829],[96.1069,16.7826],[96.1143,16.7816],[96.1157,16.8079],[96.108,16.8253],[96.0878,16.8308],[96.107,16.7829]]],[[[96.1276,16.7979],[96.1263,16.8172],[96.118,16.8221],[96.1203,16.7941],[96.1283,16.7943],[96.1276,16.7979]]]]},"properties":{"pcode":"MMR013038","iso3":"MMR","name":"Kyeemyindaing"},"id":"1102"},
{"type":"Feature","geometry":{"type":"Polygon","coordinates":[[[96.1314,16.7968],[96.1426,16.8045],[96.1427,16.8047],[96.1263,16.8172],[96.1276,16.7979],[96.1314,16.7968]]]},"properties":{"pcode":"MMR013039","iso3":"MMR","name":"Sanchaung"},"id":"1103"},
{"type":"Feature","geometry":{"type":"Polygon","coordinates":[[[96.136,16.8416],[96.1241,16.8626],[96.0991,16.8545],[96.1127,16.8316],[96.115,16.831],[96.136,16.8416]]]},"properties":{"pcode":"MMR013040","iso3":"MMR","name":"Hlaing"},"id":"1104"},
{"type":"Feature","geometry":{"type":"Polygon","coordinates":[[[96.1263,16.8172],[96.1427,16.8047],[96.1465,16.8249],[96.136,16.8416],[96.115,16.831],[96.118,16.8221],[96.1263,16.8172]]]},"properties":{"pcode":"MMR013041","iso3":"MMR","name":"Kamaryut"},"id":"1105"},
{"type":"Feature","geometry":{"type":"Polygon","coordinates":[[[96.0952,16.862],[96.0991,16.8545],[96.1241,16.8626],[96.136,16.8416],[96.1465,16.8249],[96.1547,16.8291],[96.1642,16.8524],[96.1784,16.8651],[96.1615,16.8741],[96.1504,16.8938],[96.133,16.8896],[96.1326,16.8895],[96.0952,16.862]]]},"properties":{"pcode":"MMR013042","iso3":"MMR","name":"Mayangone"},"id":"1106"},
{"type":"Feature","geometry":{"type":"Polygon","coordinates":[[[96.1565,16.7954],[96.1446,16.8017],[96.1427,16.8047],[96.1426,16.8045],[96.1314,16.7968],[96.1342,16.7869],[96.148,16.7816],[96.1516,16.7814],[96.1529,16.7814],[96.1591,16.7811],[96.1565,16.7954]]]},"properties":{"pcode":"MMR013043","iso3":"MMR","name":"Dagon"},"id":"1107"},
{"type":"Feature","geometry":{"type":"Polygon","coordinates":[[[96.1547,16.8291],[96.1465,16.8249],[96.1427,16.8047],[96.1446,16.8017],[96.1565,16.7954],[96.1699,16.793],[96.1666,16.824],[96.1595,16.8253],[96.1547,16.8291]]]},"properties":{"pcode":"MMR013044","iso3":"MMR","name":"Bahan"},"id":"1108"},
{"type":"Feature","geometry":{"type":"Polygon","coordinates":[[[96.0808,16.9127],[96.0784,16.9114],[96.0358,16.8603],[96.0878,16.8308],[96.108,16.8253],[96.1127,16.8316],[96.0991,16.8545],[96.0952,16.862],[96.0822,16.9103],[96.0808,16.9127]]]},"properties":{"pcode":"MMR013046","iso3":"MMR","name":"Hlaingtharya (East)"},"id":"1109"},
{"type":"Feature","geometry":{"type":"Polygon","coordinates":[[[96.0717,16.9294],[96.0634,16.9383],[96.0014,16.8662],[96.0358,16.8603],[96.0784,16.9114],[96.0808,16.9127],[96.0717,16.9294]]]},"properties":{"pcode":"MMR013047","iso3":"MMR","name":"Hlaingtharya (West)"},"id":"1110"},
{"type":"Feature","geometry":{"type":"Polygon","coordinates":[[[97.1797,20.5397],[97.1061,20.936],[97.1416,21.0383],[97.1282,21.0769],[97.069,21.0431],[96.8989,21.0024],[96.8329,20.9912],[96.8121,20.8768],[96.8871,20.7006],[96.9662,20.7445],[97.02,20.6912],[96.9664,20.3002],[97.1097,20.167],[97.1302,20.2156],[97.179,20.1937],[97.1407,20.4451],[97.1797,20.5397]]]},"properties":{"pcode":"MMR014001","iso3":"MMR","name":"Taunggyi"},"id":"1111"},
{"type":"Feature","geometry":{"type":"Polygon","coordinates":[[[97.1471,19.9926],[97.1097,20.167],[96.9664,20.3002],[97.02,20.6912],[96.9662,20.7445],[96.8871,20.7006],[96.7655,20.4984],[96.8996,20.2619],[96.9281,20.0154],[96.9865,20.0323],[97.0144,19.9721],[97.084,19.9867],[97.1474,19.9761],[97.1471,19.9926]]]},"properties":{"pcode":"MMR014002","iso3":"MMR","name":"Nyaungshwe"},"id":"1112"},
{"type":"Feature","geometry":{"type":"Polygon","coordinates":[[[97.1797,20.5397],[97.3013,20.5873],[97.4022,20.54],[97.4587,20.7888],[97.3964,20.8442],[97.3432,21.1314],[97.4016,21.2205],[97.4408,21.4195],[97.3557,21.4398],[97.256,21.4436],[97.2179,21.3726],[97.038,21.4084],[97.0356,21.2442],[97.1082,21.2109],[97.069,21.0431],[97.1282,21.0769],[97.1416,21.0383],[97.1061,20.936],[97.1797,20.5397]]]},"properties":{"pcode":"MMR014003","iso3":"MMR","name":"Hopong"},"id":"1113"},
{"type":"Feature","geometry":{"type":"Polygon","coordinates":[[[97.3882,19.9623],[97.4701,20.454],[97.4022,20.54],[97.3013,20.5873],[97.1797,20.5397],[97.1407,20.4451],[97.179,20.1937],[97.1302,20.2156],[97.1097,20.167],[97.1471,19.9926],[97.1778,19.9924],[97.259,19.8917],[97.3882,19.9623]]]},"properties":{"pcode":"MMR014004","iso3":"MMR","name":"Hsihseng"},"id":"1114"},
{"type":"Feature","geometry":{"type":"Polygon","coordinates":[[[96.4952,20.4799],[96.5457,20.422],[96.6528,20.4398],[96.6649,20.5209],[96.7152,20.5145],[96.7655,20.4984],[96.8871,20.7006],[96.8121,20.8768],[96.8329,20.9912],[96.8989,21.0024],[96.8091,21.0139],[96.7731,21.0433],[96.7246,21.0009],[96.7477,20.7811],[96.6595,20.7105],[96.5641,20.7831],[96.564,20.7826],[96.4787,20.7691],[96.4399,20.6967],[96.517,20.5792],[96.5528,20.5974],[96.5436,20.5126],[96.5001,20.5103],[96.4952,20.4799]]]},"properties":{"pcode":"MMR014005","iso3":"MMR","name":"Kalaw"},"id":"1115"},
{"type":"Feature","geometry":{"type":"Polygon","coordinates":[[[96.5641,20.7831],[96.6595,20.7105],[96.7477,20.7811],[96.7246,21.0009],[96.7731,21.0433],[96.7671,21.125],[96.617,21.1286],[96.6151,20.8386],[96.5742,20.838],[96.5641,20.7831]]]},"properties":{"pcode":"MMR014006","iso3":"MMR","name":"Pindaya"},"id":"1116"},
{"type":"Feature","geometry":{"type":"Polygon","coordinates":[[[96.2905,21.4543],[96.3774,21.1757],[96.2188,21.1344],[96.2152,21.0567],[96.2152,21.0523],[96.2458,20.9804],[96.5075,20.9212],[96.5742,20.838],[96.6151,20.8386],[96.617,21.1286],[96.6872,21.345],[96.634,21.3514],[96.6277,21.4621],[96.7251,21.4358],[96.7844,21.4916],[96.7398,21.5669],[96.7899,21.712],[96.7849,21.7345],[96.6831,21.7114],[96.5809,21.5953],[96.3329,21.5467],[96.2905,21.4543]]]},"properties":{"pcode":"MMR014007","iso3":"MMR","name":"Ywangan"},"id":"1117"},
{"type":"Feature","geometry":{"type":"Polygon","coordinates":[[[96.7849,21.7345],[96.7899,21.712],[96.7398,21.5669],[96.7844,21.4916],[96.7251,21.4358],[96.6277,21.4621],[96.634,21.3514],[96.6872,21.345],[96.617,21.1286],[96.7671,21.125],[96.7731,21.0433],[96.8091,21.0139],[96.8989,21.0024],[97.069,21.0431],[97.1082,21.2109],[97.0356,21.2442],[97.038,21.4084],[97.2179,21.3726],[97.256,21.4436],[97.1335,21.751],[97.301,22.0654],[97.25,22.0716],[97.1918,22.2084],[96.9736,22.2667],[96.9498,22.2684],[96.9888,22.0622],[96.9507,21.9384],[96.7814,21.9821],[96.8142,21.9171],[96.896,21.7428],[96.807,21.7744],[96.7849,21.7345]]]},"properties":{"pcode":"MMR014008","iso3":"MMR","name":"Lawksawk"},"id":"1118"},
{"type":"Feature","geometry":{"type":"Polygon","coordinates":[[[96.5047,20.1931],[96.441,20.1365],[96.4679,20.0559],[96.3636,20.0136],[96.4543,19.8501],[96.5194,19.8592],[96.5952,19.7574],[96.6826,19.8113],[96.8112,19.7915],[96.8133,19.8495],[96.917,19.7447],[96.9425,19.8009],[96.8767,19.883],[97.0144,19.9721],[96.9865,20.0323],[96.9281,20.0154],[96.8996,20.2619],[96.7655,20.4984],[96.7152,20.5145],[96.6649,20.5209],[96.6528,20.4398],[96.5457,20.422],[96.4952,20.4799],[96.4613,20.4267],[96.5467,20.2218],[96.5047,20.1931]]]},"properties":{"pcode":"MMR014009","iso3":"MMR","name":"Pinlaung"},"id":"1119"},
{"type":"Feature","geometry":{"type":"Polygon","coordinates":[[[97.1474,19.9761],[97.084,19.9867],[97.0144,19.9721],[96.8767,19.883],[96.9425,19.8009],[96.917,19.7447],[96.8133,19.8495],[96.8112,19.7915],[96.6826,19.8113],[96.5952,19.7574],[96.6569,19.6897],[96.5476,19.6021],[96.6478,19.5771],[96.6679,19.5092],[96.6868,19.4691],[96.8342,19.3327],[96.8662,19.2994],[96.9634,19.4224],[96.876,19.5224],[97.0153,19.6908],[97.1281,19.715],[97.1474,19.9761]]]},"properties":{"pcode":"MMR014010","iso3":"MMR","name":"Pekon"},"id":"1120"},
{"type":"Feature","geometry":{"type":"Polygon","coordinates":[[[97.4022,20.54],[97.4701,20.454],[97.4798,20.506],[97.5202,20.8597],[97.5896,20.9089],[97.6428,21.0777],[97.5629,21.2513],[97.4962,21.2735],[97.4016,21.2205],[97.3432,21.1314],[97.3964,20.8442],[97.4587,20.7888],[97.4022,20.54]]]},"properties":{"pcode":"MMR014011","iso3":"MMR","name":"Loilen"},"id":"1121"},
{"type":"Feature","geometry":{"type":"Polygon","coordinates":[[[97.4016,21.2205],[97.4962,21.2735],[97.5629,21.2513],[97.6428,21.0777],[97.6871,21.0287],[97.8357,21.1],[97.9308,20.998],[98.1339,21.2216],[98.0105,21.3558],[98.0531,21.443],[98.0156,21.5007],[97.84,21.5516],[97.8244,21.5576],[97.7932,21.5992],[97.6892,21.5281],[97.6883,21.4604],[97.4408,21.4195],[97.4016,21.2205]]]},"properties":{"pcode":"MMR014012","iso3":"MMR","name":"Laihka"},"id":"1122"},
{"type":"Feature","geometry":{"type":"Polygon","coordinates":[[[97.4798,20.506],[97.5216,20.5113],[97.645,20.4422],[97.6543,20.6221],[97.9503,20.7339],[98.1655,20.7213],[98.1733,20.8728],[98.2303,20.9681],[98.2613,20.9301],[98.3248,20.9243],[98.3222,21.215],[98.2366,21.2148],[98.1339,21.2216],[97.9308,20.998],[97.8357,21.1],[97.6871,21.0287],[97.6428,21.0777],[97.5896,20.9089],[97.5202,20.8597],[97.4798,20.506]]]},"properties":{"pcode":"MMR014013","iso3":"MMR","name":"Nansang"},"id":"1123"},
{"type":"Feature","geometry":{"type":"Polygon","coordinates":[[[98.3248,20.9243],[98.4884,20.9195],[98.7383,20.9835],[98.8055,21.0686],[98.7007,21.1638],[98.6667,21.3796],[98.5613,21.5415],[98.5146,21.6146],[98.4131,21.6167],[98.3528,21.5211],[98.2366,21.2148],[98.3222,21.215],[98.3248,20.9243]]]},"properties":{"pcode":"MMR014014","iso3":"MMR","name":"Kunhing"},"id":"1124"},
{"type":"Feature","geometry":{"type":"Polygon","coordinates":[[[98.1339,21.2216],[98.2366,21.2148],[98.3528,21.5211],[98.1965,21.7177],[98.2188,21.7843],[98.1719,21.7992],[98.2209,21.8944],[98.1422,21.9466],[98.1464,22.0641],[98.0798,22.1356],[98.0224,22.1174],[97.744,21.9492],[97.6745,21.9572],[97.7183,21.8056],[97.79,21.8316],[97.8807,21.7419],[97.84,21.5516],[98.0156,21.5007],[98.0531,21.443],[98.0105,21.3558],[98.1339,21.2216]]]},"properties":{"pcode":"MMR014015","iso3":"MMR","name":"Kyethi"},"id":"1125"},
{"type":"Feature","geometry":{"type":"Polygon","coordinates":[[[97.4408,21.4195],[97.6883,21.4604],[97.6892,21.5281],[97.7932,21.5992],[97.8244,21.5576],[97.84,21.5516],[97.8807,21.7419],[97.79,21.8316],[97.7183,21.8056],[97.6745,21.9572],[97.5288,22.0612],[97.4551,22.024],[97.336,22.0703],[97.301,22.0654],[97.1335,21.751],[97.256,21.4436],[97.3557,21.4398],[97.4408,21.4195]]]},"properties":{"pcode":"MMR014016","iso3":"MMR","name":"Mongkaing"},"id":"1126"},
{"type":"Feature","geometry":{"type":"Polygon","coordinates":[[[98.5613,21.5415],[98.6259,21.5529],[98.5427,21.8569],[98.4664,21.8389],[98.4831,21.9753],[98.425,22.0005],[98.4235,22.0739],[98.3244,22.1042],[98.2832,22.1093],[98.1464,22.0641],[98.1422,21.9466],[98.2209,21.8944],[98.1719,21.7992],[98.2188,21.7843],[98.1965,21.7177],[98.3528,21.5211],[98.4131,21.6167],[98.5146,21.6146],[98.5613,21.5415]]]},"properties":{"pcode":"MMR014017","iso3":"MMR","name":"Monghsu"},"id":"1127"},
{"type":"Feature","geometry":{"type":"Polygon","coordinates":[[[97.8632,19.5748],[98.0476,19.6534],[98.0484,19.8151],[98.1501,19.7756],[98.2269,19.7275],[98.2168,19.9218],[98.2873,20.0194],[98.0521,20.1706],[98.0334,20.2476],[98.2365,20.4666],[98.2319,20.4842],[98.1221,20.5977],[97.9399,20.4235],[97.8198,20.4227],[97.8194,20.2778],[97.6393,19.9494],[97.7429,19.855],[97.6443,19.6749],[97.8308,19.6556],[97.8632,19.5748]]]},"properties":{"pcode":"MMR014018","iso3":"MMR","name":"Langkho"},"id":"1128"},
{"type":"Feature","geometry":{"type":"Polygon","coordinates":[[[97.645,20.4422],[97.8198,20.4227],[97.9399,20.4235],[98.1221,20.5977],[98.2319,20.4842],[98.2365,20.4666],[98.4546,20.4978],[98.4996,20.4559],[98.6313,20.4935],[98.5043,20.7937],[98.4884,20.9195],[98.3248,20.9243],[98.2613,20.9301],[98.2303,20.9681],[98.1733,20.8728],[98.1655,20.7213],[97.9503,20.7339],[97.6543,20.6221],[97.645,20.4422]]]},"properties":{"pcode":"MMR014019","iso3":"MMR","name":"Mongnai"},"id":"1129"},
{"type":"Feature","geometry":{"type":"Polygon","coordinates":[[[97.4428,19.8796],[97.5089,19.898],[97.5925,19.831],[97.5626,19.7288],[97.6443,19.6749],[97.7429,19.855],[97.6393,19.9494],[97.8194,20.2778],[97.8198,20.4227],[97.645,20.4422],[97.5216,20.5113],[97.4798,20.506],[97.4701,20.454],[97.3882,19.9623],[97.4428,19.8796]]]},"properties":{"pcode":"MMR014020","iso3":"MMR","name":"Mawkmai"},"id":"1130"},
{"type":"Feature","geometry":{"type":"Polygon","coordinates":[[[98.2873,20.0194],[98.6859,20.1821],[98.6313,20.4935],[98.4996,20.4559],[98.4546,20.4978],[98.2365,20.4666],[98.0334,20.2476],[98.0521,20.1706],[98.2873,20.0194]]]},"properties":{"pcode":"MMR014021","iso3":"MMR","name":"Mongpan"},"id":"1131"},
{"type":"Feature","geometry":{"type":"Polygon","coordinates":[[[98.4228,23.1815],[98.2862,23.2332],[98.1158,23.2355],[97.8775,23.1136],[97.7542,23.191],[97.6924,23.1556],[97.6843,23.2044],[97.6579,23.2065],[97.5721,23.174],[97.6373,23.0921],[97.5438,23.0516],[97.5703,22.988],[97.6437,22.9893],[97.5773,22.8246],[97.515,22.715],[97.6071,22.6136],[97.7255,22.6299],[97.8075,22.7247],[97.8387,22.6846],[98.0471,22.8323],[98.0267,22.9243],[98.2591,22.985],[98.2803,22.9409],[98.3697,22.9031],[98.5168,22.9555],[98.4843,23.0238],[98.5565,23.0921],[98.4341,23.1844],[98.4228,23.1815]]]},"properties":{"pcode":"MMR015001","iso3":"MMR","name":"Lashio"},"id":"1132"},
{"type":"Feature","geometry":{"type":"Polygon","coordinates":[[[98.4228,23.1815],[98.3735,23.2816],[98.4357,23.3255],[98.4199,23.3838],[98.1821,23.3552],[98.1006,23.4],[97.6942,23.2152],[97.6843,23.2044],[97.6924,23.1556],[97.7542,23.191],[97.8775,23.1136],[98.1158,23.2355],[98.2862,23.2332],[98.4228,23.1815]]]},"properties":{"pcode":"MMR015002","iso3":"MMR","name":"Hseni"},"id":"1133"},
{"type":"Feature","geometry":{"type":"Polygon","coordinates":[[[98.1464,22.0641],[98.2832,22.1093],[98.2675,22.1798],[98.3248,22.2508],[98.2015,22.5103],[98.0758,22.5204],[98.0342,22.7513],[98.0471,22.8323],[97.8387,22.6846],[97.7853,22.5463],[97.7996,22.3626],[97.9297,22.3204],[98.0224,22.1174],[98.0798,22.1356],[98.1464,22.0641]]]},"properties":{"pcode":"MMR015003","iso3":"MMR","name":"Mongyai"},"id":"1134"},
{"type":"Feature","geometry":{"type":"Polygon","coordinates":[[[98.5427,21.8569],[98.7685,22.0433],[98.5947,22.2069],[98.5684,22.2971],[98.6353,22.4988],[98.5184,22.7703],[98.6443,22.8244],[98.6625,22.8874],[98.5269,22.9545],[98.5168,22.9555],[98.3697,22.9031],[98.2803,22.9409],[98.2591,22.985],[98.0267,22.9243],[98.0471,22.8323],[98.0342,22.7513],[98.0758,22.5204],[98.2015,22.5103],[98.3248,22.2508],[98.2675,22.1798],[98.2832,22.1093],[98.3244,22.1042],[98.4235,22.0739],[98.425,22.0005],[98.4831,21.9753],[98.4664,21.8389],[98.5427,21.8569]]]},"properties":{"pcode":"MMR015004","iso3":"MMR","name":"Tangyan"},"id":"1135"},
{"type":"Feature","geometry":{"type":"Polygon","coordinates":[[[98.5947,22.2069],[98.9126,22.2506],[99.0028,22.139],[99.1208,22.1479],[99.1557,22.1626],[99.2608,22.3764],[99.0502,22.3365],[98.9526,22.5327],[98.972,22.7111],[98.8002,22.7358],[98.7451,22.8085],[98.6625,22.8874],[98.6443,22.8244],[98.5184,22.7703],[98.6353,22.4988],[98.5684,22.2971],[98.5947,22.2069]]]},"properties":{"pcode":"MMR015005","iso3":"MMR","name":"Pangsang"},"id":"1136"},
{"type":"Feature","geometry":{"type":"Polygon","coordinates":[[[99.2608,22.3764],[99.3799,22.495],[99.3605,22.5415],[99.3264,22.7529],[99.2798,22.7865],[99.0827,22.7398],[99.0253,22.7818],[98.9492,22.7913],[98.972,22.7111],[98.9526,22.5327],[99.0502,22.3365],[99.2608,22.3764]]]},"properties":{"pcode":"MMR015006","iso3":"MMR","name":"Narphan"},"id":"1137"},
{"type":"Feature","geometry":{"type":"Polygon","coordinates":[[[99.3264,22.7529],[99.461,22.8457],[99.4421,22.9418],[99.5658,22.9324],[99.524,23.0756],[99.3517,23.1318],[99.2106,23.0994],[99.1496,23.0149],[99.0474,23.005],[99.0914,22.936],[99.0253,22.7818],[99.0827,22.7398],[99.2798,22.7865],[99.3264,22.7529]]]},"properties":{"pcode":"MMR015007","iso3":"MMR","name":"Pangwaun"},"id":"1138"},
{"type":"Feature","geometry":{"type":"Polygon","coordinates":[[[98.6625,22.8874],[98.7451,22.8085],[98.8002,22.7358],[98.972,22.7111],[98.9492,22.7913],[99.0253,22.7818],[99.0914,22.936],[99.0474,23.005],[99.1496,23.0149],[99.2106,23.0994],[99.1064,23.0917],[99.0606,23.1719],[98.9505,23.1789],[98.8861,23.1819],[98.9074,23.1284],[98.8261,23.1412],[98.5269,22.9545],[98.6625,22.8874]]]},"properties":{"pcode":"MMR015008","iso3":"MMR","name":"Mongmao"},"id":"1139"},
{"type":"Feature","geometry":{"type":"Polygon","coordinates":[[[98.5943,24.0849],[98.5488,24.124],[98.0873,24.089],[97.7478,23.9023],[97.8588,23.7426],[97.8971,23.6706],[98.0627,23.7879],[98.1428,23.7737],[98.2493,23.9146],[98.2288,24.0084],[98.29,24.0175],[98.4142,23.9804],[98.5943,24.0849]]]},"properties":{"pcode":"MMR015009","iso3":"MMR","name":"Muse"},"id":"1140"},
{"type":"Feature","geometry":{"type":"Polygon","coordinates":[[[97.3443,23.6944],[97.4041,23.6303],[97.4249,23.4905],[97.6016,23.4524],[97.7293,23.6367],[97.7208,23.7023],[97.8588,23.7426],[97.7478,23.9023],[97.7452,23.9019],[97.666,23.8558],[97.6383,23.8632],[97.4756,23.8187],[97.3443,23.6944]]]},"properties":{"pcode":"MMR015010","iso3":"MMR","name":"Namhkan"},"id":"1141"},
{"type":"Feature","geometry":{"type":"Polygon","coordinates":[[[98.4199,23.3838],[98.5878,23.694],[98.5583,23.7498],[98.4369,23.824],[98.4142,23.9804],[98.29,24.0175],[98.2288,24.0084],[98.2493,23.9146],[98.1428,23.7737],[98.0627,23.7879],[97.8971,23.6706],[97.8588,23.7426],[97.7208,23.7023],[97.7293,23.6367],[97.6016,23.4524],[97.6942,23.2152],[98.1006,23.4],[98.1821,23.3552],[98.4199,23.3838]]]},"properties":{"pcode":"MMR015011","iso3":"MMR","name":"Kutkai"},"id":"1142"},
{"type":"Feature","geometry":{"type":"Polygon","coordinates":[[[96.3923,22.7918],[96.4016,22.7771],[96.4205,22.6562],[96.5722,22.5366],[96.7375,22.5289],[96.8334,22.3552],[96.9498,22.2684],[96.9736,22.2667],[97.1918,22.2084],[97.3296,22.2425],[97.3458,22.2954],[97.2543,22.4731],[97.1551,22.4383],[97.2121,22.5538],[97.0931,22.5977],[97.1108,22.7156],[97.0303,22.7669],[97.0933,22.8898],[96.9611,22.7752],[96.9043,22.8022],[96.9055,22.894],[96.7304,22.9443],[96.7163,22.9439],[96.6402,22.824],[96.3923,22.7918]]]},"properties":{"pcode":"MMR015012","iso3":"MMR","name":"Kyaukme"},"id":"1143"},
{"type":"Feature","geometry":{"type":"Polygon","coordinates":[[[96.7565,22.0181],[96.7814,21.9821],[96.9507,21.9384],[96.9888,22.0622],[96.9498,22.2684],[96.8334,22.3552],[96.7375,22.5289],[96.5722,22.5366],[96.4205,22.6562],[96.4016,22.7771],[96.3923,22.7918],[96.2311,22.7633],[96.2065,22.7485],[96.3315,22.5039],[96.3294,22.3681],[96.3562,22.3681],[96.4476,22.3111],[96.4947,22.1429],[96.7305,22.0856],[96.7565,22.0181]]]},"properties":{"pcode":"MMR015013","iso3":"MMR","name":"Nawnghkio"},"id":"1144"},
{"type":"Feature","geometry":{"type":"Polygon","coordinates":[[[97.301,22.0654],[97.336,22.0703],[97.4551,22.024],[97.5288,22.0612],[97.6745,21.9572],[97.744,21.9492],[98.0224,22.1174],[97.9297,22.3204],[97.7996,22.3626],[97.7853,22.5463],[97.8387,22.6846],[97.8075,22.7247],[97.7255,22.6299],[97.6071,22.6136],[97.515,22.715],[97.5773,22.8246],[97.5128,22.8486],[97.3383,22.7092],[97.2667,22.7778],[97.1683,22.8206],[97.1677,22.7351],[97.1108,22.7156],[97.0931,22.5977],[97.2121,22.5538],[97.1551,22.4383],[97.2543,22.4731],[97.3458,22.2954],[97.3296,22.2425],[97.1918,22.2084],[97.25,22.0716],[97.301,22.0654]]]},"properties":{"pcode":"MMR015014","iso3":"MMR","name":"Hsipaw"},"id":"1145"},
{"type":"Feature","geometry":{"type":"Polygon","coordinates":[[[97.6579,23.2065],[97.5842,23.2956],[97.1614,23.1193],[97.3772,23.0028],[97.2667,22.7778],[97.3383,22.7092],[97.5128,22.8486],[97.5773,22.8246],[97.6437,22.9893],[97.5703,22.988],[97.5438,23.0516],[97.6373,23.0921],[97.5721,23.174],[97.6579,23.2065]]]},"properties":{"pcode":"MMR015015","iso3":"MMR","name":"Namtu"},"id":"1146"},
{"type":"Feature","geometry":{"type":"Polygon","coordinates":[[[97.1108,22.7156],[97.1677,22.7351],[97.1683,22.8206],[97.2667,22.7778],[97.3772,23.0028],[97.1614,23.1193],[97.0624,23.0943],[96.9895,23.1456],[96.96,23.1751],[96.8087,23.1471],[96.9543,22.9598],[96.9055,22.894],[96.9043,22.8022],[96.9611,22.7752],[97.0933,22.8898],[97.0303,22.7669],[97.1108,22.7156]]]},"properties":{"pcode":"MMR015016","iso3":"MMR","name":"Namhsan"},"id":"1147"},
{"type":"Feature","geometry":{"type":"Polygon","coordinates":[[[96.7163,22.9439],[96.7304,22.9443],[96.9055,22.894],[96.9543,22.9598],[96.8087,23.1471],[96.96,23.1751],[97.0206,23.253],[96.9702,23.3391],[97.064,23.3766],[97.0543,23.4261],[97.0417,23.4326],[96.6565,23.2612],[96.1887,23.2496],[96.1526,23.1242],[96.2238,23.0194],[96.544,23.0202],[96.7163,22.9439]]]},"properties":{"pcode":"MMR015017","iso3":"MMR","name":"Mongmit"},"id":"1148"},
{"type":"Feature","geometry":{"type":"Polygon","coordinates":[[[96.8584,24.0054],[96.679,23.9999],[96.6678,24.1456],[96.6631,24.1577],[96.5583,24.1549],[96.3901,24.0279],[96.5087,24.0033],[96.5605,23.8251],[96.4907,23.7288],[96.3925,23.5697],[96.2337,23.3397],[96.1702,23.3457],[96.1887,23.2496],[96.6565,23.2612],[97.0417,23.4326],[97.1847,23.6115],[97.3376,23.6969],[97.14,23.6851],[97.0842,23.6333],[96.9746,23.7163],[96.7779,23.7496],[96.8828,23.8306],[96.8584,24.0054]]]},"properties":{"pcode":"MMR015018","iso3":"MMR","name":"Mabein"},"id":"1149"},
{"type":"Feature","geometry":{"type":"Polygon","coordinates":[[[97.3376,23.6969],[97.1847,23.6115],[97.0417,23.4326],[97.0543,23.4261],[97.064,23.3766],[96.9702,23.3391],[97.0206,23.253],[96.96,23.1751],[96.9895,23.1456],[97.0624,23.0943],[97.1614,23.1193],[97.5842,23.2956],[97.6579,23.2065],[97.6843,23.2044],[97.6942,23.2152],[97.6016,23.4524],[97.4249,23.4905],[97.4041,23.6303],[97.3443,23.6944],[97.3376,23.6969]]]},"properties":{"pcode":"MMR015019","iso3":"MMR","name":"Manton"},"id":"1150"},
{"type":"Feature","geometry":{"type":"Polygon","coordinates":[[[98.4341,23.1844],[98.7195,23.2381],[98.7233,23.3681],[98.6724,23.4093],[98.8175,23.4742],[98.7647,23.5385],[98.6061,23.4593],[98.5798,23.4937],[98.6474,23.5888],[98.5878,23.694],[98.4199,23.3838],[98.4357,23.3255],[98.3735,23.2816],[98.4228,23.1815],[98.4341,23.1844]]]},"properties":{"pcode":"MMR015020","iso3":"MMR","name":"Kunlong"},"id":"1151"},
{"type":"Feature","geometry":{"type":"Polygon","coordinates":[[[98.5168,22.9555],[98.5269,22.9545],[98.8261,23.1412],[98.9074,23.1284],[98.8861,23.1819],[98.9451,23.3096],[98.8781,23.3304],[98.9226,23.3618],[98.8826,23.4759],[98.8339,23.4785],[98.8175,23.4742],[98.6724,23.4093],[98.7233,23.3681],[98.7195,23.2381],[98.4341,23.1844],[98.5565,23.0921],[98.4843,23.0238],[98.5168,22.9555]]]},"properties":{"pcode":"MMR015021","iso3":"MMR","name":"Hopang"},"id":"1152"},
{"type":"Feature","geometry":{"type":"Polygon","coordinates":[[[98.5878,23.694],[98.6474,23.5888],[98.5798,23.4937],[98.6061,23.4593],[98.7647,23.5385],[98.8175,23.4742],[98.8339,23.4785],[98.803,23.5391],[98.8908,23.6151],[98.8076,23.7693],[98.6736,23.809],[98.6297,23.8215],[98.5583,23.7498],[98.5878,23.694]]]},"properties":{"pcode":"MMR015022","iso3":"MMR","name":"Laukkaing"},"id":"1153"},
{"type":"Feature","geometry":{"type":"Polygon","coordinates":[[[98.4142,23.9804],[98.4369,23.824],[98.5583,23.7498],[98.6297,23.8215],[98.6736,23.809],[98.6776,23.9628],[98.8941,24.1272],[98.5943,24.0849],[98.4142,23.9804]]]},"properties":{"pcode":"MMR015023","iso3":"MMR","name":"Konkyan"},"id":"1154"},
{"type":"Feature","geometry":{"type":"Polygon","coordinates":[[[98.6259,21.5529],[98.8752,21.4848],[98.9699,21.635],[98.9123,21.8015],[99.0494,21.9042],[99.0294,21.9946],[99.0948,22.0283],[99.1208,22.1479],[99.0028,22.139],[98.9126,22.2506],[98.5947,22.2069],[98.7685,22.0433],[98.5427,21.8569],[98.6259,21.5529]]]},"properties":{"pcode":"MMR015024","iso3":"MMR","name":"Matman"},"id":"1155"},
{"type":"Feature","geometry":{"type":"Polygon","coordinates":[[[99.6767,21.5014],[99.6167,21.4941],[99.5116,21.5938],[99.3338,21.5283],[99.3607,21.4574],[99.2727,21.3885],[99.3441,21.2008],[99.2302,21.0395],[99.2558,20.9954],[99.4337,20.9848],[99.4196,20.9477],[99.524,20.8877],[99.6194,20.9691],[99.7451,20.9326],[100.0701,21.1706],[100.0738,21.1532],[100.1882,21.229],[100.1755,21.3592],[99.9807,21.2708],[99.7732,21.5003],[99.6767,21.5014]]]},"properties":{"pcode":"MMR016001","iso3":"MMR","name":"Kengtung"},"id":"1156"},
{"type":"Feature","geometry":{"type":"Polygon","coordinates":[[[98.9699,21.635],[99.139,21.6541],[99.3338,21.5283],[99.5116,21.5938],[99.6167,21.4941],[99.6767,21.5014],[99.6882,21.7094],[99.5866,21.8344],[99.3344,21.8737],[99.0494,21.9042],[98.9123,21.8015],[98.9699,21.635]]]},"properties":{"pcode":"MMR016002","iso3":"MMR","name":"Mongkhet"},"id":"1157"},
{"type":"Feature","geometry":{"type":"Polygon","coordinates":[[[99.1208,22.1479],[99.0948,22.0283],[99.0294,21.9946],[99.0494,21.9042],[99.3344,21.8737],[99.5866,21.8344],[99.6882,21.7094],[99.7603,21.6759],[99.8939,21.7502],[99.9749,21.7413],[99.9713,22.058],[99.8786,22.0692],[99.8537,22.0241],[99.4794,22.1348],[99.2486,22.1131],[99.1557,22.1626],[99.1208,22.1479]]]},"properties":{"pcode":"MMR016003","iso3":"MMR","name":"Mongyang"},"id":"1158"},
{"type":"Feature","geometry":{"type":"Polygon","coordinates":[[[100.1755,21.3592],[100.2381,21.3953],[100.1692,21.4852],[100.1067,21.5936],[100.1575,21.6798],[100.0479,21.6679],[99.9749,21.7413],[99.8939,21.7502],[99.7603,21.6759],[99.6882,21.7094],[99.6767,21.5014],[99.7732,21.5003],[99.9807,21.2708],[100.1755,21.3592]]]},"properties":{"pcode":"MMR016005","iso3":"MMR","name":"Mongla"},"id":"1159"},
{"type":"Feature","geometry":{"type":"Polygon","coordinates":[[[99.2558,20.9954],[99.1817,20.9977],[99.097,20.9944],[99.0453,20.9069],[98.9928,20.5798],[99.1105,20.4905],[99.0509,20.4511],[99.1047,20.3202],[99.2456,20.3221],[99.1598,20.1308],[99.3296,20.0637],[99.4832,20.1098],[99.5657,20.2065],[99.4573,20.3927],[99.6198,20.3365],[99.6762,20.4897],[99.5861,20.6155],[99.6546,20.6547],[99.6673,20.7659],[99.6231,20.7322],[99.6009,20.8047],[99.5137,20.8306],[99.524,20.8877],[99.4196,20.9477],[99.4337,20.9848],[99.2558,20.9954]]]},"properties":{"pcode":"MMR016006","iso3":"MMR","name":"Monghsat"},"id":"1160"},
{"type":"Feature","geometry":{"type":"Polygon","coordinates":[[[98.4884,20.9195],[98.5043,20.7937],[98.5083,20.793],[98.6946,20.7618],[98.9928,20.5798],[99.0453,20.9069],[99.097,20.9944],[99.1817,20.9977],[99.2558,20.9954],[99.2302,21.0395],[99.3441,21.2008],[99.2727,21.3885],[99.3607,21.4574],[99.3338,21.5283],[99.139,21.6541],[98.9699,21.635],[98.8752,21.4848],[98.6259,21.5529],[98.5613,21.5415],[98.6667,21.3796],[98.7007,21.1638],[98.8055,21.0686],[98.7383,20.9835],[98.4884,20.9195]]]},"properties":{"pcode":"MMR016007","iso3":"MMR","name":"Mongping"},"id":"1161"},
{"type":"Feature","geometry":{"type":"Polygon","coordinates":[[[98.2269,19.7275],[98.2519,19.6755],[98.5086,19.7158],[98.5677,19.6715],[98.8391,19.8145],[98.9164,19.7415],[99.0202,19.806],[99.0734,20.0972],[99.1598,20.1308],[99.2456,20.3221],[99.1047,20.3202],[99.0509,20.4511],[99.1105,20.4905],[98.9928,20.5798],[98.6946,20.7618],[98.5083,20.793],[98.5043,20.7937],[98.6313,20.4935],[98.6859,20.1821],[98.2873,20.0194],[98.2168,19.9218],[98.2269,19.7275]]]},"properties":{"pcode":"MMR016008","iso3":"MMR","name":"Mongton"},"id":"1162"},
{"type":"Feature","geometry":{"type":"Polygon","coordinates":[[[99.6198,20.3365],[99.8109,20.3365],[99.8705,20.4434],[99.9597,20.4649],[100.0847,20.3565],[100.2546,20.751],[100.3637,20.8249],[100.5736,20.8248],[100.6478,20.88],[100.5094,20.8876],[100.5455,21.023],[100.3738,21.0364],[100.1487,20.9636],[100.1069,20.8616],[99.9691,20.793],[99.6673,20.7659],[99.6546,20.6547],[99.5861,20.6155],[99.6762,20.4897],[99.6198,20.3365]]]},"properties":{"pcode":"MMR016009","iso3":"MMR","name":"Tachileik"},"id":"1163"},
{"type":"Feature","geometry":{"type":"Polygon","coordinates":[[[99.524,20.8877],[99.5137,20.8306],[99.6009,20.8047],[99.6231,20.7322],[99.6673,20.7659],[99.9691,20.793],[100.1069,20.8616],[100.1487,20.9636],[100.0738,21.1532],[100.0701,21.1706],[99.7451,20.9326],[99.6194,20.9691],[99.524,20.8877]]]},"properties":{"pcode":"MMR016010","iso3":"MMR","name":"Monghpyak"},"id":"1164"},
{"type":"Feature","geometry":{"type":"Polygon","coordinates":[[[100.0738,21.1532],[100.1487,20.9636],[100.3738,21.0364],[100.5455,21.023],[100.638,21.0635],[100.7253,21.3138],[100.8474,21.3039],[101.1634,21.5266],[101.1059,21.775],[100.8848,21.6878],[100.7249,21.5147],[100.5862,21.4534],[100.4821,21.4581],[100.4317,21.5415],[100.1692,21.4852],[100.2381,21.3953],[100.1755,21.3592],[100.1882,21.229],[100.0738,21.1532]]]},"properties":{"pcode":"MMR016011","iso3":"MMR","name":"Mongyawng"},"id":"1165"},
{"type":"Feature","geometry":{"type":"MultiPolygon","coordinates":[[[[94.4244,16.9502],[94.4261,16.9483],[94.433,16.953],[94.4287,16.9564],[94.4244,16.9502]]],[[[94.5596,17.4753],[94.5669,17.3176],[94.4849,17.2636],[94.5339,17.1844],[94.4423,17.1851],[94.4869,17.1174],[94.4444,16.9449],[94.3832,16.9167],[94.3626,16.7343],[94.3771,16.7218],[94.4597,16.7196],[94.5309,16.6229],[94.6409,16.6274],[94.6802,16.6732],[94.7315,16.6331],[94.73196346126511,16.639984330875606],[94.7363,16.7044],[94.8335,16.799],[94.7377,16.9258],[94.6969,16.8864],[94.602,16.9604],[94.5628,17.1146],[94.6246,17.3949],[94.5679,17.4547],[94.5596,17.4753]]],[[[94.4993,17.3193],[94.4989,17.3142],[94.5034,17.3151],[94.502,17.3204],[94.4993,17.3193]]]]},"properties":{"pcode":"MMR017001","iso3":"MMR","name":"Pathein"},"id":"1166"},
{"type":"Feature","geometry":{"type":"Polygon","coordinates":[[[94.73196346126511,16.639984330875606],[94.7446209882311,16.626901665599313],[94.7465,16.6273],[94.74857381814192,16.622816068882322],[94.784,16.5862],[94.9452,16.7434],[94.9462,16.7438],[95.0317,16.8934],[95.0317,16.9895],[94.9742,16.9704],[94.8912,16.9362],[94.8048,16.9816],[94.8112,16.9296],[94.7377,16.9258],[94.8335,16.799],[94.7363,16.7044],[94.73196346126511,16.639984330875606]]]},"properties":{"pcode":"MMR017002","iso3":"MMR","name":"Kangyidaunt"},"id":"1167"},
{"type":"Feature","geometry":{"type":"Polygon","coordinates":[[[94.6246,17.3949],[94.5628,17.1146],[94.602,16.9604],[94.6969,16.8864],[94.7377,16.9258],[94.8112,16.9296],[94.8048,16.9816],[94.8912,16.9362],[94.9742,16.9704],[95.0513,17.1314],[94.9863,17.1305],[95.0088,17.2875],[94.8454,17.2778],[94.7321,17.3624],[94.6398,17.4122],[94.6246,17.3949]]]},"properties":{"pcode":"MMR017003","iso3":"MMR","name":"Thabaung"},"id":"1168"},
{"type":"Feature","geometry":{"type":"MultiPolygon","coordinates":[[[[94.2763,15.8696],[94.2721,15.8632],[94.2752,15.8586],[94.2804,15.8647],[94.2763,15.8696]]],[[[94.3047,16.0073],[94.5068,16.1793],[94.4712,16.2939],[94.4884,16.2882],[94.4876,16.2881],[94.4996,16.2756],[94.5105,16.2741],[94.5112,16.2806],[94.5151,16.2793],[94.5098,16.2345],[94.5447,16.2048],[94.5587,16.2523],[94.5369,16.2721],[94.5634,16.2633],[94.6341,16.3421],[94.6156,16.3431],[94.6432,16.3983],[94.6701,16.3847],[94.6669,16.3787],[94.6762,16.3891],[94.6833,16.4644],[94.6842,16.463],[94.6837,16.4682],[94.6994,16.6337],[94.6409,16.6274],[94.5309,16.6229],[94.4597,16.7196],[94.3771,16.7218],[94.3626,16.7343],[94.3399,16.5582],[94.2379,16.5226],[94.2253,16.3932],[94.2239,16.3915],[94.2243,16.3835],[94.1912,16.0427],[94.2428,15.9545],[94.2828,15.9886],[94.3238,15.9782],[94.3371,16.0179],[94.3282,16.0211],[94.3047,16.0073]]],[[[94.5741,16.0052],[94.6576,16.1655],[94.6447,16.2538],[94.3845,16.0043],[94.3948,15.8346],[94.4181,15.8558],[94.4337,15.8817],[94.4458,15.9248],[94.4695,15.9258],[94.4813,15.9729],[94.5741,16.0052]]],[[[94.5268,16.1554],[94.518,16.1392],[94.5314,16.1458],[94.5399,16.156],[94.5268,16.1554]]],[[[94.6465,16.1004],[94.62166764829617,16.066653470761462],[94.6114,16.0527],[94.6126,16.0478],[94.61553282361253,16.05088069707199],[94.6245,16.0603],[94.6465,16.1004]]],[[[94.6637,16.1361],[94.6603,16.1288],[94.6611,16.1208],[94.6635,16.1274],[94.6637,16.1361]]],[[[94.6795,16.3845],[94.5744,16.2319],[94.6079,16.2466],[94.6604,16.3308],[94.6795,16.3845]]],[[[94.6341,16.3421],[94.6466,16.3414],[94.6669,16.3787],[94.6341,16.3421]]],[[[94.6982,16.3808],[94.6964,16.3993],[94.6931,16.3951],[94.692,16.3721],[94.6982,16.3808]]],[[[94.6969,16.4029],[94.6976,16.4156],[94.696,16.4114],[94.6949,16.3999],[94.6969,16.4029]]],[[[94.74857381814192,16.622816068882322],[94.7465,16.6273],[94.7446209882311,16.626901665599313],[94.6998,16.6174],[94.6869,16.495],[94.765,16.5873],[94.74857381814192,16.622816068882322]]]]},"properties":{"pcode":"MMR017004","iso3":"MMR","name":"Ngapudaw"},"id":"1169"},
{"type":"Feature","geometry":{"type":"Polygon","coordinates":[[[95.261,17.4829],[95.2453,17.4886],[95.1809,17.4738],[95.1532,17.2054],[95.1918,17.2039],[95.2166,17.1515],[95.3184,17.1524],[95.3567,17.1369],[95.4067,17.2277],[95.4325,17.2934],[95.3663,17.4122],[95.261,17.4829]]]},"properties":{"pcode":"MMR017005","iso3":"MMR","name":"Kyonpyaw"},"id":"1170"},
{"type":"Feature","geometry":{"type":"Polygon","coordinates":[[[94.7321,17.3624],[94.8454,17.2778],[95.0088,17.2875],[94.9863,17.1305],[95.0513,17.1314],[95.1532,17.2054],[95.1809,17.4738],[95.0961,17.485],[95.0762,17.4405],[95.0237,17.5588],[94.9514,17.5618],[94.9294,17.4381],[94.7816,17.573],[94.7798,17.5743],[94.8064,17.4791],[94.7321,17.3624]]]},"properties":{"pcode":"MMR017006","iso3":"MMR","name":"Yegyi"},"id":"1171"},
{"type":"Feature","geometry":{"type":"Polygon","coordinates":[[[95.0317,16.8934],[95.2016,16.9555],[95.2292,17.0347],[95.341,17.0554],[95.3184,17.1524],[95.2166,17.1515],[95.1918,17.2039],[95.1532,17.2054],[95.0513,17.1314],[94.9742,16.9704],[95.0317,16.9895],[95.0317,16.8934]]]},"properties":{"pcode":"MMR017007","iso3":"MMR","name":"Kyaunggon"},"id":"1172"},
{"type":"Feature","geometry":{"type":"Polygon","coordinates":[[[95.4875,17.8049],[95.4095,17.8266],[95.2128,17.7277],[95.2132,17.6465],[95.261,17.4829],[95.3663,17.4122],[95.3846,17.4087],[95.4172,17.4035],[95.4232,17.516],[95.5016,17.4795],[95.5056,17.5624],[95.5822,17.6078],[95.4321,17.7207],[95.4875,17.8049]]]},"properties":{"pcode":"MMR017008","iso3":"MMR","name":"Hinthada"},"id":"1173"},
{"type":"Feature","geometry":{"type":"Polygon","coordinates":[[[95.6245,17.6246],[95.5822,17.6078],[95.5056,17.5624],[95.5016,17.4795],[95.4232,17.516],[95.4172,17.4035],[95.618,17.3482],[95.7361,17.478],[95.6283,17.6231],[95.6245,17.6246]]]},"properties":{"pcode":"MMR017009","iso3":"MMR","name":"Zalun"},"id":"1174"},
{"type":"Feature","geometry":{"type":"Polygon","coordinates":[[[94.7798,17.5743],[94.7816,17.573],[94.9294,17.4381],[94.9514,17.5618],[95.0237,17.5588],[95.0762,17.4405],[95.0961,17.485],[95.1809,17.4738],[95.2453,17.4886],[95.261,17.4829],[95.2132,17.6465],[95.1193,17.638],[95.0282,17.733],[94.8856,17.7657],[94.8789,17.7684],[94.7798,17.5743]]]},"properties":{"pcode":"MMR017010","iso3":"MMR","name":"Lemyethna"},"id":"1175"},
{"type":"Feature","geometry":{"type":"Polygon","coordinates":[[[95.2723,18.3244],[95.1217,18.1473],[94.8896,18.1727],[94.8186,17.9818],[94.8807,17.9],[94.9862,18.0347],[95.1713,17.9504],[95.1705,17.9958],[95.2981,18.0308],[95.3352,18.0079],[95.3063,17.9245],[95.4613,17.9494],[95.4184,18.2198],[95.2841,18.3191],[95.2723,18.3244]]]},"properties":{"pcode":"MMR017011","iso3":"MMR","name":"Myanaung"},"id":"1176"},
{"type":"Feature","geometry":{"type":"Polygon","coordinates":[[[94.8233,18.3596],[94.8843,18.2947],[94.8896,18.1727],[95.1217,18.1473],[95.2723,18.3244],[95.2637,18.3584],[95.1297,18.5039],[95.1074,18.5109],[95.0778,18.3789],[94.935,18.453],[94.8233,18.3596]]]},"properties":{"pcode":"MMR017012","iso3":"MMR","name":"Kyangin"},"id":"1177"},
{"type":"Feature","geometry":{"type":"Polygon","coordinates":[[[95.4765,17.8429],[95.4613,17.9494],[95.3063,17.9245],[95.3352,18.0079],[95.2981,18.0308],[95.1705,17.9958],[95.1713,17.9504],[94.9862,18.0347],[94.8807,17.9],[94.8789,17.7684],[94.8856,17.7657],[95.0282,17.733],[95.1193,17.638],[95.2132,17.6465],[95.2128,17.7277],[95.4095,17.8266],[95.4875,17.8049],[95.4765,17.8429]]]},"properties":{"pcode":"MMR017013","iso3":"MMR","name":"Ingapu"},"id":"1178"},
{"type":"Feature","geometry":{"type":"MultiPolygon","coordinates":[[[[94.6923,16.4271],[94.6936,16.4175],[94.6959,16.4222],[94.6943,16.4303],[94.6923,16.4271]]],[[[94.784,16.5862],[94.6913,16.4869],[94.7094,16.394],[94.7633,16.4127],[94.7277,16.3592],[94.7436,16.3261],[94.8466,16.3809],[94.9632,16.383],[94.9451,16.3325],[94.946,16.3319],[95.0028,16.3747],[95.0085,16.3717],[95.0881,16.4685],[95.0499,16.4818],[95.0895,16.5771],[94.9898,16.608],[95.0374,16.7256],[94.9462,16.7438],[94.9452,16.7434],[94.784,16.5862]]]]},"properties":{"pcode":"MMR017014","iso3":"MMR","name":"Myaungmya"},"id":"1179"},
{"type":"Feature","geometry":{"type":"Polygon","coordinates":[[[94.9462,16.7438],[95.0374,16.7256],[94.9898,16.608],[95.0895,16.5771],[95.1326,16.5826],[95.2223,16.8195],[95.2221,16.9309],[95.2016,16.9555],[95.0317,16.8934],[94.9462,16.7438]]]},"properties":{"pcode":"MMR017015","iso3":"MMR","name":"Einme"},"id":"1180"},
{"type":"Feature","geometry":{"type":"MultiPolygon","coordinates":[[[[94.8127,15.9394],[94.7311,15.8196],[94.8117,15.7932],[94.8235,15.8475],[94.8127,15.9394]]],[[[94.843,15.8838],[94.8428,15.8997],[94.8299,15.9089],[94.8347,15.8925],[94.843,15.8838]]],[[[94.5163,15.9224],[94.5146,15.9303],[94.5075,15.9284],[94.5114,15.921],[94.5163,15.9224]]],[[[94.8232,16.033],[94.8665,16.1904],[95.0441,16.3323],[95.0085,16.3717],[95.0028,16.3747],[94.946,16.3319],[94.7252,16.0709],[94.7996,16.2147],[94.9451,16.3325],[94.9632,16.383],[94.8466,16.3809],[94.7436,16.3261],[94.7277,16.3592],[94.6558,16.2476],[94.7186,16.2137],[94.7481,16.2795],[94.7556,16.2336],[94.7172,16.2095],[94.6768,16.2084],[94.62166764829617,16.066653470761462],[94.6465,16.1004],[94.6245,16.0603],[94.61553282361253,16.05088069707199],[94.5712,15.9369],[94.6437,15.9746],[94.6043,15.928],[94.6681,15.8497],[94.8062,15.9708],[94.8091,15.9816],[94.8102,15.9803],[94.8551,16.0206],[94.8452,16.0694],[94.8232,16.033]],[[94.6637,16.1361],[94.6635,16.1274],[94.6611,16.1208],[94.6603,16.1288],[94.6637,16.1361]]],[[[94.6557,16.2752],[94.6629,16.2858],[94.6636,16.2879],[94.6549,16.2765],[94.6557,16.2752]]],[[[94.6799,16.3089],[94.681,16.3193],[94.6751,16.3087],[94.6749,16.3021],[94.6799,16.3089]]],[[[95.0236,15.726],[95.0586,15.713],[95.0644,15.7434],[95.0463,15.7478],[95.0236,15.726]]],[[[94.9828,15.8475],[94.9934,15.7763],[95.0414,15.8336],[95.0056,15.8435],[94.9828,15.8475]]],[[[95.0585,15.8157],[95.0631,15.8168],[95.0639,15.8348],[95.0553,15.8255],[95.0585,15.8157]]],[[[94.9881,16.1595],[95.1098,16.3195],[95.1,16.3193],[95.0618,16.2712],[95.0439,16.317],[94.8813,16.1882],[94.8788,16.0327],[94.8231,15.9498],[94.8739,15.8265],[94.8638,15.9002],[94.9437,15.9542],[94.9506,15.9462],[94.9403,15.9332],[94.9073,15.9245],[94.8691,15.8927],[94.8885,15.8259],[94.8337,15.7913],[94.8645,15.7568],[94.9667,15.7472],[94.9825,15.8522],[95.0469,15.8442],[95.0863,16.0957],[95.0501,16.1611],[95.0422,16.1817],[94.9881,16.1595]]],[[[94.8431,15.999],[94.8523,16.0056],[94.8535,16.0109],[94.8393,15.9992],[94.8431,15.999]]],[[[94.8767,16.1708],[94.879,16.1846],[94.8654,16.1728],[94.8674,16.1594],[94.8767,16.1708]]],[[[95.111,16.3151],[95.11533289540172,16.307684082870143],[95.1162,16.3062],[95.1175,16.3191],[95.1143490647244,16.319579490150637],[95.1129,16.3198],[95.111,16.3151]]]]},"properties":{"pcode":"MMR017016","iso3":"MMR","name":"Labutta"},"id":"1181"},
{"type":"Feature","geometry":{"type":"Polygon","coordinates":[[[95.0085,16.3717],[95.0441,16.3323],[95.0439,16.317],[95.0618,16.2712],[95.1,16.3193],[95.1098,16.3195],[95.114,16.3238],[95.1922,16.3811],[95.2028,16.4988],[95.4102,16.5923],[95.4111,16.629],[95.4286,16.7234],[95.4841,16.7338],[95.4647,16.7986],[95.311,16.7508],[95.276,16.824],[95.2223,16.8195],[95.1326,16.5826],[95.0895,16.5771],[95.0499,16.4818],[95.0881,16.4685],[95.0085,16.3717]]]},"properties":{"pcode":"MMR017017","iso3":"MMR","name":"Wakema"},"id":"1182"},
{"type":"Feature","geometry":{"type":"Polygon","coordinates":[[[95.0863,16.0957],[95.1196,16.2561],[95.1306,16.1227],[95.2776,16.1842],[95.3348,16.3176],[95.5166,16.4142],[95.5244,16.4714],[95.4789,16.4506],[95.4339,16.5696],[95.3837,16.5368],[95.4102,16.5923],[95.2028,16.4988],[95.1922,16.3811],[95.114,16.3238],[95.1143490647244,16.319579490150637],[95.1175,16.3191],[95.1162,16.3062],[95.11533289540172,16.307684082870143],[95.1173,16.2839],[95.0422,16.1817],[95.0501,16.1611],[95.0863,16.0957]]]},"properties":{"pcode":"MMR017018","iso3":"MMR","name":"Mawlamyinegyun"},"id":"1183"},
{"type":"Feature","geometry":{"type":"Polygon","coordinates":[[[95.8372,16.8702],[95.7185,16.9097],[95.6069,16.884],[95.4647,16.7986],[95.4841,16.7338],[95.4286,16.7234],[95.4111,16.629],[95.4363,16.6496],[95.4978,16.572],[95.588,16.6363],[95.7115,16.5947],[95.7053,16.5499],[95.7994,16.575],[95.8354,16.5075],[95.8803,16.5563],[95.8227,16.6153],[95.8803,16.7466],[95.8372,16.8702]]]},"properties":{"pcode":"MMR017019","iso3":"MMR","name":"Maubin"},"id":"1184"},
{"type":"Feature","geometry":{"type":"Polygon","coordinates":[[[95.3184,17.1524],[95.341,17.0554],[95.2292,17.0347],[95.2016,16.9555],[95.2221,16.9309],[95.2223,16.8195],[95.276,16.824],[95.311,16.7508],[95.4647,16.7986],[95.6069,16.884],[95.5356,16.954],[95.5528,17.0714],[95.5268,17.1988],[95.4718,17.1426],[95.4145,17.2268],[95.4067,17.2277],[95.3567,17.1369],[95.3184,17.1524]]]},"properties":{"pcode":"MMR017020","iso3":"MMR","name":"Pantanaw"},"id":"1185"},
{"type":"Feature","geometry":{"type":"Polygon","coordinates":[[[95.7098,17.2025],[95.634,17.1942],[95.6359,17.101],[95.5528,17.0714],[95.5356,16.954],[95.6069,16.884],[95.7185,16.9097],[95.8372,16.8702],[95.8487,16.8895],[95.8869,16.9543],[95.7832,17.1679],[95.7392,17.2008],[95.7098,17.2025]]]},"properties":{"pcode":"MMR017021","iso3":"MMR","name":"Nyaungdon"},"id":"1186"},
{"type":"Feature","geometry":{"type":"Polygon","coordinates":[[[95.618,17.3482],[95.4172,17.4035],[95.3846,17.4087],[95.3663,17.4122],[95.4325,17.2934],[95.4067,17.2277],[95.4145,17.2268],[95.4718,17.1426],[95.5268,17.1988],[95.5528,17.0714],[95.6359,17.101],[95.634,17.1942],[95.7098,17.2025],[95.6974,17.3319],[95.618,17.3482]]]},"properties":{"pcode":"MMR017022","iso3":"MMR","name":"Danubyu"},"id":"1187"},
{"type":"Feature","geometry":{"type":"MultiPolygon","coordinates":[[[[95.3121,15.6732],[95.3709,15.6976],[95.2758,15.6961],[95.2731,15.6802],[95.3121,15.6732]]],[[[95.2474,15.6872],[95.2453,15.6948],[95.211,15.6897],[95.2075,15.7008],[95.2044,15.6984],[95.2041,15.6946],[95.2104,15.6842],[95.2474,15.6872]]],[[[95.7112,16.2754],[95.7034,16.3913],[95.6832,16.3794],[95.6386,16.4178],[95.5052,16.3276],[95.5845,16.251],[95.5414,16.104],[95.5975,16.0079],[95.3039,15.869],[95.2996,15.712],[95.5296,15.7985],[95.7407,16.1108],[95.7112,16.2754]]]]},"properties":{"pcode":"MMR017023","iso3":"MMR","name":"Pyapon"},"id":"1188"},
{"type":"Feature","geometry":{"type":"MultiPolygon","coordinates":[[[[95.3309,15.9577],[95.3181,15.9489],[95.3124,15.9269],[95.3334,15.9371],[95.3309,15.9577]]],[[[95.2596,15.9405],[95.2477,15.8503],[95.3384,15.978],[95.3235,16.0866],[95.2742,16.0339],[95.3016,16.1619],[95.3921,16.2975],[95.3909,16.2406],[95.3662,16.1645],[95.3288,16.1053],[95.3313,16.0902],[95.3314,16.0888],[95.3316,16.0886],[95.3324,16.0838],[95.3321,16.0841],[95.3325,16.0833],[95.3474,15.9942],[95.3381,15.9655],[95.3418,15.9576],[95.3495,15.9818],[95.3534,15.9581],[95.3039,15.869],[95.5975,16.0079],[95.5414,16.104],[95.5845,16.251],[95.5052,16.3276],[95.6386,16.4178],[95.5579,16.4691],[95.5244,16.4714],[95.5166,16.4142],[95.3348,16.3176],[95.2776,16.1842],[95.1841,16.0285],[95.1804,16.0286],[95.1869,16.111],[95.0923,16.0656],[95.1009,15.9801],[95.1156,16.0262],[95.1148,15.9888],[95.1006,15.961],[95.1074,15.9398],[95.1142,15.9564],[95.1112,15.8102],[95.2241,15.799],[95.2521,15.9302],[95.2596,15.9405]]],[[[95.1233,16.1023],[95.1134,16.0972],[95.1092,16.0911],[95.1205,16.0979],[95.1233,16.1023]]],[[[95.3312,16.1259],[95.3281,16.122],[95.3275,16.1189],[95.3302,16.1231],[95.3312,16.1259]]],[[[95.3342,16.1267],[95.3364,16.1301],[95.3325,16.1269],[95.331,16.1229],[95.3342,16.1267]]],[[[95.3368,16.1238],[95.3433,16.1341],[95.3389,16.1316],[95.3302,16.1191],[95.3368,16.1238]]],[[[95.3435,16.1361],[95.3469,16.1403],[95.3391,16.135],[95.3372,16.1322],[95.3435,16.1361]]],[[[95.3619,16.1641],[95.3642,16.2105],[95.3045,16.1566],[95.3239,16.1191],[95.3619,16.1641]]],[[[95.3381,16.1984],[95.3445,16.2025],[95.3289,16.1944],[95.3255,16.1891],[95.3381,16.1984]]]]},"properties":{"pcode":"MMR017024","iso3":"MMR","name":"Bogale"},"id":"1189"},
{"type":"Feature","geometry":{"type":"MultiPolygon","coordinates":[[[[95.8202,16.4612],[95.8264,16.4538],[95.8319,16.4577],[95.8202,16.4612]]],[[[95.8354,16.5075],[95.7994,16.575],[95.7053,16.5499],[95.7115,16.5947],[95.588,16.6363],[95.4978,16.572],[95.4363,16.6496],[95.4111,16.629],[95.4102,16.5923],[95.3837,16.5368],[95.4339,16.5696],[95.4789,16.4506],[95.5244,16.4714],[95.5579,16.4691],[95.6386,16.4178],[95.6832,16.3794],[95.7034,16.3913],[95.7834,16.474],[95.819,16.461],[95.8232,16.4863],[95.8354,16.5075]]]]},"properties":{"pcode":"MMR017025","iso3":"MMR","name":"Kyaiklat"},"id":"1190"},
{"type":"Feature","geometry":{"type":"MultiPolygon","coordinates":[[[[95.9233,16.3673],[95.9292,16.3881],[95.8872306011162,16.41812127607721],[95.88554929250753,16.41932393876131],[95.88054604770883,16.422902827127086],[95.8319,16.4577],[95.8264,16.4538],[95.8202,16.4612],[95.819,16.461],[95.7834,16.474],[95.7034,16.3913],[95.7112,16.2754],[95.7505,16.1238],[95.8567,16.2159],[95.8457,16.191],[95.8814,16.1937],[95.9301,16.2432],[95.9178,16.2124],[96.0122,16.2413],[96.0557,16.2943],[96.0787,16.3331],[95.9899,16.3884],[95.9922,16.3915],[95.9807,16.4046],[95.9276,16.4025],[95.9608,16.3486],[95.986,16.3831],[95.9638,16.3276],[95.9509,16.362],[95.9469,16.3579],[95.9534,16.3015],[95.9418,16.2725],[95.9321,16.3874],[95.9233,16.3673]]],[[[96.05571386961455,16.362120148800884],[96.0528,16.3668],[96.0479,16.369],[96.04509634358347,16.369905796688418],[96.0414,16.3711],[96.0561,16.3615],[96.05571386961455,16.362120148800884]]],[[[95.989,16.4012],[95.9971,16.3895],[96.0109,16.386],[95.9971,16.3991],[95.989,16.4012]]]]},"properties":{"pcode":"MMR017026","iso3":"MMR","name":"Dedaye"},"id":"1191"},
{"type":"Feature","geometry":{"type":"Polygon","coordinates":[[[96.3636,20.0136],[96.3516,20.0177],[96.2318,20.0154],[96.2352,19.7597],[96.2898,19.7129],[96.4543,19.8501],[96.3636,20.0136]]]},"properties":{"pcode":"MMR018001","iso3":"MMR","name":"Zay Yar Thi Ri"},"id":"1192"},
{"type":"Feature","geometry":{"type":"Polygon","coordinates":[[[96.1412,19.7682],[96.1018,19.7826],[96.0411,19.768],[96.0426,19.7638],[96.1749,19.705],[96.1847,19.7517],[96.1412,19.7682]]]},"properties":{"pcode":"MMR018002","iso3":"MMR","name":"Za Bu Thi Ri"},"id":"1193"},
{"type":"Feature","geometry":{"type":"Polygon","coordinates":[[[95.7814,20.0491],[95.9907,20.0421],[96.1463,20.0293],[96.2188,20.019],[96.2318,20.0154],[96.3516,20.0177],[96.3636,20.0136],[96.4679,20.0559],[96.441,20.1365],[96.5047,20.1931],[96.3207,20.3147],[96.178,20.2504],[95.9832,20.2983],[95.9441,20.2129],[95.7369,20.3109],[95.8342,20.1441],[95.7821,20.0561],[95.7814,20.0491]]]},"properties":{"pcode":"MMR018003","iso3":"MMR","name":"Tatkon"},"id":"1194"},
{"type":"Feature","geometry":{"type":"Polygon","coordinates":[[[96.0411,19.768],[95.9974,19.765],[96.0387,19.6534],[96.1555,19.6723],[96.1749,19.705],[96.0426,19.7638],[96.0411,19.768]]]},"properties":{"pcode":"MMR018004","iso3":"MMR","name":"Det Khi Na Thi Ri"},"id":"1195"},
{"type":"Feature","geometry":{"type":"Polygon","coordinates":[[[96.2318,20.0154],[96.2188,20.019],[96.1463,20.0293],[96.1412,19.7682],[96.1847,19.7517],[96.2352,19.7597],[96.2318,20.0154]]]},"properties":{"pcode":"MMR018005","iso3":"MMR","name":"Poke Ba Thi Ri"},"id":"1196"},
{"type":"Feature","geometry":{"type":"Polygon","coordinates":[[[96.6679,19.5092],[96.6478,19.5771],[96.5476,19.6021],[96.6569,19.6897],[96.5952,19.7574],[96.5194,19.8592],[96.4543,19.8501],[96.2898,19.7129],[96.2352,19.7597],[96.1847,19.7517],[96.1749,19.705],[96.1555,19.6723],[96.3366,19.6543],[96.4751,19.5595],[96.4879,19.4831],[96.6122,19.4275],[96.6679,19.5092]]]},"properties":{"pcode":"MMR018006","iso3":"MMR","name":"Pyinmana"},"id":"1197"},
{"type":"Feature","geometry":{"type":"Polygon","coordinates":[[[96.4879,19.4831],[96.4751,19.5595],[96.3366,19.6543],[96.1555,19.6723],[96.0387,19.6534],[95.9974,19.765],[95.8862,19.9294],[95.7965,19.9405],[95.8175,19.8166],[95.7128,19.6301],[95.7127,19.6284],[95.7833,19.4638],[95.7949,19.4596],[95.8915,19.4366],[95.9452,19.4816],[96.1271,19.4169],[96.1821,19.4926],[96.3916,19.474],[96.4879,19.4831]]]},"properties":{"pcode":"MMR018007","iso3":"MMR","name":"Lewe"},"id":"1198"},
{"type":"Feature","geometry":{"type":"Polygon","coordinates":[[[95.7965,19.9405],[95.8862,19.9294],[95.9974,19.765],[96.0411,19.768],[96.1018,19.7826],[96.1412,19.7682],[96.1463,20.0293],[95.9907,20.0421],[95.7814,20.0491],[95.7965,19.9405]]]},"properties":{"pcode":"MMR018008","iso3":"MMR","name":"Oke Ta Ra Thi Ri"},"id":"1199"},
{"type":"Feature","geometry":{"type":"Polygon","coordinates":[[[36.3401,33.5591],[36.3253,33.5641],[36.3254,33.5642],[36.2728,33.5558],[36.2124,33.5393],[36.1978,33.5256],[36.1992,33.5146],[36.2877,33.4598],[36.3102,33.4618],[36.3294,33.4946],[36.3361,33.51],[36.35,33.5221],[36.3534,33.5466],[36.3401,33.5591]]]},"properties":{"pcode":"SY010000","iso3":"SYR","name":"Damascus"},"id":"1200"},
{"type":"Feature","geometry":{"type":"Polygon","coordinates":[[[37.301,36.1709],[37.27,36.2813],[37.2937,36.3549],[37.22104120596016,36.36567905186305],[37.22094440033875,36.36567298764536],[37.220804145028225,36.36569375537643],[37.1978,36.3691],[37.19020787541104,36.36374755216478],[37.19013482247825,36.36369604984717],[37.0178,36.2422],[36.9978,36.1897],[36.9987,36.1204],[37.005,36.1197],[37.0768,36.0418],[37.1384,36.0031],[37.2038,36.0317],[37.301,36.1709]]]},"properties":{"pcode":"SY020000","iso3":"SYR","name":"Jebel Saman"},"id":"1201"},
{"type":"Feature","geometry":{"type":"Polygon","coordinates":[[[36.9978,36.1897],[36.8301,36.1975],[36.8165,36.2156],[36.7188,36.1402],[36.7772,36.0666],[36.8828,36.0299],[36.9987,36.1204],[36.9978,36.1897]]]},"properties":{"pcode":"SY020001","iso3":"SYR","name":"Atareb"},"id":"1202"},
{"type":"Feature","geometry":{"type":"Polygon","coordinates":[[[37.1384,36.0031],[37.1359,35.9957],[37.0606,35.902],[37.0538,35.8373],[37.1367,35.7963],[37.1181,35.6093],[37.1184,35.6075],[37.1991,35.5462],[37.3462,35.5069],[37.4341,35.55],[37.3669,35.7513],[37.3189,35.863],[37.32,35.8652],[37.2703,35.8879],[37.2416,36.0421],[37.2038,36.0317],[37.1384,36.0031]]]},"properties":{"pcode":"SY020002","iso3":"SYR","name":"Tall Ed-daman"},"id":"1203"},
{"type":"Feature","geometry":{"type":"MultiPolygon","coordinates":[[[[37.301,36.1709],[37.4231,36.1923],[37.3863,36.2157],[37.3399,36.2125],[37.3225,36.3624],[37.298,36.3705],[37.2209,36.3657],[37.22104120596016,36.36567905186305],[37.2937,36.3549],[37.27,36.2813],[37.301,36.1709]]],[[[37.19013482247825,36.36369604984717],[37.1671,36.3623],[37.1273,36.3424],[36.9972,36.3306],[36.9872,36.2697],[37.0178,36.2422],[37.19013482247825,36.36369604984717]]],[[[37.220804145028225,36.36569375537643],[37.2209,36.3657],[37.1978,36.3691],[37.220804145028225,36.36569375537643]]]]},"properties":{"pcode":"SY020003","iso3":"SYR","name":"Haritan"},"id":"1204"},
{"type":"Feature","geometry":{"type":"Polygon","coordinates":[[[37.0178,36.2422],[36.9872,36.2697],[36.9149,36.3059],[36.8938,36.2994],[36.7982,36.3362],[36.7603,36.3127],[36.8219,36.2835],[36.8165,36.2156],[36.8301,36.1975],[36.9978,36.1897],[37.0178,36.2422]]]},"properties":{"pcode":"SY020004","iso3":"SYR","name":"Daret Azza"},"id":"1205"},
{"type":"Feature","geometry":{"type":"Polygon","coordinates":[[[36.9987,36.1204],[36.8828,36.0299],[36.8827,36.0244],[36.8754,35.9569],[36.8747,35.9517],[36.9363,35.8933],[36.9869,35.8053],[37.0538,35.8373],[37.0606,35.902],[36.981,36.0051],[37.0768,36.0418],[37.005,36.1197],[36.9987,36.1204]]]},"properties":{"pcode":"SY020005","iso3":"SYR","name":"Zarbah"},"id":"1206"},
{"type":"Feature","geometry":{"type":"Polygon","coordinates":[[[37.0768,36.0418],[36.981,36.0051],[37.0606,35.902],[37.1359,35.9957],[37.1384,36.0031],[37.0768,36.0418]]]},"properties":{"pcode":"SY020006","iso3":"SYR","name":"Hadher"},"id":"1207"},
{"type":"Feature","geometry":{"type":"Polygon","coordinates":[[[37.3863,36.2157],[37.3884,36.2349],[37.419,36.3213],[37.6467,36.3928],[37.5257,36.4758],[37.5201,36.535],[37.4678,36.523],[37.4158,36.5691],[37.4354,36.4892],[37.3928,36.4629],[37.3225,36.3624],[37.3399,36.2125],[37.3863,36.2157]]]},"properties":{"pcode":"SY020200","iso3":"SYR","name":"Al Bab"},"id":"1208"},
{"type":"Feature","geometry":{"type":"Polygon","coordinates":[[[37.3884,36.2349],[37.4737,36.2424],[37.7153,36.2798],[37.7212,36.2981],[37.7353,36.3016],[37.6467,36.3928],[37.419,36.3213],[37.3884,36.2349]]]},"properties":{"pcode":"SY020201","iso3":"SYR","name":"Tadaf"},"id":"1209"},
{"type":"Feature","geometry":{"type":"Polygon","coordinates":[[[37.6975,36.0742],[37.7159,36.1394],[37.7227,36.152],[37.6018,36.1847],[37.5782,36.0825],[37.6975,36.0742]]]},"properties":{"pcode":"SY020202","iso3":"SYR","name":"Dayr Hafir"},"id":"1210"},
{"type":"Feature","geometry":{"type":"Polygon","coordinates":[[[37.5201,36.535],[37.6116,36.5921],[37.6475,36.5301],[37.689,36.5307],[37.656,36.638],[37.6455,36.7262],[37.4036,36.6492],[37.4158,36.5691],[37.4678,36.523],[37.5201,36.535]]]},"properties":{"pcode":"SY020203","iso3":"SYR","name":"Ar-Ra'ee"},"id":"1211"},
{"type":"Feature","geometry":{"type":"Polygon","coordinates":[[[37.4231,36.1923],[37.4242,36.1901],[37.4866,36.0728],[37.5782,36.0825],[37.6018,36.1847],[37.4775,36.2288],[37.4737,36.2424],[37.3884,36.2349],[37.3863,36.2157],[37.4231,36.1923]]]},"properties":{"pcode":"SY020204","iso3":"SYR","name":"Eastern Kwaires"},"id":"1212"},
{"type":"Feature","geometry":{"type":"Polygon","coordinates":[[[37.4737,36.2424],[37.4775,36.2288],[37.6018,36.1847],[37.7227,36.152],[37.8696,36.256],[37.7142,36.2692],[37.7153,36.2798],[37.4737,36.2424]]]},"properties":{"pcode":"SY020205","iso3":"SYR","name":"Rasm Haram El-Imam"},"id":"1213"},
{"type":"Feature","geometry":{"type":"Polygon","coordinates":[[[37.6467,36.3928],[37.7353,36.3016],[37.7682,36.5075],[37.7238,36.5298],[37.689,36.5307],[37.6475,36.5301],[37.6116,36.5921],[37.5201,36.535],[37.5257,36.4758],[37.6467,36.3928]]]},"properties":{"pcode":"SY020206","iso3":"SYR","name":"A'rima"},"id":"1214"},
{"type":"Feature","geometry":{"type":"Polygon","coordinates":[[[36.9149,36.3059],[36.9326,36.4128],[37.0199,36.4345],[37.0061,36.5282],[36.9818,36.5653],[36.8934,36.538],[36.8422,36.5698],[36.7793,36.5224],[36.7913,36.4845],[36.7982,36.3362],[36.8938,36.2994],[36.9149,36.3059]]]},"properties":{"pcode":"SY020300","iso3":"SYR","name":"Afrin"},"id":"1215"},
{"type":"Feature","geometry":{"type":"Polygon","coordinates":[[[36.9271,36.7798],[36.9027,36.7777],[36.7602,36.8159],[36.7295,36.7588],[36.7861,36.6642],[36.8193,36.6539],[36.8495,36.6515],[36.9271,36.7798]]]},"properties":{"pcode":"SY020301","iso3":"SYR","name":"Bulbul"},"id":"1216"},
{"type":"Feature","geometry":{"type":"Polygon","coordinates":[[[36.7982,36.3362],[36.7913,36.4845],[36.7793,36.5224],[36.6606,36.5195],[36.6493,36.5184],[36.5684,36.4501],[36.6078,36.3299],[36.6691,36.3205],[36.7575,36.3196],[36.7603,36.3127],[36.7982,36.3362]]]},"properties":{"pcode":"SY020302","iso3":"SYR","name":"Jandairis"},"id":"1217"},
{"type":"Feature","geometry":{"type":"Polygon","coordinates":[[[36.7602,36.8159],[36.6707,36.8427],[36.603,36.5899],[36.6645,36.5962],[36.7796,36.6398],[36.7861,36.6642],[36.7295,36.7588],[36.7602,36.8159]]]},"properties":{"pcode":"SY020303","iso3":"SYR","name":"Raju"},"id":"1218"},
{"type":"Feature","geometry":{"type":"Polygon","coordinates":[[[36.9818,36.5653],[37.0345,36.6568],[37.0581,36.7208],[36.9657,36.772],[36.9271,36.7798],[36.8495,36.6515],[36.8422,36.5698],[36.8934,36.538],[36.9818,36.5653]]]},"properties":{"pcode":"SY020304","iso3":"SYR","name":"Sharan"},"id":"1219"},
{"type":"Feature","geometry":{"type":"Polygon","coordinates":[[[36.6606,36.5195],[36.6645,36.5962],[36.603,36.5899],[36.5684,36.4501],[36.6493,36.5184],[36.6606,36.5195]]]},"properties":{"pcode":"SY020305","iso3":"SYR","name":"Sheikh El-Hadid"},"id":"1220"},
{"type":"Feature","geometry":{"type":"Polygon","coordinates":[[[36.8422,36.5698],[36.8495,36.6515],[36.8193,36.6539],[36.7861,36.6642],[36.7796,36.6398],[36.6645,36.5962],[36.6606,36.5195],[36.7793,36.5224],[36.8422,36.5698]]]},"properties":{"pcode":"SY020306","iso3":"SYR","name":"Ma'btali"},"id":"1221"},
{"type":"Feature","geometry":{"type":"Polygon","coordinates":[[[37.0061,36.5282],[37.1116,36.5224],[37.1482,36.5242],[37.1315,36.621],[37.1502,36.6634],[37.0963,36.6235],[37.0345,36.6568],[36.9818,36.5653],[37.0061,36.5282]]]},"properties":{"pcode":"SY020400","iso3":"SYR","name":"A'zaz"},"id":"1222"},
{"type":"Feature","geometry":{"type":"Polygon","coordinates":[[[37.3225,36.3624],[37.3928,36.4629],[37.4354,36.4892],[37.4158,36.5691],[37.4036,36.6492],[37.2703,36.6646],[37.3052,36.5837],[37.2565,36.546],[37.2415,36.4246],[37.2954,36.4253],[37.298,36.3705],[37.3225,36.3624]]]},"properties":{"pcode":"SY020401","iso3":"SYR","name":"Aghtrin"},"id":"1223"},
{"type":"Feature","geometry":{"type":"Polygon","coordinates":[[[37.1671,36.3623],[37.1592,36.5208],[37.1482,36.5242],[37.1116,36.5224],[37.0061,36.5282],[37.0199,36.4345],[37.1273,36.3424],[37.1671,36.3623]]]},"properties":{"pcode":"SY020402","iso3":"SYR","name":"Tall Refaat"},"id":"1224"},
{"type":"Feature","geometry":{"type":"MultiPolygon","coordinates":[[[[37.1978,36.3691],[37.2209,36.3657],[37.298,36.3705],[37.2954,36.4253],[37.2415,36.4246],[37.2565,36.546],[37.1592,36.5208],[37.1671,36.3623],[37.19013482247825,36.36369604984717],[37.19020787541104,36.36374755216478],[37.1978,36.3691]]],[[[37.22104120596016,36.36567905186305],[37.2209,36.3657],[37.220804145028225,36.36569375537643],[37.22094440033875,36.36567298764536],[37.22104120596016,36.36567905186305]]]]},"properties":{"pcode":"SY020403","iso3":"SYR","name":"Mare'"},"id":"1225"},
{"type":"Feature","geometry":{"type":"Polygon","coordinates":[[[37.1273,36.3424],[37.0199,36.4345],[36.9326,36.4128],[36.9149,36.3059],[36.9872,36.2697],[36.9972,36.3306],[37.1273,36.3424]]]},"properties":{"pcode":"SY020404","iso3":"SYR","name":"Nabul"},"id":"1226"},
{"type":"Feature","geometry":{"type":"Polygon","coordinates":[[[37.1482,36.5242],[37.1592,36.5208],[37.2565,36.546],[37.3052,36.5837],[37.2703,36.6646],[37.1502,36.6634],[37.1315,36.621],[37.1482,36.5242]]]},"properties":{"pcode":"SY020405","iso3":"SYR","name":"Suran"},"id":"1227"},
{"type":"Feature","geometry":{"type":"Polygon","coordinates":[[[37.7153,36.2798],[37.7142,36.2692],[37.8696,36.256],[37.948,36.356],[37.9249,36.4188],[38.0512,36.514],[38.2366,36.5055],[38.2727,36.5508],[38.1628,36.6631],[38.0944,36.67],[38.0924,36.6704],[37.9752,36.6097],[37.9448,36.6738],[37.8753,36.6385],[37.7568,36.63],[37.7238,36.5298],[37.7682,36.5075],[37.7353,36.3016],[37.7212,36.2981],[37.7153,36.2798]]]},"properties":{"pcode":"SY020500","iso3":"SYR","name":"Menbij"},"id":"1228"},
{"type":"Feature","geometry":{"type":"Polygon","coordinates":[[[37.948,36.356],[38.1762,36.3269],[38.2651,36.4529],[38.2365,36.5053],[38.2366,36.5055],[38.0512,36.514],[37.9249,36.4188],[37.948,36.356]]]},"properties":{"pcode":"SY020501","iso3":"SYR","name":"Abu Qalqal"},"id":"1229"},
{"type":"Feature","geometry":{"type":"Polygon","coordinates":[[[37.6975,36.0742],[37.7029,36.0302],[37.7146,35.8758],[37.7156,35.8732],[37.9401,35.4344],[38.3167,35.3954],[38.2448,35.4442],[38.3028,35.568],[38.2069,35.6065],[38.1451,35.7927],[38.0034,35.921],[37.9124,35.9255],[37.9969,35.9799],[37.9382,36.1804],[38.0801,36.1473],[38.1969,36.2723],[38.1764,36.3237],[38.1762,36.3269],[37.948,36.356],[37.8696,36.256],[37.7227,36.152],[37.7159,36.1394],[37.6975,36.0742]]]},"properties":{"pcode":"SY020502","iso3":"SYR","name":"Al-Khafsa"},"id":"1230"},
{"type":"Feature","geometry":{"type":"Polygon","coordinates":[[[38.1451,35.7927],[38.1723,35.8365],[38.1154,35.8335],[38.2007,35.9422],[38.1616,35.9762],[38.0588,36.0864],[38.0803,36.145],[38.0801,36.1473],[37.9382,36.1804],[37.9969,35.9799],[37.9124,35.9255],[38.0034,35.921],[38.1451,35.7927]]]},"properties":{"pcode":"SY020503","iso3":"SYR","name":"Maskana"},"id":"1231"},
{"type":"Feature","geometry":{"type":"Polygon","coordinates":[[[38.6442,36.7698],[38.3116,36.9058],[38.1377,36.8844],[38.1401,36.8786],[38.2694,36.7216],[38.3202,36.7166],[38.6705,36.6821],[38.6442,36.7698]]]},"properties":{"pcode":"SY020600","iso3":"SYR","name":"Ain al Arab"},"id":"1232"},
{"type":"Feature","geometry":{"type":"Polygon","coordinates":[[[38.1628,36.6631],[38.2694,36.7216],[38.1401,36.8786],[38.1377,36.8844],[38.0245,36.8268],[38.038,36.7544],[38.0924,36.6704],[38.0944,36.67],[38.1628,36.6631]]]},"properties":{"pcode":"SY020601","iso3":"SYR","name":"Lower Shyookh"},"id":"1233"},
{"type":"Feature","geometry":{"type":"Polygon","coordinates":[[[38.2366,36.5055],[38.2365,36.5053],[38.2651,36.4529],[38.1762,36.3269],[38.1764,36.3237],[38.1969,36.2723],[38.3288,36.2834],[38.4134,36.1525],[38.4238,36.2271],[38.5464,36.2201],[38.5472,36.2901],[38.5838,36.2629],[38.6472,36.313],[38.6759,36.5763],[38.719,36.6438],[38.6238,36.6056],[38.5803,36.6645],[38.6705,36.6821],[38.3202,36.7166],[38.2694,36.7216],[38.1628,36.6631],[38.2727,36.5508],[38.2366,36.5055]]]},"properties":{"pcode":"SY020602","iso3":"SYR","name":"Sarin"},"id":"1234"},
{"type":"Feature","geometry":{"type":"Polygon","coordinates":[[[37.2038,36.0317],[37.2416,36.0421],[37.3891,35.9597],[37.498,35.8972],[37.5647,35.9245],[37.6227,35.8681],[37.7146,35.8758],[37.7029,36.0302],[37.6975,36.0742],[37.5782,36.0825],[37.4866,36.0728],[37.4242,36.1901],[37.4231,36.1923],[37.301,36.1709],[37.2038,36.0317]]]},"properties":{"pcode":"SY020700","iso3":"SYR","name":"As-Safira"},"id":"1235"},
{"type":"Feature","geometry":{"type":"Polygon","coordinates":[[[37.4341,35.55],[37.4359,35.5496],[37.4988,35.4729],[37.9401,35.4344],[37.7156,35.8732],[37.7146,35.8758],[37.6227,35.8681],[37.5647,35.9245],[37.5648,35.913],[37.3669,35.7513],[37.4341,35.55]]]},"properties":{"pcode":"SY020701","iso3":"SYR","name":"Khanaser"},"id":"1236"},
{"type":"Feature","geometry":{"type":"Polygon","coordinates":[[[37.32,35.8652],[37.3746,35.9474],[37.3891,35.9597],[37.2416,36.0421],[37.2703,35.8879],[37.32,35.8652]]]},"properties":{"pcode":"SY020702","iso3":"SYR","name":"Banan"},"id":"1237"},
{"type":"Feature","geometry":{"type":"Polygon","coordinates":[[[37.3669,35.7513],[37.5648,35.913],[37.5647,35.9245],[37.498,35.8972],[37.3891,35.9597],[37.3746,35.9474],[37.32,35.8652],[37.3189,35.863],[37.3669,35.7513]]]},"properties":{"pcode":"SY020703","iso3":"SYR","name":"Hajeb"},"id":"1238"},
{"type":"Feature","geometry":{"type":"Polygon","coordinates":[[[38.0924,36.6704],[38.038,36.7544],[38.0245,36.8268],[37.7893,36.7484],[37.8577,36.739],[37.8753,36.6385],[37.9448,36.6738],[37.9752,36.6097],[38.0924,36.6704]]]},"properties":{"pcode":"SY020800","iso3":"SYR","name":"Jarablus"},"id":"1239"},
{"type":"Feature","geometry":{"type":"Polygon","coordinates":[[[37.689,36.5307],[37.7238,36.5298],[37.7568,36.63],[37.8753,36.6385],[37.8577,36.739],[37.7893,36.7484],[37.6455,36.7262],[37.656,36.638],[37.689,36.5307]]]},"properties":{"pcode":"SY020801","iso3":"SYR","name":"Ghandorah"},"id":"1240"},
{"type":"Feature","geometry":{"type":"Polygon","coordinates":[[[36.2063,33.3895],[36.1967,33.3868],[36.1064,33.3303],[36.131,33.3149],[36.1658,33.2138],[36.236,33.2735],[36.3223,33.2097],[36.3958,33.1916],[36.4941,33.2838],[36.4148,33.3889],[36.2926,33.4024],[36.2063,33.3895]]]},"properties":{"pcode":"SY030101","iso3":"SYR","name":"Kisweh"},"id":"1241"},
{"type":"Feature","geometry":{"type":"Polygon","coordinates":[[[36.3102,33.4618],[36.3113,33.4549],[36.287,33.4429],[36.2745,33.4437],[36.273,33.4386],[36.2926,33.4024],[36.4148,33.3889],[36.3668,33.4769],[36.3636,33.4789],[36.3294,33.4946],[36.3102,33.4618]]]},"properties":{"pcode":"SY030102","iso3":"SYR","name":"Babella"},"id":"1242"},
{"type":"Feature","geometry":{"type":"Polygon","coordinates":[[[36.3294,33.4946],[36.3636,33.4789],[36.379,33.5032],[36.3656,33.5049],[36.3361,33.51],[36.3294,33.4946]]]},"properties":{"pcode":"SY030103","iso3":"SYR","name":"Jaramana"},"id":"1243"},
{"type":"Feature","geometry":{"type":"Polygon","coordinates":[[[36.4148,33.3889],[36.463,33.4503],[36.4301,33.4983],[36.4303,33.4984],[36.379,33.5032],[36.3636,33.4789],[36.3668,33.4769],[36.4148,33.3889]]]},"properties":{"pcode":"SY030104","iso3":"SYR","name":"Maliha"},"id":"1244"},
{"type":"Feature","geometry":{"type":"Polygon","coordinates":[[[36.3361,33.51],[36.3656,33.5049],[36.379,33.5032],[36.4303,33.4984],[36.4308,33.5206],[36.4144,33.5423],[36.3926,33.5435],[36.35,33.5221],[36.3361,33.51]]]},"properties":{"pcode":"SY030105","iso3":"SYR","name":"Kafr Batna"},"id":"1245"},
{"type":"Feature","geometry":{"type":"Polygon","coordinates":[[[36.35,33.5221],[36.3926,33.5435],[36.3842,33.54],[36.3534,33.5466],[36.35,33.5221]]]},"properties":{"pcode":"SY030106","iso3":"SYR","name":"Arbin"},"id":"1246"},
{"type":"Feature","geometry":{"type":"Polygon","coordinates":[[[36.2728,33.5558],[36.2548,33.6071],[36.2492,33.6261],[36.1705,33.5686],[36.1923,33.5463],[36.1842,33.5215],[36.1978,33.5256],[36.2124,33.5393],[36.2728,33.5558]]]},"properties":{"pcode":"SY030107","iso3":"SYR","name":"Qudsiya"},"id":"1247"},
{"type":"Feature","geometry":{"type":"Polygon","coordinates":[[[36.4308,33.5206],[36.5991,33.5514],[36.5779,33.6113],[36.5778,33.6114],[36.5121,33.6695],[36.4258,33.6595],[36.4138,33.5962],[36.4144,33.5423],[36.4308,33.5206]]]},"properties":{"pcode":"SY030200","iso3":"SYR","name":"Duma"},"id":"1248"},
{"type":"Feature","geometry":{"type":"Polygon","coordinates":[[[36.3534,33.5466],[36.3842,33.54],[36.3926,33.5435],[36.4144,33.5423],[36.4138,33.5962],[36.4105,33.5952],[36.3401,33.5591],[36.3534,33.5466]]]},"properties":{"pcode":"SY030201","iso3":"SYR","name":"Harasta"},"id":"1249"},
{"type":"Feature","geometry":{"type":"Polygon","coordinates":[[[39.1253,33.5315],[38.9334,33.7597],[37.6094,33.9465],[37.6106,33.9698],[37.2957,33.9316],[37.5705,33.2287],[37.621,33.0835],[37.0577,33.0441],[37.2185,33.0053],[37.2768,32.9953],[37.4565,32.6761],[37.4643,32.664],[39.1253,33.5315]]]},"properties":{"pcode":"SY030202","iso3":"SYR","name":"Sabe Byar"},"id":"1250"},
{"type":"Feature","geometry":{"type":"Polygon","coordinates":[[[36.5991,33.5514],[36.7613,33.446],[36.7415,33.3741],[36.7118,33.2968],[36.6089,33.2517],[36.6228,33.1869],[36.7123,33.1929],[36.8788,33.0591],[37.0577,33.0441],[37.621,33.0835],[37.5705,33.2287],[37.2957,33.9316],[37.0911,33.7936],[36.6859,33.6609],[36.5778,33.6114],[36.5779,33.6113],[36.5991,33.5514]]]},"properties":{"pcode":"SY030203","iso3":"SYR","name":"Dhameer"},"id":"1251"},
{"type":"Feature","geometry":{"type":"Polygon","coordinates":[[[36.463,33.4503],[36.4985,33.4441],[36.583,33.4667],[36.6842,33.378],[36.6961,33.3781],[36.7415,33.3741],[36.7613,33.446],[36.5991,33.5514],[36.4308,33.5206],[36.4303,33.4984],[36.4301,33.4983],[36.463,33.4503]]]},"properties":{"pcode":"SY030204","iso3":"SYR","name":"Nashabiyeh"},"id":"1252"},
{"type":"Feature","geometry":{"type":"Polygon","coordinates":[[[36.4941,33.2838],[36.5723,33.1827],[36.6228,33.1869],[36.6089,33.2517],[36.7118,33.2968],[36.7415,33.3741],[36.6961,33.3781],[36.6842,33.378],[36.5332,33.3764],[36.4967,33.4364],[36.4985,33.4441],[36.463,33.4503],[36.4148,33.3889],[36.4941,33.2838]]]},"properties":{"pcode":"SY030205","iso3":"SYR","name":"Ghizlaniyyeh"},"id":"1253"},
{"type":"Feature","geometry":{"type":"Polygon","coordinates":[[[36.4985,33.4441],[36.4967,33.4364],[36.5332,33.3764],[36.6842,33.378],[36.583,33.4667],[36.4985,33.4441]]]},"properties":{"pcode":"SY030206","iso3":"SYR","name":"Haran Al'awameed"},"id":"1254"},
{"type":"Feature","geometry":{"type":"Polygon","coordinates":[[[36.5778,33.6114],[36.6859,33.6609],[36.6958,33.7664],[36.6906,33.7911],[36.6873,33.8043],[36.4921,33.7378],[36.4987,33.732],[36.5121,33.6695],[36.5778,33.6114]]]},"properties":{"pcode":"SY030300","iso3":"SYR","name":"Al Qutayfah"},"id":"1255"},
{"type":"Feature","geometry":{"type":"Polygon","coordinates":[[[36.6906,33.7911],[37.1373,33.9378],[37.1386,33.9381],[37.0092,33.94],[36.9968,34.0209],[36.6877,33.8438],[36.6873,33.8043],[36.6906,33.7911]]]},"properties":{"pcode":"SY030301","iso3":"SYR","name":"Jirud"},"id":"1256"},
{"type":"Feature","geometry":{"type":"Polygon","coordinates":[[[36.6873,33.8043],[36.6877,33.8438],[36.6802,33.8538],[36.6716,33.9119],[36.4982,33.8683],[36.48,33.8247],[36.4787,33.7498],[36.4921,33.7378],[36.6873,33.8043]]]},"properties":{"pcode":"SY030302","iso3":"SYR","name":"Ma'loula"},"id":"1257"},
{"type":"Feature","geometry":{"type":"Polygon","coordinates":[[[37.2957,33.9316],[37.1386,33.9381],[37.1373,33.9378],[36.6906,33.7911],[36.6958,33.7664],[36.6859,33.6609],[37.0911,33.7936],[37.2957,33.9316]]]},"properties":{"pcode":"SY030303","iso3":"SYR","name":"Raheiba"},"id":"1258"},
{"type":"Feature","geometry":{"type":"Polygon","coordinates":[[[36.3401,33.5591],[36.4105,33.5952],[36.4138,33.5962],[36.4258,33.6595],[36.3244,33.6344],[36.3579,33.7072],[36.2584,33.7326],[36.2349,33.7131],[36.235,33.6397],[36.2492,33.6261],[36.2548,33.6071],[36.2728,33.5558],[36.3254,33.5642],[36.3253,33.5641],[36.3401,33.5591]]]},"properties":{"pcode":"SY030400","iso3":"SYR","name":"At Tall"},"id":"1259"},
{"type":"Feature","geometry":{"type":"Polygon","coordinates":[[[36.5121,33.6695],[36.4987,33.732],[36.4921,33.7378],[36.4787,33.7498],[36.3579,33.7072],[36.3244,33.6344],[36.4258,33.6595],[36.5121,33.6695]]]},"properties":{"pcode":"SY030401","iso3":"SYR","name":"Sidnaya"},"id":"1260"},
{"type":"Feature","geometry":{"type":"Polygon","coordinates":[[[36.48,33.8247],[36.3907,33.8407],[36.2954,33.8342],[36.2787,33.8455],[36.2546,33.7642],[36.2572,33.7566],[36.2584,33.7326],[36.3579,33.7072],[36.4787,33.7498],[36.48,33.8247]]]},"properties":{"pcode":"SY030402","iso3":"SYR","name":"Rankus"},"id":"1261"},
{"type":"Feature","geometry":{"type":"Polygon","coordinates":[[[36.6716,33.9119],[36.6927,33.9834],[36.5196,34.0359],[36.5005,34.048],[36.3855,34.0141],[36.4601,33.9772],[36.4982,33.8683],[36.6716,33.9119]]]},"properties":{"pcode":"SY030500","iso3":"SYR","name":"Yabroud"},"id":"1262"},
{"type":"Feature","geometry":{"type":"Polygon","coordinates":[[[36.4982,33.8683],[36.4601,33.9772],[36.3855,34.0141],[36.2832,33.9037],[36.3907,33.8407],[36.48,33.8247],[36.4982,33.8683]]]},"properties":{"pcode":"SY030501","iso3":"SYR","name":"Esal El-Ward"},"id":"1263"},
{"type":"Feature","geometry":{"type":"Polygon","coordinates":[[[36.9968,34.0209],[36.9513,34.0496],[37.0053,34.0893],[37.0059,34.0896],[36.6848,34.0527],[36.5526,34.1306],[36.5005,34.048],[36.5196,34.0359],[36.6927,33.9834],[36.6716,33.9119],[36.6802,33.8538],[36.6877,33.8438],[36.9968,34.0209]]]},"properties":{"pcode":"SY030600","iso3":"SYR","name":"An Nabk"},"id":"1264"},
{"type":"Feature","geometry":{"type":"Polygon","coordinates":[[[37.0059,34.0896],[36.9434,34.1323],[36.7933,34.2262],[36.7943,34.2415],[36.6005,34.2225],[36.5526,34.1306],[36.6848,34.0527],[37.0059,34.0896]]]},"properties":{"pcode":"SY030601","iso3":"SYR","name":"Deir Attiyeh"},"id":"1265"},
{"type":"Feature","geometry":{"type":"Polygon","coordinates":[[[36.1024,33.82],[36.0789,33.8226],[36.0481,33.7842],[36.0958,33.7648],[36.0031,33.6406],[36.1136,33.6056],[36.1431,33.644],[36.0948,33.6911],[36.2049,33.773],[36.1332,33.7653],[36.1024,33.82]]]},"properties":{"pcode":"SY030700","iso3":"SYR","name":"Az-Zabdani"},"id":"1266"},
{"type":"Feature","geometry":{"type":"Polygon","coordinates":[[[36.0481,33.7842],[35.9313,33.6466],[36.0544,33.5665],[36.1574,33.5602],[36.1136,33.6056],[36.0031,33.6406],[36.0958,33.7648],[36.0481,33.7842]]]},"properties":{"pcode":"SY030701","iso3":"SYR","name":"Dimas"},"id":"1267"},
{"type":"Feature","geometry":{"type":"Polygon","coordinates":[[[36.2492,33.6261],[36.235,33.6397],[36.2349,33.7131],[36.1431,33.644],[36.1136,33.6056],[36.1574,33.5602],[36.1705,33.5686],[36.2492,33.6261]]]},"properties":{"pcode":"SY030702","iso3":"SYR","name":"Ein Elfijeh"},"id":"1268"},
{"type":"Feature","geometry":{"type":"Polygon","coordinates":[[[36.2584,33.7326],[36.2572,33.7566],[36.2546,33.7642],[36.2049,33.773],[36.0948,33.6911],[36.1431,33.644],[36.2349,33.7131],[36.2584,33.7326]]]},"properties":{"pcode":"SY030703","iso3":"SYR","name":"Madaya"},"id":"1269"},
{"type":"Feature","geometry":{"type":"Polygon","coordinates":[[[36.2787,33.8455],[36.1024,33.82],[36.1332,33.7653],[36.2049,33.773],[36.2546,33.7642],[36.2787,33.8455]]]},"properties":{"pcode":"SY030704","iso3":"SYR","name":"Sarghaya"},"id":"1270"},
{"type":"Feature","geometry":{"type":"Polygon","coordinates":[[[36.2063,33.3895],[36.2105,33.4403],[36.1842,33.5215],[36.1923,33.5463],[36.1705,33.5686],[36.1574,33.5602],[36.0544,33.5665],[35.8211,33.3905],[35.8798,33.3417],[35.9919,33.3862],[36.1064,33.3303],[36.1967,33.3868],[36.2063,33.3895]]]},"properties":{"pcode":"SY030800","iso3":"SYR","name":"Qatana"},"id":"1271"},
{"type":"Feature","geometry":{"type":"Polygon","coordinates":[[[35.8211,33.3905],[35.8155,33.358],[35.8566,33.3274],[35.8855,33.2542],[35.9624,33.2608],[36.0094,33.2915],[35.9919,33.3862],[35.8798,33.3417],[35.8211,33.3905]]]},"properties":{"pcode":"SY030801","iso3":"SYR","name":"Bait Jan"},"id":"1272"},
{"type":"Feature","geometry":{"type":"Polygon","coordinates":[[[36.1064,33.3303],[35.9919,33.3862],[36.0094,33.2915],[35.9624,33.2608],[35.9895,33.1588],[36.1658,33.2138],[36.131,33.3149],[36.1064,33.3303]]]},"properties":{"pcode":"SY030802","iso3":"SYR","name":"Sa'sa'"},"id":"1273"},
{"type":"Feature","geometry":{"type":"Polygon","coordinates":[[[36.1978,33.5256],[36.1842,33.5215],[36.2105,33.4403],[36.2745,33.4437],[36.287,33.4429],[36.2877,33.4598],[36.1992,33.5146],[36.1978,33.5256]]]},"properties":{"pcode":"SY030900","iso3":"SYR","name":"Markaz Darayya"},"id":"1274"},
{"type":"Feature","geometry":{"type":"Polygon","coordinates":[[[36.2926,33.4024],[36.273,33.4386],[36.2745,33.4437],[36.2105,33.4403],[36.2063,33.3895],[36.2926,33.4024]]]},"properties":{"pcode":"SY030901","iso3":"SYR","name":"Sahnaya"},"id":"1275"},
{"type":"Feature","geometry":{"type":"Polygon","coordinates":[[[36.2877,33.4598],[36.287,33.4429],[36.3113,33.4549],[36.3102,33.4618],[36.2877,33.4598]]]},"properties":{"pcode":"SY030902","iso3":"SYR","name":"Hajar Aswad"},"id":"1276"},
{"type":"Feature","geometry":{"type":"Polygon","coordinates":[[[36.8167,34.8324],[36.6953,34.8167],[36.6711,34.8458],[36.6469,34.8003],[36.6131,34.6686],[36.5943,34.6255],[36.7837,34.5944],[36.8182,34.5906],[36.9258,34.5888],[36.9117,34.6682],[36.9644,34.703],[36.8866,34.7205],[36.8167,34.8324]]]},"properties":{"pcode":"SY040100","iso3":"SYR","name":"Homs"},"id":"1277"},
{"type":"Feature","geometry":{"type":"Polygon","coordinates":[[[36.6711,34.8458],[36.6292,34.8793],[36.5899,34.9249],[36.5568,34.8926],[36.5247,34.9536],[36.4607,34.92],[36.4595,34.8808],[36.5397,34.8614],[36.4631,34.8105],[36.4825,34.7862],[36.5412,34.786],[36.6469,34.8003],[36.6711,34.8458]]]},"properties":{"pcode":"SY040101","iso3":"SYR","name":"Taldu"},"id":"1278"},
{"type":"Feature","geometry":{"type":"Polygon","coordinates":[[[36.6469,34.8003],[36.5412,34.786],[36.4825,34.7862],[36.4653,34.7036],[36.4443,34.6282],[36.4534,34.6329],[36.5096,34.6679],[36.5105,34.6732],[36.6131,34.6686],[36.6469,34.8003]]]},"properties":{"pcode":"SY040102","iso3":"SYR","name":"Kherbet Tin Noor"},"id":"1279"},
{"type":"Feature","geometry":{"type":"Polygon","coordinates":[[[36.9644,34.703],[36.9756,34.7174],[36.9936,34.867],[36.9708,34.9252],[36.9707,34.9254],[36.9043,34.9323],[36.9036,34.9318],[36.8167,34.8324],[36.8866,34.7205],[36.9644,34.703]]]},"properties":{"pcode":"SY040103","iso3":"SYR","name":"Ein Elniser"},"id":"1280"},
{"type":"Feature","geometry":{"type":"Polygon","coordinates":[[[36.9258,34.5888],[36.9302,34.5848],[37.1114,34.5007],[37.2044,34.5487],[37.1911,34.4626],[37.2697,34.4842],[37.3079,34.5984],[37.397,34.6505],[37.454,34.6608],[37.362,34.6916],[37.1869,34.6403],[37.1873,34.686],[37.1862,34.6871],[36.9864,34.6603],[36.9756,34.7174],[36.9644,34.703],[36.9117,34.6682],[36.9258,34.5888]]]},"properties":{"pcode":"SY040104","iso3":"SYR","name":"Farqalas"},"id":"1281"},
{"type":"Feature","geometry":{"type":"Polygon","coordinates":[[[36.7837,34.5944],[36.786,34.571],[36.7872,34.5685],[36.8379,34.4114],[36.9181,34.3901],[37.0801,34.3733],[37.0961,34.4093],[37.0294,34.4054],[37.1114,34.5007],[36.9302,34.5848],[36.9258,34.5888],[36.8182,34.5906],[36.7837,34.5944]]]},"properties":{"pcode":"SY040105","iso3":"SYR","name":"Raqama"},"id":"1282"},
{"type":"Feature","geometry":{"type":"Polygon","coordinates":[[[37.6106,33.9698],[37.7519,33.9709],[37.6651,34.4142],[37.6727,34.4751],[37.7479,34.4962],[37.7011,34.5461],[37.3966,34.6494],[37.397,34.6505],[37.3079,34.5984],[37.2697,34.4842],[37.1911,34.4626],[37.2044,34.5487],[37.1114,34.5007],[37.0294,34.4054],[37.0961,34.4093],[37.2653,34.4064],[37.226,34.2936],[37.0059,34.0896],[37.0053,34.0893],[36.9513,34.0496],[36.9968,34.0209],[37.0092,33.94],[37.1386,33.9381],[37.2957,33.9316],[37.6106,33.9698]]]},"properties":{"pcode":"SY040106","iso3":"SYR","name":"Qaryatein"},"id":"1283"},
{"type":"Feature","geometry":{"type":"Polygon","coordinates":[[[37.0059,34.0896],[37.226,34.2936],[37.2653,34.4064],[37.0961,34.4093],[37.0801,34.3733],[37.0314,34.3062],[36.9434,34.1323],[37.0059,34.0896]]]},"properties":{"pcode":"SY040107","iso3":"SYR","name":"Mahin"},"id":"1284"},
{"type":"Feature","geometry":{"type":"Polygon","coordinates":[[[36.7943,34.2415],[36.9181,34.3901],[36.8379,34.4114],[36.7872,34.5685],[36.786,34.571],[36.5867,34.4454],[36.5471,34.3488],[36.6005,34.2225],[36.7943,34.2415]]]},"properties":{"pcode":"SY040108","iso3":"SYR","name":"Hasyaa"},"id":"1285"},
{"type":"Feature","geometry":{"type":"Polygon","coordinates":[[[36.9434,34.1323],[37.0314,34.3062],[37.0801,34.3733],[36.9181,34.3901],[36.7943,34.2415],[36.7933,34.2262],[36.9434,34.1323]]]},"properties":{"pcode":"SY040109","iso3":"SYR","name":"Sadad"},"id":"1286"},
{"type":"Feature","geometry":{"type":"Polygon","coordinates":[[[36.4595,34.8808],[36.3658,34.8749],[36.3589,34.8632],[36.4641,34.8124],[36.4631,34.8105],[36.5397,34.8614],[36.4595,34.8808]]]},"properties":{"pcode":"SY040110","iso3":"SYR","name":"Qabu"},"id":"1287"},
{"type":"Feature","geometry":{"type":"Polygon","coordinates":[[[36.4631,34.8105],[36.4641,34.8124],[36.3589,34.8632],[36.2983,34.9159],[36.2837,34.9145],[36.2852,34.9103],[36.2671,34.8735],[36.3151,34.8642],[36.3251,34.8609],[36.3784,34.7679],[36.3978,34.7335],[36.4653,34.7036],[36.4825,34.7862],[36.4631,34.8105]]]},"properties":{"pcode":"SY040111","iso3":"SYR","name":"Shin"},"id":"1288"},
{"type":"Feature","geometry":{"type":"Polygon","coordinates":[[[36.6131,34.6686],[36.5105,34.6732],[36.5096,34.6679],[36.4534,34.6329],[36.331,34.5089],[36.4486,34.5064],[36.5522,34.4219],[36.5471,34.3488],[36.5867,34.4454],[36.786,34.571],[36.7837,34.5944],[36.5943,34.6255],[36.6131,34.6686]]]},"properties":{"pcode":"SY040200","iso3":"SYR","name":"Al-Qusayr"},"id":"1289"},
{"type":"Feature","geometry":{"type":"Polygon","coordinates":[[[36.2691,34.7488],[36.1864,34.7561],[36.1803,34.7632],[36.1282,34.6914],[36.1273,34.6899],[36.1173,34.638],[36.289,34.63],[36.3188,34.6848],[36.3313,34.7237],[36.2691,34.7488]]]},"properties":{"pcode":"SY040300","iso3":"SYR","name":"Tall Kalakh"},"id":"1290"},
{"type":"Feature","geometry":{"type":"Polygon","coordinates":[[[36.4653,34.7036],[36.3978,34.7335],[36.3784,34.7679],[36.3313,34.7237],[36.3188,34.6848],[36.4443,34.6282],[36.4653,34.7036]]]},"properties":{"pcode":"SY040301","iso3":"SYR","name":"Hadideh"},"id":"1291"},
{"type":"Feature","geometry":{"type":"Polygon","coordinates":[[[36.3151,34.8642],[36.2848,34.8376],[36.2031,34.7787],[36.1803,34.7632],[36.1864,34.7561],[36.2691,34.7488],[36.2689,34.7536],[36.3243,34.8608],[36.3251,34.8609],[36.3151,34.8642]]]},"properties":{"pcode":"SY040303","iso3":"SYR","name":"Nasra"},"id":"1292"},
{"type":"Feature","geometry":{"type":"Polygon","coordinates":[[[36.3251,34.8609],[36.3243,34.8608],[36.2689,34.7536],[36.2691,34.7488],[36.3313,34.7237],[36.3784,34.7679],[36.3251,34.8609]]]},"properties":{"pcode":"SY040304","iso3":"SYR","name":"Hawash"},"id":"1293"},
{"type":"Feature","geometry":{"type":"Polygon","coordinates":[[[36.6292,34.8793],[36.9043,34.9323],[36.9707,34.9254],[36.9099,34.9764],[36.9089,34.9776],[36.7239,34.9464],[36.5899,34.9249],[36.6292,34.8793]]]},"properties":{"pcode":"SY040400","iso3":"SYR","name":"Ar-Rastan"},"id":"1294"},
{"type":"Feature","geometry":{"type":"Polygon","coordinates":[[[36.8167,34.8324],[36.9036,34.9318],[36.9043,34.9323],[36.6292,34.8793],[36.6711,34.8458],[36.6953,34.8167],[36.8167,34.8324]]]},"properties":{"pcode":"SY040401","iso3":"SYR","name":"Talbiseh"},"id":"1295"},
{"type":"Feature","geometry":{"type":"Polygon","coordinates":[[[39.1253,33.5315],[39.8661,33.8802],[39.1572,34.3499],[38.8209,34.3261],[38.7465,34.7065],[38.578,34.8805],[38.5659,34.9804],[38.4998,35.0042],[38.3296,35.0619],[38.1608,35.0055],[38.0573,34.882],[37.9178,34.9885],[37.846,34.9068],[37.8751,34.7505],[37.7011,34.5461],[37.7479,34.4962],[37.6727,34.4751],[37.6651,34.4142],[37.7519,33.9709],[37.6106,33.9698],[37.6094,33.9465],[38.9334,33.7597],[39.1253,33.5315]]]},"properties":{"pcode":"SY040500","iso3":"SYR","name":"Tadmor"},"id":"1296"},
{"type":"Feature","geometry":{"type":"Polygon","coordinates":[[[39.8661,33.8802],[40.265,34.068],[39.8022,34.6604],[39.7002,34.7901],[39.5997,34.918],[39.4164,35.1625],[39.2449,35.278],[39.1673,35.3268],[39.1344,35.3239],[38.4425,35.3966],[38.4427,35.2706],[38.37,35.1708],[38.3296,35.0619],[38.4998,35.0042],[38.5659,34.9804],[38.578,34.8805],[38.7465,34.7065],[38.8209,34.3261],[39.1572,34.3499],[39.8661,33.8802]]]},"properties":{"pcode":"SY040501","iso3":"SYR","name":"Sokhneh"},"id":"1297"},
{"type":"Feature","geometry":{"type":"Polygon","coordinates":[[[36.9756,34.7174],[36.9864,34.6603],[37.1862,34.6871],[37.2935,34.8039],[37.1642,34.9008],[37.1576,34.9084],[36.9936,34.867],[36.9756,34.7174]]]},"properties":{"pcode":"SY040600","iso3":"SYR","name":"Al Makhrim"},"id":"1298"},
{"type":"Feature","geometry":{"type":"Polygon","coordinates":[[[37.397,34.6505],[37.3966,34.6494],[37.7011,34.5461],[37.8751,34.7505],[37.846,34.9068],[37.9178,34.9885],[37.8181,35.0959],[37.7125,35.0913],[37.6415,34.9708],[37.5441,34.9368],[37.3864,34.9798],[37.2828,34.9142],[37.1862,34.9373],[37.1576,34.9084],[37.1642,34.9008],[37.2935,34.8039],[37.1862,34.6871],[37.1873,34.686],[37.1869,34.6403],[37.362,34.6916],[37.454,34.6608],[37.397,34.6505]]]},"properties":{"pcode":"SY040601","iso3":"SYR","name":"Jeb Ej-Jarrah"},"id":"1299"},
{"type":"Feature","geometry":{"type":"Polygon","coordinates":[[[36.9089,34.9776],[36.8729,35.0996],[36.9484,35.1808],[36.8908,35.2117],[36.8921,35.2924],[36.8918,35.2936],[36.8267,35.2904],[36.7829,35.201],[36.6779,35.1846],[36.653,35.225],[36.6629,35.1592],[36.5075,35.1766],[36.5061,35.1764],[36.4735,35.1409],[36.5276,35.0595],[36.5276,35.0562],[36.677,35.0233],[36.7239,34.9464],[36.9089,34.9776]]]},"properties":{"pcode":"SY050100","iso3":"SYR","name":"Hama"},"id":"1300"},
{"type":"Feature","geometry":{"type":"Polygon","coordinates":[[[36.8918,35.2936],[36.99,35.299],[36.9504,35.3726],[36.9482,35.3804],[36.7457,35.4031],[36.6509,35.3799],[36.6513,35.377],[36.6751,35.3181],[36.6258,35.2932],[36.653,35.225],[36.6779,35.1846],[36.7829,35.201],[36.8267,35.2904],[36.8918,35.2936]]]},"properties":{"pcode":"SY050101","iso3":"SYR","name":"Suran"},"id":"1301"},
{"type":"Feature","geometry":{"type":"Polygon","coordinates":[[[36.5899,34.9249],[36.7239,34.9464],[36.677,35.0233],[36.5276,35.0562],[36.5276,35.0595],[36.4409,35.0461],[36.4811,35.0107],[36.4145,34.9702],[36.4145,34.97],[36.4607,34.92],[36.5247,34.9536],[36.5568,34.8926],[36.5899,34.9249]]]},"properties":{"pcode":"SY050102","iso3":"SYR","name":"Harbanifse"},"id":"1302"},
{"type":"Feature","geometry":{"type":"Polygon","coordinates":[[[37.1991,35.5462],[37.0733,35.4105],[36.9967,35.4315],[36.9482,35.3804],[36.9504,35.3726],[36.99,35.299],[36.9922,35.2993],[36.9938,35.242],[37.1147,35.2276],[37.198,35.2957],[37.2465,35.2953],[37.3514,35.3233],[37.3691,35.4784],[37.4174,35.4745],[37.4988,35.4729],[37.4359,35.5496],[37.4341,35.55],[37.3462,35.5069],[37.1991,35.5462]]]},"properties":{"pcode":"SY050103","iso3":"SYR","name":"Hamra"},"id":"1303"},
{"type":"Feature","geometry":{"type":"Polygon","coordinates":[[[36.4706,35.4118],[36.3894,35.3761],[36.3167,35.4236],[36.3159,35.4242],[36.2193,35.4543],[36.2067,35.416],[36.227,35.36],[36.2271,35.358],[36.2304,35.3272],[36.2325,35.3178],[36.359,35.3416],[36.44,35.2972],[36.4706,35.4118]]]},"properties":{"pcode":"SY050200","iso3":"SYR","name":"As-Suqaylabiyah"},"id":"1304"},
{"type":"Feature","geometry":{"type":"Polygon","coordinates":[[[36.2325,35.3178],[36.2336,35.3158],[36.2264,35.254],[36.2297,35.2537],[36.2548,35.206],[36.2548,35.2059],[36.2548,35.2038],[36.299,35.1933],[36.4185,35.2463],[36.4657,35.2956],[36.44,35.2972],[36.359,35.3416],[36.2325,35.3178]]]},"properties":{"pcode":"SY050201","iso3":"SYR","name":"Tell Salhib"},"id":"1305"},
{"type":"Feature","geometry":{"type":"Polygon","coordinates":[[[36.3958,35.647],[36.3939,35.7208],[36.3938,35.7229],[36.2294,35.7518],[36.2333,35.669],[36.2345,35.6675],[36.2996,35.6471],[36.2954,35.5904],[36.3924,35.5574],[36.3958,35.647]]]},"properties":{"pcode":"SY050202","iso3":"SYR","name":"Ziyara"},"id":"1306"},
{"type":"Feature","geometry":{"type":"Polygon","coordinates":[[[36.3159,35.4242],[36.2954,35.5904],[36.2996,35.6471],[36.2345,35.6675],[36.2333,35.669],[36.2105,35.6815],[36.2103,35.681],[36.2214,35.5439],[36.2219,35.5224],[36.2213,35.4752],[36.2216,35.4722],[36.2193,35.4543],[36.3159,35.4242]]]},"properties":{"pcode":"SY050203","iso3":"SYR","name":"Shat-ha"},"id":"1307"},
{"type":"Feature","geometry":{"type":"Polygon","coordinates":[[[36.4706,35.4118],[36.5225,35.3853],[36.5165,35.4113],[36.4578,35.5074],[36.3927,35.55],[36.3924,35.5574],[36.2954,35.5904],[36.3159,35.4242],[36.3167,35.4236],[36.3894,35.3761],[36.4706,35.4118]]]},"properties":{"pcode":"SY050204","iso3":"SYR","name":"Madiq Castle"},"id":"1308"},
{"type":"Feature","geometry":{"type":"Polygon","coordinates":[[[36.9936,34.867],[37.1576,34.9084],[37.1862,34.9373],[37.1541,35.0305],[37.161,35.1364],[37.0626,35.1763],[37.1147,35.2276],[36.9938,35.242],[36.9922,35.2993],[36.99,35.299],[36.8918,35.2936],[36.8921,35.2924],[36.8908,35.2117],[36.9484,35.1808],[36.8729,35.0996],[36.9089,34.9776],[36.9099,34.9764],[36.9707,34.9254],[36.9708,34.9252],[36.9936,34.867]]]},"properties":{"pcode":"SY050300","iso3":"SYR","name":"As-Salamiyeh"},"id":"1309"},
{"type":"Feature","geometry":{"type":"Polygon","coordinates":[[[37.3864,34.9798],[37.3357,35.0824],[37.3315,35.0826],[37.1541,35.0305],[37.1862,34.9373],[37.2828,34.9142],[37.3864,34.9798]]]},"properties":{"pcode":"SY050301","iso3":"SYR","name":"Eastern Bari"},"id":"1310"},
{"type":"Feature","geometry":{"type":"Polygon","coordinates":[[[37.9401,35.4344],[37.4988,35.4729],[37.4174,35.4745],[37.3691,35.4784],[37.3514,35.3233],[37.2465,35.2953],[37.2434,35.2403],[37.3539,35.1632],[37.6569,35.192],[38.4425,35.3966],[38.3167,35.3954],[37.9401,35.4344]]]},"properties":{"pcode":"SY050302","iso3":"SYR","name":"As-Saan"},"id":"1311"},
{"type":"Feature","geometry":{"type":"Polygon","coordinates":[[[37.1147,35.2276],[37.0626,35.1763],[37.161,35.1364],[37.1541,35.0305],[37.3315,35.0826],[37.3357,35.0824],[37.3539,35.1632],[37.2434,35.2403],[37.2465,35.2953],[37.198,35.2957],[37.1147,35.2276]]]},"properties":{"pcode":"SY050303","iso3":"SYR","name":"Saboura"},"id":"1312"},
{"type":"Feature","geometry":{"type":"Polygon","coordinates":[[[38.3296,35.0619],[38.37,35.1708],[38.4427,35.2706],[38.4425,35.3966],[37.6569,35.192],[37.3539,35.1632],[37.3357,35.0824],[37.3864,34.9798],[37.5441,34.9368],[37.6415,34.9708],[37.7125,35.0913],[37.8181,35.0959],[37.9178,34.9885],[38.0573,34.882],[38.1608,35.0055],[38.3296,35.0619]]]},"properties":{"pcode":"SY050304","iso3":"SYR","name":"Oqeirbat"},"id":"1313"},
{"type":"Feature","geometry":{"type":"Polygon","coordinates":[[[36.4735,35.1409],[36.3002,35.1929],[36.299,35.1933],[36.2548,35.2038],[36.2701,35.132],[36.2475,35.0745],[36.2476,35.0721],[36.2429,35.0353],[36.3066,34.9772],[36.372,34.9597],[36.4145,34.9702],[36.4811,35.0107],[36.4409,35.0461],[36.5276,35.0595],[36.4735,35.1409]]]},"properties":{"pcode":"SY050400","iso3":"SYR","name":"Masyaf"},"id":"1314"},
{"type":"Feature","geometry":{"type":"Polygon","coordinates":[[[36.5075,35.1766],[36.4185,35.2463],[36.299,35.1933],[36.3002,35.1929],[36.4735,35.1409],[36.5061,35.1764],[36.5075,35.1766]]]},"properties":{"pcode":"SY050401","iso3":"SYR","name":"Jeb Ramleh"},"id":"1315"},
{"type":"Feature","geometry":{"type":"Polygon","coordinates":[[[36.4607,34.92],[36.4145,34.97],[36.4145,34.9702],[36.372,34.9597],[36.37,34.9593],[36.3658,34.8749],[36.4595,34.8808],[36.4607,34.92]]]},"properties":{"pcode":"SY050402","iso3":"SYR","name":"Oj"},"id":"1316"},
{"type":"Feature","geometry":{"type":"Polygon","coordinates":[[[36.3658,34.8749],[36.37,34.9593],[36.372,34.9597],[36.3066,34.9772],[36.3065,34.9771],[36.27,34.9399],[36.2701,34.9389],[36.2675,34.9254],[36.2652,34.9228],[36.2805,34.9175],[36.2837,34.9145],[36.2983,34.9159],[36.3589,34.8632],[36.3658,34.8749]]]},"properties":{"pcode":"SY050403","iso3":"SYR","name":"Ein Halaqim"},"id":"1317"},
{"type":"Feature","geometry":{"type":"Polygon","coordinates":[[[36.2429,35.0353],[36.1621,35.0059],[36.1375,34.9744],[36.2024,34.9827],[36.27,34.9399],[36.3065,34.9771],[36.3066,34.9772],[36.2429,35.0353]]]},"properties":{"pcode":"SY050404","iso3":"SYR","name":"Wadi El-oyoun"},"id":"1318"},
{"type":"Feature","geometry":{"type":"Polygon","coordinates":[[[36.653,35.225],[36.6258,35.2932],[36.5264,35.3188],[36.5238,35.3244],[36.4657,35.2956],[36.4185,35.2463],[36.5075,35.1766],[36.6629,35.1592],[36.653,35.225]]]},"properties":{"pcode":"SY050500","iso3":"SYR","name":"Muhradah"},"id":"1319"},
{"type":"Feature","geometry":{"type":"Polygon","coordinates":[[[36.6509,35.3799],[36.5165,35.4113],[36.5225,35.3853],[36.5222,35.3821],[36.5238,35.3244],[36.5264,35.3188],[36.6258,35.2932],[36.6751,35.3181],[36.6513,35.377],[36.6509,35.3799]]]},"properties":{"pcode":"SY050501","iso3":"SYR","name":"Kafr Zeita"},"id":"1320"},
{"type":"Feature","geometry":{"type":"Polygon","coordinates":[[[36.44,35.2972],[36.4657,35.2956],[36.5238,35.3244],[36.5222,35.3821],[36.5225,35.3853],[36.4706,35.4118],[36.44,35.2972]]]},"properties":{"pcode":"SY050502","iso3":"SYR","name":"Karnaz"},"id":"1321"},
{"type":"Feature","geometry":{"type":"Polygon","coordinates":[[[35.8646,35.6111],[35.8564,35.6178],[35.7828,35.6194],[35.7272,35.5843],[35.8449,35.4853],[35.8652,35.5683],[35.8646,35.6111]]]},"properties":{"pcode":"SY060000","iso3":"SYR","name":"Lattakia"},"id":"1322"},
{"type":"Feature","geometry":{"type":"Polygon","coordinates":[[[35.8652,35.5683],[35.9031,35.5512],[35.9078,35.5516],[36.0159,35.6533],[36.0149,35.6608],[36.0184,35.6656],[35.9977,35.6776],[35.8646,35.6111],[35.8652,35.5683]]]},"properties":{"pcode":"SY060001","iso3":"SYR","name":"Bahlolieh"},"id":"1323"},
{"type":"Feature","geometry":{"type":"Polygon","coordinates":[[[36.0184,35.6656],[36.149,35.7902],[36.1548,35.8202],[36.0345,35.8795],[35.9823,35.826],[35.9804,35.8179],[36.0266,35.7625],[35.9947,35.7134],[35.9963,35.7031],[35.9977,35.6776],[36.0184,35.6656]]]},"properties":{"pcode":"SY060002","iso3":"SYR","name":"Rabee'a"},"id":"1324"},
{"type":"Feature","geometry":{"type":"Polygon","coordinates":[[[35.8646,35.6111],[35.9977,35.6776],[35.9963,35.7031],[35.9947,35.7134],[35.8194,35.7067],[35.7828,35.6194],[35.8564,35.6178],[35.8646,35.6111]]]},"properties":{"pcode":"SY060003","iso3":"SYR","name":"Ein El-Bayda"},"id":"1325"},
{"type":"Feature","geometry":{"type":"Polygon","coordinates":[[[35.9823,35.826],[35.8962,35.8972],[35.805,35.8536],[35.8541,35.7559],[35.8194,35.7067],[35.9947,35.7134],[36.0266,35.7625],[35.9804,35.8179],[35.9823,35.826]]]},"properties":{"pcode":"SY060004","iso3":"SYR","name":"Qastal Maaf"},"id":"1326"},
{"type":"Feature","geometry":{"type":"Polygon","coordinates":[[[36.0345,35.8795],[36.0086,35.9402],[35.8962,35.8972],[35.9823,35.826],[36.0345,35.8795]]]},"properties":{"pcode":"SY060005","iso3":"SYR","name":"Kasab"},"id":"1327"},
{"type":"Feature","geometry":{"type":"Polygon","coordinates":[[[35.8449,35.4853],[35.8821,35.4628],[35.9243,35.4596],[35.9158,35.4898],[35.9123,35.5396],[35.9078,35.5516],[35.9031,35.5512],[35.8652,35.5683],[35.8449,35.4853]]]},"properties":{"pcode":"SY060006","iso3":"SYR","name":"Hanadi"},"id":"1328"},
{"type":"Feature","geometry":{"type":"Polygon","coordinates":[[[35.8821,35.4628],[35.9394,35.2722],[36.0019,35.3196],[36.0356,35.3604],[35.9485,35.4257],[35.9215,35.4334],[35.9255,35.4575],[35.9243,35.4596],[35.8821,35.4628]]]},"properties":{"pcode":"SY060200","iso3":"SYR","name":"Jablah"},"id":"1329"},
{"type":"Feature","geometry":{"type":"Polygon","coordinates":[[[36.0019,35.3196],[36.0485,35.3074],[36.18,35.3648],[36.1808,35.3676],[36.0936,35.391],[36.0356,35.3604],[36.0019,35.3196]]]},"properties":{"pcode":"SY060201","iso3":"SYR","name":"Ein Elsharqiyeh"},"id":"1330"},
{"type":"Feature","geometry":{"type":"Polygon","coordinates":[[[35.9394,35.2722],[35.9466,35.2711],[36.0447,35.227],[36.0468,35.2254],[36.1539,35.2802],[36.0608,35.308],[36.0485,35.3074],[36.0019,35.3196],[35.9394,35.2722]]]},"properties":{"pcode":"SY060202","iso3":"SYR","name":"Qteilbiyyeh"},"id":"1331"},
{"type":"Feature","geometry":{"type":"Polygon","coordinates":[[[36.0356,35.3604],[36.0936,35.391],[36.0939,35.399],[36.0915,35.3997],[35.9485,35.4257],[36.0356,35.3604]]]},"properties":{"pcode":"SY060203","iso3":"SYR","name":"Ein Shaqaq"},"id":"1332"},
{"type":"Feature","geometry":{"type":"Polygon","coordinates":[[[36.2304,35.3272],[36.1539,35.2802],[36.0468,35.2254],[36.2264,35.254],[36.2336,35.3158],[36.2325,35.3178],[36.2304,35.3272]]]},"properties":{"pcode":"SY060204","iso3":"SYR","name":"Dalyeh"},"id":"1333"},
{"type":"Feature","geometry":{"type":"Polygon","coordinates":[[[36.227,35.36],[36.2264,35.3596],[36.1808,35.3676],[36.18,35.3648],[36.0485,35.3074],[36.0608,35.308],[36.1539,35.2802],[36.2304,35.3272],[36.2271,35.358],[36.227,35.36]]]},"properties":{"pcode":"SY060205","iso3":"SYR","name":"Beit Yashout"},"id":"1334"},
{"type":"Feature","geometry":{"type":"Polygon","coordinates":[[[35.9078,35.5516],[35.9123,35.5396],[36.0132,35.5622],[36.1304,35.5881],[36.1104,35.6373],[36.1081,35.6463],[36.0159,35.6533],[35.9078,35.5516]]]},"properties":{"pcode":"SY060300","iso3":"SYR","name":"Al-Haffa"},"id":"1335"},
{"type":"Feature","geometry":{"type":"Polygon","coordinates":[[[36.2105,35.6815],[36.125,35.7049],[36.1081,35.6463],[36.1104,35.6373],[36.1304,35.5881],[36.1282,35.5832],[36.2214,35.5439],[36.2103,35.681],[36.2105,35.6815]]]},"properties":{"pcode":"SY060301","iso3":"SYR","name":"Salanfa"},"id":"1336"},
{"type":"Feature","geometry":{"type":"Polygon","coordinates":[[[36.2214,35.5439],[36.1282,35.5832],[36.1304,35.5881],[36.0132,35.5622],[36.014,35.5598],[36.1595,35.52],[36.1612,35.521],[36.2219,35.5224],[36.2214,35.5439]]]},"properties":{"pcode":"SY060302","iso3":"SYR","name":"Ein Et-teeneh"},"id":"1337"},
{"type":"Feature","geometry":{"type":"Polygon","coordinates":[[[36.2294,35.7518],[36.2256,35.752],[36.1609,35.7839],[36.149,35.7902],[36.0184,35.6656],[36.0149,35.6608],[36.0159,35.6533],[36.1081,35.6463],[36.125,35.7049],[36.2105,35.6815],[36.2333,35.669],[36.2294,35.7518]]]},"properties":{"pcode":"SY060303","iso3":"SYR","name":"Kansaba"},"id":"1338"},
{"type":"Feature","geometry":{"type":"Polygon","coordinates":[[[35.9158,35.4898],[36.0717,35.5215],[36.1595,35.52],[36.014,35.5598],[36.0132,35.5622],[35.9123,35.5396],[35.9158,35.4898]]]},"properties":{"pcode":"SY060304","iso3":"SYR","name":"Mzair'a"},"id":"1339"},
{"type":"Feature","geometry":{"type":"Polygon","coordinates":[[[36.2193,35.4543],[36.2216,35.4722],[36.2213,35.4752],[36.0792,35.4878],[35.9215,35.4334],[35.9485,35.4257],[36.0915,35.3997],[36.2067,35.416],[36.2193,35.4543]]]},"properties":{"pcode":"SY060400","iso3":"SYR","name":"Al-Qardaha"},"id":"1340"},
{"type":"Feature","geometry":{"type":"Polygon","coordinates":[[[36.2067,35.416],[36.0915,35.3997],[36.0939,35.399],[36.0936,35.391],[36.1808,35.3676],[36.2264,35.3596],[36.227,35.36],[36.2067,35.416]]]},"properties":{"pcode":"SY060401","iso3":"SYR","name":"Harf Elmseitra"},"id":"1341"},
{"type":"Feature","geometry":{"type":"Polygon","coordinates":[[[35.9243,35.4596],[35.9255,35.4575],[35.9215,35.4334],[36.0792,35.4878],[36.0738,35.5159],[36.0717,35.5215],[35.9158,35.4898],[35.9243,35.4596]]]},"properties":{"pcode":"SY060402","iso3":"SYR","name":"Fakhura"},"id":"1342"},
{"type":"Feature","geometry":{"type":"Polygon","coordinates":[[[36.2219,35.5224],[36.1612,35.521],[36.1595,35.52],[36.0717,35.5215],[36.0738,35.5159],[36.0792,35.4878],[36.2213,35.4752],[36.2219,35.5224]]]},"properties":{"pcode":"SY060403","iso3":"SYR","name":"Jobet Berghal"},"id":"1343"},
{"type":"Feature","geometry":{"type":"Polygon","coordinates":[[[36.6808,35.983],[36.5872,35.9721],[36.5353,36.0014],[36.4423,35.9114],[36.4423,35.9109],[36.4309,35.8779],[36.5066,35.8921],[36.712,35.8395],[36.7392,35.885],[36.6913,35.9338],[36.6808,35.983]]]},"properties":{"pcode":"SY070000","iso3":"SYR","name":"Idleb"},"id":"1344"},
{"type":"Feature","geometry":{"type":"Polygon","coordinates":[[[37.0538,35.8373],[36.9869,35.8053],[36.9363,35.8933],[36.9358,35.8605],[36.9046,35.7552],[36.9199,35.7076],[36.9925,35.7381],[36.9827,35.6797],[37.0497,35.688],[37.1181,35.6093],[37.1367,35.7963],[37.0538,35.8373]]]},"properties":{"pcode":"SY070001","iso3":"SYR","name":"Abul Thohur"},"id":"1345"},
{"type":"Feature","geometry":{"type":"Polygon","coordinates":[[[36.6913,35.9338],[36.7743,35.9367],[36.8215,35.9536],[36.7517,35.9945],[36.7701,36.0362],[36.7701,36.0363],[36.6808,35.983],[36.6913,35.9338]]]},"properties":{"pcode":"SY070002","iso3":"SYR","name":"Bennsh"},"id":"1346"},
{"type":"Feature","geometry":{"type":"Polygon","coordinates":[[[36.8754,35.9569],[36.8215,35.9536],[36.7743,35.9367],[36.7749,35.9242],[36.7392,35.885],[36.712,35.8395],[36.7123,35.8394],[36.7107,35.7343],[36.9046,35.7552],[36.9358,35.8605],[36.9363,35.8933],[36.8747,35.9517],[36.8754,35.9569]]]},"properties":{"pcode":"SY070003","iso3":"SYR","name":"Saraqab"},"id":"1347"},
{"type":"Feature","geometry":{"type":"Polygon","coordinates":[[[36.7772,36.0666],[36.7701,36.0363],[36.7701,36.0362],[36.7517,35.9945],[36.8215,35.9536],[36.8754,35.9569],[36.8827,36.0244],[36.8828,36.0299],[36.7772,36.0666]]]},"properties":{"pcode":"SY070004","iso3":"SYR","name":"Teftnaz"},"id":"1348"},
{"type":"Feature","geometry":{"type":"Polygon","coordinates":[[[36.7188,36.1402],[36.7142,36.1382],[36.6658,36.1375],[36.5725,36.0729],[36.5451,36.0628],[36.5353,36.0014],[36.5872,35.9721],[36.6808,35.983],[36.7701,36.0363],[36.7772,36.0666],[36.7188,36.1402]]]},"properties":{"pcode":"SY070005","iso3":"SYR","name":"Maaret Tamsrin"},"id":"1349"},
{"type":"Feature","geometry":{"type":"Polygon","coordinates":[[[36.7392,35.885],[36.7749,35.9242],[36.7743,35.9367],[36.6913,35.9338],[36.7392,35.885]]]},"properties":{"pcode":"SY070006","iso3":"SYR","name":"Sarmin"},"id":"1350"},
{"type":"Feature","geometry":{"type":"Polygon","coordinates":[[[36.9046,35.7552],[36.7107,35.7343],[36.6243,35.6945],[36.5957,35.6596],[36.6231,35.5921],[36.7896,35.5524],[36.8274,35.5531],[36.8866,35.6012],[36.8505,35.684],[36.9197,35.6983],[36.9199,35.7076],[36.9046,35.7552]]]},"properties":{"pcode":"SY070200","iso3":"SYR","name":"Ma'arrat An Nu'man"},"id":"1351"},
{"type":"Feature","geometry":{"type":"Polygon","coordinates":[[[36.7457,35.4031],[36.7076,35.4737],[36.7083,35.4968],[36.5857,35.4647],[36.5533,35.5088],[36.4578,35.5074],[36.5165,35.4113],[36.6509,35.3799],[36.7457,35.4031]]]},"properties":{"pcode":"SY070201","iso3":"SYR","name":"Khan Shaykun"},"id":"1352"},
{"type":"Feature","geometry":{"type":"Polygon","coordinates":[[[37.1181,35.6093],[37.0497,35.688],[36.9827,35.6797],[36.9925,35.7381],[36.9199,35.7076],[36.9197,35.6983],[36.8505,35.684],[36.8866,35.6012],[36.8274,35.5531],[36.829,35.5497],[36.9299,35.5582],[36.9239,35.4831],[37.0139,35.4875],[37.0733,35.4105],[37.1991,35.5462],[37.1184,35.6075],[37.1181,35.6093]]]},"properties":{"pcode":"SY070202","iso3":"SYR","name":"Sanjar"},"id":"1353"},
{"type":"Feature","geometry":{"type":"Polygon","coordinates":[[[36.3924,35.5574],[36.3927,35.55],[36.4578,35.5074],[36.5533,35.5088],[36.6152,35.5804],[36.6231,35.5921],[36.5957,35.6596],[36.4197,35.6512],[36.3958,35.647],[36.3924,35.5574]]]},"properties":{"pcode":"SY070203","iso3":"SYR","name":"Kafr Nobol"},"id":"1354"},
{"type":"Feature","geometry":{"type":"Polygon","coordinates":[[[36.9482,35.3804],[36.9967,35.4315],[37.0733,35.4105],[37.0139,35.4875],[36.9239,35.4831],[36.9299,35.5582],[36.829,35.5497],[36.8274,35.5531],[36.7896,35.5524],[36.7895,35.5432],[36.7083,35.4968],[36.7076,35.4737],[36.7457,35.4031],[36.9482,35.3804]]]},"properties":{"pcode":"SY070204","iso3":"SYR","name":"Tamanaah"},"id":"1355"},
{"type":"Feature","geometry":{"type":"Polygon","coordinates":[[[36.6231,35.5921],[36.6152,35.5804],[36.5533,35.5088],[36.5857,35.4647],[36.7083,35.4968],[36.7895,35.5432],[36.7896,35.5524],[36.6231,35.5921]]]},"properties":{"pcode":"SY070205","iso3":"SYR","name":"Heish"},"id":"1356"},
{"type":"Feature","geometry":{"type":"Polygon","coordinates":[[[36.5788,36.2324],[36.5574,36.2281],[36.469,36.2028],[36.4991,36.1469],[36.5495,36.1725],[36.5788,36.2324]]]},"properties":{"pcode":"SY070300","iso3":"SYR","name":"Harim"},"id":"1357"},
{"type":"Feature","geometry":{"type":"Polygon","coordinates":[[[36.8165,36.2156],[36.8219,36.2835],[36.7603,36.3127],[36.7575,36.3196],[36.6691,36.3205],[36.7048,36.2504],[36.6413,36.2292],[36.6658,36.1375],[36.7142,36.1382],[36.7188,36.1402],[36.8165,36.2156]]]},"properties":{"pcode":"SY070301","iso3":"SYR","name":"Dana"},"id":"1358"},
{"type":"Feature","geometry":{"type":"Polygon","coordinates":[[[36.469,36.2028],[36.3976,36.2232],[36.3949,36.0496],[36.4284,36.0276],[36.4564,36.0896],[36.4938,36.1327],[36.4991,36.1469],[36.469,36.2028]]]},"properties":{"pcode":"SY070302","iso3":"SYR","name":"Salqin"},"id":"1359"},
{"type":"Feature","geometry":{"type":"Polygon","coordinates":[[[36.5725,36.0729],[36.553,36.1699],[36.5495,36.1725],[36.4991,36.1469],[36.4938,36.1327],[36.4564,36.0896],[36.5398,36.069],[36.5451,36.0628],[36.5725,36.0729]]]},"properties":{"pcode":"SY070303","iso3":"SYR","name":"Kafr Takharim"},"id":"1360"},
{"type":"Feature","geometry":{"type":"Polygon","coordinates":[[[36.6658,36.1375],[36.6413,36.2292],[36.6183,36.2166],[36.5788,36.2324],[36.5495,36.1725],[36.553,36.1699],[36.5725,36.0729],[36.6658,36.1375]]]},"properties":{"pcode":"SY070304","iso3":"SYR","name":"Qourqeena"},"id":"1361"},
{"type":"Feature","geometry":{"type":"Polygon","coordinates":[[[36.5353,36.0014],[36.5451,36.0628],[36.5398,36.069],[36.4564,36.0896],[36.4284,36.0276],[36.4532,36.011],[36.4423,35.9114],[36.5353,36.0014]]]},"properties":{"pcode":"SY070305","iso3":"SYR","name":"Armanaz"},"id":"1362"},
{"type":"Feature","geometry":{"type":"Polygon","coordinates":[[[36.3938,35.7229],[36.4309,35.8779],[36.3957,35.886],[36.3789,35.9203],[36.3169,35.8565],[36.25,35.8833],[36.2256,35.752],[36.2294,35.7518],[36.3938,35.7229]]]},"properties":{"pcode":"SY070400","iso3":"SYR","name":"Jisr-Ash-Shugur"},"id":"1363"},
{"type":"Feature","geometry":{"type":"Polygon","coordinates":[[[36.149,35.7902],[36.1609,35.7839],[36.2256,35.752],[36.25,35.8833],[36.2256,35.9319],[36.1975,35.9329],[36.1548,35.8202],[36.149,35.7902]]]},"properties":{"pcode":"SY070401","iso3":"SYR","name":"Badama"},"id":"1364"},
{"type":"Feature","geometry":{"type":"Polygon","coordinates":[[[36.4423,35.9114],[36.4532,36.011],[36.4284,36.0276],[36.3949,36.0496],[36.3029,35.9662],[36.33,35.9541],[36.4004,35.96],[36.3789,35.9203],[36.3957,35.886],[36.4309,35.8779],[36.4423,35.9109],[36.4423,35.9114]]]},"properties":{"pcode":"SY070402","iso3":"SYR","name":"Darkosh"},"id":"1365"},
{"type":"Feature","geometry":{"type":"Polygon","coordinates":[[[36.3789,35.9203],[36.4004,35.96],[36.33,35.9541],[36.3029,35.9662],[36.1975,35.9329],[36.2256,35.9319],[36.25,35.8833],[36.3169,35.8565],[36.3789,35.9203]]]},"properties":{"pcode":"SY070403","iso3":"SYR","name":"Janudiyeh"},"id":"1366"},
{"type":"Feature","geometry":{"type":"Polygon","coordinates":[[[36.5066,35.8921],[36.5031,35.8669],[36.4964,35.7861],[36.4967,35.7828],[36.579,35.7797],[36.6243,35.6945],[36.7107,35.7343],[36.7123,35.8394],[36.712,35.8395],[36.5066,35.8921]]]},"properties":{"pcode":"SY070500","iso3":"SYR","name":"Ariha"},"id":"1367"},
{"type":"Feature","geometry":{"type":"Polygon","coordinates":[[[36.6243,35.6945],[36.579,35.7797],[36.4967,35.7828],[36.4964,35.7861],[36.4197,35.6512],[36.5957,35.6596],[36.6243,35.6945]]]},"properties":{"pcode":"SY070501","iso3":"SYR","name":"Ehsem"},"id":"1368"},
{"type":"Feature","geometry":{"type":"Polygon","coordinates":[[[36.3958,35.647],[36.4197,35.6512],[36.4964,35.7861],[36.5031,35.8669],[36.5066,35.8921],[36.4309,35.8779],[36.3938,35.7229],[36.3939,35.7208],[36.3958,35.647]]]},"properties":{"pcode":"SY070502","iso3":"SYR","name":"Mhambal"},"id":"1369"},
{"type":"Feature","geometry":{"type":"Polygon","coordinates":[[[40.9127,36.7838],[40.8281,36.7964],[40.7471,36.7752],[40.494,36.7547],[40.4783,36.6613],[40.5913,36.6147],[40.5424,36.4595],[40.1262,36.433],[40.0734,36.2763],[40.2305,36.3104],[40.8188,36.2683],[40.8842,36.3732],[40.9532,36.3813],[40.9398,36.4999],[40.8513,36.6374],[40.9145,36.6644],[40.9127,36.7838]]]},"properties":{"pcode":"SY080000","iso3":"SYR","name":"Al-Hasakeh"},"id":"1370"},
{"type":"Feature","geometry":{"type":"Polygon","coordinates":[[[40.494,36.7547],[40.4591,36.754],[40.4009,36.7844],[40.2963,36.7281],[40.2439,36.7128],[40.2473,36.6337],[40.1227,36.598],[40.1262,36.433],[40.5424,36.4595],[40.5913,36.6147],[40.4783,36.6613],[40.494,36.7547]]]},"properties":{"pcode":"SY080001","iso3":"SYR","name":"Tal Tamer"},"id":"1371"},
{"type":"Feature","geometry":{"type":"Polygon","coordinates":[[[41.1613,36.2181],[40.9461,36.2477],[40.9093,36.2575],[40.9047,36.183],[40.6969,36.1337],[40.5682,36.2428],[40.3459,35.9469],[40.5066,35.7862],[40.6236,35.9049],[40.8584,35.8944],[40.9107,36.011],[41.1066,36.0409],[41.1613,36.2181]]]},"properties":{"pcode":"SY080002","iso3":"SYR","name":"Shadadah"},"id":"1372"},
{"type":"Feature","geometry":{"type":"Polygon","coordinates":[[[40.5066,35.7862],[40.5531,35.7577],[40.5658,35.7481],[40.7521,35.6172],[40.9709,35.5494],[41.2886,35.4939],[41.3943,35.6303],[41.3811,35.8353],[41.258,36.0546],[41.288,36.2379],[41.1613,36.2181],[41.1066,36.0409],[40.9107,36.011],[40.8584,35.8944],[40.6236,35.9049],[40.5066,35.7862]]]},"properties":{"pcode":"SY080003","iso3":"SYR","name":"Markada"},"id":"1373"},
{"type":"Feature","geometry":{"type":"Polygon","coordinates":[[[40.9398,36.4999],[41.0393,36.4826],[41.025,36.5418],[41.069,36.514],[41.2542,36.6062],[41.2481,36.6641],[41.2028,36.7465],[41.254,36.8128],[41.2387,36.8371],[41.0883,36.8408],[40.997,36.7668],[40.9127,36.7838],[40.9145,36.6644],[40.8513,36.6374],[40.9398,36.4999]]]},"properties":{"pcode":"SY080004","iso3":"SYR","name":"Be'r Al-Hulo Al-Wardeyyeh"},"id":"1374"},
{"type":"Feature","geometry":{"type":"Polygon","coordinates":[[[40.0734,36.2763],[40.0068,36.2008],[40.0991,36.0863],[40.3459,35.9469],[40.5682,36.2428],[40.6969,36.1337],[40.9047,36.183],[40.9093,36.2575],[40.8188,36.2683],[40.2305,36.3104],[40.0734,36.2763]]]},"properties":{"pcode":"SY080005","iso3":"SYR","name":"Areesheh"},"id":"1375"},
{"type":"Feature","geometry":{"type":"Polygon","coordinates":[[[40.8188,36.2683],[40.9093,36.2575],[40.9461,36.2477],[41.1613,36.2181],[41.288,36.2379],[41.2945,36.3562],[41.3823,36.4817],[41.2542,36.6062],[41.069,36.514],[41.025,36.5418],[41.0393,36.4826],[40.9398,36.4999],[40.9532,36.3813],[40.8842,36.3732],[40.8188,36.2683]]]},"properties":{"pcode":"SY080006","iso3":"SYR","name":"Hole"},"id":"1376"},
{"type":"Feature","geometry":{"type":"Polygon","coordinates":[[[41.254,36.8128],[41.2573,36.8848],[41.3896,36.9401],[41.3479,37.08],[41.2184,37.0636],[41.0681,37.1038],[41.0715,37.0723],[41.0883,36.8408],[41.2387,36.8371],[41.254,36.8128]]]},"properties":{"pcode":"SY080200","iso3":"SYR","name":"Quamishli"},"id":"1377"},
{"type":"Feature","geometry":{"type":"Polygon","coordinates":[[[41.2542,36.6062],[41.3823,36.4817],[41.8358,36.5985],[41.782,36.7223],[41.6881,36.7516],[41.5378,36.7475],[41.3896,36.9401],[41.2573,36.8848],[41.254,36.8128],[41.2028,36.7465],[41.2481,36.6641],[41.2542,36.6062]]]},"properties":{"pcode":"SY080201","iso3":"SYR","name":"Tal Hmis"},"id":"1378"},
{"type":"Feature","geometry":{"type":"Polygon","coordinates":[[[40.9127,36.7838],[40.997,36.7668],[41.0883,36.8408],[41.0715,37.0723],[41.0681,37.1038],[40.7551,37.1072],[40.7471,36.7752],[40.8281,36.7964],[40.9127,36.7838]]]},"properties":{"pcode":"SY080202","iso3":"SYR","name":"Amuda"},"id":"1379"},
{"type":"Feature","geometry":{"type":"Polygon","coordinates":[[[41.3896,36.9401],[41.5378,36.7475],[41.6881,36.7516],[41.6952,36.8989],[41.7104,36.9231],[41.6552,37.1119],[41.3479,37.08],[41.3896,36.9401]]]},"properties":{"pcode":"SY080203","iso3":"SYR","name":"Qahtaniyyeh"},"id":"1380"},
{"type":"Feature","geometry":{"type":"Polygon","coordinates":[[[42.2033,36.915],[42.3848,37.0672],[42.3574,37.2275],[42.2271,37.2766],[42.225,37.3191],[42.1062,37.2128],[41.8921,37.1435],[41.894,37.1067],[41.89,36.9585],[41.9092,36.9352],[42.2033,36.915]]]},"properties":{"pcode":"SY080300","iso3":"SYR","name":"Al-Malikeyyeh"},"id":"1381"},
{"type":"Feature","geometry":{"type":"Polygon","coordinates":[[[41.7104,36.9231],[41.89,36.9585],[41.894,37.1067],[41.8921,37.1435],[41.6552,37.1119],[41.7104,36.9231]]]},"properties":{"pcode":"SY080301","iso3":"SYR","name":"Jawadiyah"},"id":"1382"},
{"type":"Feature","geometry":{"type":"Polygon","coordinates":[[[41.8358,36.5985],[42.2033,36.915],[41.9092,36.9352],[41.89,36.9585],[41.7104,36.9231],[41.6952,36.8989],[41.6881,36.7516],[41.782,36.7223],[41.8358,36.5985]]]},"properties":{"pcode":"SY080302","iso3":"SYR","name":"Ya'robiyah"},"id":"1383"},
{"type":"Feature","geometry":{"type":"Polygon","coordinates":[[[40.1262,36.433],[40.1227,36.598],[40.2473,36.6337],[40.2439,36.7128],[40.2963,36.7281],[40.4009,36.7844],[40.4205,36.9999],[39.8419,36.7553],[39.504,36.7021],[39.513,36.6842],[39.7996,36.3693],[39.8944,36.3383],[39.8991,36.3358],[40.0068,36.2008],[40.0734,36.2763],[40.1262,36.433]]]},"properties":{"pcode":"SY080400","iso3":"SYR","name":"Ras Al Ain"},"id":"1384"},
{"type":"Feature","geometry":{"type":"Polygon","coordinates":[[[40.7471,36.7752],[40.7551,37.1072],[40.4205,36.9999],[40.4009,36.7844],[40.4591,36.754],[40.494,36.7547],[40.7471,36.7752]]]},"properties":{"pcode":"SY080401","iso3":"SYR","name":"Darbasiyah"},"id":"1385"},
{"type":"Feature","geometry":{"type":"Polygon","coordinates":[[[39.5997,34.918],[40.2122,35.3157],[40.3148,35.321],[40.4275,35.2415],[40.502,35.3332],[40.5412,35.4631],[40.6465,35.4814],[40.4061,35.6033],[40.0685,35.4235],[39.6947,35.4022],[39.4714,35.5531],[39.2449,35.278],[39.4164,35.1625],[39.5997,34.918]]]},"properties":{"pcode":"SY090100","iso3":"SYR","name":"Deir-ez-Zor"},"id":"1386"},
{"type":"Feature","geometry":{"type":"Polygon","coordinates":[[[40.3459,35.9469],[40.0991,36.0863],[40.0068,36.2008],[39.8991,36.3358],[39.8944,36.3383],[39.838,36.1197],[39.7014,35.9297],[39.7003,35.7747],[39.71,35.7733],[39.796,35.7476],[39.8781,35.555],[40.0685,35.4235],[40.4061,35.6033],[40.5658,35.7481],[40.5531,35.7577],[40.5066,35.7862],[40.3459,35.9469]]]},"properties":{"pcode":"SY090101","iso3":"SYR","name":"Kisreh"},"id":"1387"},
{"type":"Feature","geometry":{"type":"Polygon","coordinates":[[[40.4275,35.2415],[40.434,35.2163],[40.4112,35.1938],[40.4078,35.1547],[40.4417,35.0637],[40.4725,35.0683],[40.5767,35.1459],[40.8561,35.1199],[40.9783,35.2716],[40.5838,35.3188],[40.502,35.3332],[40.4275,35.2415]]]},"properties":{"pcode":"SY090102","iso3":"SYR","name":"Basira"},"id":"1388"},
{"type":"Feature","geometry":{"type":"Polygon","coordinates":[[[39.7002,34.7901],[40.4078,35.1547],[40.4112,35.1938],[40.2122,35.3157],[39.5997,34.918],[39.7002,34.7901]]]},"properties":{"pcode":"SY090103","iso3":"SYR","name":"Muhasan"},"id":"1389"},
{"type":"Feature","geometry":{"type":"Polygon","coordinates":[[[40.0685,35.4235],[39.8781,35.555],[39.796,35.7476],[39.71,35.7733],[39.7003,35.7747],[39.6577,35.7756],[39.6515,35.7702],[39.6183,35.7266],[39.4714,35.5531],[39.6947,35.4022],[40.0685,35.4235]]]},"properties":{"pcode":"SY090104","iso3":"SYR","name":"Tabni"},"id":"1390"},
{"type":"Feature","geometry":{"type":"Polygon","coordinates":[[[40.2122,35.3157],[40.4112,35.1938],[40.434,35.2163],[40.4275,35.2415],[40.3148,35.321],[40.2122,35.3157]]]},"properties":{"pcode":"SY090105","iso3":"SYR","name":"Khasham"},"id":"1391"},
{"type":"Feature","geometry":{"type":"Polygon","coordinates":[[[40.5658,35.7481],[40.4061,35.6033],[40.6465,35.4814],[40.5412,35.4631],[40.502,35.3332],[40.5838,35.3188],[40.9783,35.2716],[41.1339,35.0736],[41.2195,35.1084],[41.2886,35.4939],[40.9709,35.5494],[40.7521,35.6172],[40.5658,35.7481]]]},"properties":{"pcode":"SY090106","iso3":"SYR","name":"Sur"},"id":"1392"},
{"type":"Feature","geometry":{"type":"Polygon","coordinates":[[[40.265,34.068],[40.9976,34.4131],[40.991,34.4235],[40.929,34.4543],[40.9202,34.5928],[40.8472,34.6566],[40.7592,34.5769],[40.5434,34.517],[40.4061,34.6574],[40.2782,34.5822],[40.13,34.7491],[40.0778,34.8065],[39.8022,34.6604],[40.265,34.068]]]},"properties":{"pcode":"SY090200","iso3":"SYR","name":"Abu Kamal"},"id":"1393"},
{"type":"Feature","geometry":{"type":"Polygon","coordinates":[[[41.1339,35.0736],[41.1325,35.073],[40.6656,34.8381],[40.6773,34.7791],[40.7391,34.7499],[40.8472,34.6566],[40.9202,34.5928],[41.1183,34.6221],[41.2333,34.8265],[41.2195,35.1084],[41.1339,35.0736]]]},"properties":{"pcode":"SY090201","iso3":"SYR","name":"Hajin"},"id":"1394"},
{"type":"Feature","geometry":{"type":"Polygon","coordinates":[[[40.8472,34.6566],[40.7391,34.7499],[40.6758,34.6995],[40.5798,34.7595],[40.4061,34.6574],[40.5434,34.517],[40.7592,34.5769],[40.8472,34.6566]]]},"properties":{"pcode":"SY090202","iso3":"SYR","name":"Jalaa"},"id":"1395"},
{"type":"Feature","geometry":{"type":"Polygon","coordinates":[[[40.9976,34.4131],[41.1183,34.6221],[40.9202,34.5928],[40.929,34.4543],[40.991,34.4235],[40.9976,34.4131]]]},"properties":{"pcode":"SY090203","iso3":"SYR","name":"Susat"},"id":"1396"},
{"type":"Feature","geometry":{"type":"Polygon","coordinates":[[[39.8022,34.6604],[40.0778,34.8065],[40.13,34.7491],[40.533,34.9825],[40.4388,35.0309],[40.4725,35.0683],[40.4417,35.0637],[40.4078,35.1547],[39.7002,34.7901],[39.8022,34.6604]]]},"properties":{"pcode":"SY090300","iso3":"SYR","name":"Al Mayadin"},"id":"1397"},
{"type":"Feature","geometry":{"type":"Polygon","coordinates":[[[40.4725,35.0683],[40.4388,35.0309],[40.533,34.9825],[40.5873,34.8668],[40.6252,34.8805],[40.6773,34.7791],[40.6656,34.8381],[41.1325,35.073],[41.1339,35.0736],[40.9783,35.2716],[40.8561,35.1199],[40.5767,35.1459],[40.4725,35.0683]]]},"properties":{"pcode":"SY090301","iso3":"SYR","name":"Thiban"},"id":"1398"},
{"type":"Feature","geometry":{"type":"Polygon","coordinates":[[[40.4061,34.6574],[40.5798,34.7595],[40.6758,34.6995],[40.7391,34.7499],[40.6773,34.7791],[40.6252,34.8805],[40.5873,34.8668],[40.533,34.9825],[40.13,34.7491],[40.2782,34.5822],[40.4061,34.6574]]]},"properties":{"pcode":"SY090302","iso3":"SYR","name":"Ashara"},"id":"1399"},
{"type":"Feature","geometry":{"type":"Polygon","coordinates":[[[36.0646,34.962],[36.0573,34.9668],[36.0387,34.9623],[35.8857,34.9432],[35.939,34.7659],[35.9446,34.7659],[36.0142,34.8409],[36.037,34.8811],[36.0059,34.9071],[36.0499,34.9211],[36.0646,34.962]]]},"properties":{"pcode":"SY100000","iso3":"SYR","name":"Tartous"},"id":"1400"},
{"type":"Feature","geometry":{"type":"Polygon","coordinates":[[[35.8597,34.8538],[35.8613,34.8577],[35.8579,34.8591],[35.856,34.8587],[35.8562,34.8544],[35.8597,34.8538]]]},"properties":{"pcode":"SY100001","iso3":"SYR","name":"Arwad"},"id":"1401"},
{"type":"Feature","geometry":{"type":"MultiPolygon","coordinates":[[[[35.9786,34.7042],[36.0242,34.6333],[36.0515,34.6798],[35.9786,34.7042]]],[[[35.939,34.7659],[35.9786,34.7043],[35.9944,34.7671],[35.9707,34.7536],[35.9446,34.7659],[35.939,34.7659]]]]},"properties":{"pcode":"SY100002","iso3":"SYR","name":"Hameidiyyeh"},"id":"1402"},
{"type":"Feature","geometry":{"type":"Polygon","coordinates":[[[35.9446,34.7659],[35.9707,34.7536],[35.9944,34.7671],[36.0332,34.7742],[36.0304,34.7963],[36.013,34.8355],[36.0142,34.8409],[35.9446,34.7659]]]},"properties":{"pcode":"SY100003","iso3":"SYR","name":"Kherbet Elma'aza"},"id":"1403"},
{"type":"Feature","geometry":{"type":"Polygon","coordinates":[[[36.0387,34.9623],[35.9633,35.0294],[35.9658,35.0312],[35.9557,35.0696],[35.9016,35.028],[35.8857,34.9432],[36.0387,34.9623]]]},"properties":{"pcode":"SY100004","iso3":"SYR","name":"Soda Khawabi"},"id":"1404"},
{"type":"Feature","geometry":{"type":"Polygon","coordinates":[[[36.1282,34.6914],[36.0877,34.7114],[36.0515,34.6798],[36.0242,34.6333],[36.1173,34.638],[36.1273,34.6899],[36.1282,34.6914]]]},"properties":{"pcode":"SY100005","iso3":"SYR","name":"Kareemeh"},"id":"1405"},
{"type":"Feature","geometry":{"type":"Polygon","coordinates":[[[35.9786,34.7043],[36.0515,34.6798],[36.0877,34.7114],[36.0843,34.7591],[36.0335,34.7718],[36.0332,34.7742],[35.9944,34.7671],[35.9786,34.7043]]]},"properties":{"pcode":"SY100006","iso3":"SYR","name":"Safsafa"},"id":"1406"},
{"type":"Feature","geometry":{"type":"Polygon","coordinates":[[[35.9466,35.2711],[35.9616,35.1943],[35.8967,35.102],[35.9814,35.0923],[35.9975,35.0941],[36.0684,35.1074],[36.0592,35.1416],[35.9898,35.1601],[36.0811,35.1692],[36.0433,35.225],[36.0447,35.227],[35.9466,35.2711]]]},"properties":{"pcode":"SY100200","iso3":"SYR","name":"Banyas"},"id":"1407"},
{"type":"Feature","geometry":{"type":"Polygon","coordinates":[[[35.9557,35.0696],[35.9778,35.091],[35.9814,35.0923],[35.8967,35.102],[35.9016,35.028],[35.9557,35.0696]]]},"properties":{"pcode":"SY100201","iso3":"SYR","name":"Rawda"},"id":"1408"},
{"type":"Feature","geometry":{"type":"Polygon","coordinates":[[[36.0592,35.1416],[36.0853,35.1632],[36.0811,35.1691],[36.0811,35.1692],[35.9898,35.1601],[36.0592,35.1416]]]},"properties":{"pcode":"SY100206","iso3":"SYR","name":"Taleen"},"id":"1409"},
{"type":"Feature","geometry":{"type":"Polygon","coordinates":[[[36.0332,34.7742],[36.0335,34.7718],[36.0843,34.7591],[36.1798,34.831],[36.1848,34.8371],[36.2093,34.8772],[36.2147,34.8795],[36.2103,34.9001],[36.0862,34.8778],[36.0856,34.8779],[36.0855,34.8765],[36.1036,34.8385],[36.0304,34.7963],[36.0332,34.7742]]]},"properties":{"pcode":"SY100300","iso3":"SYR","name":"Safita"},"id":"1410"},
{"type":"Feature","geometry":{"type":"Polygon","coordinates":[[[36.2837,34.9145],[36.2805,34.9175],[36.2147,34.8795],[36.2093,34.8772],[36.1848,34.8371],[36.2848,34.8376],[36.3151,34.8642],[36.2671,34.8735],[36.2852,34.9103],[36.2837,34.9145]]]},"properties":{"pcode":"SY100301","iso3":"SYR","name":"Mashta Elhiu"},"id":"1411"},
{"type":"Feature","geometry":{"type":"Polygon","coordinates":[[[36.2848,34.8376],[36.1848,34.8371],[36.1798,34.831],[36.1862,34.7889],[36.2031,34.7787],[36.2848,34.8376]]]},"properties":{"pcode":"SY100302","iso3":"SYR","name":"Bariqiyeh"},"id":"1412"},
{"type":"Feature","geometry":{"type":"Polygon","coordinates":[[[36.2675,34.9254],[36.2277,34.9271],[36.2103,34.9001],[36.2147,34.8795],[36.2805,34.9175],[36.2652,34.9228],[36.2675,34.9254]]]},"properties":{"pcode":"SY100303","iso3":"SYR","name":"Sibbeh"},"id":"1413"},
{"type":"Feature","geometry":{"type":"Polygon","coordinates":[[[36.1803,34.7632],[36.2031,34.7787],[36.1862,34.7889],[36.1798,34.831],[36.0843,34.7591],[36.0877,34.7114],[36.1282,34.6914],[36.1803,34.7632]]]},"properties":{"pcode":"SY100304","iso3":"SYR","name":"Sisniyyeh"},"id":"1414"},
{"type":"Feature","geometry":{"type":"Polygon","coordinates":[[[36.0142,34.8409],[36.013,34.8355],[36.0304,34.7963],[36.1036,34.8385],[36.0855,34.8765],[36.0856,34.8779],[36.037,34.8811],[36.0142,34.8409]]]},"properties":{"pcode":"SY100305","iso3":"SYR","name":"Ras El-Khashufeh"},"id":"1415"},
{"type":"Feature","geometry":{"type":"Polygon","coordinates":[[[36.0499,34.9211],[36.0504,34.9199],[36.0862,34.8778],[36.2103,34.9001],[36.2277,34.9271],[36.1713,34.9473],[36.1316,34.9063],[36.1147,34.9512],[36.1123,34.9532],[36.0646,34.962],[36.0499,34.9211]]]},"properties":{"pcode":"SY100400","iso3":"SYR","name":"Dreikish"},"id":"1416"},
{"type":"Feature","geometry":{"type":"Polygon","coordinates":[[[36.1375,34.9744],[36.1123,34.9532],[36.1147,34.9512],[36.1316,34.9063],[36.1713,34.9473],[36.2011,34.9783],[36.2024,34.9827],[36.1375,34.9744]]]},"properties":{"pcode":"SY100401","iso3":"SYR","name":"Jneinet Raslan"},"id":"1417"},
{"type":"Feature","geometry":{"type":"Polygon","coordinates":[[[36.037,34.8811],[36.0856,34.8779],[36.0862,34.8778],[36.0504,34.9199],[36.0499,34.9211],[36.0059,34.9071],[36.037,34.8811]]]},"properties":{"pcode":"SY100402","iso3":"SYR","name":"Hamin"},"id":"1418"},
{"type":"Feature","geometry":{"type":"Polygon","coordinates":[[[36.27,34.9399],[36.2024,34.9827],[36.2011,34.9783],[36.1713,34.9473],[36.2277,34.9271],[36.2675,34.9254],[36.2701,34.9389],[36.27,34.9399]]]},"properties":{"pcode":"SY100403","iso3":"SYR","name":"Dweir Raslan"},"id":"1419"},
{"type":"Feature","geometry":{"type":"Polygon","coordinates":[[[36.1621,35.0059],[36.0813,35.0463],[36.0803,35.0476],[36.0523,35.054],[35.9658,35.0312],[35.9633,35.0294],[36.0387,34.9623],[36.0573,34.9668],[36.0646,34.962],[36.1123,34.9532],[36.1375,34.9744],[36.1621,35.0059]]]},"properties":{"pcode":"SY100500","iso3":"SYR","name":"Sheikh Badr"},"id":"1420"},
{"type":"Feature","geometry":{"type":"Polygon","coordinates":[[[36.2475,35.0745],[36.1079,35.0621],[36.0803,35.0476],[36.0813,35.0463],[36.1621,35.0059],[36.2429,35.0353],[36.2476,35.0721],[36.2475,35.0745]]]},"properties":{"pcode":"SY100501","iso3":"SYR","name":"Baramanet Elmashayekh"},"id":"1421"},
{"type":"Feature","geometry":{"type":"Polygon","coordinates":[[[35.9658,35.0312],[36.0523,35.054],[35.9979,35.094],[35.9975,35.0941],[35.9814,35.0923],[35.9778,35.091],[35.9557,35.0696],[35.9658,35.0312]]]},"properties":{"pcode":"SY100502","iso3":"SYR","name":"Qumseyyeh"},"id":"1422"},
{"type":"Feature","geometry":{"type":"Polygon","coordinates":[[[36.2264,35.254],[36.0468,35.2254],[36.0447,35.227],[36.0433,35.225],[36.0811,35.1692],[36.0811,35.1691],[36.0853,35.1632],[36.1235,35.1655],[36.2548,35.206],[36.2297,35.2537],[36.2264,35.254]]]},"properties":{"pcode":"SY100601","iso3":"SYR","name":"Anaza"},"id":"1423"},
{"type":"Feature","geometry":{"type":"Polygon","coordinates":[[[36.2701,35.132],[36.1361,35.1622],[36.1235,35.1655],[36.0853,35.1632],[36.0592,35.1416],[36.0684,35.1074],[36.0698,35.1056],[36.1079,35.0621],[36.2475,35.0745],[36.2701,35.132]]]},"properties":{"pcode":"SY100602","iso3":"SYR","name":"Qadmous"},"id":"1424"},
{"type":"Feature","geometry":{"type":"Polygon","coordinates":[[[35.9975,35.0941],[35.9979,35.094],[36.0523,35.054],[36.0803,35.0476],[36.1079,35.0621],[36.0698,35.1056],[36.0684,35.1074],[35.9975,35.0941]]]},"properties":{"pcode":"SY100603","iso3":"SYR","name":"Hamam Wasil"},"id":"1425"},
{"type":"Feature","geometry":{"type":"Polygon","coordinates":[[[36.2548,35.206],[36.1235,35.1655],[36.1361,35.1622],[36.2701,35.132],[36.2548,35.2038],[36.2548,35.2059],[36.2548,35.206]]]},"properties":{"pcode":"SY100604","iso3":"SYR","name":"Tawahin"},"id":"1426"},
{"type":"Feature","geometry":{"type":"Polygon","coordinates":[[[38.5464,36.2201],[38.5508,36.2072],[38.6038,36.1181],[38.5393,36.0722],[38.5865,36.0239],[38.569,35.9183],[38.4176,35.8678],[38.4154,35.8614],[38.5107,35.8509],[38.5296,35.861],[38.5993,35.8818],[38.6859,35.8534],[38.8909,35.9238],[38.9167,35.904],[39.1091,35.8913],[39.1587,35.9323],[39.0613,35.9474],[39.168,35.9863],[39.1292,36.0481],[39.2998,36.0225],[39.3894,36.267],[39.2398,36.3347],[39.1137,36.3257],[39.0876,36.3725],[39.0833,36.3744],[38.9923,36.3241],[38.9181,36.3542],[38.9599,36.3302],[38.9043,36.2768],[38.8443,36.2949],[38.759,36.2259],[38.5838,36.2629],[38.5472,36.2901],[38.5464,36.2201]]]},"properties":{"pcode":"SY110100","iso3":"SYR","name":"Ar-Raqqa"},"id":"1427"},
{"type":"Feature","geometry":{"type":"Polygon","coordinates":[[[39.2449,35.278],[39.4714,35.5531],[39.6183,35.7266],[39.4275,35.8069],[39.1091,35.8913],[38.9167,35.904],[38.8909,35.9238],[38.8531,35.7485],[39.0467,35.6199],[39.1673,35.3268],[39.2449,35.278]]]},"properties":{"pcode":"SY110101","iso3":"SYR","name":"Sabka"},"id":"1428"},
{"type":"Feature","geometry":{"type":"Polygon","coordinates":[[[39.7014,35.9297],[39.6647,35.9979],[39.75,36.0693],[39.6978,36.1623],[39.4661,36.2167],[39.3894,36.267],[39.2998,36.0225],[39.1292,36.0481],[39.168,35.9863],[39.0613,35.9474],[39.1587,35.9323],[39.1091,35.8913],[39.4275,35.8069],[39.6577,35.7756],[39.7003,35.7747],[39.7014,35.9297]]]},"properties":{"pcode":"SY110102","iso3":"SYR","name":"Karama"},"id":"1429"},
{"type":"Feature","geometry":{"type":"Polygon","coordinates":[[[39.6577,35.7756],[39.4275,35.8069],[39.6183,35.7266],[39.6515,35.7702],[39.6577,35.7756]]]},"properties":{"pcode":"SY110103","iso3":"SYR","name":"Maadan"},"id":"1430"},
{"type":"Feature","geometry":{"type":"Polygon","coordinates":[[[38.6705,36.6821],[38.5803,36.6645],[38.6238,36.6056],[38.719,36.6438],[38.6759,36.5763],[38.8013,36.6112],[38.8545,36.5503],[38.9946,36.6043],[39.0638,36.6047],[39.1069,36.6926],[38.8008,36.6974],[38.6442,36.7698],[38.6705,36.6821]]]},"properties":{"pcode":"SY110200","iso3":"SYR","name":"Tell Abiad"},"id":"1431"},
{"type":"Feature","geometry":{"type":"Polygon","coordinates":[[[39.504,36.7021],[39.1069,36.6926],[39.0638,36.6047],[38.9946,36.6043],[39.0495,36.4776],[39.0833,36.3744],[39.0876,36.3725],[39.1137,36.3257],[39.2398,36.3347],[39.3894,36.267],[39.4661,36.2167],[39.6978,36.1623],[39.75,36.0693],[39.6647,35.9979],[39.7014,35.9297],[39.838,36.1197],[39.8944,36.3383],[39.7996,36.3693],[39.513,36.6842],[39.504,36.7021]]]},"properties":{"pcode":"SY110201","iso3":"SYR","name":"Suluk"},"id":"1432"},
{"type":"Feature","geometry":{"type":"Polygon","coordinates":[[[38.5838,36.2629],[38.759,36.2259],[38.8443,36.2949],[38.9043,36.2768],[38.9599,36.3302],[38.9181,36.3542],[38.9923,36.3241],[39.0833,36.3744],[39.0495,36.4776],[38.9946,36.6043],[38.8545,36.5503],[38.8013,36.6112],[38.6759,36.5763],[38.6472,36.313],[38.5838,36.2629]]]},"properties":{"pcode":"SY110202","iso3":"SYR","name":"Ein Issa"},"id":"1433"},
{"type":"Feature","geometry":{"type":"Polygon","coordinates":[[[38.5107,35.8509],[38.5522,35.7636],[38.5993,35.8818],[38.5296,35.861],[38.5107,35.8509]]]},"properties":{"pcode":"SY110300","iso3":"SYR","name":"Al-Thawrah"},"id":"1434"},
{"type":"Feature","geometry":{"type":"Polygon","coordinates":[[[38.3167,35.3954],[38.4425,35.3966],[39.1344,35.3239],[39.1673,35.3268],[39.0467,35.6199],[38.8531,35.7485],[38.8909,35.9238],[38.6859,35.8534],[38.5993,35.8818],[38.5522,35.7636],[38.5107,35.8509],[38.4154,35.8614],[38.4176,35.8678],[38.1616,35.9762],[38.2007,35.9422],[38.1154,35.8335],[38.1723,35.8365],[38.1451,35.7927],[38.2069,35.6065],[38.3028,35.568],[38.2448,35.4442],[38.3167,35.3954]]]},"properties":{"pcode":"SY110301","iso3":"SYR","name":"Mansura"},"id":"1435"},
{"type":"Feature","geometry":{"type":"Polygon","coordinates":[[[38.0801,36.1473],[38.0803,36.145],[38.0588,36.0864],[38.1616,35.9762],[38.4176,35.8678],[38.569,35.9183],[38.5865,36.0239],[38.5393,36.0722],[38.6038,36.1181],[38.5508,36.2072],[38.5464,36.2201],[38.4238,36.2271],[38.4134,36.1525],[38.3288,36.2834],[38.1969,36.2723],[38.0801,36.1473]]]},"properties":{"pcode":"SY110302","iso3":"SYR","name":"Jurneyyeh"},"id":"1436"},
{"type":"Feature","geometry":{"type":"Polygon","coordinates":[[[36.1478,32.6973],[36.1446,32.6958],[36.099,32.7143],[36.0327,32.658],[36.0907,32.518],[36.2423,32.504],[36.265,32.5655],[36.2885,32.636],[36.1478,32.6973]]]},"properties":{"pcode":"SY120000","iso3":"SYR","name":"Dar'a"},"id":"1437"},
{"type":"Feature","geometry":{"type":"Polygon","coordinates":[[[36.4047,32.5883],[36.3973,32.5877],[36.3535,32.5801],[36.3388,32.5793],[36.3385,32.5793],[36.3846,32.545],[36.3111,32.4602],[36.5,32.3617],[36.5431,32.4742],[36.5074,32.5372],[36.4047,32.5883]]]},"properties":{"pcode":"SY120001","iso3":"SYR","name":"Busra Esh-Sham"},"id":"1438"},
{"type":"Feature","geometry":{"type":"Polygon","coordinates":[[[36.2885,32.636],[36.3035,32.6991],[36.253,32.776],[36.2404,32.7836],[36.1971,32.7815],[36.172,32.761],[36.1478,32.6973],[36.2885,32.636]]]},"properties":{"pcode":"SY120002","iso3":"SYR","name":"Kherbet Ghazala"},"id":"1439"},
{"type":"Feature","geometry":{"type":"Polygon","coordinates":[[[35.9668,32.792],[35.9161,32.8762],[35.9116,32.8826],[35.8934,32.8768],[35.7469,32.7321],[35.9023,32.725],[35.9668,32.792]]]},"properties":{"pcode":"SY120003","iso3":"SYR","name":"Ash-Shajara"},"id":"1440"},
{"type":"Feature","geometry":{"type":"Polygon","coordinates":[[[36.1478,32.6973],[36.172,32.761],[36.1971,32.7815],[36.0874,32.8245],[36.0225,32.7885],[36.099,32.7143],[36.1446,32.6958],[36.1478,32.6973]]]},"properties":{"pcode":"SY120004","iso3":"SYR","name":"Da'el"},"id":"1441"},
{"type":"Feature","geometry":{"type":"Polygon","coordinates":[[[36.099,32.7143],[36.0225,32.7885],[36.0023,32.7915],[36.0033,32.7941],[35.9668,32.792],[35.9023,32.725],[36.0327,32.658],[36.099,32.7143]]]},"properties":{"pcode":"SY120005","iso3":"SYR","name":"Mzeireb"},"id":"1442"},
{"type":"Feature","geometry":{"type":"Polygon","coordinates":[[[36.2423,32.504],[36.3111,32.4602],[36.3846,32.545],[36.3385,32.5793],[36.265,32.5655],[36.2423,32.504]]]},"properties":{"pcode":"SY120006","iso3":"SYR","name":"Jizeh"},"id":"1443"},
{"type":"Feature","geometry":{"type":"Polygon","coordinates":[[[36.265,32.5655],[36.3385,32.5793],[36.3388,32.5793],[36.3535,32.5801],[36.3973,32.5877],[36.4047,32.5883],[36.464,32.6586],[36.3611,32.7066],[36.3035,32.6991],[36.2885,32.636],[36.265,32.5655]]]},"properties":{"pcode":"SY120007","iso3":"SYR","name":"Mseifra"},"id":"1444"},
{"type":"Feature","geometry":{"type":"Polygon","coordinates":[[[36.2849,33.0765],[36.1382,33.1372],[35.967,33.0753],[35.9463,33.0389],[35.979,32.9928],[36.0725,33.0329],[36.124,32.9188],[36.1446,32.9117],[36.1733,32.9607],[36.4157,32.9809],[36.4442,32.9922],[36.2849,33.0765]]]},"properties":{"pcode":"SY120200","iso3":"SYR","name":"As-Sanamayn"},"id":"1445"},
{"type":"Feature","geometry":{"type":"Polygon","coordinates":[[[36.3223,33.2097],[36.3173,33.2062],[36.2849,33.0765],[36.4442,32.9922],[36.5017,33.0007],[36.5551,33.0196],[36.4979,33.1564],[36.5659,33.1821],[36.5723,33.1827],[36.4941,33.2838],[36.3958,33.1916],[36.3223,33.2097]]]},"properties":{"pcode":"SY120201","iso3":"SYR","name":"Masmiyyeh"},"id":"1446"},
{"type":"Feature","geometry":{"type":"Polygon","coordinates":[[[36.1658,33.2138],[35.9895,33.1588],[35.967,33.0753],[36.1382,33.1372],[36.2849,33.0765],[36.3173,33.2062],[36.3223,33.2097],[36.236,33.2735],[36.1658,33.2138]]]},"properties":{"pcode":"SY120202","iso3":"SYR","name":"Ghabagheb"},"id":"1447"},
{"type":"Feature","geometry":{"type":"Polygon","coordinates":[[[36.1733,32.9607],[36.1704,32.8774],[36.2553,32.8007],[36.3784,32.8119],[36.3714,32.8691],[36.4037,32.9706],[36.4157,32.9809],[36.1733,32.9607]]]},"properties":{"pcode":"SY120300","iso3":"SYR","name":"Izra'"},"id":"1448"},
{"type":"Feature","geometry":{"type":"Polygon","coordinates":[[[35.979,32.9928],[35.9792,32.929],[35.984,32.9254],[36.0843,32.9212],[36.124,32.9188],[36.0725,33.0329],[35.979,32.9928]]]},"properties":{"pcode":"SY120301","iso3":"SYR","name":"Jasim"},"id":"1449"},
{"type":"Feature","geometry":{"type":"Polygon","coordinates":[[[36.3035,32.6991],[36.3611,32.7066],[36.3867,32.7461],[36.3913,32.7459],[36.3784,32.8119],[36.2553,32.8007],[36.2542,32.7999],[36.2404,32.7836],[36.253,32.776],[36.3035,32.6991]]]},"properties":{"pcode":"SY120302","iso3":"SYR","name":"Hrak"},"id":"1450"},
{"type":"Feature","geometry":{"type":"Polygon","coordinates":[[[36.0874,32.8245],[36.1446,32.9117],[36.124,32.9188],[36.0843,32.9212],[35.984,32.9254],[35.9792,32.929],[35.9393,32.8977],[35.9394,32.8977],[36.0033,32.7941],[36.0023,32.7915],[36.0225,32.7885],[36.0874,32.8245]]]},"properties":{"pcode":"SY120303","iso3":"SYR","name":"Nawa"},"id":"1451"},
{"type":"Feature","geometry":{"type":"Polygon","coordinates":[[[36.2404,32.7836],[36.2542,32.7999],[36.2553,32.8007],[36.1704,32.8774],[36.1733,32.9607],[36.1446,32.9117],[36.0874,32.8245],[36.1971,32.7815],[36.2404,32.7836]]]},"properties":{"pcode":"SY120304","iso3":"SYR","name":"Sheikh Miskine"},"id":"1452"},
{"type":"Feature","geometry":{"type":"Polygon","coordinates":[[[35.9668,32.792],[36.0033,32.7941],[35.9394,32.8977],[35.9393,32.8977],[35.9116,32.8826],[35.9161,32.8762],[35.9668,32.792]]]},"properties":{"pcode":"SY120305","iso3":"SYR","name":"Tassil"},"id":"1453"},
{"type":"Feature","geometry":{"type":"Polygon","coordinates":[[[36.5074,32.5372],[36.6063,32.6162],[36.6018,32.5628],[36.6515,32.568],[36.7295,32.563],[36.7548,32.5688],[36.7374,32.6357],[36.7041,32.7768],[36.7042,32.777],[36.5554,32.8142],[36.4946,32.7367],[36.3913,32.7459],[36.3867,32.7461],[36.3611,32.7066],[36.464,32.6586],[36.4047,32.5883],[36.5074,32.5372]]]},"properties":{"pcode":"SY130000","iso3":"SYR","name":"As-Sweida"},"id":"1454"},
{"type":"Feature","geometry":{"type":"Polygon","coordinates":[[[36.3784,32.8119],[36.3913,32.7459],[36.4946,32.7367],[36.5554,32.8142],[36.5361,32.8827],[36.5324,32.8808],[36.3714,32.8691],[36.3784,32.8119]]]},"properties":{"pcode":"SY130001","iso3":"SYR","name":"Mazra'a"},"id":"1455"},
{"type":"Feature","geometry":{"type":"Polygon","coordinates":[[[37.2185,33.0053],[36.8072,32.8426],[36.7787,32.8258],[36.7042,32.777],[36.7041,32.7768],[36.7374,32.6357],[37.2067,32.6464],[37.4565,32.6761],[37.2768,32.9953],[37.2185,33.0053]]]},"properties":{"pcode":"SY130002","iso3":"SYR","name":"Mashnaf"},"id":"1456"},
{"type":"Feature","geometry":{"type":"Polygon","coordinates":[[[36.6515,32.568],[36.6381,32.4656],[36.6599,32.4441],[36.7246,32.3326],[36.8348,32.3164],[36.9282,32.3755],[36.7548,32.5688],[36.7295,32.563],[36.6515,32.568]]]},"properties":{"pcode":"SY130200","iso3":"SYR","name":"Salkhad"},"id":"1457"},
{"type":"Feature","geometry":{"type":"Polygon","coordinates":[[[36.5431,32.4742],[36.5843,32.4777],[36.6381,32.4656],[36.6515,32.568],[36.6018,32.5628],[36.6063,32.6162],[36.5074,32.5372],[36.5431,32.4742]]]},"properties":{"pcode":"SY130201","iso3":"SYR","name":"Qarayya"},"id":"1458"},
{"type":"Feature","geometry":{"type":"Polygon","coordinates":[[[36.6599,32.4441],[36.5988,32.3496],[36.7217,32.333],[36.7246,32.3326],[36.6599,32.4441]]]},"properties":{"pcode":"SY130202","iso3":"SYR","name":"Gharyeh"},"id":"1459"},
{"type":"Feature","geometry":{"type":"Polygon","coordinates":[[[36.5,32.3617],[36.5988,32.3496],[36.6599,32.4441],[36.6381,32.4656],[36.5843,32.4777],[36.5431,32.4742],[36.5,32.3617]]]},"properties":{"pcode":"SY130203","iso3":"SYR","name":"Thibeen"},"id":"1460"},
{"type":"Feature","geometry":{"type":"Polygon","coordinates":[[[37.4565,32.6761],[37.2067,32.6464],[36.7374,32.6357],[36.7548,32.5688],[36.9282,32.3755],[37.0928,32.4643],[37.4643,32.664],[37.4565,32.6761]]]},"properties":{"pcode":"SY130204","iso3":"SYR","name":"Milh"},"id":"1461"},
{"type":"Feature","geometry":{"type":"Polygon","coordinates":[[[36.7042,32.777],[36.7787,32.8258],[36.8072,32.8426],[36.6873,32.8649],[36.6354,32.9178],[36.6645,32.9857],[36.56,32.9562],[36.5609,32.9543],[36.5324,32.8808],[36.5361,32.8827],[36.5554,32.8142],[36.7042,32.777]]]},"properties":{"pcode":"SY130300","iso3":"SYR","name":"Shahba"},"id":"1462"},
{"type":"Feature","geometry":{"type":"Polygon","coordinates":[[[37.0577,33.0441],[36.8788,33.0591],[36.8777,33.0588],[36.6645,32.9857],[36.6354,32.9178],[36.6873,32.8649],[36.8072,32.8426],[37.2185,33.0053],[37.0577,33.0441]]]},"properties":{"pcode":"SY130301","iso3":"SYR","name":"Shaqa"},"id":"1463"},
{"type":"Feature","geometry":{"type":"Polygon","coordinates":[[[36.4157,32.9809],[36.4037,32.9706],[36.3714,32.8691],[36.5324,32.8808],[36.5609,32.9543],[36.56,32.9562],[36.5017,33.0007],[36.4442,32.9922],[36.4157,32.9809]]]},"properties":{"pcode":"SY130302","iso3":"SYR","name":"Ariqa"},"id":"1464"},
{"type":"Feature","geometry":{"type":"Polygon","coordinates":[[[36.6228,33.1869],[36.5723,33.1827],[36.5659,33.1821],[36.4979,33.1564],[36.5551,33.0196],[36.5017,33.0007],[36.56,32.9562],[36.6645,32.9857],[36.8777,33.0588],[36.8788,33.0591],[36.7123,33.1929],[36.6228,33.1869]]]},"properties":{"pcode":"SY130303","iso3":"SYR","name":"Little Sura"},"id":"1465"},
{"type":"Feature","geometry":{"type":"Polygon","coordinates":[[[35.9099,33.0369],[35.8121,33.1974],[35.8034,33.2118],[35.7504,33.1895],[35.7373,33.0807],[35.6464,33.0671],[35.6313,32.9618],[35.6563,32.9423],[35.6702,32.9333],[35.7741,33.0493],[35.8565,33.0366],[35.9099,33.0369]]]},"properties":{"pcode":"SY140000","iso3":"SYR","name":"Quneitra"},"id":"1466"},
{"type":"Feature","geometry":{"type":"Polygon","coordinates":[[[35.8155,33.358],[35.7126,33.3182],[35.7778,33.2758],[35.8034,33.2118],[35.8121,33.1974],[35.9099,33.0369],[35.9463,33.0389],[35.967,33.0753],[35.9895,33.1588],[35.9624,33.2608],[35.8855,33.2542],[35.8566,33.3274],[35.8155,33.358]]]},"properties":{"pcode":"SY140001","iso3":"SYR","name":"Khan Arnaba"},"id":"1467"},
{"type":"Feature","geometry":{"type":"Polygon","coordinates":[[[35.9116,32.8826],[35.9393,32.8977],[35.9792,32.929],[35.979,32.9928],[35.9463,33.0389],[35.9099,33.0369],[35.8565,33.0366],[35.7741,33.0493],[35.6702,32.9333],[35.7154,32.904],[35.879,32.9439],[35.8934,32.8768],[35.9116,32.8826]]]},"properties":{"pcode":"SY140002","iso3":"SYR","name":"Al-Khashniyyeh"},"id":"1468"},
{"type":"Feature","geometry":{"type":"Polygon","coordinates":[[[35.8034,33.2118],[35.7778,33.2758],[35.7126,33.3182],[35.6208,33.2708],[35.6846,33.2429],[35.6464,33.0671],[35.7373,33.0807],[35.7504,33.1895],[35.8034,33.2118]]]},"properties":{"pcode":"SY140003","iso3":"SYR","name":"Masaada"},"id":"1469"},
{"type":"Feature","geometry":{"type":"Polygon","coordinates":[[[35.8934,32.8768],[35.879,32.9439],[35.7154,32.904],[35.6495,32.8097],[35.6447,32.6778],[35.7469,32.7321],[35.8934,32.8768]]]},"properties":{"pcode":"SY140200","iso3":"SYR","name":"Fiq"},"id":"1470"},
{"type":"Feature","geometry":{"type":"Polygon","coordinates":[[[35.6313,32.9618],[35.6495,32.8097],[35.7154,32.904],[35.6702,32.9333],[35.6563,32.9423],[35.6313,32.9618]]]},"properties":{"pcode":"SY140201","iso3":"SYR","name":"Al-Butayhah"},"id":"1471"}
]}