{"type":"FeatureCollection", "features": [
{"type":"Feature","geometry":{"type":"Polygon","coordinates":[[[69.9083,34.0395],[70.0019,34.0459],[70.0027,34.0459],[70.1488,34.014],[70.4148,33.9659],[70.4162,33.9658],[70.5111,33.9492],[70.7188,33.9638],[70.7207,33.9645],[70.9009,33.9848],[70.9016,33.9862],[71.0763,34.0557],[71.0711,34.1099],[71.1304,34.1651],[71.122,34.2453],[71.1762,34.3629],[71.0234,34.4548],[71.0234,34.4559],[71.0244,34.5578],[71.0345,34.5661],[71.0357,34.5671],[71.1174,34.6284],[71.1078,34.702],[71.2395,34.7866],[71.2943,34.871],[71.386,34.9171],[71.5664,35.0265],[71.5302,35.088],[71.5303,35.089],[71.6807,35.207],[71.5424,35.3085],[71.657,35.4417],[71.5935,35.5004],[71.6203,35.5712],[71.5002,35.6321],[71.5006,35.6327],[71.5532,35.7219],[71.4936,35.7488],[71.5035,35.8002],[71.3804,35.9046],[71.3686,35.9681],[71.1957,36.039],[71.1947,36.0389],[71.2501,36.1298],[71.5241,36.3343],[71.5757,36.3272],[71.558,36.3727],[71.6373,36.4757],[71.6374,36.4763],[71.648,36.4801],[71.6501,36.4811],[71.8067,36.3998],[71.804,36.5023],[71.9165,36.5088],[72.0783,36.5929],[72.0942,36.6469],[72.197,36.6563],[72.1768,36.7056],[72.2478,36.7525],[72.5007,36.7783],[72.6532,36.8518],[72.9286,36.8429],[73.1479,36.8943],[73.542,36.8722],[73.8429,36.9253],[73.9724,36.8357],[74.1175,36.8379],[74.1761,36.9164],[74.2949,36.913],[74.4265,37.0111],[74.5388,36.9616],[74.5165,37.0111],[74.5614,37.0386],[74.4568,37.1421],[74.5018,37.2399],[74.6634,37.2363],[74.7496,37.2857],[74.814,37.2142],[74.889,37.2561],[74.69,37.406],[74.5663,37.3727],[74.3626,37.4244],[74.2405,37.4146],[74.1977,37.336],[73.7578,37.2218],[73.6174,37.2708],[73.7746,37.3396],[73.7753,37.4397],[73.306,37.4637],[73.1489,37.4029],[73.0934,37.3241],[72.8157,37.2321],[72.6779,37.0222],[72.3439,36.9894],[71.8419,36.6804],[71.638,36.6898],[71.6353,36.69],[71.4311,37.0581],[71.494,37.2822],[71.4767,37.4017],[71.5264,37.4797],[71.4938,37.5418],[71.5315,37.7651],[71.5953,37.8054],[71.5904,37.922],[71.5025,37.9521],[71.3322,37.8854],[71.2529,37.9298],[71.2527,37.93],[71.3762,38.1608],[71.3736,38.2561],[71.1046,38.4224],[71.0569,38.3982],[70.9916,38.4894],[70.9906,38.4905],[70.9253,38.4299],[70.8814,38.4692],[70.7677,38.4493],[70.7675,38.4474],[70.6108,38.3473],[70.5059,38.123],[70.4566,38.1038],[70.4547,38.1033],[70.3301,38],[70.2617,37.9789],[70.269,37.9387],[70.1717,37.9307],[70.1878,37.8464],[70.2797,37.8158],[70.298,37.7261],[70.2978,37.7256],[70.2663,37.6239],[70.1803,37.5724],[70.1789,37.5714],[70.1702,37.5293],[70.0778,37.5375],[69.9138,37.6203],[69.8095,37.5681],[69.6997,37.5763],[69.6981,37.5764],[69.6142,37.5775],[69.6135,37.5782],[69.5284,37.5887],[69.3783,37.4316],[69.4128,37.2709],[69.4145,37.2708],[69.4542,37.2339],[69.3959,37.1638],[69.3035,37.115],[69.3016,37.1152],[69.2294,37.1099],[68.906,37.3347],[68.9131,37.2679],[68.835,37.318],[68.8195,37.2436],[68.7813,37.2882],[68.6827,37.2806],[68.6467,37.2086],[68.4655,37.1439],[68.4611,37.1418],[68.2958,37.1055],[68.2714,37.0117],[68.1933,37.0235],[68.0351,36.9301],[68.0314,36.9291],[67.897,37.068],[67.8052,37.0762],[67.8026,37.0779],[67.7916,37.1687],[67.7353,37.2157],[67.5735,37.2235],[67.5013,37.2816],[67.436,37.2314],[67.3767,37.217],[67.2601,37.1845],[67.0583,37.3735],[66.9491,37.3986],[66.6559,37.323],[66.5868,37.3702],[66.2989,37.3286],[66.0703,37.4493],[65.8883,37.4774],[65.8829,37.4795],[65.7677,37.5501],[65.7061,37.5386],[65.6433,37.3427],[65.5314,37.2381],[65.4832,37.2373],[65.0059,37.2217],[65.0014,37.2209],[64.7556,37.1129],[64.7901,36.9588],[64.7902,36.9581],[64.6185,36.6348],[64.6367,36.4421],[64.5989,36.3906],[64.5934,36.3829],[64.2832,36.1515],[64.0935,36.1295],[64.0687,35.9973],[63.9738,36.0325],[63.5707,35.9514],[63.5352,35.903],[63.5208,35.9003],[63.1209,35.8633],[63.0996,35.8171],[63.2489,35.6886],[63.0948,35.6178],[63.1304,35.5439],[63.099,35.4181],[63.0142,35.4182],[62.7988,35.3004],[62.7985,35.3002],[62.6284,35.208],[62.4773,35.279],[62.4756,35.2774],[62.3056,35.1288],[62.2666,35.2952],[62.0226,35.4431],[61.5881,35.4369],[61.4007,35.5539],[61.3735,35.6233],[61.2862,35.6145],[61.2803,35.5236],[61.1875,35.3992],[61.1907,35.2924],[61.0918,35.2628],[61.086,35.1694],[61.1431,35.0767],[61.1426,35.076],[60.9603,34.6183],[60.9596,34.618],[60.7397,34.5189],[60.9284,34.3057],[60.6853,34.3144],[60.4724,34.0812],[60.5684,33.8199],[60.5589,33.707],[60.5609,33.7037],[60.6037,33.6296],[60.6646,33.5341],[60.9463,33.5139],[60.8514,33.4858],[60.8666,33.4201],[60.634,33.2279],[60.5817,33.1298],[60.6891,32.7879],[60.8775,32.2094],[60.8775,32.2092],[60.8248,31.9502],[60.8249,31.9497],[60.8576,31.4857],[61.6028,31.3894],[61.6177,31.3875],[61.7066,31.3759],[61.7764,31.3023],[61.831,31.0215],[61.8316,31.0215],[61.769,30.8014],[61.7673,30.7998],[60.8732,29.8587],[62.5349,29.3871],[62.5535,29.3891],[63.5551,29.4857],[63.9484,29.4274],[63.9516,29.4267],[64.1269,29.3786],[64.1779,29.4829],[64.5062,29.5684],[65.0591,29.5346],[65.8359,29.7373],[65.838,29.7379],[66.2514,29.8492],[66.3735,29.9709],[66.2287,30.0691],[66.3668,30.4207],[66.3097,30.4995],[66.3084,30.5002],[66.277,30.5689],[66.3921,30.9409],[66.5777,30.9769],[66.6918,31.0764],[66.7321,31.2097],[66.7332,31.21],[66.9643,31.3073],[66.9648,31.3068],[67.0378,31.3114],[67.0239,31.2375],[67.0698,31.214],[67.1543,31.2489],[67.278,31.1982],[67.7893,31.3366],[67.7491,31.416],[67.613,31.4122],[67.5871,31.5053],[67.5871,31.5056],[67.7145,31.5133],[67.8581,31.6241],[67.9985,31.6531],[68.1712,31.8354],[68.2792,31.7573],[68.5445,31.7123],[68.5906,31.7528],[68.4335,31.762],[68.576,31.833],[68.6098,31.8051],[68.7085,31.771],[68.7904,31.6222],[68.9112,31.5983],[69.118,31.7018],[69.1912,31.8473],[69.2854,31.9187],[69.2854,31.9191],[69.3336,31.9236],[69.2714,32.1547],[69.282,32.343],[69.2378,32.4568],[69.2678,32.5054],[69.2691,32.5078],[69.453,32.6565],[69.3902,32.7779],[69.5476,32.8748],[69.5043,32.8864],[69.5041,32.8868],[69.495,33.0018],[69.4955,33.0083],[69.5756,33.0995],[69.7976,33.1312],[69.7983,33.1315],[69.9244,33.1029],[70.021,33.1388],[70.0621,33.2118],[70.0615,33.2127],[70.1645,33.2323],[70.3287,33.3321],[70.2963,33.4302],[70.2041,33.4915],[70.206,33.4935],[70.1708,33.5368],[70.2002,33.6427],[70.1436,33.6583],[70.1426,33.7243],[70.05,33.731],[70.0491,33.7314],[69.9716,33.7577],[69.859,33.9243],[69.8888,34.0187],[69.9083,34.0395]]]},"properties":{"iso3":"AFG"}},
{"type":"Feature","geometry":{"type":"Polygon","coordinates":[[[-4.6316,12.0573],[-4.6440612146669125,12.054428960191338],[-4.709890255256385,12.039262076291955],[-4.7145,12.0382],[-4.74,11.9987],[-5.0764,11.9805],[-5.113907313437471,11.949134234961647],[-5.2094,11.8825],[-5.2534894455690635,11.837160381116123],[-5.2623,11.8281],[-5.39278961127561,11.824770711547893],[-5.2595,11.7623],[-5.263706119103988,11.743915807685303],[-5.290934094834123,11.617739478513164],[-5.2153,11.5785],[-5.198,11.4314],[-5.198009565719639,11.431389991934944],[-5.1979,11.4305],[-5.2527211967315734,11.309441656955297],[-5.291319902304609,11.224206462925851],[-5.3314,11.1357],[-5.345002001950348,11.130723448908594],[-5.432479491669896,11.09871814567997],[-5.48833365556381,11.078282837605432],[-5.4902,11.0776],[-5.4911,10.9718],[-5.404067240207557,10.848183978464293],[-5.4026,10.8461],[-5.466725817833988,10.761682448719311],[-5.4545,10.5569],[-5.455895496230206,10.553473992741257],[-5.4558,10.5518],[-5.4736124871322955,10.509977967370622],[-5.509,10.4231],[-5.404,10.2962],[-5.2419,10.3141],[-5.1152,10.291],[-5.1219,10.2043],[-5.0819,10.2228],[-5.1043,10.1752],[-5.0599,10.1804],[-5.0365,10.1217],[-5.073,10.1111],[-4.9992,10.1072],[-4.962,10.0256],[-4.9671,9.8925],[-4.7859,9.8357],[-4.8165,9.7835],[-4.6903,9.6784],[-4.6123,9.725],[-4.5624,9.6929],[-4.5154,9.7513],[-4.5047,9.6466],[-4.4297,9.6641],[-4.3904,9.5964],[-4.3128,9.5966],[-4.2665,9.7599],[-4.1745,9.7964],[-4.1278,9.8484],[-4.0507,9.8028],[-3.9678,9.8721],[-3.6444,9.9526],[-3.3107,9.9105],[-3.2717,9.8458],[-3.1983,9.9325],[-3.1841,9.8382],[-3.092,9.8108],[-3.063,9.7301],[-3.0062,9.7418],[-2.9354,9.5791],[-2.7687,9.4153],[-2.6887,9.4937],[-2.7706,9.5739],[-2.7458,9.642],[-2.783,9.7267],[-2.7265,9.8295],[-2.7958,10.1782],[-2.7591,10.2577],[-2.8501,10.3248],[-2.7733,10.4227],[-2.867,10.4554],[-2.9385,10.7078],[-2.8654,10.8536],[-2.8173,10.925],[-2.8332,11.008],[-2.7161,11.0042],[-1.8985,10.9844],[-1.4265,11.0214],[-0.9055,10.9829],[-0.6833,11.0002],[-0.613,10.8964],[-0.5649,10.9954],[-0.5,11.0051],[-0.4401,11.0369],[-0.4179,11.1219],[-0.3707,11.1263],[-0.3615,11.0687],[-0.271,11.1265],[-0.2814,11.1696],[-0.1084,11.1331],[0.2629,11.0597],[0.4234,11.0265],[0.5048,11.0092],[0.5008,10.9334],[0.7564,11.0012],[0.9118,11.001],[0.888,10.9142],[0.9357,10.8978],[0.9239,10.9864],[0.9805,10.9828],[0.9448,11.0261],[0.9771,11.0883],[1.1142,11.0317],[1.0496,11.1319],[1.165,11.1697],[1.1397,11.2717],[1.2627,11.2501],[1.2692,11.3274],[1.3332,11.2926],[1.3265,11.3664],[1.41,11.459],[1.5536,11.4783],[1.6242,11.3934],[1.8781,11.453],[1.917,11.4084],[1.9971,11.4177],[2.0581,11.4714],[2.3119,11.681],[2.4074,11.8989],[2.40426478328086,11.90307906270806],[2.0665,12.3533],[2.1486820456847604,12.405691980432033],[2.220180516745822,12.418627091498747],[2.2618,12.4134],[2.2650583349921396,12.426746140127802],[2.26854444132577,12.441025231670354],[2.2743,12.4646],[2.162,12.686],[2.158234152277116,12.687277288290154],[2.1474822560429723,12.690924082363473],[2.0308,12.7305],[2.002172242273853,12.734085472591925],[1.9838751103906442,12.736377089892366],[1.9797,12.7369],[1.954098184052813,12.706624471249505],[1.8638,12.6164],[1.7579,12.6708],[1.740131456888002,12.678314449950449],[1.4548680738482773,12.840346534767354],[1.409,12.8664],[1.3467,12.9018],[0.9922,13.1031],[0.9919,13.1079],[0.9919,13.3747],[0.9933010493679558,13.374293145052537],[1.1751,13.3215],[1.2040390199637019,13.36799219600726],[1.283,13.3522],[1.2804198038064896,13.35614508258573],[1.283374769576581,13.355106416143382],[1.2851,13.3545],[1.283403898564174,13.355332317510705],[1.2797922148284868,13.357104657037603],[1.2081959829336075,13.392238639149713],[1.027652200489726,13.480835788119084],[1.006,13.5584],[0.996436955496147,13.5642365544897],[0.9942,13.5764],[0.9617507044202749,13.585406402059286],[0.9072,13.6187],[0.8621,13.6253],[0.7927364021228231,13.640274275472244],[0.7815,13.6427],[0.7735050115995477,13.687383101838083],[0.7725,13.693],[0.639306860900028,13.7063750432569],[0.6052,13.7098],[0.6191031601031514,13.780139013942916],[0.5347,13.8481],[0.5060855716794748,13.884967510654961],[0.4765,13.9104],[0.455983628470057,13.949520047033348],[0.3818,14.0451],[0.1898,14.4701],[0.18648406544150598,14.498945065137868],[0.1763729012400078,14.58690132147133],[0.18585458304894553,14.658925041270818],[0.236,14.7514],[0.2045925828308083,14.801260596617084],[0.21560018331398864,14.884875333837854],[0.2434,14.9128],[0.22030117941748192,14.920584528995334],[0.06432664791062467,14.97314947527522],[0.0504,14.9725],[-0.1807,15.0525],[-0.2474,15.0728],[-0.3849,14.9987],[-0.39659171433298657,15.014224106551952],[-0.4392147478089164,15.070818417223819],[-0.445,15.0785],[-0.7013,15.0798],[-0.7419,15.0642],[-0.7964564049913126,15.02161004580635],[-1.0494,14.8044],[-1.0889083207793846,14.793304795501777],[-1.1121,14.7752],[-1.2059316271204328,14.76044089520689],[-1.3186,14.7288],[-1.6785,14.5007],[-1.9808,14.4747],[-1.9974,14.1912],[-2.0506410377358493,14.168091352201257],[-2.0967,14.1481],[-2.0950385950616823,14.146714750525858],[-2.104,14.1424],[-2.4737,14.2946],[-2.502641456043369,14.275139638436412],[-2.663,14.1467],[-2.810984462634334,14.06780845285708],[-2.8397,14.0485],[-2.876328944550589,13.922946240735687],[-2.9068,13.8185],[-2.8763195354653552,13.652135658088326],[-2.8758,13.6493],[-2.948134173169965,13.621912258971266],[-2.9516,13.6206],[-3.0009,13.6558],[-3.0385,13.6103],[-3.1061,13.6857],[-3.1869,13.6763],[-3.263501642096392,13.702236721049628],[-3.233,13.2872],[-3.23348092954958,13.287170767027378],[-3.2332,13.2839],[-3.4371067183602806,13.271149604323345],[-3.4404,13.1585],[-3.4411676073643855,13.158559758126607],[-3.5483,13.1669],[-3.7976,13.3705],[-3.9501925023814195,13.37847195003222],[-3.953270676478913,13.385694593829607],[-3.9017720099255615,13.434740942928038],[-3.897225136442811,13.439071298625896],[-3.8952,13.441],[-3.9640115859119622,13.503780685422551],[-3.9648,13.5045],[-3.9841,13.4339],[-4.091,13.3963],[-4.093973010475625,13.390030955777757],[-4.105588981188613,13.365536916930248],[-4.1407,13.2915],[-4.2593,13.234],[-4.2582069579355935,13.232097162651996],[-4.259,13.2317],[-4.233302422561704,13.180117953651132],[-4.3402,13.1415],[-4.337531173451249,13.13748129512237],[-4.2194,12.9596],[-4.225165382316428,12.865104974941381],[-4.232049150137238,12.752279532147828],[-4.2335,12.7285],[-4.249013706106576,12.728417682375762],[-4.2668,12.7034],[-4.478900217426555,12.71885428954626],[-4.4809,12.719],[-4.4837,12.6542],[-4.36842048506602,12.530983857531838],[-4.4382,12.4201],[-4.435933233275258,12.41413964189005],[-4.4408,12.4059],[-4.398401326077071,12.31002118056065],[-4.4739,12.3304],[-4.4737076731462,12.32727634661587],[-4.471,12.2833],[-4.471793149913936,12.282691894210542],[-4.5803,12.1995],[-4.578755811450487,12.19715571375644],[-4.5809,12.1955],[-4.545485482735769,12.140682848277173],[-4.6062,12.1372],[-4.6316,12.0573]],[[-3.441219592601839,13.156769325389606],[-3.4413,13.154],[-3.442481665409354,13.154104297228619],[-3.441219592601839,13.156769325389606]]]},"properties":{"iso3":"BFA"}},
{"type":"Feature","geometry":{"type":"Polygon","coordinates":[[[18.8299,4.5665],[19.04625098706603,4.827410142954391],[19.0979,4.9221],[19.129861156249003,4.928240471901827],[19.1421,4.943],[19.2007,4.9423],[19.225006109955565,4.962576582443036],[19.403,5.121],[19.415401402646964,5.121407668786394],[19.6129,5.1279],[19.756479568304187,5.104195825987516],[19.8249,5.0929],[19.852732221153012,5.05805566541554],[19.8541,5.0574],[19.860943203636918,5.047775989231472],[19.915,4.9801],[19.949715120099704,4.973834760933605],[20.032463697602385,4.958900645223523],[20.0369,4.9581],[20.058923441493206,4.941283187338069],[20.4049,4.6771],[20.454897595228932,4.561693786071567],[20.46855026156998,4.530180219764349],[20.481751875714767,4.499707788056028],[20.57571463581249,4.430409509577887],[20.621512537146902,4.403463540783813],[20.624,4.402],[20.862603356371633,4.445697707707596],[20.8832991541877,4.441552452180373],[20.9929,4.4196],[21.006728440116657,4.411210493061093],[21.05948483008613,4.379203983578697],[21.0585,4.3854],[21.0564,4.399],[21.207176338127184,4.289601763727785],[21.211233287659876,4.287140473374848],[21.282,4.3382],[21.38200628536295,4.305949033857493],[21.443882906579763,4.285994479914871],[21.562104963393576,4.247869120716075],[21.5648,4.2474],[21.6506,4.3091],[21.718189072426938,4.304910927573062],[21.7348,4.3039],[21.73607025015897,4.303465005479415],[22.0287,4.2224],[22.0372,4.2216],[22.2658,4.1147],[22.447731245357602,4.1275569902404685],[22.55504106510664,4.2668995920041475],[22.60699678249678,4.334364478764473],[22.6195,4.3506],[22.5993,4.4717],[22.65199363425926,4.4717],[22.66800289855072,4.4717],[22.69319683210137,4.4717],[22.717511279938496,4.522306114509354],[22.731655228158505,4.561395149554446],[22.7834,4.7044],[22.786898675083663,4.70454418782163],[22.83182909701521,4.7063958658163845],[22.860459309769556,4.707575777614745],[22.8659,4.7078],[22.90425751631437,4.810962024317378],[22.9068,4.8178],[22.9749,4.847],[23.111474312102125,4.709932639839742],[23.1134,4.708],[23.17949139926407,4.73261882562707],[23.1883,4.7359],[23.25850136953612,4.676739201933951],[23.34176194946861,4.617853344122865],[23.40300635074556,4.603260400479012],[23.442862789092352,4.631446381480651],[23.4574,4.6696],[23.565003501462733,4.717822784922513],[23.59,4.7355],[23.693819044777527,4.775551800758462],[23.7091,4.7824],[23.718250469336166,4.7849770709559],[23.859839630320238,4.8248532020085575],[23.9051,4.8376],[23.95023843866171,4.812979033457249],[23.9599,4.8772],[23.971762018777746,4.878247170734993],[23.9723,4.8812],[24.193127137953454,4.922797836964275],[24.273997087638953,4.938031539730624],[24.276302706191473,4.938465855664519],[24.2984,5.0029],[24.298809189016346,5.003002933770334],[24.2991,5.004],[24.41004842324234,5.031662743596616],[24.375093029490618,5.050657372654156],[24.3574,5.0599],[24.360865514348045,5.064622436650445],[24.39165871452522,5.106584155026594],[24.396,5.1125],[24.435400538562888,5.060326219508994],[24.437132986801203,5.061951420951603],[24.4544,5.1046],[24.475742298640792,5.098170632534461],[24.4762,5.0986],[24.47910731957513,5.097156919977992],[24.5344,5.0805],[24.555660918723703,5.0591586997310305],[24.668492066748815,4.945900968915653],[24.6931,4.9212],[24.78869002675638,4.907336537701661],[24.94967356076759,4.977897502284496],[24.9835,4.9931],[24.98389000404149,4.992894969303901],[25.0001,5],[25.14568463445864,5.016583271766528],[25.1542,5.0283],[25.31775328993502,5.036183288532561],[25.3179,5.0362],[25.31833209318808,5.0375078638320065],[25.34150299697258,5.168077775278954],[25.35767109606262,5.259186317530285],[25.3677,5.3157],[25.393589276757123,5.323716544721993],[25.47324692764678,5.348382321475689],[25.546811364244856,5.371161350857976],[25.5461,5.3861],[25.6744,5.3121],[25.748300457714308,5.237606757865521],[25.749357457350374,5.236831214458646],[25.7494,5.2368],[25.792429666941494,5.272641416315536],[25.7925,5.2727],[25.82131035548686,5.215610355486862],[25.8359,5.1868],[25.836068190012377,5.18691200963246],[25.862,5.2196],[25.87839391947769,5.215099708378672],[25.886055892974394,5.21299642153644],[25.940441713682674,5.198066980557697],[25.9851255625799,5.239630760205244],[25.9852,5.2398],[26.02655,5.2169],[26.0679,5.194],[26.153636855116947,5.2535548477479],[26.1609,5.2586],[26.303066643273212,5.140975808828689],[26.3034,5.1407],[26.4142,5.133],[26.4881,5.0464],[26.66234376829593,5.08432246961767],[26.75,5.1034],[26.758583995731055,5.098510915688367],[26.8722,5.0338],[26.965654375618524,5.146708143604421],[26.9702,5.1522],[27.003681692177896,5.1622755092202],[27.12915156390974,5.200032646546913],[27.143,5.2042],[27.4146,5.0878],[27.446940642913205,5.042251294124212],[27.45292061333924,5.074738225658566],[27.457,5.0969],[27.2576,5.347],[27.2803,5.5328],[27.293,5.5967],[27.2368,5.6009],[27.231216956397834,5.613934636210182],[27.186811380166244,5.71760757397085],[27.0027,5.8567],[26.8422,5.8928],[26.839899300367712,5.896734765448857],[26.8355,5.8965],[26.834196223322554,5.906488437851178],[26.7856,5.9896],[26.5602,6.0332],[26.535726086956522,6.082147826086956],[26.5191,6.1154],[26.455478927291875,6.087571636827226],[26.486532582244255,6.143966246056783],[26.5327,6.2201],[26.52812955579852,6.2195079197284455],[26.4887,6.2144],[26.486552365170233,6.224633805363061],[26.477284876798052,6.2687947916214055],[26.4755,6.2773],[26.38984542578109,6.331704773514868],[26.30921631739838,6.382917547850261],[26.293132629764813,6.461524759933236],[26.293,6.4863],[26.30754004501888,6.507415560557654],[26.4155,6.6498],[26.3350576850803,6.692939087387426],[26.1026,6.8176],[26.095821805931056,6.8379995489231415],[26.046835731190487,6.985427288238206],[26.040516861295277,7.004444462172034],[26.04,7.006],[25.8371,7.1072],[25.8205,7.1572],[25.53117574999143,7.254408177049405],[25.4809,7.2713],[25.47542012920775,7.274845290717445],[25.438490244704333,7.2987376746239105],[25.354,7.3534],[25.296187109203654,7.453167093115899],[25.276699454535112,7.4743153774994235],[25.2614529299523,7.477973175997992],[25.199321760610403,7.492879084337862],[25.1959,7.4937],[25.1667,7.5864],[25.26718813545525,7.640275151613822],[25.285689315260516,7.652552169077196],[25.28501290334923,7.801459419833926],[25.273363423441012,7.815746159851658],[25.21914486792895,7.869077502637159],[25.0933,7.8837],[25.03367322812931,7.932775532403861],[24.9618,7.9839],[24.8587,8.1784],[24.650000022899015,8.196940989237463],[24.552454802070372,8.205606945576665],[24.5379,8.2069],[24.463920844218542,8.275096665937498],[24.43886140723396,8.274873031894007],[24.3553,8.2462],[24.295183791821696,8.273590832053937],[24.2738,8.2734],[24.25315595117226,8.292740035899328],[24.1795,8.3263],[24.155826789352826,8.383921252304411],[24.152705441123913,8.391518700597695],[24.1507,8.3964],[24.165,8.4829],[24.2583,8.5766],[24.2232,8.6408],[24.22385535251603,8.641757561707358],[24.253862960854093,8.685602875444838],[24.2609,8.703],[24.244825356574168,8.703520776784854],[24.19615180883679,8.7050976735798],[23.92210859406472,8.713975963475225],[23.805260549541188,8.717761537271883],[23.681370266133595,8.721775261356363],[23.5201,8.727],[23.5085,8.8148],[23.520354415504837,8.8396512465214],[23.528268826619968,8.856242784215826],[23.5884,8.9823],[23.535476621549634,8.983020334214297],[23.519903169558685,8.983232302736191],[23.46528540158817,9.00602460240406],[23.4763,9.1419],[23.52099207085806,9.175399888447636],[23.614638711976212,9.245594712064502],[23.620209583939104,9.24977047715504],[23.62054481837221,9.250021759225826],[23.6512,9.273],[23.672009511867053,9.40410783712438],[23.67726481074342,9.437218218257978],[23.6775,9.4387],[23.6285,9.542],[23.65231903012491,9.60496348273329],[23.693,9.7125],[23.6682,9.8916],[23.452509647665295,10.24866868325229],[23.43967643569524,10.269913667325264],[23.2961,10.5076],[23.240447793963895,10.548217134244092],[22.999243672068804,10.72425723933688],[22.99494074525355,10.73106440993376],[22.8814,10.9309],[22.87779217343478,10.931640166352263],[22.875792022727016,10.932050508763846],[22.509,11.0073],[22.480140847973374,10.996691918641949],[22.468,10.9987],[22.1518,10.876],[21.83250176122762,10.839400201882025],[21.8325,10.8394],[21.7884,10.7946],[21.7886,10.6694],[21.733591819346515,10.654025662757466],[21.7335,10.654],[21.7175,10.5078],[21.7709,10.4117],[21.7282,10.3018],[21.668471394508337,10.231983452778142],[21.54271316025067,10.227128290062668],[21.5367,10.2269],[21.385,9.9918],[21.25537277486911,9.990413612565446],[21.2541,9.9904],[21.17239240806643,9.87360759193357],[21.1153,9.792],[21.027716353725015,9.759283646274985],[20.9951,9.7471],[20.99164432036966,9.68562783981517],[20.988,9.6208],[20.820923845072446,9.429200734026995],[20.8204,9.4286],[20.6669,9.3983],[20.637839961549023,9.317910546553145],[20.5286,9.3371],[20.437756612995653,9.160802240474613],[20.394301545354278,9.14404739996134],[20.337345615578684,9.129982594672718],[20.10285904490931,9.156347195188982],[20.1015,9.1565],[20.099641340803096,9.155693506645198],[19.985263909021903,9.10606383875093],[19.940014181490604,9.086429467575499],[19.741896618594485,9.03793389715121],[19.0232,8.9951],[19.022450806524397,8.994435656065507],[18.946928529084847,8.927466617265654],[18.8625,8.8526],[19.1056,8.6984],[19.0462,8.5751],[18.8372,8.2889],[18.658826922265405,8.195490143136201],[18.6577,8.1949],[18.618,8.0525],[18.213514675514695,8.022681286659104],[18.2141,8.0194],[17.9217825534775,7.958637946158741],[17.9217,7.9586],[17.92163287559513,7.958606833627978],[17.7223,7.9789],[17.723240628716823,7.977808870688487],[17.7199503142629,7.978127500579584],[17.6203405171848,7.945379074142948],[17.5151,7.8687],[17.515024800914972,7.868740639505527],[17.515,7.8687],[17.46779575943459,7.893948779837312],[17.286892393884724,7.804032314120219],[17.2822,7.8017],[17.1604,7.6668],[17.0913,7.6921],[17.0403,7.635],[16.9706,7.6258],[16.900911963466786,7.616501596273187],[16.908,7.5582],[16.8439,7.5299],[16.836554973630236,7.5369415615819255],[16.667547885133686,7.698966006630761],[16.668,7.7383],[16.594753156350947,7.768753171408438],[16.5946,7.7689],[16.5959,7.8802],[16.4891,7.7903],[16.439,7.8052],[16.438990698386203,7.805173079562661],[16.3927,7.6712],[16.2331,7.6083],[16.0661,7.5819],[15.9901,7.4903],[15.841506238795267,7.449796880602366],[15.809677769234337,7.441121198040606],[15.8096,7.4411],[15.7688,7.4801],[15.7279,7.5191],[15.503496460714052,7.5251838292873074],[15.224809137769642,7.237832239885128],[15.2112,7.2238],[15.218467754162083,7.123891379493398],[15.2191,7.1152],[15.209735040867994,7.1064973652802905],[15.1397,6.967],[15.0665,6.7762],[14.9462,6.7017],[14.915,6.6251],[14.84697582352163,6.465635917449398],[14.805,6.3466],[14.7852418145238,6.320917412696316],[14.76512989541905,6.294775026348412],[14.7403,6.2625],[14.672551984886082,6.237532598163352],[14.488542618246461,6.123756613216099],[14.433837559127042,6.064466217508682],[14.4156,6.0447],[14.485,5.92],[14.491893234478761,5.918685766146853],[14.577040811002199,5.90245190264992],[14.6177,5.8947],[14.5965,5.6175],[14.597489206793451,5.614372447982383],[14.6299,5.5119],[14.629265783639148,5.510514097261364],[14.5257,5.2842],[14.529520516022624,5.281811143050115],[14.6642,5.1976],[14.664289128743267,5.196813324400436],[14.68151755176151,5.044750370177488],[14.685217435060236,5.012094149460775],[14.696401792004837,4.913377838845526],[14.7226,4.7065],[14.73169870933943,4.612415473639091],[15.0079,4.4243],[15.011083686359754,4.419352979116528],[15.0162,4.4166],[15.0931,4.2922],[15.11355762098412,4.125273496383097],[15.1795,4.0567],[15.176897500522891,4.0558036110269144],[15.1776,4.0551],[15.083593804249713,4.009666287696647],[15.338298366345626,3.7095298182710215],[15.7337,3.2436],[15.7754,3.2702],[16.0561,3.0204],[16.06159970154503,2.8432015236300354],[16.08729768078605,2.7120118397225634],[16.0858,2.709],[16.0896,2.7003],[16.0755,2.4652],[16.1952,2.2234],[16.5201,2.8423],[16.4934,3.0043],[16.5444,3.0702],[16.5058,3.1598],[16.5965,3.4827],[16.6105,3.4972],[16.7545,3.557],[16.8518,3.5106],[16.8737,3.5575],[16.9573,3.5598],[17.0354,3.5134],[17.2987,3.6301],[17.367,3.6127],[17.4917,3.7021],[17.6063,3.6412],[17.829,3.6267],[17.8591,3.533],[17.9377,3.6024],[17.9957,3.5511],[18.1235,3.566],[18.176,3.4882],[18.2416,3.5004],[18.2677,3.5915],[18.3969,3.584],[18.4909,3.6516],[18.612577274470436,3.4992080737214937],[18.587,3.7514],[18.60431164757709,3.8117244334801765],[18.5991,3.8694],[18.636635211120677,4.025733776699788],[18.6488,4.0764],[18.549879554664912,4.30953600675073],[18.5437,4.3241],[18.6427,4.3615],[18.730776163684585,4.38582003909521],[18.733119581438473,4.3864671155459405],[18.7331,4.3868],[18.80067255855962,4.4785571815483705],[18.8299,4.5665]]]},"properties":{"iso3":"CAF"}},
{"type":"Feature","geometry":{"type":"MultiPolygon","coordinates":[[[[11.8803,7.2484],[11.8676,7.0785],[11.7149,7.0443],[11.63660535040367,6.965674993232378],[11.5727,6.9015],[11.573906123380732,6.885296424417857],[11.577496058642671,6.837067703972624],[11.583152752250067,6.761073271001133],[11.538503387815748,6.650800258968366],[11.5191,6.6145],[11.4172,6.5982],[11.427695882971724,6.531263991614287],[11.355894748264848,6.503213681655467],[11.28,6.5381],[11.26103561559042,6.531709071920581],[11.1981,6.5105],[11.0942,6.5242],[11.07256652981542,6.685665940772815],[10.9182,6.7082],[10.918137327536837,6.7090036002499085],[10.9163,6.709],[10.829505877395066,6.825998477271451],[10.8239,6.83],[10.82421052717616,6.8331366093665356],[10.83200692124105,6.911887342077023],[10.83479284118577,6.940027689408555],[10.8348,6.9401],[10.6216,7.0571],[10.614012138531093,7.07421021069692],[10.578545118587975,7.15418639193129],[10.560016317991632,7.048307531380753],[10.5451,6.945],[10.541359718926813,6.941698393867496],[10.536723365910008,6.937605810648958],[10.4965,6.9021],[10.412006253139646,6.898747786167779],[10.4095,6.9097],[10.23938323978538,6.891899122513625],[10.214834653324203,6.89092517930298],[10.20827815327025,6.905954694811272],[10.150943778533874,7.0373827230531205],[10.1505,7.0384],[9.864802473478186,6.777545736653996],[9.8168,6.7883],[9.808904219346067,6.787856654027452],[9.7793,6.7944],[9.705116646825678,6.51224366612297],[9.5992,6.5309],[9.59822180878217,6.5293660980007155],[9.5968,6.5296],[9.596214177192945,6.5262179301860685],[9.559884948210579,6.469250053197593],[9.470084727998666,6.454896739311263],[9.4656,6.4556],[9.465380348652932,6.454144809825674],[9.4651,6.4541],[9.458242625291776,6.424717317039682],[9.4354,6.3356],[9.38463267351905,6.335989661497113],[9.3452,6.3526],[9.321363089748562,6.30203148655457],[9.2645,6.1814],[8.998727512066695,5.958188942518649],[8.99,5.9519],[8.9785,5.9428],[8.885403563165202,5.8630129569643685],[8.843,5.8274],[8.84391092903522,5.826224968689213],[8.8837,5.7749],[8.838,5.6787],[8.9214,5.5642],[8.879173612766602,5.505831373596366],[8.8424,5.455],[8.8355,5.344],[8.798804099185018,5.150035952835097],[8.711346988203246,5.0216466444058785],[8.690728452344198,4.995056143615139],[8.6057,4.8854],[8.606808340196697,4.8825352223729475],[8.6046,4.8799],[8.626866469346918,4.823085555791942],[8.626538469839387,4.822908390547537],[8.582328717679484,4.811705919411996],[8.5831,4.811],[8.5753,4.8049],[8.573205622568857,4.809394184904326],[8.568999147200593,4.808328290693363],[8.5713,4.803],[8.5594,4.7984],[8.553936646171044,4.804511548351034],[8.5385,4.8006],[8.530055483725329,4.7707941909120954],[8.5284,4.7699],[8.52719435789171,4.760695546111198],[8.4994,4.5485],[8.5658,4.4834],[8.7237,4.4983],[8.6684,4.5647],[8.6445,4.7249],[8.7666,4.5341],[8.7962,4.5807],[8.8668,4.525],[8.8391,4.6229],[8.9104,4.4967],[8.8805,4.4077],[8.9342,4.2581],[8.9352,4.2581],[8.996,4.1939],[8.9767,4.097],[9.1141,4.0099],[9.2091,4.005],[9.2117,3.9509],[9.2858,3.9757],[9.3266,3.9241],[9.3362,3.917],[9.4696,3.9081],[9.4475,3.9477],[9.5266,3.9616],[9.5211,4.0251],[9.6423,4.0376],[9.6507,4.0057],[9.6234,3.9492],[9.7009,3.9274],[9.6598,3.9133],[9.6809,3.8379],[9.6173,3.8667],[9.5938,3.8065],[9.5863,3.798],[9.5366,3.8266],[9.5363,3.8253],[9.5391,3.8203],[9.5569,3.8035],[9.5823,3.7658],[9.6518,3.638],[9.6295,3.5612],[9.896,3.2766],[9.9749,3.0851],[9.8239,2.5695],[9.8229,2.3517],[9.9064,2.1976],[10.1888,2.1734],[11.3598,2.1719],[11.3885,2.2981],[11.6661,2.3174],[11.7582,2.2702],[11.9361,2.2845],[12.124,2.2934],[12.2462,2.2493],[12.3025,2.2872],[12.7455,2.2211],[12.8195,2.258],[13.0848,2.2407],[13.1577,2.2866],[13.2863,2.2484],[13.2943,2.1706],[13.6799,2.1719],[14.3629,2.1874],[14.4607,2.1255],[14.5955,2.2068],[14.7717,2.0631],[14.873,2.1109],[14.9148,2.0003],[14.9831,2.0368],[15.1051,1.9828],[15.2065,2.0397],[15.3436,1.9124],[15.423,1.9565],[15.4856,1.9836],[15.7473,1.9198],[15.8811,1.7855],[16.026,1.7653],[16.0562,1.6547],[16.1498,1.7044],[16.0481,1.9754],[16.0813,2.1908],[16.1921,2.2157],[16.0734,2.463],[16.06159970154503,2.8432015236300354],[16.0561,3.0204],[15.7754,3.2702],[15.7337,3.2436],[15.338298366345626,3.7095298182710215],[15.083593804249713,4.009666287696647],[15.1776,4.0551],[15.176897500522891,4.0558036110269144],[15.1795,4.0567],[15.11355762098412,4.125273496383097],[15.0931,4.2922],[15.0162,4.4166],[15.011083686359754,4.419352979116528],[15.0079,4.4243],[14.73169870933943,4.612415473639091],[14.7226,4.7065],[14.696401792004837,4.913377838845526],[14.685217435060236,5.012094149460775],[14.68151755176151,5.044750370177488],[14.664289128743267,5.196813324400436],[14.6642,5.1976],[14.529520516022624,5.281811143050115],[14.5257,5.2842],[14.629265783639148,5.510514097261364],[14.6299,5.5119],[14.597489206793451,5.614372447982383],[14.5965,5.6175],[14.6177,5.8947],[14.577040811002199,5.90245190264992],[14.491893234478761,5.918685766146853],[14.485,5.92],[14.4156,6.0447],[14.433837559127042,6.064466217508682],[14.488542618246461,6.123756613216099],[14.672551984886082,6.237532598163352],[14.7403,6.2625],[14.76512989541905,6.294775026348412],[14.7852418145238,6.320917412696316],[14.805,6.3466],[14.84697582352163,6.465635917449398],[14.915,6.6251],[14.9462,6.7017],[15.0665,6.7762],[15.1397,6.967],[15.209735040867994,7.1064973652802905],[15.2191,7.1152],[15.218467754162083,7.123891379493398],[15.2112,7.2238],[15.224809137769642,7.237832239885128],[15.503496460714052,7.5251838292873074],[15.5618,7.5853],[15.582741143521016,7.6573375337122975],[15.5893,7.6799],[15.590152062379792,7.713362813460896],[15.5915,7.7663],[15.5063,7.792],[15.4517,7.8853],[15.396219329626167,8.055166027389339],[15.3561,8.178],[15.340552573713216,8.208289482049608],[15.109,8.6594],[15.037021407333992,8.675758771060456],[14.9836,8.6879],[14.8993,8.814],[14.859729486616931,8.811866295846992],[14.83362359375645,8.813889728373203],[14.4895,9.0591],[14.486930628823588,9.061749664025676],[14.3487,9.2043],[14.3732,9.2941],[14.2836,9.3613],[13.9751,9.6424],[14.033772397519975,9.711598468836707],[14.1295,9.8245],[14.142146341963473,9.854769959077228],[14.2042,10.0033],[14.282736936613704,9.99437236427661],[14.724933302520988,9.944105976978557],[14.781096420974947,9.937721670634744],[14.8024,9.9353],[14.892472750585013,9.949551276652015],[15.066641573305004,9.977108202144098],[15.1102,9.984],[15.154153446453854,9.976676837699818],[15.4139,9.9334],[15.42579482321528,9.93622345312962],[15.435,9.9333],[15.659,9.9765],[15.668029101418432,9.993722174927749],[15.674922064291668,10.006869863371145],[15.664430381604697,10.012958512720157],[15.514,10.0906],[15.494043428520655,10.11183935404254],[15.3102,10.3075],[15.2411,10.4707],[15.239767478889862,10.47164760167181],[15.170594575365287,10.52083883663624],[15.147305894890865,10.53740021970471],[15.1459,10.5384],[15.119055721253709,10.709895037531204],[15.1163,10.7275],[15.08592137395376,10.862123341606129],[15.0945,10.8816],[15.063689405068693,10.960644648568307],[15.0487,10.9991],[15.053465532206502,11.005951896064277],[15.1106,11.0881],[15.100125767667087,11.132081523694804],[15.051310047517791,11.337059767845364],[15.0493,11.3455],[15.13813031824692,11.547158774826517],[15.1448,11.5623],[15.070142822644593,11.700550588701732],[15.0656,11.7108],[15.075286470941556,11.725801332338326],[15.1228,11.791],[15.116802865962082,11.796505702220921],[15.056371008702937,11.879177111631352],[15.082909332581908,11.984344697974587],[15.0867,11.9923],[15.085541238074441,11.994774563454994],[15.0858,11.9958],[15.0378,12.1041],[14.966629160845399,12.097272836717101],[14.961086578281689,12.097348386169642],[14.953593948655074,12.104046640142126],[14.9084,12.1851],[14.9105,12.3792],[14.908217194440944,12.382069282434392],[14.9084,12.3838],[14.848565346532624,12.460769538916686],[14.835068823600375,12.59334395560546],[14.8325,12.6335],[14.821920552959632,12.633692991571218],[14.754358578466256,12.671023430376433],[14.7457,12.6887],[14.736678075735655,12.680792548733017],[14.715067294123392,12.692733288573125],[14.718,12.7222],[14.56816703166947,12.773901006052197],[14.5555,12.7809],[14.55458349998396,12.7876163887968],[14.572,12.8876],[14.530386616904307,12.964938452723901],[14.529,12.9751],[14.510941815415322,13.001076607058131],[14.4667,13.0833],[14.0833,13.0833],[14.084067401111614,13.07981117309473],[14.083171684938845,13.08102856645051],[14.1372,12.8083],[14.1528,12.705],[14.1725,12.5907],[14.173927659851882,12.413670178366537],[14.1733,12.411],[14.173953852969843,12.410422231739373],[14.2283,12.3624],[14.338402770640927,12.35816859940282],[14.352669756035473,12.35762029957197],[14.364150674474537,12.357179072118234],[14.485659217324407,12.348467816644149],[14.543101746813933,12.247856880203909],[14.5497,12.2363],[14.556168999420647,12.23265961217326],[14.659975660537192,12.174243081131838],[14.627974406263787,12.054511559045487],[14.6224,12.0423],[14.62381849427939,12.038962366401433],[14.6564,11.9623],[14.656035199355786,11.960700215711471],[14.64979879813723,11.933351314757902],[14.583180577418883,11.75159268060092],[14.58275715280562,11.751186499523945],[14.5491,11.7189],[14.55751491882639,11.712775217309904],[14.645723963469216,11.604065563144548],[14.645924437468771,11.599027845542802],[14.622888984188227,11.552628642735433],[14.556648058876084,11.499409125159968],[14.4659,11.4265],[14.189552160214436,11.24345034355737],[14.1763,11.2325],[14.049928830044529,11.286940999442313],[13.98531342773479,11.308996472818322],[13.9737,11.3013],[13.962065682295039,11.284663754730675],[13.8802,11.1369],[13.7924,11.0043],[13.764628267314396,11.002342320482818],[13.7314,11],[13.728593831939516,10.973687369350671],[13.7168,10.8631],[13.5485,10.6157],[13.5787,10.5368],[13.521530633920607,10.418006512042819],[13.520507654383575,10.415880840277557],[13.4786,10.3288],[13.47311917944511,10.222963465146933],[13.4697,10.2093],[13.434727075174367,10.136904356097665],[13.4122,10.1216],[13.375748344478877,10.110394014027076],[13.308101524309343,10.0895979951057],[13.299,10.0868],[13.286324974726641,10.065328507186932],[13.2828,10.0614],[13.2473,10.0137],[13.251916909922128,10.007041245408084],[13.249,10.0021],[13.259874747146025,9.995564026651367],[13.282199284141486,9.963366384562137],[13.280906775785807,9.960029573281481],[13.243818876422692,9.8642813946125],[13.2434,9.8632],[13.245919315817632,9.861622203233669],[13.29411089568825,9.80061085768716],[13.2285,9.5853],[13.133683318837544,9.532209621221652],[13.107317545174269,9.517446724087874],[12.861858223237686,9.380007528615907],[12.8472,9.3718],[12.902974852309748,9.34900949246351],[12.9238,9.3405],[12.9171,9.2521],[12.896570949497084,9.173990970008427],[12.846660283823688,8.984090629443287],[12.8216,8.9473],[12.809543128587514,8.842867098860003],[12.790305479878825,8.769671600620034],[12.74642009710398,8.755839372378343],[12.7206,8.7631],[12.6757,8.6477],[12.4406,8.6193],[12.444497988465384,8.550009894692918],[12.413841306843963,8.49003730830586],[12.369186705021894,8.454154892061561],[12.2742,8.4454],[12.27037360741293,8.44007632335712],[12.2596,8.4416],[12.259371525967516,8.424769079606978],[12.2259,8.3782],[12.253,8.2539],[12.23855987512566,8.157609849661451],[12.1927,8.1082],[12.195004816212462,7.948399409269285],[12.11389050710249,7.832707064304262],[11.9988,7.6781],[12.0251,7.5278],[11.9146,7.4661],[11.921188166141391,7.430865511451228],[11.9281,7.3939],[11.8418,7.27],[11.8803,7.2484]]],[[[9.2609,3.9522],[9.2645,3.9511],[9.2602,3.9575],[9.2589,3.9581],[9.2609,3.9522]]],[[[9.1928,3.9802],[9.19,3.9746],[9.1921,3.9709],[9.1951,3.9775],[9.1928,3.9802]]]]},"properties":{"iso3":"CMR"}},
{"type":"Feature","geometry":{"type":"Polygon","coordinates":[[[15.1311,-4.4446],[14.8727,-4.7681],[14.6813,-4.9239],[14.4854,-4.85],[14.43,-4.8964],[14.3803,-4.6495],[14.395,-4.5476],[14.4804,-4.4363],[14.3994,-4.3717],[14.4187,-4.3269],[14.358,-4.3026],[14.0293,-4.4269],[13.9435,-4.5162],[13.772,-4.4363],[13.7304,-4.4693],[13.7317,-4.6962],[13.6807,-4.7195],[13.6901,-4.7717],[13.6431,-4.7484],[13.6001,-4.822],[13.5275,-4.7766],[13.4158,-4.8928],[13.3726,-4.7984],[13.2846,-4.7713],[13.1923,-4.6527],[12.8394,-4.7551],[12.7158,-4.9459],[12.6343,-4.9551],[12.6289,-5.022],[12.4794,-5.0692],[12.5216,-5.1336],[12.4732,-5.1515],[12.5084,-5.1598],[12.5092,-5.6641],[12.5078,-5.7543],[12.2057,-5.7776],[12.4373,-6.0575],[12.7937,-5.9678],[12.9847,-5.8571],[13.1003,-5.8776],[13.1005,-5.8786],[13.2244,-5.8573],[13.3583,-5.9042],[13.3749,-5.8667],[13.4261,-5.862],[13.5512,-5.8946],[14.141,-5.8356],[14.239,-5.8853],[14.6114,-5.9108],[14.7763,-5.8597],[15.2954,-5.8799],[15.7807,-5.8784],[16.1394,-5.8586],[16.5873,-5.8754],[16.6068,-6.0857],[16.6885,-6.1394],[16.7307,-6.194],[16.6906,-6.4056],[16.7323,-6.4254],[16.8325,-6.7664],[16.9403,-6.8747],[16.9827,-7.0233],[16.928,-7.0843],[17.0054,-7.3001],[17.1116,-7.3538],[17.11,-7.4227],[17.1853,-7.4321],[17.1563,-7.475],[17.3062,-7.637],[17.3215,-7.7584],[17.4531,-7.8793],[17.4424,-7.9273],[17.5325,-8.0439],[17.5054,-8.0827],[17.583,-8.129],[17.8849,-8.0789],[18.1,-8.0989],[18.0979,-8.0399],[18.2169,-7.9889],[18.376,-8.0269],[18.5269,-8],[18.5582,-7.9335],[18.7755,-7.9222],[18.8,-8],[19.4356,-7.9985],[19.343,-7.9021],[19.4089,-7.701],[19.369,-7.5831],[19.474,-7.5671],[19.4858,-7.5029],[19.55,-7.472],[19.487,-7.3131],[19.5439,-6.999],[19.9557,-6.9995],[20.297,-7.0101],[20.3151,-6.9282],[20.6219,-6.9321],[20.5445,-7.141],[20.5428,-7.299],[21.7797,-7.2747],[21.8536,-7.4264],[21.8294,-7.6373],[21.7447,-7.933],[21.9348,-8.3198],[21.9579,-8.503],[21.9174,-8.6681],[21.8414,-9.0758],[21.8592,-9.2368],[21.7942,-9.421],[21.8804,-9.6507],[22.0064,-9.7616],[22.0246,-9.8337],[22.1867,-9.9196],[22.2196,-10.0817],[22.2408,-10.29],[22.329,-10.399],[22.278,-10.516],[22.3172,-10.5438],[22.3342,-10.7579],[22.1741,-10.8751],[22.278,-11.25],[22.3471,-11.179],[22.4371,-11.1749],[22.498,-11.0519],[22.562,-11.031],[22.7461,-11.114],[22.867,-11.0621],[23.084,-11.124],[23.203,-11.102],[23.436,-10.938],[23.852,-11.028],[24.0101,-10.8851],[24.1251,-10.9101],[24.1331,-11.0289],[24.1763,-11.0229],[24.3853,-11.0826],[24.4063,-11.2632],[24.2955,-11.3865],[24.4565,-11.4573],[24.5944,-11.4439],[24.7545,-11.3069],[25.3471,-11.2263],[25.291,-11.3899],[25.32,-11.5637],[25.5081,-11.7298],[25.497,-11.7852],[25.65,-11.7289],[25.719,-11.816],[25.88,-11.8],[25.99,-11.9411],[26.33,-11.9659],[26.444,-11.9151],[26.7181,-12.0089],[26.775,-11.9629],[26.897,-11.975],[27.008,-11.8471],[27.0281,-11.611],[27.2061,-11.568],[27.232,-11.787],[27.463,-11.9281],[27.5151,-12.1571],[27.6731,-12.283],[27.9181,-12.2399],[27.955,-12.3538],[28.0761,-12.3529],[28.129,-12.4361],[28.174,-12.3828],[28.315,-12.419],[28.442,-12.516],[28.523,-12.632],[28.4651,-12.734],[28.573,-12.893],[28.6531,-12.819],[28.79,-12.9459],[28.8471,-13.1449],[28.904,-13.1621],[29.0041,-13.4161],[29.122,-13.3701],[29.1831,-13.443],[29.5809,-13.2129],[29.6779,-13.2359],[29.6111,-13.4091],[29.809,-13.4551],[29.8071,-12.1561],[29.485,-12.2429],[29.456,-12.3329],[29.537,-12.4071],[29.499,-12.47],[29.2669,-12.364],[29.0589,-12.3889],[28.7591,-11.99],[28.5096,-11.8836],[28.4363,-11.8275],[28.4319,-11.6441],[28.3832,-11.5829],[28.5127,-11.0152],[28.5236,-10.9638],[28.5576,-10.834],[28.6968,-10.6627],[28.6341,-10.5184],[28.6361,-10.3134],[28.5772,-10.2305],[28.697,-9.8063],[28.5788,-9.4144],[28.4815,-9.2423],[28.7858,-8.944],[28.9334,-8.7248],[28.8975,-8.4909],[29.6285,-8.3955],[30.7932,-8.2716],[30.2761,-7.1026],[30.0951,-6.848],[29.7471,-6.554],[29.655,-6.413],[29.579,-6.1471],[29.5991,-5.6639],[29.3722,-5.0092],[29.3722,-5.0078],[29.3859,-4.2669],[29.3021,-4.0013],[29.231,-3.9509],[29.235,-3.5583],[29.197,-3.3573],[29.2543,-3.053],[29.0043,-2.7809],[29.0347,-2.734],[28.8954,-2.6527],[28.8857,-2.5552],[28.8834,-2.554],[28.8868,-2.4725],[28.874,-2.4599],[28.8928,-2.3825],[28.9348,-2.3945],[29.0119,-2.2974],[29.0994,-2.2838],[29.1487,-2.1966],[29.167,-1.8861],[29.2425,-1.7001],[29.2524,-1.6622],[29.3492,-1.5462],[29.486,-1.4767],[29.609,-1.3671],[29.5884,-0.9097],[29.635,-0.8935],[29.6397,-0.8278],[29.6835,-0.4553],[29.6804,-0.4456],[29.7578,-0.0673],[29.748,0.1069],[29.8393,0.1839],[29.8831,0.3856],[29.9595,0.4075],[29.9923,0.482],[29.9108,0.6543],[29.9868,0.8372],[30.1445,0.8852],[30.2712,1.1195],[30.363,1.2004],[30.5109,1.208],[30.6001,1.3484],[30.7009,1.4959],[31.035,1.7589],[31.305,2.1568],[31.203,2.2241],[31.199,2.296],[31.124,2.2691],[31.0353,2.3854],[30.961,2.406],[30.9351,2.338],[30.886,2.344],[30.834,2.4259],[30.7531,2.4389],[30.8004,2.6852],[30.8904,2.8715],[30.763,3.0479],[30.8329,3.2641],[30.936,3.4021],[30.929,3.4961],[30.8539,3.4861],[30.854328387787895,3.4902125227637875],[30.8619,3.5629],[30.860791680825063,3.5637458225282415],[30.7859,3.6209],[30.771234961590892,3.6741468844250216],[30.771,3.675],[30.765176765268674,3.6667112174158536],[30.7351,3.6239],[30.541,3.5949],[30.559315804879443,3.6452212577357916],[30.5798,3.7015],[30.560181966623876,3.804494675224647],[30.5558,3.8275],[30.54594029911105,3.8278548725028125],[30.453,3.8312],[30.26646758069482,3.9565202281734506],[30.2662,3.9567],[30.2650244045677,3.9561599608482876],[30.2071,3.9417],[30.178946316410645,4.053374188135062],[30.169,4.1073],[30.164961405509512,4.108846629816389],[30.12258815674481,4.125073990624972],[30.049042848467828,4.1532390779850745],[30.0387,4.1572],[30.00804586423828,4.217557755685863],[29.9484,4.335],[29.8225,4.3762],[29.8103,4.3875],[29.8409,4.5688],[29.825904707303327,4.574289389967539],[29.557739799482967,4.672457647460867],[29.5202,4.6862],[29.47948918911204,4.627273683877865],[29.46103709903211,4.600565454062536],[29.375482684888922,4.476730867045332],[29.36086639840313,4.455574719594379],[29.3271,4.4067],[29.305778859658318,4.396465852635992],[29.246901440104736,4.368204691250272],[29.2146,4.3527],[29.143670182192718,4.406439489533811],[29.0347,4.489],[29.013070750571277,4.489042327298295],[28.939966667160135,4.489185388126888],[28.84202517338022,4.4893770544552245],[28.8303,4.4894],[28.78863744958377,4.568021264495139],[28.7869,4.5713],[28.7189,4.5385],[28.701609388889942,4.49420641939816],[28.5995,4.4076],[28.511,4.3812],[28.45741942576306,4.292150594930154],[28.4537,4.2877],[28.37353930631849,4.303352018292066],[28.2386,4.3297],[28.21715624265062,4.351656671508612],[28.17931258544658,4.390405512785608],[28.133208631185582,4.4376122295220295],[28.1299,4.441],[28.068605794021035,4.458531896099594],[28.039,4.467],[28.0146,4.5461],[27.932746224124305,4.555173946635715],[27.867615011236264,4.562394104090184],[27.7972,4.5702],[27.79025859443222,4.659587390408325],[27.786784909994967,4.704319481613219],[27.7817,4.7698],[27.761727455841598,4.770843762900934],[27.7109,4.7735],[27.701769658909,4.807069449575176],[27.6843,4.8713],[27.680562272095063,4.871363675092077],[27.5669,4.8733],[27.53635736191373,4.916316387849671],[27.46285687879318,5.019834796446901],[27.446940642913205,5.042251294124212],[27.4146,5.0878],[27.143,5.2042],[27.12915156390974,5.200032646546913],[27.003681692177896,5.1622755092202],[26.9702,5.1522],[26.965654375618524,5.146708143604421],[26.8722,5.0338],[26.758583995731055,5.098510915688367],[26.75,5.1034],[26.66234376829593,5.08432246961767],[26.4881,5.0464],[26.4142,5.133],[26.3034,5.1407],[26.303066643273212,5.140975808828689],[26.1609,5.2586],[26.153636855116947,5.2535548477479],[26.0679,5.194],[26.02655,5.2169],[25.9852,5.2398],[25.9851255625799,5.239630760205244],[25.940441713682674,5.198066980557697],[25.886055892974394,5.21299642153644],[25.87839391947769,5.215099708378672],[25.862,5.2196],[25.836068190012377,5.18691200963246],[25.8359,5.1868],[25.82131035548686,5.215610355486862],[25.7925,5.2727],[25.792429666941494,5.272641416315536],[25.7494,5.2368],[25.749357457350374,5.236831214458646],[25.748300457714308,5.237606757865521],[25.6744,5.3121],[25.5461,5.3861],[25.546811364244856,5.371161350857976],[25.47324692764678,5.348382321475689],[25.393589276757123,5.323716544721993],[25.3677,5.3157],[25.35767109606262,5.259186317530285],[25.34150299697258,5.168077775278954],[25.31833209318808,5.0375078638320065],[25.3179,5.0362],[25.31775328993502,5.036183288532561],[25.1542,5.0283],[25.14568463445864,5.016583271766528],[25.0885,4.9379],[24.98389000404149,4.992894969303901],[24.9835,4.9931],[24.94967356076759,4.977897502284496],[24.78869002675638,4.907336537701661],[24.6931,4.9212],[24.668492066748815,4.945900968915653],[24.555660918723703,5.0591586997310305],[24.5344,5.0805],[24.47910731957513,5.097156919977992],[24.4762,5.0986],[24.475742298640792,5.098170632534461],[24.4544,5.1046],[24.437132986801203,5.061951420951603],[24.435400538562888,5.060326219508994],[24.396,5.1125],[24.39165871452522,5.106584155026594],[24.360865514348045,5.064622436650445],[24.3574,5.0599],[24.375093029490618,5.050657372654156],[24.41004842324234,5.031662743596616],[24.2991,5.004],[24.298809189016346,5.003002933770334],[24.2984,5.0029],[24.276302706191473,4.938465855664519],[24.273997087638953,4.938031539730624],[24.193127137953454,4.922797836964275],[23.9723,4.8812],[23.971762018777746,4.878247170734993],[23.9599,4.8772],[23.95023843866171,4.812979033457249],[23.9051,4.8376],[23.859839630320238,4.8248532020085575],[23.718250469336166,4.7849770709559],[23.7091,4.7824],[23.693819044777527,4.775551800758462],[23.59,4.7355],[23.565003501462733,4.717822784922513],[23.4574,4.6696],[23.442862789092352,4.631446381480651],[23.40300635074556,4.603260400479012],[23.34176194946861,4.617853344122865],[23.25850136953612,4.676739201933951],[23.1883,4.7359],[23.17949139926407,4.73261882562707],[23.1134,4.708],[23.111474312102125,4.709932639839742],[22.9749,4.847],[22.9068,4.8178],[22.90425751631437,4.810962024317378],[22.8659,4.7078],[22.860459309769556,4.707575777614745],[22.83182909701521,4.7063958658163845],[22.786898675083663,4.70454418782163],[22.7834,4.7044],[22.731655228158505,4.561395149554446],[22.717511279938496,4.522306114509354],[22.69319683210137,4.4717],[22.66800289855072,4.4717],[22.65199363425926,4.4717],[22.5993,4.4717],[22.6195,4.3506],[22.60699678249678,4.334364478764473],[22.55504106510664,4.2668995920041475],[22.447731245357602,4.1275569902404685],[22.2658,4.1147],[22.0372,4.2216],[22.0287,4.2224],[21.73607025015897,4.303465005479415],[21.7348,4.3039],[21.718189072426938,4.304910927573062],[21.6506,4.3091],[21.5648,4.2474],[21.562104963393576,4.247869120716075],[21.443882906579763,4.285994479914871],[21.38200628536295,4.305949033857493],[21.282,4.3382],[21.211233287659876,4.287140473374848],[21.207176338127184,4.289601763727785],[21.0564,4.399],[21.0585,4.3854],[21.05948483008613,4.379203983578697],[21.006728440116657,4.411210493061093],[20.9929,4.4196],[20.8832991541877,4.441552452180373],[20.862603356371633,4.445697707707596],[20.624,4.402],[20.621512537146902,4.403463540783813],[20.57571463581249,4.430409509577887],[20.481751875714767,4.499707788056028],[20.46855026156998,4.530180219764349],[20.454897595228932,4.561693786071567],[20.4049,4.6771],[20.058923441493206,4.941283187338069],[20.0369,4.9581],[20.032463697602385,4.958900645223523],[19.949715120099704,4.973834760933605],[19.915,4.9801],[19.860943203636918,5.047775989231472],[19.8541,5.0574],[19.852732221153012,5.05805566541554],[19.8249,5.0929],[19.756479568304187,5.104195825987516],[19.6129,5.1279],[19.415401402646964,5.121407668786394],[19.403,5.121],[19.225006109955565,4.962576582443036],[19.2007,4.9423],[19.1421,4.943],[19.129861156249003,4.928240471901827],[19.0979,4.9221],[19.04625098706603,4.827410142954391],[19.0139,4.7681],[18.80067255855962,4.4785571815483705],[18.7331,4.3868],[18.733119581438473,4.3864671155459405],[18.730776163684585,4.38582003909521],[18.6427,4.3615],[18.5437,4.3241],[18.549879554664912,4.30953600675073],[18.6488,4.0764],[18.636635211120677,4.025733776699788],[18.652,3.9779],[18.60431164757709,3.8117244334801765],[18.587,3.7514],[18.612577274470436,3.4992080737214937],[18.642,3.2091],[18.4529,2.927],[18.4209,2.7519],[18.1059,2.267],[18.086,1.984],[18.0679,1.5209],[17.85,1.0121],[17.8948,0.775],[17.8759,0.5939],[17.963,0.408],[17.7747,0.1075],[17.714,-0.1279],[17.7419,-0.381],[17.7031,-0.5591],[17.341,-0.99],[17.111,-1.0739],[16.8459,-1.2639],[16.504,-1.874],[16.242,-2.123],[16.1849,-2.32],[16.237,-2.625],[16.1799,-2.8749],[16.191,-3.179],[16.2112,-3.3396],[15.9022,-3.9486],[15.5563,-4.0482],[15.504,-4.142],[15.5517,-4.2249],[15.5101,-4.3162],[15.1986,-4.3258],[15.1311,-4.4446]]]},"properties":{"iso3":"COD"}},
{"type":"Feature","geometry":{"type":"MultiPolygon","coordinates":[[[[-76.4864,8.8186],[-76.6284,8.7205],[-76.6775,8.6595],[-76.8852,8.6232],[-76.9375,8.5548],[-76.8251,8.4965],[-76.7857,8.4204],[-76.7744,8.2666],[-76.7391,8.0973],[-76.7416,8.0938],[-76.7421,8.0904],[-76.7428,8.0783],[-76.7434,8.0777],[-76.7355,8.067],[-76.7349,8.0682],[-76.7333,8.0721],[-76.7345,8.0751],[-76.7339,8.0767],[-76.7343,8.0781],[-76.7343,8.0786],[-76.734,8.0795],[-76.737,8.0892],[-76.7363,8.0908],[-76.736,8.0915],[-76.7346,8.0904],[-76.729,8.0906],[-76.7318,8.0899],[-76.7322,8.0896],[-76.7325,8.0894],[-76.7327,8.0894],[-76.7324,8.0885],[-76.7321,8.0883],[-76.7319,8.0876],[-76.7318,8.0874],[-76.73,8.0851],[-76.73,8.0859],[-76.7294,8.0873],[-76.7285,8.0873],[-76.7279,8.0869],[-76.7278,8.0869],[-76.7278,8.0867],[-76.7269,8.0851],[-76.7251,8.083],[-76.7507,7.9195],[-76.9223,7.9176],[-76.9248,8.0245],[-76.8342,8.0198],[-76.8732,8.0681],[-76.8128,8.1317],[-76.8294,8.1412],[-76.8936,8.1324],[-76.9318,8.0915],[-76.9102,8.1909],[-76.9126,8.1935],[-76.9196,8.1963],[-76.9263,8.1924],[-76.9437,8.2108],[-76.9573,8.1847],[-76.9418,8.2485],[-76.9483,8.2529],[-76.9623,8.2562],[-76.9802,8.2553],[-77.0361,8.2527],[-77.0782,8.3179],[-77.1308,8.412],[-77.2492,8.4724],[-77.3678,8.6768],[-77.3693,8.6743],[-77.3699,8.654],[-77.3681,8.6498],[-77.4089,8.644],[-77.411,8.5765],[-77.4114,8.5725],[-77.4488,8.4907],[-77.3588,8.4009],[-77.3494,8.296],[-77.298,8.2772],[-77.2887,8.2471],[-77.2285,8.1107],[-77.2175,8.0874],[-77.2336,8.0249],[-77.1794,7.9567],[-77.1686,7.9215],[-77.2951,7.9107],[-77.3413,7.8522],[-77.3686,7.8285],[-77.3571,7.811],[-77.3486,7.8038],[-77.3485,7.7997],[-77.3451,7.7915],[-77.4146,7.7229],[-77.4652,7.6364],[-77.5254,7.5598],[-77.5848,7.5147],[-77.6976,7.6931],[-77.7421,7.6271],[-77.7466,7.607],[-77.736,7.5917],[-77.7135,7.5362],[-77.7101,7.53],[-77.7027,7.5115],[-77.7012,7.5073],[-77.7085,7.5015],[-77.7113,7.499],[-77.7926,7.4609],[-77.8838,7.2171],[-77.8275,7.156],[-77.8002,7.15],[-77.6585,6.9944],[-77.7022,6.8424],[-77.6668,6.8757],[-77.5869,6.8186],[-77.5266,6.648],[-77.4833,6.6979],[-77.4058,6.6871],[-77.38713220264317,6.655254933920692],[-77.3821,6.6235],[-77.35028982981898,6.592082547969366],[-77.3253,6.5492],[-77.3594,6.3917],[-77.4129,6.3811],[-77.3698,6.3538],[-77.3955,6.2352],[-77.4742,6.2973],[-77.4827,6.1928],[-77.3336,5.9896],[-77.2686,5.8302],[-77.2433,5.7675],[-77.3333,5.626],[-77.4884,5.6086],[-77.5232,5.505],[-77.4208,5.44],[-77.3808,5.4086],[-77.4134,5.4035],[-77.3485,4.7719],[-77.2998,4.747],[-77.3257,4.5694],[-77.3376,4.4294],[-77.4628,4.2692],[-77.4928,4.2595],[-77.4848,4.2935],[-77.5248,4.2576],[-77.5254,4.1265],[-77.4497,4.0384],[-77.358,3.9267],[-77.3573,3.9273],[-77.3571,3.9283],[-77.3062,4.0437],[-77.2323,4.0814],[-77.1985,4.0305],[-77.3222,3.9089],[-77.2815,3.8394],[-77.2001,3.8399],[-77.1983,3.8395],[-77.1973,3.839],[-77.1964,3.8388],[-77.08,3.8892],[-77.0765,3.8855],[-77.0765,3.8853],[-77.0765,3.8852],[-77.0766,3.8846],[-77.0765,3.8845],[-77.0763,3.8843],[-77.0763,3.8841],[-77.0762,3.8839],[-77.0762,3.8837],[-77.0762,3.8836],[-77.076,3.8836],[-77.0757,3.8832],[-77.0756,3.8832],[-77.0754,3.8832],[-77.0748,3.8825],[-77.0744,3.8825],[-77.0744,3.8823],[-77.0742,3.8822],[-77.0736,3.8811],[-77.0732,3.8811],[-77.073,3.8811],[-77.0732,3.8806],[-77.073,3.8806],[-77.0729,3.8806],[-77.0736,3.8795],[-77.073,3.8795],[-77.0729,3.8795],[-77.072,3.8802],[-77.0718,3.8802],[-77.0717,3.8801],[-77.0715,3.8795],[-77.0712,3.8797],[-77.0708,3.8799],[-77.0707,3.8799],[-77.0704,3.8797],[-77.0704,3.8792],[-77.0705,3.8788],[-77.0696,3.8781],[-77.0695,3.8779],[-77.0693,3.8776],[-77.0695,3.8774],[-77.0692,3.8776],[-77.069,3.8776],[-77.0687,3.8774],[-77.0687,3.8772],[-77.0689,3.8771],[-77.0687,3.8769],[-77.0687,3.8765],[-77.0687,3.8764],[-77.0686,3.8764],[-77.0684,3.8764],[-77.0683,3.8767],[-77.0666,3.8771],[-77.0662,3.8767],[-77.0663,3.8765],[-77.0666,3.8762],[-77.0668,3.8758],[-77.0666,3.8758],[-77.0663,3.8755],[-77.0663,3.8753],[-77.066,3.8751],[-77.0656,3.8756],[-77.0654,3.8756],[-77.0654,3.8755],[-77.065,3.8753],[-77.065,3.8751],[-77.065,3.8749],[-77.0648,3.8749],[-77.0647,3.8746],[-77.0641,3.8735],[-77.1818,3.8094],[-77.1656,3.6447],[-77.3003,3.57],[-77.3707,3.4757],[-77.333,3.4257],[-77.3632,3.4491],[-77.5495,3.2322],[-77.4978,3.2166],[-77.5434,3.213],[-77.6674,3.0442],[-77.7021,2.9729],[-77.6677,2.9852],[-77.6702,2.9477],[-77.736,2.7867],[-77.7942,2.7562],[-77.7882,2.691],[-77.7884,2.691],[-77.8731,2.6975],[-77.9283,2.6404],[-77.9778,2.6616],[-78.068,2.6108],[-78.113,2.6438],[-78.1398,2.6753],[-78.2253,2.6667],[-78.311,2.6581],[-78.3265,2.6566],[-78.4552,2.5976],[-78.5639,2.4327],[-78.5651,2.435],[-78.7006,2.2144],[-78.7036,2.1188],[-78.6497,2.0499],[-78.6745,1.9801],[-78.6459,1.9783],[-78.6292,2.0108],[-78.5884,1.96],[-78.5902,1.9583],[-78.6008,1.9299],[-78.5512,1.8978],[-78.5386,1.8559],[-78.5438,1.8448],[-78.5819,1.7403],[-78.6018,1.7944],[-78.6797,1.7891],[-78.6868,1.7484],[-78.7179,1.793],[-78.7285,1.7326],[-78.764,1.7428],[-78.7576,1.75],[-78.7259,1.7542],[-78.7393,1.7983],[-78.7783,1.7947],[-78.7783,1.7948],[-78.7789,1.7971],[-78.7825,1.799],[-78.7816,1.7999],[-78.7812,1.7999],[-78.7812,1.8001],[-78.781,1.8009],[-78.781,1.8013],[-78.7809,1.8016],[-78.7795,1.8025],[-78.7792,1.8027],[-78.7789,1.8025],[-78.7788,1.8027],[-78.7783,1.8027],[-78.7782,1.8027],[-78.7779,1.8029],[-78.7771,1.8029],[-78.777,1.8029],[-78.7768,1.8029],[-78.7765,1.803],[-78.7764,1.803],[-78.7751,1.8036],[-78.7749,1.8036],[-78.7745,1.8036],[-78.774,1.8039],[-78.7733,1.8038],[-78.7731,1.8038],[-78.7701,1.8039],[-78.769,1.8041],[-78.7663,1.8038],[-78.7661,1.8038],[-78.766,1.8038],[-78.7648,1.8039],[-78.7646,1.8039],[-78.7631,1.805],[-78.763,1.8052],[-78.7628,1.8055],[-78.7627,1.8053],[-78.7621,1.806],[-78.7623,1.8062],[-78.762,1.8066],[-78.7618,1.8071],[-78.7617,1.8075],[-78.7617,1.8078],[-78.7617,1.808],[-78.7615,1.808],[-78.7614,1.808],[-78.7617,1.8082],[-78.7614,1.8087],[-78.7614,1.8092],[-78.7614,1.8094],[-78.7612,1.8097],[-78.7614,1.8101],[-78.7617,1.8108],[-78.7618,1.8112],[-78.7618,1.8113],[-78.7621,1.8113],[-78.7624,1.8115],[-78.7626,1.8113],[-78.7631,1.8119],[-78.7634,1.8119],[-78.7628,1.812],[-78.7626,1.8126],[-78.7624,1.8126],[-78.7621,1.8134],[-78.7623,1.814],[-78.7623,1.8141],[-78.7631,1.8149],[-78.7631,1.815],[-78.763,1.815],[-78.7631,1.8152],[-78.763,1.8154],[-78.763,1.8159],[-78.7628,1.8159],[-78.7626,1.8163],[-78.763,1.8164],[-78.763,1.8168],[-78.7606,1.8168],[-78.7606,1.8177],[-78.7602,1.8187],[-78.7605,1.8189],[-78.7551,1.8182],[-78.7539,1.8173],[-78.7539,1.8171],[-78.7538,1.8171],[-78.7539,1.8164],[-78.7541,1.8164],[-78.7541,1.8163],[-78.7539,1.8163],[-78.7556,1.809],[-78.7554,1.8082],[-78.7521,1.8062],[-78.7493,1.808],[-78.749,1.8082],[-78.749,1.8085],[-78.7493,1.8083],[-78.7493,1.8092],[-78.7453,1.8069],[-78.7439,1.809],[-78.7438,1.8092],[-78.7435,1.809],[-78.7441,1.8083],[-78.7441,1.8082],[-78.7437,1.8082],[-78.7437,1.8083],[-78.742,1.8089],[-78.742,1.809],[-78.7422,1.809],[-78.7422,1.8092],[-78.7431,1.8103],[-78.7445,1.8108],[-78.7447,1.8108],[-78.7448,1.8108],[-78.7462,1.8115],[-78.7453,1.8113],[-78.7434,1.8112],[-78.7437,1.8117],[-78.7438,1.8122],[-78.7437,1.8122],[-78.7435,1.8119],[-78.7434,1.8119],[-78.7431,1.8119],[-78.7426,1.8119],[-78.7425,1.8117],[-78.7416,1.8131],[-78.7411,1.8127],[-78.7407,1.8122],[-78.7405,1.8122],[-78.7405,1.8119],[-78.7399,1.8115],[-78.7401,1.8112],[-78.7402,1.8104],[-78.7404,1.8099],[-78.7393,1.809],[-78.7365,1.8122],[-78.7343,1.818],[-78.7341,1.818],[-78.734,1.818],[-78.7337,1.8178],[-78.7332,1.8178],[-78.7328,1.8178],[-78.7328,1.818],[-78.7621,1.8228],[-78.7713,1.82],[-78.7713,1.8198],[-78.7715,1.8198],[-78.774,1.8164],[-78.7736,1.8164],[-78.7703,1.82],[-78.7681,1.8196],[-78.7676,1.82],[-78.7672,1.8212],[-78.766,1.8214],[-78.766,1.8212],[-78.7645,1.8189],[-78.7645,1.8187],[-78.764,1.8175],[-78.7637,1.8164],[-78.7639,1.8161],[-78.7639,1.8159],[-78.764,1.8157],[-78.7654,1.8157],[-78.7657,1.8156],[-78.766,1.8156],[-78.7667,1.8147],[-78.7669,1.8145],[-78.767,1.8141],[-78.7675,1.8136],[-78.7676,1.8131],[-78.7678,1.8131],[-78.7681,1.8129],[-78.7681,1.8127],[-78.7687,1.8122],[-78.769,1.812],[-78.7691,1.812],[-78.7695,1.8117],[-78.771,1.8104],[-78.7713,1.8103],[-78.7718,1.8097],[-78.7719,1.8097],[-78.7721,1.8097],[-78.7724,1.8099],[-78.7728,1.8099],[-78.773,1.8099],[-78.7734,1.8096],[-78.7737,1.8094],[-78.7739,1.809],[-78.774,1.809],[-78.774,1.8089],[-78.7742,1.8089],[-78.7743,1.8087],[-78.7746,1.8087],[-78.7748,1.8085],[-78.7749,1.8083],[-78.7751,1.8083],[-78.7751,1.8082],[-78.7752,1.8082],[-78.7754,1.8082],[-78.7754,1.808],[-78.7755,1.808],[-78.7756,1.808],[-78.7758,1.8078],[-78.7759,1.8078],[-78.7761,1.8075],[-78.7762,1.8075],[-78.7764,1.8075],[-78.7765,1.8075],[-78.7765,1.8073],[-78.7767,1.8073],[-78.7768,1.8071],[-78.777,1.8073],[-78.7771,1.8073],[-78.7773,1.8071],[-78.7777,1.8069],[-78.7779,1.8069],[-78.778,1.8071],[-78.7783,1.8071],[-78.7783,1.8073],[-78.7785,1.8069],[-78.7786,1.8067],[-78.7788,1.8067],[-78.7789,1.8066],[-78.7789,1.8064],[-78.7792,1.8062],[-78.7797,1.8066],[-78.7797,1.8067],[-78.7798,1.8069],[-78.7798,1.8067],[-78.78,1.8067],[-78.7806,1.8071],[-78.7809,1.8066],[-78.781,1.8064],[-78.7813,1.8066],[-78.7815,1.8066],[-78.7816,1.8066],[-78.7817,1.8067],[-78.7819,1.8066],[-78.782,1.8064],[-78.7825,1.8066],[-78.7837,1.8055],[-78.7835,1.8055],[-78.7835,1.8053],[-78.7834,1.8053],[-78.7829,1.805],[-78.7829,1.8046],[-78.7825,1.8043],[-78.7823,1.8043],[-78.7822,1.8041],[-78.7822,1.8038],[-78.7819,1.8038],[-78.7819,1.8034],[-78.782,1.803],[-78.781,1.8023],[-78.7812,1.8023],[-78.7812,1.8022],[-78.7815,1.8018],[-78.7889,1.8016],[-78.7896,1.8023],[-78.8608,1.8071],[-79.0088,1.6519],[-78.9886,1.6008],[-78.8634,1.5508],[-78.8466,1.4771],[-78.7987,1.485],[-78.8163,1.4412],[-78.8142,1.4375],[-78.5097,1.1891],[-78.4381,1.194],[-78.4204,1.1381],[-78.3188,1.1943],[-78.291,1.1381],[-78.2511,1.0996],[-78.2816,1.056],[-78.209,1.0046],[-78.1959,0.9447],[-77.9649,0.8242],[-77.8466,0.8022],[-77.7586,0.8386],[-77.6844,0.8282],[-77.6646,0.8154],[-77.6616,0.79],[-77.6937,0.7509],[-77.5643,0.6517],[-77.4811,0.6575],[-77.5277,0.4001],[-77.1128,0.3726],[-77.0491,0.2893],[-76.8462,0.2391],[-76.7337,0.2886],[-76.6412,0.2581],[-76.5886,0.2192],[-76.5354,0.259],[-76.4209,0.2361],[-76.4124,0.3813],[-76.3447,0.3799],[-76.3121,0.4336],[-76.1444,0.3753],[-76.1133,0.3133],[-76.009,0.2976],[-75.807,0.0467],[-75.6366,0.047],[-75.5779,-0.0277],[-75.2759,-0.1274],[-75.1695,-0.0453],[-74.9283,-0.2289],[-74.7871,-0.2012],[-74.7265,-0.3488],[-74.6095,-0.3534],[-74.5058,-0.4683],[-74.3891,-0.5537],[-74.3418,-0.6936],[-74.3757,-0.735],[-74.2547,-0.8219],[-74.2714,-0.8791],[-74.3219,-0.8791],[-74.2744,-0.9799],[-74.0864,-1.0544],[-74.0253,-1.006],[-74.012,-1.098],[-73.9052,-1.1279],[-73.8641,-1.2294],[-73.7693,-1.2627],[-73.7447,-1.2008],[-73.7281,-1.2539],[-73.6203,-1.2646],[-73.5523,-1.4024],[-73.5874,-1.4237],[-73.4925,-1.503],[-73.4986,-1.5659],[-73.4575,-1.5726],[-73.5404,-1.6868],[-73.5099,-1.7292],[-73.315,-1.8288],[-73.2849,-1.7805],[-73.231,-1.802],[-73.22,-1.7498],[-73.1465,-1.8055],[-73.1143,-2.0738],[-73.0688,-2.0883],[-73.1728,-2.2206],[-73.1225,-2.3273],[-72.9742,-2.3464],[-72.9331,-2.4579],[-72.7749,-2.3941],[-72.7511,-2.4294],[-72.7024,-2.3982],[-72.6823,-2.4533],[-72.6311,-2.3596],[-72.5183,-2.4271],[-72.4078,-2.4163],[-72.3734,-2.4926],[-72.2514,-2.4316],[-72.1572,-2.4813],[-72.0488,-2.3388],[-71.9198,-2.3806],[-71.9262,-2.3154],[-71.7692,-2.1806],[-71.7411,-2.1464],[-71.7286,-2.228],[-71.6504,-2.2031],[-71.5187,-2.2521],[-71.4989,-2.3557],[-71.4632,-2.2743],[-71.3952,-2.4114],[-71.2967,-2.3473],[-71.284,-2.3888],[-71.2265,-2.3481],[-71.1721,-2.3811],[-71.1251,-2.2858],[-70.9939,-2.3085],[-71.002,-2.2116],[-70.9372,-2.2571],[-70.8794,-2.2232],[-70.8383,-2.2926],[-70.6638,-2.3596],[-70.6833,-2.4033],[-70.6284,-2.3989],[-70.629,-2.4797],[-70.559,-2.4789],[-70.5656,-2.4197],[-70.4961,-2.4773],[-70.4705,-2.4558],[-70.4249,-2.5317],[-70.301,-2.5053],[-70.3584,-2.5671],[-70.2441,-2.5585],[-70.1557,-2.7171],[-70.0718,-2.675],[-70.0731,-2.7902],[-70.3358,-3.197],[-70.7132,-3.7955],[-70.5733,-3.8185],[-70.52,-3.8802],[-70.3077,-3.812],[-70.1832,-3.9285],[-70.1675,-4.0516],[-70.0649,-4.0809],[-69.9411,-4.2234],[-69.7142,-3.0027],[-69.5536,-2.1073],[-69.5349,-2.0026],[-69.4563,-1.4887],[-69.3975,-1.3608],[-69.4299,-1.2185],[-69.3956,-1.1221],[-69.4329,-1.0696],[-69.4186,-0.9981],[-69.5282,-0.9244],[-69.6256,-0.7458],[-69.5619,-0.6371],[-69.6081,-0.5153],[-69.6942,-0.4577],[-69.9209,-0.3254],[-70.0608,-0.1579],[-70.0609,-0.158],[-70.0609,-0.1579],[-70.0523,-0.1468],[-70.0466,-0.1163],[-70.0471,0.2593],[-70.0386,0.5664],[-69.8029,0.5719],[-69.6721,0.6679],[-69.6067,0.6133],[-69.567,0.6714],[-69.464,0.7366],[-69.3533,0.6144],[-69.2912,0.6505],[-69.2948,0.604],[-69.2008,0.6064],[-69.1832,0.6543],[-69.1201,0.6339],[-69.1878,0.7331],[-69.1366,0.8769],[-69.2444,1.0564],[-69.3203,1.0879],[-69.4146,1.0412],[-69.6054,1.098],[-69.6869,1.0719],[-69.7024,1.1084],[-69.8151,1.0648],[-69.8465,1.0779],[-69.8457,1.7139],[-69.6539,1.7181],[-69.5346,1.777],[-69.3933,1.7268],[-68.1634,1.7278],[-68.1924,1.7801],[-68.24,1.7715],[-68.2266,1.8293],[-68.2852,1.8297],[-68.2168,1.965],[-68.1937,2.039],[-68.0352,1.8143],[-67.9956,1.8457],[-67.9077,1.8048],[-67.9217,1.8927],[-67.7755,2.0349],[-67.6772,2.009],[-67.6016,2.0437],[-67.5728,2.1632],[-67.3687,2.2162],[-67.303,1.9007],[-67.2202,1.9179],[-67.134,1.7955],[-67.1432,1.6043],[-67.0767,1.4565],[-67.0762,1.3668],[-67.1562,1.3258],[-67.0892,1.1656],[-66.8505,1.2236],[-66.85097479601646,1.2656036209228125],[-66.88702942292039,1.3960039573979488],[-66.9112,1.4234],[-66.9621,1.6669],[-66.9853,1.6868],[-67.123,1.9768],[-67.1093195887051,2.1196077466825995],[-67.1616,2.1328],[-67.2215,2.2525],[-67.2213027747833,2.25300060564922],[-67.2219,2.2542],[-67.18848882017932,2.345742770144535],[-67.19620659003331,2.358025981320635],[-67.3365,2.5002],[-67.48558109851012,2.6657574382921956],[-67.4867,2.667],[-67.52321318059423,2.6615546255305556],[-67.56228742467346,2.657190749747637],[-67.57776211886305,2.7013440891472866],[-67.61655530202955,2.8120311606821193],[-67.617,2.8133],[-67.62926506164224,2.8144609676668995],[-67.77288198599106,2.8280552414220543],[-67.8135,2.8319],[-67.8641,2.7895],[-67.86270019548253,2.8648894718693536],[-67.8561571203139,2.870755149912569],[-67.5164,3.1748],[-67.51692453528021,3.1748673715038795],[-67.4349,3.2484],[-67.3824,3.2484],[-67.31740518233487,3.3853199184818936],[-67.4016,3.4799],[-67.40600575589288,3.492993027273849],[-67.4964722642529,3.7538668603080247],[-67.5825,3.7528],[-67.59865163575041,3.780669139966273],[-67.6344,3.7855],[-67.72523621055555,4.033651566597627],[-67.7077,4.045],[-67.79662750507845,4.232648788249232],[-67.7731,4.4189],[-67.8556,4.5376],[-67.8178,4.7073],[-67.80611130779084,5.051720193315477],[-67.8059,5.0539],[-67.80602991590403,5.054118494929512],[-67.806,5.055],[-67.85425843333525,5.137317368796111],[-67.85421890730807,5.139235698648129],[-67.8241,5.2448],[-67.83618480674464,5.305795612420592],[-67.81471810080207,5.341152539855414],[-67.8139,5.3425],[-67.81064464806705,5.344799920773357],[-67.6248,5.4761],[-67.6218510773831,5.513846209496278],[-67.6160785742535,5.587734249555075],[-67.5973196359894,5.827848659335879],[-67.59723845952456,5.828154906977022],[-67.59155622204683,5.833224651407525],[-67.41258237734537,5.992906758312981],[-67.4099,5.9953],[-67.48378869084975,6.111727973201958],[-67.49294780564247,6.127011690240775],[-67.49201657222414,6.1307544465632375],[-67.4559,6.1913],[-67.4732899772551,6.206019230170888],[-67.48263058204151,6.213925307894253],[-67.80813544764509,6.323938811240853],[-67.80969246444242,6.324286624481348],[-67.88861885904406,6.277793252454759],[-68.0254,6.1965],[-68.02622953097514,6.196730583911334],[-68.1416,6.2288],[-68.14195523529983,6.228658890860404],[-68.3075,6.1629],[-68.30760257308717,6.162918217331458],[-68.4477,6.1878],[-68.44782679465796,6.187762065002946],[-68.6439,6.1291],[-68.81352106433752,6.1676065319829565],[-69.03462627900957,6.217800740194187],[-69.2386,6.0795],[-69.23958419826727,6.0801029489856],[-69.2408,6.0792],[-69.34310149531656,6.143520708723621],[-69.34452125853711,6.144390497690034],[-69.4275,6.1073],[-69.42752613901327,6.107333143892721],[-69.5387,6.2483],[-69.62791398524993,6.360915132477465],[-69.76199396843349,6.530164774520597],[-70.1178,6.9793],[-70.28566220440882,6.9425622044088175],[-70.32243560777162,6.934514092681152],[-70.3225,6.9345],[-70.5024,7.0056],[-70.51738,7.026082857142857],[-70.55682669409714,7.07940091619724],[-70.5578805495921,7.079602838127952],[-70.6799,7.0924],[-70.77872740050974,7.083960037348274],[-70.87655604746408,7.0620889803252505],[-70.9967,6.9823],[-71.01112549580071,6.982455951305954],[-71.0221,6.9741],[-71.03803622588235,6.982746878117647],[-71.0892,6.9833],[-71.13,7.0326],[-71.13186797677244,7.03263694087223],[-71.5871,7.0164],[-71.58755275267679,7.041495434084215],[-71.68145455367352,7.0374922062382],[-71.69277074230745,7.035352590740191],[-71.7068,7.0327],[-71.73201912347619,7.053822616109494],[-71.75398944726994,7.063294851517583],[-71.9389,7.0062],[-71.94979193869459,7.009410571460938],[-72.0478,7.0383],[-72.04781373127439,7.038323766917711],[-72.1745,7.2576],[-72.1539,7.3282],[-72.19481451627895,7.383824259036401],[-72.41149462344907,7.400537068385111],[-72.4138,7.4007],[-72.4137721398075,7.4007127360879945],[-72.41381033677209,7.400715682267942],[-72.47440262976663,7.492642307465276],[-72.478,7.4981],[-72.47605942685968,7.554986515484583],[-72.47281907086757,7.649975236853385],[-72.471,7.7033],[-72.4487,7.8712],[-72.45977595820517,7.891907226209662],[-72.46266086278109,7.897300743460301],[-72.4601,7.9014],[-72.48749177552008,7.943723754233188],[-72.48776786534344,7.944239922163845],[-72.416,8.0334],[-72.3491,8.0056],[-72.3476,8.0188],[-72.3812,8.315],[-72.4065,8.3669],[-72.4959,8.4549],[-72.65500353027284,8.615301112389249],[-72.6553,8.6156],[-72.76607108948879,9.105529841246616],[-72.812,9.1216],[-72.9472,9.0918],[-72.94766786202241,9.092447249533596],[-72.9483,9.0922],[-72.94887942883742,9.094123354920152],[-72.9858,9.1452],[-72.96980381547903,9.1635797219496],[-73.00236376446956,9.271659151291098],[-73.0032,9.2733],[-73.0042,9.2742],[-73.005,9.279],[-73.17408768585717,9.178567407008268],[-73.177,9.1766],[-73.3689,9.1723],[-73.3686532164435,9.172707058746715],[-73.36441219512196,9.17970243902439],[-73.275304954898,9.326680957545957],[-73.21316336395238,9.429180810002473],[-73.1481,9.5365],[-73.12931449797254,9.542644240882217],[-73.0702,9.6325],[-72.9435,9.8431],[-72.99669991816693,9.91926391162028],[-72.9984,9.9211],[-72.9982750360537,9.921518936508528],[-72.9991,9.9227],[-72.99577486007097,9.929900674024411],[-72.90925557084108,10.219953045295055],[-72.9082837554061,10.266522440939594],[-72.90651059667428,10.351492207368764],[-72.9065,10.352],[-72.8935,10.3634],[-72.8946101968583,10.375025347101852],[-72.90038296178344,10.435474442675142],[-72.9008,10.4361],[-72.90048002443494,10.436490827297332],[-72.9005,10.4367],[-72.89030632804055,10.452306572641623],[-72.85235005699155,10.5104178502743],[-72.84296442809857,10.524787304155927],[-72.8426,10.539],[-72.80186962010602,10.587703700591016],[-72.78341701558632,10.615954748300767],[-72.75603181783576,10.657881649588138],[-72.7254337520461,10.704727471029106],[-72.6828,10.77],[-72.6632579627512,10.831817791182475],[-72.6479,10.8804],[-72.51918386176652,11.01873465889127],[-72.4924,11.0795],[-72.49588213769862,11.081116706788638],[-72.4588,11.1158],[-72.44981297018936,11.116832497441145],[-72.4437,11.1277],[-72.2496863194313,11.140188007245667],[-72.17969940814933,11.267272228545414],[-71.97968742016144,11.631394772144963],[-71.9795,11.6308],[-71.34619885914513,11.826278823306286],[-71.3241,11.8331],[-71.2902,11.9141],[-71.3271,11.9211],[-71.311,11.9289],[-71.2787,11.9079],[-71.1162,12.0346],[-71.2599,12.3271],[-71.6516,12.4557],[-71.7363,12.4137],[-71.6473,12.4315],[-71.6723,12.4102],[-71.6271,12.4081],[-71.7002,12.363],[-71.7003,12.363],[-71.7004,12.3628],[-71.728,12.4099],[-71.8049,12.3052],[-71.8397,12.3396],[-71.8083,12.3708],[-71.86,12.3561],[-71.9563,12.2721],[-71.8911,12.2753],[-71.8621,12.1963],[-71.9622,12.16],[-71.9604,12.1748],[-71.9613,12.1734],[-71.9656,12.1484],[-71.9753,12.1511],[-71.9808,12.1683],[-71.9613,12.2578],[-72.1786,12.2175],[-72.1387,12.1046],[-72.2258,11.8933],[-72.3551,11.8281],[-72.4427,11.7814],[-72.7655,11.6808],[-72.8907,11.5602],[-72.9204,11.5482],[-73.2169,11.3299],[-73.3456,11.2643],[-73.5748,11.2598],[-73.5749,11.2598],[-73.7906,11.2564],[-74.0415,11.3417],[-74.1062,11.3457],[-74.2076,11.2566],[-74.2076,11.2564],[-74.2082,11.2564],[-74.209,11.2562],[-74.2093,11.2561],[-74.2105,11.2557],[-74.2128,11.2573],[-74.2134,11.2568],[-74.2146,11.2555],[-74.2171,11.2555],[-74.2183,11.2552],[-74.2184,11.2552],[-74.2187,11.255],[-74.2201,11.2538],[-74.2214,11.2524],[-74.221,11.2518],[-74.221,11.2515],[-74.2211,11.2513],[-74.221,11.251],[-74.2208,11.2508],[-74.2208,11.2506],[-74.2147,11.248],[-74.2147,11.2481],[-74.2146,11.248],[-74.2172,11.2435],[-74.2172,11.2436],[-74.2174,11.2436],[-74.2174,11.2434],[-74.2175,11.2432],[-74.2174,11.2432],[-74.2177,11.2428],[-74.2174,11.2427],[-74.2175,11.2407],[-74.2186,11.2377],[-74.221,11.2349],[-74.2247,11.2305],[-74.2335,11.2268],[-74.2349,11.2242],[-74.2363,11.2229],[-74.237,11.2224],[-74.24,11.2217],[-74.2406,11.2215],[-74.2407,11.2215],[-74.2409,11.2212],[-74.241,11.2212],[-74.2381,11.2173],[-74.2373,11.2168],[-74.237,11.2171],[-74.2369,11.2173],[-74.2335,11.2154],[-74.2336,11.2125],[-74.2355,11.2111],[-74.2357,11.2111],[-74.2357,11.211],[-74.236,11.2104],[-74.2361,11.2103],[-74.2361,11.2101],[-74.2364,11.2097],[-74.2366,11.2095],[-74.2361,11.2094],[-74.2297,11.1969],[-74.2302,11.1958],[-74.2399,11.1808],[-74.2404,11.1775],[-74.2409,11.1754],[-74.2385,11.1755],[-74.2375,11.175],[-74.2235,11.1014],[-74.2166,11.0806],[-74.2163,11.0801],[-74.2156,11.0783],[-74.2146,11.0753],[-74.2436,11.0261],[-74.2552,11.0147],[-74.2564,11.0138],[-74.2626,11.0082],[-74.2629,11.008],[-74.2652,11.0064],[-74.4848,10.9809],[-74.7939,11.0848],[-74.8461,11.1049],[-74.8519,11.1053],[-74.8531,11.0975],[-74.8737,11.0482],[-74.8738,11.0482],[-74.9839,10.9832],[-75.0271,10.9492],[-75.0436,10.8991],[-75.0734,10.8861],[-75.0772,10.8863],[-75.2167,10.8047],[-75.2247,10.7959],[-75.2555,10.7996],[-75.2633,10.7899],[-75.2938,10.7032],[-75.3945,10.6826],[-75.5116,10.5723],[-75.5121,10.4551],[-75.5164,10.4518],[-75.5183,10.4506],[-75.531,10.4396],[-75.5325,10.4386],[-75.5341,10.4377],[-75.5358,10.437],[-75.5359,10.4372],[-75.5359,10.437],[-75.5392,10.436],[-75.5392,10.4361],[-75.5393,10.4359],[-75.5423,10.4342],[-75.5462,10.4321],[-75.5535,10.4203],[-75.552,10.4169],[-75.5514,10.415],[-75.5515,10.4125],[-75.5518,10.4111],[-75.552,10.4097],[-75.5536,10.4076],[-75.5572,10.403],[-75.5587,10.4019],[-75.5606,10.4003],[-75.5648,10.3981],[-75.5654,10.3972],[-75.5639,10.3958],[-75.5627,10.3942],[-75.5621,10.3938],[-75.5596,10.3929],[-75.559,10.3922],[-75.5579,10.3938],[-75.5496,10.3915],[-75.5494,10.3915],[-75.5488,10.3912],[-75.5481,10.3908],[-75.5471,10.3907],[-75.5459,10.3905],[-75.5523,10.403],[-75.5478,10.4107],[-75.5477,10.4107],[-75.5475,10.4106],[-75.5468,10.4109],[-75.5468,10.413],[-75.5499,10.4173],[-75.5499,10.4174],[-75.5515,10.4187],[-75.5517,10.419],[-75.5515,10.4194],[-75.5514,10.4194],[-75.5514,10.4196],[-75.5494,10.4203],[-75.5448,10.415],[-75.5448,10.4148],[-75.5447,10.4148],[-75.5404,10.4114],[-75.5392,10.4104],[-75.525,10.3959],[-75.5374,10.394],[-75.5304,10.3855],[-75.5256,10.3838],[-75.5259,10.3882],[-75.5085,10.37],[-75.51,10.3655],[-75.5108,10.3632],[-75.5108,10.363],[-75.5097,10.3602],[-75.5094,10.3521],[-75.5096,10.3517],[-75.5084,10.3494],[-75.5088,10.3486],[-75.5099,10.3486],[-75.51,10.3486],[-75.509,10.3197],[-75.5087,10.3168],[-75.5082,10.3168],[-75.5615,10.2633],[-75.5889,10.2957],[-75.6216,10.2504],[-75.5861,10.2258],[-75.6706,10.1642],[-75.6706,10.1643],[-75.6707607142857,10.164155357142855],[-75.6724,10.1637],[-75.6724,10.163],[-75.6749,10.1612],[-75.6764,10.1613],[-75.6777,10.1607],[-75.6755,10.1607],[-75.689,10.1509],[-75.6855,10.1392],[-75.5423,10.2444],[-75.5338,10.1755],[-75.5359,10.1729],[-75.5737,10.0864],[-75.6213,9.8244],[-75.7041,9.6981],[-75.6125,9.6946],[-75.5786,9.6378],[-75.5762,9.5545],[-75.5768,9.5524],[-75.578,9.5476],[-75.5783,9.5467],[-75.5794,9.543],[-75.5794,9.5429],[-75.5814,9.536],[-75.5817,9.5355],[-75.582,9.5344],[-75.5822,9.5339],[-75.5829,9.532],[-75.5834,9.5304],[-75.5843,9.5281],[-75.5849,9.5265],[-75.5853,9.5249],[-75.5862,9.5224],[-75.5868,9.5207],[-75.5899,9.5108],[-75.5913,9.5069],[-75.5917,9.5053],[-75.592,9.5045],[-75.5927,9.5025],[-75.5927,9.5022],[-75.5936,9.5001],[-75.5983,9.4884],[-75.5987,9.4867],[-75.5993,9.486],[-75.6005,9.4824],[-75.6008,9.4821],[-75.6015,9.4807],[-75.6026,9.4793],[-75.603,9.4777],[-75.6044,9.475],[-75.6048,9.4742],[-75.6052,9.4733],[-75.6052,9.4731],[-75.6058,9.472],[-75.6064,9.4712],[-75.6076,9.4691],[-75.6097,9.4657],[-75.6319,9.4335],[-75.6322,9.4321],[-75.6346,9.4301],[-75.6372,9.4277],[-75.6374,9.4266],[-75.6808,9.404],[-75.6887,9.4106],[-75.6992,9.4114],[-75.7,9.4118],[-75.8379,9.3989],[-75.7966,9.4314],[-75.8618,9.4248],[-75.9179,9.4435],[-76.087,9.3285],[-76.0917,9.3246],[-76.0992,9.314],[-76.1932,9.1111],[-76.1934,9.1111],[-76.3245,8.9366],[-76.4145,8.8801],[-76.4136,8.8739],[-76.4266,8.8568],[-76.43,8.8542],[-76.4304,8.8528],[-76.4359,8.8507],[-76.4367,8.8492],[-76.4864,8.8186]]],[[[-76.4367,8.8492],[-76.4368,8.8501],[-76.437,8.8501],[-76.4367,8.8492]]],[[[-76.4359,8.8507],[-76.4356,8.851],[-76.4364,8.8505],[-76.4359,8.8507]]],[[[-76.4304,8.8528],[-76.4306,8.8533],[-76.4307,8.8533],[-76.4306,8.8529],[-76.4304,8.8528]]],[[[-74.8533,11.0975],[-74.8534,11.0975],[-74.8534,11.0973],[-74.8533,11.0975]]],[[[-75.8762,9.7804],[-75.8693,9.7805],[-75.87,9.7839],[-75.8755,9.7832],[-75.8762,9.7804]]],[[[-75.8597,9.7858],[-75.8596,9.7857],[-75.8587,9.7857],[-75.8585,9.7857],[-75.8587,9.7864],[-75.8594,9.7864],[-75.8596,9.7864],[-75.8599,9.7864],[-75.8599,9.7862],[-75.8597,9.7858]]],[[[-75.8545,9.7941],[-75.8539,9.7945],[-75.8539,9.795],[-75.8548,9.7948],[-75.8545,9.7941]]],[[[-75.8559,9.7953],[-75.8545,9.7959],[-75.8553,9.7964],[-75.856,9.7962],[-75.8559,9.7953]]],[[[-75.8517,9.8045],[-75.8504,9.7987],[-75.8521,9.7915],[-75.8569,9.7952],[-75.8566,9.7945],[-75.8566,9.7899],[-75.8566,9.7897],[-75.8565,9.7894],[-75.8566,9.7892],[-75.8317,9.7966],[-75.8334,9.7968],[-75.8402,9.7982],[-75.8413,9.7966],[-75.8437,9.7955],[-75.845,9.7929],[-75.8498,9.7952],[-75.8451,9.7973],[-75.8451,9.7975],[-75.8451,9.7976],[-75.8512,9.8045],[-75.8517,9.8045]]],[[[-75.8539,9.7978],[-75.8542,9.7969],[-75.8533,9.7968],[-75.8533,9.7973],[-75.8539,9.7978]]],[[[-75.8517,9.8045],[-75.8517,9.8047],[-75.8518,9.8045],[-75.8517,9.8045]]],[[[-75.7759,10.1627],[-75.7759,10.1629],[-75.7764,10.1629],[-75.7762,10.1625],[-75.7759,10.1627]]],[[[-75.7889,10.168],[-75.7887,10.168],[-75.7889,10.1681],[-75.789,10.1681],[-75.7889,10.168]]],[[[-75.7682,10.174],[-75.7666,10.1745],[-75.7675,10.1757],[-75.7688,10.1755],[-75.7682,10.174]]],[[[-75.759,10.1764],[-75.759,10.1762],[-75.7587,10.1762],[-75.7587,10.1764],[-75.759,10.1764]]],[[[-75.7551,10.1778],[-75.7553,10.1778],[-75.7557,10.175],[-75.7512,10.1768],[-75.7539,10.177],[-75.7544,10.1771],[-75.7542,10.1785],[-75.7541,10.1787],[-75.7542,10.1786],[-75.7544,10.1787],[-75.7544,10.1785],[-75.7543,10.1785],[-75.7551,10.1778]]],[[[-75.7713,10.178],[-75.7712,10.1768],[-75.7709,10.1768],[-75.7706,10.1778],[-75.7713,10.178]]],[[[-75.7716,10.1773],[-75.7715,10.1784],[-75.7719,10.1784],[-75.7724,10.1782],[-75.7716,10.1773]]],[[[-75.7585,10.1775],[-75.7584,10.1778],[-75.7581,10.1791],[-75.7585,10.1775]]],[[[-75.7701,10.1785],[-75.7701,10.1789],[-75.7704,10.1789],[-75.7704,10.1784],[-75.7701,10.1785]]],[[[-75.7657,10.1791],[-75.7658,10.1791],[-75.7658,10.1787],[-75.7657,10.1787],[-75.7657,10.1791]]],[[[-75.7783,10.1801],[-75.7768,10.1791],[-75.7767,10.1796],[-75.777,10.1799],[-75.7773,10.1796],[-75.7783,10.1801]]],[[[-75.777,10.1812],[-75.7764,10.1784],[-75.7758,10.1782],[-75.7755,10.1785],[-75.777,10.1812]]],[[[-75.7749,10.1814],[-75.775,10.1814],[-75.775,10.1812],[-75.7749,10.1814]]],[[[-75.7276,10.1459],[-75.728,10.1475],[-75.7288,10.1463],[-75.728,10.1454],[-75.7276,10.1459]]],[[[-75.6907,10.1495],[-75.6907,10.1505],[-75.6911,10.1495],[-75.6908,10.1495],[-75.6907,10.1495]]],[[[-75.6898,10.1507],[-75.6905,10.1503],[-75.6901,10.1496],[-75.6898,10.1498],[-75.6898,10.1507]]],[[[-75.6916,10.1507],[-75.6917,10.1498],[-75.6913,10.1498],[-75.6913,10.1507],[-75.6916,10.1507]]],[[[-75.7495,10.1752],[-75.7493,10.1754],[-75.7495,10.1754],[-75.7495,10.1752]]],[[[-75.75,10.1805],[-75.7502,10.1798],[-75.7495,10.1757],[-75.7487,10.1805],[-75.7489,10.1805],[-75.7489,10.1803],[-75.7498,10.1803],[-75.75,10.1805]]],[[[-75.75,10.1805],[-75.75,10.1808],[-75.7502,10.1808],[-75.75,10.1805]]],[[[-75.7489,10.1815],[-75.7487,10.1817],[-75.737,10.1838],[-75.749,10.1824],[-75.749,10.1822],[-75.7489,10.1815]]],[[[-75.717,10.1828],[-75.7182,10.1833],[-75.7185,10.1831],[-75.7179,10.1822],[-75.717,10.1828]]],[[[-75.7225,10.1819],[-75.7218,10.1822],[-75.7212,10.1833],[-75.7221,10.184],[-75.7225,10.1819]]],[[[-75.7175,10.1845],[-75.7178,10.1845],[-75.7178,10.1842],[-75.7175,10.1843],[-75.7175,10.1845]]],[[[-75.7375,10.1854],[-75.7375,10.1852],[-75.7374,10.1852],[-75.7372,10.1852],[-75.7375,10.1854]]],[[[-75.7367,10.1854],[-75.7367,10.1852],[-75.7365,10.1852],[-75.7365,10.1854],[-75.7367,10.1854]]],[[[-75.5802,10.305],[-75.5782,10.3059],[-75.5797,10.3098],[-75.5826,10.3098],[-75.5802,10.305]]],[[[-75.5752,10.3128],[-75.5782,10.3137],[-75.5782,10.3147],[-75.5785,10.3121],[-75.5752,10.3128]]],[[[-75.5807,10.3198],[-75.5813,10.3197],[-75.5813,10.3195],[-75.5807,10.3198]]],[[[-75.5807,10.3198],[-75.5819,10.3218],[-75.5802,10.3225],[-75.5774,10.3246],[-75.5773,10.3246],[-75.5767,10.3253],[-75.5765,10.3255],[-75.5759,10.3265],[-75.5758,10.3267],[-75.575,10.3274],[-75.5758,10.3279],[-75.549,10.3362],[-75.5471,10.3413],[-75.5466,10.342],[-75.543,10.342],[-75.5435,10.3434],[-75.5472,10.3648],[-75.5753,10.3811],[-75.5758,10.3813],[-75.5762,10.3808],[-75.5764,10.3808],[-75.5908,10.3258],[-75.5807,10.3198]]],[[[-75.5639,10.3958],[-75.5642,10.3956],[-75.564,10.3956],[-75.5639,10.3958]]],[[[-75.5664,10.3966],[-75.5664,10.3965],[-75.5663,10.3966],[-75.5664,10.3966]]],[[[-75.5648,10.3981],[-75.5648,10.3982],[-75.5655,10.3989],[-75.5648,10.3981]]],[[[-75.5094,10.3198],[-75.5094,10.3197],[-75.5093,10.3197],[-75.5093,10.3198],[-75.5094,10.3198]]],[[[-75.5234,10.3829],[-75.5233,10.3829],[-75.5233,10.3831],[-75.5234,10.3831],[-75.5234,10.3829]]],[[[-75.5256,10.3838],[-75.5256,10.3836],[-75.5234,10.3829],[-75.5256,10.3838]]],[[[-75.5305,10.3855],[-75.5307,10.3854],[-75.5305,10.3854],[-75.5305,10.3855]]],[[[-75.5596,10.3929],[-75.5597,10.3926],[-75.5596,10.3926],[-75.5596,10.3929]]],[[[-75.5374,10.394],[-75.5375,10.3938],[-75.5374,10.3938],[-75.5374,10.394]]],[[[-75.5575,10.4033],[-75.5576,10.4035],[-75.5576,10.4033],[-75.5575,10.4033]]],[[[-75.5536,10.4076],[-75.5536,10.4077],[-75.5539,10.4074],[-75.5536,10.4076]]],[[[-75.5526,10.4099],[-75.5523,10.4097],[-75.5521,10.4097],[-75.5526,10.4099]]],[[[-75.5472,10.4102],[-75.5471,10.4102],[-75.5471,10.4104],[-75.5472,10.4102]]],[[[-75.5475,10.4106],[-75.5477,10.4104],[-75.5475,10.4104],[-75.5475,10.4106]]],[[[-75.5518,10.4111],[-75.5523,10.4114],[-75.5523,10.4113],[-75.5518,10.4111]]],[[[-75.5515,10.4125],[-75.5518,10.4129],[-75.552,10.4127],[-75.5515,10.4125]]],[[[-75.5514,10.415],[-75.5517,10.4151],[-75.5517,10.415],[-75.5514,10.415]]],[[[-75.5515,10.4187],[-75.5514,10.4187],[-75.5514,10.4188],[-75.5515,10.4187]]],[[[-75.5344,10.4382],[-75.5346,10.4381],[-75.5343,10.4379],[-75.5344,10.4382]]],[[[-75.5164,10.4518],[-75.5164,10.4521],[-75.5166,10.4521],[-75.5164,10.4518]]],[[[-75.5121,10.4551],[-75.5121,10.4553],[-75.5125,10.4558],[-75.5127,10.4557],[-75.5121,10.4551]]],[[[-76.087,9.3285],[-76.087,9.3286],[-76.0871,9.3286],[-76.087,9.3285]]],[[[-77.3686,7.8285],[-77.3687,7.8285],[-77.3687,7.8283],[-77.3686,7.8283],[-77.3686,7.8285]]],[[[-74.2373,11.2168],[-74.2373,11.2166],[-74.2372,11.2166],[-74.2373,11.2168]]],[[[-74.2214,11.2353],[-74.2215,11.2354],[-74.2217,11.2351],[-74.2214,11.2353]]],[[[-74.2186,11.2377],[-74.2187,11.2379],[-74.219,11.2381],[-74.2189,11.2379],[-74.2186,11.2377]]],[[[-74.2183,11.2437],[-74.218,11.2436],[-74.2178,11.2437],[-74.2181,11.2439],[-74.2183,11.2437]]],[[[-74.7939,11.0848],[-74.7937,11.085],[-74.7937,11.0852],[-74.7939,11.085],[-74.7939,11.0848]]],[[[-78.8914,1.5094],[-78.8889,1.5092],[-78.8898,1.5099],[-78.8919,1.5097],[-78.8914,1.5094]]],[[[-78.781,1.8013],[-78.7809,1.8011],[-78.7809,1.8013],[-78.781,1.8013]]],[[[-78.7771,1.8029],[-78.7771,1.8027],[-78.777,1.8027],[-78.7771,1.8029]]],[[[-78.7783,1.8073],[-78.7785,1.8075],[-78.7785,1.8073],[-78.7783,1.8073]]],[[[-78.7654,1.8157],[-78.7654,1.8159],[-78.7655,1.8159],[-78.7654,1.8157]]],[[[-78.7639,1.8159],[-78.7642,1.8161],[-78.764,1.8159],[-78.7639,1.8159]]],[[[-78.7637,1.8164],[-78.7639,1.8166],[-78.7639,1.8164],[-78.7637,1.8164]]],[[[-78.7681,1.8196],[-78.7682,1.8196],[-78.7682,1.8194],[-78.7681,1.8194],[-78.7681,1.8196]]],[[[-78.762,1.806],[-78.7618,1.806],[-78.7618,1.8062],[-78.762,1.806]]],[[[-78.7456,1.8067],[-78.7457,1.8067],[-78.7457,1.8066],[-78.7456,1.8066],[-78.7456,1.8067]]],[[[-78.7628,1.8154],[-78.7627,1.8152],[-78.7627,1.8154],[-78.7628,1.8154]]],[[[-78.76,1.8187],[-78.76,1.8186],[-78.7599,1.8186],[-78.7599,1.8187],[-78.76,1.8187]]],[[[-75.6374,9.4266],[-75.6375,9.4268],[-75.6375,9.4266],[-75.6374,9.4266]]],[[[-75.6346,9.4301],[-75.6346,9.4303],[-75.6347,9.4303],[-75.6347,9.4301],[-75.6346,9.4301]]],[[[-75.6064,9.4712],[-75.6066,9.4713],[-75.6066,9.4712],[-75.6064,9.4712]]],[[[-75.6058,9.472],[-75.606,9.4722],[-75.6061,9.4722],[-75.6061,9.472],[-75.6058,9.472]]],[[[-75.6048,9.4742],[-75.605,9.4743],[-75.6051,9.4743],[-75.605,9.4742],[-75.6048,9.4742]]],[[[-75.6044,9.475],[-75.6047,9.4752],[-75.6048,9.4752],[-75.6047,9.475],[-75.6044,9.475]]],[[[-75.6035,9.4777],[-75.6032,9.4777],[-75.6033,9.4779],[-75.6035,9.4779],[-75.6035,9.4777]]],[[[-75.602,9.4807],[-75.6017,9.4807],[-75.6018,9.4809],[-75.602,9.4809],[-75.602,9.4807]]],[[[-75.599,9.4867],[-75.5989,9.4867],[-75.5989,9.4868],[-75.599,9.4868],[-75.599,9.4867]]],[[[-75.5983,9.4884],[-75.5983,9.4886],[-75.5984,9.4884],[-75.5983,9.4884]]],[[[-75.5922,9.5046],[-75.5923,9.5045],[-75.5922,9.5045],[-75.5922,9.5046]]],[[[-75.5899,9.5108],[-75.5899,9.511],[-75.5901,9.511],[-75.5901,9.5108],[-75.5899,9.5108]]],[[[-75.5862,9.5224],[-75.5863,9.5226],[-75.5865,9.5226],[-75.5865,9.5224],[-75.5862,9.5224]]],[[[-75.5856,9.5249],[-75.5855,9.5249],[-75.5855,9.5251],[-75.5856,9.5251],[-75.5856,9.5249]]],[[[-75.5849,9.5265],[-75.5849,9.5267],[-75.585,9.5267],[-75.585,9.5265],[-75.5849,9.5265]]],[[[-75.5843,9.5281],[-75.5843,9.5283],[-75.5844,9.5283],[-75.5844,9.5281],[-75.5843,9.5281]]],[[[-75.5837,9.5304],[-75.5835,9.5304],[-75.5835,9.5305],[-75.5837,9.5305],[-75.5837,9.5304]]],[[[-75.5829,9.532],[-75.5831,9.5321],[-75.5832,9.5321],[-75.5832,9.532],[-75.5829,9.532]]],[[[-75.5814,9.536],[-75.5816,9.5362],[-75.5816,9.536],[-75.5814,9.536]]],[[[-77.065,3.8749],[-77.0651,3.8749],[-77.0651,3.8748],[-77.065,3.8748],[-77.065,3.8749]]],[[[-77.0736,3.8811],[-77.0738,3.8811],[-77.0738,3.8809],[-77.0736,3.8811]]],[[[-77.0762,3.8837],[-77.0763,3.8837],[-77.0763,3.8836],[-77.0762,3.8837]]],[[[-77.229,4.0418],[-77.2378,4.0395],[-77.2326,4.0314],[-77.2265,4.0398],[-77.229,4.0418]]],[[[-81.688,12.5799],[-81.688,12.5801],[-81.6878,12.5802],[-81.688,12.5804],[-81.688,12.5806],[-81.6876,12.5806],[-81.6874,12.5806],[-81.6873,12.5811],[-81.6874,12.5817],[-81.6876,12.5818],[-81.6884,12.5827],[-81.6884,12.5829],[-81.6886,12.5829],[-81.6893,12.5834],[-81.6932,12.5854],[-81.7042,12.5947],[-81.7228,12.5734],[-81.7225,12.5718],[-81.723,12.5704],[-81.732,12.5274],[-81.7298,12.5052],[-81.73,12.5043],[-81.7297,12.4805],[-81.7066,12.5321],[-81.7066,12.5323],[-81.7039,12.5464],[-81.7044,12.5612],[-81.7044,12.5614],[-81.7047,12.5614],[-81.7047,12.5613],[-81.7072,12.5624],[-81.7023,12.5644],[-81.7002,12.5656],[-81.7033,12.5677],[-81.7048,12.5679],[-81.7067,12.5695],[-81.7072,12.5717],[-81.7053,12.57],[-81.7021,12.5681],[-81.7033,12.5743],[-81.6977,12.5785],[-81.6965,12.5797],[-81.6938,12.5801],[-81.6937,12.5797],[-81.6937,12.5799],[-81.6937,12.5801],[-81.692,12.5801],[-81.6919,12.5801],[-81.6908,12.5799],[-81.6899,12.5795],[-81.6881,12.5799],[-81.688,12.5799]]],[[[-81.6965,12.5797],[-81.6965,12.5795],[-81.6963,12.5795],[-81.6965,12.5797]]],[[[-81.6937,12.5797],[-81.6937,12.5795],[-81.6935,12.5797],[-81.6937,12.5797]]],[[[-81.691,12.5797],[-81.691,12.5795],[-81.6908,12.5795],[-81.691,12.5797]]],[[[-81.6932,12.5854],[-81.6931,12.5854],[-81.6929,12.5855],[-81.6932,12.5855],[-81.6932,12.5854]]],[[[-81.6884,12.5496],[-81.6883,12.5506],[-81.6892,12.5512],[-81.6898,12.5505],[-81.6884,12.5496]]],[[[-81.6892,12.5529],[-81.6892,12.5528],[-81.6886,12.5522],[-81.6889,12.5529],[-81.6892,12.5529]]],[[[-81.6899,12.5795],[-81.6901,12.5795],[-81.6899,12.5794],[-81.6899,12.5795]]],[[[-81.688,12.5799],[-81.688,12.5797],[-81.6878,12.5797],[-81.688,12.5799]]],[[[-81.689,12.5998],[-81.6899,12.601],[-81.6907,12.5991],[-81.6895,12.5991],[-81.689,12.5998]]],[[[-81.3719,13.329],[-81.3557,13.3433],[-81.3558,13.3516],[-81.3538,13.3605],[-81.3542,13.3609],[-81.3566,13.3669],[-81.3581,13.3681],[-81.3582,13.3685],[-81.3579,13.369],[-81.3578,13.369],[-81.3572,13.3697],[-81.3572,13.3699],[-81.357,13.3702],[-81.3581,13.3706],[-81.3584,13.3706],[-81.3582,13.3713],[-81.3573,13.3724],[-81.3567,13.3729],[-81.3564,13.3731],[-81.3548,13.3752],[-81.3543,13.3771],[-81.3557,13.3783],[-81.3558,13.3783],[-81.3563,13.3783],[-81.3588,13.3787],[-81.3625,13.3822],[-81.3643,13.3856],[-81.3701,13.3773],[-81.37,13.3745],[-81.392,13.3271],[-81.377,13.3239],[-81.3746,13.3253],[-81.3719,13.329]]],[[[-81.3724,13.394],[-81.3801,13.3852],[-81.3767,13.3815],[-81.3703,13.3835],[-81.3697,13.3872],[-81.3709,13.388],[-81.3707,13.3946],[-81.3724,13.394]]]]},"properties":{"iso3":"COL"}},
{"type":"Feature","geometry":{"type":"Polygon","coordinates":[[[-91.4362,14.0052],[-91.3102,13.9524],[-90.986,13.914],[-90.7477,13.924],[-90.6653,13.9256],[-90.6592,13.9249],[-90.456,13.8793],[-90.4473,13.8764],[-90.2385,13.7884],[-90.2188,13.78],[-90.11764357733553,13.744822766512874],[-90.10434248127068,13.750730130094686],[-90.1129,13.8326],[-90.0356,13.9164],[-89.9514,13.9799],[-89.95,13.9807],[-89.9046,14.0333],[-89.8602,14.0496],[-89.8061,14.0559],[-89.74310479836254,14.03420568704416],[-89.7377,14.0338],[-89.73576704885448,14.037627802071361],[-89.7212,14.1255],[-89.7197,14.1286],[-89.6721,14.1736],[-89.6655,14.1855],[-89.63423399357707,14.193615671813328],[-89.5218,14.2228],[-89.52701314159951,14.229331153388088],[-89.5175,14.2325],[-89.5413,14.2821],[-89.5427,14.2925],[-89.541,14.2905],[-89.5374,14.2997],[-89.5854,14.3172],[-89.56901664788705,14.412538150713788],[-89.5677,14.4202],[-89.52459960813584,14.38782681677759],[-89.5109,14.4072],[-89.393,14.4505],[-89.39033200579291,14.44852006745684],[-89.3859,14.4506],[-89.35491784587519,14.424663510975517],[-89.35386340533671,14.423780793610455],[-89.2672,14.5461],[-89.2635,14.5478],[-89.23920976361768,14.584235354573492],[-89.23879491726137,14.584682278536834],[-89.163,14.5719],[-89.15272930158675,14.58321517621799],[-89.152,14.5832],[-89.15184600999287,14.58418829407566],[-89.1512,14.5849],[-89.15099288928893,14.589663546354636],[-89.1380500904052,14.672729270533834],[-89.13195854605769,14.71182425664469],[-89.1319,14.7122],[-89.1981,14.802],[-89.2264502091476,14.879503472789168],[-89.2281,14.8824],[-89.1795649877328,14.922302650738732],[-89.17941282321844,14.92242775151007],[-89.184,15.0039],[-89.1839,15.0053],[-89.1543,15.068],[-89.15427849997467,15.06801166774312],[-89.15089961057923,15.069845340627927],[-89.0845,15.0949],[-88.9423,15.1626],[-88.7582,15.2949],[-88.682,15.3404],[-88.5344,15.4618],[-88.4729,15.5139],[-88.45154246324569,15.533841407794966],[-88.2357627183237,15.715900501369262],[-88.2232,15.7265],[-88.6077,15.9661],[-88.492,15.8421],[-88.5651,15.8538],[-88.6025,15.6995],[-88.6448,15.6974],[-88.6259,15.7503],[-88.6806,15.7817],[-88.7237,15.8097],[-88.8275,15.7722],[-88.748,15.8287],[-88.9127,15.8993],[-89.2258,15.8966],[-89.2029,16.2591],[-89.2028,16.2675],[-89.1919,16.4352],[-89.1667,16.8114],[-89.1663,16.8189],[-89.1569,17.8168],[-89.3374,17.8181],[-89.7017,17.8193],[-89.9161,17.8195],[-90.9877,17.817],[-90.9873,17.2786],[-91.346,17.2511],[-91.4437,17.2509],[-91.3507,17.1596],[-91.2662,17.1694],[-91.2686,17.1095],[-91.066,16.9025],[-90.9886,16.8636],[-90.9649,16.9013],[-90.9216,16.8225],[-90.7129,16.7266],[-90.668,16.5819],[-90.628,16.5782],[-90.6357,16.48],[-90.544,16.4802],[-90.3712,16.3699],[-90.4546,16.2484],[-90.4445,16.0738],[-91.1076,16.0744],[-91.3292,16.0741],[-91.4834,16.0738],[-91.7313,16.0737],[-91.8732,15.8336],[-91.8749,15.8306],[-91.9298,15.7383],[-91.9886,15.638],[-92.0016,15.6162],[-92.0946,15.4592],[-92.1178,15.4237],[-92.2108,15.2603],[-92.1408,15.173],[-92.0594,15.0695],[-92.0797,15.0306],[-92.1505,14.9877],[-92.1775,14.8036],[-92.1426,14.6897],[-92.1764,14.6073],[-92.2402,14.5435],[-92.1869,14.5019],[-92.1867,14.5018],[-92.1632,14.4866],[-92.0386,14.3926],[-91.8324,14.2333],[-91.8311,14.2321],[-91.7866,14.1909],[-91.6657,14.1238],[-91.5692,14.0624],[-91.5682,14.0617],[-91.5386,14.0444],[-91.4362,14.0052]],[[-88.9859,15.5528],[-88.9831,15.5159],[-89.0934,15.4178],[-89.2163,15.4151],[-89.3068,15.3541],[-89.3545,15.4706],[-89.4146,15.468],[-89.2252,15.5723],[-89.0993,15.579],[-88.9915,15.6556],[-88.9859,15.5528]],[[-88.9715,15.6699],[-88.8311,15.7696],[-88.8894,15.6857],[-88.9715,15.6699]]]},"properties":{"iso3":"GTM"}},
{"type":"Feature","geometry":{"type":"MultiPolygon","coordinates":[[[[-86.883,15.7623],[-87.0033,15.7709],[-87.0916,15.7862],[-87.1455,15.7894],[-87.3215,15.832],[-87.3822,15.8289],[-87.476,15.7808],[-87.5885,15.8444],[-87.5497,15.7769],[-87.5037,15.7684],[-87.5168,15.7649],[-87.5839,15.7707],[-87.5906,15.7857],[-87.6301,15.7669],[-87.6373,15.7744],[-87.6289,15.8165],[-87.596,15.8489],[-87.6016,15.9284],[-87.6445,15.9059],[-87.6419,15.8749],[-87.7191,15.9203],[-87.9508,15.8646],[-87.9644,15.8021],[-87.9748,15.8034],[-88.1351,15.6833],[-88.2357627183237,15.715900501369262],[-88.45154246324569,15.533841407794966],[-88.4729,15.5139],[-88.5344,15.4618],[-88.682,15.3404],[-88.7582,15.2949],[-88.9423,15.1626],[-89.0845,15.0949],[-89.15089961057923,15.069845340627927],[-89.15427849997467,15.06801166774312],[-89.1543,15.068],[-89.1839,15.0053],[-89.184,15.0039],[-89.17941282321844,14.92242775151007],[-89.1795649877328,14.922302650738732],[-89.2281,14.8824],[-89.2264502091476,14.879503472789168],[-89.1981,14.802],[-89.1319,14.7122],[-89.13195854605769,14.71182425664469],[-89.1380500904052,14.672729270533834],[-89.15099288928893,14.589663546354636],[-89.1512,14.5849],[-89.15184600999287,14.58418829407566],[-89.152,14.5832],[-89.15272930158675,14.58321517621799],[-89.163,14.5719],[-89.23879491726137,14.584682278536834],[-89.23920976361768,14.584235354573492],[-89.2635,14.5478],[-89.2672,14.5461],[-89.35386340533671,14.423780793610455],[-89.35373911067869,14.4236767412253],[-89.3509,14.4213],[-89.14342878095152,14.358427629844964],[-89.078,14.3386],[-88.9567,14.2032],[-88.89337582035424,14.18782649973918],[-88.8702,14.1822],[-88.86035160147688,14.162894789376164],[-88.7834,14.1048],[-88.7571,14.1109],[-88.7312,14.1018],[-88.73670516584552,14.07127768809696],[-88.71666699620903,14.049913684679998],[-88.6359,14.0208],[-88.6168,14.0135],[-88.5269,13.9848],[-88.50968492171633,13.972359906933695],[-88.5077,13.9719],[-88.50753514850419,13.97080642118186],[-88.4995,13.965],[-88.4864,13.8609],[-88.3913,13.8832],[-88.3499,13.8895],[-88.23890417920208,13.933392570307396],[-88.2227085156712,13.962184861028963],[-88.2172,13.9931],[-88.1186,13.9968],[-88.1182,13.9969],[-88.1101,14.0006],[-88.1079,14.0014],[-88.0799,13.9943],[-88.0268,13.9023],[-88.0069,13.8713],[-87.99859226769482,13.873428943086555],[-87.9532,13.8925],[-87.92642114198348,13.891923547087707],[-87.8871,13.902],[-87.7965,13.9119],[-87.7625,13.8666],[-87.7449,13.8414],[-87.744093728223,13.840369512195126],[-87.7103,13.8108],[-87.712770811251,13.80033600876181],[-87.7093,13.7959],[-87.72103990561091,13.765316040767468],[-87.73857538987751,13.691052515518729],[-87.7571,13.6126],[-87.76669922291616,13.585023534166874],[-87.7779,13.5185],[-87.7209,13.5057],[-87.7215,13.445],[-87.7234318849849,13.444353441718764],[-87.7235,13.4407],[-87.8091,13.4031],[-87.8165678990161,13.413182920893803],[-87.8207,13.4118],[-87.7445,13.3534],[-87.6593,13.3911],[-87.6918,13.4749],[-87.6912,13.4749],[-87.6884,13.4749],[-87.6848,13.4733],[-87.676,13.4657],[-87.6861,13.4637],[-87.6757,13.461],[-87.6753,13.4573],[-87.6733,13.4589],[-87.6711,13.4578],[-87.6696,13.4537],[-87.6742,13.4502],[-87.6706,13.4475],[-87.666,13.4522],[-87.6627,13.4518],[-87.6584,13.4431],[-87.6567,13.452],[-87.6575,13.4519],[-87.6353,13.4664],[-87.5977,13.461],[-87.6178,13.3754],[-87.60941123882911,13.374247932087417],[-87.6374,13.3749],[-87.6595,13.3358],[-87.581,13.3072],[-87.5815,13.3595],[-87.5719,13.3333],[-87.5423,13.3424],[-87.5629,13.3587],[-87.5815,13.3605],[-87.58157576454857,13.370425155863742],[-87.5195,13.3619],[-87.5059,13.38],[-87.5018,13.3785],[-87.4994,13.3807],[-87.5022,13.3825],[-87.5051,13.381],[-87.4855469879518,13.407070682730929],[-87.484,13.402],[-87.4818,13.4024],[-87.4803,13.4088],[-87.48480259067358,13.408063212435232],[-87.48038842975207,13.413948760330584],[-87.4778,13.4087],[-87.4702,13.4107],[-87.4685,13.4146],[-87.4649,13.414],[-87.4602,13.4133],[-87.4607,13.4098],[-87.457,13.4128],[-87.4513,13.412],[-87.4599,13.4096],[-87.4593,13.4046],[-87.4608,13.4079],[-87.4714,13.3992],[-87.4619,13.3968],[-87.4589,13.4008],[-87.4582,13.3945],[-87.4304,13.3897],[-87.444,13.4108],[-87.4038,13.4047],[-87.4042,13.4042],[-87.4013,13.4043],[-87.3751,13.4003],[-87.3751,13.4002],[-87.39447511032657,13.389604236540157],[-87.3945,13.3896],[-87.3882,13.3931],[-87.3965,13.4017],[-87.3946,13.3922],[-87.3964,13.3893],[-87.4003,13.3886],[-87.4111,13.3952],[-87.4067,13.3858],[-87.4042,13.3864],[-87.40195691382766,13.3855126252505],[-87.41579376572547,13.377945596868884],[-87.425,13.383],[-87.42688592003222,13.371879574982376],[-87.4583,13.3547],[-87.4032,13.3351],[-87.4315,13.3234],[-87.4319,13.3193],[-87.4387,13.3199],[-87.444,13.3183],[-87.4322,13.3167],[-87.4355,13.2817],[-87.492,13.2816],[-87.4925,13.2857],[-87.4881,13.2876],[-87.4909,13.2946],[-87.5164,13.2652],[-87.4351,13.2262],[-87.4248,13.116],[-87.3951,13.1122],[-87.3326,13.102],[-87.2782,13.1276],[-87.278,13.1092],[-87.2912,13.0877],[-87.3683,13.0815],[-87.3312,13.0345],[-87.2809,13.0279],[-87.2804,13.0415],[-87.2387,13.0468],[-87.2296,13.0658],[-87.2061,13.0792],[-87.1944,13.0801],[-87.1871,13.0445],[-87.1637,13.0639],[-87.1588,13.0369],[-87.1471,13.0379],[-87.135,13.0337],[-87.1325,13.0249],[-87.1344,13.025],[-87.136,13.0286],[-87.135,13.0333],[-87.1399,13.0325],[-87.1467,13.0375],[-87.1547,13.0348],[-87.1573,13.0352],[-87.1594,13.0369],[-87.1639,13.0634],[-87.1761,13.0435],[-87.182,13.0418],[-87.1877,13.0443],[-87.2038,13.0789],[-87.2379,13.0461],[-87.2751,13.0377],[-87.267,13.0212],[-87.2017,13.0634],[-87.2272,12.9923],[-87.2276,12.9925],[-87.2294,12.9993],[-87.2329,13.021],[-87.2325,13.0233],[-87.2306,13.0266],[-87.2195,13.0331],[-87.2244,13.0446],[-87.3082,12.9872],[-87.1058,12.9996],[-86.9637,13.0302],[-86.9338,13.1271],[-86.893,13.2728],[-86.8929,13.2728],[-86.8292,13.3135],[-86.7545,13.2674],[-86.7057,13.3023],[-86.7506,13.565],[-86.76879416240288,13.699456859515855],[-86.7687,13.6995],[-86.7612,13.769],[-86.5747,13.7913],[-86.3779,13.7711],[-86.3339,13.7692],[-86.1516,14.0361],[-86.0118,14.0801],[-86.0425,13.9955],[-85.7519,13.8327],[-85.7529,13.9682],[-85.5704,14.0645],[-85.5206,14.0473],[-85.4051,14.1231],[-85.3398,14.2491],[-85.1853,14.2499],[-85.1531,14.3009],[-85.2213,14.3752],[-85.1498,14.4865],[-85.1517,14.5721],[-85.0874,14.5523],[-85.0253,14.6017],[-85.0514,14.653],[-85.0513,14.6533],[-84.9999,14.7244],[-84.9015,14.8109],[-84.7903,14.8131],[-84.7028,14.6651],[-84.675,14.693],[-84.4701,14.6156],[-84.3647,14.7157],[-84.2753,14.6626],[-84.234,14.7609],[-84.1684,14.7143],[-84.0964,14.7297],[-84.1106,14.7902],[-84.0226,14.7442],[-83.7963,14.7896],[-83.7433,14.845],[-83.7012,14.8283],[-83.6965,14.8767],[-83.6198,14.861],[-83.5568,14.9392],[-83.5045,15.0092],[-83.4603,14.9801],[-83.4044,15.0288],[-83.2865,14.9766],[-83.1498,14.9964],[-83.2974,15.0773],[-83.4261,15.2695],[-83.7176,15.3945],[-83.737,15.3554],[-83.5553,15.3051],[-83.4942,15.2143],[-83.5578,15.2121],[-83.5496,15.1988],[-83.5617,15.1746],[-83.591,15.1561],[-83.6157,15.21],[-83.638,15.1644],[-83.6154,15.2359],[-83.5661,15.1938],[-83.5512,15.1984],[-83.5609,15.2091],[-83.5515,15.2343],[-83.5274,15.2537],[-83.5423,15.2635],[-83.5498,15.2968],[-83.554,15.2781],[-83.6327,15.2902],[-83.633,15.3029],[-83.7438,15.1682],[-83.8323,15.3164],[-84.0203,15.4025],[-84.0226,15.3955],[-84.0154,15.3997],[-84.0119,15.3862],[-83.9983,15.385],[-83.9788,15.3646],[-83.9973,15.3531],[-83.9899,15.353],[-83.9807,15.3473],[-83.9666,15.3546],[-83.9587,15.3437],[-83.9665,15.3406],[-83.9688,15.3507],[-83.9732,15.3511],[-83.9749,15.348],[-83.9845,15.3467],[-83.9865,15.3475],[-83.9895,15.3521],[-83.9976,15.3528],[-84.0038,15.3564],[-84.0141,15.345],[-83.9995,15.3783],[-83.9982,15.3779],[-83.9971,15.3799],[-83.9988,15.3801],[-83.9973,15.3834],[-84.0149,15.3809],[-84.0246,15.3944],[-84.0478,15.3897],[-84.0504,15.3767],[-84.0383,15.3748],[-84.0346,15.3546],[-84.0218,15.3462],[-84.0232,15.3457],[-84.0352,15.3537],[-84.0393,15.3684],[-84.0426,15.3622],[-84.0288,15.3339],[-84.0388,15.321],[-84.1126,15.3537],[-84.1392,15.4238],[-84.1044,15.4501],[-84.1087,15.4547],[-84.1074,15.4549],[-84.1076,15.4563],[-84.1122,15.4583],[-84.1412,15.4889],[-84.1054,15.467],[-84.1306,15.5296],[-84.0892,15.5438],[-84.1006,15.4991],[-84.0921,15.4996],[-84.1001,15.4954],[-84.0708,15.4815],[-84.0716,15.4947],[-84.0848,15.5],[-83.9636,15.5068],[-83.9219,15.4419],[-83.7563,15.3695],[-83.7283,15.3922],[-83.7294,15.3947],[-83.7721,15.4014],[-83.8053,15.4141],[-83.8792,15.4573],[-84.1562,15.6975],[-84.1506,15.6605],[-84.1719,15.6291],[-84.0834,15.6021],[-84.1084,15.5526],[-84.1642,15.5667],[-84.1652,15.5779],[-84.1434,15.5738],[-84.1758,15.6338],[-84.167,15.6635],[-84.1519,15.6613],[-84.1612,15.6731],[-84.1581,15.6852],[-84.1623,15.6847],[-84.1694,15.6902],[-84.1637,15.691],[-84.1632,15.6938],[-84.1603,15.694],[-84.1611,15.6969],[-84.1575,15.6982],[-84.1939,15.7278],[-84.1947,15.7283],[-84.2959,15.8104],[-84.6456,15.8668],[-84.6285,15.856],[-84.6147,15.8532],[-84.6115,15.8507],[-84.6046,15.8511],[-84.4988,15.8292],[-84.5019,15.827],[-84.4986,15.821],[-84.5514,15.771],[-84.617,15.8168],[-84.6461,15.7746],[-84.6488,15.8634],[-84.9163,15.9551],[-84.91323455377578,15.952532494279199],[-84.9232,15.9584],[-84.9659,15.927],[-84.9793,15.9701],[-84.9706,15.9716],[-84.9298,15.9541],[-84.9256,15.9577],[-84.9718,15.9726],[-84.9996,15.9816],[-85.2976,15.8786],[-85.4706,15.8598],[-85.6099,15.9069],[-85.7297,15.9709],[-86.0054,16.0285],[-85.9111,15.9826],[-85.9992,15.9047],[-86.2084,15.8774],[-86.3589,15.7815],[-86.4588,15.7977],[-86.5989,15.7981],[-86.883,15.7623]],[[-87.9964,14.7933],[-88.0108,14.8143],[-88.0103,14.8148],[-88.0301,14.9297],[-88.027,14.9282],[-88.0276,14.9281],[-88.029,14.9264],[-88.0211,14.9252],[-87.9729,14.9009],[-87.9735,14.8979],[-87.9714,14.8973],[-87.9709,14.8992],[-87.9718,14.9003],[-87.9466,14.8877],[-87.9755,14.8033],[-87.9964,14.7933]],[[-84.1988,15.48],[-84.202,15.4791],[-84.2394,15.5303],[-84.1982,15.5239],[-84.1778,15.5114],[-84.1953,15.4838],[-84.1988,15.48]],[[-84.0193,15.343],[-84.0192,15.343],[-84.0214,15.3459],[-84.0071,15.3365],[-83.8741,15.3192],[-83.8358,15.2647],[-83.9281,15.2286],[-83.9747,15.2671],[-83.9414,15.2981],[-84.0202,15.2952],[-84.0167,15.3413],[-84.0193,15.343]],[[-84.8697,15.9269],[-84.87453186053813,15.929744927232734],[-84.7538,15.8813],[-84.8292,15.8378],[-84.8697,15.9269]]],[[[-85.0668,15.9799],[-85.0722,15.9748],[-85.0566,15.97],[-85.053,15.9741],[-85.0668,15.9799]]],[[[-87.4543,13.213],[-87.4538,13.2144],[-87.4538,13.2196],[-87.4565,13.2244],[-87.4543,13.213]]],[[[-87.4539,13.2976],[-87.4563,13.2966],[-87.4569,13.295],[-87.4535,13.2969],[-87.4539,13.2976]]],[[[-87.4909,13.2946],[-87.4847,13.3017],[-87.4917,13.2966],[-87.4909,13.2946]]],[[[-87.4847,13.3036],[-87.485,13.303],[-87.4842,13.3027],[-87.484,13.3032],[-87.4847,13.3036]]],[[[-84.0843,15.4846],[-84.0491,15.404],[-84.0364,15.418],[-84.0625,15.4761],[-84.0843,15.4846]]],[[[-84.1986,15.4859],[-84.1992,15.4902],[-84.2004,15.4876],[-84.2007,15.4823],[-84.1986,15.4859]]],[[[-84.1957,15.4893],[-84.1966,15.4903],[-84.1966,15.489],[-84.1959,15.4874],[-84.1957,15.4893]]],[[[-84.1978,15.4921],[-84.1984,15.4927],[-84.1989,15.4903],[-84.1977,15.4902],[-84.1978,15.4921]]],[[[-84.1967,15.495],[-84.1971,15.4952],[-84.1972,15.495],[-84.1968,15.4947],[-84.1967,15.495]]],[[[-84.1976,15.4959],[-84.1976,15.4957],[-84.1971,15.4956],[-84.1971,15.4959],[-84.1976,15.4959]]],[[[-83.5713,15.2858],[-83.5548,15.2964],[-83.5556,15.3043],[-83.5906,15.3129],[-83.5713,15.2858]]],[[[-83.9958,15.3806],[-83.9956,15.3786],[-83.9938,15.3775],[-83.994,15.3797],[-83.9958,15.3806]]],[[[-83.88,16.3603],[-83.8789,16.3602],[-83.8784,16.3607],[-83.8793,16.3608],[-83.88,16.3603]]],[[[-83.865,16.3753],[-83.8651,16.3753],[-83.8652,16.3752],[-83.8761,16.3623],[-83.8594,16.3759],[-83.8603,16.3769],[-83.865,16.3753]]],[[[-83.8304,16.3749],[-83.8357,16.3749],[-83.8488,16.3671],[-83.8306,16.369],[-83.8304,16.3749]]],[[[-84.8313,15.8769],[-84.8271,15.8741],[-84.8261,15.8781],[-84.8291,15.8783],[-84.8313,15.8769]]],[[[-84.8253,15.8778],[-84.8249,15.8772],[-84.8239,15.8767],[-84.8228,15.877],[-84.8253,15.8778]]],[[[-84.8337,15.9071],[-84.8369,15.9093],[-84.8336,15.905],[-84.8287,15.9085],[-84.8337,15.9071]]],[[[-86.4794,15.945],[-86.4786,15.9453],[-86.4785,15.9459],[-86.4793,15.9453],[-86.4794,15.945]]],[[[-86.4777,15.9479],[-86.4775,15.9489],[-86.4778,15.9493],[-86.4782,15.9488],[-86.4777,15.9479]]],[[[-86.4756,15.9519],[-86.4746,15.9527],[-86.4753,15.9531],[-86.4758,15.9526],[-86.4756,15.9519]]],[[[-86.5198,15.9529],[-86.5179,15.9519],[-86.5174,15.9525],[-86.5183,15.9534],[-86.5198,15.9529]]],[[[-86.4991,15.9657],[-86.5072,15.9588],[-86.5009,15.9525],[-86.4967,15.9567],[-86.4991,15.9657]]],[[[-86.4783,15.9806],[-86.4871,15.9741],[-86.4767,15.964],[-86.4698,15.9758],[-86.4783,15.9806]]],[[[-86.4963,16.3212],[-86.4932,16.3206],[-86.495,16.3223],[-86.4959,16.3249],[-86.4963,16.3212]]],[[[-86.4335,16.363],[-86.2636,16.4122],[-86.2626,16.4119],[-86.2625,16.4125],[-86.2266,16.4229],[-86.2229,16.41],[-86.2026,16.4241],[-86.1907,16.4248],[-86.2276,16.4262],[-86.2269,16.4238],[-86.3156,16.4301],[-86.4337,16.3838],[-86.5616,16.3357],[-86.6032,16.2685],[-86.4641,16.3461],[-86.464,16.3459],[-86.4618,16.3466],[-86.4621,16.3472],[-86.4336,16.3631],[-86.4335,16.363]]],[[[-86.4758,16.3339],[-86.4741,16.3349],[-86.476,16.3359],[-86.4779,16.3355],[-86.4758,16.3339]]],[[[-86.4686,15.9549],[-86.4665,15.9567],[-86.4675,15.9561],[-86.4684,15.9559],[-86.4686,15.9549]]],[[[-86.4658,15.9582],[-86.4637,15.9605],[-86.4645,15.9603],[-86.4659,15.9588],[-86.4658,15.9582]]],[[[-86.4732,15.96],[-86.4716,15.9603],[-86.4718,15.9618],[-86.4728,15.9613],[-86.4732,15.96]]],[[[-86.4629,15.9615],[-86.4618,15.9623],[-86.4618,15.9625],[-86.4626,15.9624],[-86.4629,15.9615]]],[[[-86.4688,16.3398],[-86.4678,16.3424],[-86.4717,16.34],[-86.4702,16.3393],[-86.4688,16.3398]]],[[[-86.4453,16.3503],[-86.4442,16.3505],[-86.4437,16.3518],[-86.4458,16.3522],[-86.4453,16.3503]]],[[[-86.4423,16.3526],[-86.4433,16.3521],[-86.442,16.3515],[-86.4418,16.3527],[-86.4423,16.3526]]],[[[-86.4376,16.3591],[-86.4387,16.3577],[-86.4358,16.3574],[-86.4358,16.36],[-86.4376,16.3591]]],[[[-85.8833,16.4048],[-85.8815,16.4083],[-85.8836,16.4081],[-85.8866,16.4044],[-85.8833,16.4048]]],[[[-85.8512,16.4398],[-85.8489,16.4406],[-85.8477,16.4426],[-85.8482,16.4434],[-85.8512,16.4398]]],[[[-85.8889,16.4423],[-85.8862,16.4399],[-85.8857,16.4413],[-85.8869,16.4434],[-85.8889,16.4423]]],[[[-85.8395,16.4482],[-85.8394,16.4487],[-85.8406,16.4484],[-85.8403,16.4481],[-85.8395,16.4482]]],[[[-85.9513,16.4026],[-85.816,16.4987],[-85.863,16.515],[-85.9322,16.4471],[-85.9513,16.4026]]],[[[-85.8293,16.4587],[-85.829,16.4595],[-85.8313,16.4589],[-85.8306,16.4585],[-85.8293,16.4587]]],[[[-85.8257,16.4677],[-85.8256,16.4683],[-85.8268,16.4688],[-85.8271,16.4673],[-85.8257,16.4677]]],[[[-85.8246,16.47],[-85.8241,16.4708],[-85.8245,16.4719],[-85.8249,16.4709],[-85.8246,16.47]]],[[[-85.8214,16.4811],[-85.8221,16.4805],[-85.821,16.4801],[-85.8207,16.4811],[-85.8214,16.4811]]],[[[-86.2824,16.4026],[-86.2829,16.405],[-86.2894,16.4044],[-86.2849,16.4019],[-86.2824,16.4026]]],[[[-86.2044,16.4119],[-86.2016,16.4144],[-86.2069,16.4173],[-86.2076,16.4138],[-86.2044,16.4119]]],[[[-86.1863,16.4359],[-86.1912,16.431],[-86.1843,16.4276],[-86.1836,16.4348],[-86.1863,16.4359]]],[[[-86.1659,16.4351],[-86.1661,16.4281],[-86.1226,16.446],[-86.1562,16.4428],[-86.1659,16.4351]]],[[[-86.9797,16.0553],[-86.9797,16.0549],[-86.9785,16.0553],[-86.979,16.0558],[-86.9797,16.0553]]],[[[-86.9803,16.0584],[-86.9804,16.0579],[-86.9798,16.0579],[-86.9796,16.0586],[-86.9803,16.0584]]],[[[-86.975,16.0589],[-86.9758,16.0604],[-86.9778,16.0591],[-86.9763,16.0587],[-86.975,16.0589]]],[[[-86.9743,16.0616],[-86.9742,16.0609],[-86.9731,16.0609],[-86.9734,16.0624],[-86.9743,16.0616]]],[[[-86.9672,16.0644],[-86.9689,16.0635],[-86.9681,16.0628],[-86.9673,16.0631],[-86.9672,16.0644]]],[[[-86.9639,16.0647],[-86.966,16.0645],[-86.9657,16.0639],[-86.9643,16.0631],[-86.9639,16.0647]]],[[[-86.9632,16.0659],[-86.9633,16.0655],[-86.9622,16.0652],[-86.9624,16.0661],[-86.9632,16.0659]]],[[[-86.9129,16.0898],[-86.8735,16.1191],[-86.9894,16.0921],[-86.9503,16.0719],[-86.9129,16.0898]]],[[[-87.4959,13.3691],[-87.4955,13.3696],[-87.4949,13.3719],[-87.4975,13.3719],[-87.4959,13.3691]]],[[[-87.6468,13.2483],[-87.6157,13.2569],[-87.6173,13.2896],[-87.6578,13.2928],[-87.6468,13.2483]]],[[[-87.7005,13.3077],[-87.7003,13.3085],[-87.7015,13.3083],[-87.701,13.3075],[-87.7005,13.3077]]],[[[-87.7023,13.3135],[-87.6996,13.315],[-87.7056,13.312],[-87.7046,13.3116],[-87.7023,13.3135]]],[[[-87.6854,13.3133],[-87.6784,13.3036],[-87.6675,13.3171],[-87.6747,13.3309],[-87.6854,13.3133]]],[[[-87.7136,13.3207],[-87.7126,13.3219],[-87.7131,13.3231],[-87.7142,13.3208],[-87.7136,13.3207]]],[[[-87.7201,13.3248],[-87.7199,13.3273],[-87.7226,13.3254],[-87.7213,13.3242],[-87.7201,13.3248]]],[[[-87.7138,13.3282],[-87.7056,13.3283],[-87.7041,13.3296],[-87.7188,13.3354],[-87.7138,13.3282]]],[[[-87.4713,13.3675],[-87.4701,13.3667],[-87.4695,13.3678],[-87.4709,13.3698],[-87.4713,13.3675]]],[[[-87.4727,13.37],[-87.4735,13.372],[-87.4736,13.3719],[-87.4733,13.3706],[-87.4727,13.37]]],[[[-87.4729,13.3812],[-87.473,13.3812],[-87.4731,13.3811],[-87.4729,13.3811],[-87.4729,13.3812]]],[[[-87.4739,13.3908],[-87.4734,13.3932],[-87.4708,13.3935],[-87.4733,13.398],[-87.4703,13.4026],[-87.4788,13.4076],[-87.4818,13.3928],[-87.4777,13.391],[-87.4745,13.396],[-87.4746,13.3909],[-87.476,13.3911],[-87.4778,13.3867],[-87.4748,13.3817],[-87.4687,13.3848],[-87.4624,13.3741],[-87.4432,13.3742],[-87.4312,13.385],[-87.4733,13.3925],[-87.4722,13.3906],[-87.4739,13.3908]]],[[[-87.4668,13.3947],[-87.469,13.396],[-87.4707,13.3957],[-87.4684,13.3917],[-87.4668,13.3947]]],[[[-87.4724,13.4101],[-87.4759,13.4076],[-87.4693,13.4043],[-87.4629,13.4079],[-87.4724,13.4101]]],[[[-87.4157,13.3898],[-87.4118,13.3935],[-87.4206,13.3972],[-87.4248,13.3843],[-87.4232,13.3828],[-87.418,13.3876],[-87.4176,13.387],[-87.4147,13.3883],[-87.4157,13.3898]]]]},"properties":{"iso3":"HND"}},
{"type":"Feature","geometry":{"type":"MultiPolygon","coordinates":[[[[-72.3706,18.5336],[-72.4566,18.5468],[-72.5461,18.55],[-72.6263,18.5511],[-72.7026,18.438],[-72.8337,18.4433],[-73.0507,18.4611],[-73.1071,18.4498],[-73.2401,18.4764],[-73.2738,18.4832],[-73.2895,18.4833],[-73.443,18.5247],[-73.5707,18.5053],[-73.7249,18.5456],[-73.6768,18.5649],[-73.5637,18.5813],[-73.7027,18.577],[-73.7316,18.5497],[-73.8372,18.567],[-73.9611,18.6007],[-74.0783,18.6164],[-74.2149,18.6748],[-74.2629,18.6671],[-74.3882,18.6373],[-74.4584,18.4955],[-74.4727,18.4201],[-74.4491,18.3585],[-74.3676,18.2958],[-74.2521,18.311],[-74.1917,18.2979],[-74.1062,18.2513],[-74.0766,18.2329],[-74.0076,18.1829],[-73.95,18.1318],[-73.943,18.1087],[-73.8874,18.025],[-73.8273,18.0269],[-73.7834,18.0479],[-73.8423,18.1156],[-73.807,18.1588],[-73.7889,18.1696],[-73.7217,18.2071],[-73.6849,18.2386],[-73.6338,18.2283],[-73.6096,18.2567],[-73.6196,18.2169],[-73.5672,18.2161],[-73.5514,18.2593],[-73.4196,18.255],[-73.0035,18.1858],[-72.9025,18.1576],[-72.6363,18.1905],[-72.5543,18.1719],[-72.5495,18.231],[-72.4339,18.2273],[-72.4028,18.2298],[-72.3573,18.2317],[-72.2241,18.2222],[-72.0518,18.2373],[-71.9574,18.1952],[-71.9195,18.1845],[-71.8545,18.1278],[-71.7594,18.0317],[-71.7363,18.0959],[-71.7821,18.1693],[-71.725,18.2923],[-71.6953,18.3407],[-71.8807,18.4474],[-71.9138,18.4854],[-71.8808,18.5038],[-71.9959,18.6173],[-72.0009,18.6277],[-71.8083,18.6495],[-71.8042,18.6854],[-71.7288,18.7723],[-71.7222,18.8787],[-71.7812,18.9544],[-71.8831,18.9427],[-71.8682,18.9819],[-71.7234,19.0537],[-71.6463,19.168],[-71.6398,19.2296],[-71.753,19.2797],[-71.7858,19.3318],[-71.6946,19.3824],[-71.7126,19.542],[-71.7434,19.5886],[-71.7757,19.7065],[-71.7908,19.7089],[-71.8442,19.7121],[-71.822,19.6479],[-71.8927,19.6708],[-71.8485,19.7137],[-71.9205,19.7266],[-72.0278,19.6984],[-72.0591,19.6933],[-72.0408,19.7339],[-72.0781,19.7032],[-72.0556,19.7317],[-72.1328,19.7524],[-72.1586,19.7468],[-72.1886,19.741],[-72.1977,19.7884],[-72.2591,19.7596],[-72.3189,19.7701],[-72.3101,19.7196],[-72.354,19.7828],[-72.4171,19.8091],[-72.4905,19.8213],[-72.5613,19.8798],[-72.6466,19.9063],[-72.7539,19.9425],[-73.0004,19.9172],[-73.1647,19.9302],[-73.2759,19.8642],[-73.4215,19.829],[-73.3599,19.8345],[-73.3735,19.8084],[-73.4526,19.7597],[-73.443,19.6775],[-73.2956,19.629],[-73.2094,19.6619],[-73.1221,19.6319],[-72.994,19.6138],[-72.8051,19.5011],[-72.754,19.4464],[-72.6971,19.4589],[-72.6852,19.4031],[-72.7236,19.427],[-72.7238,19.3684],[-72.7373,19.3636],[-72.7736,19.3458],[-72.7183,19.2883],[-72.7249,19.283],[-72.7735,19.2843],[-72.7795,19.2377],[-72.7007,19.1152],[-72.8216,19.0455],[-72.71,18.9423],[-72.4869,18.7678],[-72.3313,18.683],[-72.3583,18.6299],[-72.3485,18.5651],[-72.3706,18.5336]]],[[[-73.0905,18.9305],[-73.2063,18.9703],[-73.3038,18.9244],[-73.2175,18.8352],[-72.9963,18.7436],[-72.8208,18.6922],[-72.8096,18.7854],[-73.0905,18.9305]]],[[[-73.7032,18.1093],[-73.6747,18.0597],[-73.5714,18.068],[-73.6,18.0996],[-73.7032,18.1093]]],[[[-73.7082,18.5996],[-73.7496,18.643],[-73.7938,18.6263],[-73.792,18.5979],[-73.7082,18.5996]]],[[[-72.7422,20.0645],[-72.8145,20.0892],[-72.9677,20.0649],[-72.6201,19.9968],[-72.7422,20.0645]]]]},"properties":{"iso3":"HTI"}},
{"type":"Feature","geometry":{"type":"MultiPolygon","coordinates":[[[[-11.9706,13.534],[-11.8694,13.4561],[-11.8872,13.3836],[-11.8297,13.3054],[-11.7413,13.4071],[-11.6263,13.3894],[-11.5259,13.2536],[-11.5178,13.1472],[-11.4248,13.0763],[-11.4148,12.9667],[-11.3571,12.9781],[-11.41,12.8447],[-11.3678,12.7341],[-11.4402,12.6952],[-11.4031,12.5887],[-11.4469,12.5457],[-11.3883,12.535],[-11.35,12.4613],[-11.3668,12.3915],[-11.4448,12.3584],[-11.4296,12.2854],[-11.4857,12.1661],[-11.2229,11.9933],[-11.043,12.2163],[-10.8951,12.2056],[-10.7911,12.1101],[-10.7731,11.9355],[-10.6589,11.8935],[-10.5208,12.0417],[-10.514,12.1208],[-10.4471,12.1198],[-10.3398,12.2208],[-10.0918,12.1805],[-10.0964,12.1469],[-9.8722,12.0508],[-9.6975,12.0247],[-9.6357,12.1697],[-9.4738,12.2536],[-9.3422,12.2437],[-9.2988,12.3561],[-9.4086,12.4605],[-9.3191,12.4998],[-9.0448,12.4264],[-8.9621,12.3518],[-8.9329,12.3187],[-8.9929,12.2128],[-8.8927,12.167],[-8.9087,12.0397],[-8.8271,12.0403],[-8.7733,11.971],[-8.8483,11.6484],[-8.7457,11.6042],[-8.7012,11.6404],[-8.6047,11.4675],[-8.5311,11.486],[-8.5017,11.4129],[-8.3504,11.3706],[-8.4078,11.3452],[-8.3573,11.303],[-8.4732,11.2887],[-8.4735,11.226],[-8.5535,11.208],[-8.6736,10.9546],[-8.5133,10.991],[-8.4773,11.0639],[-8.358,11.0666],[-8.2893,11.0147],[-8.2576,10.8923],[-8.3323,10.7782],[-8.2901,10.7522],[-8.3247,10.5864],[-8.2757,10.5789],[-8.2301,10.4165],[-8.0997,10.446],[-8.0697,10.3335],[-7.9817,10.3335],[-7.9456,10.2464],[-7.9794,10.1663],[-7.9436,10.1497],[-7.7978,10.2455],[-7.7173,10.391],[-7.6259,10.4577],[-7.5952,10.4286],[-7.4478,10.4402],[-7.4342,10.3363],[-7.3579,10.3289],[-7.3768,10.2432],[-7.1429,10.2452],[-7.0491,10.1414],[-6.9962,10.1663],[-7.0134,10.2568],[-6.9354,10.3524],[-6.6452,10.3604],[-6.6669,10.6099],[-6.615,10.6684],[-6.4281,10.5576],[-6.4141,10.6963],[-6.3203,10.68],[-6.2481,10.7344],[-6.184,10.6315],[-6.2493,10.5253],[-6.1631,10.4834],[-6.1631,10.3604],[-6.2323,10.3021],[-6.1987,10.2359],[-5.9859,10.1923],[-5.9552,10.2736],[-5.8792,10.2705],[-5.8672,10.3651],[-5.6493,10.4629],[-5.5107,10.4229],[-5.4736124871322955,10.509977967370622],[-5.4558,10.5518],[-5.455895496230206,10.553473992741257],[-5.4545,10.5569],[-5.466725817833988,10.761682448719311],[-5.4026,10.8461],[-5.404067240207557,10.848183978464293],[-5.4911,10.9718],[-5.4902,11.0776],[-5.48833365556381,11.078282837605432],[-5.432479491669896,11.09871814567997],[-5.345002001950348,11.130723448908594],[-5.3314,11.1357],[-5.291319902304609,11.224206462925851],[-5.2527211967315734,11.309441656955297],[-5.1979,11.4305],[-5.198009565719639,11.431389991934944],[-5.198,11.4314],[-5.2153,11.5785],[-5.290934094834123,11.617739478513164],[-5.263706119103988,11.743915807685303],[-5.2595,11.7623],[-5.39278961127561,11.824770711547893],[-5.2623,11.8281],[-5.2534894455690635,11.837160381116123],[-5.2094,11.8825],[-5.113907313437471,11.949134234961647],[-5.0764,11.9805],[-4.74,11.9987],[-4.7145,12.0382],[-4.709890255256385,12.039262076291955],[-4.6440612146669125,12.054428960191338],[-4.6316,12.0573],[-4.6062,12.1372],[-4.545485482735769,12.140682848277173],[-4.5809,12.1955],[-4.578755811450487,12.19715571375644],[-4.5803,12.1995],[-4.471793149913936,12.282691894210542],[-4.471,12.2833],[-4.4737076731462,12.32727634661587],[-4.4739,12.3304],[-4.398401326077071,12.31002118056065],[-4.4408,12.4059],[-4.435933233275258,12.41413964189005],[-4.4382,12.4201],[-4.36842048506602,12.530983857531838],[-4.4837,12.6542],[-4.4809,12.719],[-4.478900217426555,12.71885428954626],[-4.2668,12.7034],[-4.249013706106576,12.728417682375762],[-4.2335,12.7285],[-4.232049150137238,12.752279532147828],[-4.225165382316428,12.865104974941381],[-4.2194,12.9596],[-4.337531173451249,13.13748129512237],[-4.3402,13.1415],[-4.233302422561704,13.180117953651132],[-4.259,13.2317],[-4.2582069579355935,13.232097162651996],[-4.2593,13.234],[-4.1407,13.2915],[-4.105588981188613,13.365536916930248],[-4.093973010475625,13.390030955777757],[-4.091,13.3963],[-3.9841,13.4339],[-3.9648,13.5045],[-3.9640115859119622,13.503780685422551],[-3.8952,13.441],[-3.897225136442811,13.439071298625896],[-3.9017720099255615,13.434740942928038],[-3.953270676478913,13.385694593829607],[-3.9501925023814195,13.37847195003222],[-3.7976,13.3705],[-3.5483,13.1669],[-3.4411676073643855,13.158559758126607],[-3.4404,13.1585],[-3.4371067183602806,13.271149604323345],[-3.2332,13.2839],[-3.23348092954958,13.287170767027378],[-3.233,13.2872],[-3.263501642096392,13.702236721049628],[-3.1869,13.6763],[-3.1061,13.6857],[-3.0385,13.6103],[-3.0009,13.6558],[-2.9516,13.6206],[-2.948134173169965,13.621912258971266],[-2.8758,13.6493],[-2.8763195354653552,13.652135658088326],[-2.9068,13.8185],[-2.876328944550589,13.922946240735687],[-2.8397,14.0485],[-2.810984462634334,14.06780845285708],[-2.663,14.1467],[-2.502641456043369,14.275139638436412],[-2.4737,14.2946],[-2.104,14.1424],[-2.0950385950616823,14.146714750525858],[-2.0967,14.1481],[-2.0506410377358493,14.168091352201257],[-2.0311,14.1775],[-2.0008,14.3336],[-1.9792,14.4999],[-1.7097,14.5601],[-1.3397,14.7394],[-1.2059316271204328,14.76044089520689],[-1.1121,14.7752],[-1.0889083207793846,14.793304795501777],[-1.0494,14.8044],[-0.7964564049913126,15.02161004580635],[-0.7419,15.0642],[-0.7013,15.0798],[-0.445,15.0785],[-0.4392147478089164,15.070818417223819],[-0.39659171433298657,15.014224106551952],[-0.3849,14.9987],[-0.2474,15.0728],[-0.1807,15.0525],[0.0504,14.9725],[0.06432664791062467,14.97314947527522],[0.2282274310746421,14.980793059498584],[0.52,14.9944],[0.696,14.9402],[0.7075009083259605,14.941679621728625],[0.9424,14.9719],[0.9471941513250645,14.97582319650191],[1.3112,15.2737],[1.3115,15.2739],[1.7974109826681128,15.298634504627907],[1.809915858362388,15.299271044893024],[2.6454,15.3418],[3.0086151538239876,15.333114844521672],[3.0066,15.346],[3.013,15.39],[3.025,15.4322],[3.4932,15.3597],[3.5334,15.4833],[3.6745,15.633],[3.7044207735113943,15.645325953655707],[3.7281518317503393,15.655102035278155],[3.8619,15.7102],[3.8693,15.7146],[3.9072729288355394,15.779770493525938],[3.9879,16.0599],[3.995603486874049,16.078259746544525],[4.0993,16.3254],[4.1998,16.3934],[4.205559430125768,16.60883743036574],[4.0707,16.6014],[4.0705,16.6094],[4.0707,16.9104],[4.215626807441212,16.985418073241814],[4.2429,18.0056],[4.2425,19.1404],[3.3566,18.965],[3.1203,19.1296],[3.2979,19.3764],[3.23,19.5822],[3.2528,19.8328],[2.9717,19.9663],[2.7311,20.0107],[2.6833,20.115],[2.5869,20.0458],[2.4644,20.1134],[2.3688,20.0429],[2.3922,20.1475],[2.2665,20.3138],[2.1837,20.3313],[2.1104,20.2523],[2.0311,20.2844],[1.9259,20.2212],[1.8864,20.2937],[1.8,20.2951],[1.7146,20.372],[1.6715,20.4049],[1.6688,20.5284],[1.5937,20.5974],[1.3843,20.6551],[1.3151,20.7395],[1.1704,20.7303],[1.1795,21.1141],[-0.0143,21.9068],[-4.8334,24.9995],[-6.572,24.9959],[-6.4027,23.5535],[-5.6086,16.4952],[-5.3333,16.3288],[-5.5174,15.4999],[-6.3086,15.4962],[-9.1361,15.4972],[-9.3293,15.4967],[-9.3308,15.6988],[-9.4457,15.6],[-9.4015,15.4339],[-10.0051,15.434],[-10.2581,15.4737],[-10.3482,15.4285],[-10.7211,15.4386],[-10.7164,15.3675],[-10.8249,15.2825],[-10.8984,15.1046],[-10.9907,15.2274],[-11.2528,15.4161],[-11.4107,15.6327],[-11.5178,15.6357],[-11.4936,15.6074],[-11.5827,15.5444],[-11.7113,15.5383],[-11.7479,15.4498],[-11.8473,15.0935],[-11.842,15.0333],[-11.7917,15.025],[-11.8006,14.8935],[-11.9445,14.7734],[-12.0419,14.7651],[-12.0528,14.7192],[-12.1224,14.77],[-12.2392,14.7614],[-12.144,14.6437],[-12.2163,14.5434],[-12.1998,14.4029],[-12.0935,14.3647],[-12.1008,14.3075],[-12.0268,14.2836],[-11.9742,14.1807],[-12.0103,13.9837],[-11.9346,13.9143],[-11.9505,13.8053],[-12.0733,13.7154],[-12.04,13.6543],[-11.9706,13.534]]],[[[-3.442481665409354,13.154104297228619],[-3.4413,13.154],[-3.441219592601839,13.156769325389606],[-3.442481665409354,13.154104297228619]]]]},"properties":{"iso3":"MLI"}},
{"type":"Feature","geometry":{"type":"MultiPolygon","coordinates":[[[[40.5349,-13.479],[40.5859,-13.3636],[40.56,-13.2035],[40.5603,-13.0511],[40.5858,-12.9665],[40.5054,-12.951],[40.4911,-13.0527],[40.4393,-13.0152],[40.4116,-12.9067],[40.491,-12.879],[40.5117,-12.9298],[40.5486,-12.7695],[40.5822,-12.8161],[40.6277,-12.7733],[40.6047,-12.7086],[40.5806,-12.753],[40.5664,-12.7174],[40.5691,-12.6574],[40.6169,-12.6453],[40.5638,-12.6312],[40.5697,-12.5311],[40.4811,-12.5465],[40.4819,-12.4673],[40.568429667123205,-12.39935388554755],[40.5732,-12.4076],[40.6025,-12.3932],[40.6211,-12.3357],[40.5463,-12.3611],[40.567032749987916,-12.39693914031368],[40.4758,-12.3935],[40.5153,-12.326],[40.4587,-12.2418],[40.5055,-12.2442],[40.5004,-12.0464],[40.5535,-11.9992],[40.4954,-11.9563],[40.5177,-11.8524],[40.4171,-11.6809],[40.4617,-11.6157],[40.4355,-11.5359],[40.4762,-11.4082],[40.4291,-11.4166],[40.3241,-11.2987],[40.3796,-11.3322],[40.4342,-11.2314],[40.5098,-11.1971],[40.4914,-11.1494],[40.5656,-11.043],[40.4818,-11.0006],[40.4963,-10.9426],[40.6087,-10.8493],[40.4808,-10.7982],[40.4983,-10.7261],[40.6405,-10.6912],[40.5747,-10.6592],[40.5827,-10.6004],[40.4836,-10.5909],[40.4767,-10.5566],[40.5494,-10.5391],[40.5289,-10.4855],[40.4785,-10.5132],[40.5001,-10.4891],[40.4501,-10.4737],[39.9982,-10.8131],[39.502,-11.0122],[39.2477,-11.1797],[38.8816,-11.1745],[38.753,-11.2727],[38.6848710677003,-11.281870018891286],[38.6423,-11.2876],[38.58202556182113,-11.339540673414582],[38.4868,-11.4216],[38.46920827846269,-11.410966138147081],[38.32451801059998,-11.32350361683273],[38.2639,-11.2819],[38.1131,-11.2563],[37.9281,-11.2554],[37.8302,-11.3066],[37.7471,-11.5469],[37.72366003284099,-11.557430173696359],[37.5826,-11.6208],[37.51242667883284,-11.613379372934046],[37.5014,-11.6163],[37.4147,-11.6863],[37.021,-11.5862],[36.9261,-11.608],[36.8046,-11.5693],[36.8010428313707,-11.573386137732069],[36.767,-11.6447],[36.706083360178155,-11.682466566211387],[36.66850069236617,-11.705766740293098],[36.6278,-11.731],[36.57378552396103,-11.699816384967189],[36.5192,-11.7616],[36.518376218642324,-11.759192256693556],[36.5158,-11.7623],[36.49140559405984,-11.682214489025911],[36.289,-11.7212],[36.24148398145296,-11.702489028965932],[36.2244,-11.7042],[36.211144493676905,-11.690541873157745],[36.19166514891598,-11.670470866055947],[36.1816,-11.6601],[36.18198204833142,-11.548828423475255],[36.1551,-11.5709],[36.1527349183615,-11.567210472643945],[36.1525,-11.5674],[36.14671799761621,-11.557824076281287],[36.1176,-11.5096],[36.0651,-11.5379],[35.99265451356208,-11.468552511337384],[35.94446874812398,-11.422427321394997],[35.9435,-11.4215],[35.8666,-11.4098],[35.8665,-11.4098],[35.8583964115558,-11.413842290404533],[35.77776019464061,-11.45406582941305],[35.7386,-11.4736],[35.61429758723196,-11.563537606710527],[35.612,-11.5652],[35.48726094583083,-11.56801150582074],[35.4166,-11.5705],[34.9575,-11.5744],[34.6362,-11.5996],[34.6343,-11.7758],[34.3521,-12.1856],[34.3678,-12.3429],[34.5223,-12.7541],[34.5283,-13.3543],[34.6045,-13.4841],[34.8705,-13.4818],[35.1619,-13.7945],[35.3861,-14.0594],[35.8722,-14.6735],[35.8731,-14.8954],[35.9183,-14.8964],[35.7904,-15.1713],[35.8513,-15.4415],[35.8205,-15.8431],[35.8122,-16.0358],[35.5207,-16.1694],[35.4864,-16.1223],[35.4062,-16.1243],[35.2951,-16.2326],[35.2979,-16.3595],[35.2579,-16.4814],[35.1453,-16.5614],[35.2889,-16.7125],[35.3142,-16.8332],[35.2622,-16.9408],[35.3051,-16.9846],[35.2961,-17.1295],[35.0925,-17.1277],[35.0541,-17.0098],[35.1666,-16.9397],[35.1565,-16.8402],[35.0429,-16.8291],[34.984,-16.7555],[34.9194,-16.7473],[34.7526,-16.5182],[34.5934,-16.4164],[34.5688,-16.3152],[34.4263,-16.2585],[34.3994,-16.1423],[34.4334,-16.0628],[34.2494,-15.8796],[34.3004,-15.7608],[34.3658,-15.7431],[34.4598,-15.6131],[34.4412,-15.4622],[34.6016,-15.2829],[34.5895,-15.0946],[34.6235,-15.0034],[34.5199,-14.6846],[34.5383,-14.5911],[34.3692,-14.386],[34.0865,-14.4903],[33.9142,-14.474],[33.7988,-14.5525],[33.7345,-14.5001],[33.6841,-14.6124],[33.6402,-14.596],[33.5985,-14.4852],[33.476,-14.4036],[33.2999,-14.1474],[33.3182,-14.0782],[33.2449,-14.0001],[32.1696,-14.3493],[31.366,-14.6435],[30.7846,-14.7913],[30.2169,-15.0018],[30.2578,-15.2212],[30.3816,-15.3496],[30.4009,-15.4756],[30.3603,-15.5518],[30.4197,-15.6223],[30.4211,-16.0004],[30.9175,-16.0011],[30.9928,-16.0614],[31.1457,-15.9883],[31.2805,-16.0063],[31.4262,-16.16],[31.736,-16.2087],[31.9496,-16.4183],[32.2771,-16.4328],[32.7125,-16.6062],[32.7034,-16.6778],[32.7592,-16.7053],[32.99,-16.6999],[32.9119,-16.8958],[32.8312,-16.923],[33.0529,-17.3439],[32.9657,-17.482],[32.9831,-17.5579],[33.0542,-17.6051],[33.0183,-17.8042],[32.9607,-17.816],[32.9838,-17.9191],[32.9368,-18.0322],[33.0681,-18.3494],[33.0228,-18.471],[32.8751,-18.5203],[32.9608,-18.6885],[32.9371,-18.7686],[32.7021,-18.8399],[32.7428,-18.9281],[32.6979,-18.9391],[32.717,-19.0253],[32.8435,-19.0104],[32.8652,-19.1741],[32.7764,-19.4586],[32.8477,-19.482],[32.8353,-19.6748],[32.9752,-19.6535],[32.9556,-19.7197],[33.0638,-19.778],[33.0291,-20.0352],[32.9166,-20.0462],[32.9384,-20.1022],[32.8729,-20.1039],[32.8735,-20.2765],[32.6671,-20.5556],[32.5001,-20.607],[32.5216,-20.9119],[32.3636,-21.1413],[32.4925,-21.3339],[32.4144,-21.3165],[31.8761,-21.8731],[31.3058,-22.4182],[31.5586,-23.2258],[31.5611,-23.4821],[31.6892,-23.6244],[31.7678,-23.885],[31.8801,-23.953],[31.9521,-24.2513],[32.0095,-24.4569],[32.0054,-24.7893],[32.0336,-25.1309],[31.978,-25.4728],[31.9971,-25.6747],[31.9309,-25.8402],[32.0024,-25.9981],[32.0862,-26.0082],[32.106,-26.464],[32.1625,-26.8584],[32.8591,-26.8631],[32.8968,-26.8451],[32.9015,-26.7289],[32.9628,-26.082],[32.87,-26.198],[32.8666,-26.2588],[32.8867,-26.2832],[32.8335,-26.2888],[32.6817,-26.1844],[32.608,-26.0349],[32.5393,-25.9753],[32.4951,-26.0087],[32.4795,-26.0072],[32.473,-25.992],[32.5011,-25.9604],[32.5944,-25.9828],[32.6924,-25.8789],[32.6971,-25.8533],[32.7321,-25.8084],[32.7523,-25.8733],[32.7867,-25.6511],[32.9752,-25.4761],[33.1335,-25.3816],[33.3536,-25.2709],[33.716,-25.1237],[33.7549,-25.1112],[33.9715,-25.0378],[34.1081,-24.9912],[34.473,-24.8626],[34.6378,-24.8059],[35.1061,-24.6112],[35.3872,-24.2793],[35.4997,-24.1097],[35.5219,-23.9417],[35.5396,-23.7935],[35.4812,-23.7792],[35.4796,-23.8817],[35.3903,-23.8373],[35.3762,-23.9444],[35.3763,-23.9449],[35.3298,-24.0036],[35.3784,-23.6971],[35.3326,-23.7153],[35.3904,-23.6642],[35.3966,-23.6706],[35.4011,-23.732],[35.395,-23.7337],[35.409,-23.7311],[35.4318,-23.4823],[35.4873,-23.1735],[35.5743,-23.0017],[35.6043,-22.9253],[35.5471,-22.8842],[35.5498,-22.8988],[35.5789,-22.9366],[35.546,-22.9248],[35.5057,-22.6192],[35.5211,-22.5151],[35.5435,-22.1227],[35.522,-22.2258],[35.4634,-22.0962],[35.4197,-22.1996],[35.3367,-22.2235],[35.2853,-21.8002],[35.2765,-21.6422],[35.1144,-21.3437],[35.116,-21.2549],[35.0783,-21.317],[35.0451,-21.2257],[35.0936,-21.2472],[35.1042,-21.211],[35.0081,-21.1136],[35.0144,-21.0694],[35.0866,-21.0871],[35.0741,-21.0268],[35.1312,-20.9574],[35.057802110517464,-20.970678924243433],[35.1298,-20.945],[35.111,-20.907],[35.0464,-20.9379],[35.055395543141216,-20.971114313136784],[35.0505,-20.972],[35.03,-20.818],[35.009,-20.8507],[35.0032,-20.7998],[34.9657,-20.8119],[35.0256,-20.7904],[34.961,-20.7578],[35.0068,-20.7526],[34.9949,-20.7126],[34.8949,-20.6949],[34.8732,-20.7532],[34.9034,-20.651],[34.8556,-20.7083],[34.7956,-20.6896],[34.8491,-20.6329],[34.7396,-20.5126],[34.6839,-20.5216],[34.6855,-20.6093],[34.6624,-20.5595],[34.6636,-20.5154],[34.7181,-20.4731],[34.6442,-20.4046],[34.6616,-20.3887],[34.6658,-20.4025],[34.7059,-20.3754],[34.6528,-20.3264],[34.7111,-20.3027],[34.7422,-20.217],[34.6881,-20.1824],[34.7076,-20.1858],[34.707,-20.1806],[34.697,-20.173],[34.6868,-20.1815],[34.6794,-20.1768],[34.7796,-20.148],[34.7522,-20.0108],[34.7754,-19.8379],[34.6635,-19.7297],[34.6644,-19.728],[34.6643,-19.7285],[34.6793,-19.7389],[34.6766,-19.7286],[34.6822,-19.722],[34.6813,-19.7136],[34.6792,-19.7099],[34.6762,-19.7272],[34.673,-19.7153],[34.6713,-19.7152],[34.6813,-19.6968],[34.6996,-19.7099],[34.8855,-19.8525],[35.14,-19.6713],[35.3214,-19.5297],[35.6825,-19.1082],[35.9086,-18.9709],[35.892,-18.9441],[35.9507,-18.9551],[36.0263,-18.8574],[36.027,-18.8668],[36.0153,-18.9091],[35.9832,-18.9355],[36.1102,-18.9155],[36.1591,-18.7947],[36.146,-18.9028],[36.2788,-18.8825],[36.2372,-18.7809],[36.3067,-18.8668],[36.3562,-18.8229],[36.3289,-18.8091],[36.3422,-18.8089],[36.3296,-18.8063],[36.3105,-18.7989],[36.3173,-18.8032],[36.2632,-18.7758],[36.385,-18.7876],[36.3802,-18.6845],[36.4732,-18.5993],[36.413,-18.5755],[36.4247,-18.5406],[36.4943,-18.568],[36.8286,-18.2174],[36.7493,-18.2504],[36.7131,-18.1715],[36.7545,-18.2473],[36.855,-18.1706],[36.9665,-18.045],[36.9237,-18.0262],[36.9459,-17.9952],[36.9157,-17.9763],[36.909,-18.0055],[36.9204,-18.0247],[36.9069,-18.0188],[36.8849,-17.8936],[36.8119,-17.9104],[36.8487,-17.8913],[36.85365672829554,-17.891179556134876],[36.8508,-17.895],[36.8647,-17.8934],[36.86800305953693,-17.890830953693495],[36.9022,-17.89],[36.92,-17.954],[36.9869,-18.0188],[37.1937,-17.7698],[37.1689,-17.702],[37.2161,-17.7616],[37.3586,-17.6499],[37.7582,-17.4478],[37.7006,-17.4783],[38.0474,-17.3306],[37.9999,-17.2832],[38.0551,-17.3263],[38.111,-17.3014],[38.0547,-17.2722],[38.1165,-17.2636],[38.0717,-17.2],[38.0792,-17.2029],[38.0789,-17.2039],[38.0851,-17.2178],[38.0917,-17.2114],[38.0828,-17.2044],[38.1107,-17.2155],[38.1231,-17.1665],[38.1471,-17.2981],[38.5016,-17.1418],[38.4476,-17.1485],[38.5062,-17.0985],[38.5607,-17.1275],[38.5758,-17.0698],[38.586,-17.1152],[38.6797,-17.089],[38.6456,-17.0929],[38.6789,-17.0231],[38.6868,-17.0336],[38.6706,-17.0438],[38.7103,-17.0836],[39.0708,-17.0138],[39.1251,-16.9359],[39.0823,-16.9454],[39.0837,-16.9387],[39.072,-16.9375],[39.1336,-16.9061],[39.1292,-16.8586],[39.1433,-16.9028],[39.2736,-16.7876],[39.2138,-16.7697],[39.2378,-16.6991],[39.3013,-16.7802],[39.5276,-16.6521],[39.7933,-16.4719],[39.8656,-16.4369],[39.8034,-16.4183],[39.7737,-16.3236],[39.8101,-16.2887],[39.7551,-16.259],[39.8549,-16.2653],[39.8964,-16.1748],[39.904,-16.2467],[39.9782,-16.232],[40.1036,-16.0781],[40.1379,-15.9732],[40.0653,-16.0168],[40.1436,-15.9226],[40.1242,-15.9548],[40.1621,-15.9425],[40.3259,-15.768],[40.3268,-15.7672],[40.5787,-15.4468],[40.6797,-15.2627],[40.6651,-15.188],[40.619,-15.1463],[40.5663,-15.2026],[40.4994,-15.1814],[40.5273,-15.1283],[40.5955,-15.1245],[40.7131,-15.0831],[40.6579,-14.9911],[40.6193,-14.9969],[40.6391,-14.9595],[40.7768,-15.0005],[40.7395,-14.9367],[40.6512,-14.9198],[40.6389,-14.8443],[40.6505,-14.8407],[40.6545,-14.9085],[40.8332,-14.8382],[40.8344,-14.801],[40.8361,-14.8],[40.8365,-14.7949],[40.8346,-14.7946],[40.8381,-14.6837],[40.7995,-14.6288],[40.84,-14.5432],[40.7614,-14.5516],[40.8266,-14.5193],[40.8057,-14.4106],[40.6749,-14.4601],[40.6712,-14.5593],[40.6169,-14.6081],[40.6609,-14.4811],[40.6245,-14.4647],[40.6695,-14.4699],[40.6346,-14.3565],[40.6249,-14.3269],[40.6785,-14.3842],[40.7399,-14.2757],[40.6991,-14.1876],[40.6223,-14.2174],[40.6117,-14.2872],[40.596,-14.2757],[40.5862,-14.2066],[40.5463,-14.231],[40.5247,-14.1712],[40.6112,-14.1426],[40.589,-14.0935],[40.6392,-14.0258],[40.5771,-13.9986],[40.6236,-13.9853],[40.618,-13.9314],[40.5372,-13.6377],[40.6014,-13.5564],[40.4818,-13.5239],[40.5349,-13.479]]],[[[40.6039,-12.4979],[40.6071,-12.4937],[40.6045,-12.4911],[40.6012,-12.4901],[40.6039,-12.4979]]],[[[40.6303,-12.4868],[40.6345,-12.487],[40.636,-12.4753],[40.6323,-12.473],[40.6303,-12.4868]]],[[[40.5966,-12.4045],[40.5976,-12.4553],[40.6111,-12.4627],[40.6176,-12.4209],[40.5966,-12.4045]]],[[[40.5604,-12.1952],[40.5908,-12.2529],[40.6176,-12.2318],[40.5934,-12.1838],[40.5604,-12.1952]]],[[[40.4926,-12.3826],[40.4952,-12.378],[40.4944,-12.378],[40.494,-12.3781],[40.4926,-12.3826]]],[[[40.4977,-12.3717],[40.4971,-12.3645],[40.494,-12.3663],[40.4924,-12.3731],[40.4977,-12.3717]]],[[[40.5452,-12.0474],[40.5481,-12.044],[40.5447,-12.0426],[40.5423,-12.0461],[40.5452,-12.0474]]],[[[40.5396,-12.0194],[40.5407,-12.0182],[40.5355,-12.0166],[40.5367,-12.0185],[40.5396,-12.0194]]],[[[40.5697,-11.974],[40.5799,-12.0025],[40.595,-11.9843],[40.5882,-11.9753],[40.5697,-11.974]]],[[[40.5674,-11.825],[40.5688,-11.8242],[40.5665,-11.8227],[40.5653,-11.8238],[40.5674,-11.825]]],[[[40.6103,-11.8155],[40.5975,-11.8173],[40.6035,-11.8186],[40.6079,-11.8176],[40.6103,-11.8155]]],[[[40.4908,-13.0408],[40.4913,-13.0368],[40.4861,-13.0362],[40.4883,-13.0437],[40.4908,-13.0408]]],[[[40.5208,-11.4195],[40.5266,-11.4256],[40.5327,-11.4269],[40.5311,-11.4221],[40.5208,-11.4195]]],[[[40.6245,-11.3695],[40.6265,-11.372],[40.6477,-11.3703],[40.654,-11.3676],[40.6245,-11.3695]]],[[[40.5378,-11.3621],[40.5252,-11.3559],[40.5256,-11.3571],[40.5315,-11.3617],[40.5378,-11.3621]]],[[[40.5783,-11.311],[40.5777,-11.3115],[40.5838,-11.3141],[40.5841,-11.3112],[40.5783,-11.311]]],[[[40.6166,-11.1897],[40.5845,-11.176],[40.6159,-11.1968],[40.6379,-11.1919],[40.6166,-11.1897]]],[[[40.676,-11.1465],[40.6533,-11.1858],[40.6985,-11.1647],[40.6948,-11.1474],[40.676,-11.1465]]],[[[40.6435,-11.0432],[40.7034,-11.0247],[40.7156,-11.0144],[40.7154,-11.0024],[40.5998,-11.0253],[40.6435,-11.0432]]],[[[40.6219,-10.9091],[40.6259,-10.9249],[40.6306,-10.9193],[40.6299,-10.9137],[40.6219,-10.9091]]],[[[40.6528,-10.8234],[40.6447,-10.8805],[40.6841,-10.8546],[40.6661,-10.8351],[40.6528,-10.8234]]],[[[40.6308,-10.7733],[40.6535,-10.8026],[40.6619,-10.7777],[40.6528,-10.7702],[40.6308,-10.7733]]],[[[40.5012,-10.5727],[40.4879,-10.5846],[40.5209,-10.5764],[40.5147,-10.5704],[40.5012,-10.5727]]],[[[40.5191,-10.5653],[40.5028,-10.5563],[40.4981,-10.57],[40.5252,-10.5689],[40.5191,-10.5653]]],[[[40.6109,-12.6877],[40.6149,-12.6838],[40.6149,-12.681],[40.6082,-12.6791],[40.6109,-12.6877]]],[[[40.5997,-12.6002],[40.6205,-12.6112],[40.6259,-12.602],[40.6179,-12.595],[40.5997,-12.6002]]],[[[40.6121,-12.5432],[40.6044,-12.5302],[40.5806,-12.5489],[40.6025,-12.5624],[40.6121,-12.5432]]],[[[40.5331,-12.379],[40.5295,-12.3808],[40.5309,-12.3829],[40.5364,-12.3814],[40.5331,-12.379]]],[[[40.5016,-12.3778],[40.5027,-12.3744],[40.4965,-12.3811],[40.4995,-12.3798],[40.5016,-12.3778]]],[[[35.1215,-21.179],[35.127,-21.1979],[35.1281,-21.1776],[35.1202,-21.1635],[35.1215,-21.179]]],[[[35.4937,-21.5348],[35.482,-21.5142],[35.4586,-21.5075],[35.4248,-21.7271],[35.455,-21.7958],[35.4975,-21.6432],[35.4937,-21.5348]]],[[[35.3342,-21.6119],[35.34,-21.6181],[35.3407,-21.6273],[35.3425,-21.6171],[35.3342,-21.6119]]],[[[35.5241,-22.1717],[35.5196,-22.174],[35.5187,-22.1822],[35.5252,-22.1816],[35.5241,-22.1717]]],[[[35.5308,-22.1608],[35.5313,-22.1418],[35.5332,-22.1365],[35.5199,-22.1395],[35.5308,-22.1608]]],[[[35.4212,-21.9698],[35.4199,-21.9813],[35.4358,-21.9805],[35.4329,-21.9611],[35.4212,-21.9698]]],[[[35.4116,-21.8648],[35.4445,-21.9143],[35.4503,-21.9016],[35.4683,-21.8141],[35.4116,-21.8648]]],[[[32.7084,-25.8402],[32.7178,-25.8589],[32.7277,-25.832],[32.7242,-25.8193],[32.7084,-25.8402]]],[[[32.9406,-26.0335],[32.957,-26.0782],[32.9945,-25.9728],[32.9156,-26.002],[32.9054,-26.069],[32.9142,-26.023],[32.9406,-26.0335]]],[[[32.9036,-25.9741],[32.9145,-25.9825],[32.922,-25.9691],[32.9068,-25.9697],[32.9036,-25.9741]]],[[[32.7029,-25.8981],[32.6985,-25.8855],[32.6776,-25.9271],[32.6892,-25.9325],[32.7029,-25.8981]]],[[[39.8551,-16.312],[39.8818,-16.2903],[39.7986,-16.3441],[39.8564,-16.4259],[39.9107,-16.4113],[39.9522,-16.3077],[39.9122,-16.3541],[39.9108,-16.278],[39.8544,-16.3221],[39.8551,-16.312]]],[[[39.8039,-16.3085],[39.7863,-16.3154],[39.7931,-16.349],[39.8038,-16.3257],[39.8039,-16.3085]]],[[[40.771,-15.0913],[40.7762,-15.0844],[40.7768,-15.0805],[40.7664,-15.0788],[40.771,-15.0913]]],[[[40.7815,-15.0582],[40.7862,-15.0583],[40.7895,-15.0531],[40.7826,-15.0501],[40.7815,-15.0582]]],[[[40.7262,-15.0478],[40.7325,-15.0451],[40.7434,-15.0328],[40.7345,-15.0319],[40.7262,-15.0478]]],[[[40.8165,-14.8769],[40.8248,-14.8698],[40.829,-14.86],[40.8117,-14.8507],[40.8165,-14.8769]]],[[[36.2244,-11.7042],[36.2242,-11.7025],[36.2241,-11.7026],[36.2244,-11.7042]]],[[[34.6599,-20.3951],[34.6616,-20.3941],[34.662,-20.3904],[34.6601,-20.3925],[34.6599,-20.3951]]],[[[34.6753,-20.3402],[34.6761,-20.3423],[34.6775,-20.341],[34.6757,-20.3394],[34.6753,-20.3402]]],[[[34.7663,-19.7689],[34.7562,-19.7631],[34.7558,-19.7692],[34.7699,-19.7861],[34.7663,-19.7689]]],[[[34.6977,-19.7571],[34.7004,-19.7554],[34.6788,-19.7405],[34.6889,-19.7531],[34.6977,-19.7571]]],[[[34.7519,-19.7517],[34.7261,-19.7349],[34.7118,-19.7399],[34.7519,-19.7517]]],[[[34.7901,-19.7816],[34.7753,-19.769],[34.7878,-19.7843],[34.7901,-19.7816]]],[[[34.9483,-20.6808],[34.9445,-20.677],[34.9322,-20.6841],[34.9466,-20.6824],[34.9483,-20.6808]]],[[[34.9109,-20.6759],[34.9659,-20.6685],[34.9299,-20.6296],[34.9133,-20.63],[34.9109,-20.6759]]],[[[34.6725,-20.5593],[34.6765,-20.5405],[34.6694,-20.551],[34.6692,-20.559],[34.6725,-20.5593]]],[[[36.7861,-18.2264],[36.7797,-18.2337],[36.7886,-18.2322],[36.7993,-18.2235],[36.7861,-18.2264]]],[[[36.9092,-17.9732],[36.9163,-17.9735],[36.9175,-17.9717],[36.9072,-17.9675],[36.9092,-17.9732]]],[[[36.9131,-17.9654],[36.9057,-17.9365],[36.901,-17.9522],[36.9102,-17.9645],[36.9131,-17.9654]]],[[[36.899,-17.8942],[36.888,-17.9008],[36.9023,-17.9309],[36.907,-17.9116],[36.899,-17.8942]]],[[[37.4309,-17.6159],[37.4342,-17.6199],[37.4381,-17.619],[37.4447,-17.6163],[37.4309,-17.6159]]]]},"properties":{"iso3":"MOZ"}},
{"type":"Feature","geometry":{"type":"Polygon","coordinates":[[[5.7103,19.4229],[4.2429,19.1368],[4.248,18.6836],[4.2502,18.6757],[4.2494,17.0029],[4.215626807441212,16.985418073241814],[4.0707,16.9104],[4.0705,16.6094],[4.0707,16.6014],[4.205559430125768,16.60883743036574],[4.1998,16.3934],[4.0993,16.3254],[3.995603486874049,16.078259746544525],[4.0085,15.9535],[3.9072729288355394,15.779770493525938],[3.8693,15.7146],[3.8619,15.7102],[3.7281518317503393,15.655102035278155],[3.7044207735113943,15.645325953655707],[3.6745,15.633],[3.5334,15.4833],[3.4932,15.3597],[3.025,15.4322],[3.013,15.39],[3.0066,15.346],[3.0086151538239876,15.333114844521672],[2.6454,15.3418],[1.809915858362388,15.299271044893024],[1.7974109826681128,15.298634504627907],[1.3115,15.2739],[1.3112,15.2737],[0.9471941513250645,14.97582319650191],[0.9424,14.9719],[0.7075009083259605,14.941679621728625],[0.696,14.9402],[0.52,14.9944],[0.2282274310746421,14.980793059498584],[0.22030117941748192,14.920584528995334],[0.2434,14.9128],[0.21560018331398864,14.884875333837854],[0.2045925828308083,14.801260596617084],[0.236,14.7514],[0.18585458304894553,14.658925041270818],[0.1763729012400078,14.58690132147133],[0.18648406544150598,14.498945065137868],[0.2889,14.364],[0.3402,14.3576],[0.3913,14.2658],[0.36,14.1335],[0.3628,14.1272],[0.455983628470057,13.949520047033348],[0.4765,13.9104],[0.5060855716794748,13.884967510654961],[0.5347,13.8481],[0.6191031601031514,13.780139013942916],[0.6052,13.7098],[0.639306860900028,13.7063750432569],[0.7725,13.693],[0.7735050115995477,13.687383101838083],[0.7815,13.6427],[0.7927364021228231,13.640274275472244],[0.8621,13.6253],[0.9072,13.6187],[0.9617507044202749,13.585406402059286],[0.9942,13.5764],[0.996436955496147,13.5642365544897],[1.006,13.5584],[1.027652200489726,13.480835788119084],[1.2081959829336075,13.392238639149713],[1.2797922148284868,13.357104657037603],[1.283403898564174,13.355332317510705],[1.2851,13.3545],[1.283374769576581,13.355106416143382],[1.2804198038064896,13.35614508258573],[1.283,13.3522],[1.2040390199637019,13.36799219600726],[1.1751,13.3215],[0.9933010493679558,13.374293145052537],[0.9919,13.3747],[0.9919,13.1079],[0.9922,13.1031],[1.3467,12.9018],[1.409,12.8664],[1.4548680738482773,12.840346534767354],[1.740131456888002,12.678314449950449],[1.7579,12.6708],[1.8638,12.6164],[1.954098184052813,12.706624471249505],[1.9797,12.7369],[1.9838751103906442,12.736377089892366],[2.002172242273853,12.734085472591925],[2.0308,12.7305],[2.1474822560429723,12.690924082363473],[2.158234152277116,12.687277288290154],[2.162,12.686],[2.2743,12.4646],[2.26854444132577,12.441025231670354],[2.2650583349921396,12.426746140127802],[2.2618,12.4134],[2.220180516745822,12.418627091498747],[2.1486820456847604,12.405691980432033],[2.0665,12.3533],[2.40426478328086,11.90307906270806],[2.4054,11.9016],[2.3978,11.9458],[2.4662,11.9882],[2.3874,12.2422],[2.5143,12.2944],[2.6863,12.2807],[2.7923,12.4165],[2.805,12.4175],[2.984,12.284],[2.9957,12.2754],[3.1698,12.1046],[3.2618,12.0162],[3.3075,11.8876],[3.485,11.8543],[3.5948675158327488,11.710281997995905],[3.625,11.7279],[3.6289183759241554,11.716851283661748],[3.6791,11.7585],[3.6649444727940628,11.782009179458624],[3.63374265189289,11.833828457987073],[3.6226584316570394,11.852236880286895],[3.6225,11.8525],[3.6679615765742097,11.98292906466924],[3.6683,11.9839],[3.6466720665299612,12.060722419685577],[3.6345,12.1052],[3.6365073786072233,12.19405853600697],[3.6405242504488493,12.37186921401769],[3.6434303460630653,12.500510318812921],[3.643899106780106,12.521260460766188],[3.6439,12.5213],[3.6464210263625096,12.523352215857702],[3.8389,12.683],[4.0043,12.8654],[4.081723821981328,12.975153725954009],[4.113936080056289,13.169501016339614],[4.1292,13.3213],[4.1277,13.4504],[4.129310091236057,13.451608404279806],[4.159712992262175,13.474426363222577],[4.4648,13.7034],[4.6019,13.7312],[4.680937047238673,13.746284079327916],[4.8245,13.7753],[4.82412764968534,13.773611750107358],[4.830272242189657,13.774784434614322],[5.1559,13.7457],[5.166012483092654,13.746795443557932],[5.1759,13.7456],[5.2705,13.7461],[5.302433308857687,13.7833996163817],[5.398941040643178,13.85432485985111],[5.440046905876337,13.863235154183553],[5.5423,13.8854],[5.541703154461879,13.8890585264665],[5.7379099133535005,13.814070127678134],[5.7384,13.801],[6.028870641637516,13.689193538912274],[6.143167973531792,13.64519879948241],[6.1478684707255695,13.643389508348454],[6.1494,13.6428],[6.154621398744936,13.643955217281583],[6.2633,13.668],[6.2829,13.6668],[6.303755202291063,13.656448512731444],[6.384078544721669,13.616579992400924],[6.5319230870027205,13.48386456162184],[6.651605148645886,13.352238586519697],[6.725275166658097,13.271216520025211],[6.7926,13.1611],[6.9275,12.9905],[6.927557742367508,12.990504131317476],[6.928,12.9899],[6.941095069298614,12.991472692146157],[7.0477,12.9991],[7.056522702458764,13.005335324559999],[7.0912,13.0095],[7.2123,13.096],[7.36358608246417,13.100659900575105],[7.4111,13.094],[7.6353,13.2221],[7.818,13.3304],[8.022473389447914,13.308798375792197],[8.06351745216342,13.300706043785555],[8.073982038323114,13.298642824408288],[8.0813,13.2972],[8.2051,13.2228],[8.2561,13.2075],[8.3075,13.1611],[8.3162,13.146],[8.388464478300392,13.07969697765598],[8.401704193510138,13.067549472352871],[8.4156,13.0548],[8.557477101979256,13.039120347068602],[8.7097,12.9138],[8.734600942654538,12.908116411777897],[8.9698,12.8331],[9.045438995464755,12.83275391410311],[9.106547392037092,12.832474312898661],[9.3408,12.8144],[9.480000879379995,12.81207486712665],[9.4891,12.8107],[9.6503,12.8036],[9.655743920054647,12.809139354628776],[9.6581,12.8091],[9.738195965071645,12.89303682421543],[9.9127,13.0706],[10.119200609920245,13.211125045596676],[10.2813,13.2705],[10.438476660050853,13.30565940421095],[10.6005,13.3336],[10.653357344429972,13.353726826160027],[10.6546,13.3542],[10.655599679134111,13.354228421958116],[11.280398202333464,13.371992119179174],[11.315795954429106,13.372998515524852],[11.3264,13.3733],[11.3671,13.3721],[11.373316117233273,13.370592516497052],[11.881759226612472,13.247288921855334],[11.89337415373518,13.240624399874472],[12.1141,13.0903],[12.135318907674945,13.101799066426327],[12.1785,13.1252],[12.2869,13.092],[12.2942,13.0954],[12.403889786443825,13.075565682451254],[12.4767,13.0624],[12.477906268404142,13.0647214071873],[12.544011897394908,13.191938601746067],[12.5773,13.256],[12.607744587998852,13.270187769164513],[12.6906,13.3088],[12.80239949036151,13.379527053476927],[12.817925039831751,13.389348890446753],[12.8316,13.398],[12.864994861445622,13.474943029934092],[12.876851098663005,13.495339613634894],[12.947,13.5029],[12.948088173178457,13.515917775431186],[13.064,13.5474],[13.075316622817509,13.544235039464242],[13.1987,13.5103],[13.20755348658349,13.521185788754059],[13.3545,13.714],[13.6317,13.7117],[13.632398687968744,13.71070772541188],[13.6345,13.7107],[13.634040592117776,13.712686986354798],[13.6334,13.7136],[13.613252333901192,13.80259834185122],[13.5859,13.9209],[13.4681,14.4165],[13.4896,14.4759],[13.6834,14.5664],[13.685881075062392,14.597328469955842],[13.689673102814883,14.644598952897864],[13.6907,14.6574],[13.808313510422634,14.732821134859163],[13.8206,14.7407],[13.7964,14.8777],[13.892532687356313,15.072042898407952],[13.91739380769913,15.105354420612748],[14.7913,16.1004],[15.5234,16.6979],[15.527665702405095,16.808936747544667],[15.534940080272467,16.998289679863426],[15.5732,17.9942],[15.5732,18.0036],[15.6579,19.1648],[15.7588,19.9355],[15.997,20.3306],[15.989574513360939,20.338523088858384],[15.5732,20.7828],[15.5493,20.8594],[15.552576185067837,20.865054492335677],[15.584923241568111,20.92088350665426],[15.6106,20.9652],[15.234777318944024,21.467518202025584],[15.2003,21.5136],[15.197756690886411,21.546604416884175],[15.144697426754998,22.235152286902867],[15.1352,22.3584],[15.053311882632038,22.711169852308608],[14.9855,23.0033],[14.186,22.6514],[13.4448,23.1947],[11.9795,23.525],[10.9722,22.9485],[7.945,21.1464],[7.4456,20.8425],[5.7945,19.4444],[5.7103,19.4229]]]},"properties":{"iso3":"NER"}},
{"type":"Feature","geometry":{"type":"MultiPolygon","coordinates":[[[[13.133683318837544,9.532209621221652],[13.2285,9.5853],[13.29411089568825,9.80061085768716],[13.245919315817632,9.861622203233669],[13.2434,9.8632],[13.243818876422692,9.8642813946125],[13.280906775785807,9.960029573281481],[13.282199284141486,9.963366384562137],[13.259874747146025,9.995564026651367],[13.249,10.0021],[13.251916909922128,10.007041245408084],[13.2473,10.0137],[13.2828,10.0614],[13.286324974726641,10.065328507186932],[13.299,10.0868],[13.308101524309343,10.0895979951057],[13.375748344478877,10.110394014027076],[13.4122,10.1216],[13.434727075174367,10.136904356097665],[13.4697,10.2093],[13.47311917944511,10.222963465146933],[13.4786,10.3288],[13.520507654383575,10.415880840277557],[13.521530633920607,10.418006512042819],[13.5425,10.6459],[13.56,10.6668],[13.6922,10.9457],[13.728593831939516,10.973687369350671],[13.7314,11],[13.764628267314396,11.002342320482818],[13.7924,11.0043],[13.8802,11.1369],[13.962065682295039,11.284663754730675],[13.9737,11.3013],[13.98531342773479,11.308996472818322],[14.049928830044529,11.286940999442313],[14.1763,11.2325],[14.189552160214436,11.24345034355737],[14.4538,11.4618],[14.556648058876084,11.499409125159968],[14.622888984188227,11.552628642735433],[14.645924437468771,11.599027845542802],[14.645723963469216,11.604065563144548],[14.55751491882639,11.712775217309904],[14.5491,11.7189],[14.58275715280562,11.751186499523945],[14.583180577418883,11.75159268060092],[14.64979879813723,11.933351314757902],[14.656035199355786,11.960700215711471],[14.6564,11.9623],[14.62381849427939,12.038962366401433],[14.6224,12.0423],[14.627974406263787,12.054511559045487],[14.659975660537192,12.174243081131838],[14.556168999420647,12.23265961217326],[14.5497,12.2363],[14.543101746813933,12.247856880203909],[14.485659217324407,12.348467816644149],[14.364150674474537,12.357179072118234],[14.352669756035473,12.35762029957197],[14.338402770640927,12.35816859940282],[14.2283,12.3624],[14.173953852969843,12.410422231739373],[14.1733,12.411],[14.173927659851882,12.413670178366537],[14.1725,12.5907],[14.1528,12.705],[14.1372,12.8083],[14.083171684938845,13.08102856645051],[14.0829,13.0824],[13.954055699883929,13.259418156082113],[13.896188978912877,13.338920782396087],[13.7371,13.5658],[13.634040592117776,13.712686986354798],[13.6345,13.7107],[13.632398687968744,13.71070772541188],[13.6317,13.7117],[13.3545,13.714],[13.20755348658349,13.521185788754059],[13.1987,13.5103],[13.075316622817509,13.544235039464242],[13.064,13.5474],[12.948088173178457,13.515917775431186],[12.947,13.5029],[12.876851098663005,13.495339613634894],[12.864994861445622,13.474943029934092],[12.8316,13.398],[12.817925039831751,13.389348890446753],[12.80239949036151,13.379527053476927],[12.6906,13.3088],[12.607744587998852,13.270187769164513],[12.5773,13.256],[12.544011897394908,13.191938601746067],[12.477906268404142,13.0647214071873],[12.4767,13.0624],[12.403889786443825,13.075565682451254],[12.2942,13.0954],[12.2869,13.092],[12.1785,13.1252],[12.135318907674945,13.101799066426327],[12.1141,13.0903],[11.89337415373518,13.240624399874472],[11.881759226612472,13.247288921855334],[11.373316117233273,13.370592516497052],[11.3671,13.3721],[11.3264,13.3733],[11.315795954429106,13.372998515524852],[11.280398202333464,13.371992119179174],[10.655599679134111,13.354228421958116],[10.6546,13.3542],[10.653357344429972,13.353726826160027],[10.6005,13.3336],[10.438476660050853,13.30565940421095],[10.2813,13.2705],[10.119200609920245,13.211125045596676],[9.9127,13.0706],[9.738195965071645,12.89303682421543],[9.6581,12.8091],[9.655743920054647,12.809139354628776],[9.6503,12.8036],[9.4891,12.8107],[9.480000879379995,12.81207486712665],[9.3408,12.8144],[9.106547392037092,12.832474312898661],[9.045438995464755,12.83275391410311],[8.9698,12.8331],[8.734600942654538,12.908116411777897],[8.7097,12.9138],[8.557477101979256,13.039120347068602],[8.4156,13.0548],[8.401704193510138,13.067549472352871],[8.388464478300392,13.07969697765598],[8.3162,13.146],[8.3075,13.1611],[8.2561,13.2075],[8.2051,13.2228],[8.0813,13.2972],[8.073982038323114,13.298642824408288],[8.06351745216342,13.300706043785555],[8.022473389447914,13.308798375792197],[7.818,13.3304],[7.6353,13.2221],[7.4111,13.094],[7.36358608246417,13.100659900575105],[7.2123,13.096],[7.0912,13.0095],[7.056522702458764,13.005335324559999],[7.0477,12.9991],[6.941095069298614,12.991472692146157],[6.928,12.9899],[6.927557742367508,12.990504131317476],[6.9275,12.9905],[6.7926,13.1611],[6.725275166658097,13.271216520025211],[6.651605148645886,13.352238586519697],[6.5319230870027205,13.48386456162184],[6.384078544721669,13.616579992400924],[6.303755202291063,13.656448512731444],[6.2829,13.6668],[6.2633,13.668],[6.154621398744936,13.643955217281583],[6.1494,13.6428],[6.1478684707255695,13.643389508348454],[6.143167973531792,13.64519879948241],[6.028870641637516,13.689193538912274],[5.7384,13.801],[5.7379099133535005,13.814070127678134],[5.541703154461879,13.8890585264665],[5.5423,13.8854],[5.440046905876337,13.863235154183553],[5.398941040643178,13.85432485985111],[5.302433308857687,13.7833996163817],[5.2705,13.7461],[5.1759,13.7456],[5.166012483092654,13.746795443557932],[5.1559,13.7457],[4.830272242189657,13.774784434614322],[4.82412764968534,13.773611750107358],[4.8245,13.7753],[4.680937047238673,13.746284079327916],[4.6019,13.7312],[4.4648,13.7034],[4.159712992262175,13.474426363222577],[4.129310091236057,13.451608404279806],[4.1277,13.4504],[4.1292,13.3213],[4.113936080056289,13.169501016339614],[4.081723821981328,12.975153725954009],[4.0043,12.8654],[3.8389,12.683],[3.6464210263625096,12.523352215857702],[3.6439,12.5213],[3.643899106780106,12.521260460766188],[3.6434303460630653,12.500510318812921],[3.6405242504488493,12.37186921401769],[3.6365073786072233,12.19405853600697],[3.6345,12.1052],[3.6466720665299612,12.060722419685577],[3.6683,11.9839],[3.6679615765742097,11.98292906466924],[3.6225,11.8525],[3.6226584316570394,11.852236880286895],[3.63374265189289,11.833828457987073],[3.6649444727940628,11.782009179458624],[3.6791,11.7585],[3.6289183759241554,11.716851283661748],[3.625,11.7279],[3.5948675158327488,11.710281997995905],[3.514,11.663],[3.4972,11.2908],[3.6536,11.1109],[3.7233,11.1251],[3.7715,10.925],[3.7507,10.8186],[3.8434,10.6989],[3.8519,10.5944],[3.7871,10.4058],[3.6918,10.4576],[3.6365,10.4273],[3.5871,10.2672],[3.6764,10.1786],[3.5516,9.8805],[3.3318,9.8026],[3.3484,9.6861],[3.2676,9.6577],[3.146,9.4801],[3.1585,9.2856],[3.0878,9.1029],[2.7798,9.0651],[2.7297,8.7739],[2.7582,8.5612],[2.7475,8.4658],[2.6955,8.3215],[2.7516,8.2063],[2.6933,7.8684],[2.7383,7.7788],[2.7295,7.5755],[2.796,7.4745],[2.7953,7.4263],[2.7425,7.4215],[2.7465,7.3386],[2.7725,7.0457],[2.7118,6.9531],[2.7409,6.8594],[2.724,6.7816],[2.7869,6.7501],[2.7026,6.4524],[2.7039,6.3727],[3.0471,6.3956],[3.2022,6.4008],[3.4023,6.4007],[3.6308,6.4226],[3.9177,6.4347],[3.9597,6.4314],[3.9971,6.4252],[4.1509,6.3972],[4.2411,6.3824],[4.3509,6.3711],[4.4605,6.3433],[4.9839,5.8984],[5.112,5.6898],[5.2304,5.4568],[5.3247,5.4064],[5.3903,5.1342],[5.5666,4.7272],[5.6664,4.5621],[5.8474,4.402],[6.0839,4.2741],[6.5609,4.3275],[6.5659,4.3276],[6.6018,4.3348],[6.8757,4.3592],[6.8565,4.3831],[6.8581,4.3961],[6.9944,4.375],[7.0723,4.4559],[7.1581,4.4628],[7.1327,4.3854],[7.1843,4.3791],[7.3246,4.4475],[7.5087,4.4529],[7.5974,4.4649],[7.8248,4.523],[8.2781,4.5326],[8.2913,4.5647],[8.2924,4.5648],[8.2947,4.5731],[8.2547,4.5632],[8.2485,4.566],[8.2439,4.5732],[8.24,4.5782],[8.2412,4.5794],[8.2939,4.5769],[8.3285,4.643],[8.3106,4.6636],[8.3223,4.6625],[8.3036,4.7337],[8.2839,4.7796],[8.2687,4.8291],[8.3664,4.8386],[8.334,4.8044],[8.3786,4.7758],[8.4082,4.8393],[8.3991,4.7725],[8.4412,4.7733],[8.39,4.7426],[8.4848,4.7842],[8.4617,4.7527],[8.5074,4.7455],[8.4555,4.6996],[8.5081,4.6933],[8.52719435789171,4.760695546111198],[8.5284,4.7699],[8.530055483725329,4.7707941909120954],[8.5385,4.8006],[8.553936646171044,4.804511548351034],[8.5594,4.7984],[8.5713,4.803],[8.568999147200593,4.808328290693363],[8.573205622568857,4.809394184904326],[8.5753,4.8049],[8.5831,4.811],[8.582328717679484,4.811705919411996],[8.626538469839387,4.822908390547537],[8.626866469346918,4.823085555791942],[8.6046,4.8799],[8.606808340196697,4.8825352223729475],[8.6057,4.8854],[8.690728452344198,4.995056143615139],[8.711346988203246,5.0216466444058785],[8.798804099185018,5.150035952835097],[8.8355,5.344],[8.8424,5.455],[8.879173612766602,5.505831373596366],[8.8952,5.5783],[8.8179,5.6935],[8.84391092903522,5.826224968689213],[8.843,5.8274],[8.885403563165202,5.8630129569643685],[8.9785,5.9428],[8.99,5.9519],[8.998727512066695,5.958188942518649],[9.2645,6.1814],[9.321363089748562,6.30203148655457],[9.3452,6.3526],[9.38463267351905,6.335989661497113],[9.4354,6.3356],[9.458242625291776,6.424717317039682],[9.4651,6.4541],[9.465380348652932,6.454144809825674],[9.4656,6.4556],[9.470084727998666,6.454896739311263],[9.559884948210579,6.469250053197593],[9.596214177192945,6.5262179301860685],[9.5968,6.5296],[9.59822180878217,6.5293660980007155],[9.5992,6.5309],[9.705116646825678,6.51224366612297],[9.7793,6.7944],[9.808904219346067,6.787856654027452],[9.8168,6.7883],[9.864802473478186,6.777545736653996],[10.1505,7.0384],[10.150943778533874,7.0373827230531205],[10.20827815327025,6.905954694811272],[10.214834653324203,6.89092517930298],[10.23938323978538,6.891899122513625],[10.4095,6.9097],[10.412006253139646,6.898747786167779],[10.4965,6.9021],[10.536723365910008,6.937605810648958],[10.541359718926813,6.941698393867496],[10.5451,6.945],[10.560016317991632,7.048307531380753],[10.578545118587975,7.15418639193129],[10.614012138531093,7.07421021069692],[10.6216,7.0571],[10.8348,6.9401],[10.83479284118577,6.940027689408555],[10.83200692124105,6.911887342077023],[10.82421052717616,6.8331366093665356],[10.8239,6.83],[10.829505877395066,6.825998477271451],[10.9163,6.709],[10.918137327536837,6.7090036002499085],[10.9182,6.7082],[11.07256652981542,6.685665940772815],[11.1059,6.6808],[11.102,6.5402],[11.1632,6.563],[11.26103561559042,6.531709071920581],[11.28,6.5381],[11.355894748264848,6.503213681655467],[11.427695882971724,6.531263991614287],[11.4172,6.5982],[11.5191,6.6145],[11.538503387815748,6.650800258968366],[11.583152752250067,6.761073271001133],[11.577496058642671,6.837067703972624],[11.573906123380732,6.885296424417857],[11.5727,6.9015],[11.63660535040367,6.965674993232378],[11.6548,6.989],[11.6607,6.9899],[11.7181,7.0584],[11.8486,7.0846],[11.8029,7.2482],[11.854,7.3786],[11.921188166141391,7.430865511451228],[11.9146,7.4661],[12.0251,7.5278],[11.9988,7.6781],[12.11389050710249,7.832707064304262],[12.195004816212462,7.948399409269285],[12.1927,8.1082],[12.23855987512566,8.157609849661451],[12.253,8.2539],[12.2259,8.3782],[12.259371525967516,8.424769079606978],[12.2596,8.4416],[12.27037360741293,8.44007632335712],[12.2742,8.4454],[12.369186705021894,8.454154892061561],[12.413841306843963,8.49003730830586],[12.444497988465384,8.550009894692918],[12.4406,8.6193],[12.6757,8.6477],[12.7206,8.7631],[12.74642009710398,8.755839372378343],[12.790305479878825,8.769671600620034],[12.809543128587514,8.842867098860003],[12.8216,8.9473],[12.846660283823688,8.984090629443287],[12.896570949497084,9.173990970008427],[12.9171,9.2521],[12.9238,9.3405],[12.902974852309748,9.34900949246351],[12.8472,9.3718],[12.861858223237686,9.380007528615907],[13.107317545174269,9.517446724087874],[13.133683318837544,9.532209621221652]],[[3.6295,6.5179],[3.4064,6.4645],[3.3941,6.4682],[3.4043,6.5197],[3.4055,6.5233],[3.4089,6.5262],[3.4655,6.5855],[3.5227,6.5249],[3.6426,6.5502],[3.6295,6.5179]]],[[[8.3147,4.5885],[8.3389,4.5892],[8.3408,4.6251],[8.3214,4.6237],[8.3147,4.5885]]],[[[8.2971,4.7923],[8.3013,4.8126],[8.2856,4.8287],[8.2777,4.8297],[8.2971,4.7923]]]]},"properties":{"iso3":"NGA"}},
{"type":"Feature","geometry":{"type":"Polygon","coordinates":[[[24.003,16.5009],[24,16.280077570093457],[23.9923,15.7133],[23.99196088794838,15.712370072536972],[23.705836321490946,15.754014783447243],[23.60664822682906,15.759744662162987],[23.569311517328675,15.750164937058745],[23.385893070798364,15.703104059967004],[23.356703916235066,15.695614806615989],[23.3508,15.6941],[23.30574901610018,15.699348658318426],[23.115674208267823,15.71327687999949],[22.9272,15.5536],[22.927142875166467,15.553177276231866],[22.9187,15.4907],[22.94899279978044,15.45794401963827],[22.9888,15.4149],[23.0045,15.2356],[22.994730055222764,15.226450150448398],[22.935105772852808,15.108260486898121],[22.9353,15.1004],[22.92961193976617,15.097370388798783],[22.91465262595765,15.089402662928503],[22.833418978502532,15.04613547549931],[22.7825,14.9836],[22.7582,14.896],[22.677890285578297,14.84530502617801],[22.7156,14.6964],[22.712304771015187,14.695315221810356],[22.4094,14.5956],[22.400240761938655,14.568743805541551],[22.39218630947048,14.545127000268794],[22.3831,14.5139],[22.4445,14.4835],[22.44370842520531,14.474760083002122],[22.4573,14.3425],[22.427550337650473,14.296355786882001],[22.4275,14.2958],[22.436652174757697,14.283603909976907],[22.496694286546244,14.238278824192397],[22.5294,14.2412],[22.564664512894193,14.186968897738394],[22.5682,14.1843],[22.5349,14.1102],[22.38526552718705,14.023385830642049],[22.1992972277825,13.915491686089553],[22.0866,13.7925],[22.172206626271993,13.628074586292879],[22.2251,13.5487],[22.223387584113667,13.529770862229439],[22.301,13.3807],[22.285736565637176,13.36120033552796],[22.2905,13.3538],[22.15508848645326,13.194292046905291],[22.1354,13.1711],[22.0102,13.1426],[21.9359,13.0612],[21.902108295655594,12.990175879693336],[21.900392809261632,12.986570234035828],[21.8151,12.8073],[21.815866697011387,12.806234529475455],[21.946019824456233,12.625362139326555],[21.9470306157619,12.624007455185529],[22.1511,12.6737],[22.1945,12.7558],[22.19645006361117,12.754896221938633],[22.31258903508772,12.701070360110803],[22.4586,12.6334],[22.3648,12.4461],[22.365157688403134,12.445768150277546],[22.4354,12.3806],[22.47629621262828,12.239019483361208],[22.4919,12.185],[22.479778818723542,12.060819734677917],[22.484415344120755,12.035964134610378],[22.58565640762113,12.05791106448125],[22.5922,12.0604],[22.597349967118237,12.06044598184927],[22.6405,12.0698],[22.5618,11.6306],[22.565160244662092,11.627245707941384],[22.769,11.4622],[22.7869,11.4062],[22.9415,11.4261],[22.941805450269737,11.42468805107103],[22.9419,11.4247],[22.941875599770047,11.42436378384442],[22.967366253718442,11.306532813937263],[22.979,11.3023],[22.9883,11.2212],[22.986710331297296,11.217114495062823],[22.9817222261942,11.204294888064704],[22.912665663818732,11.02681707394549],[22.889364245647027,10.96693160295278],[22.87779217343478,10.931640166352263],[22.8814,10.9309],[22.99494074525355,10.73106440993376],[22.999243672068804,10.72425723933688],[23.240447793963895,10.548217134244092],[23.2961,10.5076],[23.43967643569524,10.269913667325264],[23.452509647665295,10.24866868325229],[23.6682,9.8916],[23.693,9.7125],[23.65231903012491,9.60496348273329],[23.6285,9.542],[23.6775,9.4387],[23.67726481074342,9.437218218257978],[23.672009511867053,9.40410783712438],[23.6512,9.273],[23.62054481837221,9.250021759225826],[23.620209583939104,9.24977047715504],[23.614638711976212,9.245594712064502],[23.52099207085806,9.175399888447636],[23.4763,9.1419],[23.46528540158817,9.00602460240406],[23.519903169558685,8.983232302736191],[23.535476621549634,8.983020334214297],[23.5629,9.0546],[23.6135,8.9801],[23.528268826619968,8.856242784215826],[23.520354415504837,8.8396512465214],[23.5085,8.8148],[23.5201,8.727],[23.681370266133595,8.721775261356363],[23.805260549541188,8.717761537271883],[23.92210859406472,8.713975963475225],[24.19615180883679,8.7050976735798],[24.244825356574168,8.703520776784854],[24.2609,8.703],[24.253862960854093,8.685602875444838],[24.2618,8.6972],[24.306510916179935,8.711394469300247],[24.3837,8.7898],[24.451193623486372,8.81576996266829],[24.442,8.8421],[24.56757355086959,8.906415829326662],[24.573088804087448,8.914757254365528],[24.57064513427401,8.95682516158398],[24.56119190801514,9.11956295986841],[24.5548,9.2296],[24.615361002843194,9.340510242089293],[24.672784918640975,9.445675284011363],[24.745315758416222,9.578506852524864],[24.7201,9.7444],[25.0327,10.0337],[25.0289,10.1738],[25.061984607243108,10.23547402328471],[25.082381071453792,10.280518692787895],[25.0989,10.317],[25.12086519266316,10.321507578558226],[25.223866955686415,10.342645045712874],[25.420401268863504,10.38297675914776],[25.6627,10.4327],[25.73753094165609,10.425585452227986],[25.859413457443978,10.413997478564214],[25.8962,10.4105],[25.9326,10.3805],[25.932525763850904,10.373120926779713],[25.93250736130448,10.371291713665432],[25.94490889938908,10.173963838972373],[26.0499,10.1172],[26.209981062118967,9.907111398025254],[26.215637288733912,9.899688229249032],[26.2186,9.8958],[26.21827720005829,9.892558314620455],[26.3246,9.6054],[26.3943,9.5591],[26.483202533322746,9.54200802127283],[26.7287555586433,9.494799163118754],[26.761,9.4886],[26.867433133042347,9.531206670213184],[27.189218295954475,9.61568605090883],[27.22397289448303,9.6155549275228],[27.5831,9.6142],[27.58139799729178,9.61726706071786],[27.820773183119606,9.6117124595487],[27.8984,9.6109],[27.898925760147776,9.609898961653203],[28.00650015957844,9.40507914140008],[28.03861753355319,9.343928209586139],[28.039,9.3432],[28.7686,9.3484],[28.76919007628513,9.350611199842668],[28.776361151079136,9.37748345323741],[28.8058,9.4878],[28.81627813194959,9.497234395848777],[28.9343,9.6035],[28.987355296067502,9.658094304655718],[28.9998,9.6709],[28.9998,10.1667],[29,10.1667],[29.000299323630585,9.671319391377665],[29.079378180889115,9.73773922184101],[29.0985,9.7538],[29.5381,9.7501],[29.538100304096933,9.75020083854249],[29.539097285886612,10.0808],[29.5391,10.0817],[29.5741,10.0997],[29.981043007507218,10.28820302628277],[29.9819,10.2886],[29.98253392082863,10.288259872197973],[29.9967,10.2888],[30.087591445841447,10.231891657974227],[30.1064,10.2218],[30.129965533285105,10.205360678750063],[30.5581,9.9373],[30.827389779061196,9.718908289094076],[31.277985589438316,9.760510763134096],[31.2887,9.7615],[31.32014818247832,9.788880560420315],[31.3661,9.8198],[31.386704013499294,9.846827818703055],[31.433663553915366,9.887713441729403],[31.4441,9.8968],[31.5386,10.0037],[31.717539152449305,10.22428136088205],[31.7886,10.3037],[31.80631505427036,10.3337169369937],[31.9335,10.4905],[32.11236553026348,10.471254974591904],[32.1547,10.4667],[32.2286,10.5096],[32.20908880086072,10.621420485823435],[32.1929,10.7142],[32.4599,10.9764],[32.44516695327406,11.01858062953881],[32.3891,11.1791],[32.3844,11.6965],[32.1066,11.9449],[32.106611832138164,11.944900111099889],[32.125470588235295,11.945077188621928],[32.1279,11.9451],[32.137859728773584,11.94512759827044],[32.7414,11.9468],[32.74142035864138,11.947583400520292],[32.74278115473441,11.999946834180138],[32.7305,12.2364],[32.74895112399743,12.23560301033509],[32.86955548387097,12.230393548387097],[33.255,12.2144],[33.29732115949773,12.211916363879242],[33.2977,12.2119],[33.296028226947875,12.20586761694246],[33.1748,11.7406],[33.1406,11.6281],[33.23227559395249,11.032208639308855],[33.25082219515845,10.919562799940053],[33.26459709120751,10.835898698338159],[33.2657,10.8292],[33.2424,10.7821],[33.2191,10.735],[33.3601,10.6939],[33.4827,10.6579],[33.499329952559826,10.64079797136751],[33.7927,10.3391],[33.79315081830792,10.338364105409136],[33.9015,10.1615],[33.9701,10.1482],[33.9928,9.9108],[33.99239277183483,9.909457237149462],[33.89908748836522,9.601799567276904],[33.89959897782294,9.498706025464761],[33.8996,9.4987],[33.89959900632857,9.498700279996397],[33.8996,9.4985],[34.10892583111702,9.4985],[34.1128,9.4985],[34.243,10.0533],[34.348,10.1705],[34.2862,10.533],[34.5107,10.8395],[34.6027,10.9033],[34.795,10.749],[34.7778,10.7021],[34.8602,10.7482],[34.9802,10.8919],[34.9525,10.9434],[35.0086,11.186],[34.9368,11.2416],[35.0862,11.5315],[35.0524,11.7332],[35.0507,11.7395],[35.2755,11.9445],[35.6997,12.6661],[35.9994,12.722],[36.1693,12.7012],[36.1506,12.9426],[36.1893,13.0493],[36.2675,13.323],[36.4918,13.8275],[36.4587,13.9788],[36.547,14.2209],[36.4707,14.8778],[36.4327,15.1666],[36.5347,15.2288],[36.6642,15.6019],[36.6845,15.6668],[36.8978,16.2269],[36.9638,16.2878],[36.9341,16.357],[36.9666,16.4344],[36.8902,16.5325],[36.9053,16.6224],[36.8969,16.656],[37.0311,16.7977],[36.9891,16.9936],[37.0033,17.0733],[37.1172,17.0815],[37.3146,17.098],[37.3947,17.053],[37.5116,17.2044],[37.5116,17.3338],[37.5842,17.365],[37.7603,17.3816],[37.773,17.4837],[37.8392,17.5027],[37.9147,17.4575],[38.0037,17.5588],[38.0611,17.5657],[38.071,17.4823],[38.1096,17.4756],[38.1127,17.5626],[38.2655,17.5622],[38.452,17.9003],[38.5616,18.001],[38.5671,18.0005],[38.5073,18.1163],[38.4952,18.053],[38.4614,18.1245],[38.4053,18.1209],[38.382,18.2014],[38.3414,18.1731],[38.2689,18.2065],[38.3116,18.2868],[38.2753,18.3007],[38.2143,18.2227],[38.0948,18.3083],[38.0823,18.3687],[38.1215,18.4112],[37.931,18.5725],[37.7968,18.6219],[37.7398,18.7089],[37.521,18.7379],[37.5027,18.7485],[37.4094,18.8734],[37.3226,19.2807],[37.3092,19.3269],[37.2411,19.6838],[37.2692,19.8439],[37.1823,20.0318],[37.2186,20.0898],[37.1886,20.4531],[37.235,20.4632],[37.2412,20.5426],[37.1799,20.687],[37.1627,20.9151],[37.0948,21.0375],[37.135,21.1548],[37.0975,21.189],[37.1467,21.2241],[37.1638,21.1472],[37.2357,21.1372],[37.2803,21.0441],[37.2334,21.0717],[37.2183,21.1026],[37.1982,21.1058],[37.255,20.9953],[37.3228,21.0655],[37.0623,21.3545],[37.0035,21.3475],[37.0157,21.3675],[37.0593,21.3619],[36.9879,21.4795],[36.9465,21.4785],[36.9809,21.4947],[36.8881,21.6222],[36.9315,21.6198],[36.9118,21.6989],[36.8629,21.7028],[36.9072,21.7251],[36.8472,21.7356],[36.8971,21.7585],[36.8876,21.8331],[36.8215,21.8365],[36.8805,21.8488],[36.8862,21.938],[36.8423,21.9766],[36.8989,22.0575],[36.4364,22.3595],[36.424,22.4286],[36.3169,22.4847],[36.1889,22.6688],[35.9262,22.6922],[35.7726,22.8388],[35.7535,22.923],[35.717,22.9111],[35.628,23.1421],[35.1981,22.7846],[34.9446,22.8588],[34.6863,22.2967],[34.1505,22.2025],[34.0034,21.7696],[33.5603,21.7213],[33.5561,21.7209],[33.1642,21.999],[32.5883,21.9987],[32.4081,21.9985],[31.408,21.9998],[31.5159,22.1858],[31.4735,22.2254],[31.3054,21.9999],[24.9987,22.0005],[25,20.4841],[25.0029,20.0205],[24.0002,20.0066],[24.003,16.5009]],[[28.000914285714284,10.1667],[27.8363,10.1664],[27.83299326663736,9.857436087116666],[27.8333,10.1667],[28.000914285714284,10.1667]]]},"properties":{"iso3":"SDN"}},
{"type":"Feature","geometry":{"type":"MultiPolygon","coordinates":[[[[-90.10434248127068,13.750730130094686],[-90.11764357733553,13.744822766512874],[-90.1249,13.7416],[-89.9512,13.6643],[-89.8354,13.5826],[-89.7954,13.5221],[-89.6576,13.5296],[-89.6204,13.5185],[-89.2924,13.4835],[-89.1553,13.4179],[-89.018,13.3476],[-88.8838,13.2913],[-88.9712,13.3376],[-88.8993,13.3109],[-88.9068,13.3112],[-88.9074,13.3096],[-88.8874,13.3029],[-88.8913,13.308],[-88.8598,13.2963],[-88.8579,13.2949],[-88.8332,13.2596],[-88.8318,13.2591],[-88.7671,13.2357],[-88.4773,13.1724],[-88.6065,13.221],[-88.5999,13.2254],[-88.5932,13.226],[-88.5462,13.2157],[-88.5943,13.2624],[-88.6082,13.2626],[-88.6079,13.2635],[-88.6132,13.2629],[-88.6132,13.2627],[-88.7165,13.2643],[-88.6432,13.2632],[-88.6404,13.3021],[-88.5563,13.2548],[-88.5571,13.2501],[-88.5348,13.2346],[-88.5319,13.2411],[-88.5183,13.2335],[-88.4829,13.2588],[-88.4971,13.2338],[-88.4883,13.2298],[-88.4968,13.2318],[-88.5313,13.2196],[-88.4499,13.2135],[-88.4518,13.2212],[-88.4592,13.223],[-88.4524,13.2282],[-88.4795,13.2612],[-88.4768,13.2632],[-88.4175,13.2113],[-88.4238,13.166],[-88.3343,13.1962],[-88.3632,13.2313],[-88.3515,13.2265],[-88.3243,13.1949],[-88.3493,13.1746],[-88.1207,13.1672],[-88.0932,13.1721],[-88.0927,13.1724],[-87.984,13.1618],[-87.8979,13.1532],[-87.9357,13.1846],[-87.7793,13.2918],[-87.8661,13.3764],[-87.8513,13.3785],[-87.8476,13.3907],[-87.8623,13.3885],[-87.8689,13.3791],[-87.8871,13.3968],[-87.83253649636598,13.434743215632166],[-87.8165678990161,13.413182920893803],[-87.8091,13.4031],[-87.7235,13.4407],[-87.7234318849849,13.444353441718764],[-87.7215,13.445],[-87.7209,13.5057],[-87.7779,13.5185],[-87.76669922291616,13.585023534166874],[-87.7571,13.6126],[-87.73857538987751,13.691052515518729],[-87.72103990561091,13.765316040767468],[-87.7093,13.7959],[-87.712770811251,13.80033600876181],[-87.7103,13.8108],[-87.744093728223,13.840369512195126],[-87.7449,13.8414],[-87.7625,13.8666],[-87.7965,13.9119],[-87.8871,13.902],[-87.92642114198348,13.891923547087707],[-87.9532,13.8925],[-87.99859226769482,13.873428943086555],[-88.0069,13.8713],[-88.0268,13.9023],[-88.0799,13.9943],[-88.1079,14.0014],[-88.1101,14.0006],[-88.1182,13.9969],[-88.1186,13.9968],[-88.2172,13.9931],[-88.2227085156712,13.962184861028963],[-88.23890417920208,13.933392570307396],[-88.3499,13.8895],[-88.3913,13.8832],[-88.4864,13.8609],[-88.4995,13.965],[-88.50753514850419,13.97080642118186],[-88.5077,13.9719],[-88.50968492171633,13.972359906933695],[-88.5269,13.9848],[-88.6168,14.0135],[-88.6359,14.0208],[-88.71666699620903,14.049913684679998],[-88.73670516584552,14.07127768809696],[-88.7477,14.083],[-88.8199,14.0836],[-88.86035160147688,14.162894789376164],[-88.8702,14.1822],[-88.89337582035424,14.18782649973918],[-88.9567,14.2032],[-89.078,14.3386],[-89.14342878095152,14.358427629844964],[-89.3509,14.4213],[-89.35373911067869,14.4236767412253],[-89.35386340533671,14.423780793610455],[-89.35491784587519,14.424663510975517],[-89.3859,14.4506],[-89.39033200579291,14.44852006745684],[-89.393,14.4505],[-89.5109,14.4072],[-89.52459960813584,14.38782681677759],[-89.5677,14.4202],[-89.56901664788705,14.412538150713788],[-89.5854,14.3172],[-89.5374,14.2997],[-89.541,14.2905],[-89.5427,14.2925],[-89.5413,14.2821],[-89.5175,14.2325],[-89.52701314159951,14.229331153388088],[-89.5218,14.2228],[-89.63423399357707,14.193615671813328],[-89.6655,14.1855],[-89.6721,14.1736],[-89.7197,14.1286],[-89.7212,14.1255],[-89.73576704885448,14.037627802071361],[-89.7377,14.0338],[-89.74310479836254,14.03420568704416],[-89.8061,14.0559],[-89.8602,14.0496],[-89.9046,14.0333],[-89.95,13.9807],[-89.9514,13.9799],[-90.0356,13.9164],[-90.1129,13.8326],[-90.10434248127068,13.750730130094686]]],[[[-87.6851,13.1751],[-87.6882,13.1726],[-87.684,13.1657],[-87.684,13.1724],[-87.6851,13.1751]]],[[[-87.7182,13.2168],[-87.7293,13.1874],[-87.7065,13.1612],[-87.6904,13.1721],[-87.7182,13.2168]]],[[[-87.7677,13.2487],[-87.781,13.2374],[-87.7621,13.214],[-87.7498,13.2349],[-87.7677,13.2487]]],[[[-87.7399,13.2895],[-87.7479,13.2818],[-87.7448,13.2774],[-87.7337,13.2818],[-87.7399,13.2895]]],[[[-87.7424,13.2999],[-87.744,13.3015],[-87.7468,13.2976],[-87.7457,13.2971],[-87.7424,13.2999]]],[[[-87.7426,13.3179],[-87.769,13.316],[-87.7696,13.2913],[-87.7512,13.2938],[-87.7426,13.3179]]],[[[-88.469,13.2021],[-88.4613,13.1999],[-88.4626,13.2071],[-88.4668,13.2062],[-88.469,13.2021]]],[[[-88.4626,13.1776],[-88.4624,13.1788],[-88.4632,13.1807],[-88.4654,13.1801],[-88.4626,13.1776]]]]},"properties":{"iso3":"SLV"}},
{"type":"Feature","geometry":{"type":"MultiPolygon","coordinates":[[[[43.2897,9.6573],[43.4683,9.4195],[43.5555,9.3756],[43.6569,9.3502],[44.006,8.9968],[44.691,8.772],[45.2909,8.5712],[46.251,8.2554],[47.0123,8.0001],[47.0126,8.0001],[47.9206,8.0006],[47.9864,8.0001],[47.5602,7.5631],[47.3593,7.3614],[46.895,6.8867],[46.5382,6.521],[46.5151,6.4973],[45.4812,5.4329],[44.9817,4.9173],[44.5921,4.9347],[44.0849,4.9573],[43.4692,4.8068],[43.1279,4.6346],[43.0349,4.5603],[42.8854,4.3077],[42.4017,4.193],[42.0876,4.1793],[41.8607,3.9117],[41.3164,3.1397],[40.9957,2.8216],[40.9949,2.3118],[40.9957,1.2328],[40.9957,-0.1972],[40.9957,-0.8331],[41.5645,-1.6012],[41.5645,-1.6649],[41.8437,-1.2311],[41.7801,-1.1494],[41.6876,-1.2384],[41.7025,-1.1984],[41.7665,-1.1426],[41.8001,-1.1411],[41.8415,-1.1714],[41.8753,-1.2195],[41.9099,-1.1425],[41.9804,-1.0209],[41.9612,-0.97],[41.913,-0.8734],[41.9488,-0.8802],[41.9727,-0.9063],[41.9791,-1.0074],[42.0893,-0.8532],[42.0467,-0.843],[42.0428,-0.8048],[41.9873,-0.8028],[41.9928,-0.7241],[42.0047,-0.7975],[42.0822,-0.7406],[42.0548,-0.8431],[42.148,-0.8229],[42.6317,-0.2537],[42.6361,-0.2487],[42.7214,-0.1684],[43.1913,0.3287],[43.5208,0.6755],[44.4953,1.5125],[45.1135,1.921],[45.114,1.9217],[45.23,1.9683],[45.3637,2.0405],[45.5533,2.1531],[45.6068,2.1849],[46.0003,2.4213],[46.1292,2.5554],[46.7554,3.1532],[46.9114,3.3393],[47.0381,3.4723],[47.8348,4.3329],[47.9685,4.4756],[48.2966,5.0301],[48.6304,5.4651],[48.9867,6.047],[49.1641,6.6011],[49.1797,6.6372],[49.3974,7.0495],[49.6507,7.3993],[49.8311,7.7385],[49.8398,7.9639],[50.1292,8.1985],[50.1761,8.3291],[50.3247,8.5341],[50.3985,8.768],[50.4457,8.8969],[50.6409,9.077],[50.7053,9.2681],[50.8466,9.4658],[50.7987,9.5606],[50.8778,9.9209],[50.8991,10.3101],[51.0471,10.3959],[51.2121,10.4237],[51.374,10.3622],[51.413,10.4397],[51.1777,10.5606],[51.2337,10.4321],[51.019,10.4076],[51.1016,10.4821],[51.1054,10.5499],[51.1692,10.5737],[51.1166,10.9399],[51.1804,11.1387],[51.0773,11.2137],[51.1118,11.4053],[51.1244,11.5014],[51.2408,11.6509],[51.2847,11.8337],[50.8058,11.9793],[50.5816,11.9122],[50.4837,11.7198],[50.3557,11.6362],[50.0785,11.507],[49.5808,11.4513],[49.422,11.3335],[48.9191,11.2387],[48.7162,11.3054],[48.3934,11.2792],[48.1535,11.129],[47.9101,11.1206],[47.6744,11.0903],[47.5488,11.1746],[47.2566,11.1144],[46.7878,10.8106],[46.4497,10.6808],[46.3448,10.6897],[46.2362,10.7804],[46.0315,10.773],[45.8657,10.8172],[45.7803,10.8606],[45.4607,10.6639],[45.3246,10.6602],[45.2332,10.5621],[44.9435,10.4108],[44.4104,10.3918],[44.2367,10.473],[44.0724,10.598],[43.6978,10.9353],[43.518,11.1901],[43.5033,11.3707],[43.4553,11.3517],[43.3202,11.4472],[43.2905,11.4903],[43.306,11.4622],[43.2613,11.4621],[42.6851,10.6131],[42.8175,10.3183],[43.0107,10.0915],[43.0895,9.9044],[43.2569,9.8426],[43.2897,9.6573]]],[[[43.4727,11.4461],[43.4587,11.4456],[43.4554,11.4209],[43.472,11.4331],[43.4727,11.4461]]],[[[43.3639,11.4954],[43.3563,11.4669],[43.3351,11.4476],[43.36,11.4643],[43.3639,11.4954]]],[[[43.4647,11.5115],[43.4521,11.5003],[43.4515,11.4913],[43.4664,11.509],[43.4647,11.5115]]],[[[42.0355,-1.016],[42.0533,-0.9813],[42.016,-1.0111],[42.0243,-1.0222],[42.0355,-1.016]]],[[[42.1062,-0.9353],[42.1064,-0.9282],[42.0981,-0.9392],[42.0998,-0.9477],[42.1062,-0.9353]]],[[[42.118,-0.9071],[42.117,-0.905],[42.1107,-0.9095],[42.1143,-0.9158],[42.118,-0.9071]]],[[[42.2221,-0.7956],[42.1398,-0.8693],[42.1377,-0.8885],[42.1756,-0.8466],[42.2221,-0.7956]]],[[[42.2379,-0.7813],[42.2385,-0.7765],[42.2244,-0.7877],[42.2292,-0.7899],[42.2379,-0.7813]]],[[[42.2574,-0.748],[42.2563,-0.7406],[42.2505,-0.744],[42.2507,-0.7507],[42.2574,-0.748]]],[[[42.2829,-0.7237],[42.2984,-0.7103],[42.2731,-0.7264],[42.2625,-0.7458],[42.2829,-0.7237]]],[[[42.3342,-0.6556],[42.3473,-0.6319],[42.3467,-0.6229],[42.3205,-0.641],[42.3342,-0.6556]]],[[[41.9169,-1.156],[41.9226,-1.1628],[41.9409,-1.1448],[41.9451,-1.1314],[41.9169,-1.156]]],[[[41.9908,-1.0695],[41.983,-1.0704],[41.9743,-1.0857],[41.9924,-1.0771],[41.9908,-1.0695]]]]},"properties":{"iso3":"SOM"}},
{"type":"Feature","geometry":{"type":"MultiPolygon","coordinates":[[[[28.00650015957844,9.40507914140008],[27.898925760147776,9.609898961653203],[27.8984,9.6109],[27.820773183119606,9.6117124595487],[27.58139799729178,9.61726706071786],[27.5831,9.6142],[27.22397289448303,9.6155549275228],[27.189218295954475,9.61568605090883],[26.867433133042347,9.531206670213184],[26.761,9.4886],[26.7287555586433,9.494799163118754],[26.483202533322746,9.54200802127283],[26.3943,9.5591],[26.3246,9.6054],[26.21827720005829,9.892558314620455],[26.2186,9.8958],[26.215637288733912,9.899688229249032],[26.209981062118967,9.907111398025254],[26.0499,10.1172],[25.94490889938908,10.173963838972373],[25.93250736130448,10.371291713665432],[25.932525763850904,10.373120926779713],[25.9326,10.3805],[25.8962,10.4105],[25.859413457443978,10.413997478564214],[25.73753094165609,10.425585452227986],[25.6627,10.4327],[25.420401268863504,10.38297675914776],[25.223866955686415,10.342645045712874],[25.12086519266316,10.321507578558226],[25.0989,10.317],[25.082381071453792,10.280518692787895],[25.061984607243108,10.23547402328471],[25.0303,10.1655],[25.0785,10.088],[24.9829,9.9008],[24.7358,9.7186],[24.7511,9.5891],[24.745315758416222,9.578506852524864],[24.672784918640975,9.445675284011363],[24.615361002843194,9.340510242089293],[24.5548,9.2296],[24.56119190801514,9.11956295986841],[24.57064513427401,8.95682516158398],[24.573088804087448,8.914757254365528],[24.56757355086959,8.906415829326662],[24.442,8.8421],[24.451193623486372,8.81576996266829],[24.4567,8.8],[24.408,8.7983],[24.3963,8.7399],[24.306510916179935,8.711394469300247],[24.2618,8.6972],[24.253862960854093,8.685602875444838],[24.22385535251603,8.641757561707358],[24.2232,8.6408],[24.2583,8.5766],[24.165,8.4829],[24.1507,8.3964],[24.152705441123913,8.391518700597695],[24.155826789352826,8.383921252304411],[24.1795,8.3263],[24.25315595117226,8.292740035899328],[24.2738,8.2734],[24.295183791821696,8.273590832053937],[24.3553,8.2462],[24.43886140723396,8.274873031894007],[24.463920844218542,8.275096665937498],[24.5379,8.2069],[24.552454802070372,8.205606945576665],[24.650000022899015,8.196940989237463],[24.8587,8.1784],[24.9618,7.9839],[25.03367322812931,7.932775532403861],[25.0933,7.8837],[25.21914486792895,7.869077502637159],[25.273363423441012,7.815746159851658],[25.28501290334923,7.801459419833926],[25.285689315260516,7.652552169077196],[25.26718813545525,7.640275151613822],[25.1667,7.5864],[25.1959,7.4937],[25.199321760610403,7.492879084337862],[25.2614529299523,7.477973175997992],[25.276699454535112,7.4743153774994235],[25.296187109203654,7.453167093115899],[25.354,7.3534],[25.438490244704333,7.2987376746239105],[25.47542012920775,7.274845290717445],[25.4809,7.2713],[25.53117574999143,7.254408177049405],[25.8205,7.1572],[25.8371,7.1072],[26.04,7.006],[26.040516861295277,7.004444462172034],[26.046835731190487,6.985427288238206],[26.095821805931056,6.8379995489231415],[26.1026,6.8176],[26.3350576850803,6.692939087387426],[26.4155,6.6498],[26.30754004501888,6.507415560557654],[26.293,6.4863],[26.293132629764813,6.461524759933236],[26.30921631739838,6.382917547850261],[26.38984542578109,6.331704773514868],[26.4755,6.2773],[26.477284876798052,6.2687947916214055],[26.486552365170233,6.224633805363061],[26.4887,6.2144],[26.52812955579852,6.2195079197284455],[26.5327,6.2201],[26.486532582244255,6.143966246056783],[26.455478927291875,6.087571636827226],[26.5191,6.1154],[26.535726086956522,6.082147826086956],[26.5602,6.0332],[26.7856,5.9896],[26.834196223322554,5.906488437851178],[26.8355,5.8965],[26.839899300367712,5.896734765448857],[26.8422,5.8928],[27.0027,5.8567],[27.186811380166244,5.71760757397085],[27.231216956397834,5.613934636210182],[27.2368,5.6009],[27.293,5.5967],[27.2803,5.5328],[27.2576,5.347],[27.457,5.0969],[27.45292061333924,5.074738225658566],[27.446940642913205,5.042251294124212],[27.46285687879318,5.019834796446901],[27.53635736191373,4.916316387849671],[27.5379,4.9146],[27.679,4.8761],[27.680562272095063,4.871363675092077],[27.6843,4.8713],[27.701769658909,4.807069449575176],[27.7109,4.7735],[27.761727455841598,4.770843762900934],[27.7817,4.7698],[27.786784909994967,4.704319481613219],[27.79025859443222,4.659587390408325],[27.867615011236264,4.562394104090184],[27.932746224124305,4.555173946635715],[28.0146,4.5461],[28.039,4.467],[28.068605794021035,4.458531896099594],[28.1299,4.441],[28.133208631185582,4.4376122295220295],[28.17931258544658,4.390405512785608],[28.21715624265062,4.351656671508612],[28.3573,4.3486],[28.37353930631849,4.303352018292066],[28.4537,4.2877],[28.45741942576306,4.292150594930154],[28.511,4.3812],[28.5995,4.4076],[28.701609388889942,4.49420641939816],[28.7189,4.5385],[28.7869,4.5713],[28.78863744958377,4.568021264495139],[28.8303,4.4894],[28.84202517338022,4.4893770544552245],[28.939966667160135,4.489185388126888],[29.013070750571277,4.489042327298295],[29.0347,4.489],[29.143670182192718,4.406439489533811],[29.2146,4.3527],[29.246901440104736,4.368204691250272],[29.305778859658318,4.396465852635992],[29.3271,4.4067],[29.36086639840313,4.455574719594379],[29.375482684888922,4.476730867045332],[29.46103709903211,4.600565454062536],[29.47948918911204,4.627273683877865],[29.5202,4.6862],[29.557739799482967,4.672457647460867],[29.825904707303327,4.574289389967539],[29.8409,4.5688],[29.8103,4.3875],[29.8225,4.3762],[29.9484,4.335],[30.00804586423828,4.217557755685863],[30.0387,4.1572],[30.049042848467828,4.1532390779850745],[30.12258815674481,4.125073990624972],[30.164961405509512,4.108846629816389],[30.169,4.1073],[30.178946316410645,4.053374188135062],[30.2071,3.9417],[30.2650244045677,3.9561599608482876],[30.2662,3.9567],[30.26646758069482,3.9565202281734506],[30.453,3.8312],[30.54594029911105,3.8278548725028125],[30.5558,3.8275],[30.560181966623876,3.804494675224647],[30.5798,3.7015],[30.559315804879443,3.6452212577357916],[30.541,3.5949],[30.7351,3.6239],[30.765176765268674,3.6667112174158536],[30.771,3.675],[30.771234961590892,3.6741468844250216],[30.7769,3.6811],[30.8614,3.5696],[30.860791680825063,3.5637458225282415],[30.8619,3.5629],[30.854328387787895,3.4902125227637875],[30.9709,3.6871],[31.0982,3.7365],[31.1468,3.7742],[31.2909,3.7935],[31.516,3.6368],[31.6182,3.7291],[31.712,3.7165],[31.802,3.8215],[31.9326,3.6966],[31.9576,3.5863],[32.0536,3.5908],[32.0851,3.5301],[32.2015,3.5044],[32.196,3.5953],[32.3397,3.6917],[32.4161,3.7429],[32.883,3.808],[33.0285,3.8909],[33.1798,3.7761],[33.5117,3.7491],[33.5953,3.8336],[33.9384,4.1806],[34.1079,4.3531],[34.3775,4.6327],[35.951,4.6282],[35.8061,4.8466],[35.8626,5.3208],[35.5409,5.4249],[35.3106,5.3376],[35.3067,5.5033],[35.127,5.6292],[34.9979,5.8986],[35.0117,6.0082],[34.9585,6.2437],[35.0205,6.4501],[34.9634,6.5072],[34.8904,6.6014],[34.7688,6.5947],[34.652,6.733],[34.5389,6.7597],[34.4731,6.9169],[34.3337,6.9223],[34.2723,7.0046],[34.1894,7.0422],[34.1897,7.1317],[34.0206,7.2489],[34.0367,7.3565],[33.9494,7.5071],[33.8684,7.5164],[33.6743,7.6982],[33.4951,7.7319],[33.3201,7.7095],[33.2476,7.7796],[33.046,7.7903],[33.0004,7.8731],[33.0364,7.9879],[33.1211,8.1041],[33.1928,8.1276],[33.1697,8.2913],[33.22,8.4351],[33.2702,8.4626],[33.3971,8.4271],[33.4966,8.4816],[33.6407,8.4637],[33.7003,8.3774],[33.7686,8.3665],[33.9028,8.4851],[34.0234,8.4909],[34.0806,8.6353],[34.1469,8.6453],[34.1348,9.198],[34.10892583111702,9.4985],[33.8996,9.4985],[33.89959900632857,9.498700279996397],[33.8996,9.4987],[33.89959897782294,9.498706025464761],[33.89908748836522,9.601799567276904],[33.99239277183483,9.909457237149462],[33.9928,9.9108],[33.9701,10.1482],[33.9015,10.1615],[33.79315081830792,10.338364105409136],[33.7927,10.3391],[33.499329952559826,10.64079797136751],[33.4827,10.6579],[33.3601,10.6939],[33.2191,10.735],[33.2424,10.7821],[33.2657,10.8292],[33.26459709120751,10.835898698338159],[33.25082219515845,10.919562799940053],[33.23227559395249,11.032208639308855],[33.1406,11.6281],[33.1748,11.7406],[33.296028226947875,12.20586761694246],[33.2977,12.2119],[33.29732115949773,12.211916363879242],[33.255,12.2144],[32.86955548387097,12.230393548387097],[32.74895112399743,12.23560301033509],[32.7305,12.2364],[32.74278115473441,11.999946834180138],[32.74142035864138,11.947583400520292],[32.7414,11.9468],[32.137859728773584,11.94512759827044],[32.1279,11.9451],[32.125470588235295,11.945077188621928],[32.106611832138164,11.944900111099889],[32.1066,11.9449],[32.3844,11.6965],[32.3891,11.1791],[32.44516695327406,11.01858062953881],[32.4599,10.9764],[32.1929,10.7142],[32.20908880086072,10.621420485823435],[32.2286,10.5096],[32.1547,10.4667],[32.11236553026348,10.471254974591904],[31.9335,10.4905],[31.80631505427036,10.3337169369937],[31.7886,10.3037],[31.717539152449305,10.22428136088205],[31.5386,10.0037],[31.4441,9.8968],[31.433663553915366,9.887713441729403],[31.386704013499294,9.846827818703055],[31.3661,9.8198],[31.32014818247832,9.788880560420315],[31.2887,9.7615],[31.277985589438316,9.760510763134096],[30.827389779061196,9.718908289094076],[30.5581,9.9373],[30.129965533285105,10.205360678750063],[30.1064,10.2218],[30.087591445841447,10.231891657974227],[29.9967,10.2888],[29.98253392082863,10.288259872197973],[29.9819,10.2886],[29.981043007507218,10.28820302628277],[29.5741,10.0997],[29.5391,10.0817],[29.539097285886612,10.0808],[29.538100304096933,9.75020083854249],[29.5381,9.7501],[29.0985,9.7538],[29.079378180889115,9.73773922184101],[29.000299323630585,9.671319391377665],[29,10.1667],[28.9998,10.1667],[28.9998,9.6709],[28.987355296067502,9.658094304655718],[28.9343,9.6035],[28.81627813194959,9.497234395848777],[28.8058,9.4878],[28.776361151079136,9.37748345323741],[28.76919007628513,9.350611199842668],[28.7686,9.3484],[28.039,9.3432],[28.03861753355319,9.343928209586139],[28.00650015957844,9.40507914140008]]],[[[28.000914285714284,10.1667],[27.8333,10.1667],[27.83299326663736,9.857436087116666],[27.8363,10.1664],[28.000914285714284,10.1667]]]]},"properties":{"iso3":"SSD"}},
{"type":"Feature","geometry":{"type":"MultiPolygon","coordinates":[[[[37.4035,36.6492],[37.1448,36.6632],[37.0963,36.6235],[37.0344,36.6568],[37.0582,36.7208],[36.9888,36.762],[36.6755,36.8456],[36.603,36.5899],[36.555,36.4858],[36.6226,36.3912],[36.6078,36.3299],[36.6691,36.3205],[36.7061,36.2551],[36.6749,36.2293],[36.3975,36.2232],[36.3948,36.0496],[36.3025,35.9574],[36.2127,35.9515],[36.1548,35.8202],[36.0185,35.8811],[36.0027,35.9408],[35.805,35.8536],[35.8531,35.748],[35.7272,35.5843],[35.7732,35.5074],[35.8821,35.4628],[35.9466,35.2711],[35.9016,35.0281],[35.8804,34.9097],[35.9808,34.6436],[36.1173,34.638],[36.2891,34.63],[36.3225,34.6848],[36.4443,34.6282],[36.4534,34.6329],[36.4546,34.5906],[36.4063,34.6069],[36.4162,34.5599],[36.331,34.5089],[36.4486,34.5064],[36.5522,34.4219],[36.5472,34.3488],[36.6013,34.3044],[36.6005,34.2226],[36.6252,34.2012],[36.5005,34.048],[36.4019,34.041],[36.2876,33.9165],[36.3906,33.8407],[36.2786,33.8455],[36.154,33.853],[36.0154,33.7695],[35.9315,33.6452],[36.0544,33.5665],[35.9448,33.5219],[35.9491,33.4725],[35.8155,33.358],[35.6209,33.2712],[35.6846,33.2429],[35.6313,32.9618],[35.6346,32.6864],[35.7469,32.7321],[35.8014,32.7596],[36.0328,32.658],[36.0907,32.5179],[36.2056,32.5284],[36.5,32.3617],[36.7054,32.3273],[36.8348,32.3164],[37.4643,32.6641],[39.1253,33.5315],[39.1651,33.5501],[40.265,34.068],[41.0124,34.4198],[41.2377,34.785],[41.2195,35.1084],[41.2886,35.4939],[41.3943,35.6303],[41.3811,35.8353],[41.258,36.0546],[41.2946,36.3562],[41.3824,36.4817],[41.4112,36.5229],[41.8358,36.5985],[42.177,36.8905],[42.3848,37.0672],[42.3574,37.2275],[42.2208,37.2775],[42.2322,37.3173],[41.9751,37.1596],[41.6551,37.1119],[41.2185,37.0636],[40.9499,37.1245],[40.7551,37.1071],[39.8419,36.7553],[39.5039,36.7021],[39.2274,36.665],[38.7873,36.6985],[38.6442,36.7698],[38.5634,36.8388],[38.2653,36.9135],[38.0245,36.8267],[37.6456,36.7262],[37.4849,36.6411],[37.4035,36.6492]]],[[[35.856,34.8587],[35.8573,34.8539],[35.8613,34.8577],[35.8579,34.8591],[35.856,34.8587]]]]},"properties":{"iso3":"SYR"}},
{"type":"Feature","geometry":{"type":"Polygon","coordinates":[[[15.527665702405095,16.808936747544667],[15.5234,16.6979],[14.7913,16.1004],[13.91739380769913,15.105354420612748],[13.892532687356313,15.072042898407952],[13.7964,14.8777],[13.8206,14.7407],[13.808313510422634,14.732821134859163],[13.6907,14.6574],[13.689673102814883,14.644598952897864],[13.685881075062392,14.597328469955842],[13.6834,14.5664],[13.4896,14.4759],[13.4681,14.4165],[13.5859,13.9209],[13.613252333901192,13.80259834185122],[13.6334,13.7136],[13.634040592117776,13.712686986354798],[13.7371,13.5658],[13.896188978912877,13.338920782396087],[13.954055699883929,13.259418156082113],[14.0829,13.0824],[14.083171684938845,13.08102856645051],[14.084067401111614,13.07981117309473],[14.0833,13.0833],[14.4667,13.0833],[14.510941815415322,13.001076607058131],[14.529,12.9751],[14.530386616904307,12.964938452723901],[14.572,12.8876],[14.55458349998396,12.7876163887968],[14.5555,12.7809],[14.56816703166947,12.773901006052197],[14.718,12.7222],[14.715067294123392,12.692733288573125],[14.736678075735655,12.680792548733017],[14.7457,12.6887],[14.754358578466256,12.671023430376433],[14.821920552959632,12.633692991571218],[14.8325,12.6335],[14.835068823600375,12.59334395560546],[14.848565346532624,12.460769538916686],[14.9084,12.3838],[14.908217194440944,12.382069282434392],[14.9105,12.3792],[14.9084,12.1851],[14.953593948655074,12.104046640142126],[14.961086578281689,12.097348386169642],[14.966629160845399,12.097272836717101],[15.0378,12.1041],[15.0858,11.9958],[15.085541238074441,11.994774563454994],[15.0867,11.9923],[15.082909332581908,11.984344697974587],[15.056371008702937,11.879177111631352],[15.116802865962082,11.796505702220921],[15.1228,11.791],[15.075286470941556,11.725801332338326],[15.0656,11.7108],[15.070142822644593,11.700550588701732],[15.1448,11.5623],[15.13813031824692,11.547158774826517],[15.0493,11.3455],[15.051310047517791,11.337059767845364],[15.100125767667087,11.132081523694804],[15.1106,11.0881],[15.053465532206502,11.005951896064277],[15.0487,10.9991],[15.063689405068693,10.960644648568307],[15.0945,10.8816],[15.08592137395376,10.862123341606129],[15.1163,10.7275],[15.119055721253709,10.709895037531204],[15.1459,10.5384],[15.147305894890865,10.53740021970471],[15.170594575365287,10.52083883663624],[15.239767478889862,10.47164760167181],[15.2411,10.4707],[15.3102,10.3075],[15.494043428520655,10.11183935404254],[15.514,10.0906],[15.664430381604697,10.012958512720157],[15.674922064291668,10.006869863371145],[15.668029101418432,9.993722174927749],[15.659,9.9765],[15.435,9.9333],[15.42579482321528,9.93622345312962],[15.4139,9.9334],[15.154153446453854,9.976676837699818],[15.1102,9.984],[15.066641573305004,9.977108202144098],[14.892472750585013,9.949551276652015],[14.8024,9.9353],[14.781096420974947,9.937721670634744],[14.724933302520988,9.944105976978557],[14.282736936613704,9.99437236427661],[14.2042,10.0033],[14.142146341963473,9.854769959077228],[14.1295,9.8245],[14.033772397519975,9.711598468836707],[13.9751,9.6424],[14.2836,9.3613],[14.3732,9.2941],[14.3487,9.2043],[14.486930628823588,9.061749664025676],[14.4895,9.0591],[14.83362359375645,8.813889728373203],[14.859729486616931,8.811866295846992],[14.8993,8.814],[14.9836,8.6879],[15.037021407333992,8.675758771060456],[15.1069,8.6734],[15.2076,8.6107],[15.236,8.5011],[15.2485,8.4615],[15.340552573713216,8.208289482049608],[15.3561,8.178],[15.396219329626167,8.055166027389339],[15.4517,7.8853],[15.5063,7.792],[15.5915,7.7663],[15.590152062379792,7.713362813460896],[15.5893,7.6799],[15.582741143521016,7.6573375337122975],[15.5618,7.5853],[15.503496460714052,7.5251838292873074],[15.7279,7.5191],[15.7688,7.4801],[15.8096,7.4411],[15.809677769234337,7.441121198040606],[15.841506238795267,7.449796880602366],[15.9901,7.4903],[16.0661,7.5819],[16.2331,7.6083],[16.3927,7.6712],[16.438990698386203,7.805173079562661],[16.439,7.8052],[16.4891,7.7903],[16.5959,7.8802],[16.5946,7.7689],[16.594753156350947,7.768753171408438],[16.668,7.7383],[16.667547885133686,7.698966006630761],[16.836554973630236,7.5369415615819255],[16.8439,7.5299],[16.908,7.5582],[16.900911963466786,7.616501596273187],[16.9706,7.6258],[17.0403,7.635],[17.0913,7.6921],[17.1604,7.6668],[17.2822,7.8017],[17.286892393884724,7.804032314120219],[17.46779575943459,7.893948779837312],[17.515,7.8687],[17.515024800914972,7.868740639505527],[17.5151,7.8687],[17.6203405171848,7.945379074142948],[17.7199503142629,7.978127500579584],[17.723240628716823,7.977808870688487],[17.7223,7.9789],[17.92163287559513,7.958606833627978],[17.9217,7.9586],[17.9217825534775,7.958637946158741],[18.2141,8.0194],[18.213514675514695,8.022681286659104],[18.618,8.0525],[18.6577,8.1949],[18.658826922265405,8.195490143136201],[18.8372,8.2889],[19.0462,8.5751],[19.1056,8.6984],[18.8625,8.8526],[18.946928529084847,8.927466617265654],[19.022450806524397,8.994435656065507],[19.0232,8.9951],[19.741896618594485,9.03793389715121],[19.940014181490604,9.086429467575499],[19.985263909021903,9.10606383875093],[20.099641340803096,9.155693506645198],[20.1015,9.1565],[20.10285904490931,9.156347195188982],[20.337345615578684,9.129982594672718],[20.394301545354278,9.14404739996134],[20.437756612995653,9.160802240474613],[20.5286,9.3371],[20.637839961549023,9.317910546553145],[20.6669,9.3983],[20.8204,9.4286],[20.820923845072446,9.429200734026995],[20.988,9.6208],[20.99164432036966,9.68562783981517],[20.9951,9.7471],[21.027716353725015,9.759283646274985],[21.1153,9.792],[21.17239240806643,9.87360759193357],[21.2541,9.9904],[21.25537277486911,9.990413612565446],[21.385,9.9918],[21.5367,10.2269],[21.54271316025067,10.227128290062668],[21.668471394508337,10.231983452778142],[21.7282,10.3018],[21.7709,10.4117],[21.7175,10.5078],[21.7335,10.654],[21.733591819346515,10.654025662757466],[21.7886,10.6694],[21.7884,10.7946],[21.8325,10.8394],[21.83250176122762,10.839400201882025],[22.1518,10.876],[22.468,10.9987],[22.480140847973374,10.996691918641949],[22.509,11.0073],[22.875792022727016,10.932050508763846],[22.87779217343478,10.931640166352263],[22.889364245647027,10.96693160295278],[22.912665663818732,11.02681707394549],[22.9817222261942,11.204294888064704],[22.986710331297296,11.217114495062823],[22.9883,11.2212],[22.979,11.3023],[22.967366253718442,11.306532813937263],[22.941875599770047,11.42436378384442],[22.9419,11.4247],[22.941805450269737,11.42468805107103],[22.9415,11.4261],[22.7869,11.4062],[22.769,11.4622],[22.565160244662092,11.627245707941384],[22.5618,11.6306],[22.6405,12.0698],[22.597349967118237,12.06044598184927],[22.5922,12.0604],[22.58565640762113,12.05791106448125],[22.484415344120755,12.035964134610378],[22.479778818723542,12.060819734677917],[22.4919,12.185],[22.47629621262828,12.239019483361208],[22.4354,12.3806],[22.365157688403134,12.445768150277546],[22.3648,12.4461],[22.4586,12.6334],[22.31258903508772,12.701070360110803],[22.19645006361117,12.754896221938633],[22.1945,12.7558],[22.1511,12.6737],[21.9470306157619,12.624007455185529],[21.946019824456233,12.625362139326555],[21.815866697011387,12.806234529475455],[21.8151,12.8073],[21.900392809261632,12.986570234035828],[21.902108295655594,12.990175879693336],[21.9359,13.0612],[22.0102,13.1426],[22.1354,13.1711],[22.15508848645326,13.194292046905291],[22.2905,13.3538],[22.285736565637176,13.36120033552796],[22.2177,13.4669],[22.223387584113667,13.529770862229439],[22.2251,13.5487],[22.172206626271993,13.628074586292879],[22.0866,13.7925],[22.1992972277825,13.915491686089553],[22.38526552718705,14.023385830642049],[22.5349,14.1102],[22.5682,14.1843],[22.564664512894193,14.186968897738394],[22.5294,14.2412],[22.496694286546244,14.238278824192397],[22.436652174757697,14.283603909976907],[22.4275,14.2958],[22.427550337650473,14.296355786882001],[22.4573,14.3425],[22.44370842520531,14.474760083002122],[22.4445,14.4835],[22.3831,14.5139],[22.39218630947048,14.545127000268794],[22.400240761938655,14.568743805541551],[22.4094,14.5956],[22.712304771015187,14.695315221810356],[22.7156,14.6964],[22.677890285578297,14.84530502617801],[22.7582,14.896],[22.7825,14.9836],[22.833418978502532,15.04613547549931],[22.91465262595765,15.089402662928503],[22.92961193976617,15.097370388798783],[22.9353,15.1004],[22.935105772852808,15.108260486898121],[22.994730055222764,15.226450150448398],[23.0045,15.2356],[22.9888,15.4149],[22.94899279978044,15.45794401963827],[22.9187,15.4907],[22.927142875166467,15.553177276231866],[22.9272,15.5536],[23.115674208267823,15.71327687999949],[23.30574901610018,15.699348658318426],[23.3508,15.6941],[23.356703916235066,15.695614806615989],[23.385893070798364,15.703104059967004],[23.569311517328675,15.750164937058745],[23.60664822682906,15.759744662162987],[23.705836321490946,15.754014783447243],[23.99196088794838,15.712370072536972],[23.9923,15.7133],[24,16.280077570093457],[24,16.4554],[24,19.5],[22.3429,20.3161],[22.3415,20.3167],[22.3409,20.317],[20.984,20.9853],[19.1864,21.8705],[16.9105,22.991],[16,23.4394],[14.9984,22.9972],[15.053311882632038,22.711169852308608],[15.1352,22.3584],[15.144697426754998,22.235152286902867],[15.197756690886411,21.546604416884175],[15.2003,21.5136],[15.234777318944024,21.467518202025584],[15.6106,20.9652],[15.584923241568111,20.92088350665426],[15.552576185067837,20.865054492335677],[15.5493,20.8594],[15.5732,20.7828],[15.989574513360939,20.338523088858384],[15.997,20.3306],[15.7588,19.9355],[15.6579,19.1648],[15.5732,18.0036],[15.5732,17.9942],[15.534940080272467,16.998289679863426],[15.527665702405095,16.808936747544667]]]},"properties":{"iso3":"TCD"}},
{"type":"Feature","geometry":{"type":"MultiPolygon","coordinates":[[[[35.2561,-1.687],[34.783,-1.4162],[34.3766,-1.1863],[34.0928,-1.0262],[34.0246,-1.1099],[33.9711,-1.1048],[34.0081,-1.139],[33.8604,-1.2514],[33.9809,-1.3508],[33.7992,-1.3257],[33.8534,-1.4048],[33.778,-1.4047],[33.933,-1.512],[33.9333,-1.5127],[33.9337,-1.5133],[33.8544,-1.5314],[33.8029,-1.4736],[33.7414,-1.4912],[33.647,-1.478],[33.689,-1.537],[33.6159,-1.5631],[33.7118,-1.6554],[33.5403,-1.6746],[33.6564,-1.7746],[33.574,-1.7604],[33.4948,-1.8416],[33.4442,-1.8377],[33.4473,-1.7891],[33.3736,-1.7966],[33.2879,-1.9371],[33.3786,-1.9127],[33.4512,-1.8815],[33.4666,-1.9584],[33.5345,-1.9599],[33.5535,-2.0125],[33.3979,-1.9679],[33.3998,-2.0418],[33.341,-2.0108],[33.311,-2.045],[33.288,-1.9869],[33.3038,-2.0729],[33.2111,-2.0336],[33.2196,-2.1451],[33.2733,-2.095],[33.3567,-2.1725],[33.4588,-2.1545],[33.6149,-2.1879],[33.7769,-2.0658],[33.8325,-2.1963],[33.8339,-2.2441],[33.6613,-2.2974],[33.5497,-2.3795],[33.5707,-2.4183],[33.4961,-2.4404],[33.5466,-2.4658],[33.588,-2.4623],[33.5647,-2.5052],[33.4744,-2.4867],[33.3967,-2.5542],[33.3428,-2.489],[33.2889,-2.5437],[33.2955,-2.5051],[33.1928,-2.5133],[33.1375,-2.3986],[33.0792,-2.3859],[32.9326,-2.4078],[32.8743,-2.47],[32.8979,-2.5124],[32.8843,-2.5524],[32.8843,-2.5522],[32.8819,-2.5528],[32.8819,-2.5536],[32.8838,-2.5539],[32.8601,-2.6238],[32.8927,-2.6432],[32.9223,-2.6849],[32.8856,-2.707],[32.9683,-2.7935],[32.9336,-2.8236],[33.0206,-2.8812],[32.9095,-2.8353],[32.9096,-2.7925],[32.7746,-2.9995],[32.7613,-2.9885],[32.8029,-2.8775],[32.7202,-2.8659],[32.8527,-2.8269],[32.8755,-2.7741],[32.8029,-2.6278],[32.8454,-2.5847],[32.8334,-2.489],[32.7524,-2.5324],[32.7435,-2.4912],[32.6603,-2.4886],[32.662,-2.4856],[32.6899,-2.4815],[32.7063,-2.4677],[32.6672,-2.3607],[32.5264,-2.5608],[32.5247,-2.5601],[32.5218,-2.5566],[32.5153,-2.5531],[32.5083,-2.5342],[32.5434,-2.4428],[32.4291,-2.4761],[32.4232,-2.4632],[32.4416,-2.4408],[32.3767,-2.416],[32.3027,-2.2583],[32.2499,-2.2815],[32.2244,-2.2448],[32.2335,-2.3157],[32.1603,-2.3894],[32.0598,-2.3849],[32.118,-2.4759],[32.1628,-2.4837],[32.1889,-2.5063],[32.1353,-2.5497],[32.0131,-2.4898],[32.004,-2.5909],[31.9309,-2.6037],[32.0379,-2.7728],[31.9785,-2.7786],[31.9453,-2.6561],[31.8948,-2.6368],[31.8841,-2.6574],[31.9146,-2.7201],[31.8693,-2.7581],[31.8733,-2.6946],[31.8281,-2.6895],[31.8248,-2.7991],[31.7816,-2.8385],[31.7628,-2.6577],[31.8602,-2.6132],[31.8146,-2.6006],[31.7562,-2.6307],[31.7317,-2.5576],[31.7177,-2.5065],[31.7985,-2.4904],[31.7681,-2.4112],[31.7458,-2.2978],[31.6647,-2.3314],[31.7075,-2.0041],[31.6016,-2.0806],[31.6881,-1.8921],[31.7484,-1.5113],[31.7579,-1.4591],[31.802,-1.476],[31.814,-1.38],[31.8585,-1.2818],[31.8765,-1.0404],[31.8288,-1.004],[31.7714,-1.075],[31.7914,-0.9976],[30.799,-0.9976],[30.6334,-1.0681],[30.5011,-1.0645],[30.498,-1.1621],[30.5673,-1.3347],[30.7418,-1.3977],[30.7251,-1.4975],[30.7862,-1.5693],[30.8382,-1.6113],[30.8596,-1.6394],[30.8899,-1.5981],[30.9245,-1.6751],[30.8982,-1.729],[30.8419,-1.6372],[30.8367,-1.8536],[30.7752,-1.9361],[30.8117,-1.9369],[30.808,-2.023],[30.8416,-2.008],[30.8955,-2.077],[30.8474,-2.2561],[30.7784,-2.3847],[30.7156,-2.3531],[30.6567,-2.407],[30.5395,-2.4068],[30.4185,-2.6589],[30.5278,-2.6636],[30.4389,-2.7434],[30.4106,-2.8676],[30.5028,-2.9513],[30.5876,-2.9099],[30.6677,-2.991],[30.8496,-2.9774],[30.7959,-3.0526],[30.8402,-3.2522],[30.6659,-3.317],[30.6364,-3.3542],[30.6697,-3.4186],[30.5096,-3.5269],[30.4454,-3.565],[30.3865,-3.7118],[30.4013,-3.7947],[30.3292,-3.7849],[30.1514,-4.1182],[30.078,-4.1644],[30.0414,-4.2739],[29.8673,-4.3808],[29.8126,-4.3625],[29.7595,-4.4647],[29.6599,-4.4488],[29.6147,-4.8529],[29.5907,-4.9107],[29.6682,-4.9166],[29.7307,-4.9682],[29.8255,-5.1446],[29.7484,-5.4611],[29.8403,-5.5524],[29.9516,-5.8153],[29.9461,-5.9123],[29.8687,-5.9628],[29.7315,-6.038],[29.7244,-6.2419],[29.9493,-6.5047],[30.1416,-6.4476],[30.2451,-6.5707],[30.3376,-6.636],[30.3974,-6.801],[30.5031,-6.913],[30.5751,-6.9843],[30.5209,-7.1241],[30.6184,-7.3862],[30.5842,-7.4705],[30.5835,-7.4694],[30.5736,-7.4578],[30.5694,-7.4745],[30.5821,-7.4758],[30.5741,-7.4955],[30.7789,-7.8248],[30.9709,-8.1392],[30.9389,-8.1718],[30.9812,-8.2753],[31.0202,-8.2826],[31.1487,-8.4216],[31.1771,-8.5978],[31.2821,-8.632],[31.3767,-8.5863],[31.5741,-8.693],[31.5772,-8.8337],[31.681,-8.9132],[31.8521,-8.8932],[31.9486,-8.9303],[31.93,-8.9805],[31.992,-9.0696],[32.1133,-9.0549],[32.2495,-9.1292],[32.3452,-9.1265],[32.4921,-9.1485],[32.5437,-9.2546],[32.7319,-9.2773],[32.8743,-9.3702],[32.93,-9.4011],[33.0004,-9.366],[33.1438,-9.4913],[33.3253,-9.484],[33.4032,-9.5479],[33.4854,-9.6222],[33.671,-9.5814],[33.6996,-9.6145],[33.7737,-9.5864],[33.9159,-9.7148],[33.9422,-9.688],[33.9689,-9.5213],[34.0731,-9.5297],[34.3156,-9.7442],[34.4997,-9.9878],[34.5871,-10.4681],[34.5707,-10.5292],[34.6817,-10.7567],[34.6729,-10.9339],[34.6115,-11.0269],[34.637,-11.1143],[34.7595,-11.2099],[34.7941,-11.3221],[34.9275,-11.3959],[34.9597,-11.5727],[35.3946,-11.5701],[35.48726094583083,-11.56801150582074],[35.612,-11.5652],[35.61429758723196,-11.563537606710527],[35.7386,-11.4736],[35.77776019464061,-11.45406582941305],[35.8583964115558,-11.413842290404533],[35.8665,-11.4098],[35.8666,-11.4098],[35.9435,-11.4215],[35.94446874812398,-11.422427321394997],[35.99265451356208,-11.468552511337384],[36.0651,-11.5379],[36.1176,-11.5096],[36.14671799761621,-11.557824076281287],[36.1525,-11.5674],[36.1527349183615,-11.567210472643945],[36.1551,-11.5709],[36.18198204833142,-11.548828423475255],[36.1816,-11.6601],[36.19166514891598,-11.670470866055947],[36.211144493676905,-11.690541873157745],[36.2244,-11.7042],[36.24148398145296,-11.702489028965932],[36.289,-11.7212],[36.49140559405984,-11.682214489025911],[36.5158,-11.7623],[36.518376218642324,-11.759192256693556],[36.5192,-11.7616],[36.57378552396103,-11.699816384967189],[36.6278,-11.731],[36.66850069236617,-11.705766740293098],[36.706083360178155,-11.682466566211387],[36.767,-11.6447],[36.8010428313707,-11.573386137732069],[36.8046,-11.5693],[36.9261,-11.608],[37.021,-11.5862],[37.4147,-11.6863],[37.5014,-11.6163],[37.51242667883284,-11.613379372934046],[37.5826,-11.6208],[37.72366003284099,-11.557430173696359],[37.7471,-11.5469],[37.8302,-11.3066],[37.9281,-11.2554],[38.1131,-11.2563],[38.2639,-11.2819],[38.32451801059998,-11.32350361683273],[38.46920827846269,-11.410966138147081],[38.4868,-11.4216],[38.58202556182113,-11.339540673414582],[38.6423,-11.2876],[38.6848710677003,-11.281870018891286],[38.8792,-11.1729],[38.9966,-11.1681],[39.24,-11.1757],[39.3778,-11.0758],[39.5114,-10.9943],[39.5188,-10.9871],[39.9144,-10.8283],[40.0427,-10.7717],[40.4113,-10.5026],[40.3423,-10.4684],[40.3441,-10.4121],[40.4447,-10.3464],[40.3991,-10.2918],[40.3752,-10.3458],[40.3275,-10.3502],[40.3305,-10.294],[40.2905,-10.3005],[40.2388,-10.2013],[40.1925,-10.2326],[40.2496,-10.2599],[40.2135,-10.2749],[40.1304,-10.2532],[40.1302,-10.1775],[39.9953,-10.1261],[39.9995,-10.2084],[39.9644,-10.1996],[39.9757,-10.0871],[39.8076,-9.971],[39.6793,-10.0663],[39.6911,-10.0997],[39.6671,-10.1324],[39.6701,-10.1054],[39.6576,-10.0727],[39.6843,-10.0387],[39.6482,-10.011],[39.6988,-10.0316],[39.7121,-9.9518],[39.7882,-9.9226],[39.733,-9.8912],[39.8052,-9.8577],[39.7605,-9.7788],[39.7474,-9.739],[39.6516,-9.4568],[39.5511,-9.3808],[39.6028,-9.406],[39.6563,-9.354],[39.6349,-9.1814],[39.5627,-9.0946],[39.5114,-9.1309],[39.4387,-9.0513],[39.5393,-9.0115],[39.5402,-8.9465],[39.4661,-8.9357],[39.4072,-8.9853],[39.3938,-8.9341],[39.3654,-8.989],[39.3497,-8.9393],[39.4234,-8.8534],[39.5108,-8.9404],[39.5543,-8.921],[39.496,-8.8004],[39.3658,-8.7156],[39.3489,-8.5832],[39.3089,-8.5403],[39.2838,-8.578],[39.316,-8.3607],[39.2918,-8.389],[39.2455,-8.2637],[39.2577,-8.2154],[39.2586,-8.2159],[39.2579,-8.2148],[39.2732,-8.1544],[39.2878,-8.1912],[39.3043,-8.1663],[39.2794,-8.1575],[39.255,-8.1094],[39.2637,-8.0997],[39.3019,-8.1211],[39.3197,-8.103],[39.2525,-8.0489],[39.221,-7.9375],[39.1556,-7.9843],[39.1153,-7.9794],[39.1165,-7.9779],[39.1194,-7.9756],[39.1283,-7.976],[39.1285,-7.9733],[39.1296,-7.9733],[39.1304,-7.9743],[39.1331,-7.9747],[39.1364,-7.9769],[39.1362,-7.9759],[39.1375,-7.9733],[39.1461,-7.9693],[39.1528,-7.9729],[39.1569,-7.981],[39.1568,-7.9828],[39.1548,-7.9829],[39.1558,-7.984],[39.1594,-7.981],[39.1586,-7.9782],[39.1594,-7.9748],[39.1554,-7.9733],[39.1553,-7.9712],[39.1738,-7.9493],[39.1768,-7.9474],[39.1782,-7.9474],[39.1794,-7.9513],[39.1884,-7.9488],[39.1917,-7.9514],[39.1924,-7.9487],[39.1126,-7.8937],[39.2569,-7.9227],[39.2448,-7.9076],[39.2469,-7.9059],[39.2441,-7.9026],[39.2417,-7.9037],[39.1981,-7.8489],[39.3041,-7.7436],[39.2846,-7.5505],[39.4463,-7.1793],[39.5087,-7.1761],[39.5444,-7.1177],[39.5441,-6.9847],[39.4744,-6.8623],[39.3132,-6.813],[39.3131,-6.8841],[39.2813,-6.8739],[39.2842,-6.825],[39.2842,-6.8249],[39.2805,-6.7938],[39.2842,-6.7371],[39.2444,-6.7486],[39.1206,-6.5641],[39.0745,-6.5248],[38.9132,-6.4428],[38.8483,-6.3499],[38.863,-6.1714],[38.7821,-6.0596],[38.7958,-5.9623],[38.8945,-5.6968],[39.0425,-5.3497],[39.0724,-5.257],[39.1272,-5.0774],[39.107,-5.0615],[39.0503,-5.0433],[39.1313,-5.0222],[39.0932,-4.9739],[39.1422,-4.9616],[39.0913,-4.9224],[39.1078,-4.8868],[39.1357,-4.9178],[39.1476,-4.824],[39.1898,-4.8633],[39.1748,-4.9375],[39.2114,-4.8574],[39.2145,-4.7901],[39.1653,-4.7842],[39.1954,-4.6611],[38.7598,-4.3581],[38.4036,-4.1087],[37.9527,-3.7926],[37.7671,-3.6309],[37.7433,-3.5418],[37.6027,-3.5182],[37.5897,-3.4321],[37.6155,-3.4032],[37.7106,-3.3031],[37.6706,-3.0586],[37.4294,-2.9064],[36.0731,-2.1436],[35.2561,-1.687]],[[35.8731,-3.6257],[35.759,-3.8041],[35.7384,-3.6105],[35.7778,-3.559],[35.8327,-3.4242],[35.8898,-3.4549],[35.8731,-3.6257]],[[34.7871,-3.7943],[34.845,-3.7324],[34.7502,-3.7751],[34.7618,-3.7006],[34.8322,-3.6156],[34.891,-3.6218],[34.9934,-3.6082],[35.1677,-3.4697],[35.2697,-3.3515],[35.312,-3.387],[35.3546,-3.4705],[35.2405,-3.5269],[35.2374,-3.6161],[34.8187,-3.8179],[34.7871,-3.7943]],[[37.41,-3.6881],[37.368,-3.6465],[37.4167,-3.6096],[37.466,-3.5856],[37.41,-3.6881]],[[36.2244,-11.7042],[36.2241,-11.7026],[36.2242,-11.7025],[36.2244,-11.7042]],[[31.2325,-5.2409],[31.2029,-5.1983],[31.2893,-5.2884],[31.3475,-5.2353],[31.427,-5.3159],[31.2643,-5.2841],[31.2325,-5.2409]],[[31.5705,-7.5824],[31.7956,-7.4201],[32.0423,-7.6118],[32.9304,-8.4136],[32.8844,-8.4995],[32.6602,-8.4709],[32.4777,-8.321],[32.4458,-8.2421],[32.3922,-8.1371],[32.284,-8.0774],[32.256,-8.1944],[32.2154,-8.163],[32.0507,-8.2008],[31.8072,-7.7394],[31.6595,-7.7023],[31.5705,-7.5824]],[[31.57,-1.4321],[31.5905,-1.4523],[31.5859,-1.4857],[31.518,-1.4828],[31.57,-1.4321]],[[30.7654,-1.418],[30.8332,-1.4125],[30.8388,-1.4566],[30.7643,-1.4627],[30.7654,-1.418]]],[[[39.1272,-5.0774],[39.1277,-5.0774],[39.1278,-5.0773],[39.1275,-5.0773],[39.1272,-5.0774]]],[[[39.107,-5.0615],[39.1073,-5.0613],[39.1069,-5.0609],[39.1071,-5.0613],[39.107,-5.0615]]],[[[39.3974,-7.547],[39.3996,-7.525],[39.3959,-7.523],[39.3678,-7.5391],[39.3974,-7.547]]],[[[39.4146,-7.4197],[39.4053,-7.3949],[39.3992,-7.3945],[39.3728,-7.4085],[39.4146,-7.4197]]],[[[39.2965,-8.2479],[39.3013,-8.2479],[39.3004,-8.245],[39.2965,-8.2479]]],[[[39.2805,-8.2476],[39.2848,-8.2469],[39.2844,-8.2417],[39.2808,-8.2413],[39.2805,-8.2476]]],[[[39.2736,-8.248],[39.2759,-8.2461],[39.2734,-8.2364],[39.2759,-8.2359],[39.2709,-8.2366],[39.2736,-8.248]]],[[[39.296,-8.2415],[39.2943,-8.2393],[39.2917,-8.2385],[39.2904,-8.2407],[39.296,-8.2415]]],[[[39.2843,-8.2367],[39.2845,-8.2361],[39.2835,-8.2349],[39.2828,-8.2355],[39.2843,-8.2367]]],[[[39.2931,-8.2321],[39.2994,-8.2352],[39.3009,-8.2331],[39.3026,-8.2296],[39.2931,-8.2321]]],[[[39.3018,-8.2239],[39.3013,-8.2233],[39.298,-8.2231],[39.2998,-8.2292],[39.3018,-8.2239]]],[[[39.2933,-8.2192],[39.2946,-8.2216],[39.2962,-8.2208],[39.2962,-8.2184],[39.2933,-8.2192]]],[[[39.2603,-8.2174],[39.2596,-8.2211],[39.2601,-8.2195],[39.2611,-8.22],[39.2603,-8.2174]]],[[[39.2846,-8.2149],[39.2827,-8.2164],[39.2832,-8.2183],[39.2853,-8.2204],[39.2846,-8.2149]]],[[[39.2705,-8.2266],[39.2764,-8.2043],[39.2722,-8.2046],[39.2609,-8.2102],[39.2705,-8.2266]]],[[[39.3007,-8.2167],[39.3011,-8.2152],[39.2983,-8.2136],[39.2975,-8.2155],[39.3007,-8.2167]]],[[[39.2901,-8.2117],[39.2877,-8.2111],[39.2952,-8.2154],[39.2943,-8.2128],[39.2901,-8.2117]]],[[[39.2912,-8.2043],[39.2913,-8.2052],[39.2948,-8.206],[39.2946,-8.2036],[39.2912,-8.2043]]],[[[39.2934,-8.0122],[39.2931,-8.0166],[39.2966,-8.0189],[39.2986,-8.0148],[39.2934,-8.0122]]],[[[39.2971,-8.0005],[39.2947,-8.0028],[39.2941,-8.0079],[39.2992,-8.0026],[39.2971,-8.0005]]],[[[39.277,-7.9837],[39.2601,-7.9868],[39.2612,-8.0083],[39.2431,-8.0051],[39.2725,-8.0151],[39.2715,-7.986],[39.277,-7.9837]]],[[[39.2759,-7.9965],[39.2749,-7.9995],[39.2782,-7.997],[39.2835,-7.9937],[39.2759,-7.9965]]],[[[39.2914,-7.9803],[39.295,-7.9738],[39.2883,-7.9779],[39.2977,-7.9921],[39.2914,-7.9803]]],[[[39.2838,-7.9737],[39.2908,-7.987],[39.2879,-7.9807],[39.2859,-7.9737],[39.2838,-7.9737]]],[[[39.2451,-7.9773],[39.2467,-7.9754],[39.2452,-7.9715],[39.243,-7.9707],[39.2451,-7.9773]]],[[[39.2401,-7.9727],[39.2408,-7.9747],[39.2413,-7.9735],[39.2416,-7.9728],[39.2401,-7.9727]]],[[[39.2979,-7.9709],[39.3026,-7.9725],[39.3034,-7.9667],[39.3028,-7.9665],[39.2979,-7.9709]]],[[[39.2917,-7.9707],[39.2966,-7.9699],[39.3006,-7.9645],[39.2988,-7.9637],[39.2917,-7.9707]]],[[[39.2909,-7.9352],[39.2935,-7.94],[39.2975,-7.9387],[39.2939,-7.9345],[39.2909,-7.9352]]],[[[39.2712,-7.9174],[39.2725,-7.9202],[39.2726,-7.9156],[39.2784,-7.9086],[39.2714,-7.9132],[39.2715,-7.9097],[39.2358,-7.9627],[39.2789,-7.9563],[39.2699,-7.9462],[39.2712,-7.9174]]],[[[39.2933,-7.934],[39.2972,-7.9346],[39.2989,-7.9352],[39.2975,-7.9334],[39.2933,-7.934]]],[[[39.2268,-7.9283],[39.2244,-7.9315],[39.2261,-7.9329],[39.2273,-7.9329],[39.2268,-7.9283]]],[[[39.2776,-7.9295],[39.2764,-7.9298],[39.2774,-7.9302],[39.2786,-7.9301],[39.2776,-7.9295]]],[[[39.2993,-7.9266],[39.2955,-7.9321],[39.3,-7.933],[39.2996,-7.9274],[39.3004,-7.9264],[39.2993,-7.9266]]],[[[39.2912,-7.9268],[39.2877,-7.9231],[39.2866,-7.9251],[39.2865,-7.9275],[39.2912,-7.9268]]],[[[39.2825,-7.8877],[39.2848,-7.8909],[39.2864,-7.8899],[39.2828,-7.884],[39.2825,-7.8877]]],[[[39.2746,-7.8799],[39.2692,-7.8874],[39.2698,-7.8898],[39.2729,-7.8866],[39.2746,-7.8799]]],[[[39.2319,-7.875],[39.2289,-7.8744],[39.2274,-7.8675],[39.2194,-7.8601],[39.2298,-7.8837],[39.2319,-7.875]]],[[[39.2371,-7.8654],[39.2371,-7.8641],[39.2362,-7.8645],[39.2361,-7.8649],[39.2371,-7.8654]]],[[[39.2328,-7.8667],[39.234,-7.865],[39.2296,-7.8565],[39.2264,-7.8641],[39.2328,-7.8667]]],[[[39.2983,-7.8553],[39.2988,-7.8578],[39.299,-7.8525],[39.2983,-7.853],[39.2983,-7.8553]]],[[[39.2485,-7.8555],[39.2512,-7.8521],[39.2496,-7.8513],[39.246,-7.8519],[39.2485,-7.8555]]],[[[39.2448,-7.8123],[39.2434,-7.8135],[39.2429,-7.815],[39.2454,-7.8145],[39.2448,-7.8123]]],[[[39.2739,-7.8085],[39.2748,-7.8119],[39.277,-7.8098],[39.276,-7.8091],[39.2739,-7.8085]]],[[[39.3214,-8.2952],[39.3277,-8.2939],[39.3277,-8.2925],[39.3242,-8.2897],[39.3214,-8.2952]]],[[[39.3188,-8.2884],[39.3184,-8.289],[39.3196,-8.2912],[39.3223,-8.2919],[39.3188,-8.2884]]],[[[39.3233,-8.2909],[39.3212,-8.2879],[39.3216,-8.2891],[39.3223,-8.2907],[39.3233,-8.2909]]],[[[39.3288,-8.2479],[39.3258,-8.237],[39.3289,-8.2281],[39.3208,-8.2478],[39.3288,-8.2479]]],[[[39.3121,-8.2188],[39.3133,-8.2176],[39.3119,-8.2155],[39.3099,-8.2156],[39.3121,-8.2188]]],[[[39.3175,-8.2142],[39.3144,-8.2149],[39.3143,-8.2172],[39.318,-8.2161],[39.3175,-8.2142]]],[[[39.3252,-8.2192],[39.3299,-8.2117],[39.3299,-8.2091],[39.3239,-8.2094],[39.3252,-8.2192]]],[[[39.3151,-8.1997],[39.3123,-8.2014],[39.3142,-8.2019],[39.3151,-8.2011],[39.3151,-8.1997]]],[[[39.317,-8.1923],[39.3205,-8.192],[39.3225,-8.1865],[39.3239,-8.1831],[39.317,-8.1923]]],[[[39.3143,-8.1842],[39.3113,-8.175],[39.301,-8.1891],[39.3033,-8.1971],[39.3143,-8.1842]]],[[[39.3285,-8.1812],[39.3287,-8.1764],[39.3274,-8.1762],[39.3267,-8.1813],[39.3285,-8.1812]]],[[[39.3235,-8.181],[39.3281,-8.166],[39.3409,-8.1491],[39.3239,-8.1565],[39.3235,-8.181]]],[[[39.3117,-8.1643],[39.3134,-8.1661],[39.3181,-8.1646],[39.3157,-8.1599],[39.316,-8.1559],[39.3117,-8.1643]]],[[[39.3103,-8.1591],[39.3113,-8.1559],[39.309,-8.1546],[39.3079,-8.1518],[39.3103,-8.1591]]],[[[39.314,-8.1514],[39.3108,-8.1519],[39.312,-8.1531],[39.3129,-8.1533],[39.314,-8.1514]]],[[[39.3095,-8.1493],[39.309,-8.1475],[39.3086,-8.1492],[39.3089,-8.15],[39.3095,-8.1493]]],[[[39.3319,-8.1451],[39.3328,-8.1418],[39.3253,-8.1382],[39.3221,-8.1537],[39.3319,-8.1451]]],[[[39.3122,-8.1458],[39.3213,-8.1483],[39.3216,-8.1466],[39.317,-8.1415],[39.3122,-8.1458]]],[[[39.3233,-8.0636],[39.3218,-8.0655],[39.3211,-8.0673],[39.3226,-8.0692],[39.3233,-8.0636]]],[[[39.3324,-8.0527],[39.3233,-8.0699],[39.3323,-8.0644],[39.3307,-8.0638],[39.3324,-8.0527]]],[[[39.3235,-8.056],[39.3264,-8.0509],[39.3211,-8.0505],[39.3189,-8.0472],[39.3235,-8.056]]],[[[39.3058,-8.0405],[39.3115,-8.0359],[39.2983,-8.0223],[39.2973,-8.0279],[39.3058,-8.0405]]],[[[39.3276,-7.9866],[39.3305,-7.9705],[39.3142,-7.9758],[39.3213,-7.9864],[39.3276,-7.9866]]],[[[39.3069,-7.979],[39.3091,-7.9754],[39.3053,-7.9739],[39.304,-7.9739],[39.3069,-7.979]]],[[[39.308,-7.9711],[39.3066,-7.9706],[39.3048,-7.9724],[39.3055,-7.9731],[39.308,-7.9711]]],[[[39.3208,-7.9717],[39.3225,-7.9709],[39.3205,-7.9706],[39.3185,-7.9696],[39.3153,-7.9693],[39.3208,-7.9717]]],[[[39.3323,-7.9667],[39.3303,-7.9594],[39.3281,-7.9598],[39.3265,-7.9664],[39.3323,-7.9667]]],[[[39.3027,-7.9593],[39.3041,-7.9603],[39.3074,-7.9589],[39.3039,-7.9564],[39.3027,-7.9593]]],[[[39.3023,-7.9459],[39.3005,-7.9506],[39.3064,-7.9522],[39.3072,-7.9513],[39.3023,-7.9459]]],[[[39.3054,-7.9414],[39.3053,-7.9448],[39.3074,-7.9492],[39.3109,-7.9505],[39.3054,-7.9414]]],[[[39.3197,-7.9343],[39.3213,-7.9385],[39.3234,-7.9385],[39.3219,-7.9315],[39.3197,-7.9343]]],[[[39.3251,-7.9266],[39.3244,-7.9279],[39.3249,-7.9326],[39.328,-7.9307],[39.3251,-7.9266]]],[[[39.3325,-7.9304],[39.3321,-7.9217],[39.3289,-7.9198],[39.3255,-7.9183],[39.3325,-7.9304]]],[[[39.313,-7.9172],[39.3202,-7.9181],[39.317,-7.916],[39.3154,-7.9155],[39.313,-7.9172]]],[[[39.3216,-7.9172],[39.325,-7.9182],[39.3288,-7.9165],[39.3321,-7.9106],[39.3216,-7.9172]]],[[[39.3172,-7.8834],[39.3123,-7.8843],[39.3087,-7.8872],[39.3074,-7.8888],[39.3172,-7.8834]]],[[[39.3212,-7.8741],[39.3251,-7.8758],[39.3255,-7.873],[39.3244,-7.8716],[39.3212,-7.8741]]],[[[39.329,-7.8567],[39.3299,-7.8538],[39.3253,-7.8487],[39.3248,-7.8502],[39.329,-7.8567]]],[[[39.309,-7.8473],[39.3133,-7.847],[39.3123,-7.8458],[39.3093,-7.8464],[39.309,-7.8473]]],[[[39.3173,-7.8398],[39.3167,-7.8387],[39.3067,-7.8366],[39.3065,-7.8404],[39.3173,-7.8398]]],[[[39.3286,-7.8309],[39.3244,-7.8261],[39.3194,-7.8257],[39.3163,-7.8264],[39.3286,-7.8309]]],[[[39.3314,-7.8268],[39.3298,-7.8257],[39.3294,-7.8265],[39.3305,-7.8276],[39.3314,-7.8268]]],[[[39.3258,-7.8255],[39.3269,-7.8271],[39.3277,-7.8268],[39.3282,-7.8251],[39.3258,-7.8255]]],[[[39.3287,-7.7602],[39.336,-7.7646],[39.3339,-7.7615],[39.331,-7.7596],[39.3287,-7.7602]]],[[[39.3333,-8.29],[39.3345,-8.2896],[39.3346,-8.2885],[39.3315,-8.2887],[39.3333,-8.29]]],[[[39.3418,-8.2759],[39.3459,-8.2753],[39.3452,-8.2718],[39.3391,-8.2751],[39.3418,-8.2759]]],[[[39.3352,-8.2644],[39.3339,-8.2744],[39.3387,-8.273],[39.338,-8.2682],[39.3352,-8.2644]]],[[[39.3365,-8.2502],[39.334,-8.2462],[39.3345,-8.2485],[39.3354,-8.2503],[39.3365,-8.2502]]],[[[39.335,-8.2427],[39.3357,-8.2454],[39.3376,-8.2422],[39.3433,-8.2351],[39.335,-8.2427]]],[[[39.3315,-8.2475],[39.3399,-8.2289],[39.3357,-8.2327],[39.3341,-8.2203],[39.3315,-8.2475]]],[[[39.3461,-8.2267],[39.3427,-8.2174],[39.3446,-8.2274],[39.3441,-8.2294],[39.3438,-8.2347],[39.3461,-8.2267]]],[[[39.3524,-8.2176],[39.3534,-8.2178],[39.3552,-8.2176],[39.3512,-8.2146],[39.3524,-8.2176]]],[[[39.35,-8.2097],[39.3474,-8.2073],[39.3451,-8.2057],[39.3454,-8.2096],[39.35,-8.2097]]],[[[39.3403,-8.1936],[39.3443,-8.1829],[39.3298,-8.1892],[39.3331,-8.1944],[39.3403,-8.1936]]],[[[39.3525,-8.1729],[39.3492,-8.1748],[39.3496,-8.1765],[39.3521,-8.1753],[39.3525,-8.1729]]],[[[39.3356,-8.1769],[39.3376,-8.177],[39.3401,-8.1743],[39.3376,-8.1722],[39.3356,-8.1769]]],[[[39.3452,-8.1698],[39.3483,-8.1686],[39.3488,-8.1681],[39.35,-8.1647],[39.3452,-8.1698]]],[[[39.3369,-8.166],[39.3375,-8.1677],[39.3388,-8.1668],[39.3387,-8.1658],[39.3369,-8.166]]],[[[39.3337,-8.1661],[39.3359,-8.1671],[39.3357,-8.1644],[39.3348,-8.1639],[39.3337,-8.1661]]],[[[39.343,-8.1624],[39.3404,-8.1685],[39.343,-8.1646],[39.3441,-8.1642],[39.3454,-8.1624],[39.343,-8.1624]]],[[[39.3388,-8.1578],[39.336,-8.1605],[39.3364,-8.1612],[39.3375,-8.1616],[39.3388,-8.1578]]],[[[39.3439,-8.1564],[39.3462,-8.1616],[39.3539,-8.1592],[39.3612,-8.1546],[39.3439,-8.1564]]],[[[39.3421,-8.1546],[39.3558,-8.1528],[39.3614,-8.141],[39.3478,-8.1445],[39.3421,-8.1546]]],[[[39.3377,-8.122],[39.3432,-8.1257],[39.3465,-8.1249],[39.3422,-8.1204],[39.3377,-8.122]]],[[[39.3484,-8.0689],[39.3459,-8.0678],[39.3437,-8.0712],[39.3141,-8.0859],[39.3767,-8.1387],[39.3949,-8.0877],[39.3735,-8.0564],[39.3484,-8.0689]]],[[[39.3388,-8.0646],[39.3509,-8.0675],[39.3492,-8.0607],[39.3456,-8.0643],[39.3388,-8.0646]]],[[[39.3413,-8.047],[39.3459,-8.0424],[39.3452,-8.0379],[39.3403,-8.0415],[39.3413,-8.047]]],[[[39.3481,-8.0205],[39.3389,-8.018],[39.3351,-8.0218],[39.3363,-8.0373],[39.3481,-8.0205]]],[[[39.363,-8.0215],[39.3633,-8.0219],[39.3657,-8.0192],[39.3654,-8.0164],[39.3572,-8.0099],[39.3562,-8.0145],[39.3597,-8.0181],[39.3519,-8.0197],[39.3568,-8.026],[39.363,-8.0215]]],[[[39.3539,-8.0051],[39.3472,-8.0122],[39.3506,-8.0136],[39.353,-8.0106],[39.3539,-8.0051]]],[[[39.3586,-7.9645],[39.3424,-7.9657],[39.3285,-7.9979],[39.3361,-7.9845],[39.3586,-7.9645]]],[[[39.3477,-7.8942],[39.3483,-7.8928],[39.3474,-7.8917],[39.346,-7.8923],[39.3477,-7.8942]]],[[[39.3339,-7.891],[39.337,-7.8916],[39.3362,-7.8889],[39.3354,-7.8885],[39.3339,-7.891]]],[[[39.348,-7.8836],[39.3515,-7.8903],[39.3522,-7.8881],[39.35,-7.8868],[39.348,-7.8836]]],[[[39.3433,-7.8834],[39.3422,-7.8853],[39.3442,-7.8889],[39.3472,-7.8895],[39.3433,-7.8834]]],[[[39.3505,-7.8519],[39.3531,-7.8464],[39.3489,-7.8363],[39.3472,-7.8447],[39.3503,-7.8517],[39.3489,-7.8506],[39.3451,-7.853],[39.3501,-7.8637],[39.3523,-7.8534],[39.3505,-7.8519]]],[[[39.3527,-7.8544],[39.3528,-7.856],[39.3534,-7.8556],[39.3535,-7.8538],[39.3527,-7.8544]]],[[[39.3529,-7.8527],[39.3537,-7.8523],[39.3538,-7.8515],[39.3536,-7.8514],[39.3529,-7.8527]]],[[[39.3527,-7.8236],[39.3523,-7.8249],[39.3531,-7.8253],[39.3539,-7.825],[39.3527,-7.8236]]],[[[39.3551,-7.8192],[39.3541,-7.8217],[39.3557,-7.825],[39.3574,-7.8273],[39.3551,-7.8192]]],[[[39.3513,-7.8232],[39.3504,-7.8211],[39.3498,-7.8221],[39.3509,-7.8234],[39.3513,-7.8232]]],[[[39.3531,-7.7958],[39.3553,-7.7925],[39.3529,-7.7835],[39.3333,-7.798],[39.3531,-7.7958]]],[[[39.3334,-7.7656],[39.3336,-7.766],[39.3346,-7.766],[39.3348,-7.7651],[39.3334,-7.7656]]],[[[39.3483,-7.7631],[39.3456,-7.7614],[39.3398,-7.759],[39.3392,-7.7696],[39.3483,-7.7631]]],[[[39.3384,-7.7551],[39.3396,-7.7537],[39.3377,-7.753],[39.3375,-7.7546],[39.3384,-7.7551]]],[[[39.343,-7.7514],[39.3461,-7.7515],[39.3472,-7.7469],[39.3446,-7.7448],[39.343,-7.7514]]],[[[39.3577,-8.1661],[39.3603,-8.168],[39.3606,-8.1658],[39.3592,-8.1643],[39.3577,-8.1661]]],[[[39.3537,-8.1615],[39.3545,-8.1625],[39.3593,-8.1611],[39.3613,-8.1585],[39.3537,-8.1615]]],[[[39.3728,-8.1561],[39.3753,-8.1508],[39.374,-8.1458],[39.3701,-8.148],[39.3728,-8.1561]]],[[[39.3611,-8.146],[39.3591,-8.1483],[39.3607,-8.1477],[39.3623,-8.1484],[39.3611,-8.146]]],[[[39.3741,-8.0352],[39.3796,-8.0322],[39.3771,-8.03],[39.3718,-8.031],[39.368,-8.0233],[39.3699,-8.0315],[39.3643,-8.0266],[39.3486,-8.0344],[39.3544,-8.0652],[39.3771,-8.0484],[39.3756,-8.05],[39.4035,-8.0579],[39.4036,-8.0589],[39.404,-8.0616],[39.4045,-8.062],[39.4036,-8.0579],[39.4072,-8.0589],[39.4049,-8.0338],[39.3942,-8.0297],[39.3825,-8.0425],[39.3741,-8.0352]]],[[[39.3741,-8.0294],[39.386,-8.0156],[39.3797,-8.0121],[39.3681,-8.014],[39.3741,-8.0294]]],[[[39.3643,-8.0109],[39.3674,-8.0131],[39.3764,-8.0107],[39.3791,-8.0091],[39.3643,-8.0109]]],[[[39.4042,-7.9648],[39.4055,-7.9726],[39.4162,-7.9688],[39.4141,-7.9651],[39.4048,-7.9627],[39.4083,-7.951],[39.3638,-7.9885],[39.3718,-8.0066],[39.3964,-7.991],[39.4042,-7.9648]]],[[[39.367,-7.9737],[39.3659,-7.9777],[39.3678,-7.9763],[39.3676,-7.9751],[39.3685,-7.9734],[39.367,-7.9737]]],[[[39.3649,-7.9732],[39.3612,-7.9686],[39.3538,-7.9702],[39.3538,-7.9726],[39.3649,-7.9732]]],[[[39.3784,-7.9717],[39.3835,-7.9626],[39.3819,-7.9582],[39.3761,-7.9688],[39.3784,-7.9717]]],[[[39.3895,-7.9331],[39.3888,-7.9331],[39.3886,-7.935],[39.3904,-7.9358],[39.3895,-7.9331]]],[[[39.3913,-7.9331],[39.3928,-7.9325],[39.3925,-7.9301],[39.3896,-7.9308],[39.3913,-7.9331]]],[[[39.3616,-7.9277],[39.36,-7.9273],[39.3562,-7.9311],[39.3601,-7.9307],[39.3616,-7.9277]]],[[[39.3815,-7.9179],[39.3826,-7.9222],[39.3855,-7.923],[39.3845,-7.9193],[39.3815,-7.9179]]],[[[39.3885,-7.8872],[39.3928,-7.8901],[39.3924,-7.888],[39.3921,-7.8856],[39.3885,-7.8872]]],[[[39.3835,-7.8888],[39.382,-7.8808],[39.3754,-7.8857],[39.3763,-7.891],[39.3835,-7.8888]]],[[[39.372,-7.8838],[39.3742,-7.8846],[39.3757,-7.8829],[39.3755,-7.8816],[39.372,-7.8838]]],[[[39.3906,-7.8836],[39.3932,-7.883],[39.3925,-7.8795],[39.389,-7.8785],[39.3906,-7.8836]]],[[[39.3703,-7.8804],[39.3708,-7.8801],[39.3699,-7.8784],[39.3682,-7.8781],[39.3703,-7.8804]]],[[[39.3779,-7.8772],[39.3783,-7.8762],[39.3776,-7.8754],[39.376,-7.8749],[39.3779,-7.8772]]],[[[39.3796,-7.8713],[39.3815,-7.8712],[39.3815,-7.8699],[39.3805,-7.8697],[39.3796,-7.8713]]],[[[39.3837,-7.8711],[39.3874,-7.8694],[39.3858,-7.8674],[39.3833,-7.869],[39.3837,-7.8711]]],[[[39.3888,-7.8619],[39.3898,-7.8578],[39.3867,-7.8587],[39.3859,-7.8621],[39.3888,-7.8619]]],[[[39.3918,-7.8581],[39.3923,-7.8575],[39.3912,-7.8563],[39.3895,-7.8569],[39.3918,-7.8581]]],[[[39.3682,-7.8719],[39.3982,-7.849],[39.3757,-7.8445],[39.3753,-7.8407],[39.3682,-7.8719]]],[[[39.3685,-7.8491],[39.3651,-7.8525],[39.3636,-7.8599],[39.3672,-7.8576],[39.3685,-7.8491]]],[[[39.368,-7.847],[39.3676,-7.8473],[39.3672,-7.849],[39.3683,-7.8485],[39.368,-7.847]]],[[[39.3675,-7.8453],[39.3667,-7.8462],[39.3663,-7.8484],[39.3657,-7.8501],[39.3675,-7.8453]]],[[[39.3823,-7.8444],[39.3871,-7.8453],[39.3858,-7.8423],[39.3834,-7.8416],[39.3823,-7.8444]]],[[[39.3645,-7.8203],[39.3623,-7.8185],[39.3592,-7.8187],[39.364,-7.8229],[39.3645,-7.8203]]],[[[39.3741,-7.8171],[39.3745,-7.8203],[39.3756,-7.8211],[39.3778,-7.8206],[39.3741,-7.8171]]],[[[39.3734,-7.821],[39.3721,-7.8168],[39.3647,-7.81],[39.3545,-7.8129],[39.3734,-7.821]]],[[[39.3841,-7.8035],[39.3883,-7.8085],[39.3897,-7.8093],[39.3837,-7.8025],[39.3841,-7.8035]]],[[[39.3865,-7.8015],[39.3863,-7.8027],[39.3887,-7.8059],[39.391,-7.8076],[39.3865,-7.8015]]],[[[39.3783,-7.7946],[39.3772,-7.7989],[39.382,-7.8008],[39.3797,-7.7957],[39.3783,-7.7946]]],[[[39.3614,-7.8011],[39.3664,-7.7953],[39.3636,-7.7927],[39.357,-7.7982],[39.3614,-7.8011]]],[[[39.3794,-7.7867],[39.3959,-7.8053],[39.3932,-7.7953],[39.3903,-7.7951],[39.3794,-7.7867]]],[[[39.3897,-7.7918],[39.3987,-7.7984],[39.3996,-7.7915],[39.4026,-7.7917],[39.4014,-7.7912],[39.3996,-7.7911],[39.3999,-7.7889],[39.396,-7.7861],[39.3969,-7.7866],[39.3979,-7.7872],[39.3971,-7.7862],[39.3935,-7.7844],[39.3724,-7.7693],[39.3822,-7.7711],[39.376,-7.7682],[39.3677,-7.7654],[39.3583,-7.7669],[39.3711,-7.7691],[39.3619,-7.7714],[39.3889,-7.7912],[39.387,-7.7908],[39.389,-7.7921],[39.3899,-7.7933],[39.3912,-7.794],[39.3897,-7.7918]]],[[[39.3585,-7.7735],[39.362,-7.7746],[39.3613,-7.7727],[39.3591,-7.7714],[39.3585,-7.7735]]],[[[39.3946,-8.1096],[39.3915,-8.1077],[39.3928,-8.1085],[39.392,-8.1114],[39.3946,-8.1096]]],[[[39.4008,-8.096],[39.4017,-8.0935],[39.4017,-8.0925],[39.3999,-8.0893],[39.4007,-8.0961],[39.3931,-8.1061],[39.3989,-8.1053],[39.4101,-8.093],[39.4093,-8.0849],[39.4008,-8.096]]],[[[39.4113,-8.0824],[39.4147,-8.0807],[39.4167,-8.0723],[39.4162,-8.0671],[39.4113,-8.0824]]],[[[39.396,-8.0593],[39.3959,-8.0607],[39.3956,-8.0618],[39.3959,-8.0636],[39.396,-8.0593]]],[[[39.4119,-8.0642],[39.4122,-8.0627],[39.4111,-8.0508],[39.4098,-8.0493],[39.4119,-8.0642]]],[[[39.417,-8.0654],[39.4205,-8.0643],[39.4216,-8.0603],[39.4288,-8.0435],[39.417,-8.0654]]],[[[39.4091,-8.0389],[39.4093,-8.0442],[39.4099,-8.0461],[39.4106,-8.0477],[39.4091,-8.0389]]],[[[39.4462,-8.0021],[39.4466,-7.9924],[39.4449,-7.9893],[39.4396,-8.0205],[39.4462,-8.0021]]],[[[39.4058,-8.0188],[39.426,-8.0118],[39.4262,-7.9738],[39.4263,-7.965],[39.4058,-8.0188]]],[[[39.4199,-7.9639],[39.4185,-7.963],[39.4179,-7.9632],[39.4175,-7.965],[39.4199,-7.9639]]],[[[39.4168,-7.9578],[39.4184,-7.9502],[39.4165,-7.9492],[39.4122,-7.9578],[39.4168,-7.9578]]],[[[39.4193,-7.9431],[39.415,-7.9202],[39.4075,-7.9193],[39.4129,-7.9457],[39.4193,-7.9431]]],[[[39.3946,-7.909],[39.4022,-7.9064],[39.402,-7.9006],[39.3956,-7.8959],[39.3946,-7.909]]],[[[39.4068,-7.8949],[39.4045,-7.8968],[39.4045,-7.8988],[39.4068,-7.8978],[39.4068,-7.8949]]],[[[39.4126,-7.8924],[39.4159,-7.8852],[39.3989,-7.8767],[39.3962,-7.8874],[39.4126,-7.8924]]],[[[39.4165,-7.8705],[39.4189,-7.8669],[39.4111,-7.8647],[39.4075,-7.8754],[39.4121,-7.8773],[39.414,-7.8744],[39.4139,-7.8766],[39.4231,-7.8715],[39.4176,-7.8703],[39.4165,-7.8705]]],[[[39.4058,-7.8659],[39.4089,-7.8678],[39.4086,-7.8671],[39.4073,-7.8654],[39.4058,-7.8659]]],[[[39.4086,-7.8592],[39.4093,-7.8573],[39.4087,-7.857],[39.4065,-7.8591],[39.4086,-7.8592]]],[[[39.405,-7.8564],[39.4069,-7.8572],[39.4063,-7.856],[39.4052,-7.8556],[39.405,-7.8564]]],[[[39.4225,-7.8528],[39.4216,-7.8524],[39.4209,-7.8538],[39.4222,-7.8545],[39.4225,-7.8528]]],[[[39.3993,-7.8471],[39.3973,-7.8532],[39.4009,-7.8544],[39.4014,-7.8536],[39.3993,-7.8471]]],[[[39.4252,-7.851],[39.4241,-7.8497],[39.4237,-7.8506],[39.4243,-7.8514],[39.4252,-7.851]]],[[[39.4317,-7.8542],[39.4412,-7.8465],[39.4424,-7.8433],[39.4241,-7.8452],[39.4317,-7.8542]]],[[[39.4176,-7.8486],[39.4172,-7.8482],[39.4163,-7.8474],[39.4174,-7.8496],[39.4176,-7.8486]]],[[[39.4235,-7.8462],[39.4229,-7.8473],[39.4233,-7.8485],[39.4242,-7.8464],[39.4235,-7.8462]]],[[[39.4177,-7.8478],[39.4185,-7.8484],[39.4201,-7.847],[39.4197,-7.8449],[39.4177,-7.8478]]],[[[39.4255,-7.8417],[39.426,-7.8424],[39.4273,-7.8429],[39.4266,-7.8414],[39.4255,-7.8417]]],[[[39.4249,-7.8406],[39.4259,-7.8407],[39.4268,-7.84],[39.4251,-7.8396],[39.4249,-7.8406]]],[[[39.4252,-7.8394],[39.4264,-7.839],[39.4258,-7.838],[39.4251,-7.8388],[39.4252,-7.8394]]],[[[39.4208,-7.8379],[39.4211,-7.8388],[39.4217,-7.8387],[39.4217,-7.8381],[39.4208,-7.8379]]],[[[39.4121,-7.8333],[39.4121,-7.8322],[39.4116,-7.8329],[39.4028,-7.8254],[39.3866,-7.8387],[39.389,-7.8421],[39.4179,-7.8383],[39.4121,-7.8333]]],[[[39.4137,-7.8317],[39.4163,-7.8332],[39.4152,-7.8323],[39.4148,-7.8316],[39.4137,-7.8317]]],[[[39.4336,-7.8314],[39.4404,-7.8335],[39.4415,-7.8296],[39.4409,-7.8263],[39.4336,-7.8314]]],[[[39.4178,-7.8304],[39.4233,-7.831],[39.4227,-7.8293],[39.4202,-7.8279],[39.4178,-7.8304]]],[[[39.4021,-7.8223],[39.4135,-7.8269],[39.418,-7.8155],[39.4137,-7.8106],[39.4021,-7.8223]]],[[[39.6534,-8.0981],[39.7413,-8.0506],[39.7067,-8.0139],[39.6968,-8.0593],[39.6534,-8.0981]]],[[[39.7763,-7.9267],[39.8482,-7.8684],[39.9059,-7.617],[39.7965,-7.7333],[39.7318,-7.7385],[39.8281,-7.7802],[39.7001,-7.8059],[39.731,-7.8403],[39.584,-7.9217],[39.6284,-8.0348],[39.6996,-7.9889],[39.7715,-7.9306],[39.7226,-8.0047],[39.7487,-8.0397],[39.8064,-7.9621],[39.7763,-7.9267]]],[[[39.5453,-7.9389],[39.5044,-7.9386],[39.5277,-7.9776],[39.5447,-7.9616],[39.5453,-7.9389]]],[[[39.7455,-7.699],[39.7328,-7.703],[39.7425,-7.7144],[39.7542,-7.7079],[39.7455,-7.699]]],[[[39.6883,-7.6737],[39.6738,-7.6872],[39.6759,-7.6909],[39.6882,-7.6858],[39.6883,-7.6737]]],[[[39.2701,-6.6983],[39.2675,-6.6919],[39.2611,-6.6887],[39.2599,-6.6931],[39.2701,-6.6983]]],[[[39.2481,-6.6539],[39.2541,-6.6537],[39.2519,-6.6474],[39.2459,-6.6473],[39.2481,-6.6539]]],[[[39.5828,-9.0449],[39.609,-9.1143],[39.6237,-9.0588],[39.5647,-9.0332],[39.5543,-9.0709],[39.5828,-9.0449]]],[[[39.5193,-9.0443],[39.515,-9.0565],[39.5252,-9.059],[39.5295,-9.051],[39.5193,-9.0443]]],[[[39.5736,-8.572],[39.5742,-8.5711],[39.5727,-8.5714],[39.5728,-8.5721],[39.5736,-8.572]]],[[[39.5247,-8.5321],[39.499,-8.5003],[39.5004,-8.5217],[39.5107,-8.5322],[39.5247,-8.5321]]],[[[39.6144,-8.3773],[39.6144,-8.3808],[39.6213,-8.3808],[39.6201,-8.3762],[39.6144,-8.3773]]],[[[39.6563,-8.2986],[39.65,-8.3038],[39.6546,-8.3083],[39.6638,-8.3009],[39.6563,-8.2986]]],[[[39.597,-8.2755],[39.5976,-8.2775],[39.6094,-8.2736],[39.6051,-8.2687],[39.597,-8.2755]]],[[[40.378,-10.2797],[40.3695,-10.273],[40.3688,-10.282],[40.374,-10.2855],[40.378,-10.2797]]],[[[40.3222,-10.2482],[40.3346,-10.253],[40.347,-10.2627],[40.323,-10.2362],[40.3222,-10.2482]]],[[[30.9502,-8.2137],[30.9476,-8.2054],[30.9416,-8.2068],[30.9456,-8.2113],[30.9502,-8.2137]]],[[[30.5497,-7.4432],[30.5451,-7.433],[30.5399,-7.4364],[30.5439,-7.4434],[30.5497,-7.4432]]],[[[30.5627,-7.3896],[30.5765,-7.4055],[30.5758,-7.4274],[30.5845,-7.3964],[30.5627,-7.3896]]],[[[31.6912,-2.2732],[31.6939,-2.2816],[31.7014,-2.2631],[31.6961,-2.2624],[31.6912,-2.2732]]],[[[31.7368,-2.185],[31.7296,-2.1792],[31.7248,-2.1783],[31.7352,-2.191],[31.7368,-2.185]]],[[[31.7606,-2.0725],[31.7447,-2.1176],[31.7541,-2.149],[31.8235,-2.1422],[31.818,-2.1209],[31.7805,-2.1281],[31.7606,-2.0725]]],[[[31.7747,-2.0464],[31.7829,-2.0347],[31.7719,-2.0416],[31.7712,-2.0524],[31.7747,-2.0464]]],[[[31.7582,-2.0267],[31.7701,-2.0263],[31.7725,-2.0128],[31.7564,-2.0247],[31.7582,-2.0267]]],[[[31.7901,-2.0211],[31.7947,-2.0061],[31.7774,-2.0051],[31.7816,-2.0239],[31.7901,-2.0211]]],[[[31.7665,-1.991],[31.7608,-1.9953],[31.7625,-2.0007],[31.7673,-1.9997],[31.7665,-1.991]]],[[[31.7958,-1.9973],[31.8009,-1.996],[31.8012,-1.9894],[31.7943,-1.9941],[31.7958,-1.9973]]],[[[31.7948,-1.9909],[31.7885,-1.9733],[31.782,-1.9711],[31.7681,-1.9727],[31.7948,-1.9909]]],[[[31.8192,-1.9735],[31.8355,-1.9657],[31.8218,-1.9458],[31.8075,-1.9543],[31.8192,-1.9735]]],[[[31.7734,-1.9622],[31.7785,-1.9557],[31.7786,-1.9472],[31.7723,-1.9479],[31.7734,-1.9622]]],[[[31.7869,-1.9505],[31.7904,-1.9425],[31.7855,-1.9364],[31.7773,-1.9322],[31.7869,-1.9505]]],[[[31.7938,-1.8319],[31.8002,-1.8279],[31.8006,-1.8228],[31.7906,-1.8299],[31.7938,-1.8319]]],[[[31.823,-2.1553],[31.823,-2.1506],[31.8223,-2.1448],[31.8207,-2.1442],[31.823,-2.1553]]],[[[31.8261,-1.8155],[31.8424,-1.7751],[31.8306,-1.7568],[31.813,-1.8263],[31.8261,-1.8155]]],[[[31.9059,-1.6657],[31.8946,-1.6098],[31.8578,-1.6113],[31.8519,-1.7537],[31.9059,-1.6657]]],[[[31.948,-1.6801],[31.9508,-1.6783],[31.9508,-1.6748],[31.9483,-1.6747],[31.948,-1.6801]]],[[[31.9424,-1.6542],[31.939,-1.6596],[31.9414,-1.6621],[31.9441,-1.6547],[31.9424,-1.6542]]],[[[31.9318,-1.6464],[31.907,-1.6199],[31.9005,-1.6267],[31.9343,-1.6531],[31.9318,-1.6464]]],[[[31.8557,-1.5756],[31.8506,-1.5853],[31.8712,-1.5926],[31.8724,-1.5807],[31.8557,-1.5756]]],[[[31.9064,-1.5433],[31.9099,-1.5316],[31.9023,-1.5314],[31.8965,-1.5548],[31.9064,-1.5433]]],[[[31.9853,-1.5099],[31.9859,-1.5109],[31.9887,-1.5096],[31.9888,-1.5085],[31.9853,-1.5099]]],[[[32.0061,-1.4996],[32.0035,-1.5019],[32.0049,-1.5029],[32.0074,-1.4997],[32.0061,-1.4996]]],[[[31.9794,-1.5035],[31.9849,-1.5044],[31.9917,-1.4984],[31.991,-1.4956],[31.9794,-1.5035]]],[[[32.124,-1.4713],[32.1257,-1.453],[32.1341,-1.4393],[32.1002,-1.4927],[32.124,-1.4713]]],[[[32.6043,-1.4721],[32.6176,-1.4723],[32.6163,-1.4592],[32.6048,-1.4679],[32.6043,-1.4721]]],[[[31.8504,-1.3542],[31.8476,-1.3533],[31.8449,-1.3536],[31.8449,-1.3565],[31.8504,-1.3542]]],[[[31.8673,-1.2999],[31.8684,-1.2978],[31.8684,-1.2957],[31.8668,-1.2919],[31.8673,-1.2999]]],[[[32.8894,-2.105],[32.8671,-2.1059],[32.9033,-2.1332],[32.9064,-2.111],[32.8894,-2.105]]],[[[32.7805,-2.1152],[32.7802,-2.1114],[32.7765,-2.1124],[32.7764,-2.1178],[32.7805,-2.1152]]],[[[32.8225,-1.9715],[32.8238,-1.9608],[32.8168,-1.9576],[32.8198,-1.9727],[32.8225,-1.9715]]],[[[32.8315,-1.963],[32.8286,-1.9623],[32.8276,-1.9634],[32.8307,-1.9661],[32.8315,-1.963]]],[[[32.8808,-1.8738],[32.8814,-1.8764],[32.8839,-1.8765],[32.8818,-1.8733],[32.8808,-1.8738]]],[[[32.8654,-1.8596],[32.8437,-1.8493],[32.8417,-1.8603],[32.8638,-1.876],[32.8654,-1.8596]]],[[[32.8878,-1.8377],[32.8911,-1.8398],[32.8923,-1.8367],[32.8896,-1.8357],[32.8878,-1.8377]]],[[[32.8109,-1.8393],[32.8122,-1.8348],[32.8111,-1.8293],[32.8064,-1.8305],[32.8109,-1.8393]]],[[[32.8902,-1.8292],[32.8884,-1.827],[32.8877,-1.8295],[32.8891,-1.8306],[32.8902,-1.8292]]],[[[32.8315,-1.8236],[32.8339,-1.8304],[32.8377,-1.8292],[32.8352,-1.8211],[32.8315,-1.8236]]],[[[32.9004,-1.821],[32.9005,-1.8229],[32.9021,-1.8238],[32.9029,-1.8227],[32.9004,-1.821]]],[[[32.8103,-1.8219],[32.8107,-1.8196],[32.8083,-1.8173],[32.8052,-1.8201],[32.8103,-1.8219]]],[[[32.8133,-1.8136],[32.8178,-1.8083],[32.8146,-1.8066],[32.8107,-1.8102],[32.8133,-1.8136]]],[[[32.8,-1.7968],[32.7961,-1.7969],[32.7966,-1.8057],[32.8044,-1.8038],[32.8,-1.7968]]],[[[33.0508,-2.1403],[33.0497,-2.1477],[33.0544,-2.1482],[33.0542,-2.1403],[33.0508,-2.1403]]],[[[33.0102,-2.1279],[33.0092,-2.1229],[33.0063,-2.1198],[33.0074,-2.1311],[33.0102,-2.1279]]],[[[33.1928,-2.1123],[33.1943,-2.1091],[33.1871,-2.1079],[33.1863,-2.1106],[33.1928,-2.1123]]],[[[32.9642,-1.9771],[32.9214,-1.883],[32.8215,-1.9238],[32.9043,-1.9715],[32.8424,-2.0563],[33.0742,-2.114],[33.1479,-2.1757],[33.1526,-2.1288],[33.1838,-2.1428],[33.1009,-1.9503],[32.9642,-1.9771]]],[[[33.206,-1.9311],[33.216,-1.9341],[33.2163,-1.9318],[33.2067,-1.9267],[33.206,-1.9311]]],[[[33.0543,-1.9395],[33.0647,-1.9375],[33.0647,-1.9223],[33.0495,-1.913],[33.0543,-1.9395]]],[[[33.192,-1.9261],[33.1956,-1.9275],[33.1974,-1.9253],[33.1906,-1.9232],[33.192,-1.9261]]],[[[33.1842,-1.9208],[33.1537,-1.917],[33.141,-1.9269],[33.1871,-1.923],[33.1842,-1.9208]]],[[[33.0219,-1.8862],[33.0842,-1.8582],[33.0851,-1.789],[33.006,-1.7992],[33.0219,-1.8862]]],[[[33.4172,-1.7203],[33.4042,-1.732],[33.4084,-1.7377],[33.4215,-1.7193],[33.4172,-1.7203]]],[[[33.3709,-1.7217],[33.3494,-1.7024],[33.3322,-1.7183],[33.3694,-1.74],[33.3709,-1.7217]]],[[[33.4236,-1.6915],[33.4258,-1.6824],[33.427,-1.6759],[33.4179,-1.6761],[33.4236,-1.6915]]],[[[33.3944,-1.6735],[33.3995,-1.6736],[33.4041,-1.6685],[33.3929,-1.6711],[33.3944,-1.6735]]],[[[32.8714,-2.5219],[32.8749,-2.5226],[32.8752,-2.5183],[32.872,-2.5164],[32.8714,-2.5219]]],[[[32.8635,-2.5098],[32.8686,-2.5147],[32.869,-2.5108],[32.8651,-2.5076],[32.8635,-2.5098]]],[[[32.158,-2.4895],[32.1556,-2.4877],[32.1453,-2.4925],[32.1499,-2.4958],[32.158,-2.4895]]],[[[31.9475,-2.3414],[31.9793,-2.3692],[32.0776,-2.2746],[32.0352,-2.271],[32.0339,-2.2161],[31.9328,-2.2916],[31.9877,-2.2995],[31.9475,-2.3414]]],[[[32.2048,-2.2509],[32.1986,-2.247],[32.1932,-2.2475],[32.201,-2.2559],[32.2048,-2.2509]]],[[[32.3159,-2.2394],[32.3217,-2.2349],[32.3174,-2.2354],[32.3132,-2.2324],[32.3159,-2.2394]]],[[[32.0632,-2.2299],[32.0707,-2.2242],[32.0694,-2.2163],[32.065,-2.2191],[32.0632,-2.2299]]],[[[32.0801,-2.2123],[32.0811,-2.2113],[32.0805,-2.2078],[32.072,-2.2105],[32.0801,-2.2123]]],[[[32.2702,-2.2127],[32.2756,-2.2116],[32.2735,-2.207],[32.2689,-2.2101],[32.2702,-2.2127]]],[[[32.1491,-2.1809],[32.1514,-2.1794],[32.1452,-2.1798],[32.1472,-2.1813],[32.1491,-2.1809]]],[[[32.1295,-2.1748],[32.133,-2.174],[32.1281,-2.1741],[32.1259,-2.1766],[32.1264,-2.1766],[32.1295,-2.1748]]],[[[32.1494,-2.1701],[32.1565,-2.1597],[32.1442,-2.1621],[32.1382,-2.1685],[32.1494,-2.1701]]],[[[32.1257,-2.1547],[32.1206,-2.1604],[32.1315,-2.1637],[32.1244,-2.1581],[32.1257,-2.1547]]],[[[32.7314,-2.4475],[32.7309,-2.4437],[32.727,-2.444],[32.7297,-2.4504],[32.7314,-2.4475]]],[[[32.7718,-2.4341],[32.7479,-2.4223],[32.7372,-2.4373],[32.7597,-2.4471],[32.7718,-2.4341]]],[[[32.696,-2.4184],[32.6967,-2.4283],[32.7189,-2.4419],[32.7145,-2.4303],[32.7025,-2.426],[32.696,-2.4184]]],[[[32.7014,-2.3638],[32.6988,-2.3653],[32.6998,-2.3683],[32.701,-2.3681],[32.7014,-2.3638]]],[[[32.6556,-2.361],[32.6538,-2.3584],[32.6445,-2.3606],[32.6531,-2.3687],[32.6556,-2.361]]],[[[32.4823,-2.3312],[32.4273,-2.2703],[32.4385,-2.4257],[32.5244,-2.39],[32.5427,-2.2709],[32.4823,-2.3312]]],[[[32.7094,-2.3426],[32.7002,-2.3331],[32.6996,-2.3421],[32.7086,-2.3449],[32.7094,-2.3426]]],[[[32.6813,-2.3143],[32.685,-2.3146],[32.6839,-2.3123],[32.6817,-2.312],[32.6813,-2.3143]]],[[[32.5979,-2.2945],[32.5864,-2.3],[32.6124,-2.3076],[32.6108,-2.2969],[32.5979,-2.2945]]],[[[32.573,-2.2914],[32.5803,-2.2913],[32.5803,-2.283],[32.5739,-2.2786],[32.573,-2.2914]]],[[[32.4764,-2.2757],[32.4747,-2.2683],[32.4719,-2.2693],[32.4723,-2.2776],[32.4764,-2.2757]]],[[[33.0047,-2.3635],[32.9959,-2.3629],[33.0047,-2.3698],[33.0049,-2.366],[33.0047,-2.3635]]],[[[32.9222,-2.3645],[32.9227,-2.3617],[32.9204,-2.3619],[32.9204,-2.3632],[32.9222,-2.3645]]],[[[33.1525,-2.2785],[33.1508,-2.2807],[33.1549,-2.2839],[33.1561,-2.2807],[33.1525,-2.2785]]],[[[33.1211,-2.2761],[33.118,-2.279],[33.1236,-2.2859],[33.1318,-2.2786],[33.1211,-2.2761]]],[[[33.0454,-2.2589],[33.0447,-2.2555],[33.0435,-2.2561],[33.0433,-2.2586],[33.0454,-2.2589]]],[[[32.8753,-2.7977],[32.8791,-2.8068],[32.8855,-2.8046],[32.881,-2.795],[32.8753,-2.7977]]],[[[33.5693,-1.6203],[33.5662,-1.6206],[33.5667,-1.6221],[33.5694,-1.6221],[33.5693,-1.6203]]],[[[33.551,-1.6137],[33.5492,-1.612],[33.549,-1.6139],[33.5501,-1.6146],[33.551,-1.6137]]],[[[33.5441,-1.6092],[33.5435,-1.6102],[33.5444,-1.611],[33.5451,-1.6106],[33.5441,-1.6092]]],[[[33.3379,-2.2858],[33.3375,-2.2835],[33.3338,-2.2835],[33.3335,-2.2865],[33.3379,-2.2858]]],[[[33.4473,-2.2079],[33.4413,-2.2089],[33.4413,-2.2129],[33.4486,-2.2126],[33.4473,-2.2079]]],[[[33.4521,-2.2023],[33.4597,-2.2141],[33.4639,-2.2104],[33.4597,-2.203],[33.4521,-2.2023]]],[[[33.269,-2.2169],[33.2981,-2.216],[33.3065,-2.1771],[33.2702,-2.1966],[33.269,-2.2169]]],[[[33.4244,-2.198],[33.4253,-2.1974],[33.4226,-2.1952],[33.4231,-2.1967],[33.4244,-2.198]]],[[[33.846,-1.4687],[33.8478,-1.4719],[33.8513,-1.469],[33.848,-1.4664],[33.846,-1.4687]]],[[[33.7673,-1.4081],[33.7721,-1.4],[33.7657,-1.4013],[33.7655,-1.407],[33.7673,-1.4081]]],[[[33.7759,-1.389],[33.7756,-1.381],[33.7653,-1.3797],[33.7637,-1.3889],[33.7759,-1.389]]],[[[33.6178,-1.51],[33.6178,-1.4999],[33.6148,-1.5044],[33.6151,-1.5073],[33.6178,-1.51]]],[[[33.7128,-1.4049],[33.712,-1.4145],[33.7187,-1.4126],[33.7157,-1.4072],[33.7128,-1.4049]]],[[[33.6953,-1.3926],[33.6998,-1.4055],[33.71,-1.4012],[33.7103,-1.39],[33.6953,-1.3926]]],[[[33.6954,-1.3918],[33.6977,-1.3886],[33.6955,-1.3896],[33.6948,-1.3894],[33.6925,-1.391],[33.6954,-1.3918]]],[[[31.8182,-2.6975],[31.8166,-2.684],[31.81,-2.6909],[31.8122,-2.6963],[31.8182,-2.6975]]],[[[32.0816,-2.5082],[32.0808,-2.5009],[32.0787,-2.5021],[32.0798,-2.5082],[32.0816,-2.5082]]],[[[31.9792,-2.4301],[31.9556,-2.4409],[31.9879,-2.4624],[31.9857,-2.4352],[31.9792,-2.4301]]],[[[31.9944,-2.4353],[32.0141,-2.4388],[32.0125,-2.4328],[32.0032,-2.4259],[31.9944,-2.4353]]],[[[31.966,-2.4323],[31.9692,-2.433],[31.9681,-2.4305],[31.9658,-2.432],[31.966,-2.4323]]],[[[31.9665,-2.4297],[31.967,-2.4278],[31.9654,-2.4277],[31.9642,-2.4293],[31.9665,-2.4297]]],[[[31.9676,-2.4234],[31.9672,-2.4259],[31.9702,-2.4266],[31.9712,-2.4254],[31.9676,-2.4234]]],[[[31.8588,-2.3138],[31.8491,-2.252],[31.7737,-2.2908],[31.8336,-2.3064],[31.8522,-2.4595],[31.9244,-2.3867],[31.8886,-2.3579],[31.92,-2.3012],[31.8588,-2.3138]]],[[[39.2227,-5.8925],[39.2074,-5.938],[39.1838,-5.909],[39.2042,-6.0354],[39.2113,-6.1379],[39.194,-6.1734],[39.2044,-6.1852],[39.2075,-6.1931],[39.2075,-6.1933],[39.228,-6.257],[39.297,-6.3216],[39.3099,-6.2371],[39.3374,-6.2711],[39.4099,-6.3924],[39.3896,-6.3029],[39.4291,-6.2838],[39.4979,-6.4753],[39.5396,-6.4616],[39.5396,-6.4615],[39.5397,-6.4615],[39.5803,-6.3844],[39.5292,-6.1758],[39.506,-6.1262],[39.5089,-6.1771],[39.5024,-6.1908],[39.4093,-6.1997],[39.4198,-6.1814],[39.4379,-6.1713],[39.4381,-6.1605],[39.4012,-6.0217],[39.367,-5.9481],[39.3065,-5.723],[39.275,-5.8638],[39.2227,-5.8925]]],[[[39.3853,-5.8185],[39.3833,-5.8194],[39.3815,-5.8213],[39.3856,-5.8219],[39.3853,-5.8185]]],[[[39.2206,-5.766],[39.2116,-5.8457],[39.2347,-5.8563],[39.2432,-5.8075],[39.2206,-5.766]]],[[[39.2868,-5.7714],[39.2833,-5.7719],[39.2833,-5.7771],[39.2862,-5.7745],[39.2868,-5.7714]]],[[[39.2181,-5.761],[39.2193,-5.7647],[39.2225,-5.7606],[39.2206,-5.7552],[39.2181,-5.761]]],[[[39.6382,-5.1387],[39.6375,-5.1541],[39.6402,-5.1519],[39.6439,-5.1385],[39.647,-5.133],[39.6382,-5.1387]]],[[[39.6635,-5.1362],[39.6605,-5.1323],[39.6571,-5.1492],[39.6689,-5.1395],[39.6635,-5.1362]]],[[[39.6781,-5.1399],[39.6793,-5.1339],[39.6716,-5.1361],[39.6717,-5.1379],[39.6781,-5.1399]]],[[[39.631,-5.1028],[39.6336,-5.1277],[39.6357,-5.1033],[39.631,-5.1028]]],[[[39.833,-5.0452],[39.8748,-4.9961],[39.8659,-4.8868],[39.8169,-4.965],[39.825,-5.0019],[39.6831,-4.8643],[39.6767,-4.8772],[39.674,-4.958],[39.7126,-4.9848],[39.6757,-4.9858],[39.7037,-5.0547],[39.7088,-5.0538],[39.7183,-5.0625],[39.7329,-5.0738],[39.6856,-5.1348],[39.7112,-5.1746],[39.7494,-5.1438],[39.7465,-5.1707],[39.747,-5.1984],[39.7398,-5.2075],[39.6475,-5.1886],[39.6514,-5.2056],[39.7186,-5.2329],[39.7592,-5.257],[39.7211,-5.2478],[39.7211,-5.2479],[39.7209,-5.2478],[39.7009,-5.2847],[39.6911,-5.2845],[39.691,-5.2845],[39.6908,-5.2844],[39.6907,-5.2846],[39.6907,-5.2847],[39.6873,-5.2868],[39.6873,-5.2867],[39.6872,-5.2868],[39.6853,-5.2895],[39.6803,-5.2926],[39.6604,-5.285],[39.6563,-5.2877],[39.6556,-5.2882],[39.6541,-5.2888],[39.6689,-5.3096],[39.6709,-5.3193],[39.6832,-5.3369],[39.6834,-5.35],[39.6833,-5.35],[39.6834,-5.3501],[39.6823,-5.351],[39.6814,-5.3512],[39.6791,-5.3496],[39.6791,-5.3495],[39.679,-5.3495],[39.6758,-5.3519],[39.6773,-5.3359],[39.6771,-5.338],[39.6704,-5.3345],[39.67,-5.3349],[39.6698,-5.3359],[39.665,-5.3386],[39.6646,-5.3382],[39.6639,-5.3387],[39.6637,-5.3384],[39.6635,-5.339],[39.6555,-5.3201],[39.6529,-5.3252],[39.6518,-5.3314],[39.6428,-5.3391],[39.6427,-5.3468],[39.6437,-5.3528],[39.6445,-5.3571],[39.6444,-5.3575],[39.6446,-5.3578],[39.6449,-5.3587],[39.645,-5.3591],[39.641,-5.3664],[39.6404,-5.3677],[39.6399,-5.369],[39.6399,-5.37],[39.6438,-5.3718],[39.6476,-5.3711],[39.6448,-5.375],[39.6419,-5.376],[39.6432,-5.3778],[39.6437,-5.3784],[39.6438,-5.3791],[39.6425,-5.3841],[39.6445,-5.3901],[39.6449,-5.3907],[39.6323,-5.4145],[39.6324,-5.4145],[39.6324,-5.4146],[39.636,-5.4275],[39.6368,-5.4313],[39.6373,-5.4329],[39.6427,-5.4366],[39.6445,-5.4367],[39.6546,-5.4344],[39.6653,-5.4288],[39.6698,-5.4312],[39.7029,-5.452],[39.7018,-5.4391],[39.7092,-5.4227],[39.7352,-5.4326],[39.7598,-5.4369],[39.7529,-5.4077],[39.7467,-5.4066],[39.7602,-5.393],[39.7649,-5.393],[39.7681,-5.3971],[39.7758,-5.3808],[39.7783,-5.3866],[39.783,-5.381],[39.7832,-5.3809],[39.7833,-5.3808],[39.7836,-5.3808],[39.784,-5.3803],[39.784,-5.3802],[39.7911,-5.3737],[39.7964,-5.3691],[39.798,-5.3428],[39.7963,-5.3401],[39.7965,-5.3401],[39.7965,-5.34],[39.7963,-5.34],[39.8004,-5.3233],[39.8557,-5.1918],[39.8637,-5.1145],[39.8211,-5.1373],[39.8272,-5.0941],[39.8271,-5.0942],[39.8272,-5.0938],[39.833,-5.0452]]],[[[39.8719,-5.0885],[39.8597,-5.0405],[39.8478,-5.06],[39.8568,-5.0793],[39.8376,-5.1041],[39.8719,-5.0885]]],[[[39.6451,-5.0875],[39.6644,-5.0091],[39.6487,-5.0276],[39.6355,-5.0934],[39.6451,-5.0875]]],[[[39.6325,-5.4808],[39.6332,-5.4814],[39.653,-5.4511],[39.5853,-5.4109],[39.6324,-5.4807],[39.6323,-5.4806],[39.6323,-5.4808],[39.6325,-5.4808]]],[[[39.6563,-5.4551],[39.6687,-5.4693],[39.6675,-5.4615],[39.6601,-5.4519],[39.6563,-5.4551]]],[[[39.5733,-5.4087],[39.5734,-5.4083],[39.5733,-5.4083],[39.5677,-5.3991],[39.5733,-5.4087]]],[[[39.6158,-5.3709],[39.6133,-5.3695],[39.6124,-5.3698],[39.612,-5.37],[39.6301,-5.3876],[39.6209,-5.3734],[39.6173,-5.3717],[39.6158,-5.3709]]],[[[39.6773,-5.3359],[39.6773,-5.3358],[39.6772,-5.3358],[39.6773,-5.3359]]],[[[39.7273,-5.4621],[39.727,-5.4631],[39.7287,-5.4724],[39.7273,-5.4621]]],[[[39.7273,-5.4621],[39.7391,-5.4338],[39.7367,-5.4354],[39.7262,-5.4534],[39.7273,-5.4621]]],[[[39.7529,-5.4077],[39.7526,-5.4074],[39.7526,-5.4076],[39.7529,-5.4077]]],[[[39.7679,-5.4189],[39.7941,-5.3859],[39.7931,-5.3786],[39.7679,-5.4189]]]]},"properties":{"iso3":"TZA"}},
{"type":"Feature","geometry":{"type":"MultiPolygon","coordinates":[[[[33.57006959997495,44.83509412751607],[33.5096,44.6245],[33.5752,44.612],[33.423,44.5948],[33.3787,44.5833],[33.4873,44.4979],[33.5983,44.5035],[33.649,44.4267],[33.7574,44.3909],[33.7594,44.3906],[33.8818,44.4043],[34.1243,44.428],[34.1762,44.4971],[34.347,44.5488],[34.4143,44.6696],[34.5074,44.7335],[34.5094,44.7342],[34.7323,44.8122],[34.9514,44.8381],[35.0821,44.7923],[35.2586,44.9639],[35.3835,44.9473],[35.3573,44.9876],[35.4253,45.0129],[35.3937,45.0587],[35.5385,45.1269],[35.7985,45.0513],[35.8401,44.9994],[36.4246,45.0781],[36.4172,45.284],[36.4938,45.3178],[36.4828,45.3611],[36.6462,45.3831],[36.5962,45.4378],[36.3443,45.4835],[36.1322,45.4642],[35.9789,45.3705],[35.8449,45.473],[35.7209,45.3349],[35.5182,45.2842],[35.2702,45.4424],[34.9303,45.8324],[34.8095,46.161],[34.8952,46.2403],[35.1031,46.3018],[35.2749,46.265],[35.2313,46.2284],[35.212,46.1869],[35.0339,46.1455],[34.9829,46.0771],[35.1689,46.1384],[35.198,46.1645],[35.2705,46.2565],[35.2776,46.2645],[35.4434,46.4341],[35.9192,46.6594],[36.1953,46.6705],[36.2581,46.596],[36.2761,46.6338],[36.2863,46.6379],[36.2812,46.6208],[36.2814,46.6207],[36.2812,46.6207],[36.2492,46.5856],[36.2358,46.5641],[36.1002,46.4926],[36.1087,46.4897],[36.1179,46.4894],[36.1485,46.5037],[36.172,46.5001],[36.2259,46.5511],[36.3067,46.6513],[36.3624,46.7012],[36.5157,46.7536],[36.7636,46.7629],[36.8298,46.7037],[36.8088,46.6804],[36.8077,46.6803],[36.8064,46.6793],[36.8075,46.679],[36.8057,46.677],[36.8059,46.6775],[36.8043,46.677],[36.8044,46.6759],[36.8047,46.6758],[36.7648,46.6315],[36.816,46.6777],[36.901,46.8121],[37.0624,46.8839],[37.2369,46.9512],[37.321,46.9107],[37.3025,46.8688],[37.3351,46.8895],[37.4466,46.9955],[37.5745,47.0996],[37.8769,47.1077],[38.0863,47.108],[38.1351,47.0623],[38.1093,47.0421],[38.1425,47.0546],[38.2295,47.1193],[38.2342,47.2308],[38.3311,47.2638],[38.3355,47.306],[38.2367,47.3056],[38.302,47.3933],[38.2845,47.5443],[38.3571,47.6166],[38.6162,47.6445],[38.6631,47.6997],[38.7728,47.6857],[38.7891,47.8157],[38.8426,47.8668],[39.0744,47.8695],[39.4416,47.8547],[39.7385,47.828],[39.8247,47.9551],[39.7757,48.039],[39.8831,48.0458],[39.8328,48.066],[39.9149,48.1808],[39.941,48.2285],[40.0095,48.2254],[39.9939,48.3127],[39.9151,48.2695],[39.8411,48.31],[39.9473,48.3549],[39.8455,48.4754],[39.8549,48.5615],[39.6911,48.5863],[39.6605,48.6092],[39.7365,48.7492],[39.8003,48.8426],[39.9758,48.7931],[40.0787,48.8717],[40.0351,48.9158],[39.9932,48.8682],[39.8272,48.8863],[39.752,48.9862],[39.6759,48.99],[39.6936,49.0504],[39.9379,49.0564],[40.031,49.1796],[40.2219,49.2504],[40.1946,49.3468],[40.0294,49.4533],[40.0384,49.52],[40.1689,49.5689],[40.1357,49.6165],[39.8077,49.5567],[39.6578,49.6162],[39.6099,49.7336],[39.2854,49.7553],[39.1798,49.8886],[39.0668,49.8154],[38.9122,49.8182],[38.901,49.8693],[38.694,49.9347],[38.686,50.0077],[38.647,49.9558],[38.4884,49.9635],[38.3501,50.0065],[38.3129,50.0883],[38.1785,50.0799],[38.2178,49.9795],[38.0328,49.9005],[37.9234,50.0363],[37.7554,50.0786],[37.6405,50.1758],[37.6358,50.3109],[37.5347,50.3337],[37.4709,50.3708],[37.477,50.4595],[37.1518,50.3561],[36.8704,50.3352],[36.6636,50.222],[36.4336,50.3305],[36.2973,50.2919],[36.1769,50.4016],[36.0671,50.4512],[35.8319,50.4338],[35.7386,50.3543],[35.658,50.3511],[35.4389,50.5434],[35.3902,50.58],[35.4251,50.603],[35.3928,50.6499],[35.4886,50.6585],[35.488,50.777],[35.4116,50.8023],[35.3998,50.9148],[35.3253,50.9469],[35.3239,51.013],[35.406,51.0481],[35.1894,51.0534],[35.1234,51.165],[35.1503,51.2232],[34.98,51.2356],[34.8346,51.1692],[34.7168,51.1716],[34.662,51.2473],[34.2306,51.2652],[34.3387,51.3567],[34.2208,51.417],[34.2919,51.4849],[34.2494,51.5768],[34.0803,51.6662],[34.3194,51.7158],[34.4362,51.7326],[34.4155,51.8258],[34.245,51.8814],[34.1903,51.9686],[34.1006,52.0046],[34.0623,52.0729],[34.1161,52.1407],[33.9375,52.2502],[33.9209,52.3048],[33.8046,52.3664],[33.5602,52.3022],[33.4835,52.3136],[33.5177,52.3555],[33.4289,52.3453],[33.1892,52.3793],[32.9015,52.2455],[32.8335,52.2792],[32.7007,52.2479],[32.5502,52.3266],[32.3765,52.3376],[32.3998,52.2467],[32.3239,52.2228],[32.3246,52.151],[32.3682,52.1467],[32.2181,52.0821],[32.0955,52.0336],[31.9147,52.0432],[31.9601,52.0751],[31.8169,52.0986],[31.4275,52.1412],[31.4184,52.1403],[31.2975,52.0516],[31.2094,52.0718],[31.1628,52.0776],[31.1445,52.0946],[30.9496,52.0894],[30.9397,52.0135],[30.8057,51.9475],[30.8023,51.8988],[30.7478,51.903],[30.6124,51.7662],[30.6509,51.7604],[30.626,51.7144],[30.5609,51.7042],[30.5802,51.6467],[30.5065,51.5978],[30.5849,51.5447],[30.5777,51.4466],[30.6538,51.3418],[30.5399,51.2626],[30.3347,51.3523],[30.345,51.4244],[30.181,51.5124],[29.7934,51.4417],[29.7066,51.5278],[29.5804,51.4617],[29.537,51.4826],[29.4953,51.3965],[29.3593,51.3884],[29.3206,51.3773],[29.2521,51.5674],[29.2114,51.5724],[29.1754,51.6511],[29.1172,51.6565],[28.9995,51.5736],[28.8194,51.5587],[28.7533,51.4149],[28.7336,51.4515],[28.6831,51.4444],[28.6524,51.5695],[28.4692,51.5931],[28.3521,51.54],[28.2546,51.6213],[28.2611,51.6818],[28.0434,51.5662],[27.9393,51.557],[27.9749,51.5939],[27.8357,51.6249],[27.8496,51.5433],[27.7618,51.4739],[27.663,51.5173],[27.7229,51.6035],[27.55,51.6372],[27.5034,51.5872],[27.2402,51.6018],[27.2729,51.6543],[27.2082,51.6639],[27.2013,51.7735],[26.9482,51.7358],[26.7909,51.7569],[26.6918,51.8234],[26.4667,51.7995],[26.3958,51.8311],[26.3953,51.8783],[26.1908,51.8623],[26.0431,51.9256],[25.7797,51.9495],[25.5927,51.9244],[25.1915,51.9692],[24.9317,51.8969],[24.3725,51.8784],[24.2946,51.8041],[24.319,51.7507],[23.9963,51.58],[23.8813,51.5919],[23.9125,51.6315],[23.7827,51.6675],[23.6041,51.6215],[23.6766,51.5065],[23.6166,51.5028],[23.7028,51.42],[23.6482,51.2872],[23.8614,51.1578],[23.8569,51.0996],[23.9297,51.0384],[23.9975,50.928],[24.1458,50.8692],[23.9572,50.7949],[24.072,50.7205],[24.0979,50.6375],[23.9973,50.4122],[23.7279,50.3884],[23.677,50.3293],[23.4479,50.1993],[22.8494,49.7149],[22.6408,49.5299],[22.7468,49.3601],[22.7148,49.2265],[22.7477,49.2154],[22.7073,49.1745],[22.8928,49.0945],[22.8686,49.0036],[22.5826,49.0973],[22.5453,49.0068],[22.4772,48.9911],[22.3835,48.8655],[22.3396,48.684],[22.161,48.5675],[22.1422,48.4047],[22.2125,48.4255],[22.3177,48.3541],[22.3692,48.245],[22.4325,48.2523],[22.5703,48.1961],[22.5904,48.1076],[22.818,48.1181],[22.8816,48.0547],[22.8393,47.9814],[22.8965,47.954],[22.9476,47.9673],[22.9272,48.0191],[23.0897,48.0053],[23.1667,48.1199],[23.2671,48.1003],[23.2879,48.0468],[23.4499,47.9762],[23.5016,47.9689],[23.5291,48.0198],[23.7963,47.9859],[23.8635,47.932],[23.9556,47.9646],[24.2666,47.9071],[24.5627,47.9685],[24.7061,47.8404],[24.8279,47.8205],[24.8881,47.7243],[24.9225,47.7268],[25.1154,47.7546],[25.23,47.8931],[25.3071,47.9122],[25.4423,47.9261],[25.6262,47.9487],[26.17,47.9904],[26.3333,48.184],[26.5271,48.2093],[26.6206,48.2395],[26.6934,48.3344],[26.8314,48.3133],[26.7251,48.4117],[26.8731,48.42],[26.9954,48.3595],[27.0472,48.3779],[27.0143,48.425],[27.0845,48.4346],[27.1293,48.3774],[27.2864,48.3715],[27.3197,48.4435],[27.4472,48.4089],[27.5343,48.4701],[27.763,48.456],[27.9534,48.3288],[28.0722,48.3185],[28.1,48.2313],[28.176,48.2577],[28.2074,48.2048],[28.3521,48.2467],[28.3683,48.2052],[28.3045,48.1407],[28.4269,48.1732],[28.4206,48.1228],[28.4907,48.0655],[28.5029,48.1511],[28.5663,48.1747],[28.8335,48.1287],[28.8469,48.0788],[28.8393,48.0349],[28.9248,47.9611],[29.0698,47.9435],[29.1743,47.9934],[29.2017,47.8843],[29.2812,47.8881],[29.1991,47.8189],[29.2752,47.8041],[29.2038,47.7194],[29.2337,47.6421],[29.1163,47.5546],[29.1903,47.5144],[29.1574,47.4592],[29.191,47.4683],[29.1903,47.4245],[29.3179,47.4478],[29.4266,47.2919],[29.5737,47.3704],[29.581,47.1358],[29.4945,47.1307],[29.5302,47.0753],[29.6121,47.1],[29.6283,47.0451],[29.556,46.9578],[29.7186,46.932],[29.7493,46.8606],[29.884,46.8863],[29.9051,46.8199],[29.9691,46.832],[29.935,46.8059],[29.9746,46.754],[29.9561,46.6329],[29.9449,46.5548],[29.878,46.5425],[29.987,46.5096],[30.023,46.4417],[30.1626,46.4139],[30.0896,46.3838],[29.9984,46.3892],[29.938,46.4003],[29.8909,46.3522],[29.7408,46.4729],[29.7343,46.4352],[29.6602,46.4361],[29.6768,46.3611],[29.603,46.3534],[29.4479,46.4987],[29.3985,46.4257],[29.3499,46.5041],[29.3242,46.4147],[29.2076,46.3845],[29.2467,46.4194],[29.2353,46.5585],[28.9303,46.4573],[28.9936,46.3319],[28.9491,46.2605],[29.0677,46.1955],[28.9503,46.094],[29.0057,46.0495],[28.9787,46.0034],[28.7572,45.9571],[28.7864,45.8324],[28.6965,45.8179],[28.7093,45.7799],[28.5188,45.7372],[28.4813,45.6646],[28.5441,45.5801],[28.4915,45.5712],[28.5153,45.4998],[28.4276,45.4861],[28.4267,45.5306],[28.3058,45.5468],[28.2112,45.467],[28.2785,45.446],[28.3427,45.3232],[28.5591,45.249],[28.7189,45.2243],[28.7914,45.2422],[28.7516,45.2815],[28.7865,45.3303],[28.8784,45.3123],[28.9431,45.28],[28.9639,45.3299],[29.238,45.4326],[29.4286,45.4432],[29.5951,45.3882],[29.6696,45.3081],[29.6735,45.2167],[29.7227,45.2092],[29.7574,45.2235],[29.7815,45.4671],[29.6453,45.4524],[29.6039,45.4817],[29.6493,45.5278],[30.1328,45.8184],[30.5649,46.1655],[30.635,46.256],[30.7522,46.3752],[30.7502,46.544],[31.1765,46.6276],[31.5164,46.6193],[31.5499,46.6003],[31.522,46.5626],[31.7095,46.4289],[31.7122,46.4798],[31.807,46.479],[31.7972,46.3309],[31.6947,46.2622],[31.5652,46.2671],[31.5323,46.3699],[31.5231,46.302],[31.5428,46.2812],[31.5783,46.2575],[31.6468,46.2327],[32.5397,46.0666],[32.6923,46.1034],[33.0268,46.1113],[33.0315,46.1562],[33.1357,46.125],[33.2244,46.2164],[33.2018,46.1083],[33.2832,46.1334],[33.2857,46.0765],[33.3145,46.0759],[33.3304,46.1154],[33.4195,46.0314],[33.5018,46.0281],[33.4982,46.076],[33.5685,46.0757],[33.5119,46.1229],[33.6159,46.1346],[33.618,45.9469],[33.6415,45.9449],[33.6403,45.9434],[33.6429,45.9448],[33.7592,45.9349],[33.6786,45.9056],[33.6831,45.8431],[33.6135,45.8903],[33.2384,45.7509],[33.1785,45.8073],[33.1009,45.7133],[32.8281,45.5918],[32.8301,45.5479],[32.5636,45.4698],[32.4812,45.4019],[32.4933,45.3475],[32.6526,45.3153],[32.7533,45.365],[32.9041,45.362],[33.2597,45.148],[33.3908,45.198],[33.4882,45.1518],[33.6043,44.9917],[33.6126,44.9262],[33.5707,44.8372],[33.5681,44.836],[33.57006959997495,44.83509412751607]],[[34.874,45.7138],[34.844,45.7223],[34.8773,45.7503],[34.7624,45.7327],[34.7573,45.7343],[34.7513,45.7325],[34.7587,45.7334],[34.7622,45.7327],[34.6739,45.7192],[34.6839,45.7258],[34.6855,45.7263],[34.6849,45.7265],[34.7836,45.7922],[34.6598,45.7972],[34.6744,45.8549],[34.7587,45.8645],[34.7607,45.8996],[34.5038,45.7941],[34.5005,45.7955],[34.485,45.788],[34.4869,45.7872],[34.4741,45.782],[34.4878,45.7944],[34.4933,45.7952],[34.489,45.7955],[34.6484,45.9406],[34.5566,45.9887],[34.5909,45.9158],[34.5696,45.9087],[34.5247,45.929],[34.4761,45.8614],[34.4897,45.9196],[34.4403,45.9454],[34.4202,45.8743],[34.3823,45.9287],[34.4369,45.9487],[34.3562,46.0368],[34.321,45.9885],[34.3045,46.0082],[34.2931,46.022],[34.294,46.0222],[34.293,46.023],[34.2922,46.023],[34.27,46.0497],[34.2677,46.0448],[34.2673,46.0447],[34.2674,46.0442],[34.2665,46.0423],[34.2649,46.0419],[34.2658,46.0412],[34.266,46.0413],[34.245,45.997],[34.2449,45.9971],[34.2438,45.9963],[34.2444,45.9959],[34.2351,45.9762],[34.2255,45.9815],[34.2261,46.0164],[34.2405,46.0316],[34.1114,46.0683],[34.1872,46.0231],[34.2205,45.9492],[34.1765,45.9419],[34.1758,45.9426],[34.1749,45.9422],[34.1758,45.9418],[34.1507,45.9376],[34.1013,45.9813],[34.1407,45.9694],[34.1863,46.0018],[34.1476,45.9895],[34.0779,46.0673],[34.0789,46.0678],[34.0773,46.0686],[34.077,46.0683],[34.0715,46.0744],[34.0715,46.0745],[34.0747,46.0757],[34.0705,46.0755],[34.0655,46.0811],[33.9442,46.0938],[33.9914,46.0288],[33.9572,46.0068],[33.935,46.0725],[33.9013,46.0201],[33.8769,46.0888],[33.8008,46.0868],[33.827,46.1199],[33.8466,46.11],[33.8645,46.1397],[33.8458,46.1727],[33.8037,46.1789],[33.7997,46.1189],[33.6829,46.2083],[33.739,46.2009],[33.7225,46.2404],[33.7748,46.2551],[33.9654,46.2155],[33.9742,46.2083],[34.0422,46.1198],[34.2011,46.0732],[34.21,46.1064],[34.229,46.0646],[34.2738,46.1385],[34.3188,46.1073],[34.3125,46.2188],[34.5038,46.1345],[34.554,46.1925],[34.594,46.167],[34.571,46.0861],[34.5428,46.1303],[34.4938,46.0857],[34.4899,46.0871],[34.4882,46.0893],[34.4871,46.1135],[34.475,46.1258],[34.3946,46.0938],[34.4795,45.9528],[34.6079,46.0325],[34.6262,46.1715],[34.6961,46.1834],[34.8072,46.0959],[34.6732,46.1006],[34.762,46.0009],[34.6813,46.0094],[34.8028,45.9013],[34.7979,45.8333],[34.9207,45.8325],[35.0062,45.6805],[35.0832,45.6059],[35.0836,45.6029],[35.0849,45.6016],[35.0841,45.605],[35.3067,45.3893],[35.4741,45.2979],[35.455,45.2591],[35.3163,45.2492],[35.3649,45.273],[35.125,45.3381],[35.0429,45.4128],[35.0464,45.4028],[35.0368,45.4212],[35.0409,45.4173],[35.0371,45.4233],[35.1091,45.4859],[35.1032,45.4946],[35.104,45.4941],[35.1047,45.4946],[35.1044,45.4953],[35.1028,45.4952],[35.0527,45.5697],[35.0469,45.5884],[35.0474,45.5883],[35.0491,45.588],[35.0468,45.5887],[35.0421,45.6038],[35.0435,45.6055],[35.0429,45.6056],[35.0418,45.6047],[35.0377,45.6183],[34.9811,45.6825],[34.874,45.7138]],[[35.0514,45.3888],[35.0605,45.3629],[34.969,45.3641],[35.035,45.4215],[35.0395,45.4038],[35.0514,45.3888]]],[[[35.0489,45.5929],[35.0474,45.5931],[35.0467,45.5916],[35.0487,45.5911],[35.0489,45.5929]]],[[[35.0377,45.6183],[35.0436,45.6116],[35.0409,45.6122],[35.0427,45.6098],[35.0427,45.608],[35.0445,45.6106],[35.0524,45.6015],[35.0446,45.6108],[35.0449,45.6112],[35.044,45.6115],[35.0373,45.6194],[35.0377,45.6183]]],[[[35.0619,45.5753],[35.0614,45.5769],[35.0605,45.5759],[35.0606,45.5747],[35.0619,45.5753]]],[[[35.061,45.5773],[35.0597,45.5804],[35.059,45.5783],[35.0605,45.5772],[35.061,45.5773]]],[[[35.057,45.5847],[35.0563,45.583],[35.0592,45.5814],[35.0595,45.5838],[35.057,45.5847]]],[[[35.0512,45.5858],[35.0536,45.5846],[35.0556,45.5843],[35.0538,45.5875],[35.0512,45.5858]]],[[[35.0727,45.5775],[35.0746,45.5666],[35.0972,45.5294],[35.0868,45.5552],[35.0831,45.56],[35.078,45.5646],[35.0735,45.5776],[35.0524,45.6015],[35.0727,45.5775]]],[[[34.2394,45.9963],[34.2411,45.9973],[34.2402,45.9978],[34.2389,45.997],[34.2394,45.9963]]],[[[34.2282,46.0164],[34.2281,46.0108],[34.2353,46.0108],[34.2331,46.016],[34.2282,46.0164]]],[[[34.2376,46.0166],[34.2389,46.0166],[34.2391,46.0174],[34.2376,46.0174],[34.2376,46.0166]]],[[[34.2355,46.0171],[34.234,46.0179],[34.2335,46.017],[34.2349,46.0164],[34.2355,46.0171]]],[[[34.2313,46.0172],[34.2306,46.0181],[34.2279,46.0176],[34.2284,46.017],[34.2313,46.0172]]],[[[34.2422,46.017],[34.2432,46.0183],[34.2418,46.0185],[34.2405,46.0176],[34.2422,46.017]]],[[[34.1236,46.026],[34.1245,46.0273],[34.1239,46.0276],[34.1226,46.0265],[34.1236,46.026]]],[[[34.1259,46.0264],[34.1268,46.0272],[34.1254,46.0273],[34.1248,46.0269],[34.1259,46.0264]]],[[[34.142,46.0288],[34.1418,46.0288],[34.1411,46.0281],[34.1427,46.0281],[34.142,46.0288]]],[[[34.1407,46.031],[34.1395,46.031],[34.1398,46.0297],[34.1407,46.0297],[34.1407,46.031]]],[[[34.1375,46.0354],[34.1386,46.0346],[34.1393,46.0351],[34.1386,46.0357],[34.1375,46.0354]]],[[[34.1355,46.0364],[34.1357,46.0373],[34.1346,46.0373],[34.1348,46.0367],[34.1355,46.0364]]],[[[34.1353,46.0398],[34.1351,46.0404],[34.1326,46.0403],[34.1333,46.0392],[34.1353,46.0398]]],[[[34.1272,46.0396],[34.1288,46.0395],[34.129,46.0408],[34.1273,46.0417],[34.1272,46.0396]]],[[[34.1315,46.0414],[34.1319,46.0426],[34.1304,46.0427],[34.1306,46.0422],[34.1315,46.0414]]],[[[34.1315,46.0447],[34.1302,46.044],[34.1308,46.0439],[34.1317,46.0439],[34.1315,46.0447]]],[[[34.2013,46.0507],[34.2015,46.0513],[34.2009,46.0512],[34.2006,46.0507],[34.2013,46.0507]]],[[[34.1989,46.0521],[34.1991,46.0515],[34.2,46.0517],[34.1998,46.0522],[34.1989,46.0521]]],[[[34.2071,46.0515],[34.2102,46.0518],[34.2042,46.0541],[34.2042,46.0535],[34.2071,46.0515]]],[[[34.144,46.06],[34.1447,46.0602],[34.144,46.0611],[34.1434,46.0605],[34.144,46.06]]],[[[34.1413,46.0616],[34.1405,46.0625],[34.14,46.0621],[34.1407,46.0614],[34.1413,46.0616]]],[[[34.1669,46.0697],[34.1669,46.0726],[34.1622,46.0702],[34.1637,46.0698],[34.1669,46.0697]]],[[[34.0943,46.0862],[34.0742,46.11],[34.0809,46.1008],[34.0843,46.0844],[34.0943,46.0862]]],[[[34.3132,46.0096],[34.3141,46.009],[34.3154,46.0092],[34.3138,46.01],[34.3132,46.0096]]],[[[34.3045,46.0082],[34.3282,46.0143],[34.317,46.0181],[34.311,46.0197],[34.3045,46.0082]]],[[[34.3072,46.0169],[34.3089,46.0171],[34.3081,46.0183],[34.3071,46.0177],[34.3072,46.0169]]],[[[34.3096,46.0189],[34.3105,46.0204],[34.3091,46.0205],[34.3083,46.0198],[34.3096,46.0189]]],[[[34.2487,46.0225],[34.2474,46.0233],[34.2469,46.0219],[34.2485,46.0216],[34.2487,46.0225]]],[[[34.2472,46.026],[34.2463,46.025],[34.2474,46.0242],[34.2479,46.0258],[34.2472,46.026]]],[[[34.2479,46.0281],[34.2474,46.0269],[34.2488,46.0269],[34.2487,46.0283],[34.2479,46.0281]]],[[[34.3118,46.0278],[34.3125,46.0269],[34.3139,46.0283],[34.3121,46.0281],[34.3118,46.0278]]],[[[34.3109,46.0281],[34.3085,46.0281],[34.3092,46.0273],[34.311,46.0278],[34.3109,46.0281]]],[[[34.2928,46.0288],[34.2937,46.029],[34.2935,46.0296],[34.2926,46.0294],[34.2928,46.0288]]],[[[34.2431,46.0302],[34.2423,46.03],[34.2443,46.0288],[34.2438,46.03],[34.2431,46.0302]]],[[[34.2463,46.0292],[34.2476,46.03],[34.2472,46.0332],[34.2449,46.0323],[34.2463,46.0292]]],[[[34.291,46.0311],[34.2915,46.0314],[34.2906,46.032],[34.2897,46.0316],[34.291,46.0311]]],[[[34.2879,46.0312],[34.2883,46.0312],[34.2883,46.0323],[34.2875,46.0324],[34.2879,46.0312]]],[[[34.3143,46.0315],[34.315,46.0316],[34.315,46.0322],[34.3143,46.0322],[34.3143,46.0315]]],[[[34.2552,46.0337],[34.2543,46.0332],[34.2559,46.0326],[34.2557,46.0334],[34.2552,46.0337]]],[[[34.2989,46.0342],[34.2948,46.0348],[34.2949,46.0342],[34.2969,46.0338],[34.2989,46.0342]]],[[[34.3054,46.0339],[34.3033,46.0362],[34.3031,46.0355],[34.3038,46.0345],[34.3054,46.0339]]],[[[34.3127,46.0365],[34.3125,46.0366],[34.3107,46.0357],[34.3119,46.0348],[34.3133,46.0358],[34.3163,46.032],[34.3197,46.0376],[34.3183,46.0387],[34.3123,46.0371],[34.3127,46.0365]]],[[[34.257,46.0383],[34.2572,46.0372],[34.2581,46.0372],[34.2584,46.038],[34.257,46.0383]]],[[[34.2597,46.0402],[34.2602,46.0384],[34.2615,46.0393],[34.2604,46.0402],[34.2597,46.0402]]],[[[34.2557,46.0406],[34.2539,46.0404],[34.2544,46.0391],[34.2555,46.0396],[34.2557,46.0406]]],[[[34.261,46.0428],[34.2572,46.0416],[34.2572,46.0412],[34.264,46.0412],[34.261,46.0428]]],[[[34.6904,45.7249],[34.6895,45.7237],[34.6869,45.7227],[34.6898,45.7234],[34.6904,45.7249]]],[[[34.7392,45.7298],[34.7404,45.7306],[34.7354,45.73],[34.7356,45.7289],[34.7392,45.7298]]],[[[34.7462,45.7308],[34.7406,45.7299],[34.7415,45.7297],[34.7437,45.7301],[34.7462,45.7308]]],[[[34.7527,45.7637],[34.7535,45.7634],[34.7592,45.7682],[34.7488,45.7622],[34.7527,45.7637]]],[[[34.7489,45.7649],[34.7489,45.7648],[34.754,45.7672],[34.7515,45.7662],[34.7489,45.7649]]],[[[34.7603,45.7705],[34.7591,45.7705],[34.7565,45.7697],[34.758,45.7694],[34.7603,45.7705]]],[[[34.5002,45.8007],[34.4955,45.8005],[34.4922,45.7982],[34.4985,45.798],[34.5002,45.8007]]],[[[34.5094,45.8029],[34.4985,45.7972],[34.4998,45.7967],[34.5074,45.7967],[34.5094,45.8029]]],[[[34.7401,45.825],[34.7347,45.8274],[34.7196,45.8248],[34.7028,45.8176],[34.7227,45.825],[34.7401,45.825]]],[[[34.7345,45.823],[34.7361,45.8236],[34.7341,45.8237],[34.7325,45.8224],[34.7328,45.8222],[34.7345,45.823]]],[[[34.7504,45.8582],[34.7533,45.8617],[34.7509,45.8635],[34.75,45.8591],[34.7504,45.8582]]],[[[34.7779,45.9025],[34.7822,45.8971],[34.7795,45.9005],[34.7804,45.9017],[34.7779,45.9025]]],[[[34.4347,45.943],[34.4278,45.9391],[34.4304,45.9386],[34.4336,45.9394],[34.4347,45.943]]],[[[34.5555,45.982],[34.5535,45.9681],[34.5549,45.9776],[34.5598,45.9792],[34.5555,45.982]]],[[[34.3253,46.0013],[34.3251,46.001],[34.3266,46.0011],[34.3262,46.0015],[34.3253,46.0013]]],[[[34.3201,45.9997],[34.3219,45.9993],[34.3228,46.004],[34.3181,46.0038],[34.3201,45.9997]]],[[[34.3206,46.0057],[34.3217,46.0054],[34.3215,46.0061],[34.3206,46.0064],[34.3206,46.0057]]],[[[34.3326,46.0161],[34.3329,46.0161],[34.3315,46.0177],[34.33,46.0166],[34.3326,46.0161]]],[[[34.3192,46.0197],[34.3186,46.0223],[34.3174,46.0223],[34.3165,46.0202],[34.3192,46.0197]]],[[[34.3731,46.0202],[34.3731,46.0222],[34.3711,46.0214],[34.3718,46.0204],[34.3731,46.0202]]],[[[34.3195,46.0218],[34.3195,46.0211],[34.3204,46.0205],[34.321,46.0224],[34.3195,46.0218]]],[[[34.3221,46.0338],[34.328,46.0278],[34.3387,46.0308],[34.3416,46.035],[34.3232,46.0346],[34.3154,46.0306],[34.3226,46.03],[34.3221,46.0338]]],[[[36.5501,45.2617],[36.5775,45.2498],[36.545,45.2778],[36.5264,45.2884],[36.5501,45.2617]]],[[[35.4573,45.271],[35.4615,45.2726],[35.4644,45.2787],[35.4589,45.2735],[35.4573,45.271]]],[[[36.52,45.2903],[36.5199,45.2904],[36.5197,45.2904],[36.5197,45.2903],[36.5199,45.2902],[36.5202,45.2902],[36.52,45.2903]]],[[[35.3642,45.3398],[35.3664,45.347],[35.3599,45.3509],[35.359,45.349],[35.3642,45.3398]]],[[[35.093,45.5871],[35.0948,45.5855],[35.0858,45.6007],[35.0874,45.5936],[35.093,45.5871]]],[[[33.505,45.8556],[33.5036,45.8541],[33.5077,45.8528],[33.5058,45.854],[33.505,45.8556]]],[[[33.507,45.8575],[33.5067,45.8564],[33.5123,45.8547],[33.5096,45.8593],[33.507,45.8575]]],[[[33.5233,45.8693],[33.5237,45.8678],[33.5238,45.8687],[33.5425,45.8817],[33.5309,45.8751],[33.5233,45.8693]]],[[[33.9272,46.0984],[33.9245,46.1017],[33.9068,46.1009],[33.9227,46.0817],[33.9272,46.0984]]],[[[35.0436,45.3909],[35.0462,45.3885],[35.0476,45.3879],[35.0407,45.3947],[35.0436,45.3909]]],[[[35.046,45.3912],[35.0483,45.3893],[35.0413,45.3979],[35.0415,45.3968],[35.046,45.3912]]],[[[35.038,45.3971],[35.0413,45.3956],[35.033,45.403],[35.035,45.4012],[35.038,45.3971]]],[[[35.0747,45.5536],[35.0742,45.5521],[35.0751,45.5506],[35.0765,45.5505],[35.0747,45.5536]]],[[[35.0746,45.5624],[35.072,45.564],[35.0738,45.5613],[35.0765,45.561],[35.0755,45.5624],[35.0746,45.5624]]],[[[35.0641,45.5675],[35.0619,45.5713],[35.0614,45.5674],[35.0623,45.5671],[35.0641,45.5675]]],[[[35.065,45.5696],[35.0671,45.5682],[35.0637,45.5725],[35.0635,45.5719],[35.065,45.5696]]],[[[35.0554,45.572],[35.0547,45.5718],[35.057,45.5693],[35.0576,45.5715],[35.0554,45.572]]],[[[35.364,45.2716],[35.3665,45.268],[35.3716,45.264],[35.3776,45.2622],[35.364,45.2716]]],[[[35.097,45.5135],[35.0955,45.5127],[35.0961,45.511],[35.0981,45.5107],[35.097,45.5135]]],[[[35.0776,45.5393],[35.0767,45.5406],[35.076,45.5399],[35.0771,45.539],[35.0776,45.5393]]],[[[35.0796,45.5424],[35.0793,45.5409],[35.0798,45.5407],[35.0812,45.5409],[35.0796,45.5424]]],[[[35.0821,45.5451],[35.0818,45.5449],[35.0818,45.5426],[35.0834,45.5424],[35.0821,45.5451]]],[[[35.0793,45.5501],[35.0809,45.55],[35.0805,45.5535],[35.0796,45.5528],[35.0793,45.5501]]],[[[33.7594,44.3906],[33.7589,44.3901],[33.7591,44.3901],[33.7594,44.3906]]],[[[34.5074,44.7335],[34.5076,44.7332],[34.5077,44.7331],[34.5076,44.7333],[34.5074,44.7335]]],[[[38.1425,47.0546],[38.1425,47.0545],[38.1427,47.0546],[38.1425,47.0546]]],[[[36.2239,46.5649],[36.2194,46.5631],[36.2181,46.5598],[36.2188,46.5577],[36.2188,46.5601],[36.2239,46.5649]]],[[[36.2445,46.5791],[36.2427,46.5782],[36.2425,46.5764],[36.2432,46.5762],[36.2445,46.5791]]],[[[36.765,46.6476],[36.7688,46.6426],[36.7708,46.6469],[36.7705,46.6495],[36.765,46.6476]]],[[[36.7623,46.6481],[36.7623,46.6478],[36.7632,46.6474],[36.7636,46.6483],[36.7623,46.6481]]],[[[36.7688,46.6644],[36.7674,46.6638],[36.7659,46.6602],[36.767,46.6608],[36.7688,46.6644]]],[[[36.7752,46.6482],[36.7735,46.6483],[36.7735,46.6468],[36.7755,46.6476],[36.7752,46.6482]]],[[[36.7721,46.6479],[36.7721,46.6504],[36.7712,46.6499],[36.7712,46.6487],[36.7721,46.6479]]],[[[36.775,46.6546],[36.7674,46.6503],[36.7685,46.6498],[36.775,46.6546]]],[[[36.8072,46.7039],[36.8046,46.701],[36.8019,46.6944],[36.8006,46.6786],[36.8008,46.675],[36.8016,46.6745],[36.8072,46.7039]]],[[[36.8044,46.7027],[36.8068,46.7051],[36.8055,46.7055],[36.8044,46.7046],[36.8044,46.7027]]],[[[31.7516,46.3855],[31.7757,46.3729],[31.7692,46.3831],[31.7283,46.4227],[31.7516,46.3855]]],[[[31.7207,46.4296],[31.7215,46.4281],[31.7252,46.4258],[31.7271,46.4256],[31.7207,46.4296]]],[[[31.4128,46.5943],[31.4146,46.5981],[31.4117,46.6018],[31.4069,46.6003],[31.4128,46.5943]]],[[[30.2073,45.2574],[30.2,45.257],[30.2018,45.2525],[30.2051,45.2522],[30.2073,45.2574]]],[[[29.6327,45.4797],[29.6249,45.4785],[29.6477,45.471],[29.6489,45.472],[29.6327,45.4797]]],[[[35.2671,46.2638],[35.2676,46.2633],[35.27,46.263],[35.2698,46.2642],[35.2671,46.2638]]],[[[32.8771,46.0153],[33.0529,46.0114],[32.5475,46.0664],[32.761,46.0308],[32.8771,46.0153]]]]},"properties":{"iso3":"UKR"}},
{"type":"Feature","geometry":{"type":"MultiPolygon","coordinates":[[[[-64.7947,4.1683],[-64.7913,4.3074],[-64.6923,4.2111],[-64.5934,4.0979],[-64.4679,4.1515],[-64.2904,4.0806],[-64.2683,4.1303],[-64.1354,4.1085],[-64.0096,3.866],[-63.8244,3.9624],[-63.7706,3.9258],[-63.6177,3.9628],[-63.4851,3.8475],[-63.405,3.9647],[-63.3402,3.9559],[-63.2105,3.8904],[-62.9802,3.5802],[-62.8874,3.5505],[-62.7747,3.6074],[-62.73,3.6932],[-62.7815,3.9053],[-62.7433,4.0363],[-62.5564,4.0196],[-62.5517,4.0981],[-62.4435,4.1806],[-62.2087,4.1015],[-62.1288,4.0779],[-62.0588,4.1559],[-61.8354,4.1565],[-61.7203,4.2542],[-61.5681,4.2461],[-61.4872,4.4121],[-61.3185,4.4278],[-61.2757,4.4634],[-61.3139,4.5259],[-61.1482,4.4767],[-60.9973,4.5106],[-60.9068,4.7011],[-60.744,4.756],[-60.5829,4.9408],[-60.6816,5.1855],[-61.3769,5.9251],[-61.2631,6.0982],[-61.1036,6.1884],[-61.1038,6.2681],[-61.1645,6.3282],[-61.1305,6.4466],[-61.155,6.5282],[-61.2027,6.5297],[-61.2159,6.5795],[-61.1164,6.7187],[-60.9394,6.7149],[-60.8879,6.7523],[-60.898,6.8164],[-60.699,6.7544],[-60.6491,6.8249],[-60.3602,6.9328],[-60.2775,7.1267],[-60.4427,7.2113],[-60.5325,7.1286],[-60.6138,7.2119],[-60.5877,7.3405],[-60.7095,7.5453],[-60.5896,7.6428],[-60.5293,7.8261],[-60.3609,7.8173],[-60.2726,7.8936],[-60.1148,8.0278],[-60.0312,8.0372],[-59.9444,8.2137],[-59.7411,8.2198],[-59.7504,8.2566],[-60.0518,8.5786],[-60.3488,8.6383],[-60.4111,8.6184],[-60.3961,8.5565],[-60.4609,8.5168],[-60.5931,8.5494],[-60.581,8.6231],[-60.6682,8.6689],[-60.6464,8.7678],[-60.707,8.8342],[-60.7832,8.9855],[-60.6768,9.0663],[-60.6812,9.1384],[-60.8358,9.4035],[-60.9686,9.4846],[-61.031,9.5686],[-61.2174,9.5982],[-61.231,9.5663],[-61.3482,9.6151],[-61.5606,9.867],[-61.6524,9.8878],[-61.5999,9.7802],[-61.8014,9.8283],[-61.8252,9.7909],[-62.0775,9.9742],[-62.1988,10.018],[-62.2929,9.994],[-62.4347,9.9973],[-62.4975,10.1787],[-62.6313,10.2675],[-62.7608,10.4945],[-62.8078,10.4921],[-62.8173,10.3866],[-62.8376,10.4883],[-62.8552,10.5315],[-62.7531,10.5612],[-62.7531,10.5622],[-62.5111,10.5464],[-62.4303,10.5344],[-62.3217,10.5387],[-62.2495,10.635],[-61.955,10.6431],[-61.8577,10.7281],[-62.2296,10.6918],[-62.712,10.7653],[-62.9036,10.6915],[-62.9965,10.7191],[-63.2157,10.693],[-63.2653,10.6699],[-63.3871,10.6929],[-63.4412,10.6525],[-63.4971,10.6544],[-63.714,10.6566],[-63.8105,10.708],[-63.8248,10.6641],[-63.7859,10.6731],[-63.916,10.6244],[-64.0566,10.6513],[-64.1383,10.6151],[-64.2608,10.6649],[-64.2966,10.6336],[-64.2368,10.5824],[-64.2315,10.5031],[-64.1657,10.5713],[-63.9811,10.5768],[-63.7696,10.5241],[-63.6417,10.4896],[-63.6734,10.4722],[-63.8391,10.4473],[-63.8956,10.447],[-64.0551,10.4407],[-64.1173,10.4784],[-64.1184,10.4782],[-64.1185,10.478],[-64.1428,10.4742],[-64.1454,10.4742],[-64.1511,10.4733],[-64.1567,10.4766],[-64.1852,10.477],[-64.1856,10.4776],[-64.186,10.477],[-64.1887,10.476],[-64.1921,10.4681],[-64.1922,10.4668],[-64.2225,10.417],[-64.3374,10.3985],[-64.3646,10.3338],[-64.3466,10.3888],[-64.3794,10.3929],[-64.3788,10.3368],[-64.4636,10.3322],[-64.443,10.3107],[-64.3736,10.3204],[-64.3655,10.302],[-64.474,10.2641],[-64.4741,10.2641],[-64.4743,10.264],[-64.4798,10.262],[-64.5129,10.2505],[-64.5308,10.2533],[-64.5808,10.2387],[-64.5784,10.2412],[-64.5783,10.2411],[-64.5783,10.2413],[-64.5914,10.2506],[-64.5879,10.2462],[-64.6019,10.2464],[-64.6016,10.2505],[-64.5985,10.2513],[-64.6086,10.2505],[-64.6083,10.2505],[-64.6133,10.2427],[-64.6183,10.2413],[-64.6252,10.2424],[-64.6332,10.2315],[-64.6337,10.2287],[-64.6353,10.2273],[-64.6436,10.218],[-64.6433,10.2169],[-64.6473,10.2143],[-64.6477,10.214],[-64.6541,10.2112],[-64.6582,10.2101],[-64.6771,10.2035],[-64.6785,10.2028],[-64.7109,10.2199],[-64.7106,10.2177],[-64.7135,10.2124],[-64.712,10.2051],[-64.7096,10.2043],[-64.7075,10.2035],[-64.7056,10.2039],[-64.6989,10.2019],[-64.6989,10.2018],[-64.6988,10.2019],[-64.7092,10.1713],[-64.7613,10.1003],[-64.8848,10.0853],[-65.0734,10.0617],[-65.3505,10.1229],[-65.3835,10.1291],[-65.4314,10.1405],[-65.6248,10.197],[-65.6863,10.2194],[-65.9902,10.3907],[-66.112,10.5311],[-66.1089,10.5306],[-66.1076,10.5314],[-66.1085,10.5324],[-66.1091,10.5331],[-66.1102,10.5325],[-66.1104,10.5325],[-66.1101,10.5339],[-66.1104,10.534],[-66.1105,10.5343],[-66.1109,10.5346],[-66.1112,10.5345],[-66.1115,10.5345],[-66.1121,10.5351],[-66.1119,10.5352],[-66.1125,10.5354],[-66.1124,10.5375],[-66.113,10.5374],[-66.1131,10.5375],[-66.1134,10.5375],[-66.1138,10.5375],[-66.1139,10.5375],[-66.1155,10.5365],[-66.1162,10.5353],[-66.11698855689765,10.53569427844882],[-66.0489,10.5796],[-66.2359,10.649],[-66.3136,10.6189],[-66.7,10.6219],[-66.712,10.6235],[-66.7134,10.6241],[-66.7165,10.6241],[-66.7355,10.6239],[-66.7459,10.6211],[-66.7464,10.6191],[-66.7465,10.6189],[-66.7464,10.618],[-66.7476,10.6169],[-66.7685,10.6147],[-66.7694,10.6138],[-66.7694,10.6139],[-66.7696,10.6139],[-66.8119,10.6113],[-66.8121,10.6113],[-66.8177,10.6122],[-66.8301,10.6133],[-66.8388,10.6189],[-66.843,10.6213],[-66.8434,10.6214],[-66.8438,10.6212],[-66.8425,10.6182],[-66.8421,10.6175],[-66.8446,10.6192],[-66.8487,10.6198],[-66.8502,10.6198],[-66.851,10.62],[-66.864,10.6131],[-66.8707,10.612],[-66.9274,10.6025],[-66.9295,10.6024],[-66.9298,10.6026],[-66.9452,10.6014],[-66.9534,10.6022],[-66.979,10.6079],[-66.9815,10.6092],[-66.9817,10.609],[-66.9819,10.6094],[-66.9835,10.6113],[-66.999,10.6111],[-67.0018,10.6109],[-67.0022,10.6115],[-67.0052,10.6116],[-67.0072,10.6135],[-67.0124,10.6135],[-67.0133,10.6141],[-67.0132,10.6142],[-67.0134,10.6142],[-67.0154,10.6128],[-67.0154,10.6129],[-67.0154,10.613],[-67.0155,10.613],[-67.0162,10.6146],[-67.0303,10.6102],[-67.0308,10.6107],[-67.0323,10.6095],[-67.0328,10.6091],[-67.039,10.6026],[-67.0391,10.6018],[-67.0591,10.5918],[-67.0769,10.588],[-67.0831,10.5886],[-67.0878,10.5831],[-67.4004,10.5298],[-67.4712,10.5365],[-67.5646,10.5165],[-67.6447,10.5021],[-67.7071,10.5026],[-67.834,10.4818],[-67.8392,10.4374],[-67.8566,10.4455],[-67.8598,10.4766],[-67.9853,10.4855],[-68.002,10.4843],[-67.9937,10.4798],[-67.992,10.479],[-68.0001,10.4751],[-68.0121,10.4775],[-68.0119,10.4775],[-68.0384,10.484],[-68.0389,10.484],[-68.1227,10.4885],[-68.1228,10.4885],[-68.1248,10.4884],[-68.125,10.4871],[-68.1337,10.4853],[-68.1386,10.4884],[-68.1387,10.4884],[-68.2355,10.5777],[-68.2887,10.6643],[-68.3256,10.8536],[-68.2178,10.8575],[-68.2536,10.9195],[-68.2535,10.8942],[-68.3629,10.9179],[-68.318,10.9369],[-68.2618,10.9074],[-68.3392,11.0604],[-68.4052,11.1883],[-68.4477,11.175],[-68.6596,11.3456],[-68.7341,11.3539],[-68.8534,11.4458],[-69.0261,11.4353],[-69.1618,11.4961],[-69.2745,11.5339],[-69.299,11.5213],[-69.3685,11.4826],[-69.465,11.5012],[-69.5987,11.4575],[-69.6861,11.5387],[-69.8087,11.8643],[-69.7966,11.9396],[-69.8932,12.1351],[-70.0015,12.1951],[-70.2102,12.0966],[-70.2621,11.9523],[-70.3007,11.8531],[-70.2387,11.7572],[-70.2203,11.7784],[-70.2073,11.7666],[-70.2075,11.7664],[-70.2074,11.7662],[-70.2099,11.7449],[-70.2099,11.7448],[-70.2239,11.7226],[-70.2163,11.7185],[-70.2152,11.6703],[-70.2075,11.6035],[-70.0097,11.6508],[-69.8069,11.693],[-69.7362,11.5133],[-69.7864,11.4306],[-69.8458,11.4225],[-69.8928,11.5083],[-69.966,11.4848],[-70.1395,11.5664],[-70.0187,11.4676],[-70.0976,11.4247],[-70.1653,11.468],[-70.1491,11.4118],[-70.2391,11.3417],[-70.3211,11.3173],[-70.4882,11.2849],[-70.5321,11.2308],[-70.8443,11.1946],[-70.9759,11.119],[-71.315,10.9634],[-71.5013,10.9503],[-71.4077,10.9146],[-71.4466,10.8774],[-71.4322,10.796],[-71.5922,10.7926],[-71.537,10.7569],[-71.4971,10.6099],[-71.542,10.55],[-71.4529,10.4493],[-71.4795,10.3917],[-71.4163,10.3207],[-71.3577,10.2137],[-71.2783,10.1514],[-71.2266,10.0154],[-71.0931,9.8738],[-71.0259,9.7107],[-71.0607,9.6168],[-71.092,9.482],[-71.0567,9.3618],[-71.0533,9.3547],[-71.2197,9.1979],[-71.2242,9.1633],[-71.4559,9.0561],[-71.6519,9.0657],[-71.7807,9.106],[-71.746,9.2266],[-71.8139,9.2366],[-71.7751,9.288],[-71.7332,9.2714],[-71.7142,9.384],[-71.7211,9.3841],[-71.742,9.3717],[-71.7636,9.3515],[-71.768,9.3315],[-71.8273,9.4248],[-71.9085,9.3864],[-71.8898,9.4305],[-71.838,9.4338],[-71.9439,9.4969],[-71.9987,9.4417],[-72.0205,9.4939],[-72.0142,9.5151],[-71.9783,9.4795],[-71.9557,9.5076],[-71.9556,9.5076],[-71.9555,9.5079],[-71.95566990825688,9.507645137614675],[-71.96185,9.511635433070866],[-71.96822318208504,9.515817311079427],[-71.9612,9.5174],[-71.9918,9.596],[-71.9871,9.5952],[-71.9794,9.5863],[-71.965,9.5412],[-71.9317,9.5088],[-71.9874,9.6268],[-72.132,9.8053],[-72.1107,9.8391],[-71.9817,10.0827],[-71.903,10.1221],[-71.8025,10.2975],[-71.6297,10.4372],[-71.6318,10.51],[-71.6283,10.528],[-71.626,10.5315],[-71.6242,10.5338],[-71.6186,10.5459],[-71.6149,10.565],[-71.6155,10.5661],[-71.6113,10.5696],[-71.611,10.5738],[-71.6114,10.575],[-71.6118,10.5777],[-71.6144,10.5849],[-71.614,10.5856],[-71.6141,10.5885],[-71.6139,10.593],[-71.6154,10.5942],[-71.6157,10.5962],[-71.6156,10.5961],[-71.6156,10.5965],[-71.6158,10.5964],[-71.614,10.6299],[-71.6147,10.6303],[-71.6173,10.6336],[-71.6156,10.6355],[-71.5978,10.648],[-71.5884,10.6646],[-71.5892,10.674],[-71.5888,10.6746],[-71.5919,10.6817],[-71.5914,10.6822],[-71.5955,10.6884],[-71.5956,10.6884],[-71.5956,10.6885],[-71.5989,10.7152],[-71.6207,10.7344],[-71.6207,10.7351],[-71.6226,10.7366],[-71.6239,10.7379],[-71.6227,10.7363],[-71.6587,10.768],[-71.696,10.8416],[-71.7753,11.0013],[-71.7638,11.0143],[-71.6229,10.9897],[-71.6297,10.9679],[-71.6069,10.956],[-71.6151,10.9788],[-71.6125,10.9774],[-71.6213,10.9894],[-71.6073,10.987],[-71.7634,11.0861],[-71.809,11.1305],[-71.9546,11.3817],[-71.9558,11.5856],[-71.4402,11.7199],[-71.34619885914513,11.826278823306286],[-71.9795,11.6308],[-71.97968742016144,11.631394772144963],[-72.17969940814933,11.267272228545414],[-72.2496863194313,11.140188007245667],[-72.4437,11.1277],[-72.44981297018936,11.116832497441145],[-72.4588,11.1158],[-72.49588213769862,11.081116706788638],[-72.4924,11.0795],[-72.51918386176652,11.01873465889127],[-72.6479,10.8804],[-72.6632579627512,10.831817791182475],[-72.6828,10.77],[-72.7254337520461,10.704727471029106],[-72.75603181783576,10.657881649588138],[-72.78341701558632,10.615954748300767],[-72.80186962010602,10.587703700591016],[-72.8426,10.539],[-72.84296442809857,10.524787304155927],[-72.85235005699155,10.5104178502743],[-72.89030632804055,10.452306572641623],[-72.9005,10.4367],[-72.90048002443494,10.436490827297332],[-72.9008,10.4361],[-72.90038296178344,10.435474442675142],[-72.8946101968583,10.375025347101852],[-72.8935,10.3634],[-72.9065,10.352],[-72.90651059667428,10.351492207368764],[-72.9082837554061,10.266522440939594],[-72.90925557084108,10.219953045295055],[-72.99577486007097,9.929900674024411],[-72.9991,9.9227],[-72.9982750360537,9.921518936508528],[-72.9984,9.9211],[-72.99669991816693,9.91926391162028],[-72.9435,9.8431],[-73.0702,9.6325],[-73.12931449797254,9.542644240882217],[-73.1481,9.5365],[-73.21316336395238,9.429180810002473],[-73.275304954898,9.326680957545957],[-73.36441219512196,9.17970243902439],[-73.3686532164435,9.172707058746715],[-73.3689,9.1723],[-73.177,9.1766],[-73.17408768585717,9.178567407008268],[-73.005,9.279],[-73.0042,9.2742],[-73.0032,9.2733],[-73.00236376446956,9.271659151291098],[-72.96980381547903,9.1635797219496],[-72.9858,9.1452],[-72.94887942883742,9.094123354920152],[-72.9483,9.0922],[-72.94766786202241,9.092447249533596],[-72.9472,9.0918],[-72.812,9.1216],[-72.76607108948879,9.105529841246616],[-72.6553,8.6156],[-72.65500353027284,8.615301112389249],[-72.4959,8.4549],[-72.4065,8.3669],[-72.3812,8.315],[-72.3476,8.0188],[-72.3491,8.0056],[-72.416,8.0334],[-72.48776786534344,7.944239922163845],[-72.48749177552008,7.943723754233188],[-72.4601,7.9014],[-72.46266086278109,7.897300743460301],[-72.45977595820517,7.891907226209662],[-72.4487,7.8712],[-72.471,7.7033],[-72.47281907086757,7.649975236853385],[-72.47605942685968,7.554986515484583],[-72.478,7.4981],[-72.47440262976663,7.492642307465276],[-72.41381033677209,7.400715682267942],[-72.4137721398075,7.4007127360879945],[-72.4138,7.4007],[-72.41149462344907,7.400537068385111],[-72.19481451627895,7.383824259036401],[-72.1539,7.3282],[-72.1745,7.2576],[-72.04781373127439,7.038323766917711],[-72.0478,7.0383],[-71.94979193869459,7.009410571460938],[-71.9389,7.0062],[-71.75398944726994,7.063294851517583],[-71.73201912347619,7.053822616109494],[-71.7068,7.0327],[-71.69277074230745,7.035352590740191],[-71.68145455367352,7.0374922062382],[-71.58755275267679,7.041495434084215],[-71.5871,7.0164],[-71.13186797677244,7.03263694087223],[-71.13,7.0326],[-71.0892,6.9833],[-71.03803622588235,6.982746878117647],[-71.0221,6.9741],[-71.01112549580071,6.982455951305954],[-70.9967,6.9823],[-70.87655604746408,7.0620889803252505],[-70.77872740050974,7.083960037348274],[-70.6799,7.0924],[-70.5578805495921,7.079602838127952],[-70.55682669409714,7.07940091619724],[-70.51738,7.026082857142857],[-70.5024,7.0056],[-70.3225,6.9345],[-70.32243560777162,6.934514092681152],[-70.28566220440882,6.9425622044088175],[-70.1178,6.9793],[-69.76199396843349,6.530164774520597],[-69.62791398524993,6.360915132477465],[-69.5387,6.2483],[-69.42752613901327,6.107333143892721],[-69.4275,6.1073],[-69.34452125853711,6.144390497690034],[-69.34310149531656,6.143520708723621],[-69.2408,6.0792],[-69.23958419826727,6.0801029489856],[-69.2386,6.0795],[-69.03462627900957,6.217800740194187],[-68.81352106433752,6.1676065319829565],[-68.6439,6.1291],[-68.44782679465796,6.187762065002946],[-68.4477,6.1878],[-68.30760257308717,6.162918217331458],[-68.3075,6.1629],[-68.14195523529983,6.228658890860404],[-68.1416,6.2288],[-68.02622953097514,6.196730583911334],[-68.0254,6.1965],[-67.88861885904406,6.277793252454759],[-67.80969246444242,6.324286624481348],[-67.80813544764509,6.323938811240853],[-67.48263058204151,6.213925307894253],[-67.4732899772551,6.206019230170888],[-67.4559,6.1913],[-67.49201657222414,6.1307544465632375],[-67.49294780564247,6.127011690240775],[-67.48378869084975,6.111727973201958],[-67.4099,5.9953],[-67.41258237734537,5.992906758312981],[-67.59155622204683,5.833224651407525],[-67.59723845952456,5.828154906977022],[-67.5973196359894,5.827848659335879],[-67.6160785742535,5.587734249555075],[-67.6218510773831,5.513846209496278],[-67.6248,5.4761],[-67.81064464806705,5.344799920773357],[-67.8139,5.3425],[-67.81471810080207,5.341152539855414],[-67.83618480674464,5.305795612420592],[-67.8241,5.2448],[-67.85421890730807,5.139235698648129],[-67.85425843333525,5.137317368796111],[-67.806,5.055],[-67.80602991590403,5.054118494929512],[-67.8059,5.0539],[-67.80611130779084,5.051720193315477],[-67.8178,4.7073],[-67.8556,4.5376],[-67.7731,4.4189],[-67.79662750507845,4.232648788249232],[-67.7077,4.045],[-67.72523621055555,4.033651566597627],[-67.6344,3.7855],[-67.59865163575041,3.780669139966273],[-67.5825,3.7528],[-67.4964722642529,3.7538668603080247],[-67.40600575589288,3.492993027273849],[-67.4016,3.4799],[-67.31740518233487,3.3853199184818936],[-67.3824,3.2484],[-67.4349,3.2484],[-67.51692453528021,3.1748673715038795],[-67.5164,3.1748],[-67.8561571203139,2.870755149912569],[-67.86270019548253,2.8648894718693536],[-67.8641,2.7895],[-67.8135,2.8319],[-67.77288198599106,2.8280552414220543],[-67.62926506164224,2.8144609676668995],[-67.617,2.8133],[-67.61655530202955,2.8120311606821193],[-67.57776211886305,2.7013440891472866],[-67.56228742467346,2.657190749747637],[-67.52321318059423,2.6615546255305556],[-67.4867,2.667],[-67.48558109851012,2.6657574382921956],[-67.3365,2.5002],[-67.19620659003331,2.358025981320635],[-67.18848882017932,2.345742770144535],[-67.2219,2.2542],[-67.2213027747833,2.25300060564922],[-67.2215,2.2525],[-67.1616,2.1328],[-67.1093195887051,2.1196077466825995],[-67.123,1.9768],[-66.9853,1.6868],[-66.9621,1.6669],[-66.9112,1.4234],[-66.88702942292039,1.3960039573979488],[-66.85097479601646,1.2656036209228125],[-66.8322,1.1977],[-66.3211,0.7341],[-66.2133,0.7654],[-66.1312,0.7352],[-65.9599,0.7968],[-65.8821,0.9191],[-65.7235,0.9889],[-65.5559,0.9712],[-65.5052,0.848],[-65.5911,0.7009],[-65.5459,0.6346],[-65.432,0.6816],[-65.4064,0.8101],[-65.3244,0.9121],[-65.1835,0.9155],[-65.1384,1.1136],[-65.0144,1.0896],[-64.9994,1.1502],[-64.8212,1.2835],[-64.7383,1.2071],[-64.3874,1.5076],[-64.3411,1.4882],[-64.3943,1.377],[-64.3296,1.3452],[-64.2844,1.4547],[-64.0719,1.6134],[-64.0449,1.9197],[-63.994,1.9655],[-63.7563,1.9764],[-63.5576,2.1147],[-63.4029,2.1235],[-63.3495,2.3919],[-63.6595,2.4446],[-63.8247,2.3991],[-64.0231,2.4645],[-63.9933,2.7549],[-64.073,2.8929],[-64.2274,3.1169],[-64.2382,3.417],[-64.1804,3.5476],[-64.2931,3.7],[-64.5479,3.8534],[-64.626,3.9967],[-64.6928,4.0186],[-64.6845,4.0669],[-64.7439,4.049],[-64.7344,4.1347],[-64.7947,4.1683]],[[-67.6092,10.201],[-67.6075,10.1451],[-67.625,10.1096],[-67.6608,10.1328],[-67.8605,10.1147],[-67.865,10.1516],[-67.8703,10.1573],[-67.8306,10.2062],[-67.7347,10.2596],[-67.6725,10.2433],[-67.6092,10.201]]],[[[-64.943,10.1528],[-64.9119,10.1464],[-64.9249,10.1537],[-64.9337,10.1566],[-64.943,10.1528]]],[[[-64.9772,10.1648],[-64.9404,10.1625],[-64.9555,10.1688],[-64.9679,10.1692],[-64.9772,10.1648]]],[[[-64.6138,10.2435],[-64.6139,10.2433],[-64.6138,10.2433],[-64.6138,10.2435]]],[[[-64.5914,10.2506],[-64.5915,10.2505],[-64.5914,10.2505],[-64.5914,10.2506]]],[[[-64.6435,10.2573],[-64.6356,10.2567],[-64.6193,10.269],[-64.6354,10.2713],[-64.6435,10.2573]]],[[[-64.6752,10.2854],[-64.6117,10.2798],[-64.6263,10.2961],[-64.6658,10.3021],[-64.6752,10.2854]]],[[[-64.6087,10.2921],[-64.6016,10.2876],[-64.5866,10.2913],[-64.5992,10.295],[-64.6087,10.2921]]],[[[-64.6793,10.3038],[-64.6831,10.2981],[-64.6784,10.2901],[-64.6751,10.2991],[-64.6793,10.3038]]],[[[-64.6854,10.3003],[-64.6835,10.3027],[-64.6852,10.3029],[-64.6858,10.3014],[-64.6854,10.3003]]],[[[-64.5531,10.2603],[-64.5406,10.2568],[-64.5389,10.2664],[-64.5513,10.2735],[-64.5531,10.2603]]],[[[-64.5825,10.2928],[-64.5846,10.2932],[-64.5845,10.2914],[-64.5835,10.2905],[-64.5825,10.2928]]],[[[-64.5768,10.2936],[-64.5751,10.2917],[-64.5738,10.2929],[-64.576,10.2939],[-64.5768,10.2936]]],[[[-64.5538,10.292],[-64.5526,10.2932],[-64.5494,10.294],[-64.5516,10.2947],[-64.5538,10.292]]],[[[-64.5651,10.3038],[-64.562,10.3054],[-64.5632,10.309],[-64.565,10.307],[-64.5651,10.3038]]],[[[-64.6771,10.2035],[-64.6771,10.2036],[-64.6773,10.2036],[-64.6773,10.2035],[-64.6771,10.2035]]],[[[-64.6541,10.2112],[-64.6552,10.2136],[-64.6553,10.2132],[-64.6541,10.2112]]],[[[-64.6553,10.2132],[-64.6555,10.2131],[-64.6553,10.2131],[-64.6553,10.2132]]],[[[-64.6552,10.2136],[-64.655,10.2137],[-64.655,10.2138],[-64.6552,10.2137],[-64.6552,10.2136]]],[[[-64.6477,10.214],[-64.6477,10.2142],[-64.6478,10.2142],[-64.6477,10.214]]],[[[-64.6441,10.2182],[-64.644,10.2182],[-64.6441,10.2183],[-64.6441,10.2182]]],[[[-64.6361,10.2277],[-64.6361,10.2278],[-64.6361,10.2279],[-64.6362,10.2277],[-64.6361,10.2277]]],[[[-64.6341,10.2288],[-64.6338,10.2288],[-64.6339,10.229],[-64.6341,10.229],[-64.6341,10.2288]]],[[[-64.6991,10.2016],[-64.6991,10.2017],[-64.6992,10.2016],[-64.6991,10.2016]]],[[[-64.7075,10.2035],[-64.7074,10.2024],[-64.7071,10.2021],[-64.7071,10.2034],[-64.7075,10.2035]]],[[[-64.712,10.2051],[-64.7135,10.2051],[-64.7135,10.205],[-64.712,10.205],[-64.712,10.2051]]],[[[-64.7135,10.2124],[-64.7135,10.2127],[-64.7138,10.2128],[-64.7138,10.2127],[-64.7135,10.2124]]],[[[-64.7112,10.2202],[-64.7113,10.2202],[-64.7113,10.2201],[-64.7112,10.2201],[-64.7112,10.2202]]],[[[-64.7611,10.2457],[-64.763,10.2505],[-64.763,10.2495],[-64.7628,10.2473],[-64.7611,10.2457]]],[[[-64.7466,10.2692],[-64.75,10.2628],[-64.7447,10.2631],[-64.7413,10.2642],[-64.7466,10.2692]]],[[[-64.7436,10.271],[-64.7297,10.299],[-64.7431,10.3117],[-64.7627,10.2872],[-64.7436,10.271]]],[[[-68.0384,10.484],[-68.0386,10.4843],[-68.0391,10.4843],[-68.039,10.4841],[-68.0384,10.484]]],[[[-68.0076,10.4863],[-68.0082,10.4864],[-68.0081,10.4863],[-68.0076,10.4863]]],[[[-68.002,10.4843],[-68.0045,10.4856],[-68.0045,10.4857],[-68.0078,10.4891],[-68.0081,10.4891],[-68.0076,10.4863],[-68.0083,10.4853],[-68.0085,10.4854],[-68.0076,10.4839],[-68.002,10.4843]]],[[[-68.0081,10.4891],[-68.0079,10.4892],[-68.0081,10.4892],[-68.0081,10.4891]]],[[[-70.2387,11.7572],[-70.2389,11.757],[-70.2391,11.7568],[-70.2388,11.7569],[-70.2387,11.7572]]],[[[-66.1072,10.5311],[-66.1072,10.5313],[-66.1075,10.5314],[-66.1075,10.5313],[-66.1072,10.5311]]],[[[-66.1101,10.5339],[-66.1098,10.534],[-66.1098,10.5342],[-66.1101,10.5339]]],[[[-66.1119,10.5352],[-66.1119,10.5353],[-66.1121,10.5357],[-66.1123,10.5355],[-66.1119,10.5352]]],[[[-66.1124,10.5375],[-66.1125,10.5377],[-66.1127,10.5377],[-66.1127,10.5376],[-66.1124,10.5375]]],[[[-66.1131,10.5375],[-66.113,10.5381],[-66.1131,10.5381],[-66.1131,10.5375]]],[[[-63.9125,11.14],[-63.9761,11.1103],[-64.0155,11.0505],[-64.0354,10.9894],[-64.1655,11.015],[-64.1954,11.0839],[-64.2962,11.0717],[-64.3832,11.0435],[-64.4096,10.9717],[-64.2096,10.9345],[-64.1669,10.9777],[-64.0636,10.8606],[-63.991,10.8911],[-63.9416,10.936],[-63.8938,10.8844],[-63.8569,10.9492],[-63.8285,10.9516],[-63.8285,10.9515],[-63.8284,10.9515],[-63.828,10.9516],[-63.8148,10.9813],[-63.8116,10.9816],[-63.7766,10.9972],[-63.8019,11.0329],[-63.8021,11.0329],[-63.8205,11.0636],[-63.8787,11.1766],[-63.9125,11.14]]],[[[-63.8569,10.9492],[-63.8569,10.9491],[-63.8567,10.9491],[-63.8569,10.9492]]],[[[-64.2211,10.794],[-64.1489,10.811],[-64.1606,10.8352],[-64.2304,10.814],[-64.2211,10.794]]],[[[-63.9219,10.7903],[-63.9976,10.8113],[-64.0057,10.7762],[-63.8986,10.7342],[-63.9219,10.7903]]],[[[-63.9708,10.6659],[-63.9707,10.6663],[-63.9713,10.6664],[-63.9715,10.6661],[-63.9708,10.6659]]],[[[-63.9693,10.677],[-63.969,10.6777],[-63.9694,10.6779],[-63.9696,10.6773],[-63.9693,10.677]]],[[[-63.8739,10.6902],[-63.8762,10.6927],[-63.8768,10.6901],[-63.8747,10.6896],[-63.8739,10.6902]]],[[[-64.4798,10.262],[-64.4839,10.2671],[-64.4874,10.2675],[-64.4911,10.2671],[-64.4798,10.262]]],[[[-64.4929,10.2673],[-64.4929,10.268],[-64.4934,10.2683],[-64.4941,10.2678],[-64.4929,10.2673]]],[[[-64.4994,10.3505],[-64.4945,10.3629],[-64.5051,10.356],[-64.5088,10.3471],[-64.4994,10.3505]]],[[[-64.4535,10.3699],[-64.4704,10.3641],[-64.4396,10.3499],[-64.4271,10.3506],[-64.442,10.3538],[-64.4535,10.3699]]],[[[-64.4955,10.3661],[-64.4989,10.3658],[-64.4987,10.3651],[-64.4961,10.365],[-64.4955,10.3661]]],[[[-64.4112,10.3662],[-64.4213,10.3812],[-64.4366,10.3717],[-64.4314,10.3567],[-64.4112,10.3662]]],[[[-64.4137,10.3481],[-64.3941,10.3585],[-64.3997,10.3714],[-64.4036,10.3735],[-64.4137,10.3481]]],[[[-64.1935,10.4683],[-64.1935,10.4681],[-64.1932,10.4681],[-64.1932,10.4683],[-64.1935,10.4683]]],[[[-64.1428,10.4747],[-64.1428,10.4745],[-64.1426,10.4747],[-64.1428,10.4747]]],[[[-64.1887,10.476],[-64.1895,10.477],[-64.1897,10.4769],[-64.1891,10.4764],[-64.1887,10.476]]],[[[-71.629,10.8568],[-71.6312,10.8591],[-71.6344,10.8562],[-71.629,10.8555],[-71.629,10.8568]]],[[[-71.6327,10.8632],[-71.6288,10.8625],[-71.6275,10.8639],[-71.6305,10.8678],[-71.6327,10.8632]]],[[[-71.6279,10.8782],[-71.6298,10.8758],[-71.6297,10.8742],[-71.6268,10.871],[-71.6279,10.8782]]],[[[-71.6261,10.9543],[-71.6351,10.9587],[-71.6823,10.9609],[-71.6587,10.9503],[-71.6261,10.9543]]],[[[-71.6442,10.9811],[-71.6425,10.9743],[-71.6291,10.9782],[-71.629,10.9819],[-71.6442,10.9811]]],[[[-71.6273,10.8818],[-71.6238,10.8803],[-71.622,10.884],[-71.6248,10.8849],[-71.6273,10.8818]]],[[[-71.6235,10.8884],[-71.622,10.8924],[-71.6249,10.8926],[-71.626,10.891],[-71.6235,10.8884]]],[[[-71.6219,10.8975],[-71.6192,10.901],[-71.6204,10.9021],[-71.6226,10.9017],[-71.6219,10.8975]]],[[[-71.6043,10.9354],[-71.6009,10.9155],[-71.6009,10.9098],[-71.5925,10.9474],[-71.6043,10.9354]]],[[[-71.5955,10.9886],[-71.5379,10.9462],[-71.5488,10.9733],[-71.5863,10.9933],[-71.5955,10.9886]]],[[[-71.614,10.6299],[-71.6137,10.6299],[-71.614,10.63],[-71.614,10.6299]]],[[[-71.6173,10.6336],[-71.6162,10.6342],[-71.6162,10.6343],[-71.6173,10.6336]]],[[[-71.5881,10.6742],[-71.588,10.6744],[-71.5884,10.6747],[-71.5881,10.6744],[-71.5881,10.6742]]],[[[-71.5919,10.6817],[-71.5912,10.6818],[-71.5914,10.6819],[-71.5919,10.6817]]],[[[-71.5914,10.6822],[-71.5911,10.682],[-71.5911,10.6821],[-71.5914,10.6822]]],[[[-71.59,10.69],[-71.5893,10.69],[-71.5891,10.6922],[-71.591,10.6906],[-71.59,10.69]]],[[[-71.5157,10.9398],[-71.5025,10.9336],[-71.4983,10.9411],[-71.5137,10.9448],[-71.5157,10.9398]]],[[[-71.6283,10.528],[-71.628,10.5278],[-71.628,10.5279],[-71.6283,10.528]]],[[[-71.6231,10.5336],[-71.6231,10.5338],[-71.6234,10.5339],[-71.6238,10.5337],[-71.6231,10.5336]]],[[[-71.6113,10.5696],[-71.611,10.5694],[-71.611,10.5695],[-71.6113,10.5696]]],[[[-71.6118,10.5777],[-71.6117,10.5777],[-71.6106,10.5783],[-71.6115,10.578],[-71.6118,10.5777]]],[[[-71.613,10.585],[-71.6129,10.585],[-71.6129,10.5851],[-71.6132,10.5854],[-71.613,10.585]]],[[[-66.9298,10.6031],[-66.9298,10.6029],[-66.9297,10.6029],[-66.9298,10.6031]]],[[[-66.9294,10.6031],[-66.9293,10.6031],[-66.9293,10.6032],[-66.9295,10.6031],[-66.9294,10.6031]]],[[[-67.0398,10.6051],[-67.0399,10.6051],[-67.0398,10.605],[-67.0398,10.6051]]],[[[-67.0398,10.6051],[-67.0397,10.605],[-67.0397,10.6053],[-67.0398,10.6051]]],[[[-66.9815,10.6092],[-66.9813,10.6092],[-66.9812,10.6096],[-66.9815,10.6094],[-66.9815,10.6092]]],[[[-66.9819,10.6094],[-66.9812,10.6105],[-66.9812,10.6107],[-66.9817,10.6099],[-66.9819,10.6094]]],[[[-67.0308,10.6107],[-67.0308,10.6108],[-67.0309,10.6108],[-67.0309,10.6107],[-67.0308,10.6107]]],[[[-66.9835,10.6113],[-66.9834,10.6113],[-66.9834,10.6116],[-66.9836,10.6115],[-66.9835,10.6113]]],[[[-67.0014,10.6122],[-67.001,10.6122],[-67.001,10.6123],[-67.0012,10.6123],[-67.0014,10.6122]]],[[[-66.9993,10.6123],[-66.9992,10.6118],[-66.9992,10.6124],[-67,10.6127],[-66.9993,10.6123]]],[[[-67.0041,10.6124],[-67.0041,10.6123],[-67.0038,10.6123],[-67.0038,10.6124],[-67.0041,10.6124]]],[[[-67.0041,10.6124],[-67.0046,10.6125],[-67.0045,10.6123],[-67.0041,10.6124]]],[[[-67.0072,10.6135],[-67.0072,10.6136],[-67.0075,10.6138],[-67.0075,10.6136],[-67.0072,10.6135]]],[[[-67.0124,10.6135],[-67.012,10.6138],[-67.0127,10.614],[-67.0124,10.6137],[-67.0124,10.6135]]],[[[-67.0162,10.6146],[-67.0158,10.614],[-67.0161,10.6145],[-67.0162,10.6146]]],[[[-66.9274,10.6025],[-66.9274,10.6026],[-66.9275,10.6025],[-66.9274,10.6025]]],[[[-66.8711,10.6127],[-66.8709,10.6127],[-66.8709,10.6128],[-66.8711,10.6128],[-66.8711,10.6127]]],[[[-66.7476,10.6169],[-66.7476,10.617],[-66.748,10.6173],[-66.7477,10.6169],[-66.7476,10.6169]]],[[[-66.7465,10.6189],[-66.7467,10.6189],[-66.7467,10.6188],[-66.7465,10.6188],[-66.7465,10.6189]]],[[[-66.8388,10.6189],[-66.8385,10.6191],[-66.8385,10.6197],[-66.8388,10.6196],[-66.8388,10.6189]]],[[[-66.7464,10.6191],[-66.7464,10.6196],[-66.7465,10.6196],[-66.7465,10.6191],[-66.7464,10.6191]]],[[[-66.8487,10.6198],[-66.8487,10.62],[-66.8489,10.62],[-66.8489,10.6199],[-66.8487,10.6198]]],[[[-66.8509,10.6205],[-66.8508,10.6205],[-66.8508,10.6207],[-66.8509,10.6207],[-66.8509,10.6205]]],[[[-66.8501,10.6203],[-66.85,10.6205],[-66.8493,10.621],[-66.8502,10.6206],[-66.8501,10.6203]]],[[[-66.8438,10.6212],[-66.8438,10.6213],[-66.8441,10.6216],[-66.8438,10.6212]]],[[[-66.8434,10.6214],[-66.8435,10.6216],[-66.8437,10.6216],[-66.8434,10.6214]]],[[[-66.7459,10.6211],[-66.7457,10.622],[-66.7464,10.6225],[-66.7465,10.6219],[-66.7471,10.6218],[-66.7469,10.6209],[-66.7459,10.6211]]],[[[-66.712,10.6235],[-66.7118,10.6236],[-66.7118,10.6241],[-66.712,10.6241],[-66.712,10.6235]]],[[[-66.7135,10.6242],[-66.7134,10.6242],[-66.7134,10.6243],[-66.7135,10.6243],[-66.7135,10.6242]]]]},"properties":{"iso3":"VEN"}},
{"type":"Feature","geometry":{"type":"MultiPolygon","coordinates":[[[[47.1909,13.6003],[47.3924,13.6545],[47.6401,13.8699],[47.9675,14.0481],[48.0902,14.0399],[48.1842,13.9685],[48.3195,13.9923],[48.3206,13.9861],[48.3261,13.9913],[48.3253,13.9933],[48.6284,14.0467],[48.6973,14.0519],[48.993,14.3217],[49.0001,14.402],[49.0915,14.5201],[49.155,14.5143],[49.1554,14.5142],[49.1556,14.5142],[49.1649,14.5102],[49.1708,14.5131],[49.1692,14.5187],[49.1666,14.5201],[49.1676,14.527],[49.168,14.5289],[49.1686,14.5316],[49.1685,14.5317],[49.1686,14.5317],[49.1736,14.5415],[49.1736,14.5436],[49.386,14.6554],[49.4657,14.6867],[49.8638,14.8211],[50.1783,14.8446],[50.2179,14.8837],[50.2245,14.888],[50.4751,15.0243],[50.7562,15.0789],[51.1323,15.1685],[51.1618,15.1769],[51.6462,15.3354],[51.6612,15.4022],[51.8461,15.4434],[51.8658,15.4927],[52.2217,15.6324],[52.1466,15.9675],[52.2385,16.2016],[52.4293,16.4039],[52.7426,16.5318],[52.9026,16.592],[53.1084,16.6504],[53.0437,16.7905],[52.8123,17.2856],[52.7459,17.2945],[52.7823,17.3497],[52,19],[50.3344,18.744],[49.7499,18.6839],[49.7488,18.6838],[49.1167,18.6167],[48.4859,18.3132],[48.4854,18.313],[48.1833,18.1667],[47.6001,17.45],[47.4667,17.1167],[47.1834,16.9499],[47.0025,16.95],[46.75,17.2834],[46.3667,17.2333],[46.1,17.2499],[45.4001,17.3333],[45.2167,17.4333],[44.9532,17.4335],[44.3661,17.4333],[44.1381,17.4089],[44.1005,17.3661],[44.0113,17.4025],[43.9667,17.3306],[43.9081,17.3412],[43.6809,17.3688],[43.4313,17.5639],[43.3047,17.5319],[43.2565,17.4579],[43.228,17.3856],[43.3309,17.3034],[43.2032,17.2595],[43.2163,17.2103],[43.1519,17.1747],[43.1601,17.087],[43.2308,17.0646],[43.2486,17.0156],[43.1792,17.0259],[43.194,16.9446],[43.1379,16.9072],[43.2234,16.8287],[43.2666,16.795],[43.2117,16.7096],[43.2347,16.6429],[43.2188,16.6491],[43.1516,16.6772],[43.1207,16.5286],[42.9503,16.497],[42.9554,16.403],[42.7718,16.4039],[42.833,16.1972],[42.8279,15.9482],[42.8148,15.8648],[42.687,15.6973],[42.7003,15.5579],[42.7781,15.4219],[42.7965,15.3625],[42.7823,15.2044],[42.7662,15.2683],[42.6858,15.2962],[42.7058,15.3623],[42.6801,15.319],[42.6688,15.3085],[42.6685,15.2361],[42.5984,15.2339],[42.6349,15.1822],[42.6863,15.2152],[42.7816,15.1882],[42.8458,15.1532],[42.8656,15.0878],[42.9438,14.8498],[42.9362,14.8348],[42.8763,14.9235],[42.8688,14.892],[42.8811,14.8592],[42.94,14.7932],[42.944,14.7854],[42.9464,14.785],[42.9566,14.7064],[43.0165,14.5404],[43.0166,14.4358],[42.9587,14.5402],[42.9592,14.5328],[42.9662,14.518],[42.973,14.4827],[42.9916,14.4397],[42.9975,14.3973],[43.0105,14.3792],[43.0505,14.2644],[43.0973,14.0635],[43.2178,13.8973],[43.2878,13.6791],[43.244,13.256],[43.4084,12.9461],[43.4082,12.9459],[43.4949,12.8203],[43.4684,12.7239],[43.5013,12.7042],[43.4529,12.6941],[43.5174,12.6862],[43.6161,12.7388],[43.6164,12.7383],[43.9065,12.6449],[43.9463,12.5936],[44.4055,12.6813],[44.5689,12.8119],[44.724,12.771],[44.7338,12.77],[44.7381,12.7638],[44.8852,12.7425],[44.8872,12.7429],[44.8872,12.743],[44.9221,12.7654],[44.8424,12.7698],[44.8376,12.7782],[44.8607,12.8027],[44.8897,12.7688],[44.961,12.8274],[44.9989,12.8056],[45.0007,12.8438],[45.0255,12.8038],[44.9979,12.7957],[44.9842,12.7914],[45.0054,12.7587],[45.0544,12.7606],[45.0518,12.7804],[45.0401,12.79],[45.053,12.8474],[45.0956,12.9363],[45.1783,13.0057],[45.3921,13.0649],[45.5174,13.2214],[45.707,13.3554],[46.0211,13.4201],[46.388,13.4165],[46.3917,13.4174],[46.6995,13.4283],[46.9205,13.5385],[47.1831,13.5994],[47.1909,13.6003]]],[[[43.4057,12.646],[43.4383,12.6597],[43.3885,12.662],[43.392,12.65],[43.4066,12.6447],[43.4057,12.646]]],[[[42.4217,16.1107],[42.4065,16.1],[42.4139,16.0967],[42.4181,16.1007],[42.4217,16.1107]]],[[[42.3361,16.1452],[42.3359,16.1435],[42.3383,16.1405],[42.3403,16.138],[42.3361,16.1452]]],[[[42.3535,16.1344],[42.3535,16.1403],[42.349,16.1499],[42.3483,16.1473],[42.3531,16.136],[42.3535,16.1344]]],[[[42.3574,16.1421],[42.3574,16.1467],[42.3563,16.1447],[42.3564,16.1421],[42.3574,16.1421]]],[[[42.2736,16.1446],[42.276,16.1402],[42.2811,16.1438],[42.2871,16.1502],[42.2736,16.1446]]],[[[42.373,16.2191],[42.3602,16.197],[42.3685,16.181],[42.3873,16.1986],[42.373,16.2191]]],[[[42.4336,16.2391],[42.435,16.2395],[42.434,16.24],[42.4339,16.24],[42.4336,16.2391]]],[[[42.5034,16.256],[42.5016,16.2589],[42.4913,16.2623],[42.4782,16.2626],[42.5034,16.256]]],[[[42.3517,16.2606],[42.3614,16.262],[42.3654,16.2828],[42.3499,16.2701],[42.3517,16.2606]]],[[[42.2989,16.2837],[42.3328,16.2786],[42.3409,16.3158],[42.3213,16.3121],[42.2989,16.2837]]],[[[42.2002,16.2821],[42.2121,16.292],[42.2036,16.3193],[42.1918,16.3158],[42.2002,16.2821]]],[[[42.4779,16.3078],[42.4822,16.3028],[42.487,16.3044],[42.4853,16.3077],[42.4779,16.3078]]],[[[42.2383,16.2932],[42.2467,16.2981],[42.2638,16.328],[42.2373,16.3103],[42.2383,16.2932]]],[[[41.9624,16.3238],[41.958,16.3018],[41.9661,16.2989],[41.9691,16.3074],[41.9624,16.3238]]],[[[42.4863,16.3203],[42.4826,16.3276],[42.4768,16.3238],[42.4792,16.3207],[42.4863,16.3203]]],[[[42.4937,16.3377],[42.4932,16.3364],[42.4945,16.3355],[42.4948,16.3359],[42.4937,16.3377]]],[[[42.4989,16.3471],[42.4952,16.3493],[42.4943,16.3475],[42.4973,16.3458],[42.4989,16.3471]]],[[[42.3333,16.3473],[42.3359,16.3462],[42.3512,16.3529],[42.3459,16.353],[42.3333,16.3473]]],[[[42.4359,16.3547],[42.461,16.3624],[42.4564,16.3642],[42.4401,16.3613],[42.4359,16.3547]]],[[[42.4222,16.3804],[42.4144,16.3721],[42.4228,16.37],[42.4242,16.3755],[42.4222,16.3804]]],[[[42.3592,16.3757],[42.3572,16.3759],[42.3558,16.375],[42.3585,16.3748],[42.3592,16.3757]]],[[[42.2861,16.3748],[42.2915,16.3745],[42.3009,16.3777],[42.2984,16.3817],[42.2861,16.3748]]],[[[42.6361,15.9635],[42.6387,15.9622],[42.64,15.9664],[42.6363,15.9672],[42.6361,15.9635]]],[[[42.6359,15.989],[42.6278,15.9919],[42.6264,15.9887],[42.6303,15.9837],[42.6359,15.989]]],[[[42.5852,16.0026],[42.5895,16.0004],[42.5932,16.0035],[42.5969,16.0055],[42.5852,16.0026]]],[[[42.606,16.0253],[42.6036,16.0263],[42.6027,16.0243],[42.6031,16.0241],[42.606,16.0253]]],[[[42.6267,16.1438],[42.6297,16.1462],[42.6284,16.1462],[42.6272,16.1454],[42.6267,16.1438]]],[[[42.6275,16.1556],[42.6281,16.1568],[42.6275,16.1588],[42.6258,16.1573],[42.6275,16.1556]]],[[[42.526,16.1651],[42.5161,16.1828],[42.5107,16.1795],[42.5194,16.1646],[42.526,16.1651]]],[[[42.5485,16.1766],[42.5557,16.1831],[42.5557,16.1886],[42.5462,16.1864],[42.5485,16.1766]]],[[[42.525,16.2411],[42.5246,16.2444],[42.5244,16.2442],[42.5247,16.2419],[42.525,16.2411]]],[[[42.5175,16.2449],[42.5183,16.2476],[42.5175,16.2481],[42.5171,16.2436],[42.5175,16.2449]]],[[[42.5361,16.2465],[42.5366,16.2465],[42.5372,16.2512],[42.5363,16.2505],[42.5361,16.2465]]],[[[42.5358,16.2542],[42.5361,16.2564],[42.5352,16.2572],[42.5352,16.2566],[42.5358,16.2542]]],[[[42.5041,16.2569],[42.5068,16.2553],[42.5072,16.2553],[42.5068,16.2554],[42.5058,16.2564],[42.5041,16.2569]]],[[[42.5227,16.2555],[42.5225,16.2611],[42.5218,16.2584],[42.5225,16.2558],[42.5227,16.2555]]],[[[42.5135,16.2855],[42.542,16.2855],[42.4781,16.2891],[42.5001,16.2797],[42.5135,16.2855]]],[[[42.5535,16.2966],[42.5548,16.2964],[42.5554,16.2972],[42.5572,16.2995],[42.5535,16.2966]]],[[[42.5576,16.2996],[42.5638,16.3021],[42.5609,16.3016],[42.5599,16.3008],[42.5576,16.2996]]],[[[42.556,16.3073],[42.5557,16.3083],[42.5546,16.3087],[42.5553,16.3076],[42.556,16.3073]]],[[[42.5768,16.3121],[42.5803,16.3109],[42.5853,16.3143],[42.5809,16.3154],[42.5768,16.3121]]],[[[42.5657,16.3137],[42.5667,16.3155],[42.5647,16.3155],[42.565,16.3148],[42.5657,16.3137]]],[[[42.5722,16.3254],[42.5735,16.3276],[42.5751,16.3278],[42.5733,16.3287],[42.5722,16.3254]]],[[[42.5001,16.398],[42.4982,16.397],[42.4992,16.3953],[42.501,16.3962],[42.5001,16.398]]],[[[42.6454,16.4023],[42.6465,16.4005],[42.648,16.4004],[42.6491,16.4024],[42.6454,16.4023]]],[[[42.8002,15.8763],[42.8024,15.8758],[42.8021,15.8764],[42.8002,15.8763]]],[[[42.7979,15.8915],[42.7974,15.8937],[42.7964,15.8917],[42.7979,15.8915]]],[[[42.6773,15.9618],[42.6879,15.9651],[42.6812,15.9658],[42.6742,15.9644],[42.6773,15.9618]]],[[[42.7778,15.9784],[42.7773,15.9766],[42.7787,15.976],[42.7792,15.9784],[42.7778,15.9784]]],[[[42.7689,15.9942],[42.7695,15.9931],[42.7706,15.9946],[42.7698,15.9948],[42.7689,15.9942]]],[[[42.7096,16.0232],[42.7073,16.0233],[42.7064,16.0212],[42.7087,16.0212],[42.7096,16.0232]]],[[[42.7063,16.0801],[42.7055,16.0802],[42.7041,16.079],[42.7041,16.0776],[42.7063,16.0801]]],[[[42.6585,16.1335],[42.6606,16.1334],[42.6651,16.1347],[42.6671,16.1357],[42.6585,16.1335]]],[[[42.7022,16.1354],[42.7005,16.1363],[42.6997,16.1341],[42.7015,16.1334],[42.7022,16.1354]]],[[[42.6632,16.168],[42.6638,16.1666],[42.6718,16.1651],[42.6655,16.1695],[42.6632,16.168]]],[[[42.8103,16.188],[42.8067,16.1868],[42.8114,16.1821],[42.8103,16.188]]],[[[42.7867,16.236],[42.7852,16.2346],[42.786,16.2313],[42.7881,16.2331],[42.7867,16.236]]],[[[42.7648,16.2535],[42.7645,16.2513],[42.7662,16.2513],[42.7666,16.2543],[42.7648,16.2535]]],[[[42.7801,16.2809],[42.7783,16.2802],[42.7772,16.2769],[42.7809,16.2776],[42.7801,16.2809]]],[[[42.6791,16.3256],[42.6861,16.3272],[42.6828,16.3286],[42.6792,16.3295],[42.6791,16.3256]]],[[[42.7826,16.3584],[42.7824,16.3589],[42.7816,16.3584],[42.7824,16.3583],[42.7826,16.3584]]],[[[42.7651,16.3726],[42.7651,16.3729],[42.765,16.3728],[42.7651,16.3726]]],[[[42.7716,16.3735],[42.7713,16.3746],[42.7708,16.3746],[42.7711,16.3738],[42.7716,16.3735]]],[[[42.7681,16.401],[42.7651,16.3726],[42.781,16.358],[42.7816,16.3583],[42.7804,16.3593],[42.774,16.3647],[42.7681,16.3733],[42.7682,16.3832],[42.7704,16.3781],[42.7708,16.379],[42.7689,16.3838],[42.7689,16.3878],[42.7684,16.3876],[42.7683,16.3873],[42.7684,16.3987],[42.7681,16.401]]],[[[42.658,16.3934],[42.6503,16.3917],[42.6512,16.3906],[42.6553,16.392],[42.658,16.3934]]],[[[42.7681,16.401],[42.7681,16.4018],[42.769,16.4023],[42.768,16.4023],[42.7681,16.401]]],[[[42.3826,15.5092],[42.3824,15.5112],[42.3796,15.5135],[42.3844,15.5054],[42.3826,15.5092]]],[[[42.5597,15.579],[42.5504,15.5702],[42.5356,15.5631],[42.5485,15.5653],[42.5597,15.579]]],[[[42.499,15.5904],[42.5004,15.5928],[42.4982,15.5935],[42.4961,15.5914],[42.499,15.5904]]],[[[42.5503,15.6365],[42.5476,15.6356],[42.5488,15.631],[42.5543,15.6333],[42.5503,15.6365]]],[[[42.3078,15.6618],[42.2985,15.6975],[42.2825,15.6866],[42.307,15.6595],[42.3078,15.6618]]],[[[42.5058,15.7112],[42.5078,15.7105],[42.5062,15.7156],[42.5027,15.7144],[42.5058,15.7112]]],[[[42.5161,15.7137],[42.5199,15.7154],[42.5208,15.7177],[42.5132,15.7153],[42.5161,15.7137]]],[[[42.3671,15.7183],[42.3624,15.7195],[42.3656,15.7136],[42.3671,15.7183]]],[[[42.3861,15.7004],[42.4722,15.7006],[42.4856,15.717],[42.3775,15.7401],[42.3861,15.7004]]],[[[42.5156,15.7261],[42.5148,15.7321],[42.5101,15.7307],[42.51,15.7233],[42.5156,15.7261]]],[[[42.4923,15.7225],[42.5015,15.7223],[42.5062,15.7288],[42.4996,15.7339],[42.4923,15.7225]]],[[[42.5109,15.7346],[42.5118,15.7359],[42.5091,15.7365],[42.5083,15.7357],[42.5109,15.7346]]],[[[42.2994,15.7922],[42.2878,15.7693],[42.2794,15.7433],[42.2825,15.7341],[42.2994,15.7922]]],[[[42.4531,15.7718],[42.4554,15.7662],[42.4587,15.7696],[42.462,15.7782],[42.4531,15.7718]]],[[[42.5352,15.8163],[42.5357,15.8162],[42.5376,15.8169],[42.5375,15.8175],[42.5352,15.8163]]],[[[42.4465,15.8465],[42.4392,15.8442],[42.4432,15.8432],[42.4436,15.8442],[42.4465,15.8465]]],[[[42.2987,15.8387],[42.2871,15.8701],[42.2749,15.8617],[42.2817,15.8396],[42.2987,15.8387]]],[[[42.4822,15.8618],[42.4778,15.8584],[42.4773,15.8568],[42.4849,15.8607],[42.4822,15.8618]]],[[[42.633,15.547],[42.6478,15.5494],[42.6539,15.5552],[42.6552,15.5669],[42.633,15.547]]],[[[42.6391,15.6318],[42.6152,15.6394],[42.5858,15.6474],[42.6026,15.6214],[42.6391,15.6318]]],[[[42.5691,15.7075],[42.5641,15.7094],[42.5526,15.7095],[42.5417,15.707],[42.5691,15.7075]]],[[[42.7104,15.7332],[42.7086,15.735],[42.704,15.7351],[42.7036,15.7332],[42.7104,15.7332]]],[[[42.713,15.7377],[42.7165,15.7405],[42.7092,15.7394],[42.7069,15.7369],[42.713,15.7377]]],[[[42.6289,15.7688],[42.616,15.7656],[42.61,15.7579],[42.6046,15.7386],[42.6289,15.7688]]],[[[42.5618,15.8141],[42.5704,15.8156],[42.57,15.8195],[42.5618,15.8195],[42.5618,15.8141]]],[[[42.6755,15.8183],[42.6755,15.817],[42.6765,15.8148],[42.6781,15.819],[42.6755,15.8183]]],[[[42.5685,15.8547],[42.5728,15.8602],[42.5662,15.8598],[42.5638,15.8546],[42.5685,15.8547]]],[[[42.6778,15.8631],[42.67,15.8611],[42.6781,15.8611],[42.6791,15.8589],[42.6778,15.8631]]],[[[42.5694,15.8686],[42.5655,15.871],[42.5643,15.8643],[42.5709,15.8639],[42.5694,15.8686]]],[[[42.6845,15.8758],[42.6891,15.8754],[42.6909,15.8791],[42.6839,15.8793],[42.6845,15.8758]]],[[[42.665,15.8914],[42.665,15.893],[42.6625,15.893],[42.6625,15.8923],[42.665,15.8914]]],[[[42.5817,15.8957],[42.5805,15.895],[42.5809,15.8939],[42.5812,15.8937],[42.5817,15.8957]]],[[[42.6685,15.897],[42.6703,15.8981],[42.6664,15.8973],[42.6685,15.897]]],[[[42.5996,15.9235],[42.5941,15.9225],[42.5886,15.9148],[42.5912,15.9096],[42.5996,15.9235]]],[[[42.1503,15.0213],[42.1634,15.0129],[42.1673,15.0226],[42.1577,15.0315],[42.1503,15.0213]]],[[[42.1401,15.0678],[42.1413,15.0651],[42.1438,15.0667],[42.1439,15.0703],[42.1401,15.0678]]],[[[42.1545,15.0911],[42.1456,15.083],[42.1484,15.0782],[42.1598,15.0842],[42.1545,15.0911]]],[[[42.1084,15.1245],[42.1051,15.1242],[42.104,15.1175],[42.1102,15.1186],[42.1084,15.1245]]],[[[42.1163,15.1301],[42.1144,15.1347],[42.1121,15.1317],[42.1124,15.1297],[42.1163,15.1301]]],[[[42.1021,15.1472],[42.1061,15.1402],[42.1061,15.1443],[42.1033,15.1509],[42.1021,15.1472]]],[[[42.1185,15.1705],[42.1137,15.1765],[42.1121,15.1762],[42.1084,15.1736],[42.1185,15.1705]]],[[[42.0236,15.2104],[42.0182,15.2],[42.0315,15.1793],[42.0331,15.1827],[42.0236,15.2104]]],[[[42.0413,15.1897],[42.0607,15.1959],[42.0483,15.2252],[42.0416,15.2216],[42.0413,15.1897]]],[[[41.8429,15.5573],[41.815,15.5401],[41.8302,15.5249],[41.8494,15.5336],[41.8429,15.5573]]],[[[42.1807,15.0283],[42.1952,15.0443],[42.1911,15.0638],[42.1606,15.0667],[42.1807,15.0283]]],[[[42.5722,15.1792],[42.568,15.1778],[42.567,15.1755],[42.5723,15.1733],[42.5722,15.1792]]],[[[42.6172,15.3333],[42.613,15.3344],[42.6091,15.3379],[42.6081,15.3395],[42.608,15.3396],[42.6081,15.3396],[42.6151,15.3386],[42.6304,15.379],[42.6305,15.3789],[42.6306,15.3791],[42.6305,15.3792],[42.5998,15.4024],[42.6403,15.455],[42.5564,15.3899],[42.5345,15.3046],[42.5887,15.2633],[42.6195,15.3303],[42.6185,15.3319],[42.6185,15.332],[42.6181,15.3332],[42.6178,15.3333],[42.6176,15.3333],[42.6174,15.3332],[42.6174,15.3333],[42.6172,15.3333]]],[[[42.6317,15.4119],[42.6289,15.4226],[42.6235,15.4126],[42.6249,15.4099],[42.6317,15.4119]]],[[[42.5082,15.4876],[42.5083,15.4886],[42.5045,15.4889],[42.5058,15.4866],[42.5082,15.4876]]],[[[42.4924,15.495],[42.5342,15.4997],[42.5011,15.5057],[42.4814,15.4944],[42.4924,15.495]]],[[[42.4115,15.47],[42.4097,15.4767],[42.3807,15.4978],[42.3579,15.5321],[42.3786,15.4918],[42.4115,15.47]]],[[[42.954,14.5438],[42.9482,14.5695],[42.9559,14.5768],[42.951,14.5756],[42.9414,14.5648],[42.9493,14.542],[42.954,14.5438]]],[[[42.9455,14.6133],[42.9195,14.6087],[42.9146,14.6158],[42.8998,14.6322],[42.9066,14.6139],[42.9329,14.5967],[42.9455,14.6133]]],[[[42.6923,13.5806],[42.6908,13.5791],[42.6924,13.579],[42.6926,13.5801],[42.6923,13.5806]]],[[[42.7216,13.6109],[42.7265,13.6042],[42.7403,13.6042],[42.7445,13.6317],[42.7216,13.6109]]],[[[42.6937,13.6292],[42.6951,13.628],[42.6964,13.6303],[42.6941,13.6305],[42.6937,13.6292]]],[[[42.7806,13.6369],[42.7806,13.6385],[42.7795,13.6367],[42.7798,13.6368],[42.7806,13.6369]]],[[[42.7478,13.6363],[42.7488,13.6394],[42.7468,13.6397],[42.7456,13.6372],[42.7478,13.6363]]],[[[42.5975,13.6415],[42.5974,13.6438],[42.596,13.6433],[42.596,13.6422],[42.5975,13.6415]]],[[[42.752,13.6471],[42.7549,13.654],[42.7492,13.6539],[42.744,13.6444],[42.752,13.6471]]],[[[42.753,13.6799],[42.7506,13.6802],[42.7502,13.6783],[42.7511,13.6771],[42.753,13.6799]]],[[[42.7372,13.68],[42.7833,13.7735],[42.709,13.7353],[42.6746,13.6507],[42.7372,13.68]]],[[[42.7553,13.7754],[42.7569,13.777],[42.7562,13.7772],[42.7547,13.7756],[42.7553,13.7754]]],[[[42.7907,13.787],[42.7858,13.7919],[42.7849,13.7843],[42.7894,13.7818],[42.7907,13.787]]],[[[42.7801,13.8648],[42.7762,13.8402],[42.7944,13.8471],[42.8089,13.8733],[42.7801,13.8648]]],[[[42.7146,13.8806],[42.7155,13.8819],[42.7141,13.8811],[42.7128,13.8808],[42.7146,13.8806]]],[[[42.7161,13.8852],[42.7115,13.887],[42.7099,13.885],[42.7103,13.8826],[42.7105,13.885],[42.7124,13.8859],[42.7161,13.8852]]],[[[42.7193,13.9558],[42.7164,13.9579],[42.711,13.9469],[42.7158,13.9418],[42.7193,13.9558]]],[[[42.6975,13.9537],[42.6985,13.9542],[42.6988,13.9564],[42.6975,13.9591],[42.6975,13.9537]]],[[[42.7947,14.0295],[42.7643,14.0696],[42.6759,14.0047],[42.7768,13.9065],[42.7947,14.0295]]],[[[42.6952,14.0281],[42.694,14.0298],[42.6921,14.0287],[42.6924,14.0281],[42.6952,14.0281]]],[[[42.7617,14.0841],[42.7585,14.0881],[42.7577,14.0872],[42.758,14.0843],[42.7617,14.0841]]],[[[42.8125,13.626],[42.812,13.6242],[42.8131,13.624],[42.8138,13.6251],[42.8125,13.626]]],[[[42.8027,13.6639],[42.8025,13.6653],[42.8007,13.6647],[42.8012,13.6632],[42.8027,13.6639]]],[[[42.808,13.6653],[42.808,13.6659],[42.8067,13.6655],[42.8075,13.6648],[42.808,13.6653]]],[[[42.796,13.7096],[42.7914,13.7163],[42.7898,13.713],[42.7903,13.7083],[42.796,13.7096]]],[[[42.8114,13.7115],[42.8062,13.7181],[42.8045,13.7107],[42.8076,13.7098],[42.8114,13.7115]]],[[[42.8385,13.783],[42.8396,13.7845],[42.8344,13.7838],[42.8367,13.7827],[42.8385,13.783]]],[[[42.8067,13.7921],[42.8068,13.7908],[42.8072,13.7928],[42.8045,13.7919],[42.8067,13.7921]]],[[[42.8148,13.8542],[42.8175,13.8633],[42.8157,13.8591],[42.8142,13.8568],[42.8148,13.8542]]],[[[42.823,13.8679],[42.8226,13.8675],[42.8231,13.8676],[42.8235,13.8681],[42.823,13.8679]]],[[[42.8225,13.8707],[42.8229,13.8835],[42.8174,13.8721],[42.8197,13.8669],[42.8225,13.8707]]],[[[42.8119,13.8805],[42.8123,13.8809],[42.8133,13.8827],[42.8106,13.8826],[42.8119,13.8805]]],[[[42.8237,13.8854],[42.8231,13.8853],[42.823,13.8846],[42.8231,13.8845],[42.8237,13.8854]]],[[[42.8127,13.8861],[42.8131,13.8872],[42.8119,13.8854],[42.8124,13.8859],[42.8127,13.8861]]],[[[42.8185,13.8922],[42.8183,13.8922],[42.8166,13.889],[42.8165,13.8879],[42.8185,13.8922]]],[[[42.8133,13.8908],[42.8139,13.8903],[42.8146,13.8917],[42.8139,13.8917],[42.8133,13.8908]]],[[[42.815,14.0792],[42.8136,14.0772],[42.8161,14.0759],[42.8174,14.077],[42.815,14.0792]]],[[[42.8218,14.0761],[42.8229,14.08],[42.8225,14.0818],[42.818,14.0811],[42.8218,14.0761]]],[[[42.6987,13.9646],[42.7006,13.965],[42.7016,13.9681],[42.6987,13.9681],[42.6987,13.9646]]],[[[49.1736,14.5415],[49.1736,14.5409],[49.1734,14.5408],[49.1737,14.5409],[49.1736,14.5415]]],[[[48.3778,13.936],[48.3869,13.9342],[48.3851,13.9404],[48.3782,13.9407],[48.3778,13.936]]],[[[48.4565,13.984],[48.4608,13.9761],[48.4672,13.9814],[48.4624,13.9852],[48.4565,13.984]]],[[[48.3904,13.998],[48.389,13.9972],[48.3902,13.9953],[48.3918,13.9971],[48.3904,13.998]]],[[[44.724,12.771],[44.724,12.7709],[44.7241,12.7709],[44.724,12.771]]],[[[44.9854,12.7937],[44.9864,12.7935],[44.9868,12.7945],[44.9856,12.7946],[44.9854,12.7937]]],[[[45.0109,12.8019],[45.0111,12.8039],[45.009,12.8029],[45.0095,12.8019],[45.0109,12.8019]]],[[[45.0073,12.7539],[45.0068,12.7534],[45.0067,12.7527],[45.0076,12.7532],[45.0073,12.7539]]],[[[43.6161,12.7388],[43.6154,12.7364],[43.6155,12.7363],[43.616,12.737],[43.6161,12.7388]]],[[[53.7083,12.6625],[53.6183,12.6997],[53.51,12.7146],[53.4029,12.6529],[53.3918,12.5476],[53.3104,12.5279],[53.5449,12.3536],[53.6873,12.2954],[54.1451,12.3437],[54.5382,12.5454],[54.1736,12.6656],[54.0986,12.7025],[53.843,12.5961],[53.7083,12.6625]]],[[[53.246,12.1197],[53.2575,12.1126],[53.2834,12.1084],[53.3112,12.1118],[53.246,12.1197]]],[[[53.1753,12.1317],[53.1697,12.1374],[53.1662,12.1317],[53.1753,12.1317]]],[[[53.0274,12.1329],[53.0935,12.1368],[53.051,12.1754],[53.0118,12.1651],[53.0274,12.1329]]],[[[52.371,12.1519],[52.3931,12.1938],[52.207,12.2002],[52.1513,12.229],[52.0607,12.2346],[52.2715,12.1459],[52.371,12.1519]]],[[[53.1506,12.6336],[53.1483,12.635],[53.1451,12.6307],[53.1506,12.6336]]],[[[53.1619,12.6442],[53.1559,12.6457],[53.1581,12.6396],[53.1619,12.6442]]]]},"properties":{"iso3":"YEM"}}
]}